,accident_index,location_easting_osgr,location_northing_osgr,longitude,latitude,police_force,accident_severity,number_of_vehicles,number_of_casualties,date,day_of_week,time,local_authority_district,local_authority_highway,first_road_class,first_road_number,road_type,speed_limit,junction_detail,junction_control,second_road_class,second_road_number,pedestrian_crossing-human_control,pedestrian_crossing-physical_facilities,light_conditions,weather_conditions,road_surface_conditions,special_conditions_at_site,carriageway_hazards,urban_or_rural_area,did_police_officer_attend_scene_of_accident,lsoa_of_accident_location,accident_severity_num,accident_severity_inv,date2,date_original,vehicle_reference_x,vehicle_type,towing_and_articulation,vehicle_manoeuvre,vehicle_location-restricted_lane,junction_location,skidding_and_overturning,hit_object_in_carriageway,vehicle_leaving_carriageway,hit_object_off_carriageway,1st_point_of_impact,was_vehicle_left_hand_drive?,journey_purpose_of_driver,sex_of_driver,age_of_driver,age_band_of_driver,engine_capacity_cc,propulsion_code,age_of_vehicle,driver_imd_decile,driver_home_area_type,vehicle_imd_decile,vehicle_reference_y,casualty_reference,casualty_class,sex_of_casualty,age_of_casualty,age_band_of_casualty,casualty_severity,pedestrian_location,pedestrian_movement,car_passenger,bus_or_coach_passenger,pedestrian_road_maintenance_worker,casualty_type,casualty_home_area_type,casualty_imd_decile,accident_year_x,accident_reference_x,local_authority_ons_district,pedestrian_crossing_human_control,pedestrian_crossing_physical_facilities,trunk_road_flag,accident_year_y,accident_reference_y,vehicle_direction_from,vehicle_direction_to,vehicle_location_restricted_lane,first_point_of_impact,vehicle_left_hand_drive,generic_make_model,accident_year,accident_reference,year,month,severity,hours
2174,201501CW11577,526250.0,182610.0,-0.18142,51.528296,1,Slight,2,1,2015-10-19,Monday,21:15,Westminster,E09000033,3,5,6,30.0,6,2,5,0,0.0,5.0,4,1,1,0,0,1,1,E01004701,3,1,19/10/2015,19/10/2015,1,3,0,18,0.0,8,0,0,0,0,1.0,1.0,6,Male,27,26 - 35,-1,-1,-1,-1,1,-1.0,1,1,1,1,27,6,3,0,0,0,0,0,3,1,8,,,,,,,,,,,,,,,,,2015,10,1,21
2181,201501CW11585,527610.0,181870.0,-0.162094,51.52134,1,Slight,2,1,2015-10-21,Wednesday,04:53,Westminster,E09000033,3,501,3,30.0,3,4,6,0,0.0,0.0,5,2,2,0,0,1,1,E01004662,3,1,21/10/2015,21/10/2015,1,9,0,7,0.0,8,0,0,0,0,4.0,1.0,6,Male,22,21 - 25,1995,2,7,-1,1,-1.0,2,1,1,1,34,6,3,0,0,0,0,0,3,1,5,,,,,,,,,,,,,,,,,2015,10,1,4
2187,201501CW11593,528990.0,181290.0,-0.142426,51.515815,1,Slight,1,1,2015-10-18,Sunday,01:00,Westminster,E09000033,3,4201,6,30.0,6,4,6,0,0.0,0.0,4,1,1,0,0,1,1,E01033595,3,1,18/10/2015,18/10/2015,1,8,0,18,0.0,8,0,0,0,0,4.0,1.0,6,Male,35,26 - 35,1968,2,7,-1,1,-1.0,1,1,3,2,23,5,3,6,9,0,0,2,0,1,9,,,,,,,,,,,,,,,,,2015,10,1,1
2188,201501CW11594,524920.0,182150.0,-0.200746,51.524457,1,Slight,2,2,2015-10-23,Friday,21:20,Westminster,E09000033,5,0,6,30.0,0,-1,-1,0,0.0,0.0,4,1,1,0,0,1,1,E01004675,3,1,23/10/2015,23/10/2015,1,9,0,6,0.0,0,0,0,0,0,3.0,1.0,6,Male,30,26 - 35,1242,1,3,-1,1,-1.0,1,2,2,1,18,4,3,0,0,1,0,0,9,1,2,,,,,,,,,,,,,,,,,2015,10,2,21
2195,201501CW11603,525580.0,181720.0,-0.19139,51.520447,1,Serious,2,1,2015-10-23,Friday,22:40,Westminster,E09000033,3,404,6,30.0,6,4,3,404,0.0,4.0,4,1,1,0,0,1,1,E01032512,2,2,23/10/2015,23/10/2015,1,3,0,18,0.0,8,0,0,0,0,1.0,1.0,1,Male,27,26 - 35,125,1,4,-1,-1,-1.0,1,1,1,1,27,6,2,0,0,0,0,0,3,-1,-1,,,,,,,,,,,,,,,,,2015,10,2,22
2215,201501CW11632,526140.0,183520.0,-0.182679,51.536499,1,Slight,1,1,2015-10-28,Wednesday,20:01,Westminster,E09000033,4,507,6,30.0,0,-1,-1,0,0.0,0.0,7,9,1,0,0,1,1,E01004646,3,1,28/10/2015,28/10/2015,1,3,0,4,0.0,0,0,0,0,0,0.0,1.0,6,Male,24,21 - 25,-1,-1,-1,-1,1,-1.0,1,1,1,1,24,5,3,0,0,0,0,0,3,1,6,,,,,,,,,,,,,,,,,2015,10,1,20
2217,201501CW11634,529910.0,181030.0,-0.129271,51.513268,1,Serious,1,2,2015-10-31,Saturday,20:05,Westminster,E09000033,3,400,6,30.0,6,2,3,401,0.0,5.0,4,1,1,0,0,1,1,E01004763,2,2,31/10/2015,31/10/2015,1,3,0,18,0.0,8,0,0,0,0,1.0,1.0,6,Male,22,21 - 25,114,1,1,-1,1,-1.0,1,1,1,1,22,5,3,0,0,0,0,0,3,1,1,,,,,,,,,,,,,,,,,2015,10,4,20
2220,201501CW11643,529690.0,180340.0,-0.132693,51.507117,1,Slight,2,2,2015-10-31,Saturday,02:25,Westminster,E09000033,3,4,6,30.0,6,4,3,4,0.0,4.0,4,1,1,0,0,1,1,E01004736,3,1,31/10/2015,31/10/2015,1,8,0,18,0.0,8,0,0,0,0,4.0,1.0,1,Male,28,26 - 35,1797,8,5,-1,1,-1.0,1,1,1,1,28,6,3,0,0,0,0,0,8,1,3,,,,,,,,,,,,,,,,,2015,10,2,2
2242,201501CW11667,525960.0,181280.0,-0.186074,51.516408,1,Slight,2,1,2015-05-11,Monday,18:01,Westminster,E09000033,3,4206,6,30.0,3,4,6,0,0.0,0.0,4,1,1,0,0,1,1,E01004696,3,1,05/11/2015,05/11/2015,1,3,0,18,0.0,8,0,0,0,0,1.0,1.0,6,Male,18,16 - 20,-1,-1,-1,-1,1,-1.0,1,1,1,1,18,4,3,0,0,0,0,0,3,1,3,,,,,,,,,,,,,,,,,2015,5,1,18
2270,201501CW11700,527650.0,181320.0,-0.161716,51.516389,1,Slight,1,1,2015-11-14,Saturday,19:25,Westminster,E09000033,5,0,6,30.0,6,2,5,0,0.0,5.0,4,1,1,0,0,1,1,E01004663,3,1,14/11/2015,14/11/2015,1,8,0,9,0.0,8,0,0,0,0,1.0,1.0,6,Male,23,21 - 25,1797,8,4,-1,1,-1.0,1,1,3,2,62,9,3,4,1,0,0,2,0,-1,-1,,,,,,,,,,,,,,,,,2015,11,1,19
2281,201501CW11712,526970.0,180990.0,-0.17163,51.513576,1,Slight,2,1,2015-11-16,Monday,20:55,Westminster,E09000033,5,0,6,30.0,6,4,5,0,0.0,0.0,4,1,1,0,0,1,1,E01004683,3,1,16/11/2015,16/11/2015,1,3,0,18,0.0,8,0,0,0,0,1.0,1.0,6,Male,21,21 - 25,124,1,3,-1,1,-1.0,1,1,1,1,21,5,3,0,0,0,0,0,3,1,1,,,,,,,,,,,,,,,,,2015,11,1,20
2295,201501CW11727,527410.0,181580.0,-0.165079,51.518779,1,Slight,1,1,2015-11-18,Wednesday,20:16,Westminster,E09000033,5,0,6,30.0,6,4,6,0,0.0,0.0,4,1,1,0,0,1,1,E01004663,3,1,18/11/2015,18/11/2015,1,8,0,9,0.0,8,0,0,0,0,1.0,1.0,1,Male,24,21 - 25,1797,8,5,-1,1,-1.0,1,1,3,1,64,9,3,5,3,0,0,2,0,1,7,,,,,,,,,,,,,,,,,2015,11,1,20
2300,201501CW11735,526720.0,182070.0,-0.174843,51.523338,1,Slight,1,1,2015-11-19,Thursday,19:00,Westminster,E09000033,6,0,6,30.0,3,4,3,5,0.0,0.0,4,1,1,0,0,1,2,E01033598,3,1,19/11/2015,19/11/2015,1,3,0,7,0.0,8,0,0,0,0,3.0,1.0,1,Male,25,21 - 25,108,1,-1,-1,1,-1.0,1,1,1,1,25,5,3,0,0,0,0,0,3,1,2,,,,,,,,,,,,,,,,,2015,11,1,19
2315,201501CW11754,528710.0,178770.0,-0.147378,51.493232,1,Serious,2,1,2015-11-19,Thursday,21:20,Westminster,E09000033,3,3214,6,30.0,0,-1,-1,0,0.0,0.0,4,1,1,0,0,1,1,E01004750,2,2,19/11/2015,19/11/2015,1,8,0,2,0.0,0,0,0,0,0,3.0,1.0,6,Male,25,21 - 25,-1,-1,-1,-1,1,-1.0,2,1,1,1,42,7,2,0,0,0,0,0,1,1,6,,,,,,,,,,,,,,,,,2015,11,2,21
2327,201501CW11772,527480.0,181260.0,-0.164187,51.515888,1,Slight,2,2,2015-11-14,Saturday,22:18,Westminster,E09000033,3,5,6,30.0,6,2,3,5,0.0,5.0,4,2,2,0,0,1,2,E01004686,3,1,14/11/2015,14/11/2015,1,9,0,18,0.0,8,0,0,0,0,1.0,1.0,6,Male,21,21 - 25,1395,1,1,-1,1,-1.0,1,1,1,1,21,5,3,0,0,0,0,0,9,1,3,,,,,,,,,,,,,,,,,2015,11,2,22
2336,201501CW11781,527390.0,180900.0,-0.165613,51.512673,1,Slight,2,1,2015-11-26,Thursday,18:45,Westminster,E09000033,3,402,6,30.0,0,-1,-1,0,0.0,0.0,4,1,1,0,0,1,2,E01004680,3,1,26/11/2015,26/11/2015,1,3,0,13,0.0,0,0,0,0,0,4.0,1.0,6,Male,32,26 - 35,124,1,4,-1,1,-1.0,1,1,1,1,32,6,3,0,0,0,0,0,3,1,8,,,,,,,,,,,,,,,,,2015,11,1,18
2338,201501CW11783,529480.0,180650.0,-0.135603,51.509951,1,Slight,2,1,2015-11-29,Sunday,00:12,Westminster,E09000033,3,4201,6,30.0,0,-1,-1,0,0.0,0.0,4,1,1,0,0,1,1,E01033595,3,1,29/11/2015,29/11/2015,1,3,0,18,0.0,0,0,0,0,0,2.0,1.0,6,Male,32,26 - 35,124,1,3,-1,1,-1.0,1,1,1,1,32,6,3,0,0,0,0,0,3,1,2,,,,,,,,,,,,,,,,,2015,11,1,0
2339,201501CW11784,528600.0,182090.0,-0.147752,51.523093,1,Slight,1,1,2015-11-28,Saturday,19:00,Westminster,E09000033,3,4201,6,30.0,0,-1,-1,0,0.0,0.0,4,5,2,0,0,1,1,E01004716,3,1,28/11/2015,28/11/2015,1,3,0,17,0.0,0,1,0,0,0,1.0,1.0,6,Male,30,26 - 35,125,1,11,-1,1,-1.0,1,1,1,1,30,6,3,0,0,0,0,0,3,1,5,,,,,,,,,,,,,,,,,2015,11,1,19
2351,201501CW11797,529430.0,177890.0,-0.137335,51.48516,1,Slight,2,3,2015-11-29,Sunday,20:43,Westminster,E09000033,3,3212,6,30.0,3,4,3,3212,0.0,1.0,4,5,2,0,0,1,1,E01004738,3,1,29/11/2015,29/11/2015,1,9,0,18,0.0,8,0,0,0,0,1.0,1.0,6,Male,31,26 - 35,2143,12,-1,-1,1,-1.0,1,1,1,1,31,6,3,0,0,0,0,0,9,1,2,,,,,,,,,,,,,,,,,2015,11,3,20
2379,201501CW11832,529470.0,179960.0,-0.136,51.503753,1,Slight,2,1,2015-05-12,Tuesday,23:25,Westminster,E09000033,5,0,6,30.0,3,2,6,0,0.0,5.0,4,4,2,0,0,1,1,E01004736,3,1,05/12/2015,05/12/2015,1,8,0,18,0.0,8,0,0,0,0,4.0,1.0,1,Male,35,26 - 35,2199,2,5,-1,1,-1.0,2,1,2,2,29,6,3,0,0,2,0,0,8,1,3,,,,,,,,,,,,,,,,,2015,5,1,23
2383,201501CW11836,528480.0,179630.0,-0.150376,51.501013,1,Serious,2,1,2015-06-12,Friday,18:28,Westminster,E09000033,3,302,6,30.0,0,-1,-1,0,0.0,0.0,4,5,2,0,0,1,1,E01004690,2,2,06/12/2015,06/12/2015,1,9,0,15,0.0,0,0,0,0,0,0.0,1.0,6,Male,31,26 - 35,1598,1,5,-1,1,-1.0,2,1,1,1,28,6,2,0,0,0,0,0,1,1,2,,,,,,,,,,,,,,,,,2015,6,2,18
2385,201501CW11839,526450.0,181560.0,-0.178915,51.518815,1,Slight,1,1,2015-06-12,Friday,23:30,Westminster,E09000033,3,4206,6,30.0,3,4,6,0,0.0,0.0,4,2,2,0,0,1,1,E01004681,3,1,06/12/2015,06/12/2015,1,9,0,18,0.0,8,0,0,0,0,1.0,1.0,6,Male,26,26 - 35,-1,-1,-1,-1,1,-1.0,1,1,3,1,23,5,3,5,1,0,0,2,0,1,6,,,,,,,,,,,,,,,,,2015,6,1,23
2392,201501CW11851,529260.0,179580.0,-0.139164,51.500386,1,Slight,2,1,2015-05-12,Tuesday,18:40,Westminster,E09000033,5,0,6,30.0,3,4,5,0,0.0,4.0,1,1,1,0,0,1,2,E01004736,3,1,05/12/2015,05/12/2015,1,8,0,7,0.0,8,0,0,0,0,3.0,1.0,6,Male,35,26 - 35,1797,8,3,-1,1,-1.0,1,1,1,1,35,6,3,0,0,0,0,0,8,1,2,,,,,,,,,,,,,,,,,2015,5,1,18
2395,201501CW11854,530080.0,180420.0,-0.127047,51.507747,1,Slight,2,1,2015-11-12,Thursday,00:01,Westminster,E09000033,3,4,6,30.0,1,2,3,4,0.0,5.0,4,1,1,0,0,1,2,E01004736,3,1,11/12/2015,11/12/2015,1,8,0,3,0.0,8,0,0,0,0,2.0,2.0,1,Male,33,26 - 35,-1,-1,-1,-1,1,-1.0,1,1,1,1,33,6,3,0,0,0,0,0,8,1,4,,,,,,,,,,,,,,,,,2015,11,1,0
2396,201501CW11855,529680.0,180340.0,-0.132837,51.50712,1,Slight,2,1,2015-11-27,Friday,19:48,Westminster,E09000033,3,4,6,30.0,6,4,3,4,0.0,1.0,4,2,2,0,0,1,2,E01004736,3,1,27/11/2015,27/11/2015,1,3,0,9,0.0,8,0,0,0,0,4.0,1.0,6,Male,26,26 - 35,125,1,1,-1,1,-1.0,1,1,1,1,26,6,3,0,0,0,0,0,3,1,2,,,,,,,,,,,,,,,,,2015,11,1,19
2397,201501CW11857,527470.0,181250.0,-0.164334,51.5158,1,Slight,3,1,2015-07-12,Sunday,19:40,Westminster,E09000033,3,5,6,30.0,3,2,3,5,0.0,5.0,4,1,1,0,0,1,1,E01004686,3,1,07/12/2015,07/12/2015,1,9,0,3,0.0,8,0,0,0,0,4.0,1.0,6,Female,25,21 - 25,2979,1,-1,-1,1,-1.0,2,1,1,1,36,7,3,0,0,0,0,0,1,1,3,,,,,,,,,,,,,,,,,2015,7,1,19
2405,201501CW11867,528140.0,180510.0,-0.154953,51.508998,1,Slight,2,1,2015-08-12,Wednesday,22:50,Westminster,E09000033,3,4202,6,30.0,3,4,6,0,0.0,0.0,4,1,1,0,0,1,1,E01004689,3,1,08/12/2015,08/12/2015,1,9,0,7,0.0,8,0,0,0,0,4.0,1.0,6,Male,33,26 - 35,2720,2,6,-1,1,-1.0,2,1,1,2,26,6,3,0,0,0,0,0,1,1,2,,,,,,,,,,,,,,,,,2015,8,1,22
2407,201501CW11869,528190.0,179060.0,-0.154759,51.495956,1,Slight,1,1,2015-08-12,Wednesday,23:50,Westminster,E09000033,6,0,2,30.0,6,4,6,0,0.0,0.0,6,1,1,0,0,1,1,E01004687,3,1,08/12/2015,08/12/2015,1,8,0,18,0.0,8,0,0,0,0,1.0,1.0,1,Male,28,26 - 35,1997,2,1,-1,1,-1.0,1,1,3,1,52,8,3,5,1,0,0,2,0,1,4,,,,,,,,,,,,,,,,,2015,8,1,23
2412,201501CW11876,528350.0,179210.0,-0.152401,51.497268,1,Slight,2,1,2015-09-12,Saturday,19:31,Westminster,E09000033,6,0,6,30.0,6,4,4,310,0.0,0.0,4,1,1,0,0,1,1,E01004691,3,1,09/12/2015,09/12/2015,1,9,0,18,0.0,8,0,0,0,0,1.0,1.0,6,Male,26,26 - 35,1685,2,1,-1,1,-1.0,2,1,1,1,32,6,3,0,0,0,0,0,1,1,3,,,,,,,,,,,,,,,,,2015,9,1,19
2422,201501CW11888,529970.0,178980.0,-0.129161,51.494831,1,Serious,2,1,2015-10-12,Monday,21:38,Westminster,E09000033,4,323,6,30.0,6,2,4,326,0.0,5.0,4,2,2,0,0,1,1,E01004743,2,2,10/12/2015,10/12/2015,1,3,0,18,0.0,8,0,0,0,0,1.0,1.0,6,Male,22,21 - 25,125,1,4,-1,1,-1.0,1,1,1,1,22,5,2,0,0,0,0,0,3,1,3,,,,,,,,,,,,,,,,,2015,10,2,21
2428,201501CW11894,527090.0,183370.0,-0.169044,51.534938,1,Slight,1,1,2015-12-12,Saturday,18:00,Westminster,E09000033,6,0,6,30.0,3,4,6,0,0.0,0.0,4,1,1,0,0,1,1,E01004724,3,1,12/12/2015,12/12/2015,1,8,0,9,0.0,8,0,0,0,0,3.0,1.0,6,Male,26,26 - 35,1797,8,5,-1,1,-1.0,1,1,3,2,30,6,3,5,3,0,0,2,0,-1,-1,,,,,,,,,,,,,,,,,2015,12,1,18
2433,201501CW11901,527810.0,181790.0,-0.159241,51.520576,1,Serious,2,1,2015-12-16,Wednesday,00:01,Westminster,E09000033,3,41,6,30.0,6,2,6,0,0.0,5.0,4,2,2,0,0,1,1,E01004662,2,2,16/12/2015,16/12/2015,1,90,0,4,0.0,1,0,0,0,0,2.0,1.0,6,Male,35,26 - 35,-1,-1,-1,-1,1,-1.0,2,1,1,1,21,5,2,0,0,0,0,0,3,1,1,,,,,,,,,,,,,,,,,2015,12,2,0
2435,201501CW11904,526340.0,181460.0,-0.180535,51.517941,1,Slight,1,2,2015-12-15,Tuesday,19:10,Westminster,E09000033,3,4206,6,30.0,3,4,3,4205,0.0,4.0,4,2,2,0,0,1,1,E01004681,3,1,15/12/2015,15/12/2015,1,3,0,18,0.0,8,0,0,0,0,1.0,1.0,6,Male,18,16 - 20,124,1,-1,-1,1,-1.0,1,1,1,1,18,4,3,0,0,0,0,0,3,1,1,,,,,,,,,,,,,,,,,2015,12,2,19
2453,201501CW11926,524550.0,182340.0,-0.206009,51.526247,1,Slight,2,1,2015-12-19,Saturday,20:00,Westminster,E09000033,3,404,6,30.0,3,4,6,0,0.0,0.0,4,1,1,0,0,1,1,E01004679,3,1,19/12/2015,19/12/2015,1,9,0,9,0.0,8,0,0,0,0,1.0,1.0,6,Female,23,21 - 25,1149,1,12,-1,1,-1.0,2,1,1,1,31,6,3,0,0,0,0,0,2,-1,-1,,,,,,,,,,,,,,,,,2015,12,1,20
2454,201501CW11927,529460.0,179950.0,-0.136148,51.503665,1,Slight,2,3,2015-12-19,Saturday,05:54,Westminster,E09000033,5,0,6,30.0,3,2,6,0,0.0,5.0,4,1,1,0,0,1,1,E01004736,3,1,19/12/2015,19/12/2015,1,9,0,18,0.0,8,0,0,0,0,4.0,1.0,6,Male,26,26 - 35,1984,1,5,-1,1,-1.0,1,1,2,1,29,6,3,0,0,2,0,0,9,1,5,,,,,,,,,,,,,,,,,2015,12,3,5
2462,201501CW11935,526340.0,181780.0,-0.180421,51.520817,1,Slight,2,1,2015-12-13,Sunday,03:00,Westminster,E09000033,5,0,6,30.0,3,4,3,404,0.0,0.0,4,2,2,0,0,1,2,E01004702,3,1,13/12/2015,13/12/2015,1,9,0,18,0.0,8,0,0,0,0,2.0,1.0,1,Male,26,26 - 35,1339,8,3,-1,1,-1.0,1,1,1,1,26,6,3,0,0,0,0,0,9,1,2,,,,,,,,,,,,,,,,,2015,12,1,3
2484,201501CW11963,527240.0,181500.0,-0.167557,51.518099,1,Slight,2,6,2015-12-29,Tuesday,01:20,Westminster,E09000033,3,5,6,30.0,6,2,3,501,0.0,5.0,4,2,2,0,0,1,1,E01004684,3,1,29/12/2015,29/12/2015,1,9,0,18,0.0,8,0,0,0,0,1.0,1.0,6,Male,27,26 - 35,1242,1,2,-1,1,-1.0,1,1,2,2,47,8,3,0,0,1,0,0,9,-1,-1,,,,,,,,,,,,,,,,,2015,12,6,1
2491,201501CW11972,527880.0,179580.0,-0.159034,51.5007,1,Slight,2,1,2015-12-14,Monday,21:30,Kensington and Chelsea,E09000020,6,0,2,30.0,0,-1,-1,0,0.0,0.0,7,9,1,0,0,1,2,E01002818,3,1,14/12/2015,14/12/2015,1,9,0,18,0.0,0,0,0,0,0,1.0,1.0,1,Male,31,26 - 35,-1,-1,-1,-1,1,-1.0,1,1,1,1,31,6,3,0,0,0,0,0,9,1,10,,,,,,,,,,,,,,,,,2015,12,1,21
2512,201501EK40008,529700.0,184840.0,-0.130894,51.547555,1,Slight,1,1,2015-01-13,Tuesday,20:15,Camden,E09000007,3,503,6,30.0,0,-1,-1,0,0.0,0.0,4,8,2,0,0,1,1,E01000869,3,1,13/01/2015,13/01/2015,1,4,0,18,2.0,0,0,0,0,0,4.0,1.0,6,Male,33,26 - 35,865,1,1,-1,1,-1.0,1,1,1,1,33,6,3,0,0,0,0,0,4,1,9,,,,,,,,,,,,,,,,,2015,1,1,20
2522,201501EK40026,525510.0,184540.0,-0.191395,51.545806,1,Slight,2,1,2015-01-16,Friday,19:35,Camden,E09000007,4,510,6,30.0,3,4,6,0,0.0,0.0,4,8,2,0,0,1,1,E01000968,3,1,16/01/2015,16/01/2015,1,9,0,9,0.0,8,0,0,0,0,3.0,1.0,6,Male,32,26 - 35,1596,1,13,-1,1,-1.0,2,1,1,1,29,6,3,0,0,0,0,0,4,1,3,,,,,,,,,,,,,,,,,2015,1,1,19
2537,201501EK40048,529190.0,183560.0,-0.138714,51.536169,1,Slight,2,1,2015-01-23,Friday,20:45,Camden,E09000007,5,0,6,30.0,6,2,6,0,0.0,5.0,4,1,2,0,0,1,1,E01000947,3,1,23/01/2015,23/01/2015,1,9,0,3,0.0,1,0,0,0,0,3.0,1.0,6,Male,30,26 - 35,2979,1,13,-1,-1,-1.0,1,1,1,1,30,6,3,0,0,0,0,0,9,-1,-1,,,,,,,,,,,,,,,,,2015,1,1,20
2543,201501EK40054,526310.0,184700.0,-0.179807,51.547065,1,Slight,2,1,2015-01-26,Monday,19:15,Camden,E09000007,3,41,6,30.0,0,-1,-1,0,0.0,5.0,4,1,1,0,0,1,2,E01000972,3,1,26/01/2015,26/01/2015,1,5,0,18,0.0,0,0,8,0,0,1.0,1.0,6,Male,28,26 - 35,660,1,7,-1,1,-1.0,1,1,1,1,28,6,3,0,0,0,0,0,5,1,5,,,,,,,,,,,,,,,,,2015,1,1,19
2547,201501EK40062,529170.0,183060.0,-0.139185,51.53168,1,Slight,1,1,2015-01-21,Wednesday,18:00,Camden,E09000007,3,400,3,40.0,3,2,5,0,0.0,5.0,4,1,1,0,0,1,1,E01000950,3,1,21/01/2015,21/01/2015,1,3,0,18,0.0,1,0,10,4,0,3.0,1.0,2,Male,31,26 - 35,125,1,1,-1,1,-1.0,1,1,1,1,31,6,3,0,0,0,0,0,3,1,3,,,,,,,,,,,,,,,,,2015,1,1,18
2548,201501EK40063,529320.0,183630.0,-0.136815,51.536768,1,Slight,2,1,2015-01-29,Thursday,20:40,Camden,E09000007,3,400,6,30.0,6,2,6,0,0.0,5.0,4,1,1,0,0,1,1,E01000959,3,1,29/01/2015,29/01/2015,1,9,0,5,0.0,8,0,0,0,0,1.0,1.0,2,Male,32,26 - 35,1798,1,5,-1,1,-1.0,2,1,1,2,19,4,3,0,0,0,0,0,1,1,2,,,,,,,,,,,,,,,,,2015,1,1,20
2550,201501EK40065,529610.0,183510.0,-0.13268,51.535623,1,Slight,2,1,2015-01-27,Tuesday,19:30,Camden,E09000007,3,5202,6,30.0,3,2,3,5202,0.0,5.0,4,1,1,0,0,1,2,E01000958,3,1,27/01/2015,27/01/2015,1,3,0,18,0.0,1,0,0,0,0,4.0,1.0,6,Male,34,26 - 35,499,1,8,-1,1,-1.0,1,1,1,1,34,6,3,0,0,0,0,0,3,1,3,,,,,,,,,,,,,,,,,2015,1,1,19
2552,201501EK40067,526780.0,185560.0,-0.172722,51.554689,1,Slight,2,2,2015-01-31,Saturday,20:00,Camden,E09000007,3,502,6,30.0,3,4,6,0,0.0,1.0,4,1,1,0,0,1,1,E01000896,3,1,31/01/2015,31/01/2015,1,2,0,13,0.0,8,0,0,0,0,1.0,1.0,1,Male,17,16 - 20,124,1,5,-1,1,-1.0,1,1,1,1,17,4,3,0,0,0,0,0,2,1,2,,,,,,,,,,,,,,,,,2015,1,2,20
2557,201501EK40072,529790.0,182540.0,-0.130443,51.526865,1,Slight,2,1,2015-01-02,Friday,19:35,Camden,E09000007,3,4200,6,30.0,3,4,6,0,0.0,0.0,4,1,1,0,0,1,1,E01000852,3,1,01/02/2015,01/02/2015,1,3,0,14,0.0,1,0,0,0,0,1.0,1.0,2,Male,21,21 - 25,124,1,5,-1,1,-1.0,1,1,1,1,21,5,3,0,0,0,0,0,3,1,6,,,,,,,,,,,,,,,,,2015,1,1,19
2563,201501EK40079,525470.0,183810.0,-0.192231,51.539254,1,Slight,2,1,2015-03-02,Monday,22:05,Camden,E09000007,6,0,6,30.0,3,4,6,0,0.0,0.0,4,1,1,0,0,1,1,E01000933,3,1,03/02/2015,03/02/2015,1,3,0,18,0.0,1,1,4,0,0,1.0,1.0,6,Male,21,21 - 25,125,1,2,-1,1,-1.0,1,1,1,1,21,5,3,0,0,0,0,0,3,1,6,,,,,,,,,,,,,,,,,2015,3,1,22
2566,201501EK40082,526770.0,184120.0,-0.173385,51.54175,1,Slight,2,1,2015-01-02,Friday,18:20,Camden,E09000007,4,509,6,30.0,6,2,4,525,0.0,5.0,4,1,1,0,0,1,1,E01000963,3,1,01/02/2015,01/02/2015,1,9,0,5,0.0,8,0,0,0,0,1.0,1.0,6,Female,32,26 - 35,1598,1,14,-1,1,-1.0,2,1,1,1,-1,-1,3,0,0,0,0,0,3,-1,-1,,,,,,,,,,,,,,,,,2015,1,1,18
2574,201501EK40093,529230.0,182330.0,-0.138588,51.525106,1,Slight,2,1,2015-07-02,Thursday,04:09,Camden,E09000007,3,501,3,50.0,6,2,3,400,0.0,5.0,4,1,1,0,0,1,1,E01000946,3,1,07/02/2015,07/02/2015,1,9,0,18,0.0,1,0,0,0,0,1.0,1.0,2,Male,29,26 - 35,2143,2,4,-1,1,-1.0,1,1,1,1,29,6,3,0,0,0,0,0,9,1,3,,,,,,,,,,,,,,,,,2015,7,1,4
2575,201501EK40095,525300.0,184750.0,-0.194347,51.547739,1,Slight,2,1,2015-07-02,Thursday,20:30,Camden,E09000007,4,520,6,30.0,0,-1,-1,0,0.0,1.0,4,1,1,0,0,1,1,E01000973,3,1,07/02/2015,07/02/2015,1,2,0,18,0.0,0,1,4,0,0,1.0,1.0,1,Male,25,21 - 25,125,1,9,-1,1,-1.0,1,1,1,1,25,5,3,0,0,0,0,0,2,1,5,,,,,,,,,,,,,,,,,2015,7,1,20
2580,201501EK40100,527780.0,184370.0,-0.158738,51.543769,1,Slight,1,1,2015-10-02,Friday,18:05,Camden,E09000007,4,509,6,30.0,0,-1,-1,0,0.0,0.0,4,8,1,0,0,1,1,E01000906,3,1,10/02/2015,10/02/2015,1,9,0,18,0.0,0,1,10,1,10,4.0,1.0,1,Male,19,16 - 20,1364,1,1,-1,1,-1.0,1,1,1,1,19,4,3,0,0,0,0,0,9,1,4,,,,,,,,,,,,,,,,,2015,10,1,18
2599,201501EK40125,529130.0,183960.0,-0.139432,51.539777,1,Slight,1,1,2015-09-02,Wednesday,00:35,Camden,E09000007,3,400,6,30.0,3,4,6,0,0.0,0.0,4,1,1,0,0,1,1,E01000861,3,1,09/02/2015,09/02/2015,1,3,0,9,0.0,8,0,0,0,0,3.0,1.0,6,Male,21,21 - 25,125,1,8,-1,1,-1.0,1,1,1,1,21,5,3,0,0,0,0,0,3,1,2,,,,,,,,,,,,,,,,,2015,9,1,0
2605,201501EK40132,528560.0,183960.0,-0.147646,51.539907,1,Slight,2,1,2015-02-21,Saturday,00:28,Camden,E09000007,5,0,2,20.0,3,4,5,0,0.0,0.0,4,1,1,0,0,1,1,E01000862,3,1,21/02/2015,21/02/2015,1,5,0,18,0.0,1,0,0,0,0,3.0,1.0,2,Male,32,26 - 35,649,1,1,-1,1,-1.0,1,1,1,1,32,6,3,0,0,0,0,0,5,1,5,,,,,,,,,,,,,,,,,2015,2,1,0
2606,201501EK40133,524300.0,185100.0,-0.208637,51.551106,1,Slight,3,1,2015-02-20,Friday,18:55,Brent,E09000005,3,5,6,30.0,3,4,6,0,0.0,0.0,4,1,1,0,0,1,1,E01000558,3,1,20/02/2015,20/02/2015,1,3,0,18,0.0,8,0,0,0,0,1.0,1.0,6,Male,31,26 - 35,-1,-1,-1,-1,1,-1.0,1,1,1,1,31,6,3,0,0,0,0,0,3,1,2,,,,,,,,,,,,,,,,,2015,2,1,18