,accident_index,location_easting_osgr,location_northing_osgr,longitude,latitude,police_force,accident_severity,number_of_vehicles,number_of_casualties,date,day_of_week,time,local_authority_district,local_authority_highway,first_road_class,first_road_number,road_type,speed_limit,junction_detail,junction_control,second_road_class,second_road_number,pedestrian_crossing-human_control,pedestrian_crossing-physical_facilities,light_conditions,weather_conditions,road_surface_conditions,special_conditions_at_site,carriageway_hazards,urban_or_rural_area,did_police_officer_attend_scene_of_accident,lsoa_of_accident_location,accident_severity_num,accident_severity_inv,date2,date_original,vehicle_reference_x,vehicle_type,towing_and_articulation,vehicle_manoeuvre,vehicle_location-restricted_lane,junction_location,skidding_and_overturning,hit_object_in_carriageway,vehicle_leaving_carriageway,hit_object_off_carriageway,1st_point_of_impact,was_vehicle_left_hand_drive?,journey_purpose_of_driver,sex_of_driver,age_of_driver,age_band_of_driver,engine_capacity_cc,propulsion_code,age_of_vehicle,driver_imd_decile,driver_home_area_type,vehicle_imd_decile,vehicle_reference_y,casualty_reference,casualty_class,sex_of_casualty,age_of_casualty,age_band_of_casualty,casualty_severity,pedestrian_location,pedestrian_movement,car_passenger,bus_or_coach_passenger,pedestrian_road_maintenance_worker,casualty_type,casualty_home_area_type,casualty_imd_decile,accident_year_x,accident_reference_x,local_authority_ons_district,pedestrian_crossing_human_control,pedestrian_crossing_physical_facilities,trunk_road_flag,accident_year_y,accident_reference_y,vehicle_direction_from,vehicle_direction_to,vehicle_location_restricted_lane,first_point_of_impact,vehicle_left_hand_drive,generic_make_model,accident_year,accident_reference,year,month,severity,hours
3046,201501EK40697,528210.0,185600.0,-0.152093,51.554725,1,Slight,1,2,2015-10-08,Thursday,19:40,Camden,E09000007,4,518,6,30.0,3,4,5,0,0.0,4.0,1,1,1,0,0,1,1,E01000886,3,1,10/08/2015,10/08/2015,1,9,0,18,0.0,1,0,0,0,0,1.0,1.0,6,Female,29,26 - 35,998,1,7,-1,1,-1.0,1,1,3,2,21,5,3,1,3,0,0,2,0,1,4,,,,,,,,,,,,,,,,,2015,10,2,19
3050,201501EK40701,530570.0,181390.0,-0.119632,51.516351,1,Slight,2,1,2015-11-08,Sunday,20:38,Camden,E09000007,3,4200,3,30.0,6,2,3,4200,0.0,5.0,4,1,2,0,0,1,1,E01000918,3,1,11/08/2015,11/08/2015,1,8,0,9,0.0,8,0,0,0,0,1.0,1.0,1,Male,33,26 - 35,1797,8,5,-1,1,-1.0,2,1,1,1,27,6,3,0,0,0,0,0,1,1,7,,,,,,,,,,,,,,,,,2015,11,1,20
3064,201501EK40719,531350.0,182050.0,-0.108151,51.522101,1,Slight,2,1,2015-08-08,Saturday,19:50,Camden,E09000007,3,5201,6,30.0,6,4,3,5201,0.0,1.0,1,1,1,0,0,1,2,E01002724,3,1,08/08/2015,08/08/2015,1,8,0,3,0.0,1,0,0,0,0,2.0,1.0,1,Male,32,26 - 35,1798,8,3,-1,1,-1.0,1,1,1,1,32,6,3,0,0,0,0,0,8,1,3,,,,,,,,,,,,,,,,,2015,8,1,19
3072,201501EK40730,530070.0,181290.0,-0.126871,51.515568,1,Slight,1,1,2015-08-23,Sunday,19:42,Camden,E09000007,3,401,2,30.0,0,-1,-1,0,0.0,4.0,1,1,1,0,0,1,1,E01000919,3,1,23/08/2015,23/08/2015,1,3,0,16,0.0,0,0,0,0,0,4.0,1.0,1,Male,23,21 - 25,108,1,-1,-1,1,-1.0,1,1,1,1,23,5,3,0,0,0,0,0,3,1,1,,,,,,,,,,,,,,,,,2015,8,1,19
3074,201501EK40732,526450.0,185500.0,-0.177501,51.554223,1,Slight,2,1,2015-08-23,Sunday,21:35,Camden,E09000007,4,511,6,30.0,6,4,6,0,0.0,0.0,4,1,1,0,0,1,1,E01000879,3,1,23/08/2015,23/08/2015,1,5,0,18,0.0,8,0,0,0,0,4.0,1.0,6,Male,20,16 - 20,996,1,15,-1,1,-1.0,1,1,1,1,20,4,3,0,0,0,0,0,5,1,2,,,,,,,,,,,,,,,,,2015,8,1,21
3077,201501EK40735,528530.0,183450.0,-0.148265,51.535331,1,Slight,1,1,2015-08-20,Thursday,02:30,Camden,E09000007,6,0,6,30.0,3,4,6,0,0.0,4.0,4,1,1,0,0,1,1,E01000946,3,1,20/08/2015,20/08/2015,1,9,0,18,9.0,1,0,10,1,2,1.0,1.0,6,Female,29,26 - 35,1329,1,6,-1,1,-1.0,1,1,1,2,29,6,3,0,0,0,0,0,9,1,5,,,,,,,,,,,,,,,,,2015,8,1,2
3089,201501EK40750,529810.0,182520.0,-0.130163,51.526681,1,Slight,2,1,2015-08-27,Thursday,04:55,Camden,E09000007,3,4200,6,30.0,0,-1,-1,0,0.0,0.0,4,1,1,0,0,1,1,E01000852,3,1,27/08/2015,27/08/2015,1,9,0,5,0.0,0,0,0,0,0,3.0,1.0,2,Male,30,26 - 35,1995,2,4,-1,2,-1.0,2,1,1,2,35,6,3,0,0,0,0,0,4,1,3,,,,,,,,,,,,,,,,,2015,8,1,4
3090,201501EK40751,528930.0,183620.0,-0.142438,51.536768,1,Slight,2,1,2015-08-26,Wednesday,21:48,Camden,E09000007,3,503,6,30.0,6,4,6,0,0.0,0.0,4,1,1,0,0,1,1,E01000948,3,1,26/08/2015,26/08/2015,1,3,0,13,0.0,8,0,0,0,0,4.0,1.0,6,Male,23,21 - 25,124,1,2,-1,1,-1.0,1,1,1,1,23,5,3,0,0,0,0,0,3,1,2,,,,,,,,,,,,,,,,,2015,8,1,21
3094,201501EK40756,531140.0,181600.0,-0.111344,51.518106,1,Slight,2,1,2015-08-27,Thursday,18:30,Camden,E09000007,3,40,6,30.0,3,2,3,5200,0.0,5.0,4,1,1,0,0,1,1,E01032740,3,1,27/08/2015,27/08/2015,1,5,0,9,0.0,8,0,0,0,0,4.0,1.0,6,Male,30,26 - 35,-1,-1,-1,-1,1,-1.0,2,1,1,1,30,6,3,0,0,0,0,0,1,1,3,,,,,,,,,,,,,,,,,2015,8,1,18
3105,201501EK40769,529450.0,184540.0,-0.134607,51.544916,1,Slight,1,1,2015-01-09,Friday,19:16,Camden,E09000007,3,503,6,30.0,3,4,6,0,0.0,4.0,4,1,1,0,0,1,1,E01000865,3,1,01/09/2015,01/09/2015,1,9,0,18,0.0,2,0,7,0,0,3.0,1.0,6,Male,29,26 - 35,1598,1,5,-1,1,-1.0,1,1,2,1,4,1,3,0,0,1,0,0,9,1,1,,,,,,,,,,,,,,,,,2015,1,1,19
3108,201501EK40773,529040.0,183800.0,-0.140787,51.53836,1,Slight,1,1,2015-03-09,Monday,18:55,Camden,E09000007,3,503,2,30.0,3,4,6,0,0.0,0.0,1,1,1,0,0,1,1,E01000861,3,1,03/09/2015,03/09/2015,1,9,0,9,0.0,2,0,0,0,0,1.0,1.0,6,Female,32,26 - 35,2199,2,5,-1,-1,-1.0,1,1,3,1,22,5,3,5,1,0,0,2,0,1,2,,,,,,,,,,,,,,,,,2015,3,1,18
3118,201501EK40784,527960.0,184590.0,-0.156064,51.545705,1,Slight,2,2,2015-09-09,Wednesday,18:44,Camden,E09000007,3,502,6,30.0,3,2,5,0,0.0,5.0,4,1,1,0,0,1,1,E01000906,3,1,09/09/2015,09/09/2015,1,9,0,9,0.0,2,0,0,0,0,2.0,1.0,6,Male,26,26 - 35,1995,2,6,-1,1,-1.0,1,1,1,1,26,6,3,0,0,0,0,0,9,1,1,,,,,,,,,,,,,,,,,2015,9,2,18
3137,201501EK40809,529320.0,183640.0,-0.136811,51.536858,1,Slight,2,1,2015-09-16,Wednesday,23:55,Camden,E09000007,3,400,2,20.0,6,2,6,0,0.0,5.0,4,2,2,0,0,1,2,E01000958,3,1,16/09/2015,16/09/2015,1,9,0,18,0.0,1,0,10,7,0,4.0,1.0,6,Male,29,26 - 35,1686,2,8,-1,1,-1.0,1,1,3,1,36,7,3,6,9,0,0,2,0,-1,-1,,,,,,,,,,,,,,,,,2015,9,1,23
3142,201501EK40815,528810.0,183810.0,-0.144098,51.538502,1,Slight,2,1,2015-09-19,Saturday,18:46,Camden,E09000007,3,4201,2,30.0,6,2,6,0,0.0,5.0,1,1,1,0,0,1,1,E01000863,3,1,19/09/2015,19/09/2015,1,9,0,9,0.0,1,0,0,0,0,2.0,1.0,6,Male,28,26 - 35,999,1,3,-1,1,-1.0,1,1,1,1,28,6,3,0,0,0,0,0,9,1,6,,,,,,,,,,,,,,,,,2015,9,1,18
3157,201501EK40834,530050.0,182040.0,-0.126882,51.522312,1,Slight,2,1,2015-09-23,Wednesday,18:10,Camden,E09000007,5,0,6,30.0,3,4,3,4200,0.0,0.0,1,1,1,0,0,1,1,E01000855,3,1,23/09/2015,23/09/2015,1,3,0,18,0.0,8,0,0,0,0,1.0,1.0,6,Male,29,26 - 35,-1,-1,-1,-1,-1,-1.0,1,1,1,1,29,6,3,0,0,0,0,0,3,-1,-1,,,,,,,,,,,,,,,,,2015,9,1,18
3161,201501EK40840,529180.0,184170.0,-0.138634,51.541653,1,Slight,2,1,2015-09-25,Friday,21:37,Camden,E09000007,3,503,6,30.0,6,2,3,5202,0.0,5.0,4,1,1,0,0,1,1,E01000861,3,1,25/09/2015,25/09/2015,1,3,0,18,0.0,2,0,0,0,0,2.0,1.0,6,Male,30,26 - 35,-1,-1,-1,-1,1,-1.0,1,1,1,1,30,6,3,0,0,0,0,0,3,1,5,,,,,,,,,,,,,,,,,2015,9,1,21
3197,201501EK40888,526660.0,184340.0,-0.174891,51.543752,1,Slight,1,1,2015-07-10,Friday,23:12,Camden,E09000007,4,511,6,30.0,3,4,3,41,0.0,4.0,4,1,1,0,0,1,2,E01000844,3,1,07/10/2015,07/10/2015,1,90,0,18,0.0,1,0,0,0,0,4.0,1.0,1,Female,29,26 - 35,2299,2,1,-1,2,-1.0,1,1,3,2,31,6,3,4,1,0,0,2,0,-1,-1,,,,,,,,,,,,,,,,,2015,7,1,23
3200,201501EK40891,529050.0,184010.0,-0.140566,51.540245,1,Slight,1,1,2015-06-10,Wednesday,20:30,Camden,E09000007,3,503,6,20.0,0,-1,-1,0,0.0,4.0,4,1,1,0,0,1,1,E01000856,3,1,06/10/2015,06/10/2015,1,9,0,18,0.0,0,0,0,0,0,1.0,1.0,6,Male,24,21 - 25,2987,2,5,-1,1,-1.0,1,1,3,2,52,8,3,4,4,0,0,2,0,1,2,,,,,,,,,,,,,,,,,2015,6,1,20
3220,201501EK40918,529160.0,183300.0,-0.139241,51.533839,1,Serious,1,1,2015-10-18,Sunday,04:54,Camden,E09000007,3,400,3,30.0,3,4,3,400,0.0,8.0,4,1,1,0,0,1,1,E01000947,2,2,18/10/2015,18/10/2015,1,3,0,14,0.0,1,0,7,0,0,3.0,1.0,6,Male,26,26 - 35,124,1,-1,-1,1,-1.0,1,1,1,1,26,6,2,0,0,0,0,0,3,1,9,,,,,,,,,,,,,,,,,2015,10,2,4
3222,201501EK40920,529640.0,185300.0,-0.131589,51.551703,1,Slight,2,1,2015-09-28,Monday,18:00,Islington,E09000019,3,5200,6,30.0,3,4,6,0,0.0,0.0,4,1,1,0,0,1,2,E01000926,3,1,28/09/2015,28/09/2015,1,3,0,18,0.0,8,0,0,0,0,1.0,1.0,6,Male,29,26 - 35,124,1,4,-1,-1,-1.0,1,1,1,1,29,6,3,0,0,0,0,0,3,-1,-1,,,,,,,,,,,,,,,,,2015,9,1,18
3240,201501EK40942,530220.0,181510.0,-0.124629,51.51751,1,Slight,1,1,2015-10-25,Sunday,01:30,Camden,E09000007,3,40,6,30.0,0,-1,-1,0,0.0,5.0,4,1,2,0,0,1,1,E01000918,3,1,25/10/2015,25/10/2015,1,9,0,18,0.0,0,0,0,0,0,1.0,1.0,6,Male,24,21 - 25,2987,2,8,-1,-1,-1.0,1,1,3,1,32,6,3,4,1,0,0,2,0,1,1,,,,,,,,,,,,,,,,,2015,10,1,1
3245,201501EK40948,530710.0,181560.0,-0.117552,51.517846,1,Slight,2,1,2015-10-26,Monday,19:00,Camden,E09000007,3,40,6,30.0,8,4,6,0,0.0,0.0,4,1,1,0,0,1,1,E01000914,3,1,26/10/2015,26/10/2015,1,3,0,18,0.0,1,0,0,0,0,1.0,1.0,2,Male,22,21 - 25,124,1,5,-1,1,-1.0,1,1,1,1,22,5,3,0,0,0,0,0,3,1,6,,,,,,,,,,,,,,,,,2015,10,1,19
3248,201501EK40955,529480.0,182280.0,-0.135005,51.5246,1,Slight,2,1,2015-10-27,Tuesday,18:05,Camden,E09000007,3,400,6,30.0,3,4,5,0,0.0,4.0,4,1,1,0,0,1,1,E01000854,3,1,27/10/2015,27/10/2015,1,9,0,9,0.0,1,0,0,0,0,3.0,1.0,6,Female,35,26 - 35,1360,1,16,-1,1,-1.0,2,1,1,1,42,7,3,0,0,0,0,0,3,1,2,,,,,,,,,,,,,,,,,2015,10,1,18
3271,201501EK40978,529260.0,184300.0,-0.137434,51.542803,1,Slight,2,3,2015-04-11,Saturday,20:40,Camden,E09000007,3,503,6,30.0,6,2,3,5202,0.0,5.0,4,1,2,0,0,1,1,E01000867,3,1,04/11/2015,04/11/2015,1,9,0,18,0.0,8,1,0,0,0,1.0,1.0,6,Female,31,26 - 35,1598,1,9,-1,1,-1.0,2,1,1,1,21,5,3,0,0,0,0,0,9,1,2,,,,,,,,,,,,,,,,,2015,4,3,20
3275,201501EK40982,529080.0,184050.0,-0.140119,51.540598,1,Slight,1,1,2015-04-11,Saturday,20:00,Camden,E09000007,3,400,2,30.0,6,2,3,503,0.0,5.0,4,2,2,0,0,1,1,E01000856,3,1,04/11/2015,04/11/2015,1,3,0,4,0.0,1,1,0,0,0,0.0,1.0,6,Male,27,26 - 35,108,1,-1,-1,1,-1.0,1,1,1,1,27,6,3,0,0,0,0,0,3,1,3,,,,,,,,,,,,,,,,,2015,4,1,20
3276,201501EK40983,529990.0,182270.0,-0.127662,51.524393,1,Slight,1,1,2015-03-10,Tuesday,20:30,Camden,E09000007,3,4200,6,20.0,0,-1,-1,0,0.0,5.0,4,1,1,0,0,1,1,E01000852,3,1,03/10/2015,03/10/2015,1,9,0,18,0.0,0,0,0,0,0,1.0,1.0,6,Male,24,21 - 25,-1,-1,-1,-1,1,-1.0,1,1,3,1,52,8,3,4,3,0,0,2,0,1,2,,,,,,,,,,,,,,,,,2015,3,1,20
3284,201501EK40999,529090.0,184040.0,-0.139979,51.540505,1,Slight,2,2,2015-11-11,Wednesday,03:07,Camden,E09000007,3,503,6,30.0,6,2,3,400,0.0,5.0,5,1,1,0,0,1,1,E01000856,3,1,11/11/2015,11/11/2015,1,9,0,18,0.0,8,0,0,0,0,4.0,1.0,6,Male,19,16 - 20,1360,1,11,-1,1,-1.0,1,1,1,1,19,4,3,0,0,0,0,0,9,1,3,,,,,,,,,,,,,,,,,2015,11,2,3
3288,201501EK41006,525130.0,185450.0,-0.196548,51.554068,1,Slight,2,1,2015-11-14,Saturday,01:39,Camden,E09000007,4,510,6,30.0,3,4,6,0,0.0,0.0,4,1,1,0,0,1,1,E01000877,3,1,14/11/2015,14/11/2015,1,9,0,16,0.0,2,0,0,0,0,1.0,1.0,6,Male,29,26 - 35,2191,2,1,-1,-1,-1.0,2,1,1,1,29,6,3,0,0,0,0,0,9,1,4,,,,,,,,,,,,,,,,,2015,11,1,1
3311,201501EK41038,528960.0,184570.0,-0.141658,51.545298,1,Slight,2,1,2015-11-22,Sunday,22:40,Camden,E09000007,3,400,6,30.0,3,4,5,0,0.0,5.0,4,1,1,0,0,1,1,E01000927,3,1,22/11/2015,22/11/2015,1,9,0,6,0.0,2,0,0,0,0,2.0,1.0,6,Male,22,21 - 25,1896,2,8,-1,1,-1.0,2,1,1,1,21,5,3,0,0,0,0,0,4,1,3,,,,,,,,,,,,,,,,,2015,11,1,22
3328,201501EK41057,524850.0,184370.0,-0.200968,51.544424,1,Slight,2,1,2015-11-27,Friday,22:50,Brent,E09000005,3,5,6,30.0,3,4,6,0,0.0,0.0,4,1,2,0,0,1,1,E01000931,3,1,27/11/2015,27/11/2015,1,3,0,7,0.0,8,0,0,0,0,3.0,1.0,1,Male,24,21 - 25,125,1,4,-1,1,-1.0,1,1,1,1,24,5,3,0,0,0,0,0,3,1,3,,,,,,,,,,,,,,,,,2015,11,1,22
3331,201501EK41060,529280.0,182260.0,-0.137894,51.524466,1,Slight,2,1,2015-11-29,Sunday,03:35,Camden,E09000007,3,400,2,30.0,3,4,6,0,0.0,5.0,4,1,1,0,0,1,1,E01000854,3,1,29/11/2015,29/11/2015,1,3,0,18,0.0,1,0,0,0,0,3.0,1.0,6,Male,28,26 - 35,125,1,8,-1,1,-1.0,1,1,1,1,28,6,3,0,0,0,0,0,3,1,1,,,,,,,,,,,,,,,,,2015,11,1,3
3333,201501EK41063,530120.0,182100.0,-0.125852,51.522835,1,Slight,2,1,2015-11-28,Saturday,00:36,Camden,E09000007,3,4200,6,30.0,6,2,3,4200,0.0,5.0,4,1,2,0,0,1,1,E01000855,3,1,28/11/2015,28/11/2015,1,9,0,18,0.0,8,0,0,0,0,3.0,1.0,6,Male,33,26 - 35,1798,8,1,-1,-1,-1.0,2,1,1,1,30,6,3,0,0,0,0,0,1,1,3,,,,,,,,,,,,,,,,,2015,11,1,0
3350,201501EK41088,527500.0,184340.0,-0.162785,51.543563,1,Slight,2,1,2015-11-29,Sunday,04:30,Camden,E09000007,4,509,6,30.0,6,2,5,0,0.0,5.0,4,1,1,0,0,1,2,E01000845,3,1,29/11/2015,29/11/2015,1,8,0,3,0.0,1,0,0,0,0,2.0,1.0,1,Male,32,26 - 35,1797,8,5,-1,-1,-1.0,1,1,1,1,32,6,3,0,0,0,0,0,8,-1,-1,,,,,,,,,,,,,,,,,2015,11,1,4
3351,201501EK41089,529760.0,182590.0,-0.130857,51.527321,1,Slight,2,1,2015-06-12,Friday,02:50,Camden,E09000007,3,501,3,30.0,3,2,3,4200,0.0,5.0,4,1,1,0,0,1,1,E01000945,3,1,06/12/2015,06/12/2015,1,9,0,4,0.0,1,0,0,0,0,2.0,1.0,6,Male,21,21 - 25,1984,1,3,-1,1,-1.0,1,1,1,1,21,5,3,0,0,0,0,0,9,1,3,,,,,,,,,,,,,,,,,2015,6,1,2
3361,201501EK41100,529130.0,183970.0,-0.139428,51.539867,1,Slight,2,2,2015-09-12,Saturday,23:20,Camden,E09000007,3,400,6,30.0,3,4,6,0,0.0,0.0,4,1,1,0,0,1,1,E01000861,3,1,09/12/2015,09/12/2015,1,9,0,11,0.0,8,0,0,0,0,2.0,1.0,6,Male,34,26 - 35,1598,2,-1,-1,1,-1.0,1,1,1,1,34,6,3,0,0,0,0,0,9,1,6,,,,,,,,,,,,,,,,,2015,9,2,23
3371,201501EK41112,529080.0,184050.0,-0.140119,51.540598,1,Slight,3,5,2015-12-12,Saturday,22:30,Camden,E09000007,3,400,2,30.0,6,2,3,503,0.0,5.0,4,1,1,0,0,1,1,E01000856,3,1,12/12/2015,12/12/2015,1,9,0,4,0.0,1,0,10,7,2,4.0,1.0,6,Male,22,21 - 25,1598,2,4,-1,1,-1.0,1,1,1,1,22,5,3,0,0,0,0,0,9,1,2,,,,,,,,,,,,,,,,,2015,12,5,22
3373,201501EK41114,529710.0,184850.0,-0.130746,51.547643,1,Slight,2,1,2015-11-10,Tuesday,03:20,Camden,E09000007,3,503,6,30.0,6,2,3,5200,0.0,0.0,4,1,2,0,0,1,2,E01000869,3,1,11/10/2015,11/10/2015,1,8,0,18,0.0,1,0,0,0,0,3.0,1.0,1,Male,33,26 - 35,1598,2,2,-1,1,-1.0,1,1,1,1,33,6,3,0,0,0,0,0,8,1,6,,,,,,,,,,,,,,,,,2015,11,1,3
3375,201501EK41117,528320.0,184620.0,-0.150864,51.545893,1,Slight,2,1,2015-12-13,Sunday,23:33,Camden,E09000007,4,517,6,20.0,7,2,5,0,0.0,5.0,4,1,1,0,0,1,1,E01000905,3,1,13/12/2015,13/12/2015,1,3,0,18,0.0,1,1,0,0,0,0.0,1.0,6,Male,30,26 - 35,125,1,2,-1,1,-1.0,1,1,1,1,30,6,3,0,0,0,0,0,3,1,2,,,,,,,,,,,,,,,,,2015,12,1,23
3406,201501EK41159,530300.0,182950.0,-0.122944,51.530432,1,Slight,1,1,2015-08-15,Saturday,02:00,Camden,E09000007,3,501,3,30.0,0,-1,-1,0,0.0,0.0,4,1,1,0,0,1,2,E01000939,3,1,15/08/2015,15/08/2015,1,9,0,18,0.0,0,0,0,0,0,1.0,1.0,6,Male,31,26 - 35,1600,1,11,-1,1,-1.0,1,1,3,1,-1,-1,3,5,2,0,0,2,0,-1,-1,,,,,,,,,,,,,,,,,2015,8,1,2
3407,201501EK41160,524410.0,184970.0,-0.207098,51.549913,1,Slight,2,3,2015-12-23,Wednesday,23:31,Brent,E09000005,3,5,6,30.0,3,2,5,0,0.0,5.0,4,1,1,0,0,1,1,E01000561,3,1,23/12/2015,23/12/2015,1,9,0,3,0.0,1,0,0,0,0,2.0,1.0,6,Male,19,16 - 20,-1,-1,-1,-1,1,-1.0,1,1,1,1,19,4,3,0,0,0,0,0,9,1,2,,,,,,,,,,,,,,,,,2015,12,3,23
3419,201501EK41183,525510.0,184540.0,-0.191395,51.545806,1,Slight,2,1,2015-04-12,Sunday,00:20,Camden,E09000007,4,510,6,20.0,3,4,6,0,0.0,4.0,4,2,2,0,0,1,1,E01000968,3,1,04/12/2015,04/12/2015,1,3,0,18,0.0,8,0,0,0,0,1.0,1.0,2,Male,35,26 - 35,125,1,3,-1,1,-1.0,1,1,1,1,35,6,3,0,0,0,0,0,3,1,3,,,,,,,,,,,,,,,,,2015,4,1,0
3426,201501EK41203,529060.0,182550.0,-0.140957,51.527122,1,Slight,2,2,2015-12-14,Monday,20:15,Camden,E09000007,6,0,6,30.0,6,4,6,0,0.0,0.0,4,1,1,0,0,1,2,E01000945,3,1,14/12/2015,14/12/2015,1,8,0,18,0.0,1,0,0,0,0,1.0,1.0,1,Male,23,21 - 25,-1,-1,-1,-1,1,-1.0,1,1,1,1,23,5,3,0,0,0,0,0,8,1,2,,,,,,,,,,,,,,,,,2015,12,2,20
3429,201501EK49018,529550.0,183490.0,-0.133552,51.535458,1,Slight,2,1,2015-12-15,Tuesday,19:05,Camden,E09000007,4,512,6,20.0,3,2,3,5202,0.0,5.0,4,2,2,0,0,1,2,E01000958,3,1,15/12/2015,15/12/2015,1,9,0,3,0.0,1,0,0,0,0,2.0,1.0,2,Female,25,21 - 25,1198,1,12,-1,1,-1.0,1,1,1,2,25,5,3,0,0,0,0,0,9,1,3,,,,,,,,,,,,,,,,,2015,12,1,19
3434,201501EO40016,530390.0,186060.0,-0.120496,51.55836,1,Slight,1,1,2015-01-01,Thursday,19:20,Islington,E09000019,3,1,3,30.0,3,2,5,0,0.0,5.0,4,1,1,0,0,1,1,E01002786,3,1,01/01/2015,01/01/2015,1,9,0,18,0.0,8,0,0,0,0,1.0,1.0,6,Male,22,21 - 25,1686,2,8,-1,1,-1.0,1,1,3,2,47,8,3,1,4,0,0,2,0,1,5,,,,,,,,,,,,,,,,,2015,1,1,19
3435,201501EO40017,532780.0,185270.0,-0.086339,51.550704,1,Slight,1,1,2015-04-01,Wednesday,21:51,Islington,E09000019,3,105,6,20.0,0,-1,-1,0,0.0,1.0,4,8,1,0,0,1,1,E01002779,3,1,04/01/2015,04/01/2015,1,9,0,18,0.0,0,0,0,0,0,1.0,1.0,6,Female,27,26 - 35,1588,1,16,-1,1,-1.0,1,1,3,1,17,4,3,1,1,0,0,2,0,-1,-1,,,,,,,,,,,,,,,,,2015,4,1,21
3447,201501EO40053,531670.0,184660.0,-0.102567,51.545482,1,Slight,2,2,2015-02-01,Sunday,22:00,Islington,E09000019,3,1200,1,30.0,1,4,3,1,0.0,0.0,4,1,1,0,0,1,1,E01002791,3,1,02/01/2015,02/01/2015,1,9,0,18,0.0,8,0,0,0,0,3.0,1.0,6,Male,28,26 - 35,1686,2,10,-1,1,-1.0,1,1,2,2,25,5,3,0,0,1,0,0,9,1,1,,,,,,,,,,,,,,,,,2015,2,2,22
3453,201501EO40062,531680.0,183820.0,-0.102736,51.537931,1,Slight,2,1,2015-04-01,Wednesday,18:20,Islington,E09000019,3,1,6,30.0,0,-1,-1,0,0.0,0.0,4,1,1,0,0,1,2,E01002794,3,1,04/01/2015,04/01/2015,1,5,0,3,0.0,0,0,0,0,0,2.0,1.0,6,Male,26,26 - 35,599,1,14,-1,1,-1.0,1,1,1,1,26,6,3,0,0,0,0,0,5,1,4,,,,,,,,,,,,,,,,,2015,4,1,18
3461,201501EO40073,530080.0,185370.0,-0.125221,51.552231,1,Serious,2,2,2015-01-17,Saturday,00:12,Islington,E09000019,3,503,6,30.0,3,4,6,0,0.0,1.0,4,1,1,0,0,1,1,E01002783,2,2,17/01/2015,17/01/2015,1,9,0,7,0.0,6,0,0,1,10,3.0,1.0,6,Male,26,26 - 35,1598,1,9,-1,1,-1.0,1,1,1,1,26,6,3,0,0,0,0,0,9,1,3,,,,,,,,,,,,,,,,,2015,1,4,0
3470,201501EO40082,531090.0,183210.0,-0.111465,51.532586,1,Slight,2,1,2015-01-02,Friday,18:20,Islington,E09000019,5,0,6,30.0,6,4,6,0,0.0,1.0,4,1,1,0,0,1,1,E01002695,3,1,01/02/2015,01/02/2015,1,3,0,18,0.0,8,0,0,0,0,3.0,1.0,1,Male,30,26 - 35,109,1,2,-1,1,-1.0,1,1,1,1,30,6,3,0,0,0,0,0,3,1,2,,,,,,,,,,,,,,,,,2015,1,1,18
3476,201501EO40089,531440.0,184890.0,-0.105796,51.547602,1,Slight,1,2,2015-05-02,Saturday,01:00,Islington,E09000019,3,1,6,30.0,3,4,6,0,0.0,4.0,4,1,1,0,0,1,1,E01002795,3,1,05/02/2015,05/02/2015,1,3,0,18,0.0,1,0,0,0,0,1.0,1.0,2,Male,23,21 - 25,125,1,7,-1,1,-1.0,1,1,1,1,23,5,3,0,0,0,0,0,3,1,2,,,,,,,,,,,,,,,,,2015,5,2,1
3492,201501EO40108,530320.0,183300.0,-0.122527,51.533573,1,Slight,1,1,2015-01-30,Friday,23:53,Camden,E09000007,3,5200,6,30.0,3,4,5,0,0.0,4.0,4,1,2,0,0,1,1,E01000953,3,1,30/01/2015,30/01/2015,1,9,0,18,0.0,8,2,7,0,0,1.0,1.0,6,Male,28,26 - 35,-1,-1,-1,-1,1,-1.0,1,1,1,1,28,6,3,0,0,0,0,0,9,1,3,,,,,,,,,,,,,,,,,2015,1,1,23
3499,201501EO40115,532840.0,184030.0,-0.085942,51.539546,1,Slight,2,2,2015-01-02,Friday,00:07,Hackney,E09000012,5,0,6,30.0,6,2,4,102,0.0,5.0,7,9,1,0,0,1,1,E01002721,3,1,01/02/2015,01/02/2015,1,9,0,5,0.0,8,0,0,0,0,2.0,1.0,6,Male,29,26 - 35,1198,1,10,-1,1,-1.0,1,1,1,1,29,6,3,0,0,0,0,0,9,1,2,,,,,,,,,,,,,,,,,2015,1,2,0
3502,201501EO40118,531620.0,183560.0,-0.103698,51.535608,1,Slight,1,1,2015-07-02,Thursday,00:54,Islington,E09000019,3,104,6,30.0,9,2,3,1,0.0,5.0,4,1,1,0,0,1,1,E01002801,3,1,07/02/2015,07/02/2015,1,9,0,9,0.0,2,0,0,0,0,3.0,1.0,6,Male,19,16 - 20,1497,1,12,-1,1,-1.0,1,1,3,2,30,6,3,1,3,0,0,2,0,1,1,,,,,,,,,,,,,,,,,2015,7,1,0
3510,201501EO40127,531180.0,185200.0,-0.109428,51.550448,1,Slight,1,1,2015-09-02,Wednesday,00:35,Islington,E09000019,3,1,6,30.0,3,2,5,0,0.0,5.0,4,1,1,0,0,1,1,E01002795,3,1,09/02/2015,09/02/2015,1,9,0,18,0.0,1,5,7,0,0,3.0,1.0,6,Male,24,21 - 25,1598,2,1,-1,1,-1.0,1,1,1,1,24,5,3,0,0,0,0,0,9,1,5,,,,,,,,,,,,,,,,,2015,9,1,0
3514,201501EO40132,529830.0,184990.0,-0.128964,51.548873,1,Serious,1,2,2015-01-15,Thursday,20:15,Islington,E09000019,3,503,6,30.0,6,2,3,5200,0.0,5.0,7,1,1,0,6,1,1,E01002766,2,2,15/01/2015,15/01/2015,1,3,0,4,0.0,1,0,10,0,0,1.0,1.0,6,Male,30,26 - 35,599,1,5,-1,1,-1.0,1,1,1,1,30,6,2,0,0,0,0,0,3,1,4,,,,,,,,,,,,,,,,,2015,1,4,20
3536,201501EO40158,531420.0,182060.0,-0.107139,51.522175,1,Slight,2,1,2015-02-20,Friday,02:38,Islington,E09000019,3,201,6,30.0,6,2,3,5201,0.0,5.0,4,1,1,0,0,1,2,E01002724,3,1,20/02/2015,20/02/2015,1,3,0,18,0.0,8,0,0,0,0,3.0,1.0,6,Male,27,26 - 35,124,1,2,-1,-1,-1.0,1,1,1,1,27,6,3,0,0,0,0,0,3,-1,-1,,,,,,,,,,,,,,,,,2015,2,1,2