,accident_index,location_easting_osgr,location_northing_osgr,longitude,latitude,police_force,accident_severity,number_of_vehicles,number_of_casualties,date,day_of_week,time,local_authority_district,local_authority_highway,first_road_class,first_road_number,road_type,speed_limit,junction_detail,junction_control,second_road_class,second_road_number,pedestrian_crossing-human_control,pedestrian_crossing-physical_facilities,light_conditions,weather_conditions,road_surface_conditions,special_conditions_at_site,carriageway_hazards,urban_or_rural_area,did_police_officer_attend_scene_of_accident,lsoa_of_accident_location,accident_severity_num,accident_severity_inv,date2,date_original,vehicle_reference_x,vehicle_type,towing_and_articulation,vehicle_manoeuvre,vehicle_location-restricted_lane,junction_location,skidding_and_overturning,hit_object_in_carriageway,vehicle_leaving_carriageway,hit_object_off_carriageway,1st_point_of_impact,was_vehicle_left_hand_drive?,journey_purpose_of_driver,sex_of_driver,age_of_driver,age_band_of_driver,engine_capacity_cc,propulsion_code,age_of_vehicle,driver_imd_decile,driver_home_area_type,vehicle_imd_decile,vehicle_reference_y,casualty_reference,casualty_class,sex_of_casualty,age_of_casualty,age_band_of_casualty,casualty_severity,pedestrian_location,pedestrian_movement,car_passenger,bus_or_coach_passenger,pedestrian_road_maintenance_worker,casualty_type,casualty_home_area_type,casualty_imd_decile,accident_year_x,accident_reference_x,local_authority_ons_district,pedestrian_crossing_human_control,pedestrian_crossing_physical_facilities,trunk_road_flag,accident_year_y,accident_reference_y,vehicle_direction_from,vehicle_direction_to,vehicle_location_restricted_lane,first_point_of_impact,vehicle_left_hand_drive,generic_make_model,accident_year,accident_reference,year,month,severity,hours
3552,201501EO40175,532140.0,184130.0,-0.095992,51.540609,1,Serious,2,1,2015-06-03,Wednesday,18:40,Islington,E09000019,3,104,6,30.0,6,2,3,1200,0.0,5.0,4,1,1,0,0,1,1,E01002793,2,2,06/03/2015,06/03/2015,1,9,0,9,0.0,8,0,0,0,0,4.0,1.0,6,Male,30,26 - 35,1560,2,4,-1,1,-1.0,2,1,1,1,46,8,2,0,0,0,0,0,1,1,4,,,,,,,,,,,,,,,,,2015,6,2,18
3554,201501EO40177,530570.0,185130.0,-0.118246,51.549961,1,Slight,1,1,2015-06-03,Wednesday,02:35,Islington,E09000019,3,5203,2,30.0,9,2,3,5203,0.0,5.0,4,1,1,0,0,1,1,E01002765,3,1,06/03/2015,06/03/2015,1,9,0,16,0.0,8,1,7,7,2,3.0,1.0,2,Male,20,16 - 20,-1,-1,-1,-1,1,-1.0,1,1,1,1,20,4,3,0,0,0,0,0,9,1,2,,,,,,,,,,,,,,,,,2015,6,1,2
3562,201501EO40187,531940.0,185640.0,-0.098308,51.554225,1,Slight,2,1,2015-02-03,Tuesday,20:29,Islington,E09000019,3,1201,6,30.0,3,4,6,0,0.0,0.0,4,1,1,0,0,1,1,E01002752,3,1,02/03/2015,02/03/2015,1,9,0,9,0.0,1,0,0,0,0,1.0,1.0,6,Male,33,26 - 35,998,1,15,-1,1,-1.0,2,1,1,1,54,8,3,0,0,0,0,0,3,1,2,,,,,,,,,,,,,,,,,2015,2,1,20
3569,201501EO40194,531060.0,183200.0,-0.111901,51.532503,1,Slight,2,1,2015-02-26,Thursday,18:17,Islington,E09000019,6,0,6,30.0,0,-1,-1,0,0.0,1.0,4,1,2,0,0,1,1,E01002695,3,1,26/02/2015,26/02/2015,1,3,0,18,0.0,0,0,0,0,0,1.0,1.0,1,Male,25,21 - 25,107,1,2,-1,1,-1.0,1,1,1,1,25,5,3,0,0,0,0,0,3,1,2,,,,,,,,,,,,,,,,,2015,2,1,18
3571,201501EO40196,530600.0,184680.0,-0.117981,51.54591,1,Slight,2,1,2015-03-26,Thursday,21:00,Islington,E09000019,3,5203,6,20.0,0,-1,-1,0,0.0,1.0,4,1,2,0,0,1,2,E01002713,3,1,26/03/2015,26/03/2015,1,2,0,4,0.0,0,0,0,0,0,1.0,1.0,2,Male,18,16 - 20,125,1,9,-1,1,-1.0,1,1,1,1,18,4,3,0,0,0,0,0,2,1,2,,,,,,,,,,,,,,,,,2015,3,1,21
3598,201501EO40227,530950.0,185940.0,-0.112468,51.557152,1,Serious,2,1,2015-03-19,Thursday,18:30,Islington,E09000019,3,103,6,30.0,3,4,6,0,0.0,0.0,1,8,1,0,0,1,1,E01002751,2,2,19/03/2015,19/03/2015,1,3,0,18,0.0,2,0,8,0,0,1.0,1.0,1,Male,30,26 - 35,107,1,2,-1,1,-1.0,1,1,1,1,30,6,2,0,0,0,0,0,3,1,3,,,,,,,,,,,,,,,,,2015,3,2,18
3606,201501EO40237,530070.0,184250.0,-0.125778,51.542168,1,Slight,2,1,2015-01-04,Sunday,22:30,Camden,E09000007,3,5200,6,30.0,3,4,6,0,0.0,1.0,4,2,2,0,0,1,1,E01000868,3,1,01/04/2015,01/04/2015,1,9,0,4,0.0,1,0,0,0,0,2.0,1.0,2,Male,33,26 - 35,1560,2,9,-1,1,-1.0,2,1,1,1,34,6,3,0,0,0,0,0,3,1,4,,,,,,,,,,,,,,,,,2015,1,1,22
3613,201501EO40245,531330.0,184530.0,-0.107515,51.544393,1,Slight,1,1,2015-03-29,Sunday,21:20,Islington,E09000019,4,515,6,30.0,3,4,5,0,0.0,1.0,4,1,2,0,6,1,1,E01002698,3,1,29/03/2015,29/03/2015,1,4,0,18,0.0,1,0,0,0,0,0.0,1.0,1,Male,31,26 - 35,108,1,-1,-1,1,-1.0,1,1,1,1,31,6,3,0,0,0,0,0,4,1,4,,,,,,,,,,,,,,,,,2015,3,1,21
3615,201501EO40248,531590.0,186680.0,-0.102965,51.563653,1,Slight,2,1,2015-06-01,Monday,23:55,Islington,E09000019,3,1201,6,20.0,0,-1,-1,0,0.0,0.0,4,1,1,0,0,1,1,E01002747,3,1,06/01/2015,06/01/2015,1,9,0,6,0.0,0,0,0,0,0,3.0,1.0,6,Male,21,21 - 25,1296,1,8,-1,1,-1.0,2,1,1,1,45,7,3,0,0,0,0,0,9,1,2,,,,,,,,,,,,,,,,,2015,6,1,23
3618,201501EO40251,531650.0,184730.0,-0.102829,51.546115,1,Slight,2,1,2015-11-03,Tuesday,20:10,Islington,E09000019,3,1,1,30.0,1,4,3,1201,0.0,4.0,4,1,1,4,0,1,1,E01002791,3,1,11/03/2015,11/03/2015,1,9,0,11,0.0,8,0,0,0,0,1.0,1.0,6,Female,32,26 - 35,1390,1,10,-1,1,-1.0,2,1,1,2,58,9,3,0,0,0,0,0,9,1,3,,,,,,,,,,,,,,,,,2015,11,1,20
3620,201501EO40253,530720.0,183680.0,-0.116622,51.536896,1,Slight,2,1,2015-04-04,Saturday,00:10,Islington,E09000019,3,5203,6,30.0,6,2,4,154,0.0,5.0,4,1,1,0,0,1,1,E01002694,3,1,04/04/2015,04/04/2015,1,8,0,9,0.0,8,0,0,0,0,4.0,1.0,6,Male,29,26 - 35,1497,8,10,-1,1,-1.0,2,1,1,1,35,6,3,0,0,0,0,0,1,1,4,,,,,,,,,,,,,,,,,2015,4,1,0
3628,201501EO40262,532010.0,182200.0,-0.098588,51.523296,1,Slight,2,2,2015-04-18,Saturday,02:30,Islington,E09000019,3,5201,6,30.0,7,2,3,1,0.0,5.0,4,1,1,0,0,1,1,E01033489,3,1,18/04/2015,18/04/2015,1,9,0,9,0.0,8,0,0,0,0,1.0,1.0,6,Male,21,21 - 25,1149,1,7,-1,1,-1.0,1,1,1,1,21,5,3,0,0,0,0,0,9,1,3,,,,,,,,,,,,,,,,,2015,4,2,2
3646,201501EO40281,532350.0,186180.0,-0.092195,51.558982,1,Slight,2,3,2015-12-04,Friday,18:28,Islington,E09000019,6,0,6,20.0,3,4,6,0,0.0,0.0,1,1,1,0,0,1,1,E01002741,3,1,12/04/2015,12/04/2015,1,9,0,18,0.0,8,0,0,0,0,1.0,1.0,6,Male,35,26 - 35,1242,1,11,-1,1,-1.0,1,1,1,1,35,6,3,0,0,0,0,0,9,1,7,,,,,,,,,,,,,,,,,2015,12,3,18
3647,201501EO40282,532960.0,182560.0,-0.084767,51.526308,1,Slight,2,1,2015-11-04,Wednesday,00:15,Hackney,E09000012,3,5201,3,30.0,0,-1,-1,0,0.0,0.0,4,1,1,0,0,1,1,E01033708,3,1,11/04/2015,11/04/2015,1,4,0,18,0.0,0,0,0,0,0,1.0,1.0,6,Male,23,21 - 25,125,1,7,-1,1,-1.0,1,1,1,1,23,5,3,0,0,0,0,0,4,1,2,,,,,,,,,,,,,,,,,2015,11,1,0
3659,201501EO40296,531260.0,185220.0,-0.108267,51.55061,1,Slight,2,2,2015-04-21,Tuesday,19:00,Islington,E09000019,6,0,6,30.0,3,4,6,0,0.0,0.0,1,1,1,0,0,1,1,E01002739,3,1,21/04/2015,21/04/2015,1,3,0,9,0.0,1,0,0,0,0,1.0,1.0,6,Male,28,26 - 35,125,1,8,-1,1,-1.0,1,1,1,1,28,6,3,0,0,0,0,0,3,1,3,,,,,,,,,,,,,,,,,2015,4,2,19
3666,201501EO40303,531090.0,185060.0,-0.110777,51.549211,1,Slight,3,2,2015-04-24,Friday,18:51,Islington,E09000019,4,515,6,20.0,0,-1,-1,0,0.0,0.0,1,1,1,0,0,1,1,E01033486,3,1,24/04/2015,24/04/2015,1,8,0,3,0.0,0,0,0,0,0,2.0,1.0,1,Male,28,26 - 35,1797,8,5,-1,1,-1.0,1,2,2,1,30,6,3,0,0,2,0,0,8,1,4,,,,,,,,,,,,,,,,,2015,4,2,18
3670,201501EO40308,529700.0,185160.0,-0.130776,51.550431,1,Slight,1,1,2015-06-05,Friday,18:55,Islington,E09000019,3,5200,6,30.0,0,-1,-1,0,0.0,1.0,1,2,2,0,0,1,1,E01000926,3,1,06/05/2015,06/05/2015,1,3,0,18,0.0,0,0,0,0,0,3.0,1.0,6,Female,28,26 - 35,124,1,11,-1,1,-1.0,1,1,1,2,28,6,3,0,0,0,0,0,3,1,4,,,,,,,,,,,,,,,,,2015,6,1,18
3686,201501EO40329,531290.0,186640.0,-0.107305,51.563363,1,Slight,2,1,2015-02-05,Thursday,19:30,Islington,E09000019,3,503,6,30.0,0,-1,-1,0,0.0,0.0,4,1,1,0,0,1,1,E01002734,3,1,02/05/2015,02/05/2015,1,9,0,2,0.0,0,0,0,0,0,3.0,1.0,6,Male,33,26 - 35,2993,2,10,-1,1,-1.0,2,1,1,1,29,6,3,0,0,0,0,0,1,-1,-1,,,,,,,,,,,,,,,,,2015,2,1,19
3693,201501EO40336,530960.0,182530.0,-0.113591,51.526505,1,Slight,2,1,2015-04-30,Thursday,19:30,Islington,E09000019,3,201,6,30.0,8,4,6,0,0.0,5.0,1,1,1,0,0,1,1,E01000936,3,1,30/04/2015,30/04/2015,1,9,0,9,0.0,5,0,0,0,0,4.0,1.0,6,Male,26,26 - 35,1149,1,14,-1,1,-1.0,2,1,1,1,23,5,3,0,0,0,0,0,4,1,8,,,,,,,,,,,,,,,,,2015,4,1,19
3702,201501EO40346,531010.0,185830.0,-0.111644,51.556149,1,Slight,1,1,2015-04-15,Wednesday,22:30,Islington,E09000019,3,103,6,30.0,3,4,6,0,0.0,1.0,4,1,1,0,6,1,1,E01002751,3,1,15/04/2015,15/04/2015,1,9,0,18,0.0,1,0,0,0,0,4.0,1.0,6,Male,26,26 - 35,1995,1,12,-1,1,-1.0,1,1,3,2,18,4,3,9,8,0,0,2,0,1,1,,,,,,,,,,,,,,,,,2015,4,1,22
3710,201501EO40356,530600.0,184650.0,-0.117992,51.54564,1,Slight,2,1,2015-05-18,Monday,18:00,Islington,E09000019,3,5203,6,30.0,3,4,6,0,0.0,4.0,1,1,1,0,0,1,1,E01002713,3,1,18/05/2015,18/05/2015,1,3,0,18,0.0,8,0,0,0,0,2.0,1.0,6,Male,32,26 - 35,-1,-1,-1,-1,1,-1.0,1,1,1,1,32,6,3,0,0,0,0,0,3,1,2,,,,,,,,,,,,,,,,,2015,5,1,18
3721,201501EO40368,531450.0,186770.0,-0.104949,51.564494,1,Slight,2,3,2015-04-05,Sunday,21:55,Islington,E09000019,3,503,6,30.0,3,2,3,1201,0.0,5.0,4,2,2,0,0,1,1,E01002734,3,1,04/05/2015,04/05/2015,1,9,0,3,0.0,1,0,0,0,0,2.0,1.0,6,Male,30,26 - 35,998,1,9,-1,1,-1.0,1,1,1,1,30,6,3,0,0,0,0,0,9,1,3,,,,,,,,,,,,,,,,,2015,4,3,21
3736,201501EO40387,530350.0,186110.0,-0.121055,51.558818,1,Slight,2,1,2015-02-03,Tuesday,20:30,Islington,E09000019,3,1,3,30.0,3,4,6,0,0.0,5.0,7,9,1,0,0,1,1,E01002786,3,1,02/03/2015,02/03/2015,1,9,0,5,0.0,1,0,0,0,0,2.0,1.0,6,Male,28,26 - 35,2143,2,4,-1,1,-1.0,1,1,1,1,28,6,3,0,0,0,0,0,9,1,3,,,,,,,,,,,,,,,,,2015,2,1,20
3754,201501EO40408,529300.0,186530.0,-0.136038,51.562834,1,Slight,2,1,2015-05-25,Monday,23:10,Islington,E09000019,3,400,6,30.0,3,4,3,400,0.0,1.0,4,1,1,0,0,1,1,E01002773,3,1,25/05/2015,25/05/2015,1,9,0,9,0.0,8,0,0,0,0,4.0,1.0,6,Male,22,21 - 25,1198,1,7,-1,1,-1.0,2,1,1,1,21,5,3,0,0,0,0,0,5,1,6,,,,,,,,,,,,,,,,,2015,5,1,23
3757,201501EO40411,530580.0,184880.0,-0.118195,51.547712,1,Slight,1,1,2015-06-14,Sunday,21:10,Islington,E09000019,3,5203,6,20.0,0,-1,-1,0,0.0,0.0,1,1,1,0,0,1,1,E01002765,3,1,14/06/2015,14/06/2015,1,9,0,18,0.0,0,0,0,0,0,4.0,1.0,1,Male,29,26 - 35,1497,8,9,-1,1,-1.0,1,1,3,1,31,6,3,5,2,0,0,2,0,1,1,,,,,,,,,,,,,,,,,2015,6,1,21
3762,201501EO40417,531160.0,182370.0,-0.110769,51.525021,1,Slight,2,1,2015-02-06,Friday,22:40,Islington,E09000019,3,201,6,30.0,6,2,3,401,0.0,5.0,4,1,1,4,0,1,1,E01002726,3,1,02/06/2015,02/06/2015,1,9,0,18,0.0,8,0,0,0,0,1.0,1.0,6,Female,33,26 - 35,1493,1,15,-1,1,-1.0,2,1,1,1,28,6,3,0,0,0,0,0,9,1,3,,,,,,,,,,,,,,,,,2015,2,1,22
3763,201501EO40418,531540.0,184790.0,-0.104392,51.54668,1,Slight,1,1,2015-05-06,Wednesday,18:15,Islington,E09000019,3,1,6,30.0,0,-1,-1,0,0.0,4.0,1,1,1,0,0,1,1,E01002795,3,1,05/06/2015,05/06/2015,1,3,0,5,0.0,0,0,0,0,0,1.0,1.0,6,Male,17,16 - 20,124,1,7,-1,1,-1.0,1,1,3,1,42,7,3,1,1,0,0,2,0,1,8,,,,,,,,,,,,,,,,,2015,5,1,18
3768,201501EO40425,531130.0,185250.0,-0.11013,51.550909,1,Slight,2,1,2015-02-06,Friday,18:30,Islington,E09000019,3,1,6,30.0,3,4,4,515,0.0,1.0,1,1,1,0,0,1,1,E01033486,3,1,02/06/2015,02/06/2015,1,9,0,9,0.0,8,0,0,0,0,1.0,1.0,6,Female,31,26 - 35,2987,2,5,-1,1,-1.0,2,1,1,1,47,8,3,0,0,0,0,0,3,1,5,,,,,,,,,,,,,,,,,2015,2,1,18
3772,201501EO40430,531470.0,185550.0,-0.105117,51.553526,1,Slight,2,1,2015-12-06,Sunday,22:00,Islington,E09000019,5,0,6,30.0,3,4,6,0,0.0,1.0,7,9,1,0,0,1,1,E01033492,3,1,12/06/2015,12/06/2015,1,3,0,18,0.0,1,0,0,0,0,0.0,1.0,1,Male,19,16 - 20,108,1,1,-1,1,-1.0,1,1,1,1,19,4,3,0,0,0,0,0,3,1,2,,,,,,,,,,,,,,,,,2015,12,1,22
3782,201501EO40443,531030.0,185760.0,-0.111381,51.555516,1,Slight,2,2,2015-06-29,Monday,19:25,Islington,E09000019,3,103,6,20.0,3,4,6,0,0.0,0.0,1,1,1,0,0,1,1,E01002751,3,1,29/06/2015,29/06/2015,1,5,0,5,0.0,8,0,0,0,0,1.0,1.0,2,Male,25,21 - 25,599,1,5,-1,1,-1.0,1,1,1,1,25,5,3,0,0,0,0,0,5,1,6,,,,,,,,,,,,,,,,,2015,6,2,19
3794,201501EO40456,529180.0,186010.0,-0.137959,51.558189,1,Slight,2,2,2015-02-07,Saturday,00:10,Islington,E09000019,3,400,6,30.0,3,4,6,0,0.0,0.0,4,1,1,0,0,1,1,E01002768,3,1,02/07/2015,02/07/2015,1,9,0,18,0.0,2,0,4,0,0,4.0,1.0,6,Male,29,26 - 35,2993,2,9,-1,-1,-1.0,1,2,2,1,30,6,3,0,0,1,0,0,9,1,1,,,,,,,,,,,,,,,,,2015,2,2,0
3801,201501EO40465,530230.0,186230.0,-0.12274,51.559924,1,Slight,1,2,2015-06-18,Thursday,19:12,Islington,E09000019,3,1,6,30.0,3,4,6,0,0.0,1.0,1,1,1,0,0,1,2,E01002785,3,1,18/06/2015,18/06/2015,1,3,0,18,0.0,2,0,0,0,0,1.0,1.0,6,Male,19,16 - 20,125,1,1,-1,1,-1.0,1,1,1,1,19,4,3,0,0,0,0,0,3,1,1,,,,,,,,,,,,,,,,,2015,6,2,19
3804,201501EO40468,531730.0,182950.0,-0.102341,51.530101,1,Slight,2,1,2015-03-06,Friday,21:40,Islington,E09000019,5,0,2,30.0,0,-1,-1,0,0.0,0.0,7,9,1,0,0,1,1,E01002707,3,1,03/06/2015,03/06/2015,1,9,0,18,0.0,0,0,0,0,0,3.0,1.0,6,Male,28,26 - 35,1339,8,4,-1,1,-1.0,2,1,1,1,18,4,3,0,0,0,0,0,3,1,3,,,,,,,,,,,,,,,,,2015,3,1,21
3812,201501EO40476,532140.0,184130.0,-0.095992,51.540609,1,Slight,1,1,2015-12-07,Monday,01:20,Islington,E09000019,3,104,6,20.0,6,2,3,1200,0.0,5.0,4,1,1,0,0,1,1,E01002793,3,1,12/07/2015,12/07/2015,1,3,0,4,0.0,8,0,0,0,0,1.0,1.0,6,Male,34,26 - 35,124,1,4,-1,1,-1.0,1,1,3,2,23,5,3,10,4,0,0,2,0,-1,-1,,,,,,,,,,,,,,,,,2015,12,1,1
3814,201501EO40481,530750.0,186270.0,-0.115228,51.560164,1,Slight,2,2,2015-04-07,Tuesday,00:20,Islington,E09000019,3,103,6,20.0,6,2,3,503,0.0,5.0,4,2,2,0,0,1,1,E01002731,3,1,04/07/2015,04/07/2015,1,9,0,9,0.0,8,0,0,0,0,1.0,1.0,1,Male,28,26 - 35,1798,8,3,-1,1,-1.0,1,1,1,1,28,6,3,0,0,0,0,0,9,1,3,,,,,,,,,,,,,,,,,2015,4,2,0
3815,201501EO40482,531220.0,185280.0,-0.108821,51.551158,1,Slight,2,2,2015-08-07,Friday,20:30,Islington,E09000019,5,0,6,30.0,3,4,5,0,0.0,1.0,1,1,1,0,0,1,1,E01033491,3,1,08/07/2015,08/07/2015,1,9,0,18,0.0,8,0,0,0,0,1.0,1.0,6,Male,32,26 - 35,1968,2,6,-1,1,-1.0,1,1,2,2,31,6,3,0,0,1,0,0,9,1,3,,,,,,,,,,,,,,,,,2015,8,2,20
3820,201501EO40487,529390.0,186820.0,-0.134634,51.56542,1,Slight,1,1,2015-09-07,Monday,00:37,Islington,E09000019,3,1,6,30.0,9,2,3,400,0.0,5.0,4,1,1,0,0,1,1,E01002770,3,1,09/07/2015,09/07/2015,1,9,0,18,0.0,8,1,7,0,0,1.0,1.0,6,Male,27,26 - 35,1870,2,12,-1,-1,-1.0,1,1,2,1,30,6,3,0,0,2,0,0,9,1,7,,,,,,,,,,,,,,,,,2015,9,1,0
3823,201501EO40490,531440.0,183240.0,-0.106411,51.532774,1,Slight,2,1,2015-03-28,Saturday,00:20,Islington,E09000019,5,0,2,30.0,3,4,3,1,0.0,5.0,4,1,1,0,0,1,1,E01002696,3,1,28/03/2015,28/03/2015,1,9,0,5,0.0,1,0,0,0,0,2.0,1.0,6,Male,20,16 - 20,1198,1,3,-1,1,-1.0,1,1,1,1,20,4,3,0,0,0,0,0,9,1,4,,,,,,,,,,,,,,,,,2015,3,1,0
3829,201501EO40497,531160.0,182350.0,-0.110777,51.524841,1,Slight,2,1,2015-10-07,Wednesday,20:40,Islington,E09000019,3,401,6,20.0,6,2,3,201,0.0,0.0,1,1,1,0,0,1,2,E01002726,3,1,10/07/2015,10/07/2015,1,8,0,3,0.0,1,0,0,0,0,2.0,1.0,1,Male,35,26 - 35,2402,2,8,-1,1,-1.0,1,1,1,1,35,6,3,0,0,0,0,0,8,1,7,,,,,,,,,,,,,,,,,2015,10,1,20
3848,201501EO40517,530700.0,183540.0,-0.116962,51.535642,1,Slight,2,1,2015-10-07,Wednesday,01:31,Islington,E09000019,3,5203,6,20.0,3,4,6,0,0.0,0.0,4,1,1,0,0,1,1,E01002710,3,1,10/07/2015,10/07/2015,1,9,0,6,0.0,1,0,0,0,0,3.0,1.0,1,Male,33,26 - 35,1679,1,16,-1,1,-1.0,2,1,1,1,25,5,3,0,0,0,0,0,3,1,8,,,,,,,,,,,,,,,,,2015,10,1,1
3855,201501EO40524,530470.0,183010.0,-0.120473,51.530932,1,Slight,2,1,2015-07-07,Tuesday,22:10,Camden,E09000007,3,501,6,30.0,0,-1,-1,0,0.0,5.0,4,1,1,0,0,1,1,E01002711,3,1,07/07/2015,07/07/2015,1,3,0,14,0.0,0,0,0,0,0,2.0,1.0,6,Male,30,26 - 35,125,1,5,-1,1,-1.0,1,1,1,1,30,6,3,0,0,0,0,0,3,1,4,,,,,,,,,,,,,,,,,2015,7,1,22
3860,201501EO40532,531830.0,183750.0,-0.100601,51.537267,1,Slight,2,1,2015-06-22,Monday,19:36,Islington,E09000019,3,104,6,30.0,3,4,4,144,0.0,4.0,1,1,1,0,0,1,1,E01002801,3,1,22/06/2015,22/06/2015,1,9,0,5,0.0,1,0,0,0,0,1.0,1.0,6,Male,33,26 - 35,999,1,1,-1,1,-1.0,2,1,1,1,29,6,3,0,0,0,0,0,3,1,4,,,,,,,,,,,,,,,,,2015,6,1,19
3865,201501EO40538,531030.0,186180.0,-0.111225,51.55929,1,Slight,1,1,2015-06-29,Monday,18:50,Islington,E09000019,3,503,2,30.0,3,4,6,0,0.0,0.0,1,1,1,0,0,1,1,E01002730,3,1,29/06/2015,29/06/2015,1,9,0,16,0.0,8,0,0,0,0,1.0,1.0,6,Male,27,26 - 35,1396,1,17,-1,1,-1.0,1,1,3,1,29,6,3,5,1,0,0,2,0,-1,-1,,,,,,,,,,,,,,,,,2015,6,1,18
3871,201501EO40546,532580.0,183640.0,-0.089835,51.536103,1,Slight,2,1,2015-11-07,Saturday,20:45,Hackney,E09000012,3,1200,6,30.0,3,4,5,0,0.0,1.0,1,1,1,0,0,1,1,E01002798,3,1,11/07/2015,11/07/2015,1,9,0,9,0.0,1,0,0,0,0,4.0,1.0,6,Male,22,21 - 25,1390,1,16,-1,1,-1.0,2,1,1,2,27,6,3,0,0,0,0,0,1,1,4,,,,,,,,,,,,,,,,,2015,11,1,20
3886,201501EO40564,529270.0,186920.0,-0.136327,51.566346,1,Slight,1,1,2015-07-14,Tuesday,22:44,Islington,E09000019,4,519,6,30.0,0,-1,-1,0,0.0,5.0,4,2,2,0,0,1,1,E01002770,3,1,14/07/2015,14/07/2015,1,9,0,6,0.0,0,0,10,7,7,1.0,1.0,6,Female,28,26 - 35,1197,1,-1,-1,1,-1.0,1,1,1,2,28,6,3,0,0,0,0,0,9,1,2,,,,,,,,,,,,,,,,,2015,7,1,22
3887,201501EO40566,530090.0,184200.0,-0.125509,51.541714,1,Slight,2,1,2015-07-19,Sunday,04:27,Camden,E09000007,3,5200,6,30.0,0,-1,-1,0,0.0,0.0,4,1,1,0,0,1,1,E01000868,3,1,19/07/2015,19/07/2015,1,8,0,3,0.0,0,0,0,0,0,4.0,1.0,1,Female,32,26 - 35,-1,-1,-1,-1,1,-1.0,2,1,1,1,27,6,3,0,0,0,0,0,1,-1,-1,,,,,,,,,,,,,,,,,2015,7,1,4
3889,201501EO40568,532740.0,182520.0,-0.087951,51.526,1,Slight,2,1,2015-09-08,Tuesday,03:30,Islington,E09000019,3,501,1,20.0,1,4,3,5201,0.0,0.0,4,1,1,0,0,1,2,E01002701,3,1,09/08/2015,09/08/2015,1,3,0,18,0.0,8,0,0,0,0,1.0,1.0,6,Female,19,16 - 20,125,1,-1,-1,1,-1.0,1,1,1,2,19,4,3,0,0,0,0,0,3,1,2,,,,,,,,,,,,,,,,,2015,9,1,3
3899,201501EO40583,529760.0,187310.0,-0.129118,51.569738,1,Slight,1,1,2015-06-25,Thursday,20:20,Islington,E09000019,5,0,6,30.0,3,4,6,0,0.0,0.0,1,1,1,0,0,1,1,E01002758,3,1,25/06/2015,25/06/2015,1,3,0,14,0.0,2,0,0,0,0,3.0,1.0,6,Male,25,21 - 25,124,1,7,-1,1,-1.0,1,1,1,1,25,5,3,0,0,0,0,0,3,1,2,,,,,,,,,,,,,,,,,2015,6,1,20
3917,201501EO40605,532810.0,182080.0,-0.087109,51.52203,1,Slight,2,1,2015-10-08,Thursday,22:30,Islington,E09000019,3,501,6,30.0,9,4,6,0,0.0,8.0,4,1,1,0,0,1,1,E01002704,3,1,10/08/2015,10/08/2015,1,3,0,18,0.0,8,0,0,0,0,1.0,1.0,6,Male,21,21 - 25,599,1,17,-1,-1,-1.0,2,1,1,1,39,7,3,0,0,0,0,0,1,1,1,,,,,,,,,,,,,,,,,2015,10,1,22
3921,201501EO40609,530970.0,185430.0,-0.112369,51.552564,1,Slight,2,1,2015-07-26,Sunday,20:10,Islington,E09000019,3,1,6,30.0,6,2,3,1,0.0,5.0,1,1,1,0,0,1,2,E01033488,3,1,26/07/2015,26/07/2015,1,9,0,3,0.0,1,0,0,0,0,2.0,1.0,6,Female,31,26 - 35,2494,1,19,-1,1,-1.0,1,1,1,2,31,6,3,0,0,0,0,0,9,1,7,,,,,,,,,,,,,,,,,2015,7,1,20
3925,201501EO40620,531490.0,183360.0,-0.105646,51.533841,1,Serious,1,1,2015-08-29,Saturday,05:44,Islington,E09000019,3,1,3,30.0,0,-1,-1,0,0.0,0.0,1,1,1,0,0,1,1,E01002794,2,2,29/08/2015,29/08/2015,1,9,0,18,0.0,0,0,0,0,0,1.0,1.0,6,Male,33,26 - 35,1956,2,2,-1,1,-1.0,1,1,3,2,20,4,2,5,2,0,0,2,0,1,8,,,,,,,,,,,,,,,,,2015,8,2,5
3927,201501EO40622,530110.0,187310.0,-0.124071,51.569658,1,Serious,2,1,2015-07-30,Thursday,18:05,Islington,E09000019,3,103,6,20.0,3,4,5,0,0.0,0.0,1,1,1,0,0,1,1,E01002758,2,2,30/07/2015,30/07/2015,1,9,0,9,0.0,8,0,0,0,0,1.0,1.0,6,Male,31,26 - 35,1598,7,13,-1,1,-1.0,2,1,1,1,49,8,2,0,0,0,0,0,3,-1,-1,,,,,,,,,,,,,,,,,2015,7,2,18
3942,201501EO40642,532730.0,184810.0,-0.087233,51.546582,1,Slight,2,1,2015-07-25,Saturday,18:30,Islington,E09000019,3,1199,6,30.0,6,2,3,104,0.0,5.0,1,1,1,0,0,1,1,E01002716,3,1,25/07/2015,25/07/2015,1,3,0,10,0.0,8,0,0,0,0,2.0,1.0,6,Male,27,26 - 35,124,1,31,-1,1,-1.0,1,1,1,1,27,6,3,0,0,0,0,0,3,1,4,,,,,,,,,,,,,,,,,2015,7,1,18
3955,201501EO40657,529170.0,185970.0,-0.138118,51.557831,1,Slight,1,3,2015-11-09,Monday,22:40,Islington,E09000019,3,400,6,20.0,0,-1,-1,0,0.0,0.0,4,1,1,0,0,1,1,E01002768,3,1,11/09/2015,11/09/2015,1,3,0,18,0.0,0,0,0,0,0,1.0,1.0,6,Male,26,26 - 35,125,1,-1,-1,1,-1.0,1,1,1,1,26,6,3,0,0,0,0,0,3,1,3,,,,,,,,,,,,,,,,,2015,11,3,22
3961,201501EO40664,531890.0,184780.0,-0.099351,51.546509,1,Slight,2,1,2015-01-08,Thursday,20:30,Islington,E09000019,3,1201,6,20.0,0,-1,-1,0,0.0,5.0,4,1,1,0,0,1,1,E01002719,3,1,01/08/2015,01/08/2015,1,9,0,6,0.0,0,0,0,0,0,3.0,1.0,1,Male,27,26 - 35,1753,2,6,-1,1,-1.0,2,1,1,1,33,6,3,0,0,0,0,0,2,1,4,,,,,,,,,,,,,,,,,2015,1,1,20
3971,201501EO40675,531210.0,185150.0,-0.109014,51.549992,1,Slight,2,1,2015-01-08,Thursday,21:15,Islington,E09000019,3,1,6,30.0,0,-1,-1,0,0.0,0.0,4,1,1,0,0,1,1,E01002795,3,1,01/08/2015,01/08/2015,1,8,0,2,0.0,0,0,0,0,0,3.0,1.0,2,Male,24,21 - 25,1997,2,4,-1,1,-1.0,2,1,1,1,25,5,3,0,0,0,0,0,3,1,3,,,,,,,,,,,,,,,,,2015,1,1,21