,accident_index,location_easting_osgr,location_northing_osgr,longitude,latitude,police_force,accident_severity,number_of_vehicles,number_of_casualties,date,day_of_week,time,local_authority_district,local_authority_highway,first_road_class,first_road_number,road_type,speed_limit,junction_detail,junction_control,second_road_class,second_road_number,pedestrian_crossing-human_control,pedestrian_crossing-physical_facilities,light_conditions,weather_conditions,road_surface_conditions,special_conditions_at_site,carriageway_hazards,urban_or_rural_area,did_police_officer_attend_scene_of_accident,lsoa_of_accident_location,accident_severity_num,accident_severity_inv,date2,date_original,vehicle_reference_x,vehicle_type,towing_and_articulation,vehicle_manoeuvre,vehicle_location-restricted_lane,junction_location,skidding_and_overturning,hit_object_in_carriageway,vehicle_leaving_carriageway,hit_object_off_carriageway,1st_point_of_impact,was_vehicle_left_hand_drive?,journey_purpose_of_driver,sex_of_driver,age_of_driver,age_band_of_driver,engine_capacity_cc,propulsion_code,age_of_vehicle,driver_imd_decile,driver_home_area_type,vehicle_imd_decile,vehicle_reference_y,casualty_reference,casualty_class,sex_of_casualty,age_of_casualty,age_band_of_casualty,casualty_severity,pedestrian_location,pedestrian_movement,car_passenger,bus_or_coach_passenger,pedestrian_road_maintenance_worker,casualty_type,casualty_home_area_type,casualty_imd_decile,accident_year_x,accident_reference_x,local_authority_ons_district,pedestrian_crossing_human_control,pedestrian_crossing_physical_facilities,trunk_road_flag,accident_year_y,accident_reference_y,vehicle_direction_from,vehicle_direction_to,vehicle_location_restricted_lane,first_point_of_impact,vehicle_left_hand_drive,generic_make_model,accident_year,accident_reference,year,month,severity,hours
3996,201501EO40705,531760.0,183020.0,-0.101883,51.530723,1,Slight,2,1,2015-08-31,Monday,03:20,Islington,E09000019,3,501,2,30.0,3,4,3,501,0.0,8.0,4,2,2,0,0,1,2,E01002707,3,1,31/08/2015,31/08/2015,1,9,0,4,0.0,8,0,0,0,0,1.0,1.0,6,Male,29,26 - 35,2996,1,8,-1,1,-1.0,1,1,1,1,29,6,3,0,0,0,0,0,9,1,2,,,,,,,,,,,,,,,,,2015,8,1,3
4031,201501EO40743,530320.0,183310.0,-0.122523,51.533663,1,Slight,2,3,2015-05-09,Saturday,20:11,Camden,E09000007,3,5200,6,20.0,3,4,5,0,0.0,0.0,4,1,1,0,0,1,1,E01000953,3,1,05/09/2015,05/09/2015,1,9,0,6,0.0,1,0,0,0,0,2.0,1.0,6,Female,28,26 - 35,1587,1,12,-1,1,-1.0,1,1,1,2,28,6,3,0,0,0,0,0,9,1,7,,,,,,,,,,,,,,,,,2015,5,3,20
4032,201501EO40744,531380.0,184940.0,-0.106642,51.548065,1,Slight,2,1,2015-10-16,Friday,21:20,Islington,E09000019,3,1,6,30.0,0,-1,-1,0,0.0,0.0,4,1,1,0,0,1,2,E01002795,3,1,16/10/2015,16/10/2015,1,5,0,18,0.0,0,0,0,0,0,1.0,1.0,6,Male,31,26 - 35,-1,-1,-1,-1,1,-1.0,1,1,1,1,31,6,3,0,0,0,0,0,5,1,1,,,,,,,,,,,,,,,,,2015,10,1,21
4040,201501EO40753,532020.0,184230.0,-0.097683,51.541536,1,Slight,2,1,2015-09-24,Thursday,18:00,Islington,E09000019,3,1200,6,30.0,0,-1,-1,0,0.0,1.0,1,1,1,0,0,1,1,E01002793,3,1,24/09/2015,24/09/2015,1,9,0,6,0.0,0,0,0,0,0,3.0,1.0,6,Male,27,26 - 35,1198,1,3,-1,1,-1.0,2,1,1,1,27,6,3,0,0,0,0,0,3,1,6,,,,,,,,,,,,,,,,,2015,9,1,18
4049,201501EO40764,530080.0,187450.0,-0.124452,51.570923,1,Slight,1,1,2015-09-25,Friday,21:29,Islington,E09000019,3,103,6,30.0,3,4,6,0,0.0,1.0,4,1,1,0,0,1,1,E01002758,3,1,25/09/2015,25/09/2015,1,3,0,18,0.0,1,0,0,0,0,1.0,1.0,6,Male,34,26 - 35,125,1,6,-1,1,-1.0,1,1,3,1,59,9,3,1,1,0,0,2,0,1,2,,,,,,,,,,,,,,,,,2015,9,1,21
4066,201501EO40787,531240.0,183230.0,-0.109297,51.532731,1,Slight,2,1,2015-05-10,Sunday,20:08,Islington,E09000019,5,0,6,20.0,6,4,6,0,0.0,0.0,4,2,2,0,0,1,1,E01002695,3,1,05/10/2015,05/10/2015,1,8,0,7,0.0,8,0,0,0,0,4.0,1.0,1,Male,33,26 - 35,2499,2,4,-1,1,-1.0,2,1,1,1,18,4,3,0,0,0,0,0,3,1,2,,,,,,,,,,,,,,,,,2015,5,1,20
4068,201501EO40789,530720.0,186320.0,-0.115642,51.56062,1,Slight,2,1,2015-12-10,Thursday,19:12,Islington,E09000019,3,103,6,20.0,0,-1,-1,0,0.0,0.0,4,1,1,0,0,1,1,E01002731,3,1,12/10/2015,12/10/2015,1,9,0,5,0.0,0,0,0,0,0,3.0,1.0,6,Male,34,26 - 35,1968,2,5,-1,1,-1.0,2,1,1,1,19,4,3,0,0,0,0,0,2,1,3,,,,,,,,,,,,,,,,,2015,12,1,19
4069,201501EO40790,530760.0,186270.0,-0.115084,51.560161,1,Slight,2,1,2015-10-14,Wednesday,23:08,Islington,E09000019,3,503,6,20.0,6,2,3,103,0.0,5.0,4,1,1,0,0,1,1,E01002730,3,1,14/10/2015,14/10/2015,1,3,0,18,0.0,8,0,0,0,0,3.0,1.0,6,Male,21,21 - 25,124,1,1,-1,1,-1.0,1,1,1,1,21,5,3,0,0,0,0,0,3,1,3,,,,,,,,,,,,,,,,,2015,10,1,23
4091,201501EO40815,531110.0,183660.0,-0.11101,51.536625,1,Serious,2,2,2015-11-14,Saturday,03:32,Islington,E09000019,5,0,6,20.0,0,-1,-1,0,0.0,8.0,4,1,2,0,0,1,1,E01002700,2,2,14/11/2015,14/11/2015,1,8,0,3,0.0,0,0,0,0,0,2.0,1.0,1,Male,28,26 - 35,1956,2,4,-1,1,-1.0,1,2,2,1,22,5,3,0,0,1,0,0,8,1,4,,,,,,,,,,,,,,,,,2015,11,4,3
4092,201501EO40816,532390.0,183910.0,-0.092471,51.538574,1,Slight,2,1,2015-11-21,Saturday,18:28,Islington,E09000019,3,1200,6,20.0,3,4,6,0,0.0,1.0,5,1,2,0,0,1,1,E01002797,3,1,21/11/2015,21/11/2015,1,9,0,9,0.0,5,0,0,0,0,4.0,1.0,6,Male,25,21 - 25,2000,2,4,-1,1,-1.0,2,1,1,1,49,8,3,0,0,0,0,0,5,1,10,,,,,,,,,,,,,,,,,2015,11,1,18
4094,201501EO40818,530660.0,184200.0,-0.117294,51.541582,1,Slight,2,1,2015-11-22,Sunday,21:35,Islington,E09000019,3,5203,6,20.0,0,-1,-1,0,0.0,0.0,4,1,1,0,0,1,1,E01002712,3,1,22/11/2015,22/11/2015,1,3,0,4,0.0,0,0,0,0,0,4.0,1.0,2,Male,25,21 - 25,125,1,9,-1,1,-1.0,1,1,1,1,25,5,3,0,0,0,0,0,3,1,9,,,,,,,,,,,,,,,,,2015,11,1,21
4106,201501EO40832,531900.0,186280.0,-0.098645,51.559986,1,Slight,2,1,2015-10-28,Wednesday,18:25,Islington,E09000019,3,1201,6,30.0,0,-1,-1,0,0.0,0.0,4,1,1,0,0,1,1,E01002747,3,1,28/10/2015,28/10/2015,1,9,0,6,0.0,0,0,0,0,0,3.0,1.0,6,Female,32,26 - 35,1199,1,12,-1,1,-1.0,2,1,1,1,31,6,3,0,0,0,0,0,1,1,6,,,,,,,,,,,,,,,,,2015,10,1,18
4113,201501EO40839,530380.0,186060.0,-0.120641,51.558362,1,Slight,2,2,2015-11-27,Friday,18:00,Islington,E09000019,3,1,3,30.0,9,2,5,0,0.0,5.0,4,2,2,0,0,1,1,E01002786,3,1,27/11/2015,27/11/2015,1,9,0,18,0.0,8,0,7,1,1,3.0,1.0,1,Male,29,26 - 35,1997,2,4,-1,1,-1.0,1,1,1,1,29,6,3,0,0,0,0,0,9,1,5,,,,,,,,,,,,,,,,,2015,11,2,18
4118,201501EO40844,531390.0,184340.0,-0.106722,51.542671,1,Slight,2,1,2015-11-25,Wednesday,21:24,Islington,E09000019,4,515,6,20.0,6,2,4,515,0.0,5.0,4,1,2,0,0,1,1,E01002699,3,1,25/11/2015,25/11/2015,1,9,0,9,0.0,6,0,0,0,0,1.0,1.0,1,Male,31,26 - 35,1598,1,9,-1,1,-1.0,2,1,1,2,22,5,3,0,0,0,0,0,1,1,3,,,,,,,,,,,,,,,,,2015,11,1,21
4121,201501EO40847,532220.0,182250.0,-0.095544,51.523696,1,Slight,2,1,2015-11-26,Thursday,18:50,Islington,E09000019,5,0,2,20.0,3,4,6,0,0.0,0.0,4,1,1,0,0,1,1,E01002706,3,1,26/11/2015,26/11/2015,1,3,0,9,0.0,8,0,0,0,0,1.0,1.0,1,Male,22,21 - 25,125,1,4,-1,1,-1.0,1,1,1,1,22,5,3,0,0,0,0,0,3,1,1,,,,,,,,,,,,,,,,,2015,11,1,18
4140,201501EO40869,532160.0,184140.0,-0.0957,51.540694,1,Slight,2,2,2015-11-23,Monday,18:00,Islington,E09000019,3,104,6,20.0,6,2,3,1200,0.0,5.0,1,1,1,0,0,1,2,E01002797,3,1,23/11/2015,23/11/2015,1,9,0,3,0.0,1,0,0,0,0,2.0,1.0,1,Male,31,26 - 35,1896,2,14,-1,1,-1.0,1,1,1,1,31,6,3,0,0,0,0,0,9,1,2,,,,,,,,,,,,,,,,,2015,11,2,18
4151,201501EO40881,531080.0,185100.0,-0.110906,51.549573,1,Slight,1,1,2015-10-18,Sunday,23:35,Islington,E09000019,4,515,6,30.0,6,2,5,0,0.0,5.0,4,1,1,0,0,1,1,E01033486,3,1,18/10/2015,18/10/2015,1,3,0,18,0.0,8,0,0,0,0,4.0,1.0,6,Male,20,16 - 20,124,1,-1,-1,1,-1.0,1,1,1,1,20,4,3,0,0,0,0,0,3,1,4,,,,,,,,,,,,,,,,,2015,10,1,23
4155,201501EO40887,529150.0,185860.0,-0.138447,51.556847,1,Slight,2,2,2015-04-12,Sunday,21:55,Islington,E09000019,3,400,6,20.0,7,2,5,0,0.0,5.0,4,4,1,0,0,1,1,E01000921,3,1,04/12/2015,04/12/2015,1,9,0,10,0.0,8,0,0,0,0,4.0,1.0,6,Male,26,26 - 35,1242,1,11,-1,1,-1.0,1,1,1,1,26,6,3,0,0,0,0,0,9,1,3,,,,,,,,,,,,,,,,,2015,4,2,21
4165,201501EO40899,530330.0,183310.0,-0.122379,51.533661,1,Serious,2,2,2015-11-13,Friday,23:00,Camden,E09000007,3,5200,6,20.0,3,4,5,0,0.0,8.0,7,1,1,0,0,1,1,E01002711,2,2,13/11/2015,13/11/2015,1,9,0,3,0.0,1,0,0,0,0,3.0,1.0,6,Male,30,26 - 35,-1,-1,-1,-1,1,-1.0,1,1,1,1,30,6,3,0,0,0,0,0,9,1,1,,,,,,,,,,,,,,,,,2015,11,4,23
4170,201501EO40905,529680.0,186690.0,-0.1305,51.564185,1,Slight,1,1,2015-04-12,Sunday,00:05,Islington,E09000019,3,1,6,30.0,3,4,3,1,0.0,4.0,4,2,2,0,0,1,1,E01002774,3,1,04/12/2015,04/12/2015,1,8,0,18,0.0,2,0,0,0,0,1.0,1.0,6,Male,32,26 - 35,2143,2,1,-1,1,-1.0,1,1,3,1,20,4,3,1,1,0,0,2,0,1,8,,,,,,,,,,,,,,,,,2015,4,1,0
4173,201501EO40908,530730.0,185700.0,-0.115728,51.555046,1,Slight,1,1,2015-05-10,Sunday,22:10,Islington,E09000019,3,1,3,20.0,3,4,6,0,0.0,4.0,4,2,2,0,0,1,1,E01002767,3,1,05/10/2015,05/10/2015,1,9,0,5,0.0,1,0,0,0,0,1.0,1.0,6,Male,25,21 - 25,2995,1,-1,-1,1,-1.0,1,1,3,1,79,11,3,1,3,0,0,2,0,1,4,,,,,,,,,,,,,,,,,2015,5,1,22
4189,201501EO40928,529630.0,187180.0,-0.131041,51.5686,1,Slight,2,1,2015-12-28,Monday,18:55,Islington,E09000019,5,0,6,30.0,3,4,6,0,0.0,1.0,4,1,1,0,0,1,1,E01002759,3,1,28/12/2015,28/12/2015,1,4,0,10,0.0,8,0,0,0,0,4.0,1.0,2,Male,30,26 - 35,108,1,2,-1,1,-1.0,1,1,1,1,30,6,3,0,0,0,0,0,4,1,2,,,,,,,,,,,,,,,,,2015,12,1,18
4200,201501EO40945,531030.0,185780.0,-0.111374,51.555695,1,Slight,1,1,2015-11-30,Monday,19:21,Islington,E09000019,3,103,6,20.0,9,4,6,0,0.0,1.0,4,2,2,0,0,1,1,E01002751,3,1,30/11/2015,30/11/2015,1,3,0,18,0.0,8,0,0,0,0,1.0,1.0,6,Male,32,26 - 35,125,1,9,-1,1,-1.0,1,1,3,1,29,6,3,1,1,0,0,2,0,1,3,,,,,,,,,,,,,,,,,2015,11,1,19
4201,201501EO40946,532480.0,184440.0,-0.090975,51.543315,1,Slight,2,2,2015-12-28,Monday,21:36,Islington,E09000019,3,104,6,20.0,0,-1,-1,0,0.0,0.0,4,1,1,0,0,1,2,E01002720,3,1,28/12/2015,28/12/2015,1,9,0,2,0.0,0,0,0,0,0,2.0,1.0,6,Female,22,21 - 25,2143,2,5,-1,1,-1.0,1,1,1,2,22,5,3,0,0,0,0,0,9,1,2,,,,,,,,,,,,,,,,,2015,12,2,21
4228,201501EO49020,531030.0,186170.0,-0.111229,51.5592,1,Slight,1,1,2015-10-12,Monday,23:52,Islington,E09000019,3,503,2,30.0,3,4,6,0,0.0,1.0,7,2,2,0,0,1,1,E01002730,3,1,10/12/2015,10/12/2015,1,9,0,16,2.0,2,1,10,1,2,4.0,1.0,2,Male,19,16 - 20,1242,1,1,-1,2,-1.0,1,1,1,1,19,4,3,0,0,0,0,0,9,2,9,,,,,,,,,,,,,,,,,2015,10,1,23
4230,201501EO49026,529830.0,186610.0,-0.128367,51.563431,1,Slight,1,1,2015-11-12,Thursday,18:36,Islington,E09000019,3,1,6,30.0,3,4,6,0,0.0,4.0,1,1,2,0,0,1,1,E01002774,3,1,11/12/2015,11/12/2015,1,3,0,18,0.0,1,0,0,0,0,1.0,1.0,6,Male,28,26 - 35,124,1,-1,-1,1,-1.0,1,1,3,2,25,5,3,4,4,0,0,2,0,1,2,,,,,,,,,,,,,,,,,2015,11,1,18
4237,201501EO49071,531390.0,182110.0,-0.107553,51.522631,1,Slight,2,1,2015-10-28,Wednesday,21:30,Islington,E09000019,3,201,6,30.0,0,-1,-1,0,0.0,5.0,4,1,1,0,0,1,1,E01002724,3,1,28/10/2015,28/10/2015,1,8,0,6,0.0,0,0,0,0,0,3.0,1.0,1,Male,30,26 - 35,1997,2,3,-1,1,-1.0,2,1,1,1,27,6,3,0,0,0,0,0,2,1,5,,,,,,,,,,,,,,,,,2015,10,1,21
4238,201501EO49072,530590.0,184860.0,-0.118058,51.54753,1,Slight,2,3,2015-03-11,Wednesday,00:54,Islington,E09000019,3,5203,6,20.0,0,-1,-1,0,0.0,0.0,4,1,1,0,0,1,1,E01002765,3,1,03/11/2015,03/11/2015,1,9,0,18,0.0,0,0,0,0,0,1.0,1.0,6,Male,23,21 - 25,1995,2,9,-1,1,-1.0,1,2,1,1,23,5,3,0,0,0,0,0,9,1,5,,,,,,,,,,,,,,,,,2015,3,3,0
4249,201501EO49164,531080.0,183380.0,-0.111546,51.534116,1,Slight,2,1,2015-12-06,Sunday,20:30,Islington,E09000019,5,0,6,30.0,9,2,6,0,0.0,5.0,7,2,2,0,0,1,2,E01002695,3,1,12/06/2015,12/06/2015,1,3,0,4,0.0,1,1,0,0,0,0.0,1.0,6,Male,28,26 - 35,107,1,2,-1,1,-1.0,1,1,1,1,28,6,3,0,0,0,0,0,3,1,2,,,,,,,,,,,,,,,,,2015,12,1,20
4252,201501EO49188,530720.0,183660.0,-0.11663,51.536716,1,Slight,1,1,2015-09-19,Saturday,23:10,Islington,E09000019,3,5203,6,30.0,6,2,4,154,0.0,5.0,4,4,1,0,0,1,1,E01002694,3,1,19/09/2015,19/09/2015,1,3,0,15,0.0,2,0,0,0,0,1.0,1.0,6,Male,24,21 - 25,124,1,8,-1,1,-1.0,1,1,3,2,63,9,3,1,4,0,0,2,0,-1,-1,,,,,,,,,,,,,,,,,2015,9,1,23
4255,201501FH10005,522350.0,180080.0,-0.23849,51.506416,1,Slight,2,1,2015-11-01,Sunday,05:25,Hammersmith and Fulham,E09000013,3,4020,6,30.0,3,4,6,0,0.0,0.0,4,1,1,0,0,1,1,E01001954,3,1,11/01/2015,11/01/2015,1,9,0,7,0.0,8,0,0,0,0,1.0,1.0,6,Male,30,26 - 35,1896,2,13,-1,1,-1.0,1,1,1,1,30,6,3,0,0,0,0,0,9,1,4,,,,,,,,,,,,,,,,,2015,11,1,5
4261,201501FH10017,522020.0,179210.0,-0.243543,51.498668,1,Slight,1,1,2015-01-14,Wednesday,22:28,Hammersmith and Fulham,E09000013,3,402,1,30.0,1,4,4,409,0.0,1.0,4,5,2,0,0,1,1,E01001930,3,1,14/01/2015,14/01/2015,1,9,0,17,0.0,8,0,10,0,0,1.0,1.0,6,Male,34,26 - 35,1998,1,10,-1,1,-1.0,1,1,1,1,34,6,3,0,0,0,0,0,9,1,6,,,,,,,,,,,,,,,,,2015,1,1,22
4267,201501FH10024,522990.0,178550.0,-0.229806,51.492527,1,Slight,2,1,2015-09-01,Tuesday,18:28,Hammersmith and Fulham,E09000013,3,315,6,30.0,3,4,6,0,0.0,0.0,4,1,1,0,0,1,1,E01001894,3,1,09/01/2015,09/01/2015,1,9,0,2,0.0,2,0,0,0,0,3.0,1.0,6,Male,30,26 - 35,2000,2,4,-1,1,-1.0,2,1,1,1,25,5,3,0,0,0,0,0,1,1,5,,,,,,,,,,,,,,,,,2015,9,1,18
4277,201501FH10036,523850.0,180000.0,-0.216916,51.505371,1,Slight,2,1,2015-04-01,Wednesday,19:09,Hammersmith and Fulham,E09000013,3,3220,3,30.0,0,-1,-1,0,0.0,5.0,4,1,2,0,0,1,1,E01002873,3,1,04/01/2015,04/01/2015,1,9,0,4,0.0,0,0,0,0,0,2.0,1.0,6,Female,20,16 - 20,1599,1,7,-1,1,-1.0,1,1,1,2,20,4,3,0,0,0,0,0,9,1,3,,,,,,,,,,,,,,,,,2015,4,1,19
4293,201501FH10058,524030.0,176730.0,-0.215472,51.475943,1,Serious,2,1,2015-10-02,Friday,21:41,Hammersmith and Fulham,E09000013,3,219,6,30.0,3,4,6,0,0.0,0.0,4,1,1,0,0,1,1,E01001915,2,2,10/02/2015,10/02/2015,1,3,0,18,0.0,8,0,0,0,0,1.0,1.0,6,Male,17,16 - 20,124,1,12,-1,1,-1.0,1,1,1,1,17,4,2,0,0,0,0,0,3,1,5,,,,,,,,,,,,,,,,,2015,10,2,21
4316,201501FH10088,523500.0,180440.0,-0.221802,51.509402,1,Slight,2,2,2015-02-19,Thursday,18:00,Hammersmith and Fulham,E09000013,6,0,1,30.0,1,2,6,0,0.0,5.0,4,2,2,0,0,1,2,E01001943,3,1,19/02/2015,19/02/2015,1,9,0,17,0.0,8,0,0,0,0,2.0,1.0,6,Male,28,26 - 35,2497,2,9,-1,1,-1.0,1,1,1,1,28,6,3,0,0,0,0,0,9,1,2,,,,,,,,,,,,,,,,,2015,2,2,18
4317,201501FH10089,523480.0,178610.0,-0.22273,51.492959,1,Slight,2,1,2015-02-15,Sunday,19:50,Hammersmith and Fulham,E09000013,3,219,2,30.0,3,2,3,219,0.0,5.0,4,1,1,0,0,1,2,E01001898,3,1,15/02/2015,15/02/2015,1,9,0,9,0.0,8,0,0,0,0,2.0,1.0,6,Male,32,26 - 35,1598,1,8,-1,1,-1.0,1,1,1,1,32,6,3,0,0,0,0,0,9,1,3,,,,,,,,,,,,,,,,,2015,2,1,19
4320,201501FH10094,524870.0,177790.0,-0.203008,51.485285,1,Slight,1,1,2015-01-22,Thursday,19:03,Hammersmith and Fulham,E09000013,3,3218,6,30.0,0,-1,-1,0,0.0,0.0,4,1,1,0,0,1,1,E01001909,3,1,22/01/2015,22/01/2015,1,3,0,18,0.0,0,0,0,0,0,1.0,1.0,2,Male,20,16 - 20,-1,-1,-1,-1,1,-1.0,1,1,1,1,20,4,3,0,0,0,0,0,3,1,6,,,,,,,,,,,,,,,,,2015,1,1,19
4326,201501FH10100,525910.0,176630.0,-0.188451,51.47463,1,Slight,2,1,2015-01-03,Saturday,22:40,Hammersmith and Fulham,E09000013,5,0,6,30.0,3,4,6,0,0.0,0.0,4,1,2,0,0,1,1,E01001923,3,1,01/03/2015,01/03/2015,1,9,0,7,0.0,8,0,0,0,0,1.0,1.0,6,Female,21,21 - 25,1242,1,6,-1,1,-1.0,2,1,1,1,24,5,3,0,0,0,0,0,3,1,4,,,,,,,,,,,,,,,,,2015,1,1,22
4327,201501FH10101,523180.0,181060.0,-0.226194,51.515043,1,Slight,1,1,2015-02-01,Sunday,21:26,Hammersmith and Fulham,E09000013,3,40,3,30.0,0,-1,-1,0,0.0,0.0,4,1,1,0,0,1,1,E01001874,3,1,02/01/2015,02/01/2015,1,5,0,18,0.0,0,0,10,4,6,3.0,1.0,6,Male,32,26 - 35,599,1,11,-1,1,-1.0,1,1,1,1,32,6,3,0,0,0,0,0,5,1,3,,,,,,,,,,,,,,,,,2015,2,1,21
4342,201501FH10118,522590.0,180970.0,-0.234724,51.514363,1,Slight,2,1,2015-02-19,Thursday,18:10,Hammersmith and Fulham,E09000013,3,40,3,40.0,0,-1,-1,0,0.0,4.0,4,2,2,0,0,1,2,E01001958,3,1,19/02/2015,19/02/2015,1,5,0,13,0.0,0,0,0,0,0,4.0,1.0,6,Male,31,26 - 35,599,1,4,-1,1,-1.0,1,1,1,1,31,6,3,0,0,0,0,0,5,1,6,,,,,,,,,,,,,,,,,2015,2,1,18
4346,201501FH10122,525850.0,177270.0,-0.189087,51.480395,1,Slight,2,1,2015-03-13,Friday,01:15,Hammersmith and Fulham,E09000013,3,304,6,30.0,0,-1,-1,0,0.0,0.0,4,1,1,0,0,1,1,E01001920,3,1,13/03/2015,13/03/2015,1,3,0,16,0.0,0,0,0,0,0,1.0,1.0,1,Male,22,21 - 25,125,1,4,-1,1,-1.0,1,1,1,1,22,5,3,0,0,0,0,0,3,1,2,,,,,,,,,,,,,,,,,2015,3,1,1
4351,201501FH10127,525030.0,177000.0,-0.200985,51.47815,1,Slight,2,2,2015-03-18,Wednesday,20:35,Hammersmith and Fulham,E09000013,3,304,6,30.0,3,4,6,0,0.0,0.0,4,1,1,0,0,1,1,E01001947,3,1,18/03/2015,18/03/2015,1,3,0,9,0.0,8,0,0,0,0,1.0,1.0,6,Male,28,26 - 35,109,1,2,-1,1,-1.0,1,1,1,1,28,6,3,0,0,0,0,0,3,1,3,,,,,,,,,,,,,,,,,2015,3,2,20
4352,201501FH10128,523430.0,178310.0,-0.223555,51.490274,1,Slight,2,2,2015-02-28,Saturday,20:30,Hammersmith and Fulham,E09000013,3,219,6,30.0,8,4,6,0,0.0,0.0,4,2,2,0,0,1,1,E01001900,3,1,28/02/2015,28/02/2015,1,9,0,9,0.0,8,0,0,0,0,1.0,1.0,6,Male,30,26 - 35,3724,1,12,-1,1,-1.0,1,1,1,1,30,6,3,0,0,0,0,0,9,1,3,,,,,,,,,,,,,,,,,2015,2,2,20
4356,201501FH10132,524580.0,178400.0,-0.206968,51.490831,1,Serious,1,2,2015-02-24,Tuesday,18:49,Hammersmith and Fulham,E09000013,3,4,3,40.0,6,2,4,317,0.0,5.0,4,1,1,0,0,1,1,E01001914,2,2,24/02/2015,24/02/2015,1,9,0,18,0.0,8,0,0,0,0,1.0,1.0,6,Male,29,26 - 35,1686,2,8,-1,1,-1.0,1,1,3,1,54,8,2,1,1,0,0,2,0,-1,-1,,,,,,,,,,,,,,,,,2015,2,4,18
4361,201501FH10139,523730.0,177580.0,-0.219492,51.483648,1,Slight,2,1,2015-03-29,Sunday,05:55,Hammersmith and Fulham,E09000013,3,219,6,30.0,6,2,3,3218,0.0,5.0,1,1,1,0,0,1,2,E01001891,3,1,29/03/2015,29/03/2015,1,9,0,3,0.0,8,0,0,0,0,2.0,1.0,2,Male,30,26 - 35,2179,2,5,-1,1,-1.0,1,1,1,1,30,6,3,0,0,0,0,0,9,1,4,,,,,,,,,,,,,,,,,2015,3,1,5
4380,201501FH10161,522210.0,180090.0,-0.240502,51.506536,1,Slight,2,1,2015-03-30,Monday,18:55,Hammersmith and Fulham,E09000013,3,4020,6,30.0,3,4,6,0,0.0,4.0,4,2,2,0,0,1,1,E01001860,3,1,30/03/2015,30/03/2015,1,9,0,9,0.0,8,0,0,0,0,4.0,1.0,6,Male,31,26 - 35,1798,1,7,-1,1,-1.0,2,1,1,1,39,7,3,0,0,0,0,0,3,1,8,,,,,,,,,,,,,,,,,2015,3,1,18
4391,201501FH10172,525010.0,176860.0,-0.201322,51.476896,1,Slight,2,1,2015-08-04,Tuesday,23:51,Hammersmith and Fulham,E09000013,5,0,6,30.0,3,4,6,0,0.0,0.0,4,1,1,0,0,1,1,E01001950,3,1,08/04/2015,08/04/2015,1,3,0,13,0.0,8,0,0,0,0,1.0,1.0,1,Male,23,21 - 25,125,1,4,-1,1,-1.0,1,1,1,1,23,5,3,0,0,0,0,0,3,1,7,,,,,,,,,,,,,,,,,2015,8,1,23
4395,201501FH10176,522640.0,178950.0,-0.234706,51.496198,1,Serious,1,2,2015-12-04,Friday,02:55,Hammersmith and Fulham,E09000013,4,408,6,30.0,3,4,4,408,0.0,0.0,4,1,1,0,0,1,1,E01001928,2,2,12/04/2015,12/04/2015,1,9,0,16,0.0,8,0,0,0,0,1.0,1.0,6,Male,23,21 - 25,1242,1,4,-1,1,-1.0,1,1,1,1,23,5,2,0,0,0,0,0,9,1,3,,,,,,,,,,,,,,,,,2015,12,4,2
4397,201501FH10180,523400.0,179740.0,-0.223487,51.503132,1,Slight,2,2,2015-12-04,Friday,01:00,Hammersmith and Fulham,E09000013,3,219,3,30.0,6,2,3,402,0.0,5.0,4,1,1,0,0,1,2,E01001943,3,1,12/04/2015,12/04/2015,1,9,0,18,0.0,8,0,0,0,0,3.0,1.0,6,Male,31,26 - 35,1796,1,10,-1,1,-1.0,1,1,1,1,31,6,3,0,0,0,0,0,9,1,2,,,,,,,,,,,,,,,,,2015,12,2,1
4401,201501FH10184,523620.0,179330.0,-0.220463,51.4994,1,Slight,2,1,2015-04-19,Sunday,18:47,Hammersmith and Fulham,E09000013,5,0,2,30.0,6,4,6,0,0.0,0.0,1,1,1,0,0,1,1,E01001851,3,1,19/04/2015,19/04/2015,1,3,0,9,0.0,8,0,0,0,0,1.0,1.0,6,Male,21,21 - 25,124,1,12,-1,1,-1.0,1,1,1,1,21,5,3,0,0,0,0,0,3,1,4,,,,,,,,,,,,,,,,,2015,4,1,18
4418,201501FH10201,523910.0,176970.0,-0.217114,51.478127,1,Slight,1,1,2015-04-20,Monday,19:20,Hammersmith and Fulham,E09000013,3,219,6,30.0,3,4,6,0,0.0,0.0,1,1,1,0,0,1,1,E01001918,3,1,20/04/2015,20/04/2015,1,3,0,18,0.0,8,0,0,0,0,1.0,1.0,6,Female,27,26 - 35,125,1,1,-1,1,-1.0,1,1,3,2,22,5,3,5,1,0,0,2,0,1,7,,,,,,,,,,,,,,,,,2015,4,1,19
4429,201501FH10212,521640.0,180890.0,-0.248435,51.513849,1,Slight,2,2,2015-11-04,Wednesday,01:33,Hammersmith and Fulham,E09000013,3,40,3,30.0,0,-1,-1,0,0.0,5.0,4,1,1,0,0,1,2,E01001959,3,1,11/04/2015,11/04/2015,1,9,0,3,0.0,0,0,0,0,0,2.0,1.0,6,Male,33,26 - 35,1598,2,2,-1,1,-1.0,1,1,1,1,33,6,3,0,0,0,0,0,9,1,2,,,,,,,,,,,,,,,,,2015,11,2,1
4452,201501FH10237,524080.0,179390.0,-0.213818,51.499838,1,Slight,2,1,2015-05-16,Saturday,00:03,Hammersmith and Fulham,E09000013,6,0,6,30.0,0,-1,-1,0,0.0,0.0,4,2,2,0,0,1,1,E01001855,3,1,16/05/2015,16/05/2015,1,3,0,18,0.0,0,0,0,0,0,2.0,1.0,6,Male,26,26 - 35,-1,-1,-1,-1,1,-1.0,1,1,1,1,26,6,3,0,0,0,0,0,3,1,7,,,,,,,,,,,,,,,,,2015,5,1,0
4453,201501FH10238,521890.0,180100.0,-0.245107,51.506695,1,Slight,2,2,2015-05-14,Thursday,22:45,Hammersmith and Fulham,E09000013,3,4020,6,30.0,5,2,4,408,0.0,5.0,1,2,2,0,0,1,1,E01001861,3,1,14/05/2015,14/05/2015,1,9,0,18,0.0,8,0,0,0,0,1.0,1.0,6,Female,22,21 - 25,1242,1,12,-1,1,-1.0,2,1,1,1,72,10,3,0,0,0,0,0,9,1,2,,,,,,,,,,,,,,,,,2015,5,2,22