,accident_index,location_easting_osgr,location_northing_osgr,longitude,latitude,police_force,accident_severity,number_of_vehicles,number_of_casualties,date,day_of_week,time,local_authority_district,local_authority_highway,first_road_class,first_road_number,road_type,speed_limit,junction_detail,junction_control,second_road_class,second_road_number,pedestrian_crossing-human_control,pedestrian_crossing-physical_facilities,light_conditions,weather_conditions,road_surface_conditions,special_conditions_at_site,carriageway_hazards,urban_or_rural_area,did_police_officer_attend_scene_of_accident,lsoa_of_accident_location,accident_severity_num,accident_severity_inv,date2,date_original,vehicle_reference_x,vehicle_type,towing_and_articulation,vehicle_manoeuvre,vehicle_location-restricted_lane,junction_location,skidding_and_overturning,hit_object_in_carriageway,vehicle_leaving_carriageway,hit_object_off_carriageway,1st_point_of_impact,was_vehicle_left_hand_drive?,journey_purpose_of_driver,sex_of_driver,age_of_driver,age_band_of_driver,engine_capacity_cc,propulsion_code,age_of_vehicle,driver_imd_decile,driver_home_area_type,vehicle_imd_decile,vehicle_reference_y,casualty_reference,casualty_class,sex_of_casualty,age_of_casualty,age_band_of_casualty,casualty_severity,pedestrian_location,pedestrian_movement,car_passenger,bus_or_coach_passenger,pedestrian_road_maintenance_worker,casualty_type,casualty_home_area_type,casualty_imd_decile,accident_year_x,accident_reference_x,local_authority_ons_district,pedestrian_crossing_human_control,pedestrian_crossing_physical_facilities,trunk_road_flag,accident_year_y,accident_reference_y,vehicle_direction_from,vehicle_direction_to,vehicle_location_restricted_lane,first_point_of_impact,vehicle_left_hand_drive,generic_make_model,accident_year,accident_reference,year,month,severity,hours
5295,201501GD10563,533470.0,183480.0,-0.077071,51.534455,1,Slight,2,2,2015-07-18,Saturday,18:25,Hackney,E09000012,3,10,6,30.0,6,2,5,0,0.0,5.0,1,1,1,0,0,1,1,E01001755,3,1,18/07/2015,18/07/2015,1,9,0,18,0.0,8,0,0,0,0,1.0,1.0,6,Male,35,26 - 35,1242,1,11,-1,1,-1.0,1,1,1,1,35,6,3,0,0,0,0,0,9,1,5,,,,,,,,,,,,,,,,,2015,7,2,18
5321,201501GD10593,532320.0,182810.0,-0.093893,51.528705,1,Slight,2,1,2015-07-16,Thursday,19:15,Islington,E09000019,3,501,6,30.0,3,4,6,0,0.0,0.0,1,1,1,0,0,1,1,E01002702,3,1,16/07/2015,16/07/2015,1,8,0,9,0.0,8,0,0,0,0,1.0,1.0,1,Male,27,26 - 35,1968,2,4,-1,1,-1.0,2,1,1,1,37,7,3,0,0,0,0,0,3,1,1,,,,,,,,,,,,,,,,,2015,7,1,19
5332,201501GD10605,534620.0,186790.0,-0.059236,51.563927,1,Slight,2,1,2015-07-13,Monday,23:15,Hackney,E09000012,3,107,6,30.0,8,4,6,0,0.0,4.0,4,1,1,0,0,1,1,E01001722,3,1,13/07/2015,13/07/2015,1,9,0,9,0.0,8,0,0,0,0,3.0,1.0,6,Male,22,21 - 25,1595,1,9,-1,1,-1.0,2,1,1,1,19,4,3,0,0,0,0,0,3,1,1,,,,,,,,,,,,,,,,,2015,7,1,23
5344,201501GD10625,533660.0,187820.0,-0.072686,51.573411,1,Slight,2,1,2015-09-08,Tuesday,01:36,Hackney,E09000012,3,10,3,30.0,6,2,3,107,0.0,5.0,4,1,1,0,0,1,1,E01001808,3,1,09/08/2015,09/08/2015,1,9,0,18,0.0,8,0,0,0,0,1.0,1.0,6,Male,23,21 - 25,1796,1,9,-1,1,-1.0,2,1,1,1,26,6,3,0,0,0,0,0,1,1,3,,,,,,,,,,,,,,,,,2015,9,1,1
5346,201501GD10627,534840.0,183920.0,-0.057163,51.538084,1,Slight,2,1,2015-05-08,Friday,23:15,Hackney,E09000012,3,107,6,30.0,6,2,5,0,0.0,5.0,4,1,1,0,0,1,1,E01033704,3,1,05/08/2015,05/08/2015,1,9,0,18,0.0,1,0,0,0,0,1.0,1.0,6,Male,21,21 - 25,1896,2,8,-1,1,-1.0,1,1,2,1,21,5,3,0,0,1,0,0,9,1,2,,,,,,,,,,,,,,,,,2015,5,1,23
5347,201501GD10628,533470.0,183060.0,-0.07723,51.530681,1,Slight,2,1,2015-05-08,Friday,19:29,Hackney,E09000012,3,10,6,30.0,6,2,5,0,0.0,5.0,1,1,1,0,0,1,1,E01033706,3,1,05/08/2015,05/08/2015,1,9,0,9,0.0,8,0,0,0,0,4.0,1.0,6,Male,21,21 - 25,1242,1,-1,-1,1,-1.0,2,1,1,2,32,6,3,0,0,0,0,0,1,1,4,,,,,,,,,,,,,,,,,2015,5,1,19
5349,201501GD10631,534860.0,186090.0,-0.056044,51.557579,1,Slight,2,1,2015-05-08,Friday,22:00,Hackney,E09000012,3,107,6,30.0,3,4,6,0,0.0,0.0,4,1,2,0,0,1,1,E01001770,3,1,05/08/2015,05/08/2015,1,9,0,6,0.0,1,0,0,0,0,3.0,1.0,6,Male,27,26 - 35,1995,2,7,-1,-1,-1.0,2,1,1,1,25,5,3,0,0,0,0,0,3,1,4,,,,,,,,,,,,,,,,,2015,5,1,22
5362,201501GD10645,534810.0,186340.0,-0.056669,51.559838,1,Slight,2,1,2015-07-31,Friday,23:20,Hackney,E09000012,3,107,6,30.0,3,4,6,0,0.0,0.0,4,1,1,0,0,1,1,E01001770,3,1,31/07/2015,31/07/2015,1,9,0,18,0.0,8,0,0,0,0,1.0,1.0,2,Male,23,21 - 25,1390,1,5,-1,1,-1.0,1,1,1,1,23,5,3,0,0,0,0,0,9,1,1,,,,,,,,,,,,,,,,,2015,7,1,23
5370,201501GD10656,533650.0,187190.0,-0.073069,51.567752,1,Slight,1,1,2015-08-20,Thursday,21:14,Hackney,E09000012,3,10,6,30.0,3,4,6,0,0.0,4.0,4,1,1,0,0,1,1,E01001800,3,1,20/08/2015,20/08/2015,1,9,0,6,0.0,1,0,10,1,0,2.0,1.0,6,Male,33,26 - 35,1299,1,12,-1,1,-1.0,1,1,3,1,21,5,3,6,9,0,0,2,0,1,3,,,,,,,,,,,,,,,,,2015,8,1,21
5371,201501GD10658,534730.0,186630.0,-0.057711,51.562463,1,Slight,2,1,2015-08-18,Tuesday,19:16,Hackney,E09000012,3,107,6,30.0,3,4,6,0,0.0,0.0,4,1,1,0,0,1,1,E01001767,3,1,18/08/2015,18/08/2015,1,9,0,9,0.0,8,0,0,0,0,4.0,1.0,6,Female,35,26 - 35,1668,1,13,-1,1,-1.0,2,1,1,1,25,5,3,0,0,0,0,0,3,1,7,,,,,,,,,,,,,,,,,2015,8,1,19
5375,201501GD10667,534280.0,186090.0,-0.064405,51.557718,1,Slight,2,1,2015-08-20,Thursday,23:03,Hackney,E09000012,6,0,6,30.0,3,4,6,0,0.0,0.0,4,1,1,0,0,1,1,E01001765,3,1,20/08/2015,20/08/2015,1,5,0,18,0.0,2,0,0,0,0,3.0,1.0,6,Male,31,26 - 35,1584,1,5,-1,1,-1.0,1,1,2,2,23,5,3,0,0,0,0,0,5,1,2,,,,,,,,,,,,,,,,,2015,8,1,23
5378,201501GD10670,533420.0,182840.0,-0.078034,51.528716,1,Slight,2,1,2015-08-27,Thursday,23:08,Hackney,E09000012,3,10,6,30.0,3,4,6,0,0.0,0.0,4,1,1,0,0,1,1,E01033706,3,1,27/08/2015,27/08/2015,1,9,0,9,0.0,8,0,0,0,0,1.0,1.0,6,Male,21,21 - 25,2179,2,-1,-1,1,-1.0,2,1,1,2,41,7,3,0,0,0,0,0,1,1,6,,,,,,,,,,,,,,,,,2015,8,1,23
5380,201501GD10674,533930.0,184550.0,-0.070036,51.543962,1,Slight,2,1,2015-08-24,Monday,22:00,Hackney,E09000012,4,108,6,30.0,6,4,6,0,0.0,1.0,4,2,2,0,0,1,1,E01001744,3,1,24/08/2015,24/08/2015,1,3,0,18,0.0,8,0,0,0,0,4.0,1.0,6,Male,26,26 - 35,125,1,2,-1,1,-1.0,1,1,1,1,26,6,3,0,0,0,0,0,3,1,2,,,,,,,,,,,,,,,,,2015,8,1,22
5382,201501GD10678,533940.0,184450.0,-0.06993,51.543061,1,Slight,2,1,2015-08-29,Saturday,19:22,Hackney,E09000012,4,108,6,30.0,6,2,5,0,0.0,5.0,1,2,2,0,0,1,1,E01001819,3,1,29/08/2015,29/08/2015,1,9,0,18,0.0,8,0,10,1,10,1.0,1.0,6,Male,31,26 - 35,1360,1,13,-1,1,-1.0,2,1,1,2,58,9,3,0,0,0,0,0,9,1,7,,,,,,,,,,,,,,,,,2015,8,1,19
5383,201501GD10679,534600.0,186830.0,-0.059509,51.564291,1,Serious,1,1,2015-08-29,Saturday,03:00,Hackney,E09000012,3,107,6,30.0,3,4,6,0,0.0,0.0,4,1,1,0,0,1,1,E01001822,2,2,29/08/2015,29/08/2015,1,9,0,18,0.0,2,0,0,0,0,1.0,1.0,6,Male,22,21 - 25,1386,1,9,-1,1,-1.0,1,1,3,1,62,9,2,5,1,0,0,2,0,-1,-1,,,,,,,,,,,,,,,,,2015,8,2,3
5385,201501GD10681,533900.0,186220.0,-0.069834,51.558976,1,Serious,4,1,2015-08-30,Sunday,22:30,Hackney,E09000012,3,10,2,30.0,0,-1,-1,0,0.0,0.0,4,1,1,0,0,1,1,E01001769,2,2,30/08/2015,30/08/2015,1,9,0,1,0.0,0,0,0,0,0,3.0,1.0,6,Male,32,26 - 35,2993,2,1,-1,1,-1.0,4,1,1,1,23,5,2,0,0,0,0,0,3,1,3,,,,,,,,,,,,,,,,,2015,8,2,22
5389,201501GD10686,533650.0,186750.0,-0.073237,51.563798,1,Slight,2,2,2015-08-28,Friday,00:23,Hackney,E09000012,3,10,6,30.0,3,4,5,0,0.0,4.0,4,1,1,0,0,1,2,E01001805,3,1,28/08/2015,28/08/2015,1,9,0,18,0.0,1,0,0,0,0,3.0,1.0,6,Male,26,26 - 35,1399,2,3,-1,1,-1.0,1,1,1,1,26,6,3,0,0,0,0,0,9,1,6,,,,,,,,,,,,,,,,,2015,8,2,0
5398,201501GD10700,534660.0,186740.0,-0.058678,51.563468,1,Slight,3,1,2015-08-09,Sunday,20:55,Hackney,E09000012,3,107,6,30.0,3,4,6,0,0.0,0.0,4,1,1,0,0,1,1,E01001722,3,1,08/09/2015,08/09/2015,1,9,0,18,0.0,1,0,0,0,0,1.0,1.0,6,Male,28,26 - 35,2143,2,2,-1,1,-1.0,2,1,2,1,49,8,3,0,0,0,0,0,19,1,8,,,,,,,,,,,,,,,,,2015,8,1,20
5410,201501GD10714,533650.0,186870.0,-0.073191,51.564876,1,Slight,1,2,2015-11-09,Monday,21:03,Hackney,E09000012,3,10,6,30.0,0,-1,-1,0,0.0,0.0,4,2,2,0,0,1,1,E01001805,3,1,11/09/2015,11/09/2015,1,2,0,14,0.0,0,0,0,0,0,1.0,1.0,1,Male,20,16 - 20,114,1,1,-1,1,-1.0,1,1,1,1,20,4,3,0,0,0,0,0,2,1,3,,,,,,,,,,,,,,,,,2015,11,2,21
5416,201501GD10723,533680.0,187910.0,-0.072363,51.574215,1,Slight,1,1,2015-02-09,Monday,20:49,Hackney,E09000012,3,10,6,30.0,3,4,6,0,0.0,4.0,4,1,1,0,0,1,1,E01001814,3,1,02/09/2015,02/09/2015,1,9,0,18,0.0,2,0,0,0,0,4.0,1.0,6,Male,30,26 - 35,1240,1,11,-1,1,-1.0,1,1,3,2,19,4,3,1,1,0,0,2,0,1,2,,,,,,,,,,,,,,,,,2015,2,1,20
5417,201501GD10725,534900.0,184080.0,-0.056237,51.539508,1,Slight,2,1,2015-10-09,Friday,19:00,Hackney,E09000012,3,107,6,30.0,3,4,6,0,0.0,0.0,1,1,1,0,0,1,1,E01001839,3,1,10/09/2015,10/09/2015,1,9,0,9,0.0,8,0,0,0,0,1.0,1.0,6,Male,27,26 - 35,1797,8,4,-1,1,-1.0,2,1,1,2,22,5,3,0,0,0,0,0,1,-1,-1,,,,,,,,,,,,,,,,,2015,10,1,19
5436,201501GD10752,534950.0,184360.0,-0.055409,51.542012,1,Slight,2,1,2015-09-22,Tuesday,21:00,Hackney,E09000012,3,107,6,30.0,3,4,6,0,0.0,0.0,4,1,1,0,0,1,1,E01033704,3,1,22/09/2015,22/09/2015,1,3,0,18,0.0,8,0,0,0,0,1.0,1.0,6,Male,34,26 - 35,124,1,3,-1,1,-1.0,1,1,1,1,34,6,3,0,0,0,0,0,3,1,1,,,,,,,,,,,,,,,,,2015,9,1,21
5440,201501GD10756,533980.0,185650.0,-0.068897,51.553835,1,Slight,2,1,2015-09-22,Tuesday,21:20,Hackney,E09000012,5,0,6,30.0,8,4,6,0,0.0,0.0,4,1,2,0,0,1,1,E01001745,3,1,22/09/2015,22/09/2015,1,9,0,1,0.0,8,0,0,0,0,2.0,1.0,6,Male,32,26 - 35,2148,2,9,-1,1,-1.0,2,1,1,1,37,7,3,0,0,0,0,0,3,1,2,,,,,,,,,,,,,,,,,2015,9,1,21
5441,201501GD10757,533490.0,184360.0,-0.07645,51.542359,1,Slight,2,1,2015-09-17,Thursday,00:11,Hackney,E09000012,3,10,6,30.0,6,2,5,0,0.0,5.0,4,2,2,0,0,1,1,E01001756,3,1,17/09/2015,17/09/2015,1,9,0,18,0.0,8,0,0,0,0,1.0,1.0,2,Male,29,26 - 35,1784,1,6,-1,1,-1.0,2,1,1,1,31,6,3,0,0,0,0,0,9,-1,-1,,,,,,,,,,,,,,,,,2015,9,1,0
5450,201501GD10769,533470.0,183480.0,-0.077071,51.534455,1,Slight,2,1,2015-09-26,Saturday,01:50,Hackney,E09000012,3,10,6,30.0,6,2,5,0,0.0,5.0,4,1,1,0,0,1,1,E01001755,3,1,26/09/2015,26/09/2015,1,9,0,18,0.0,8,0,0,0,0,3.0,1.0,6,Male,29,26 - 35,6208,1,3,-1,-1,-1.0,1,1,1,1,29,6,3,0,0,0,0,0,9,-1,-1,,,,,,,,,,,,,,,,,2015,9,1,1
5454,201501GD10774,532740.0,187910.0,-0.085919,51.574437,1,Slight,2,1,2015-09-15,Tuesday,18:25,Hackney,E09000012,3,107,6,30.0,3,4,3,503,0.0,1.0,1,1,2,0,0,1,2,E01001811,3,1,15/09/2015,15/09/2015,1,3,0,3,0.0,2,0,0,0,0,2.0,1.0,6,Male,35,26 - 35,125,1,1,-1,1,-1.0,1,1,1,1,35,6,3,0,0,0,0,0,3,1,3,,,,,,,,,,,,,,,,,2015,9,1,18
5466,201501GD10787,533650.0,187000.0,-0.073142,51.566045,1,Slight,2,1,2015-02-10,Tuesday,18:45,Hackney,E09000012,3,10,6,30.0,8,4,6,0,0.0,0.0,1,1,1,0,0,1,1,E01001800,3,1,02/10/2015,02/10/2015,1,4,0,18,0.0,8,0,0,0,0,3.0,1.0,2,Male,32,26 - 35,124,1,5,-1,1,-1.0,1,1,1,1,32,6,3,0,0,0,0,0,4,1,2,,,,,,,,,,,,,,,,,2015,2,1,18
5470,201501GD10792,532680.0,185530.0,-0.087682,51.553063,1,Slight,2,1,2015-03-10,Tuesday,22:45,Hackney,E09000012,3,105,6,30.0,0,-1,-1,0,0.0,0.0,4,1,1,0,0,1,1,E01001739,3,1,03/10/2015,03/10/2015,1,3,0,18,0.0,0,0,0,0,0,1.0,1.0,6,Male,26,26 - 35,125,1,5,-1,1,-1.0,1,1,1,1,26,6,3,0,0,0,0,0,3,1,3,,,,,,,,,,,,,,,,,2015,3,1,22
5479,201501GD10803,534770.0,186170.0,-0.05731,51.55832,1,Slight,1,2,2015-12-10,Thursday,23:28,Hackney,E09000012,5,0,6,30.0,0,-1,-1,0,0.0,0.0,4,1,1,0,0,1,1,E01001770,3,1,12/10/2015,12/10/2015,1,3,0,18,0.0,0,0,0,0,0,1.0,1.0,6,Male,35,26 - 35,-1,-1,-1,-1,1,-1.0,1,1,1,1,35,6,3,0,0,0,0,0,3,1,3,,,,,,,,,,,,,,,,,2015,12,2,23
5494,201501GD10823,533650.0,187580.0,-0.072921,51.571257,1,Slight,2,1,2015-11-10,Tuesday,18:10,Hackney,E09000012,3,10,6,30.0,0,-1,-1,0,0.0,0.0,4,1,1,0,0,1,1,E01001808,3,1,11/10/2015,11/10/2015,1,9,0,4,0.0,0,0,0,0,0,1.0,1.0,6,Male,31,26 - 35,1560,2,4,-1,1,-1.0,2,1,1,1,30,6,3,0,0,0,0,0,9,1,1,,,,,,,,,,,,,,,,,2015,11,1,18
5501,201501GD10831,536080.0,185170.0,-0.038812,51.549019,1,Slight,2,1,2015-10-18,Sunday,00:53,Hackney,E09000012,3,102,6,30.0,3,4,6,0,0.0,0.0,4,1,1,0,0,1,1,E01001848,3,1,18/10/2015,18/10/2015,1,9,0,9,0.0,8,0,0,0,0,1.0,1.0,6,Male,26,26 - 35,1796,1,8,-1,1,-1.0,2,1,1,1,50,8,3,0,0,0,0,0,9,1,6,,,,,,,,,,,,,,,,,2015,10,1,0
5511,201501GD10842,535340.0,183830.0,-0.049993,51.537156,1,Slight,1,1,2015-10-25,Sunday,00:05,Hackney,E09000012,3,106,6,30.0,0,-1,-1,0,0.0,0.0,4,2,2,0,0,1,1,E01001837,3,1,25/10/2015,25/10/2015,1,3,0,18,0.0,0,0,0,0,0,3.0,1.0,6,Male,25,21 - 25,125,1,4,-1,1,-1.0,1,1,1,1,25,5,3,0,0,0,0,0,3,1,2,,,,,,,,,,,,,,,,,2015,10,1,0
5521,201501GD10853,532050.0,187480.0,-0.096032,51.570735,1,Slight,2,2,2015-08-31,Monday,22:45,Hackney,E09000012,3,105,3,30.0,6,2,3,503,0.0,5.0,4,1,1,0,0,1,1,E01001813,3,1,31/08/2015,31/08/2015,1,9,0,9,0.0,8,0,0,0,0,4.0,1.0,6,Female,20,16 - 20,998,1,8,-1,1,-1.0,1,2,2,2,19,4,3,0,0,1,0,0,9,1,8,,,,,,,,,,,,,,,,,2015,8,2,22
5525,201501GD10859,534650.0,186750.0,-0.058819,51.56356,1,Slight,2,1,2015-10-29,Thursday,18:24,Hackney,E09000012,3,107,6,30.0,3,4,6,0,0.0,4.0,1,1,1,0,0,1,1,E01001722,3,1,29/10/2015,29/10/2015,1,9,0,18,0.0,8,0,0,0,0,3.0,1.0,6,Male,24,21 - 25,1461,2,-1,-1,1,-1.0,1,1,1,1,24,5,3,0,0,0,0,0,9,1,2,,,,,,,,,,,,,,,,,2015,10,1,18
5533,201501GD10872,533480.0,183950.0,-0.076749,51.538677,1,Slight,1,1,2015-01-11,Sunday,02:45,Hackney,E09000012,3,10,6,30.0,3,4,3,10,0.0,0.0,4,7,2,0,0,1,1,E01033707,3,1,01/11/2015,01/11/2015,1,9,0,18,0.0,2,0,0,0,0,1.0,1.0,6,Female,33,26 - 35,1198,1,5,-1,1,-1.0,1,1,3,1,24,5,3,5,1,0,0,2,0,-1,-1,,,,,,,,,,,,,,,,,2015,1,1,2
5548,201501GD10889,533430.0,182880.0,-0.077875,51.529073,1,Slight,1,1,2015-06-11,Thursday,19:25,Hackney,E09000012,3,10,6,30.0,3,4,6,0,0.0,4.0,4,1,1,0,0,1,2,E01033706,3,1,06/11/2015,06/11/2015,1,9,0,5,0.0,2,0,0,0,0,1.0,1.0,6,Male,25,21 - 25,1598,2,1,-1,-1,-1.0,1,1,3,1,-1,-1,3,1,3,0,0,2,0,1,1,,,,,,,,,,,,,,,,,2015,6,1,19
5550,201501GD10891,533610.0,186400.0,-0.073946,51.560662,1,Slight,1,1,2015-08-11,Tuesday,04:50,Hackney,E09000012,3,10,6,30.0,3,2,5,0,0.0,5.0,4,1,1,0,0,1,1,E01001830,3,1,08/11/2015,08/11/2015,1,9,0,9,0.0,2,0,0,0,0,3.0,1.0,6,Female,33,26 - 35,1598,1,9,-1,1,-1.0,1,1,3,1,92,11,3,1,3,0,0,2,0,1,3,,,,,,,,,,,,,,,,,2015,8,1,4
5553,201501GD10894,534810.0,186340.0,-0.056669,51.559838,1,Slight,2,1,2015-10-11,Sunday,19:45,Hackney,E09000012,3,107,6,30.0,3,4,6,0,0.0,0.0,4,1,1,0,0,1,2,E01001770,3,1,10/11/2015,10/11/2015,1,9,0,9,0.0,8,0,0,0,0,1.0,1.0,2,Male,35,26 - 35,2993,2,3,-1,1,-1.0,2,1,1,1,36,7,3,0,0,0,0,0,1,1,2,,,,,,,,,,,,,,,,,2015,10,1,19
5554,201501GD10895,534480.0,187200.0,-0.061098,51.567645,1,Slight,2,1,2015-09-11,Friday,19:30,Hackney,E09000012,3,107,6,30.0,3,4,6,0,0.0,0.0,4,1,1,0,0,1,1,E01001728,3,1,09/11/2015,09/11/2015,1,2,0,13,0.0,8,0,0,0,0,4.0,1.0,6,Male,31,26 - 35,49,1,-1,-1,1,-1.0,1,1,1,1,31,6,3,0,0,0,0,0,2,1,1,,,,,,,,,,,,,,,,,2015,9,1,19
5557,201501GD10899,535180.0,186680.0,-0.051204,51.562805,1,Slight,2,1,2015-11-14,Saturday,22:56,Hackney,E09000012,6,0,6,30.0,3,4,6,0,0.0,0.0,4,2,2,0,0,1,1,E01033705,3,1,14/11/2015,14/11/2015,1,9,0,9,0.0,8,0,0,0,0,1.0,1.0,6,Male,23,21 - 25,1896,2,9,-1,1,-1.0,2,1,1,2,31,6,3,0,0,0,0,0,9,1,3,,,,,,,,,,,,,,,,,2015,11,1,22
5562,201501GD10905,535330.0,184240.0,-0.049979,51.540842,1,Slight,1,1,2015-11-11,Wednesday,18:37,Hackney,E09000012,3,106,6,30.0,3,4,6,0,0.0,1.0,4,1,1,0,0,1,1,E01001840,3,1,11/11/2015,11/11/2015,1,9,0,1,0.0,1,0,0,0,0,2.0,1.0,6,Male,35,26 - 35,1796,1,7,-1,1,-1.0,1,1,3,2,41,7,3,9,5,0,0,2,0,1,1,,,,,,,,,,,,,,,,,2015,11,1,18
5566,201501GD10909,532320.0,186700.0,-0.092432,51.563662,1,Slight,1,1,2015-09-11,Friday,21:59,Hackney,E09000012,3,105,6,30.0,0,-1,-1,0,0.0,0.0,4,1,1,0,0,1,2,E01001719,3,1,09/11/2015,09/11/2015,1,3,0,18,0.0,0,0,0,0,0,3.0,1.0,6,Male,25,21 - 25,599,1,14,-1,-1,-1.0,1,1,2,1,24,5,3,0,0,0,0,0,3,-1,-1,,,,,,,,,,,,,,,,,2015,9,1,21
5567,201501GD10910,532310.0,186710.0,-0.092572,51.563754,1,Slight,1,1,2015-10-22,Thursday,00:01,Hackney,E09000012,4,105,6,30.0,6,2,3,105,0.0,5.0,4,1,1,0,0,1,1,E01001719,3,1,22/10/2015,22/10/2015,1,3,0,18,9.0,1,0,10,7,1,1.0,1.0,1,Male,22,21 - 25,109,1,1,-1,1,-1.0,1,1,1,1,22,5,3,0,0,0,0,0,3,1,3,,,,,,,,,,,,,,,,,2015,10,1,0
5595,201501GD10942,532910.0,185850.0,-0.084246,51.555885,1,Slight,3,2,2015-11-26,Thursday,03:08,Hackney,E09000012,4,104,6,20.0,0,-1,-1,0,0.0,0.0,4,1,1,0,0,1,1,E01001739,3,1,26/11/2015,26/11/2015,1,9,0,18,0.0,0,0,4,0,0,1.0,1.0,6,Male,20,16 - 20,1796,1,10,-1,1,-1.0,1,1,1,1,20,4,3,0,0,0,0,0,9,1,1,,,,,,,,,,,,,,,,,2015,11,2,3
5603,201501GD10953,533440.0,182120.0,-0.078018,51.522241,1,Slight,1,1,2015-04-12,Sunday,03:47,Hackney,E09000012,3,10,6,30.0,0,-1,-1,0,0.0,0.0,4,1,1,0,0,1,1,E01033708,3,1,04/12/2015,04/12/2015,1,9,0,18,0.0,0,0,0,0,0,1.0,1.0,6,Female,23,21 - 25,999,1,2,-1,1,-1.0,1,1,3,1,40,7,3,5,1,0,0,2,0,-1,-1,,,,,,,,,,,,,,,,,2015,4,1,3
5610,201501GD10964,534210.0,187370.0,-0.064926,51.569237,1,Slight,2,1,2015-11-26,Thursday,18:20,Hackney,E09000012,6,0,6,20.0,8,4,6,0,0.0,0.0,4,1,1,0,0,1,1,E01001826,3,1,26/11/2015,26/11/2015,1,9,0,9,0.0,8,0,0,0,0,1.0,1.0,6,Male,25,21 - 25,1198,1,13,-1,1,-1.0,2,1,1,1,54,8,3,0,0,0,0,0,1,1,3,,,,,,,,,,,,,,,,,2015,11,1,18
5626,201501GD10982,532750.0,182600.0,-0.087777,51.526717,1,Slight,2,1,2015-12-12,Saturday,23:23,Hackney,E09000012,6,0,6,30.0,0,-1,-1,0,0.0,0.0,4,1,2,0,0,1,1,E01001780,3,1,12/12/2015,12/12/2015,1,9,0,5,0.0,0,0,0,0,0,3.0,1.0,6,Female,30,26 - 35,1199,1,13,-1,1,-1.0,1,1,2,2,29,6,3,0,0,1,0,0,9,1,4,,,,,,,,,,,,,,,,,2015,12,1,23
5631,201501GD10988,533690.0,184790.0,-0.073404,51.546175,1,Slight,2,1,2015-05-12,Tuesday,22:10,Hackney,E09000012,3,104,6,20.0,6,4,6,0,0.0,0.0,4,1,1,0,0,1,1,E01033700,3,1,05/12/2015,05/12/2015,1,9,0,3,0.0,1,0,0,0,0,2.0,1.0,6,Male,33,26 - 35,1968,2,1,-1,1,-1.0,1,1,1,1,33,6,3,0,0,0,0,0,9,1,5,,,,,,,,,,,,,,,,,2015,5,1,22
5634,201501GD10991,533270.0,182360.0,-0.080376,51.524438,1,Slight,2,2,2015-09-12,Saturday,00:25,Hackney,E09000012,3,1202,2,30.0,3,4,3,1202,0.0,0.0,4,1,1,0,0,1,1,E01033708,3,1,09/12/2015,09/12/2015,1,9,0,13,0.0,8,0,0,0,0,4.0,1.0,6,Male,21,21 - 25,2143,2,2,-1,1,-1.0,1,1,1,1,21,5,3,0,0,0,0,0,9,1,3,,,,,,,,,,,,,,,,,2015,9,2,0
5644,201501GD11002,532000.0,187580.0,-0.096715,51.571645,1,Slight,2,2,2015-12-19,Saturday,23:30,Hackney,E09000012,3,105,6,20.0,3,4,6,0,0.0,0.0,4,1,1,0,0,1,1,E01001813,3,1,19/12/2015,19/12/2015,1,9,0,7,0.0,8,0,0,0,0,3.0,2.0,6,Male,29,26 - 35,-1,-1,-1,-1,-1,-1.0,2,1,1,1,19,4,3,0,0,0,0,0,9,1,3,,,,,,,,,,,,,,,,,2015,12,2,23
5652,201501GD11010,533650.0,187210.0,-0.073062,51.567932,1,Slight,2,5,2015-12-22,Tuesday,19:05,Hackney,E09000012,3,10,6,30.0,8,4,6,0,0.0,4.0,4,2,2,0,0,1,1,E01001800,3,1,22/12/2015,22/12/2015,1,9,0,9,0.0,8,0,0,0,0,4.0,1.0,6,Male,32,26 - 35,2685,2,10,-1,1,-1.0,1,1,1,1,32,6,3,0,0,0,0,0,9,1,2,,,,,,,,,,,,,,,,,2015,12,5,19
5685,201501GD11074,532910.0,182550.0,-0.085491,51.52623,1,Slight,2,1,2015-12-24,Thursday,21:56,Hackney,E09000012,3,5201,6,30.0,3,4,6,0,0.0,4.0,4,1,1,0,0,1,2,E01001780,3,1,24/12/2015,24/12/2015,1,8,0,18,0.0,2,0,0,0,0,4.0,1.0,1,Male,25,21 - 25,1798,8,3,-1,-1,-1.0,1,1,1,1,25,5,3,0,0,0,0,0,8,-1,-1,,,,,,,,,,,,,,,,,2015,12,1,21
5695,201501GD19178,532060.0,187460.0,-0.095895,51.570553,1,Slight,2,1,2015-07-22,Wednesday,18:00,Hackney,E09000012,3,105,6,30.0,6,2,3,503,0.0,5.0,1,1,1,0,0,1,1,E01001714,3,1,22/07/2015,22/07/2015,1,2,0,7,0.0,8,0,0,0,0,3.0,1.0,6,Male,29,26 - 35,599,1,13,-1,1,-1.0,1,1,1,1,29,6,3,0,0,0,0,0,2,1,3,,,,,,,,,,,,,,,,,2015,7,1,18
5698,201501HT20004,538910.0,181270.0,0.00044,51.513285,1,Slight,2,1,2015-05-01,Friday,22:30,Tower Hamlets,E09000030,4,125,6,30.0,3,2,3,13,0.0,5.0,4,1,1,0,0,1,1,E01004245,3,1,05/01/2015,05/01/2015,1,9,0,3,0.0,1,0,0,0,0,2.0,1.0,6,Male,27,26 - 35,-1,-1,-1,-1,1,-1.0,1,1,1,1,27,6,3,0,0,0,0,0,9,1,5,,,,,,,,,,,,,,,,,2015,5,1,22
5699,201501HT20007,537340.0,182840.0,-0.02156,51.527777,1,Slight,2,1,2015-08-01,Saturday,18:53,Tower Hamlets,E09000030,3,11,6,30.0,3,2,5,0,0.0,5.0,4,1,1,0,0,1,1,E01004267,3,1,08/01/2015,08/01/2015,1,9,0,3,0.0,1,0,0,0,0,2.0,1.0,6,Female,22,21 - 25,1229,1,10,-1,2,-1.0,1,1,1,2,22,5,3,0,0,0,0,0,9,2,3,,,,,,,,,,,,,,,,,2015,8,1,18
5700,201501HT20011,537560.0,178510.0,-0.020078,51.488814,1,Slight,2,1,2015-09-01,Tuesday,01:50,Tower Hamlets,E09000030,3,1206,6,30.0,6,4,6,0,0.0,0.0,4,2,2,0,0,1,1,E01004276,3,1,09/01/2015,09/01/2015,1,9,0,9,0.0,8,0,0,0,0,4.0,1.0,1,Male,28,26 - 35,1968,2,5,-1,1,-1.0,2,1,1,1,22,5,3,0,0,0,0,0,3,-1,-1,,,,,,,,,,,,,,,,,2015,9,1,1