,accident_index,location_easting_osgr,location_northing_osgr,longitude,latitude,police_force,accident_severity,number_of_vehicles,number_of_casualties,date,day_of_week,time,local_authority_district,local_authority_highway,first_road_class,first_road_number,road_type,speed_limit,junction_detail,junction_control,second_road_class,second_road_number,pedestrian_crossing-human_control,pedestrian_crossing-physical_facilities,light_conditions,weather_conditions,road_surface_conditions,special_conditions_at_site,carriageway_hazards,urban_or_rural_area,did_police_officer_attend_scene_of_accident,lsoa_of_accident_location,accident_severity_num,accident_severity_inv,date2,date_original,vehicle_reference_x,vehicle_type,towing_and_articulation,vehicle_manoeuvre,vehicle_location-restricted_lane,junction_location,skidding_and_overturning,hit_object_in_carriageway,vehicle_leaving_carriageway,hit_object_off_carriageway,1st_point_of_impact,was_vehicle_left_hand_drive?,journey_purpose_of_driver,sex_of_driver,age_of_driver,age_band_of_driver,engine_capacity_cc,propulsion_code,age_of_vehicle,driver_imd_decile,driver_home_area_type,vehicle_imd_decile,vehicle_reference_y,casualty_reference,casualty_class,sex_of_casualty,age_of_casualty,age_band_of_casualty,casualty_severity,pedestrian_location,pedestrian_movement,car_passenger,bus_or_coach_passenger,pedestrian_road_maintenance_worker,casualty_type,casualty_home_area_type,casualty_imd_decile,accident_year_x,accident_reference_x,local_authority_ons_district,pedestrian_crossing_human_control,pedestrian_crossing_physical_facilities,trunk_road_flag,accident_year_y,accident_reference_y,vehicle_direction_from,vehicle_direction_to,vehicle_location_restricted_lane,first_point_of_impact,vehicle_left_hand_drive,generic_make_model,accident_year,accident_reference,year,month,severity,hours
5702,201501HT20013,537850.0,180990.0,-0.014936,51.511029,1,Slight,2,1,2015-09-01,Tuesday,21:33,Tower Hamlets,E09000030,3,13,6,30.0,0,-1,-1,0,0.0,0.0,4,1,2,0,0,1,1,E01004257,3,1,09/01/2015,09/01/2015,1,3,0,13,0.0,0,0,0,0,0,4.0,1.0,6,Male,22,21 - 25,125,1,10,-1,1,-1.0,1,1,1,1,22,5,3,0,0,0,0,0,3,1,2,,,,,,,,,,,,,,,,,2015,9,1,21
5704,201501HT20019,534500.0,182880.0,-0.062459,51.528819,1,Slight,1,1,2015-10-01,Thursday,18:10,Tower Hamlets,E09000030,4,118,6,30.0,6,4,6,0,0.0,1.0,4,1,1,0,0,1,1,E01004204,3,1,10/01/2015,10/01/2015,1,9,0,9,0.0,2,0,0,0,0,3.0,1.0,6,Male,29,26 - 35,2143,2,1,-1,1,-1.0,1,1,3,2,19,4,3,4,1,0,0,2,0,1,2,,,,,,,,,,,,,,,,,2015,10,1,18
5705,201501HT20022,534580.0,181310.0,-0.061906,51.514692,1,Slight,2,1,2015-01-01,Thursday,04:25,Tower Hamlets,E09000030,3,13,6,30.0,6,2,4,108,0.0,5.0,4,1,1,0,0,1,1,E01004319,3,1,01/01/2015,01/01/2015,1,9,0,18,0.0,8,0,0,0,0,1.0,1.0,6,Male,23,21 - 25,1995,2,8,-1,1,-1.0,2,1,1,1,37,7,3,0,0,0,0,0,8,1,4,,,,,,,,,,,,,,,,,2015,1,1,4
5706,201501HT20023,536160.0,181110.0,-0.039227,51.512516,1,Slight,2,2,2015-05-01,Friday,01:30,Tower Hamlets,E09000030,3,1203,3,30.0,6,2,3,13,0.0,5.0,4,1,1,0,0,1,2,E01032769,3,1,05/01/2015,05/01/2015,1,9,0,18,0.0,1,0,0,0,0,4.0,1.0,6,Male,20,16 - 20,1596,1,13,-1,1,-1.0,1,1,1,1,20,4,3,0,0,0,0,0,9,1,2,,,,,,,,,,,,,,,,,2015,5,2,1
5721,201501HT20050,533730.0,181620.0,-0.07403,51.517679,1,Slight,2,1,2015-09-01,Tuesday,23:19,Tower Hamlets,E09000030,3,1202,6,30.0,0,-1,-1,0,0.0,0.0,4,1,1,0,0,1,1,E01004310,3,1,09/01/2015,09/01/2015,1,9,0,18,0.0,0,0,0,0,0,4.0,1.0,6,Male,21,21 - 25,1598,1,11,-1,1,-1.0,1,1,1,1,21,5,3,0,0,0,0,0,9,1,2,,,,,,,,,,,,,,,,,2015,9,1,23
5724,201501HT20054,533700.0,181520.0,-0.0745,51.516788,1,Slight,2,1,2015-01-18,Sunday,04:20,Tower Hamlets,E09000030,6,0,6,30.0,3,4,6,0,0.0,0.0,4,2,2,0,0,1,1,E01004310,3,1,18/01/2015,18/01/2015,1,8,0,18,0.0,8,0,0,0,0,3.0,1.0,1,Male,22,21 - 25,1339,8,4,-1,1,-1.0,1,1,1,1,22,5,3,0,0,0,0,0,8,1,9,,,,,,,,,,,,,,,,,2015,1,1,4
5725,201501HT20055,533690.0,181800.0,-0.074538,51.519306,1,Slight,2,1,2015-01-15,Thursday,18:17,Tower Hamlets,E09000030,3,1202,6,30.0,3,4,3,1202,0.0,4.0,1,1,1,0,0,1,1,E01004307,3,1,15/01/2015,15/01/2015,1,5,0,18,0.0,1,0,0,0,0,3.0,1.0,2,Male,25,21 - 25,-1,-1,-1,-1,1,-1.0,1,1,1,1,25,5,3,0,0,0,0,0,5,1,4,,,,,,,,,,,,,,,,,2015,1,1,18
5729,201501HT20064,533580.0,182400.0,-0.075896,51.524724,1,Slight,2,2,2015-01-17,Saturday,23:05,Tower Hamlets,E09000030,6,0,6,30.0,3,4,6,0,0.0,0.0,4,1,1,0,0,1,2,E01004316,3,1,17/01/2015,17/01/2015,1,9,0,2,0.0,2,0,0,0,0,2.0,1.0,6,Male,27,26 - 35,1995,1,7,-1,1,-1.0,1,1,1,1,27,6,3,0,0,0,0,0,9,1,4,,,,,,,,,,,,,,,,,2015,1,2,23
5731,201501HT20066,536470.0,182300.0,-0.034302,51.523135,1,Serious,2,1,2015-01-16,Friday,19:30,Tower Hamlets,E09000030,3,1205,6,30.0,3,4,6,0,0.0,1.0,4,1,1,0,0,1,2,E01004270,2,2,16/01/2015,16/01/2015,1,9,0,9,0.0,8,0,0,0,0,4.0,1.0,6,Female,19,16 - 20,1388,1,13,-1,1,-1.0,1,1,2,2,20,4,2,0,0,1,0,0,9,1,4,,,,,,,,,,,,,,,,,2015,1,2,19
5732,201501HT20068,537110.0,179650.0,-0.026113,51.499167,1,Slight,2,3,2015-01-18,Sunday,21:18,Tower Hamlets,E09000030,3,1206,6,30.0,3,4,6,0,0.0,0.0,4,1,2,0,0,1,1,E01032781,3,1,18/01/2015,18/01/2015,1,9,0,9,0.0,8,0,0,0,0,3.0,1.0,6,Male,34,26 - 35,2995,1,10,-1,1,-1.0,1,1,1,1,34,6,3,0,0,0,0,0,9,1,9,,,,,,,,,,,,,,,,,2015,1,3,21
5736,201501HT20076,536080.0,182270.0,-0.039932,51.52296,1,Serious,1,1,2015-01-19,Monday,19:19,Tower Hamlets,E09000030,3,11,6,30.0,3,4,5,0,0.0,4.0,4,1,1,0,0,1,1,E01004261,2,2,19/01/2015,19/01/2015,1,9,0,18,0.0,2,0,0,0,0,1.0,1.0,6,Male,33,26 - 35,2494,1,12,-1,1,-1.0,1,1,3,2,22,5,2,1,3,0,0,2,0,-1,-1,,,,,,,,,,,,,,,,,2015,1,2,19
5738,201501HT20078,534500.0,181720.0,-0.062902,51.518395,1,Slight,2,1,2015-01-26,Monday,18:40,Tower Hamlets,E09000030,3,11,6,30.0,6,2,4,108,0.0,5.0,4,1,1,0,0,1,1,E01004309,3,1,26/01/2015,26/01/2015,1,9,0,18,0.0,8,0,0,0,0,1.0,1.0,6,Male,22,21 - 25,1364,1,8,-1,1,-1.0,2,1,2,2,23,5,3,0,0,1,0,0,9,1,3,,,,,,,,,,,,,,,,,2015,1,1,18
5743,201501HT20085,537260.0,181800.0,-0.023117,51.518451,1,Serious,2,1,2015-01-25,Sunday,20:30,Tower Hamlets,E09000030,4,140,6,30.0,6,2,5,0,0.0,5.0,4,1,1,0,0,1,1,E01004272,2,2,25/01/2015,25/01/2015,1,9,0,16,0.0,8,0,0,0,0,1.0,1.0,6,Female,35,26 - 35,1242,1,9,-1,1,-1.0,2,1,1,1,18,4,2,0,0,0,0,0,1,1,1,,,,,,,,,,,,,,,,,2015,1,2,20
5744,201501HT20086,534580.0,183220.0,-0.061177,51.531856,1,Slight,2,1,2015-01-22,Thursday,19:50,Tower Hamlets,E09000030,3,1208,6,30.0,3,4,5,0,0.0,0.0,4,1,1,0,0,1,1,E01004200,3,1,22/01/2015,22/01/2015,1,9,0,9,0.0,8,0,0,0,0,1.0,1.0,6,Male,20,16 - 20,-1,-1,-1,-1,1,-1.0,2,1,1,1,36,7,3,0,0,0,0,0,3,1,3,,,,,,,,,,,,,,,,,2015,1,1,19
5747,201501HT20089,533960.0,182500.0,-0.070383,51.525533,1,Slight,2,3,2015-01-02,Friday,00:29,Tower Hamlets,E09000030,3,1209,6,30.0,3,4,6,0,0.0,1.0,4,1,1,0,3,1,1,E01004315,3,1,01/02/2015,01/02/2015,1,9,0,18,0.0,1,0,0,0,0,2.0,1.0,6,Male,25,21 - 25,1796,1,1,-1,1,-1.0,1,1,1,1,25,5,3,0,0,0,0,0,9,1,5,,,,,,,,,,,,,,,,,2015,1,3,0
5748,201501HT20090,534490.0,181710.0,-0.063049,51.518308,1,Slight,1,1,2015-01-22,Thursday,23:20,Tower Hamlets,E09000030,3,11,6,30.0,6,2,4,108,0.0,5.0,4,1,1,0,0,1,1,E01004325,3,1,22/01/2015,22/01/2015,1,9,0,18,0.0,2,0,0,0,0,1.0,1.0,6,Male,24,21 - 25,2967,2,9,-1,1,-1.0,1,1,3,2,37,7,3,4,1,0,0,2,0,1,2,,,,,,,,,,,,,,,,,2015,1,1,23
5751,201501HT20095,533870.0,182110.0,-0.071828,51.522049,1,Slight,1,1,2015-01-29,Thursday,18:42,Tower Hamlets,E09000030,4,134,6,30.0,6,4,5,0,0.0,0.0,4,1,2,0,0,1,1,E01004317,3,1,29/01/2015,29/01/2015,1,3,0,18,0.0,2,0,0,0,0,3.0,1.0,6,Male,25,21 - 25,125,1,4,-1,1,-1.0,1,1,1,1,25,5,3,0,0,0,0,0,3,1,1,,,,,,,,,,,,,,,,,2015,1,1,18
5756,201501HT20101,537340.0,180700.0,-0.022393,51.508547,1,Slight,1,1,2015-05-02,Saturday,01:08,Tower Hamlets,E09000030,3,1261,3,40.0,0,-1,-1,0,0.0,0.0,4,1,2,0,0,1,1,E01004277,3,1,05/02/2015,05/02/2015,1,9,0,18,0.0,0,2,7,1,10,1.0,1.0,6,Male,28,26 - 35,-1,-1,-1,-1,1,-1.0,1,1,1,1,28,6,3,0,0,0,0,0,9,1,2,,,,,,,,,,,,,,,,,2015,5,1,1
5757,201501HT20103,534830.0,181300.0,-0.058309,51.514542,1,Slight,2,1,2015-01-31,Saturday,04:30,Tower Hamlets,E09000030,3,13,6,30.0,3,4,6,0,0.0,4.0,4,2,2,0,0,1,1,E01004304,3,1,31/01/2015,31/01/2015,1,5,0,18,0.0,1,0,0,0,0,1.0,1.0,6,Male,25,21 - 25,599,1,12,-1,1,-1.0,1,1,1,1,25,5,3,0,0,0,0,0,5,1,2,,,,,,,,,,,,,,,,,2015,1,1,4
5764,201501HT20110,534850.0,183320.0,-0.057248,51.53269,1,Slight,1,1,2015-01-31,Saturday,02:15,Tower Hamlets,E09000030,3,107,6,30.0,6,2,3,1208,0.0,5.0,4,1,1,0,0,1,1,E01004197,3,1,31/01/2015,31/01/2015,1,9,0,18,0.0,1,0,0,0,0,1.0,1.0,6,Male,29,26 - 35,1598,1,2,-1,1,-1.0,1,1,3,2,28,6,3,4,2,0,0,2,0,1,3,,,,,,,,,,,,,,,,,2015,1,1,2
5767,201501HT20115,534130.0,182560.0,-0.067912,51.526032,1,Slight,1,1,2015-08-02,Sunday,21:35,Tower Hamlets,E09000030,3,1209,6,30.0,6,4,6,0,0.0,1.0,4,1,1,0,0,1,1,E01004313,3,1,08/02/2015,08/02/2015,1,4,0,18,0.0,2,0,0,0,0,1.0,1.0,6,Male,20,16 - 20,249,1,3,-1,1,-1.0,1,1,3,1,52,8,3,1,3,0,0,2,0,1,1,,,,,,,,,,,,,,,,,2015,8,1,21
5774,201501HT20123,534030.0,181450.0,-0.069774,51.516081,1,Slight,2,1,2015-12-02,Wednesday,19:52,Tower Hamlets,E09000030,3,11,6,30.0,3,2,4,134,0.0,5.0,4,1,1,0,0,1,1,E01004309,3,1,12/02/2015,12/02/2015,1,9,0,9,0.0,8,0,0,0,0,4.0,1.0,6,Male,34,26 - 35,-1,-1,-1,-1,1,-1.0,2,1,1,1,53,8,3,0,0,0,0,0,1,1,5,,,,,,,,,,,,,,,,,2015,12,1,19
5776,201501HT20125,535170.0,181260.0,-0.053427,51.514102,1,Slight,2,1,2015-02-20,Friday,23:55,Tower Hamlets,E09000030,3,13,6,30.0,6,2,5,0,0.0,5.0,4,1,1,0,0,1,1,E01004298,3,1,20/02/2015,20/02/2015,1,4,0,18,0.0,8,1,0,0,0,1.0,1.0,1,Male,34,26 - 35,124,1,1,-1,1,-1.0,1,1,1,1,34,6,3,0,0,0,0,0,4,1,5,,,,,,,,,,,,,,,,,2015,2,1,23
5785,201501HT20136,533840.0,181130.0,-0.072632,51.51325,1,Slight,2,1,2015-02-14,Saturday,06:00,Tower Hamlets,E09000030,4,134,2,30.0,0,-1,-1,0,0.0,1.0,1,2,2,0,0,1,2,E01032767,3,1,14/02/2015,14/02/2015,1,9,0,18,0.0,0,0,0,0,0,2.0,1.0,6,Male,35,26 - 35,2143,2,4,-1,1,-1.0,1,1,1,1,35,6,3,0,0,0,0,0,9,1,5,,,,,,,,,,,,,,,,,2015,2,1,6
5787,201501HT20138,536840.0,182080.0,-0.029058,51.521069,1,Slight,2,1,2015-03-02,Monday,02:00,Tower Hamlets,E09000030,5,0,6,30.0,3,4,6,0,0.0,0.0,4,2,2,0,0,1,1,E01004270,3,1,03/02/2015,03/02/2015,1,3,0,18,0.0,8,0,0,0,0,1.0,1.0,6,Male,23,21 - 25,125,1,7,-1,1,-1.0,1,1,1,1,23,5,3,0,0,0,0,0,3,1,2,,,,,,,,,,,,,,,,,2015,3,1,2
5790,201501HT20143,533660.0,182460.0,-0.07472,51.525244,1,Slight,2,1,2015-07-02,Thursday,23:55,Tower Hamlets,E09000030,4,122,6,30.0,0,-1,-1,0,0.0,0.0,4,1,1,0,0,1,1,E01004316,3,1,07/02/2015,07/02/2015,1,9,0,1,0.0,0,0,0,0,0,4.0,1.0,6,Male,27,26 - 35,-1,-1,-1,-1,1,-1.0,1,1,3,1,28,6,3,9,9,0,0,2,0,1,2,,,,,,,,,,,,,,,,,2015,7,1,23
5794,201501HT20148,534500.0,181730.0,-0.062898,51.518485,1,Slight,2,2,2015-12-02,Wednesday,22:49,Tower Hamlets,E09000030,4,108,6,30.0,3,2,3,11,0.0,5.0,4,1,1,0,0,1,1,E01004309,3,1,12/02/2015,12/02/2015,1,9,0,3,0.0,1,0,0,0,0,1.0,1.0,6,Male,21,21 - 25,1910,2,6,-1,1,-1.0,1,1,1,1,21,5,3,0,0,0,0,0,9,1,7,,,,,,,,,,,,,,,,,2015,12,2,22
5799,201501HT20153,536030.0,183140.0,-0.040316,51.53079,1,Slight,2,1,2015-02-14,Saturday,00:30,Tower Hamlets,E09000030,4,135,6,30.0,6,2,3,1205,0.0,5.0,4,2,2,0,0,1,1,E01004230,3,1,14/02/2015,14/02/2015,1,9,0,18,0.0,8,0,0,0,0,3.0,1.0,6,Male,32,26 - 35,1995,2,4,-1,1,-1.0,2,1,1,1,23,5,3,0,0,0,0,0,9,1,4,,,,,,,,,,,,,,,,,2015,2,1,0
5800,201501HT20154,534360.0,181650.0,-0.064945,51.5178,1,Slight,2,1,2015-10-02,Friday,22:20,Tower Hamlets,E09000030,3,11,6,30.0,3,4,6,0,0.0,4.0,4,1,1,0,0,1,1,E01004325,3,1,10/02/2015,10/02/2015,1,9,0,9,0.0,8,0,0,0,0,1.0,1.0,6,Female,21,21 - 25,1598,2,2,-1,1,-1.0,2,1,1,2,28,6,3,0,0,0,0,0,1,1,2,,,,,,,,,,,,,,,,,2015,10,1,22
5801,201501HT20155,533630.0,181990.0,-0.075331,51.521028,1,Slight,2,1,2015-02-23,Monday,19:20,Tower Hamlets,E09000030,3,1202,6,30.0,0,-1,-1,0,0.0,4.0,4,1,1,0,0,1,1,E01004307,3,1,23/02/2015,23/02/2015,1,3,0,18,0.0,0,1,0,0,0,1.0,1.0,6,Male,19,16 - 20,125,1,11,-1,1,-1.0,2,1,1,1,48,8,3,0,0,0,0,0,1,1,2,,,,,,,,,,,,,,,,,2015,2,1,19
5824,201501HT20181,537310.0,179750.0,-0.023194,51.500017,1,Slight,2,2,2015-02-26,Thursday,23:00,Tower Hamlets,E09000030,6,0,6,30.0,9,4,6,0,0.0,0.0,4,1,1,0,0,1,2,E01032772,3,1,26/02/2015,26/02/2015,1,9,0,3,0.0,1,0,0,0,0,3.0,1.0,6,Male,27,26 - 35,1968,2,8,-1,1,-1.0,1,1,1,1,27,6,3,0,0,0,0,0,9,1,2,,,,,,,,,,,,,,,,,2015,2,2,23
5833,201501HT20190,535910.0,181570.0,-0.04265,51.51671,1,Slight,2,1,2015-07-03,Friday,21:30,Tower Hamlets,E09000030,4,121,1,30.0,2,4,5,0,0.0,0.0,4,1,1,0,0,1,1,E01004288,3,1,07/03/2015,07/03/2015,1,9,0,9,0.0,8,0,0,0,0,4.0,1.0,6,Male,25,21 - 25,1968,2,11,-1,1,-1.0,1,1,1,1,25,5,3,0,0,0,0,0,9,1,5,,,,,,,,,,,,,,,,,2015,7,1,21
5839,201501HT20197,538250.0,180750.0,-0.009269,51.508774,1,Slight,2,1,2015-08-03,Monday,22:30,Tower Hamlets,E09000030,3,1206,6,30.0,6,2,4,123,0.0,5.0,4,1,1,0,0,1,1,E01004219,3,1,08/03/2015,08/03/2015,1,9,0,18,0.0,8,0,0,0,0,3.0,1.0,6,Male,27,26 - 35,1995,2,11,-1,-1,-1.0,1,1,1,1,27,6,3,0,0,0,0,0,9,-1,-1,,,,,,,,,,,,,,,,,2015,8,1,22
5840,201501HT20198,537240.0,179940.0,-0.024128,51.501742,1,Slight,2,1,2015-10-03,Saturday,23:05,Tower Hamlets,E09000030,5,0,6,30.0,0,-1,-1,0,0.0,0.0,4,1,1,0,0,1,1,E01032782,3,1,10/03/2015,10/03/2015,1,9,0,18,0.0,0,0,0,0,0,1.0,1.0,6,Male,32,26 - 35,-1,-1,-1,-1,1,-1.0,2,1,1,1,24,5,3,0,0,0,0,0,1,1,2,,,,,,,,,,,,,,,,,2015,10,1,23
5848,201501HT20206,534910.0,183110.0,-0.056464,51.530788,1,Slight,2,1,2015-03-16,Monday,00:23,Tower Hamlets,E09000030,3,107,6,30.0,3,2,4,118,0.0,5.0,4,1,1,0,0,1,1,E01004198,3,1,16/03/2015,16/03/2015,1,3,0,9,0.0,8,0,0,0,0,3.0,1.0,1,Male,29,26 - 35,125,1,5,-1,1,-1.0,1,1,1,1,29,6,3,0,0,0,0,0,3,1,7,,,,,,,,,,,,,,,,,2015,3,1,0
5850,201501HT20208,533770.0,180680.0,-0.073811,51.509223,1,Serious,2,1,2015-09-02,Wednesday,23:44,Tower Hamlets,E09000030,3,100,6,30.0,6,2,3,1203,0.0,0.0,4,1,1,0,0,1,1,E01004293,2,2,09/02/2015,09/02/2015,1,9,0,18,0.0,8,0,0,0,0,1.0,1.0,6,Male,28,26 - 35,1598,1,9,-1,1,-1.0,2,1,1,1,25,5,2,0,0,0,0,0,1,-1,-1,,,,,,,,,,,,,,,,,2015,9,2,23
5865,201501HT20224,534260.0,181610.0,-0.0664,51.517464,1,Slight,2,1,2015-08-02,Sunday,00:08,Tower Hamlets,E09000030,3,11,6,30.0,0,-1,-1,0,0.0,0.0,4,1,1,0,0,1,1,E01004309,3,1,08/02/2015,08/02/2015,1,8,0,5,0.0,0,0,0,0,0,3.0,1.0,1,Male,35,26 - 35,1797,8,4,-1,1,-1.0,2,1,1,1,43,7,3,0,0,0,0,0,3,1,2,,,,,,,,,,,,,,,,,2015,8,1,0
5892,201501HT20257,535180.0,181500.0,-0.053191,51.516256,1,Slight,2,1,2015-03-30,Monday,21:52,Tower Hamlets,E09000030,5,0,6,30.0,6,4,6,0,0.0,0.0,4,5,2,0,0,1,2,E01004323,3,1,30/03/2015,30/03/2015,1,3,0,13,0.0,8,0,0,0,0,4.0,1.0,1,Male,20,16 - 20,125,1,4,-1,1,-1.0,1,1,1,1,20,4,3,0,0,0,0,0,3,1,5,,,,,,,,,,,,,,,,,2015,3,1,21
5894,201501HT20259,538200.0,181730.0,-0.009605,51.517593,1,Serious,2,4,2015-07-04,Saturday,00:14,Tower Hamlets,E09000030,3,12,3,40.0,6,2,6,0,0.0,5.0,4,1,1,0,0,1,1,E01004249,2,2,07/04/2015,07/04/2015,1,9,0,9,0.0,8,0,0,0,0,1.0,1.0,6,Male,22,21 - 25,1968,2,8,-1,1,-1.0,1,1,1,1,22,5,3,0,0,0,0,0,9,1,3,,,,,,,,,,,,,,,,,2015,7,8,0
5895,201501HT20260,538380.0,180280.0,-0.007581,51.504519,1,Slight,2,1,2015-03-26,Thursday,21:35,Tower Hamlets,E09000030,3,1206,6,30.0,3,4,6,0,0.0,0.0,4,1,1,0,0,1,1,E01004221,3,1,26/03/2015,26/03/2015,1,9,0,7,0.0,5,0,0,0,0,4.0,1.0,6,Male,25,21 - 25,1799,1,5,-1,1,-1.0,2,1,1,1,26,6,3,0,0,0,0,0,3,1,2,,,,,,,,,,,,,,,,,2015,3,1,21
5898,201501HT20264,535540.0,182160.0,-0.047753,51.522101,1,Slight,1,1,2015-03-28,Saturday,19:30,Tower Hamlets,E09000030,6,0,6,30.0,0,-1,-1,0,0.0,0.0,4,1,1,0,0,1,1,E01004207,3,1,28/03/2015,28/03/2015,1,3,0,18,9.0,0,0,10,1,0,1.0,1.0,6,Male,21,21 - 25,125,1,5,-1,1,-1.0,1,1,3,1,-1,-1,3,6,9,0,0,2,0,-1,-1,,,,,,,,,,,,,,,,,2015,3,1,19
5916,201501HT20285,536910.0,182700.0,-0.027809,51.526623,1,Slight,2,1,2015-04-14,Tuesday,22:30,Tower Hamlets,E09000030,3,11,3,30.0,0,-1,-1,0,0.0,0.0,4,1,1,0,0,1,1,E01004229,3,1,14/04/2015,14/04/2015,1,2,0,18,0.0,0,0,0,0,0,4.0,1.0,2,Male,31,26 - 35,124,1,3,-1,1,-1.0,1,1,1,1,31,6,3,0,0,0,0,0,2,1,4,,,,,,,,,,,,,,,,,2015,4,1,22
5920,201501HT20290,535960.0,183420.0,-0.041217,51.533323,1,Slight,2,1,2015-03-04,Wednesday,20:30,Tower Hamlets,E09000030,4,118,6,30.0,0,-1,-1,0,0.0,1.0,4,1,1,0,0,1,2,E01004234,3,1,03/04/2015,03/04/2015,1,9,0,3,0.0,0,0,0,0,0,2.0,1.0,6,Male,29,26 - 35,1595,1,16,-1,1,-1.0,1,1,1,1,29,6,3,0,0,0,0,0,9,1,2,,,,,,,,,,,,,,,,,2015,3,1,20
5924,201501HT20296,538170.0,181030.0,-0.010312,51.51131,1,Slight,2,1,2015-12-04,Friday,21:15,Tower Hamlets,E09000030,3,13,3,30.0,0,-1,-1,0,0.0,0.0,4,1,1,0,0,1,2,E01004219,3,1,12/04/2015,12/04/2015,1,9,0,18,0.0,0,0,0,0,0,3.0,1.0,6,Male,34,26 - 35,1896,2,14,-1,1,-1.0,1,1,1,1,34,6,3,0,0,0,0,0,9,1,3,,,,,,,,,,,,,,,,,2015,12,1,21
5925,201501HT20297,536170.0,181140.0,-0.039072,51.512784,1,Serious,1,1,2015-10-04,Sunday,04:18,Tower Hamlets,E09000030,5,0,6,30.0,6,2,3,13,0.0,5.0,4,1,1,0,0,1,1,E01004286,2,2,10/04/2015,10/04/2015,1,9,0,18,0.0,2,0,0,0,0,1.0,1.0,6,Male,23,21 - 25,1984,1,12,-1,-1,-1.0,1,1,3,1,25,5,2,4,1,0,0,2,0,1,1,,,,,,,,,,,,,,,,,2015,10,2,4
5930,201501HT20302,537140.0,179330.0,-0.025805,51.496284,1,Slight,2,1,2015-04-15,Wednesday,18:40,Tower Hamlets,E09000030,3,1206,6,30.0,3,4,6,0,0.0,0.0,1,1,1,0,0,1,1,E01004280,3,1,15/04/2015,15/04/2015,1,9,0,9,0.0,8,0,0,0,0,3.0,1.0,6,Male,26,26 - 35,-1,-1,-1,-1,1,-1.0,2,1,1,1,27,6,3,0,0,0,0,0,1,1,5,,,,,,,,,,,,,,,,,2015,4,1,18
5932,201501HT20304,535970.0,181150.0,-0.041948,51.512922,1,Slight,2,1,2015-04-19,Sunday,01:44,Tower Hamlets,E09000030,3,13,6,30.0,3,2,6,0,0.0,5.0,4,1,1,0,0,1,1,E01032769,3,1,19/04/2015,19/04/2015,1,9,0,9,0.0,8,0,0,0,0,3.0,1.0,6,Male,26,26 - 35,1596,1,12,-1,1,-1.0,2,1,1,1,31,6,3,0,0,0,0,0,4,1,3,,,,,,,,,,,,,,,,,2015,4,1,1
5960,201501HT20335,533910.0,181370.0,-0.071533,51.51539,1,Slight,2,2,2015-04-26,Sunday,05:44,Tower Hamlets,E09000030,3,11,6,30.0,0,-1,-1,0,0.0,0.0,4,1,1,0,0,1,1,E01004309,3,1,26/04/2015,26/04/2015,1,9,0,18,0.0,0,0,0,0,0,1.0,1.0,6,Female,24,21 - 25,-1,-1,-1,-1,1,-1.0,1,1,2,1,28,6,3,0,0,1,0,0,9,1,2,,,,,,,,,,,,,,,,,2015,4,2,5
5968,201501HT20344,533840.0,181430.0,-0.072518,51.515946,1,Slight,2,1,2015-09-05,Saturday,02:29,Tower Hamlets,E09000030,3,1202,6,30.0,3,4,6,0,0.0,0.0,4,1,1,0,0,1,2,E01004310,3,1,09/05/2015,09/05/2015,1,9,0,18,0.0,8,0,0,0,0,1.0,1.0,6,Male,32,26 - 35,1497,1,11,-1,1,-1.0,1,1,1,1,32,6,3,0,0,0,0,0,9,1,4,,,,,,,,,,,,,,,,,2015,9,1,2
5969,201501HT20345,533890.0,181360.0,-0.071825,51.515305,1,Slight,2,1,2015-08-05,Wednesday,22:06,Tower Hamlets,E09000030,3,11,3,40.0,3,2,3,1202,0.0,5.0,4,1,1,0,0,1,2,E01004309,3,1,08/05/2015,08/05/2015,1,9,0,10,0.0,1,0,0,0,0,3.0,1.0,6,Female,23,21 - 25,1598,1,11,-1,1,-1.0,1,1,1,2,23,5,3,0,0,0,0,0,9,1,3,,,,,,,,,,,,,,,,,2015,8,1,22
5974,201501HT20351,534690.0,180720.0,-0.060547,51.509364,1,Slight,2,1,2015-04-05,Sunday,23:15,Tower Hamlets,E09000030,3,1203,6,30.0,3,2,4,108,0.0,5.0,4,2,2,0,0,1,1,E01004294,3,1,04/05/2015,04/05/2015,1,9,0,4,0.0,1,0,0,0,0,2.0,1.0,6,Female,20,16 - 20,1229,1,3,-1,1,-1.0,2,1,1,1,29,6,3,0,0,0,0,0,3,1,1,,,,,,,,,,,,,,,,,2015,4,1,23
5989,201501HT20367,536080.0,182270.0,-0.039932,51.52296,1,Serious,2,1,2015-03-05,Thursday,00:40,Tower Hamlets,E09000030,3,11,6,30.0,3,4,5,0,0.0,4.0,4,1,1,0,0,1,2,E01004261,2,2,03/05/2015,03/05/2015,1,8,0,3,0.0,1,0,0,0,0,2.0,1.0,6,Male,31,26 - 35,1686,2,5,-1,1,-1.0,1,1,1,1,31,6,2,0,0,0,0,0,8,1,4,,,,,,,,,,,,,,,,,2015,3,2,0
5990,201501HT20368,534940.0,182020.0,-0.056449,51.520986,1,Slight,2,2,2015-10-05,Monday,20:00,Tower Hamlets,E09000030,6,0,6,30.0,3,2,3,107,0.0,5.0,4,1,1,0,0,1,2,E01004208,3,1,10/05/2015,10/05/2015,1,9,0,18,0.0,1,0,0,0,0,3.0,1.0,6,Male,29,26 - 35,1900,2,10,-1,1,-1.0,1,1,1,1,29,6,3,0,0,0,0,0,9,1,2,,,,,,,,,,,,,,,,,2015,10,2,20
5993,201501HT20371,535730.0,182030.0,-0.045066,51.520887,1,Slight,2,1,2015-01-05,Monday,00:25,Tower Hamlets,E09000030,5,0,6,30.0,6,4,6,0,0.0,0.0,4,1,1,0,0,1,1,E01004290,3,1,01/05/2015,01/05/2015,1,3,0,18,0.0,8,0,0,0,0,4.0,1.0,1,Male,28,26 - 35,125,1,4,-1,1,-1.0,1,1,1,1,28,6,3,0,0,0,0,0,3,1,8,,,,,,,,,,,,,,,,,2015,1,1,0
6009,201501HT20389,536400.0,182570.0,-0.035206,51.525578,1,Slight,2,1,2015-06-05,Friday,22:51,Tower Hamlets,E09000030,3,1205,6,30.0,0,-1,-1,0,0.0,0.0,7,1,1,0,0,1,1,E01004232,3,1,06/05/2015,06/05/2015,1,3,0,18,0.0,0,0,0,0,0,4.0,1.0,6,Male,24,21 - 25,125,1,6,-1,-1,-1.0,1,1,1,1,24,5,3,0,0,0,0,0,3,-1,-1,,,,,,,,,,,,,,,,,2015,6,1,22