,accident_index,location_easting_osgr,location_northing_osgr,longitude,latitude,police_force,accident_severity,number_of_vehicles,number_of_casualties,date,day_of_week,time,local_authority_district,local_authority_highway,first_road_class,first_road_number,road_type,speed_limit,junction_detail,junction_control,second_road_class,second_road_number,pedestrian_crossing-human_control,pedestrian_crossing-physical_facilities,light_conditions,weather_conditions,road_surface_conditions,special_conditions_at_site,carriageway_hazards,urban_or_rural_area,did_police_officer_attend_scene_of_accident,lsoa_of_accident_location,accident_severity_num,accident_severity_inv,date2,date_original,vehicle_reference_x,vehicle_type,towing_and_articulation,vehicle_manoeuvre,vehicle_location-restricted_lane,junction_location,skidding_and_overturning,hit_object_in_carriageway,vehicle_leaving_carriageway,hit_object_off_carriageway,1st_point_of_impact,was_vehicle_left_hand_drive?,journey_purpose_of_driver,sex_of_driver,age_of_driver,age_band_of_driver,engine_capacity_cc,propulsion_code,age_of_vehicle,driver_imd_decile,driver_home_area_type,vehicle_imd_decile,vehicle_reference_y,casualty_reference,casualty_class,sex_of_casualty,age_of_casualty,age_band_of_casualty,casualty_severity,pedestrian_location,pedestrian_movement,car_passenger,bus_or_coach_passenger,pedestrian_road_maintenance_worker,casualty_type,casualty_home_area_type,casualty_imd_decile,accident_year_x,accident_reference_x,local_authority_ons_district,pedestrian_crossing_human_control,pedestrian_crossing_physical_facilities,trunk_road_flag,accident_year_y,accident_reference_y,vehicle_direction_from,vehicle_direction_to,vehicle_location_restricted_lane,first_point_of_impact,vehicle_left_hand_drive,generic_make_model,accident_year,accident_reference,year,month,severity,hours
7020,201501JC30279,537410.0,190980.0,-0.017372,51.600906,1,Slight,2,1,2015-11-05,Thursday,21:06,Waltham Forest,E09000031,4,179,1,30.0,1,4,3,112,0.0,0.0,1,9,1,0,0,1,2,E01004403,3,1,11/05/2015,11/05/2015,1,9,0,4,0.0,1,0,0,0,0,2.0,1.0,6,Male,23,21 - 25,1388,1,13,-1,-1,-1.0,1,1,1,1,23,5,3,0,0,0,0,0,9,-1,-1,,,,,,,,,,,,,,,,,2015,11,1,21
7027,201501JC30286,537570.0,188820.0,-0.015909,51.581457,1,Slight,2,1,2015-05-15,Friday,21:29,Waltham Forest,E09000031,6,0,6,30.0,3,4,6,0,0.0,0.0,4,9,1,0,0,1,1,E01004412,3,1,15/05/2015,15/05/2015,1,9,0,9,0.0,8,0,0,0,0,1.0,1.0,6,Male,21,21 - 25,1198,1,11,-1,1,-1.0,2,1,1,1,31,6,3,0,0,0,0,0,3,1,6,,,,,,,,,,,,,,,,,2015,5,1,21
7029,201501JC30288,539760.0,187870.0,0.0153,51.572382,1,Slight,1,2,2015-05-18,Monday,19:37,Waltham Forest,E09000031,3,12,3,40.0,0,-1,-1,0,0.0,0.0,1,1,1,0,0,1,1,E01004436,3,1,18/05/2015,18/05/2015,1,9,0,16,0.0,0,1,0,1,0,1.0,1.0,6,Male,21,21 - 25,1998,1,14,-1,1,-1.0,1,1,1,1,21,5,3,0,0,0,0,0,9,1,3,,,,,,,,,,,,,,,,,2015,5,2,19
7040,201501JC30305,539240.0,186400.0,0.007219,51.559302,1,Slight,2,2,2015-05-27,Wednesday,19:12,Waltham Forest,E09000031,6,0,6,30.0,3,4,6,0,0.0,4.0,1,1,1,0,0,1,1,E01004341,3,1,27/05/2015,27/05/2015,1,3,0,18,0.0,2,1,0,0,0,1.0,1.0,2,Male,22,21 - 25,125,1,8,-1,1,-1.0,1,1,1,1,22,5,3,0,0,0,0,0,3,1,2,,,,,,,,,,,,,,,,,2015,5,2,19
7044,201501JC30313,536270.0,189080.0,-0.034559,51.584109,1,Slight,2,1,2015-05-20,Wednesday,19:26,Waltham Forest,E09000031,6,0,6,30.0,6,4,6,0,0.0,0.0,1,1,1,0,0,1,1,E01004394,3,1,20/05/2015,20/05/2015,1,9,0,7,0.0,1,0,0,0,0,4.0,1.0,6,Male,21,21 - 25,1995,1,13,-1,1,-1.0,2,1,1,1,49,8,3,0,0,0,0,0,1,-1,-1,,,,,,,,,,,,,,,,,2015,5,1,19
7047,201501JC30316,538960.0,194460.0,0.006372,51.631796,1,Slight,1,1,2015-05-27,Wednesday,18:40,Waltham Forest,E09000031,6,0,6,30.0,0,-1,-1,0,0.0,0.0,1,1,1,0,0,1,1,E01004354,3,1,27/05/2015,27/05/2015,1,9,0,5,0.0,0,0,0,0,0,4.0,1.0,6,Female,30,26 - 35,1198,1,11,-1,1,-1.0,1,1,3,1,21,5,3,9,9,0,0,2,0,1,5,,,,,,,,,,,,,,,,,2015,5,1,18
7049,201501JC30318,537610.0,189290.0,-0.015148,51.585671,1,Slight,2,1,2015-05-30,Saturday,01:15,Waltham Forest,E09000031,6,0,6,30.0,3,4,6,0,0.0,0.0,4,1,2,0,0,1,1,E01004409,3,1,30/05/2015,30/05/2015,1,9,0,5,0.0,2,0,0,0,0,4.0,1.0,6,Male,20,16 - 20,1390,1,9,-1,1,-1.0,1,1,1,1,20,4,3,0,0,0,0,0,9,1,3,,,,,,,,,,,,,,,,,2015,5,1,1
7052,201501JC30322,538650.0,193570.0,0.001544,51.623875,1,Slight,2,1,2015-05-25,Monday,20:30,Waltham Forest,E09000031,4,160,1,30.0,2,4,5,0,0.0,0.0,4,1,1,0,0,1,2,E01004360,3,1,25/05/2015,25/05/2015,1,9,0,5,0.0,8,0,0,0,0,2.0,1.0,6,Female,20,16 - 20,998,1,11,-1,1,-1.0,1,1,1,2,20,4,3,0,0,0,0,0,9,1,3,,,,,,,,,,,,,,,,,2015,5,1,20
7056,201501JC30331,536370.0,187190.0,-0.033849,51.567101,1,Slight,2,1,2015-02-06,Friday,18:00,Waltham Forest,E09000031,3,104,6,30.0,3,2,3,104,0.0,5.0,1,1,1,0,0,1,2,E01004427,3,1,02/06/2015,02/06/2015,1,9,0,3,0.0,1,0,0,0,0,2.0,1.0,6,Female,35,26 - 35,2231,2,7,-1,1,-1.0,1,1,1,2,35,6,3,0,0,0,0,0,9,1,3,,,,,,,,,,,,,,,,,2015,2,1,18
7058,201501JC30334,537570.0,185840.0,-0.017075,51.554679,1,Slight,2,1,2015-07-06,Monday,20:06,Waltham Forest,E09000031,3,106,3,50.0,3,2,6,0,0.0,5.0,1,1,1,0,0,1,1,E01004430,3,1,07/06/2015,07/06/2015,1,9,0,18,0.0,1,0,0,0,0,2.0,1.0,6,Male,34,26 - 35,1390,1,4,-1,1,-1.0,1,1,1,1,34,6,3,0,0,0,0,0,9,1,7,,,,,,,,,,,,,,,,,2015,7,1,20
7065,201501JC30345,539660.0,187610.0,0.013754,51.570071,1,Slight,2,1,2015-05-28,Thursday,00:16,Waltham Forest,E09000031,3,11,6,30.0,3,4,6,0,0.0,0.0,4,1,1,0,0,1,2,E01004438,3,1,28/05/2015,28/05/2015,1,9,0,18,0.0,8,0,0,0,0,3.0,1.0,6,Male,27,26 - 35,1995,1,14,-1,1,-1.0,1,1,1,1,27,6,3,0,0,0,0,0,9,1,8,,,,,,,,,,,,,,,,,2015,5,1,0
7067,201501JC30348,539150.0,194640.0,0.009187,51.633367,1,Slight,2,1,2015-02-06,Friday,22:30,Waltham Forest,E09000031,3,1069,6,30.0,3,4,6,0,0.0,1.0,4,1,1,0,0,1,1,E01004352,3,1,02/06/2015,02/06/2015,1,9,0,18,0.0,1,0,0,0,0,4.0,1.0,6,Female,26,26 - 35,1398,1,1,-1,1,-1.0,1,1,2,1,5,1,3,0,0,2,0,0,9,1,2,,,,,,,,,,,,,,,,,2015,2,1,22
7068,201501JC30349,540220.0,185970.0,0.021176,51.555195,1,Slight,2,1,2015-08-06,Thursday,18:50,Waltham Forest,E09000031,6,0,6,30.0,3,4,4,161,0.0,0.0,1,1,1,0,0,1,1,E01004331,3,1,08/06/2015,08/06/2015,1,9,0,9,0.0,8,0,0,0,0,3.0,1.0,6,Male,20,16 - 20,1199,1,13,-1,1,-1.0,2,1,1,1,36,7,3,0,0,0,0,0,3,1,2,,,,,,,,,,,,,,,,,2015,8,1,18
7077,201501JC30360,537510.0,190950.0,-0.015941,51.600612,1,Slight,2,3,2015-06-14,Sunday,19:00,Waltham Forest,E09000031,3,406,7,50.0,1,4,3,112,0.0,0.0,4,1,1,0,0,1,1,E01004344,3,1,14/06/2015,14/06/2015,1,9,0,18,0.0,1,0,0,0,0,2.0,1.0,6,Female,35,26 - 35,1461,2,9,-1,1,-1.0,1,1,1,2,35,6,3,0,0,0,0,0,9,1,3,,,,,,,,,,,,,,,,,2015,6,3,19
7078,201501JC30361,536810.0,191520.0,-0.025819,51.605904,1,Slight,3,1,2015-06-14,Sunday,20:58,Waltham Forest,E09000031,3,406,3,50.0,3,4,6,0,0.0,0.0,1,1,1,0,0,1,1,E01004455,3,1,14/06/2015,14/06/2015,1,9,0,3,0.0,2,0,0,0,0,2.0,1.0,6,Male,26,26 - 35,2926,2,14,-1,1,-1.0,2,1,1,1,23,5,3,0,0,0,0,0,9,1,4,,,,,,,,,,,,,,,,,2015,6,1,20
7080,201501JC30364,537870.0,190930.0,-0.010754,51.600344,1,Slight,3,1,2015-06-14,Sunday,20:00,Waltham Forest,E09000031,3,406,3,50.0,0,-1,-1,0,0.0,0.0,4,1,1,0,0,1,1,E01004344,3,1,14/06/2015,14/06/2015,1,9,0,18,0.0,0,0,0,0,0,2.0,1.0,6,Male,24,21 - 25,1984,1,6,-1,1,-1.0,2,1,2,2,39,7,3,0,0,1,0,0,9,1,5,,,,,,,,,,,,,,,,,2015,6,1,20
7086,201501JC30371,539920.0,191890.0,0.019208,51.608465,1,Slight,2,1,2015-06-18,Thursday,18:40,Waltham Forest,E09000031,3,1009,6,30.0,0,-1,-1,0,0.0,0.0,1,1,1,0,0,1,1,E01004385,3,1,18/06/2015,18/06/2015,1,9,0,18,0.0,0,0,0,0,0,1.0,1.0,6,Male,23,21 - 25,1598,1,9,-1,1,-1.0,2,1,1,1,28,6,3,0,0,0,0,0,3,1,7,,,,,,,,,,,,,,,,,2015,6,1,18
7088,201501JC30373,536830.0,187480.0,-0.027104,51.569596,1,Slight,2,1,2015-06-18,Thursday,21:45,Waltham Forest,E09000031,3,104,6,30.0,3,4,6,0,0.0,0.0,4,1,1,0,0,1,1,E01004427,3,1,18/06/2015,18/06/2015,1,5,0,1,0.0,2,0,0,0,0,3.0,1.0,6,Male,24,21 - 25,-1,-1,-1,-1,1,-1.0,1,1,1,1,24,5,3,0,0,0,0,0,5,1,4,,,,,,,,,,,,,,,,,2015,6,1,21
7095,201501JC30381,537960.0,187020.0,-0.01099,51.565187,1,Slight,2,3,2015-06-24,Wednesday,21:35,Waltham Forest,E09000031,3,112,6,30.0,3,4,6,0,0.0,0.0,4,1,1,0,0,1,1,E01004435,3,1,24/06/2015,24/06/2015,1,9,0,9,0.0,2,0,0,0,0,2.0,1.0,6,Male,19,16 - 20,1560,2,3,-1,1,-1.0,1,1,1,1,19,4,3,0,0,0,0,0,9,1,7,,,,,,,,,,,,,,,,,2015,6,3,21
7109,201501JC30397,536360.0,189530.0,-0.033086,51.588131,1,Serious,2,1,2015-06-30,Tuesday,20:15,Waltham Forest,E09000031,3,503,6,30.0,3,4,6,0,0.0,0.0,1,1,1,0,0,1,1,E01004396,2,2,30/06/2015,30/06/2015,1,9,0,9,0.0,5,0,0,0,0,4.0,1.0,6,Male,32,26 - 35,1597,2,1,-1,1,-1.0,2,1,1,1,24,5,2,0,0,0,0,0,3,1,3,,,,,,,,,,,,,,,,,2015,6,2,20
7113,201501JC30401,536390.0,188690.0,-0.032979,51.580576,1,Slight,2,1,2015-06-30,Tuesday,21:20,Waltham Forest,E09000031,3,1006,6,30.0,3,4,6,0,1.0,4.0,1,1,1,0,0,1,1,E01004444,3,1,30/06/2015,30/06/2015,1,3,0,14,0.0,2,0,0,0,0,1.0,1.0,6,Male,27,26 - 35,124,1,3,-1,1,-1.0,1,1,1,1,27,6,3,0,0,0,0,0,3,1,1,,,,,,,,,,,,,,,,,2015,6,1,21
7117,201501JC30406,539210.0,186240.0,0.006723,51.557871,1,Slight,2,1,2015-05-07,Thursday,19:20,Waltham Forest,E09000031,6,0,6,30.0,3,4,4,161,0.0,1.0,1,1,1,0,0,1,1,E01004328,3,1,05/07/2015,05/07/2015,1,3,0,18,0.0,8,0,0,0,0,1.0,1.0,1,Male,25,21 - 25,108,1,-1,-1,1,-1.0,1,1,1,1,25,5,3,0,0,0,0,0,3,1,4,,,,,,,,,,,,,,,,,2015,5,1,19
7120,201501JC30409,539440.0,187310.0,0.010463,51.56743,1,Slight,1,1,2015-06-07,Sunday,19:30,Waltham Forest,E09000031,6,0,6,30.0,0,-1,-1,0,0.0,0.0,1,1,1,0,0,1,1,E01004440,3,1,06/07/2015,06/07/2015,1,9,0,1,0.0,0,0,0,0,0,2.0,1.0,6,Male,35,26 - 35,1590,1,10,-1,1,-1.0,1,1,3,1,34,6,3,5,1,0,0,2,0,1,4,,,,,,,,,,,,,,,,,2015,6,1,19
7132,201501JC30424,538890.0,188100.0,0.002845,51.574664,1,Slight,2,1,2015-07-13,Monday,18:40,Waltham Forest,E09000031,6,0,6,30.0,3,4,6,0,0.0,1.0,1,1,1,0,0,1,1,E01004366,3,1,13/07/2015,13/07/2015,1,9,0,18,0.0,2,0,0,0,0,1.0,1.0,6,Male,26,26 - 35,1910,2,9,-1,1,-1.0,1,1,1,1,26,6,3,0,0,0,0,0,9,1,3,,,,,,,,,,,,,,,,,2015,7,1,18
7137,201501JC30429,537390.0,188820.0,-0.018505,51.581501,1,Slight,2,1,2015-07-16,Thursday,18:15,Waltham Forest,E09000031,3,112,6,30.0,3,4,6,0,0.0,0.0,1,1,1,0,0,1,2,E01004443,3,1,16/07/2015,16/07/2015,1,9,0,7,0.0,5,0,0,0,0,4.0,1.0,6,Male,25,21 - 25,-1,-1,-1,-1,1,-1.0,2,1,1,1,-1,-1,3,0,0,0,0,0,1,1,2,,,,,,,,,,,,,,,,,2015,7,1,18
7175,201501JC30477,537480.0,190910.0,-0.016389,51.60026,1,Slight,2,2,2015-01-08,Thursday,23:15,Waltham Forest,E09000031,3,112,1,30.0,1,2,4,179,0.0,5.0,4,1,1,0,0,1,1,E01004344,3,1,01/08/2015,01/08/2015,1,9,0,4,0.0,1,0,0,0,0,1.0,1.0,6,Male,33,26 - 35,1389,1,20,-1,1,-1.0,2,1,1,1,36,7,3,0,0,0,0,0,9,1,4,,,,,,,,,,,,,,,,,2015,1,2,23
7183,201501JC30487,538150.0,190260.0,-0.006977,51.594255,1,Slight,2,1,2015-06-08,Monday,23:45,Waltham Forest,E09000031,6,0,6,30.0,3,4,6,0,0.0,0.0,4,1,1,0,0,1,1,E01004348,3,1,06/08/2015,06/08/2015,1,9,0,18,0.0,8,0,0,0,0,3.0,1.0,6,Male,34,26 - 35,2143,2,2,-1,1,-1.0,1,1,1,1,34,6,3,0,0,0,0,0,9,1,3,,,,,,,,,,,,,,,,,2015,6,1,23
7191,201501JC30497,539040.0,186640.0,0.004431,51.561508,1,Slight,2,1,2015-09-08,Tuesday,21:29,Waltham Forest,E09000031,6,0,6,30.0,6,4,6,0,0.0,0.0,4,1,1,0,0,1,1,E01004341,3,1,09/08/2015,09/08/2015,1,9,0,4,0.0,1,0,0,0,0,2.0,1.0,6,Female,27,26 - 35,1968,2,9,-1,-1,-1.0,1,1,2,1,28,6,3,0,0,1,0,0,9,-1,-1,,,,,,,,,,,,,,,,,2015,9,1,21
7195,201501JC30501,537470.0,187830.0,-0.017739,51.572586,1,Slight,2,1,2015-11-08,Sunday,23:00,Waltham Forest,E09000031,3,104,6,30.0,3,4,6,0,0.0,0.0,7,9,1,0,0,1,1,E01004423,3,1,11/08/2015,11/08/2015,1,9,0,18,0.0,1,1,0,0,0,1.0,1.0,6,Male,24,21 - 25,1968,2,-1,-1,1,-1.0,1,1,1,1,24,5,3,0,0,0,0,0,9,1,6,,,,,,,,,,,,,,,,,2015,11,1,23
7197,201501JC30505,536850.0,187500.0,-0.026808,51.569771,1,Slight,2,1,2015-11-08,Sunday,22:12,Waltham Forest,E09000031,3,104,6,30.0,3,4,6,0,0.0,0.0,4,1,1,0,0,1,1,E01004427,3,1,11/08/2015,11/08/2015,1,9,0,9,0.0,2,0,0,0,0,3.0,1.0,1,Male,30,26 - 35,-1,-1,-1,-1,1,-1.0,2,1,1,1,33,6,3,0,0,0,0,0,3,1,6,,,,,,,,,,,,,,,,,2015,11,1,22
7205,201501JC30519,538220.0,190970.0,-0.005688,51.600618,1,Slight,2,1,2015-08-20,Thursday,21:35,Waltham Forest,E09000031,5,0,6,30.0,0,-1,-1,0,0.0,0.0,4,1,1,0,0,1,1,E01004343,3,1,20/08/2015,20/08/2015,1,9,0,18,0.0,0,0,0,0,0,4.0,1.0,6,Female,22,21 - 25,1242,1,9,-1,1,-1.0,2,1,1,2,19,4,3,0,0,0,0,0,9,1,10,,,,,,,,,,,,,,,,,2015,8,1,21
7208,201501JC30524,539550.0,187870.0,0.012271,51.572434,1,Slight,2,1,2015-08-25,Tuesday,19:30,Waltham Forest,E09000031,3,12,3,50.0,0,-1,-1,0,0.0,0.0,1,1,2,0,0,1,1,E01004436,3,1,25/08/2015,25/08/2015,1,3,0,18,0.0,0,1,0,0,0,4.0,1.0,2,Male,32,26 - 35,125,1,2,-1,1,-1.0,1,1,1,1,32,6,3,0,0,0,0,0,3,1,3,,,,,,,,,,,,,,,,,2015,8,1,19
7211,201501JC30529,536770.0,193070.0,-0.025792,51.619842,1,Slight,3,1,2015-08-27,Thursday,20:15,Waltham Forest,E09000031,3,1037,6,30.0,0,-1,-1,0,0.0,0.0,1,1,1,0,0,1,1,E01004450,3,1,27/08/2015,27/08/2015,1,9,0,18,0.0,0,0,4,0,0,1.0,1.0,6,Male,27,26 - 35,1781,1,14,-1,1,-1.0,1,1,1,1,27,6,3,0,0,0,0,0,9,1,6,,,,,,,,,,,,,,,,,2015,8,1,20
7213,201501JC30531,538410.0,188650.0,-0.003861,51.579724,1,Slight,2,1,2015-08-28,Friday,21:00,Waltham Forest,E09000031,3,104,6,30.0,3,4,6,0,0.0,4.0,4,1,1,0,0,1,1,E01004364,3,1,28/08/2015,28/08/2015,1,9,0,18,0.0,2,0,0,0,0,1.0,1.0,6,Male,21,21 - 25,1242,1,6,-1,1,-1.0,2,1,1,1,30,6,3,0,0,0,0,0,9,1,3,,,,,,,,,,,,,,,,,2015,8,1,21
7228,201501JC30549,538330.0,189810.0,-0.004558,51.590167,1,Slight,2,1,2015-06-09,Tuesday,00:30,Waltham Forest,E09000031,4,160,6,30.0,6,4,6,0,0.0,0.0,4,1,1,0,0,1,1,E01004470,3,1,06/09/2015,06/09/2015,1,9,0,18,0.0,8,0,0,0,0,3.0,1.0,6,Female,28,26 - 35,1995,2,1,-1,1,-1.0,1,1,1,2,28,6,3,0,0,0,0,0,9,1,3,,,,,,,,,,,,,,,,,2015,6,1,0
7243,201501JC30572,537610.0,194890.0,-0.012952,51.635992,1,Slight,2,2,2015-09-16,Wednesday,20:55,Waltham Forest,E09000031,3,112,6,30.0,6,2,3,110,0.0,5.0,4,2,2,0,0,1,1,E01004350,3,1,16/09/2015,16/09/2015,1,9,0,18,0.0,8,0,0,0,0,1.0,1.0,6,Female,27,26 - 35,1598,1,8,-1,1,-1.0,1,1,1,2,27,6,3,0,0,0,0,0,9,1,3,,,,,,,,,,,,,,,,,2015,9,2,20
7279,201501JC30616,537600.0,187910.0,-0.015833,51.573273,1,Slight,2,2,2015-07-09,Thursday,19:10,Waltham Forest,E09000031,3,104,6,30.0,3,4,6,0,0.0,1.0,1,1,1,0,0,1,1,E01004423,3,1,07/09/2015,07/09/2015,1,3,0,18,0.0,2,0,0,0,0,1.0,1.0,6,Male,32,26 - 35,125,1,7,-1,1,-1.0,1,1,1,1,32,6,3,0,0,0,0,0,3,1,2,,,,,,,,,,,,,,,,,2015,7,2,19
7280,201501JC30618,538390.0,185740.0,-0.005294,51.55358,1,Slight,2,1,2015-09-21,Monday,19:50,Waltham Forest,E09000031,3,112,6,30.0,3,4,6,0,0.0,0.0,4,1,2,0,0,1,2,E01004336,3,1,21/09/2015,21/09/2015,1,9,0,18,0.0,1,0,0,0,0,4.0,1.0,6,Female,25,21 - 25,1198,1,-1,-1,1,-1.0,1,1,1,2,25,5,3,0,0,0,0,0,9,1,2,,,,,,,,,,,,,,,,,2015,9,1,19
7284,201501JC30622,537290.0,192760.0,-0.018407,51.61693,1,Slight,2,1,2015-03-10,Tuesday,18:13,Waltham Forest,E09000031,3,1009,6,30.0,3,4,6,0,0.0,0.0,4,1,1,0,0,1,1,E01004452,3,1,03/10/2015,03/10/2015,1,9,0,9,0.0,8,0,0,0,0,1.0,1.0,6,Male,33,26 - 35,1598,1,8,-1,1,-1.0,2,1,1,1,25,5,3,0,0,0,0,0,3,1,4,,,,,,,,,,,,,,,,,2015,3,1,18
7299,201501JC30640,537390.0,188840.0,-0.018498,51.581681,1,Slight,2,1,2015-01-10,Saturday,23:58,Waltham Forest,E09000031,3,112,6,30.0,3,4,6,0,0.0,0.0,4,1,1,0,0,1,2,E01004443,3,1,01/10/2015,01/10/2015,1,8,0,18,0.0,8,0,0,0,0,3.0,1.0,6,Male,30,26 - 35,1798,8,3,-1,1,-1.0,1,1,1,1,30,6,3,0,0,0,0,0,8,1,5,,,,,,,,,,,,,,,,,2015,1,1,23
7313,201501JC30660,536970.0,187560.0,-0.025054,51.570281,1,Slight,2,1,2015-10-10,Saturday,04:00,Waltham Forest,E09000031,3,1006,6,30.0,6,2,3,104,0.0,5.0,4,1,1,0,0,1,1,E01004424,3,1,10/10/2015,10/10/2015,1,9,0,3,0.0,1,0,0,0,0,2.0,1.0,6,Male,24,21 - 25,-1,-1,-1,-1,1,-1.0,2,1,1,1,-1,-1,3,0,0,0,0,0,9,1,2,,,,,,,,,,,,,,,,,2015,10,1,4
7318,201501JC30666,539390.0,186850.0,0.00956,51.563308,1,Slight,3,1,2015-10-17,Saturday,23:35,Waltham Forest,E09000031,6,0,6,30.0,3,4,6,0,0.0,1.0,4,1,1,0,0,1,1,E01004440,3,1,17/10/2015,17/10/2015,1,9,0,3,0.0,1,0,0,0,0,2.0,1.0,6,Female,20,16 - 20,1796,1,6,-1,1,-1.0,1,1,1,2,20,4,3,0,0,0,0,0,9,1,2,,,,,,,,,,,,,,,,,2015,10,1,23
7321,201501JC30669,536800.0,187800.0,-0.027412,51.572479,1,Slight,1,1,2015-10-20,Tuesday,19:00,Waltham Forest,E09000031,5,0,6,30.0,3,4,3,1006,0.0,0.0,4,1,1,0,0,1,1,E01004421,3,1,20/10/2015,20/10/2015,1,9,0,9,0.0,2,0,0,0,0,1.0,1.0,6,Male,18,16 - 20,1242,1,7,-1,1,-1.0,1,1,3,2,43,7,3,5,2,0,0,2,0,-1,-1,,,,,,,,,,,,,,,,,2015,10,1,19
7323,201501JC30671,536290.0,189830.0,-0.033979,51.590844,1,Slight,2,1,2015-01-10,Saturday,21:10,Waltham Forest,E09000031,6,0,6,30.0,3,4,6,0,0.0,0.0,4,1,1,0,0,1,2,E01004404,3,1,01/10/2015,01/10/2015,1,3,0,3,0.0,1,0,0,0,0,1.0,1.0,2,Male,29,26 - 35,125,1,6,-1,1,-1.0,1,1,1,1,29,6,3,0,0,0,0,0,3,1,2,,,,,,,,,,,,,,,,,2015,1,1,21
7327,201501JC30678,538070.0,187120.0,-0.009365,51.566059,1,Slight,2,1,2015-10-24,Saturday,19:30,Waltham Forest,E09000031,4,161,6,20.0,0,-1,-1,0,0.0,0.0,4,2,2,0,0,1,1,E01004369,3,1,24/10/2015,24/10/2015,1,9,0,5,0.0,0,0,0,0,0,0.0,1.0,6,Male,35,26 - 35,1896,2,16,-1,1,-1.0,2,1,1,1,21,5,3,0,0,0,0,0,2,1,1,,,,,,,,,,,,,,,,,2015,10,1,19
7330,201501JC30681,537530.0,190700.0,-0.01575,51.598361,1,Slight,2,2,2015-10-24,Saturday,22:14,Waltham Forest,E09000031,3,112,6,30.0,3,4,6,0,0.0,0.0,4,2,2,0,0,1,1,E01004344,3,1,24/10/2015,24/10/2015,1,9,0,6,0.0,2,0,0,0,0,3.0,1.0,6,Male,27,26 - 35,1895,1,13,-1,1,-1.0,1,1,1,1,27,6,3,0,0,0,0,0,9,1,3,,,,,,,,,,,,,,,,,2015,10,2,22
7337,201501JC30695,536940.0,187570.0,-0.025483,51.570378,1,Slight,2,1,2015-10-28,Wednesday,19:10,Waltham Forest,E09000031,3,1006,6,30.0,3,2,3,104,0.0,5.0,4,1,1,0,0,1,1,E01004425,3,1,28/10/2015,28/10/2015,1,9,0,7,0.0,2,0,0,0,0,2.0,1.0,6,Female,31,26 - 35,1197,1,4,-1,1,-1.0,1,1,1,2,31,6,3,0,0,0,0,0,9,1,3,,,,,,,,,,,,,,,,,2015,10,1,19
7338,201501JC30696,537260.0,187740.0,-0.020802,51.571828,1,Serious,2,1,2015-10-30,Friday,23:05,Waltham Forest,E09000031,3,104,6,30.0,3,4,5,0,0.0,4.0,4,1,1,0,0,1,1,E01004424,2,2,30/10/2015,30/10/2015,1,9,0,5,0.0,2,0,0,0,0,3.0,1.0,6,Male,35,26 - 35,1956,2,4,-1,1,-1.0,2,1,1,1,32,6,2,0,0,0,0,0,1,1,4,,,,,,,,,,,,,,,,,2015,10,2,23
7356,201501JC30715,536190.0,190430.0,-0.035189,51.59626,1,Slight,1,1,2015-05-11,Monday,20:06,Waltham Forest,E09000031,5,0,6,30.0,3,4,6,0,0.0,0.0,4,1,1,0,0,1,1,E01004400,3,1,05/11/2015,05/11/2015,1,9,0,18,0.0,1,0,0,0,0,3.0,1.0,6,Male,20,16 - 20,1598,1,5,-1,1,-1.0,1,1,3,1,59,9,3,5,3,0,0,2,0,1,2,,,,,,,,,,,,,,,,,2015,5,1,20
7357,201501JC30717,539650.0,187170.0,0.013435,51.56612,1,Slight,2,1,2015-10-31,Saturday,22:10,Waltham Forest,E09000031,6,0,6,20.0,0,-1,-1,0,0.0,0.0,4,1,1,0,0,1,1,E01004441,3,1,31/10/2015,31/10/2015,1,9,0,2,0.0,0,0,0,0,0,2.0,1.0,6,Male,31,26 - 35,1497,8,2,-1,1,-1.0,1,1,1,1,31,6,3,0,0,0,0,0,9,1,3,,,,,,,,,,,,,,,,,2015,10,1,22
7358,201501JC30718,537610.0,194880.0,-0.012956,51.635902,1,Slight,2,2,2015-06-11,Thursday,20:58,Waltham Forest,E09000031,3,110,6,30.0,6,2,3,112,0.0,5.0,4,1,1,0,0,1,1,E01004350,3,1,06/11/2015,06/11/2015,1,9,0,9,0.0,8,0,0,0,0,1.0,1.0,6,Male,19,16 - 20,1596,1,8,-1,1,-1.0,2,1,1,1,57,9,3,0,0,0,0,0,9,1,7,,,,,,,,,,,,,,,,,2015,6,2,20
7361,201501JC30722,538590.0,189160.0,-0.001063,51.584263,1,Slight,3,3,2015-07-11,Saturday,22:42,Waltham Forest,E09000031,4,160,6,30.0,3,4,6,0,0.0,0.0,4,1,1,0,0,1,1,E01004467,3,1,07/11/2015,07/11/2015,1,9,0,6,0.0,1,0,4,0,0,3.0,1.0,6,Male,22,21 - 25,-1,-1,-1,-1,1,-1.0,1,1,1,1,22,5,3,0,0,0,0,0,9,1,7,,,,,,,,,,,,,,,,,2015,7,3,22
7371,201501JC30738,537430.0,189780.0,-0.017553,51.590118,1,Slight,2,1,2015-11-14,Saturday,20:45,Waltham Forest,E09000031,3,503,6,30.0,6,2,3,112,0.0,5.0,4,2,2,0,0,1,1,E01004460,3,1,14/11/2015,14/11/2015,1,8,0,18,0.0,8,0,0,0,0,3.0,1.0,1,Male,30,26 - 35,1800,8,3,-1,1,-1.0,1,1,1,1,30,6,3,0,0,0,0,0,8,1,2,,,,,,,,,,,,,,,,,2015,11,1,20
7378,201501JC30752,539790.0,187720.0,0.015673,51.571027,1,Slight,3,1,2015-11-20,Friday,19:15,Waltham Forest,E09000031,3,1199,6,30.0,6,2,3,114,0.0,5.0,4,1,1,0,0,1,1,E01004438,3,1,20/11/2015,20/11/2015,1,9,0,9,0.0,8,0,0,0,0,2.0,1.0,6,Female,32,26 - 35,-1,-1,-1,-1,1,-1.0,1,1,1,2,32,6,3,0,0,0,0,0,9,1,2,,,,,,,,,,,,,,,,,2015,11,1,19
7386,201501JC30761,538440.0,193690.0,-0.00144,51.625005,1,Serious,5,3,2015-11-24,Tuesday,22:00,Waltham Forest,E09000031,5,0,6,30.0,0,-1,-1,0,0.0,0.0,4,2,2,0,0,1,1,E01004360,2,2,24/11/2015,24/11/2015,1,9,0,17,0.0,0,1,4,0,0,1.0,1.0,6,Female,18,16 - 20,1498,1,10,-1,1,-1.0,1,1,1,2,18,4,2,0,0,0,0,0,9,1,2,,,,,,,,,,,,,,,,,2015,11,6,22