,accident_index,location_easting_osgr,location_northing_osgr,longitude,latitude,police_force,accident_severity,number_of_vehicles,number_of_casualties,date,day_of_week,time,local_authority_district,local_authority_highway,first_road_class,first_road_number,road_type,speed_limit,junction_detail,junction_control,second_road_class,second_road_number,pedestrian_crossing-human_control,pedestrian_crossing-physical_facilities,light_conditions,weather_conditions,road_surface_conditions,special_conditions_at_site,carriageway_hazards,urban_or_rural_area,did_police_officer_attend_scene_of_accident,lsoa_of_accident_location,accident_severity_num,accident_severity_inv,date2,date_original,vehicle_reference_x,vehicle_type,towing_and_articulation,vehicle_manoeuvre,vehicle_location-restricted_lane,junction_location,skidding_and_overturning,hit_object_in_carriageway,vehicle_leaving_carriageway,hit_object_off_carriageway,1st_point_of_impact,was_vehicle_left_hand_drive?,journey_purpose_of_driver,sex_of_driver,age_of_driver,age_band_of_driver,engine_capacity_cc,propulsion_code,age_of_vehicle,driver_imd_decile,driver_home_area_type,vehicle_imd_decile,vehicle_reference_y,casualty_reference,casualty_class,sex_of_casualty,age_of_casualty,age_band_of_casualty,casualty_severity,pedestrian_location,pedestrian_movement,car_passenger,bus_or_coach_passenger,pedestrian_road_maintenance_worker,casualty_type,casualty_home_area_type,casualty_imd_decile,accident_year_x,accident_reference_x,local_authority_ons_district,pedestrian_crossing_human_control,pedestrian_crossing_physical_facilities,trunk_road_flag,accident_year_y,accident_reference_y,vehicle_direction_from,vehicle_direction_to,vehicle_location_restricted_lane,first_point_of_impact,vehicle_left_hand_drive,generic_make_model,accident_year,accident_reference,year,month,severity,hours
7396,201501JC30775,537340.0,189000.0,-0.019156,51.583131,1,Slight,1,1,2015-02-12,Thursday,18:25,Waltham Forest,E09000031,5,0,6,30.0,6,2,3,112,0.0,5.0,4,1,1,0,0,1,1,E01004397,3,1,02/12/2015,02/12/2015,1,8,0,18,0.0,2,0,0,0,0,1.0,1.0,1,Male,29,26 - 35,1995,2,4,-1,1,-1.0,1,1,3,2,26,6,3,1,3,0,0,2,0,1,3,,,,,,,,,,,,,,,,,2015,2,1,18
7400,201501JC30780,538470.0,185450.0,-0.004255,51.550955,1,Slight,2,1,2015-11-29,Sunday,19:30,Waltham Forest,E09000031,3,112,6,30.0,6,2,3,112,0.0,5.0,4,2,2,0,0,1,2,E01033583,3,1,29/11/2015,29/11/2015,1,3,0,18,0.0,8,0,0,0,0,1.0,1.0,6,Male,18,16 - 20,-1,-1,-1,-1,1,-1.0,1,1,1,1,18,4,3,0,0,0,0,0,3,1,3,,,,,,,,,,,,,,,,,2015,11,1,19
7403,201501JC30783,536540.0,189630.0,-0.03045,51.588986,1,Slight,2,1,2015-06-12,Friday,23:59,Waltham Forest,E09000031,3,503,6,30.0,3,4,5,0,0.0,0.0,4,2,2,0,0,1,1,E01004458,3,1,06/12/2015,06/12/2015,1,9,0,9,0.0,8,0,0,0,0,4.0,1.0,6,Male,24,21 - 25,-1,-1,-1,-1,1,-1.0,2,1,1,1,23,5,3,0,0,0,0,0,3,1,4,,,,,,,,,,,,,,,,,2015,6,1,23
7424,201501JC30815,539030.0,193920.0,0.007169,51.626927,1,Slight,2,1,2015-12-19,Saturday,21:00,Waltham Forest,E09000031,4,146,1,30.0,2,3,3,110,0.0,0.0,4,1,1,0,0,1,1,E01004389,3,1,19/12/2015,19/12/2015,1,5,0,9,0.0,8,0,0,0,0,3.0,1.0,2,Male,30,26 - 35,998,1,5,-1,1,-1.0,1,1,1,1,30,6,3,0,0,0,0,0,5,1,2,,,,,,,,,,,,,,,,,2015,12,1,21
7433,201501JC30825,538250.0,186290.0,-0.007096,51.558557,1,Slight,2,2,2015-12-25,Friday,19:04,Waltham Forest,E09000031,3,112,6,30.0,6,2,3,106,0.0,5.0,4,1,2,0,0,1,1,E01004430,3,1,25/12/2015,25/12/2015,1,9,0,4,0.0,1,0,0,0,0,2.0,1.0,6,Male,23,21 - 25,2143,2,1,-1,1,-1.0,1,1,1,1,23,5,3,0,0,0,0,0,9,1,2,,,,,,,,,,,,,,,,,2015,12,2,19
7434,201501JC30826,537440.0,189780.0,-0.017409,51.590115,1,Slight,2,2,2015-12-26,Saturday,23:33,Waltham Forest,E09000031,3,503,6,30.0,6,2,3,112,0.0,5.0,4,1,2,0,0,1,1,E01004408,3,1,26/12/2015,26/12/2015,1,9,0,9,0.0,8,0,0,0,0,1.0,1.0,6,Male,20,16 - 20,998,1,10,-1,1,-1.0,1,1,1,1,20,4,3,0,0,0,0,0,9,1,2,,,,,,,,,,,,,,,,,2015,12,2,23
7435,201501JC30827,539640.0,187910.0,0.013585,51.572772,1,Slight,1,1,2015-12-25,Friday,01:54,Waltham Forest,E09000031,3,12,3,40.0,0,-1,-1,0,0.0,0.0,4,1,2,0,0,1,1,E01004436,3,1,25/12/2015,25/12/2015,1,9,0,17,0.0,0,1,10,2,7,2.0,1.0,6,Female,30,26 - 35,1896,2,9,-1,1,-1.0,1,1,1,2,30,6,3,0,0,0,0,0,9,1,3,,,,,,,,,,,,,,,,,2015,12,1,1
7448,201501JI40003,539980.0,191760.0,0.020022,51.607282,1,Slight,2,1,2015-07-01,Wednesday,20:21,Redbridge,E09000026,3,104,6,30.0,3,2,3,1009,0.0,5.0,4,1,1,0,0,1,1,E01003750,3,1,07/01/2015,07/01/2015,1,9,0,9,0.0,8,0,0,0,0,4.0,1.0,6,Male,18,16 - 20,1229,1,5,-1,1,-1.0,2,1,1,1,21,5,3,0,0,0,0,0,9,1,4,,,,,,,,,,,,,,,,,2015,7,1,20
7450,201501JI40006,546660.0,187180.0,0.114506,51.564432,1,Slight,2,1,2015-09-01,Tuesday,18:34,Redbridge,E09000026,6,0,6,30.0,6,4,6,0,0.0,1.0,4,1,1,0,0,1,1,E01003718,3,1,09/01/2015,09/01/2015,1,2,0,18,0.0,8,0,0,0,0,3.0,1.0,6,Male,18,16 - 20,49,1,2,-1,1,-1.0,1,1,1,1,18,4,3,0,0,0,0,0,2,1,4,,,,,,,,,,,,,,,,,2015,9,1,18
7458,201501JI40022,543130.0,186770.0,0.063447,51.561654,1,Slight,3,1,2015-07-01,Wednesday,21:00,Redbridge,E09000026,6,0,6,30.0,6,4,6,0,0.0,0.0,4,1,1,0,0,1,1,E01003784,3,1,07/01/2015,07/01/2015,1,9,0,18,0.0,2,0,4,1,4,1.0,1.0,6,Male,21,21 - 25,2494,1,12,-1,1,-1.0,1,1,2,1,24,5,3,0,0,1,0,0,9,-1,-1,,,,,,,,,,,,,,,,,2015,7,1,21
7464,201501JI40032,540400.0,190210.0,0.025463,51.59325,1,Slight,1,1,2015-01-21,Wednesday,19:20,Redbridge,E09000026,4,168,1,30.0,1,4,5,0,0.0,0.0,4,1,1,0,0,1,1,E01003668,3,1,21/01/2015,21/01/2015,1,2,0,18,0.0,8,0,0,0,0,4.0,1.0,1,Male,21,21 - 25,49,1,6,-1,1,-1.0,1,1,1,1,21,5,3,0,0,0,0,0,2,1,3,,,,,,,,,,,,,,,,,2015,1,1,19
7476,201501JI40049,543350.0,186250.0,0.066406,51.556925,1,Slight,2,1,2015-01-24,Saturday,23:23,Redbridge,E09000026,3,118,6,30.0,6,2,6,0,0.0,5.0,4,1,2,0,0,1,1,E01003728,3,1,24/01/2015,24/01/2015,1,9,0,18,0.0,8,0,0,0,0,4.0,1.0,6,Male,23,21 - 25,-1,-1,-1,-1,1,-1.0,1,1,1,1,23,5,3,0,0,0,0,0,9,1,2,,,,,,,,,,,,,,,,,2015,1,1,23
7478,201501JI40051,545900.0,188930.0,0.104275,51.580353,1,Slight,2,1,2015-01-23,Friday,22:25,Redbridge,E09000026,3,12,3,40.0,0,-1,-1,0,0.0,0.0,4,2,2,0,0,1,1,E01003751,3,1,23/01/2015,23/01/2015,1,9,0,18,0.0,0,0,0,0,0,1.0,1.0,6,Male,24,21 - 25,1364,1,7,-1,1,-1.0,1,1,1,1,24,5,3,0,0,0,0,0,9,1,3,,,,,,,,,,,,,,,,,2015,1,1,22
7480,201501JI40055,546430.0,187670.0,0.111394,51.568894,1,Slight,2,1,2015-01-15,Thursday,18:30,Redbridge,E09000026,4,177,6,30.0,0,-1,-1,0,0.0,0.0,4,1,1,0,0,1,1,E01003773,3,1,15/01/2015,15/01/2015,1,9,0,18,0.0,0,0,4,0,0,4.0,1.0,6,Male,18,16 - 20,-1,-1,-1,-1,1,-1.0,1,1,1,1,18,4,3,0,0,0,0,0,9,1,4,,,,,,,,,,,,,,,,,2015,1,1,18
7489,201501JI40066,546360.0,187020.0,0.110114,51.563072,1,Slight,2,1,2015-01-23,Friday,19:00,Redbridge,E09000026,4,177,6,30.0,3,4,3,1083,0.0,1.0,4,1,1,0,0,1,2,E01003719,3,1,23/01/2015,23/01/2015,1,9,0,7,0.0,1,0,0,0,0,2.0,1.0,6,Female,31,26 - 35,1390,1,10,-1,-1,-1.0,1,1,1,2,31,6,3,0,0,0,0,0,9,-1,-1,,,,,,,,,,,,,,,,,2015,1,1,19
7493,201501JI40071,544940.0,187790.0,0.08996,51.570357,1,Slight,2,1,2015-02-02,Monday,18:25,Redbridge,E09000026,6,0,6,30.0,6,4,6,0,0.0,0.0,4,1,1,0,0,1,1,E01003756,3,1,02/02/2015,02/02/2015,1,9,0,5,0.0,8,0,0,0,0,4.0,1.0,6,Female,31,26 - 35,1995,1,10,-1,1,-1.0,2,1,1,2,37,7,3,0,0,0,0,0,9,1,4,,,,,,,,,,,,,,,,,2015,2,1,18
7495,201501JI40073,540860.0,189880.0,0.031967,51.59017,1,Slight,2,1,2015-01-24,Saturday,18:45,Redbridge,E09000026,3,113,6,30.0,3,4,6,0,0.0,1.0,4,1,1,0,0,1,1,E01003764,3,1,24/01/2015,24/01/2015,1,3,0,13,0.0,8,0,0,0,0,4.0,1.0,6,Male,22,21 - 25,125,1,4,-1,1,-1.0,1,1,1,1,22,5,3,0,0,0,0,0,3,1,2,,,,,,,,,,,,,,,,,2015,1,1,18
7496,201501JI40075,543290.0,186180.0,0.065513,51.556312,1,Slight,2,1,2015-01-30,Friday,20:49,Redbridge,E09000026,3,118,6,30.0,5,4,3,118,0.0,0.0,1,2,2,0,0,1,1,E01003728,3,1,30/01/2015,30/01/2015,1,9,0,4,0.0,1,0,0,0,0,1.0,1.0,1,Male,24,21 - 25,-1,-1,-1,-1,-1,-1.0,2,1,1,1,48,8,3,0,0,0,0,0,19,1,2,,,,,,,,,,,,,,,,,2015,1,1,20
7503,201501JI40082,542810.0,187470.0,0.059117,51.568025,1,Slight,2,1,2015-01-30,Friday,20:35,Redbridge,E09000026,5,0,6,30.0,3,4,6,0,0.0,0.0,4,1,1,0,0,1,1,E01003694,3,1,30/01/2015,30/01/2015,1,3,0,18,0.0,8,0,0,0,0,3.0,1.0,6,Male,28,26 - 35,125,1,5,-1,1,-1.0,1,1,1,1,28,6,3,0,0,0,0,0,3,1,6,,,,,,,,,,,,,,,,,2015,1,1,20
7534,201501JI40124,544000.0,187530.0,0.0763,51.568261,1,Slight,2,5,2015-02-22,Sunday,23:26,Redbridge,E09000026,6,0,1,30.0,2,4,6,0,0.0,0.0,4,1,2,0,0,1,1,E01003786,3,1,22/02/2015,22/02/2015,1,9,0,18,0.0,8,0,0,0,0,4.0,1.0,6,Male,22,21 - 25,-1,-1,-1,-1,1,-1.0,1,1,1,1,22,5,3,0,0,0,0,0,9,1,6,,,,,,,,,,,,,,,,,2015,2,5,23
7561,201501JI40161,542550.0,187850.0,0.055523,51.571505,1,Serious,1,1,2015-01-03,Saturday,01:30,Redbridge,E09000026,5,0,6,30.0,3,4,6,0,0.0,0.0,4,1,1,0,0,1,1,E01003693,2,2,01/03/2015,01/03/2015,1,9,0,18,0.0,8,0,0,0,0,1.0,1.0,6,Male,25,21 - 25,1994,1,14,-1,1,-1.0,1,1,1,1,25,5,2,0,0,0,0,0,9,1,6,,,,,,,,,,,,,,,,,2015,1,2,1
7568,201501JI40169,543670.0,191530.0,0.073177,51.604287,1,Slight,2,2,2015-03-03,Tuesday,21:00,Redbridge,E09000026,5,0,6,30.0,0,-1,-1,0,0.0,0.0,4,1,1,0,0,1,1,E01003703,3,1,03/03/2015,03/03/2015,1,9,0,18,0.0,0,0,0,0,0,3.0,1.0,6,Male,32,26 - 35,-1,-1,-1,-1,1,-1.0,1,1,1,1,32,6,3,0,0,0,0,0,9,1,4,,,,,,,,,,,,,,,,,2015,3,2,21
7573,201501JI40174,540410.0,190560.0,0.025747,51.596393,1,Slight,2,1,2015-03-14,Saturday,00:10,Redbridge,E09000026,3,406,3,50.0,5,4,6,0,0.0,0.0,4,1,1,0,0,1,1,E01003674,3,1,14/03/2015,14/03/2015,1,3,0,12,0.0,1,0,0,0,0,3.0,1.0,6,Male,20,16 - 20,124,1,1,-1,1,-1.0,1,1,1,1,20,4,3,0,0,0,0,0,3,1,1,,,,,,,,,,,,,,,,,2015,3,1,0
7577,201501JI40179,546240.0,192000.0,0.110457,51.607849,1,Slight,2,2,2015-05-03,Sunday,02:50,Redbridge,E09000026,5,0,6,30.0,6,2,5,0,0.0,5.0,4,1,1,0,0,1,1,E01003720,3,1,05/03/2015,05/03/2015,1,9,0,18,0.0,8,0,0,0,0,4.0,1.0,1,Male,28,26 - 35,1796,1,8,-1,1,-1.0,1,1,1,1,28,6,3,0,0,0,0,0,9,1,3,,,,,,,,,,,,,,,,,2015,5,2,2
7596,201501JI40208,540810.0,190470.0,0.031482,51.595484,1,Slight,2,3,2015-03-22,Sunday,21:17,Redbridge,E09000026,3,406,3,50.0,5,4,6,0,0.0,0.0,4,1,1,0,0,1,1,E01003765,3,1,22/03/2015,22/03/2015,1,9,0,11,0.0,8,0,0,0,0,4.0,1.0,6,Male,21,21 - 25,2457,1,9,-1,1,-1.0,1,1,1,1,21,5,3,0,0,0,0,0,9,1,4,,,,,,,,,,,,,,,,,2015,3,3,21
7598,201501JI40212,545320.0,191630.0,0.097027,51.604763,1,Slight,2,2,2015-03-25,Wednesday,00:05,Redbridge,E09000026,5,0,3,30.0,3,4,6,0,0.0,0.0,4,1,2,0,0,1,1,E01003699,3,1,25/03/2015,25/03/2015,1,9,0,18,0.0,2,0,0,0,0,1.0,1.0,6,Male,18,16 - 20,-1,-1,-1,-1,1,-1.0,1,1,1,1,18,4,3,0,0,0,0,0,9,1,7,,,,,,,,,,,,,,,,,2015,3,2,0
7601,201501JI40217,545520.0,187130.0,0.09805,51.564277,1,Slight,1,1,2015-03-26,Thursday,21:30,Redbridge,E09000026,3,118,6,30.0,0,-1,-1,0,0.0,4.0,4,1,1,0,0,1,1,E01003767,3,1,26/03/2015,26/03/2015,1,9,0,5,0.0,0,0,0,0,0,1.0,1.0,6,Male,30,26 - 35,-1,-1,-1,-1,-1,-1.0,1,1,1,1,30,6,3,0,0,0,0,0,9,-1,-1,,,,,,,,,,,,,,,,,2015,3,1,21
7605,201501JI40221,544490.0,187150.0,0.083209,51.564722,1,Slight,2,1,2015-03-16,Monday,20:30,Redbridge,E09000026,5,0,6,30.0,3,4,6,0,0.0,4.0,4,1,1,0,0,1,1,E01003758,3,1,16/03/2015,16/03/2015,1,9,0,18,0.0,1,0,0,0,0,1.0,1.0,6,Male,19,16 - 20,-1,-1,-1,-1,1,-1.0,1,1,1,1,19,4,3,0,0,0,0,0,9,1,5,,,,,,,,,,,,,,,,,2015,3,1,20
7606,201501JI40222,543540.0,188350.0,0.070002,51.575747,1,Serious,2,1,2015-02-04,Wednesday,18:45,Redbridge,E09000026,3,12,3,30.0,0,-1,-1,0,0.0,0.0,1,1,1,0,0,1,2,E01003752,2,2,02/04/2015,02/04/2015,1,9,0,3,0.0,0,0,0,0,0,2.0,1.0,6,Female,35,26 - 35,1896,2,11,-1,1,-1.0,1,1,1,2,35,6,2,0,0,0,0,0,9,1,4,,,,,,,,,,,,,,,,,2015,2,2,18
7621,201501JI40240,543290.0,186160.0,0.065505,51.556132,1,Slight,3,1,2015-07-03,Friday,18:11,Redbridge,E09000026,3,406,7,50.0,0,-1,-1,0,0.0,0.0,4,1,1,0,0,1,1,E01003728,3,1,07/03/2015,07/03/2015,1,9,0,18,0.0,0,0,0,0,0,1.0,1.0,6,Male,25,21 - 25,-1,-1,-1,-1,1,-1.0,2,1,1,1,18,4,3,0,0,0,0,0,9,3,3,,,,,,,,,,,,,,,,,2015,7,1,18
7622,201501JI40241,547570.0,187850.0,0.127906,51.570214,1,Slight,2,1,2015-10-04,Sunday,18:20,Redbridge,E09000026,3,118,6,30.0,8,4,6,0,0.0,0.0,1,1,1,0,0,1,1,E01003662,3,1,10/04/2015,10/04/2015,1,9,0,9,0.0,8,0,0,0,0,3.0,1.0,6,Male,24,21 - 25,1968,2,1,-1,-1,-1.0,2,1,1,1,30,6,3,0,0,0,0,0,5,-1,-1,,,,,,,,,,,,,,,,,2015,10,1,18
7637,201501JI40260,540650.0,188190.0,0.028261,51.575037,1,Slight,2,1,2015-05-04,Monday,18:59,Redbridge,E09000026,6,0,6,30.0,0,-1,-1,0,0.0,0.0,1,1,1,0,0,1,1,E01003789,3,1,05/04/2015,05/04/2015,1,9,0,4,0.0,0,0,0,0,0,2.0,1.0,6,Male,19,16 - 20,1590,1,11,-1,1,-1.0,2,1,1,1,36,7,3,0,0,0,0,0,5,1,3,,,,,,,,,,,,,,,,,2015,5,1,18
7643,201501JI40268,539980.0,191790.0,0.020034,51.607552,1,Slight,2,1,2015-02-14,Saturday,19:10,Redbridge,E09000026,3,104,6,30.0,3,2,3,1009,0.0,5.0,4,1,1,0,0,1,2,E01003750,3,1,14/02/2015,14/02/2015,1,9,0,9,0.0,1,0,0,0,0,4.0,1.0,6,Male,26,26 - 35,1995,2,1,-1,1,-1.0,1,1,1,1,26,6,3,0,0,0,0,0,9,1,8,,,,,,,,,,,,,,,,,2015,2,1,19
7654,201501JI40280,540250.0,190530.0,0.023427,51.596163,1,Slight,2,1,2015-04-18,Saturday,23:45,Redbridge,E09000026,3,406,3,50.0,0,-1,-1,0,0.0,0.0,4,1,1,4,0,1,2,E01003674,3,1,18/04/2015,18/04/2015,1,9,0,4,0.0,0,0,0,0,0,2.0,1.0,6,Male,29,26 - 35,1796,1,10,-1,-1,-1.0,1,1,2,2,30,6,3,0,0,1,0,0,9,-1,-1,,,,,,,,,,,,,,,,,2015,4,1,23
7655,201501JI40282,540170.0,190340.0,0.022197,51.594475,1,Slight,2,1,2015-01-05,Monday,20:10,Redbridge,E09000026,3,11,6,30.0,0,-1,-1,0,0.0,0.0,4,1,1,0,0,1,1,E01003674,3,1,01/05/2015,01/05/2015,1,2,0,13,0.0,0,0,0,0,0,4.0,1.0,1,Male,30,26 - 35,49,1,5,-1,1,-1.0,1,1,1,1,30,6,3,0,0,0,0,0,2,1,2,,,,,,,,,,,,,,,,,2015,1,1,20
7673,201501JI40307,544600.0,186510.0,0.084531,51.558943,1,Slight,2,1,2015-06-05,Friday,19:35,Redbridge,E09000026,3,1083,6,30.0,0,-1,-1,0,0.0,0.0,1,2,2,0,0,1,2,E01003686,3,1,06/05/2015,06/05/2015,1,9,0,18,0.0,0,0,0,0,0,2.0,1.0,6,Male,25,21 - 25,1499,2,-1,-1,1,-1.0,2,1,1,1,-1,-1,3,0,0,0,0,0,3,-1,-1,,,,,,,,,,,,,,,,,2015,6,1,19
7687,201501JI40328,544500.0,188120.0,0.083751,51.573435,1,Slight,1,1,2015-04-16,Thursday,20:46,Redbridge,E09000026,3,12,6,30.0,6,2,5,0,0.0,5.0,4,1,1,0,0,1,1,E01003755,3,1,16/04/2015,16/04/2015,1,9,0,18,0.0,8,0,0,0,0,1.0,1.0,6,Male,32,26 - 35,1360,1,8,-1,1,-1.0,1,1,3,1,36,7,3,1,1,0,0,2,0,-1,-1,,,,,,,,,,,,,,,,,2015,4,1,20
7689,201501JI40330,544550.0,186090.0,0.083638,51.555182,1,Slight,3,1,2015-07-05,Sunday,18:20,Redbridge,E09000026,6,0,1,30.0,2,4,6,0,0.0,0.0,1,1,1,0,0,1,2,E01003683,3,1,07/05/2015,07/05/2015,1,9,0,18,0.0,8,0,0,0,0,4.0,1.0,6,Female,29,26 - 35,1498,1,7,-1,1,-1.0,1,1,1,2,29,6,3,0,0,0,0,0,9,1,4,,,,,,,,,,,,,,,,,2015,7,1,18
7690,201501JI40331,541810.0,188330.0,0.045046,51.576004,1,Slight,2,1,2015-05-17,Sunday,19:40,Redbridge,E09000026,3,406,1,30.0,1,2,3,12,0.0,0.0,7,1,1,0,0,1,2,E01003697,3,1,17/05/2015,17/05/2015,1,9,0,18,0.0,8,0,0,0,0,1.0,1.0,6,Female,27,26 - 35,1390,1,1,-1,1,-1.0,1,1,1,2,27,6,3,0,0,0,0,0,9,1,7,,,,,,,,,,,,,,,,,2015,5,1,19
7703,201501JI40345,543890.0,185700.0,0.073965,51.551846,1,Slight,1,1,2015-05-31,Sunday,19:38,Redbridge,E09000026,3,123,6,30.0,3,4,6,0,0.0,4.0,1,1,1,0,0,1,1,E01003729,3,1,31/05/2015,31/05/2015,1,9,0,9,0.0,2,0,0,0,0,1.0,1.0,6,Male,29,26 - 35,1598,1,5,-1,1,-1.0,1,1,3,1,64,9,3,4,1,0,0,2,0,-1,-1,,,,,,,,,,,,,,,,,2015,5,1,19
7718,201501JI40361,543310.0,187090.0,0.066172,51.564483,1,Slight,2,1,2015-05-16,Saturday,00:08,Redbridge,E09000026,3,123,6,30.0,0,-1,-1,0,0.0,1.0,4,1,2,0,0,1,1,E01003788,3,1,16/05/2015,16/05/2015,1,9,0,18,0.0,0,0,0,0,0,4.0,1.0,6,Male,23,21 - 25,1229,1,10,-1,-1,-1.0,1,1,1,1,23,5,3,0,0,0,0,0,9,-1,-1,,,,,,,,,,,,,,,,,2015,5,1,0
7728,201501JI40372,542210.0,188590.0,0.050919,51.57824,1,Slight,3,1,2015-05-30,Saturday,18:19,Redbridge,E09000026,6,0,6,30.0,0,-1,-1,0,0.0,0.0,1,1,1,0,0,1,1,E01003676,3,1,30/05/2015,30/05/2015,1,9,0,18,0.0,0,0,4,0,0,1.0,1.0,6,Female,30,26 - 35,1242,1,9,-1,-1,-1.0,1,1,1,2,30,6,3,0,0,0,0,0,9,-1,-1,,,,,,,,,,,,,,,,,2015,5,1,18
7729,201501JI40373,543240.0,187060.0,0.06515,51.564232,1,Slight,2,1,2015-05-29,Friday,20:25,Redbridge,E09000026,6,0,6,30.0,3,4,6,0,0.0,0.0,1,1,1,0,0,1,1,E01003788,3,1,29/05/2015,29/05/2015,1,9,0,18,0.0,8,0,0,7,2,4.0,1.0,6,Male,25,21 - 25,1242,1,6,-1,1,-1.0,1,1,1,1,25,5,3,0,0,0,0,0,9,1,3,,,,,,,,,,,,,,,,,2015,5,1,20
7739,201501JI40385,540160.0,190360.0,0.022061,51.594658,1,Slight,2,1,2015-07-06,Monday,22:41,Redbridge,E09000026,4,168,6,30.0,3,2,3,11,0.0,5.0,4,1,1,0,0,1,1,E01003674,3,1,07/06/2015,07/06/2015,1,9,0,9,0.0,8,0,0,0,0,3.0,1.0,6,Female,18,16 - 20,1198,1,-1,-1,1,-1.0,2,1,2,1,45,7,3,0,0,1,0,0,9,-1,-1,,,,,,,,,,,,,,,,,2015,7,1,22
7745,201501JI40392,546980.0,187640.0,0.119311,51.568482,1,Slight,2,1,2015-05-06,Wednesday,23:08,Redbridge,E09000026,3,118,6,30.0,3,4,6,0,0.0,1.0,4,1,1,0,0,1,2,E01003666,3,1,05/06/2015,05/06/2015,1,9,0,9,0.0,8,0,0,0,0,3.0,1.0,6,Female,34,26 - 35,1560,2,7,-1,-1,-1.0,1,1,1,2,34,6,3,0,0,0,0,0,9,-1,-1,,,,,,,,,,,,,,,,,2015,5,1,23
7756,201501JI40406,543020.0,186710.0,0.061836,51.561142,1,Slight,2,1,2015-06-15,Monday,18:35,Redbridge,E09000026,6,0,6,30.0,0,-1,-1,0,0.0,0.0,1,1,1,0,0,1,1,E01003784,3,1,15/06/2015,15/06/2015,1,9,0,5,0.0,0,0,0,0,0,1.0,1.0,6,Female,23,21 - 25,1997,2,14,-1,1,-1.0,2,1,1,1,12,3,3,0,0,0,0,0,1,1,4,,,,,,,,,,,,,,,,,2015,6,1,18
7764,201501JI40417,546810.0,189170.0,0.117499,51.582273,1,Slight,3,2,2015-08-06,Thursday,18:30,Redbridge,E09000026,3,12,3,50.0,6,2,4,177,0.0,5.0,1,1,1,0,0,1,1,E01003663,3,1,08/06/2015,08/06/2015,1,9,0,3,0.0,1,0,0,0,0,2.0,1.0,6,Female,26,26 - 35,1497,8,1,-1,1,-1.0,1,1,1,2,26,6,3,0,0,0,0,0,9,1,6,,,,,,,,,,,,,,,,,2015,8,2,18
7767,201501JI40420,544570.0,187390.0,0.084461,51.566858,1,Slight,2,1,2015-06-20,Saturday,18:33,Redbridge,E09000026,5,0,6,30.0,0,-1,-1,0,0.0,0.0,1,1,2,0,0,1,1,E01003756,3,1,20/06/2015,20/06/2015,1,9,0,3,0.0,0,0,0,0,0,2.0,1.0,6,Female,30,26 - 35,1995,1,9,-1,1,-1.0,1,1,1,2,30,6,3,0,0,0,0,0,9,1,6,,,,,,,,,,,,,,,,,2015,6,1,18
7775,201501JI40433,545340.0,192180.0,0.097544,51.6097,1,Slight,2,1,2015-07-05,Sunday,19:47,Redbridge,E09000026,5,0,6,30.0,0,-1,-1,0,0.0,0.0,1,1,1,0,0,1,1,E01003725,3,1,07/05/2015,07/05/2015,1,9,0,12,0.0,0,0,0,0,0,1.0,1.0,6,Male,33,26 - 35,1598,2,2,-1,1,-1.0,2,1,1,2,59,9,3,0,0,0,0,0,9,1,5,,,,,,,,,,,,,,,,,2015,7,1,19
7781,201501JI40440,542480.0,187980.0,0.054566,51.572691,1,Slight,1,1,2015-06-29,Monday,18:10,Redbridge,E09000026,5,0,6,30.0,0,-1,-1,0,0.0,0.0,1,1,1,0,0,1,1,E01003693,3,1,29/06/2015,29/06/2015,1,9,0,18,0.0,0,0,0,0,0,4.0,1.0,6,Female,22,21 - 25,1242,1,6,-1,1,-1.0,1,1,3,1,50,8,3,5,1,0,0,2,0,1,6,,,,,,,,,,,,,,,,,2015,6,1,18
7784,201501JI40443,541590.0,191070.0,0.042978,51.60068,1,Slight,2,1,2015-06-18,Thursday,18:47,Redbridge,E09000026,3,113,6,30.0,3,2,3,1009,0.0,5.0,1,1,1,0,0,1,1,E01003761,3,1,18/06/2015,18/06/2015,1,9,0,18,0.0,8,0,0,0,0,1.0,1.0,6,Male,23,21 - 25,1242,1,-1,-1,1,-1.0,1,1,1,1,23,5,3,0,0,0,0,0,9,1,3,,,,,,,,,,,,,,,,,2015,6,1,18
7787,201501JI40446,545090.0,186960.0,0.09178,51.562861,1,Slight,3,2,2015-11-05,Thursday,18:55,Redbridge,E09000026,3,118,6,30.0,3,2,6,0,0.0,5.0,1,1,1,0,0,1,1,E01033591,3,1,11/05/2015,11/05/2015,1,9,0,3,0.0,1,0,0,0,0,2.0,1.0,6,Female,31,26 - 35,999,1,9,-1,-1,-1.0,1,1,1,2,31,6,3,0,0,0,0,0,9,-1,-1,,,,,,,,,,,,,,,,,2015,11,2,18
7798,201501JI40460,542140.0,188350.0,0.049813,51.576101,1,Slight,2,2,2015-06-07,Sunday,21:22,Redbridge,E09000026,3,12,3,40.0,0,-1,-1,0,0.0,0.0,4,1,1,0,0,1,1,E01003697,3,1,06/07/2015,06/07/2015,1,5,0,18,0.0,0,1,0,0,0,4.0,1.0,6,Male,26,26 - 35,-1,-1,-1,-1,1,-1.0,1,1,1,1,26,6,3,0,0,0,0,0,5,1,4,,,,,,,,,,,,,,,,,2015,6,2,21
7799,201501JI40461,546360.0,187420.0,0.11028,51.566666,1,Serious,2,1,2015-05-07,Thursday,18:10,Redbridge,E09000026,3,118,6,30.0,6,2,4,177,0.0,5.0,1,1,1,0,0,1,2,E01003769,2,2,05/07/2015,05/07/2015,1,9,0,3,0.0,1,0,0,0,0,2.0,1.0,6,Male,25,21 - 25,1794,1,10,-1,1,-1.0,1,1,1,1,25,5,2,0,0,0,0,0,9,1,5,,,,,,,,,,,,,,,,,2015,5,2,18
7800,201501JI40463,544390.0,188140.0,0.082173,51.573643,1,Slight,2,1,2015-06-22,Monday,02:25,Redbridge,E09000026,3,12,3,40.0,3,4,6,0,0.0,0.0,4,1,2,0,0,1,1,E01003755,3,1,22/06/2015,22/06/2015,1,9,0,18,0.0,2,0,0,0,0,4.0,1.0,6,Male,27,26 - 35,1390,1,7,-1,1,-1.0,1,1,1,1,27,6,3,0,0,0,0,0,9,1,3,,,,,,,,,,,,,,,,,2015,6,1,2