,accident_index,location_easting_osgr,location_northing_osgr,longitude,latitude,police_force,accident_severity,number_of_vehicles,number_of_casualties,date,day_of_week,time,local_authority_district,local_authority_highway,first_road_class,first_road_number,road_type,speed_limit,junction_detail,junction_control,second_road_class,second_road_number,pedestrian_crossing-human_control,pedestrian_crossing-physical_facilities,light_conditions,weather_conditions,road_surface_conditions,special_conditions_at_site,carriageway_hazards,urban_or_rural_area,did_police_officer_attend_scene_of_accident,lsoa_of_accident_location,accident_severity_num,accident_severity_inv,date2,date_original,vehicle_reference_x,vehicle_type,towing_and_articulation,vehicle_manoeuvre,vehicle_location-restricted_lane,junction_location,skidding_and_overturning,hit_object_in_carriageway,vehicle_leaving_carriageway,hit_object_off_carriageway,1st_point_of_impact,was_vehicle_left_hand_drive?,journey_purpose_of_driver,sex_of_driver,age_of_driver,age_band_of_driver,engine_capacity_cc,propulsion_code,age_of_vehicle,driver_imd_decile,driver_home_area_type,vehicle_imd_decile,vehicle_reference_y,casualty_reference,casualty_class,sex_of_casualty,age_of_casualty,age_band_of_casualty,casualty_severity,pedestrian_location,pedestrian_movement,car_passenger,bus_or_coach_passenger,pedestrian_road_maintenance_worker,casualty_type,casualty_home_area_type,casualty_imd_decile,accident_year_x,accident_reference_x,local_authority_ons_district,pedestrian_crossing_human_control,pedestrian_crossing_physical_facilities,trunk_road_flag,accident_year_y,accident_reference_y,vehicle_direction_from,vehicle_direction_to,vehicle_location_restricted_lane,first_point_of_impact,vehicle_left_hand_drive,generic_make_model,accident_year,accident_reference,year,month,severity,hours
8721,201501KD50661,555890.0,185850.0,0.246973,51.550009,1,Slight,2,1,2015-11-30,Monday,20:20,Havering,E09000016,4,1421,6,30.0,2,4,6,0,0.0,0.0,4,1,2,0,0,1,2,E01002389,3,1,30/11/2015,30/11/2015,1,9,0,5,0.0,8,0,0,0,0,3.0,1.0,2,Female,20,16 - 20,1242,1,9,-1,1,-1.0,1,1,1,2,20,4,3,0,0,0,0,0,9,1,3,,,,,,,,,,,,,,,,,2015,11,1,20
8769,201501KD50719,550630.0,182930.0,0.16992,51.5252,1,Slight,2,1,2015-12-28,Monday,22:10,Havering,E09000016,3,1306,3,40.0,3,2,5,0,0.0,5.0,4,1,1,0,0,1,1,E01002368,3,1,28/12/2015,28/12/2015,1,9,0,9,0.0,8,0,0,0,0,4.0,1.0,6,Male,23,21 - 25,-1,-1,-1,-1,1,-1.0,2,1,1,1,30,6,3,0,0,0,0,0,5,1,8,,,,,,,,,,,,,,,,,2015,12,1,22
8775,201501KD50735,555420.0,192090.0,0.242959,51.606201,1,Slight,1,1,2015-12-29,Tuesday,18:45,Havering,E09000016,5,0,6,30.0,3,4,6,0,0.0,0.0,4,1,1,0,0,1,1,E01002277,3,1,29/12/2015,29/12/2015,1,9,0,13,0.0,2,0,10,0,0,3.0,1.0,6,Female,27,26 - 35,1422,2,14,-1,-1,-1.0,1,1,1,2,27,6,3,0,0,0,0,0,9,-1,-1,,,,,,,,,,,,,,,,,2015,12,1,18
8785,201501KD59055,555440.0,186720.0,0.240872,51.557949,1,Slight,2,2,2015-12-30,Wednesday,21:47,Havering,E09000016,3,124,6,30.0,3,4,6,0,0.0,0.0,4,1,1,0,0,1,1,E01002386,3,1,30/12/2015,30/12/2015,1,9,0,18,0.0,2,0,0,0,0,2.0,1.0,6,Male,24,21 - 25,1781,1,11,-1,-1,-1.0,1,1,1,1,24,5,3,0,0,0,0,0,9,-1,-1,,,,,,,,,,,,,,,,,2015,12,2,21
8792,201501KF60005,540870.0,182730.0,0.029249,51.52592,1,Slight,2,1,2015-03-01,Sunday,22:03,Newham,E09000025,3,124,6,30.0,6,2,3,112,0.0,5.0,4,1,1,0,0,1,1,E01003602,3,1,03/01/2015,03/01/2015,1,9,0,9,0.0,8,0,0,0,0,1.0,1.0,6,Male,32,26 - 35,2148,2,7,-1,1,-1.0,1,1,1,1,32,6,3,0,0,0,0,0,9,1,2,,,,,,,,,,,,,,,,,2015,3,1,22
8797,201501KF60015,540490.0,181870.0,0.023433,51.518286,1,Slight,1,1,2015-04-01,Wednesday,04:00,Newham,E09000025,5,0,6,30.0,0,-1,-1,0,0.0,0.0,4,7,4,0,0,1,2,E01003509,3,1,04/01/2015,04/01/2015,1,9,0,18,9.0,0,0,10,1,4,1.0,1.0,6,Male,23,21 - 25,-1,-1,-1,-1,1,-1.0,1,1,1,1,23,5,3,0,0,0,0,0,9,1,2,,,,,,,,,,,,,,,,,2015,4,1,4
8804,201501KF60026,539170.0,182350.0,0.00461,51.522926,1,Slight,2,1,2015-01-15,Thursday,23:10,Newham,E09000025,3,1011,6,30.0,3,4,3,1011,0.0,0.0,4,1,1,0,0,1,1,E01003500,3,1,15/01/2015,15/01/2015,1,3,0,18,0.0,8,0,0,0,0,3.0,1.0,6,Male,21,21 - 25,-1,-1,-1,-1,1,-1.0,1,1,1,1,21,5,3,0,0,0,0,0,3,1,3,,,,,,,,,,,,,,,,,2015,1,1,23
8817,201501KF60048,540220.0,183270.0,0.020101,51.530934,1,Slight,2,1,2015-01-15,Thursday,19:00,Newham,E09000025,3,112,6,30.0,3,4,6,0,0.0,0.0,4,4,1,0,0,1,1,E01003595,3,1,15/01/2015,15/01/2015,1,9,0,9,0.0,8,0,0,0,0,1.0,1.0,6,Male,21,21 - 25,1968,2,1,-1,1,-1.0,2,1,1,1,20,4,3,0,0,0,0,0,9,1,2,,,,,,,,,,,,,,,,,2015,1,1,19
8824,201501KF60059,541060.0,181750.0,0.031594,51.517066,1,Serious,2,1,2015-01-30,Friday,18:07,Newham,E09000025,3,13,3,50.0,0,-1,-1,0,0.0,0.0,4,1,1,0,0,1,1,E01003604,2,2,30/01/2015,30/01/2015,1,9,0,11,0.0,0,0,0,0,0,4.0,1.0,1,Male,35,26 - 35,1582,2,4,-1,1,-1.0,2,1,1,1,36,7,2,0,0,0,0,0,3,1,6,,,,,,,,,,,,,,,,,2015,1,2,18
8835,201501KF60078,542710.0,185900.0,0.057039,51.553943,1,Slight,2,1,2015-01-31,Saturday,00:39,Newham,E09000025,3,118,6,30.0,8,4,6,0,0.0,0.0,4,1,1,0,0,1,1,E01003576,3,1,31/01/2015,31/01/2015,1,9,0,9,0.0,8,0,0,0,0,1.0,1.0,6,Male,20,16 - 20,1598,1,2,-1,-1,-1.0,2,1,1,1,26,6,3,0,0,0,0,0,3,1,3,,,,,,,,,,,,,,,,,2015,1,1,0
8836,201501KF60079,538280.0,183820.0,-0.007633,51.536354,1,Slight,2,2,2015-01-02,Friday,03:50,Newham,E09000025,5,0,6,30.0,6,4,6,0,0.0,0.0,4,5,2,0,0,1,2,E01033578,3,1,01/02/2015,01/02/2015,1,9,0,9,0.0,8,0,0,0,0,3.0,1.0,6,Female,23,21 - 25,1242,1,8,-1,1,-1.0,1,1,1,2,23,5,3,0,0,0,0,0,9,1,3,,,,,,,,,,,,,,,,,2015,1,2,3
8840,201501KF60084,539600.0,181210.0,0.010353,51.512576,1,Slight,2,2,2015-03-02,Monday,18:19,Newham,E09000025,3,1011,6,30.0,6,4,6,0,0.0,0.0,4,1,1,0,0,1,1,E01033576,3,1,03/02/2015,03/02/2015,1,9,0,18,0.0,8,0,0,0,0,1.0,1.0,6,Male,26,26 - 35,999,1,4,-1,3,-1.0,2,1,1,2,22,5,3,0,0,0,0,0,9,1,1,,,,,,,,,,,,,,,,,2015,3,2,18
8858,201501KF60105,540550.0,185020.0,0.025553,51.546577,1,Slight,2,1,2015-04-02,Thursday,19:40,Newham,E09000025,3,114,6,30.0,6,2,3,118,0.0,5.0,4,1,1,0,0,1,1,E01003558,3,1,04/02/2015,04/02/2015,1,9,0,10,0.0,1,0,0,0,0,2.0,1.0,6,Male,29,26 - 35,1124,1,7,-1,1,-1.0,1,1,1,1,29,6,3,0,0,0,0,0,9,1,2,,,,,,,,,,,,,,,,,2015,4,1,19
8888,201501KF60142,541260.0,185150.0,0.035838,51.547568,1,Slight,2,1,2015-03-03,Tuesday,20:21,Newham,E09000025,3,118,6,30.0,6,2,5,0,0.0,5.0,4,1,1,0,0,1,1,E01003567,3,1,03/03/2015,03/03/2015,1,9,0,18,0.0,8,0,0,0,0,1.0,1.0,6,Male,28,26 - 35,2993,2,5,-1,1,-1.0,1,1,1,1,28,6,3,0,0,0,0,0,9,1,2,,,,,,,,,,,,,,,,,2015,3,1,20
8889,201501KF60143,543100.0,182660.0,0.061344,51.524731,1,Slight,2,2,2015-02-28,Saturday,22:50,Newham,E09000025,6,0,6,30.0,6,4,6,0,0.0,0.0,4,1,1,0,0,1,2,E01003536,3,1,28/02/2015,28/02/2015,1,9,0,18,0.0,8,0,0,0,0,3.0,1.0,6,Male,25,21 - 25,1896,2,16,-1,1,-1.0,1,1,1,1,25,5,3,0,0,0,0,0,9,1,3,,,,,,,,,,,,,,,,,2015,2,2,22
8891,201501KF60145,542530.0,185800.0,0.054404,51.553089,1,Serious,2,1,2015-01-03,Saturday,23:40,Newham,E09000025,3,118,6,30.0,3,4,6,0,0.0,0.0,4,4,1,0,0,1,1,E01003578,2,2,01/03/2015,01/03/2015,1,9,0,9,0.0,8,0,0,0,0,4.0,1.0,6,Male,30,26 - 35,-1,-1,-1,-1,1,-1.0,2,1,1,1,25,5,2,0,0,0,0,0,3,1,6,,,,,,,,,,,,,,,,,2015,1,2,23
8916,201501KF60175,542260.0,184610.0,0.050031,51.542465,1,Slight,2,2,2015-03-18,Wednesday,18:20,Newham,E09000025,3,117,6,30.0,6,4,6,0,0.0,0.0,4,1,1,0,0,1,2,E01003529,3,1,18/03/2015,18/03/2015,1,9,0,18,0.0,8,0,0,0,0,1.0,1.0,6,Male,27,26 - 35,1560,2,5,-1,1,-1.0,1,1,1,1,27,6,3,0,0,0,0,0,9,1,2,,,,,,,,,,,,,,,,,2015,3,2,18
8930,201501KF60190,540510.0,185420.0,0.025136,51.550181,1,Slight,2,1,2015-01-28,Wednesday,18:38,Newham,E09000025,6,0,6,30.0,3,4,3,114,0.0,0.0,4,1,1,0,0,1,2,E01003543,3,1,28/01/2015,28/01/2015,1,9,0,3,0.0,2,0,0,0,0,1.0,1.0,3,Female,32,26 - 35,2148,2,7,-1,1,-1.0,1,1,1,2,32,6,3,0,0,0,0,0,9,1,5,,,,,,,,,,,,,,,,,2015,1,1,18
8946,201501KF60206,542410.0,185730.0,0.052646,51.552491,1,Slight,2,1,2015-03-02,Monday,21:30,Newham,E09000025,3,118,6,30.0,3,4,6,0,0.0,0.0,4,1,1,0,0,1,1,E01003578,3,1,03/02/2015,03/02/2015,1,9,0,3,0.0,1,0,0,0,0,2.0,1.0,6,Male,29,26 - 35,998,1,14,-1,1,-1.0,1,1,2,2,28,6,3,0,0,1,0,0,9,1,2,,,,,,,,,,,,,,,,,2015,3,1,21
8970,201501KF60231,541450.0,183220.0,0.037801,51.530178,1,Slight,2,2,2015-11-04,Wednesday,22:45,Newham,E09000025,3,124,6,30.0,6,2,4,167,0.0,5.0,4,1,1,0,0,1,2,E01003492,3,1,11/04/2015,11/04/2015,1,9,0,18,0.0,8,0,0,0,0,1.0,1.0,6,Male,31,26 - 35,1753,2,7,-1,1,-1.0,1,1,1,1,31,6,3,0,0,0,0,0,9,1,2,,,,,,,,,,,,,,,,,2015,11,2,22
8972,201501KF60233,539500.0,181610.0,0.009071,51.516195,1,Slight,2,1,2015-04-17,Friday,23:45,Newham,E09000025,3,124,6,30.0,3,4,6,0,0.0,0.0,4,1,1,0,0,1,1,E01003503,3,1,17/04/2015,17/04/2015,1,9,0,7,0.0,5,0,0,0,0,4.0,1.0,6,Male,26,26 - 35,1560,2,1,-1,1,-1.0,2,1,1,1,48,8,3,0,0,0,0,0,5,1,3,,,,,,,,,,,,,,,,,2015,4,1,23
8973,201501KF60234,541370.0,183210.0,0.036644,51.530108,1,Slight,2,1,2015-04-04,Saturday,22:40,Newham,E09000025,3,124,6,30.0,3,4,6,0,0.0,0.0,4,1,1,0,0,1,1,E01003605,3,1,04/04/2015,04/04/2015,1,9,0,2,0.0,2,0,0,0,0,3.0,1.0,6,Male,25,21 - 25,1598,1,7,-1,1,-1.0,1,1,1,1,25,5,3,0,0,0,0,0,9,1,3,,,,,,,,,,,,,,,,,2015,4,1,22
8977,201501KF60239,539120.0,185330.0,0.005066,51.549716,1,Slight,2,1,2015-03-28,Saturday,03:20,Newham,E09000025,3,11,6,30.0,6,4,3,112,0.0,1.0,4,1,1,0,0,1,2,E01003615,3,1,28/03/2015,28/03/2015,1,9,0,18,0.0,8,0,0,0,0,4.0,1.0,6,Female,35,26 - 35,1587,1,12,-1,1,-1.0,1,1,1,2,35,6,3,0,0,0,0,0,9,1,2,,,,,,,,,,,,,,,,,2015,3,1,3
8998,201501KF60264,543630.0,182550.0,0.068934,51.523608,1,Slight,4,1,2015-04-22,Wednesday,18:17,Newham,E09000025,3,13,7,50.0,0,-1,-1,0,0.0,0.0,1,1,1,0,0,1,1,E01003482,3,1,22/04/2015,22/04/2015,1,9,0,3,0.0,0,0,0,0,0,2.0,1.0,6,Male,20,16 - 20,2231,2,7,-1,1,-1.0,2,1,1,1,38,7,3,0,0,0,0,0,9,1,7,,,,,,,,,,,,,,,,,2015,4,1,18
9016,201501KF60290,540550.0,185010.0,0.025549,51.546487,1,Serious,2,1,2015-06-04,Thursday,21:00,Newham,E09000025,3,118,6,30.0,6,2,3,114,0.0,5.0,4,1,1,0,0,1,1,E01003558,2,2,06/04/2015,06/04/2015,1,9,0,9,0.0,8,0,0,0,0,1.0,1.0,6,Female,31,26 - 35,1248,1,3,-1,1,-1.0,2,1,1,1,29,6,2,0,0,0,0,0,3,1,3,,,,,,,,,,,,,,,,,2015,6,2,21
9019,201501KF60293,539660.0,184680.0,0.012592,51.543742,1,Slight,1,1,2015-04-26,Sunday,18:40,Newham,E09000025,3,118,6,30.0,6,4,6,0,0.0,8.0,1,1,1,0,0,1,1,E01003553,3,1,26/04/2015,26/04/2015,1,9,0,18,9.0,1,0,10,1,0,1.0,1.0,6,Male,25,21 - 25,1995,2,13,-1,1,-1.0,1,1,3,1,38,7,3,6,9,0,0,2,0,1,2,,,,,,,,,,,,,,,,,2015,4,1,18
9020,201501KF60294,542430.0,183530.0,0.052045,51.532717,1,Serious,1,1,2015-05-05,Tuesday,00:20,Newham,E09000025,3,124,6,30.0,3,4,6,0,0.0,4.0,4,2,2,0,0,1,1,E01003525,2,2,05/05/2015,05/05/2015,1,9,0,9,0.0,8,0,0,0,0,1.0,1.0,6,Male,26,26 - 35,1400,1,10,-1,1,-1.0,1,1,3,1,64,9,2,1,1,0,0,2,0,1,2,,,,,,,,,,,,,,,,,2015,5,2,0
9029,201501KF60304,542500.0,182780.0,0.05275,51.52596,1,Slight,2,2,2015-02-05,Thursday,23:15,Newham,E09000025,6,0,6,30.0,6,4,6,0,0.0,0.0,4,2,2,0,0,1,1,E01003537,3,1,02/05/2015,02/05/2015,1,9,0,18,0.0,8,0,0,0,0,4.0,1.0,6,Female,30,26 - 35,1560,2,5,-1,1,-1.0,1,1,2,1,13,3,3,0,0,2,0,0,9,1,3,,,,,,,,,,,,,,,,,2015,2,2,23
9041,201501KF60317,542590.0,183940.0,0.054516,51.536361,1,Slight,2,1,2015-05-13,Wednesday,19:30,Newham,E09000025,6,0,6,30.0,6,4,6,0,0.0,0.0,1,1,1,0,0,1,2,E01003521,3,1,13/05/2015,13/05/2015,1,9,0,18,0.0,8,0,0,0,0,4.0,1.0,6,Female,24,21 - 25,1242,1,12,-1,1,-1.0,1,1,1,2,24,5,3,0,0,0,0,0,9,1,9,,,,,,,,,,,,,,,,,2015,5,1,19
9048,201501KF60324,543110.0,184340.0,0.06217,51.539824,1,Slight,2,2,2015-08-05,Wednesday,22:16,Newham,E09000025,6,0,1,30.0,2,4,6,0,0.0,0.0,4,1,1,0,0,1,1,E01003625,3,1,08/05/2015,08/05/2015,1,9,0,9,0.0,8,0,0,0,0,1.0,1.0,6,Male,25,21 - 25,1560,2,-1,-1,1,-1.0,1,1,1,1,25,5,3,0,0,0,0,0,9,1,3,,,,,,,,,,,,,,,,,2015,8,2,22
9054,201501KF60331,538280.0,183490.0,-0.007763,51.533389,1,Slight,2,1,2015-05-04,Monday,21:30,Newham,E09000025,3,11,3,30.0,3,2,5,0,0.0,5.0,4,1,1,0,0,1,1,E01033578,3,1,05/04/2015,05/04/2015,1,9,0,9,0.0,8,0,0,0,0,3.0,1.0,6,Male,34,26 - 35,1968,2,1,-1,1,-1.0,1,1,2,2,23,5,3,0,0,1,0,0,9,1,2,,,,,,,,,,,,,,,,,2015,5,1,21
9058,201501KF60336,540300.0,183230.0,0.021237,51.530554,1,Slight,2,1,2015-10-05,Monday,19:18,Newham,E09000025,3,112,6,30.0,3,2,3,114,0.0,5.0,1,1,1,0,0,1,1,E01003595,3,1,10/05/2015,10/05/2015,1,9,0,9,0.0,8,0,0,0,0,4.0,1.0,6,Male,21,21 - 25,998,1,4,-1,1,-1.0,2,1,1,1,48,8,3,0,0,0,0,0,1,1,3,,,,,,,,,,,,,,,,,2015,10,1,19
9060,201501KF60338,540620.0,181530.0,0.02517,51.515199,1,Slight,2,1,2015-02-05,Thursday,21:40,Newham,E09000025,5,0,6,30.0,3,4,6,0,0.0,0.0,7,1,1,0,0,1,2,E01003517,3,1,02/05/2015,02/05/2015,1,9,0,18,0.0,8,0,0,0,0,1.0,1.0,6,Male,24,21 - 25,1242,1,8,-1,1,-1.0,1,1,1,1,24,5,3,0,0,0,0,0,9,1,8,,,,,,,,,,,,,,,,,2015,2,1,21
9063,201501KF60344,539550.0,182140.0,0.010001,51.520945,1,Serious,2,1,2015-05-15,Friday,20:00,Newham,E09000025,6,0,6,30.0,6,4,6,0,0.0,0.0,1,1,1,0,0,1,2,E01003497,2,2,15/05/2015,15/05/2015,1,9,0,18,0.0,8,0,0,0,0,1.0,1.0,6,Female,33,26 - 35,998,1,5,-1,1,-1.0,2,1,1,1,20,4,2,0,0,0,0,0,1,1,3,,,,,,,,,,,,,,,,,2015,5,2,20
9064,201501KF60345,540650.0,181080.0,0.025422,51.511148,1,Slight,2,1,2015-05-22,Friday,22:00,Newham,E09000025,5,0,6,30.0,3,4,6,0,0.0,0.0,4,1,1,0,0,1,1,E01003506,3,1,22/05/2015,22/05/2015,1,9,0,9,0.0,8,0,0,0,0,3.0,1.0,6,Male,20,16 - 20,1242,1,-1,-1,1,-1.0,2,1,1,1,29,6,3,0,0,0,0,0,3,1,4,,,,,,,,,,,,,,,,,2015,5,1,22
9065,201501KF60346,539760.0,184400.0,0.013922,51.541202,1,Slight,2,1,2015-02-05,Thursday,22:35,Newham,E09000025,6,0,6,30.0,3,4,6,0,0.0,0.0,4,1,2,0,0,1,1,E01003635,3,1,02/05/2015,02/05/2015,1,9,0,7,0.0,8,0,0,0,0,1.0,1.0,6,Male,27,26 - 35,-1,-1,-1,-1,1,-1.0,2,1,1,1,26,6,3,0,0,0,0,0,9,1,5,,,,,,,,,,,,,,,,,2015,2,1,22
9066,201501KF60347,542260.0,183470.0,0.049571,51.532221,1,Slight,2,1,2015-05-17,Sunday,03:24,Newham,E09000025,3,124,6,30.0,3,4,6,0,0.0,1.0,4,1,2,0,0,1,2,E01003525,3,1,17/05/2015,17/05/2015,1,9,0,18,0.0,2,0,0,0,0,3.0,1.0,2,Male,20,16 - 20,1242,1,6,-1,1,-1.0,1,1,1,1,20,4,3,0,0,0,0,0,9,1,4,,,,,,,,,,,,,,,,,2015,5,1,3
9068,201501KF60349,540940.0,185020.0,0.031174,51.54648,1,Slight,2,2,2015-05-23,Saturday,23:40,Newham,E09000025,4,167,6,30.0,3,4,6,0,0.0,0.0,4,1,1,0,0,1,2,E01003570,3,1,23/05/2015,23/05/2015,1,9,0,4,0.0,1,0,0,0,0,2.0,1.0,6,Male,30,26 - 35,-1,-1,-1,-1,1,-1.0,1,1,1,1,30,6,3,0,0,0,0,0,9,1,2,,,,,,,,,,,,,,,,,2015,5,2,23
9070,201501KF60352,539990.0,184440.0,0.017252,51.541504,1,Slight,2,2,2015-02-23,Monday,18:00,Newham,E09000025,6,0,6,30.0,3,4,6,0,0.0,0.0,4,1,1,0,0,1,2,E01003635,3,1,23/02/2015,23/02/2015,1,9,0,7,0.0,8,0,0,0,0,3.0,1.0,2,Male,33,26 - 35,-1,-1,-1,-1,1,-1.0,1,1,1,1,33,6,3,0,0,0,0,0,9,1,2,,,,,,,,,,,,,,,,,2015,2,2,18
9077,201501KF60361,542730.0,183040.0,0.056168,51.528239,1,Slight,2,1,2015-05-17,Sunday,22:35,Newham,E09000025,3,117,6,30.0,3,4,6,0,0.0,1.0,4,1,1,0,0,1,1,E01003523,3,1,17/05/2015,17/05/2015,1,9,0,18,0.0,8,0,0,0,0,1.0,1.0,6,Male,30,26 - 35,3246,1,12,-1,1,-1.0,2,1,2,1,18,4,3,0,0,1,0,0,9,1,1,,,,,,,,,,,,,,,,,2015,5,1,22
9091,201501KF60378,542350.0,181690.0,0.050149,51.516204,1,Slight,2,2,2015-05-24,Sunday,22:00,Newham,E09000025,5,0,6,30.0,1,4,6,0,0.0,0.0,1,1,1,0,0,1,2,E01003485,3,1,24/05/2015,24/05/2015,1,9,0,4,0.0,1,0,0,0,0,2.0,1.0,6,Male,34,26 - 35,2993,2,9,-1,2,-1.0,1,1,1,1,34,6,3,0,0,0,0,0,9,2,9,,,,,,,,,,,,,,,,,2015,5,2,22
9092,201501KF60379,540140.0,184960.0,0.01962,51.54614,1,Slight,2,1,2015-05-14,Thursday,20:12,Newham,E09000025,6,0,6,30.0,6,4,6,0,0.0,0.0,4,2,2,0,0,1,1,E01003551,3,1,14/05/2015,14/05/2015,1,9,0,7,0.0,8,0,0,0,0,1.0,1.0,6,Male,23,21 - 25,1598,1,5,-1,1,-1.0,2,1,1,1,41,7,3,0,0,0,0,0,9,1,2,,,,,,,,,,,,,,,,,2015,5,1,20
9103,201501KF60394,541280.0,181740.0,0.034759,51.516921,1,Slight,2,1,2015-12-05,Saturday,22:35,Newham,E09000025,5,0,6,30.0,0,-1,-1,0,0.0,0.0,4,1,1,0,0,1,1,E01003516,3,1,12/05/2015,12/05/2015,1,9,0,18,0.0,0,0,0,0,0,4.0,1.0,6,Female,20,16 - 20,1242,1,12,-1,1,-1.0,2,1,1,1,42,7,3,0,0,0,0,0,8,1,3,,,,,,,,,,,,,,,,,2015,12,1,22
9109,201501KF60400,542580.0,181940.0,0.053563,51.518392,1,Slight,2,1,2015-11-06,Friday,19:50,Newham,E09000025,6,0,6,30.0,0,-1,-1,0,0.0,0.0,1,1,1,0,0,1,2,E01003484,3,1,11/06/2015,11/06/2015,1,9,0,4,0.0,0,0,0,0,0,2.0,1.0,2,Male,30,26 - 35,1596,1,12,-1,1,-1.0,1,1,1,1,30,6,3,0,0,0,0,0,9,1,3,,,,,,,,,,,,,,,,,2015,11,1,19
9112,201501KF60403,540880.0,182740.0,0.029397,51.526007,1,Slight,1,1,2015-06-06,Saturday,21:10,Newham,E09000025,3,124,6,30.0,6,2,3,112,0.0,5.0,1,1,1,0,0,1,1,E01003601,3,1,06/06/2015,06/06/2015,1,9,0,18,0.0,1,0,0,0,0,1.0,1.0,6,Female,28,26 - 35,1461,2,1,-1,1,-1.0,1,1,3,1,30,6,3,4,3,0,0,2,0,1,2,,,,,,,,,,,,,,,,,2015,6,1,21
9131,201501KF60427,541300.0,184820.0,0.036282,51.544593,1,Slight,1,1,2015-04-05,Sunday,19:35,Newham,E09000025,6,0,6,30.0,6,4,4,109,0.0,0.0,1,1,1,0,0,1,1,E01003562,3,1,04/05/2015,04/05/2015,1,9,0,18,0.0,1,0,0,0,0,1.0,1.0,6,Male,35,26 - 35,1598,2,1,-1,-1,-1.0,1,1,3,1,-1,-1,3,5,1,0,0,2,0,-1,-1,,,,,,,,,,,,,,,,,2015,4,1,19
9136,201501KF60432,539810.0,181850.0,0.013631,51.518275,1,Slight,2,1,2015-06-14,Sunday,00:10,Newham,E09000025,3,124,6,30.0,0,-1,-1,0,0.0,0.0,4,1,1,0,0,1,2,E01003502,3,1,14/06/2015,14/06/2015,1,9,0,3,0.0,0,0,0,0,0,1.0,1.0,6,Male,33,26 - 35,1560,2,10,-1,1,-1.0,1,1,1,1,33,6,3,0,0,0,0,0,9,1,3,,,,,,,,,,,,,,,,,2015,6,1,0
9138,201501KF60434,539680.0,183570.0,0.01244,51.533763,1,Serious,2,2,2015-09-05,Saturday,02:50,Newham,E09000025,3,112,6,30.0,3,4,6,0,0.0,1.0,7,1,1,0,0,1,1,E01003630,2,2,09/05/2015,09/05/2015,1,9,0,13,0.0,1,0,10,1,10,1.0,1.0,6,Male,19,16 - 20,1796,1,12,-1,1,-1.0,1,1,1,1,19,4,2,0,0,0,0,0,9,1,2,,,,,,,,,,,,,,,,,2015,9,4,2
9140,201501KF60436,540930.0,185060.0,0.031046,51.546842,1,Slight,2,1,2015-03-27,Friday,19:20,Newham,E09000025,3,118,6,30.0,6,2,4,167,0.0,5.0,4,1,1,0,0,1,1,E01003570,3,1,27/03/2015,27/03/2015,1,9,0,9,0.0,8,0,0,0,0,1.0,1.0,6,Female,20,16 - 20,1242,1,1,-1,1,-1.0,2,1,1,1,20,4,3,0,0,0,0,0,3,1,2,,,,,,,,,,,,,,,,,2015,3,1,19
9143,201501KF60439,539390.0,181510.0,0.007447,51.515324,1,Slight,2,1,2015-06-19,Friday,18:18,Newham,E09000025,3,13,3,30.0,0,-1,-1,0,0.0,0.0,1,1,1,0,0,1,1,E01003503,3,1,19/06/2015,19/06/2015,1,4,0,3,0.0,0,0,0,0,0,2.0,1.0,2,Male,28,26 - 35,782,1,-1,-1,1,-1.0,1,1,1,1,28,6,3,0,0,0,0,0,4,1,4,,,,,,,,,,,,,,,,,2015,6,1,18
9144,201501KF60440,543050.0,185350.0,0.061716,51.548914,1,Slight,2,1,2015-06-20,Saturday,20:16,Newham,E09000025,6,0,6,30.0,0,-1,-1,0,0.0,0.0,1,1,2,0,0,1,1,E01003583,3,1,20/06/2015,20/06/2015,1,3,0,18,0.0,0,1,0,0,0,3.0,1.0,1,Male,27,26 - 35,125,1,-1,-1,1,-1.0,1,1,1,1,27,6,3,0,0,0,0,0,3,1,3,,,,,,,,,,,,,,,,,2015,6,1,20
9147,201501KF60444,541220.0,181630.0,0.033851,51.515948,1,Slight,2,1,2015-06-19,Friday,00:22,Newham,E09000025,6,0,6,30.0,3,4,6,0,0.0,0.0,4,1,1,0,0,1,1,E01003516,3,1,19/06/2015,19/06/2015,1,9,0,18,0.0,8,0,0,0,0,3.0,1.0,6,Male,35,26 - 35,1896,2,14,-1,-1,-1.0,1,1,1,1,35,6,3,0,0,0,0,0,9,-1,-1,,,,,,,,,,,,,,,,,2015,6,1,0
9148,201501KF60445,542160.0,185030.0,0.04876,51.546264,1,Slight,1,2,2015-06-21,Sunday,04:00,Newham,E09000025,3,117,6,30.0,3,4,6,0,0.0,0.0,1,1,1,0,7,1,1,E01003587,3,1,21/06/2015,21/06/2015,1,9,0,18,9.0,2,0,10,1,10,1.0,1.0,6,Female,21,21 - 25,1598,1,11,-1,1,-1.0,1,1,2,2,20,4,3,0,0,2,0,0,9,1,6,,,,,,,,,,,,,,,,,2015,6,2,4
9151,201501KF60448,542340.0,184270.0,0.051047,51.539389,1,Slight,1,1,2015-08-06,Thursday,19:10,Newham,E09000025,3,117,6,30.0,3,4,6,0,0.0,0.0,1,1,1,0,0,1,1,E01003531,3,1,08/06/2015,08/06/2015,1,9,0,18,0.0,2,0,0,0,0,1.0,1.0,6,Male,31,26 - 35,1685,2,1,-1,1,-1.0,1,1,3,2,35,6,3,5,1,0,0,2,0,1,4,,,,,,,,,,,,,,,,,2015,8,1,19
9152,201501KF60449,538790.0,184200.0,-0.000135,51.539644,1,Slight,1,1,2015-06-28,Sunday,01:01,Newham,E09000025,3,11,6,30.0,0,-1,-1,0,0.0,8.0,4,1,1,0,0,1,1,E01003619,3,1,28/06/2015,28/06/2015,1,9,0,17,0.0,0,0,7,0,0,1.0,1.0,6,Male,25,21 - 25,1242,1,6,-1,1,-1.0,1,1,1,1,25,5,3,0,0,0,0,0,9,1,1,,,,,,,,,,,,,,,,,2015,6,1,1
9168,201501KF60469,542620.0,181810.0,0.054086,51.517214,1,Slight,2,1,2015-06-29,Monday,20:58,Newham,E09000025,6,0,6,30.0,6,4,6,0,0.0,0.0,1,1,1,0,0,1,1,E01003484,3,1,29/06/2015,29/06/2015,1,9,0,18,0.0,8,0,0,0,0,3.0,1.0,6,Male,21,21 - 25,1596,1,9,-1,1,-1.0,1,1,1,1,21,5,3,0,0,0,0,0,9,1,8,,,,,,,,,,,,,,,,,2015,6,1,20
9169,201501KF60471,539820.0,180770.0,0.013347,51.508568,1,Slight,2,1,2015-06-30,Tuesday,18:25,Newham,E09000025,3,1011,1,30.0,1,4,6,0,0.0,0.0,1,1,1,0,0,1,1,E01033576,3,1,30/06/2015,30/06/2015,1,3,0,17,0.0,8,0,0,0,0,2.0,1.0,6,Female,24,21 - 25,125,1,1,-1,1,-1.0,1,1,1,2,24,5,3,0,0,0,0,0,3,1,4,,,,,,,,,,,,,,,,,2015,6,1,18