,accident_index,location_easting_osgr,location_northing_osgr,longitude,latitude,police_force,accident_severity,number_of_vehicles,number_of_casualties,date,day_of_week,time,local_authority_district,local_authority_highway,first_road_class,first_road_number,road_type,speed_limit,junction_detail,junction_control,second_road_class,second_road_number,pedestrian_crossing-human_control,pedestrian_crossing-physical_facilities,light_conditions,weather_conditions,road_surface_conditions,special_conditions_at_site,carriageway_hazards,urban_or_rural_area,did_police_officer_attend_scene_of_accident,lsoa_of_accident_location,accident_severity_num,accident_severity_inv,date2,date_original,vehicle_reference_x,vehicle_type,towing_and_articulation,vehicle_manoeuvre,vehicle_location-restricted_lane,junction_location,skidding_and_overturning,hit_object_in_carriageway,vehicle_leaving_carriageway,hit_object_off_carriageway,1st_point_of_impact,was_vehicle_left_hand_drive?,journey_purpose_of_driver,sex_of_driver,age_of_driver,age_band_of_driver,engine_capacity_cc,propulsion_code,age_of_vehicle,driver_imd_decile,driver_home_area_type,vehicle_imd_decile,vehicle_reference_y,casualty_reference,casualty_class,sex_of_casualty,age_of_casualty,age_band_of_casualty,casualty_severity,pedestrian_location,pedestrian_movement,car_passenger,bus_or_coach_passenger,pedestrian_road_maintenance_worker,casualty_type,casualty_home_area_type,casualty_imd_decile,accident_year_x,accident_reference_x,local_authority_ons_district,pedestrian_crossing_human_control,pedestrian_crossing_physical_facilities,trunk_road_flag,accident_year_y,accident_reference_y,vehicle_direction_from,vehicle_direction_to,vehicle_location_restricted_lane,first_point_of_impact,vehicle_left_hand_drive,generic_make_model,accident_year,accident_reference,year,month,severity,hours
9173,201501KF60475,543510.0,182820.0,0.067315,51.526064,1,Slight,2,1,2015-04-19,Sunday,18:00,Newham,E09000025,6,0,6,30.0,3,4,6,0,0.0,0.0,1,1,1,0,0,1,1,E01003535,3,1,19/04/2015,19/04/2015,1,9,0,18,0.0,1,0,0,0,0,1.0,1.0,6,Female,24,21 - 25,1598,1,12,-1,1,-1.0,1,1,1,2,24,5,3,0,0,0,0,0,9,1,1,,,,,,,,,,,,,,,,,2015,4,1,18
9175,201501KF60477,541470.0,181730.0,0.037491,51.516784,1,Slight,2,2,2015-06-27,Saturday,21:00,Newham,E09000025,5,0,6,30.0,0,-1,-1,0,0.0,1.0,4,1,1,0,0,1,2,E01003516,3,1,27/06/2015,27/06/2015,1,9,0,4,0.0,0,0,0,0,0,2.0,1.0,6,Female,23,21 - 25,1124,1,10,-1,1,-1.0,1,1,1,2,23,5,3,0,0,0,0,0,9,1,3,,,,,,,,,,,,,,,,,2015,6,2,21
9180,201501KF60482,543760.0,180750.0,0.070073,51.507401,1,Slight,2,2,2015-10-07,Wednesday,19:30,Newham,E09000025,3,117,1,30.0,1,2,6,0,0.0,5.0,1,1,1,0,0,1,2,E01003480,3,1,10/07/2015,10/07/2015,1,9,0,3,0.0,1,0,0,0,0,4.0,1.0,6,Female,24,21 - 25,1389,1,13,-1,1,-1.0,1,1,1,2,24,5,3,0,0,0,0,0,9,1,2,,,,,,,,,,,,,,,,,2015,10,2,19
9181,201501KF60483,541810.0,184070.0,0.043329,51.537726,1,Slight,2,1,2015-03-04,Wednesday,18:55,Newham,E09000025,4,109,6,30.0,6,4,6,0,0.0,0.0,1,1,1,0,0,1,1,E01003565,3,1,03/04/2015,03/04/2015,1,9,0,9,0.0,8,0,0,0,0,4.0,1.0,6,Female,29,26 - 35,1598,1,10,-1,1,-1.0,2,1,2,2,47,8,3,0,0,2,0,0,9,1,3,,,,,,,,,,,,,,,,,2015,3,1,18
9188,201501KF60491,542100.0,183420.0,0.047246,51.531812,1,Serious,1,1,2015-06-26,Friday,01:05,Newham,E09000025,3,124,6,30.0,3,4,6,0,0.0,0.0,4,1,1,0,0,1,1,E01003524,2,2,26/06/2015,26/06/2015,1,9,0,18,0.0,2,0,0,0,0,1.0,1.0,6,Male,25,21 - 25,-1,-1,-1,-1,1,-1.0,1,1,3,1,36,7,2,5,3,0,0,2,0,1,2,,,,,,,,,,,,,,,,,2015,6,2,1
9189,201501KF60492,539680.0,184680.0,0.01288,51.543737,1,Slight,2,5,2015-07-07,Tuesday,19:30,Newham,E09000025,3,118,6,30.0,6,4,6,0,0.0,0.0,1,1,1,0,0,1,1,E01003553,3,1,07/07/2015,07/07/2015,1,9,0,13,0.0,8,0,10,7,0,3.0,1.0,1,Male,30,26 - 35,1560,2,-1,-1,1,-1.0,1,1,1,1,30,6,3,0,0,0,0,0,9,1,3,,,,,,,,,,,,,,,,,2015,7,5,19
9196,201501KF60501,540370.0,184080.0,0.022584,51.538175,1,Slight,2,1,2015-07-16,Thursday,18:00,Newham,E09000025,3,114,6,30.0,3,4,6,0,0.0,0.0,1,1,1,0,0,1,1,E01003574,3,1,16/07/2015,16/07/2015,1,9,0,9,0.0,8,0,0,0,0,3.0,1.0,6,Male,21,21 - 25,1598,2,2,-1,1,-1.0,2,1,1,1,24,5,3,0,0,0,0,0,2,1,2,,,,,,,,,,,,,,,,,2015,7,1,18
9198,201501KF60503,543420.0,185800.0,0.067232,51.552864,1,Slight,3,1,2015-07-19,Sunday,19:50,Newham,E09000025,3,406,6,30.0,0,-1,-1,0,0.0,0.0,1,1,1,0,0,1,1,E01003577,3,1,19/07/2015,19/07/2015,1,9,0,18,0.0,0,0,0,0,0,2.0,1.0,6,Male,25,21 - 25,1986,2,8,-1,1,-1.0,3,1,1,1,21,5,3,0,0,0,0,0,3,-1,-1,,,,,,,,,,,,,,,,,2015,7,1,19
9201,201501KF60506,541050.0,184290.0,0.032467,51.539893,1,Slight,1,1,2015-06-27,Saturday,21:35,Newham,E09000025,4,167,6,30.0,3,4,6,0,0.0,0.0,4,1,1,0,0,1,1,E01003573,3,1,27/06/2015,27/06/2015,1,3,0,18,0.0,2,0,0,0,0,4.0,1.0,6,Male,29,26 - 35,-1,-1,-1,-1,1,-1.0,1,1,1,1,29,6,3,0,0,0,0,0,3,1,3,,,,,,,,,,,,,,,,,2015,6,1,21
9211,201501KF60520,540620.0,181530.0,0.02517,51.515199,1,Slight,2,6,2015-07-22,Wednesday,19:50,Newham,E09000025,5,0,6,30.0,3,4,6,0,0.0,0.0,1,1,1,0,0,1,1,E01003517,3,1,22/07/2015,22/07/2015,1,9,0,18,0.0,8,0,0,0,0,1.0,1.0,6,Male,19,16 - 20,1796,1,10,-1,1,-1.0,1,1,1,1,19,4,3,0,0,0,0,0,9,1,2,,,,,,,,,,,,,,,,,2015,7,6,19
9212,201501KF60522,540600.0,184700.0,0.026146,51.543689,1,Slight,2,1,2015-07-20,Monday,23:35,Newham,E09000025,3,114,6,30.0,3,4,6,0,0.0,0.0,4,1,1,0,0,1,2,E01003558,3,1,20/07/2015,20/07/2015,1,3,0,18,0.0,8,0,0,0,0,1.0,1.0,2,Male,22,21 - 25,-1,-1,-1,-1,1,-1.0,1,1,1,1,22,5,3,0,0,0,0,0,3,1,1,,,,,,,,,,,,,,,,,2015,7,1,23
9220,201501KF60531,542970.0,186000.0,0.060827,51.554775,1,Slight,1,1,2015-05-07,Thursday,20:36,Newham,E09000025,3,118,2,30.0,0,-1,-1,0,0.0,0.0,1,1,1,0,0,1,1,E01003576,3,1,05/07/2015,05/07/2015,1,9,0,18,0.0,0,0,0,0,0,3.0,1.0,6,Male,33,26 - 35,2993,2,9,-1,1,-1.0,1,1,3,1,82,11,3,5,3,0,0,2,0,1,2,,,,,,,,,,,,,,,,,2015,5,1,20
9228,201501KF60540,540490.0,184990.0,0.024676,51.546322,1,Slight,2,1,2015-07-30,Thursday,00:06,Newham,E09000025,3,118,6,30.0,0,-1,-1,0,0.0,0.0,4,1,1,0,0,1,1,E01003558,3,1,30/07/2015,30/07/2015,1,3,0,18,0.0,0,0,0,0,0,4.0,1.0,6,Male,25,21 - 25,-1,-1,-1,-1,1,-1.0,1,1,1,1,25,5,3,0,0,0,0,0,3,1,2,,,,,,,,,,,,,,,,,2015,7,1,0
9240,201501KF60554,541330.0,181810.0,0.035507,51.517538,1,Slight,2,1,2015-07-19,Sunday,01:45,Newham,E09000025,3,13,6,30.0,3,4,6,0,0.0,0.0,4,1,1,0,0,1,1,E01003516,3,1,19/07/2015,19/07/2015,1,9,0,4,0.0,8,0,0,0,0,2.0,1.0,6,Female,35,26 - 35,1343,1,12,-1,-1,-1.0,1,1,1,2,35,6,3,0,0,0,0,0,9,-1,-1,,,,,,,,,,,,,,,,,2015,7,1,1
9244,201501KF60558,542590.0,184690.0,0.054819,51.5431,1,Slight,2,1,2015-10-07,Wednesday,19:00,Newham,E09000025,4,165,6,30.0,6,4,6,0,0.0,0.0,1,1,1,0,0,1,1,E01003532,3,1,10/07/2015,10/07/2015,1,9,0,9,0.0,8,0,0,0,0,4.0,1.0,6,Male,30,26 - 35,1364,1,6,-1,1,-1.0,2,1,1,1,12,3,3,0,0,0,0,0,1,-1,-1,,,,,,,,,,,,,,,,,2015,10,1,19
9245,201501KF60559,542610.0,182310.0,0.054144,51.521709,1,Slight,2,1,2015-02-07,Saturday,23:42,Newham,E09000025,5,0,6,30.0,3,4,6,0,0.0,0.0,4,1,1,0,0,1,1,E01003540,3,1,02/07/2015,02/07/2015,1,9,0,18,0.0,8,0,4,0,0,4.0,1.0,6,Male,19,16 - 20,1595,1,7,-1,1,-1.0,1,1,1,1,19,4,3,0,0,0,0,0,9,1,4,,,,,,,,,,,,,,,,,2015,2,1,23
9256,201501KF60571,539440.0,181490.0,0.008159,51.515132,1,Slight,2,2,2015-07-31,Friday,23:50,Newham,E09000025,3,13,1,30.0,1,2,3,1011,0.0,5.0,4,1,1,0,0,1,1,E01033585,3,1,31/07/2015,31/07/2015,1,9,0,18,0.0,8,0,0,0,0,4.0,1.0,6,Male,30,26 - 35,1587,1,15,-1,1,-1.0,1,1,1,1,30,6,3,0,0,0,0,0,9,1,2,,,,,,,,,,,,,,,,,2015,7,2,23
9257,201501KF60572,542620.0,181680.0,0.054034,51.516046,1,Slight,1,1,2015-06-29,Monday,20:30,Newham,E09000025,5,0,6,30.0,6,4,6,0,0.0,0.0,1,1,1,0,0,1,1,E01003486,3,1,29/06/2015,29/06/2015,1,9,0,18,0.0,1,0,0,0,0,4.0,1.0,6,Female,30,26 - 35,1956,2,2,-1,-1,-1.0,1,1,3,1,11,3,3,6,9,0,0,2,0,1,5,,,,,,,,,,,,,,,,,2015,6,1,20
9258,201501KF60573,542630.0,181680.0,0.054178,51.516043,1,Slight,1,1,2015-09-07,Monday,20:00,Newham,E09000025,5,0,6,30.0,6,4,6,0,0.0,0.0,1,1,1,0,0,1,1,E01003486,3,1,09/07/2015,09/07/2015,1,9,0,18,0.0,2,0,0,0,0,1.0,1.0,6,Male,32,26 - 35,698,1,8,-1,1,-1.0,1,1,3,1,20,4,3,5,1,0,0,2,0,1,5,,,,,,,,,,,,,,,,,2015,9,1,20
9262,201501KF60577,539680.0,181350.0,0.01156,51.513815,1,Slight,2,2,2015-08-13,Thursday,18:01,Newham,E09000025,6,0,6,30.0,0,-1,-1,0,0.0,1.0,1,2,2,0,0,1,1,E01033585,3,1,13/08/2015,13/08/2015,1,9,0,3,0.0,0,0,0,0,0,2.0,1.0,6,Female,20,16 - 20,1229,1,5,-1,1,-1.0,1,1,1,2,20,4,3,0,0,0,0,0,9,1,2,,,,,,,,,,,,,,,,,2015,8,2,18
9279,201501KF60597,540200.0,184430.0,0.020274,51.541362,1,Slight,2,1,2015-08-19,Wednesday,18:35,Newham,E09000025,6,0,6,30.0,0,-1,-1,0,0.0,0.0,1,1,1,0,0,1,2,E01003635,3,1,19/08/2015,19/08/2015,1,9,0,2,0.0,0,0,0,0,0,2.0,1.0,6,Female,34,26 - 35,1390,1,18,-1,1,-1.0,1,1,1,2,34,6,3,0,0,0,0,0,9,1,4,,,,,,,,,,,,,,,,,2015,8,1,18
9285,201501KF60603,542900.0,182150.0,0.058257,51.520198,1,Slight,2,1,2015-08-15,Saturday,18:00,Newham,E09000025,3,13,3,50.0,0,-1,-1,0,0.0,0.0,1,1,1,0,0,1,1,E01003482,3,1,15/08/2015,15/08/2015,1,9,0,4,0.0,0,0,0,0,0,2.0,1.0,6,Male,28,26 - 35,1999,2,13,-1,1,-1.0,2,1,1,1,31,6,3,0,0,0,0,0,3,1,9,,,,,,,,,,,,,,,,,2015,8,1,18
9290,201501KF60608,539380.0,181490.0,0.007295,51.515147,1,Slight,3,4,2015-11-07,Saturday,18:20,Newham,E09000025,3,13,7,30.0,0,-1,-1,0,0.0,0.0,1,1,1,0,0,1,1,E01033585,3,1,11/07/2015,11/07/2015,1,9,0,4,0.0,0,0,0,0,0,2.0,1.0,6,Male,32,26 - 35,2148,2,6,-1,-1,-1.0,1,1,1,1,32,6,3,0,0,0,0,0,9,-1,-1,,,,,,,,,,,,,,,,,2015,11,4,18
9293,201501KF60611,540840.0,180090.0,0.027763,51.502205,1,Slight,2,3,2015-08-30,Sunday,18:26,Newham,E09000025,3,1011,6,30.0,3,2,6,0,0.0,5.0,1,1,1,4,0,1,1,E01033577,3,1,30/08/2015,30/08/2015,1,9,0,18,0.0,8,0,10,1,2,1.0,1.0,6,Male,30,26 - 35,5461,1,2,-1,1,-1.0,1,1,1,1,30,6,3,0,0,0,0,0,9,1,4,,,,,,,,,,,,,,,,,2015,8,3,18
9313,201501KF60635,538350.0,184000.0,-0.006554,51.537954,1,Slight,1,1,2015-06-08,Monday,04:30,Newham,E09000025,6,0,6,30.0,3,4,6,0,0.0,0.0,1,1,1,0,0,1,1,E01033583,3,1,06/08/2015,06/08/2015,1,9,0,9,0.0,1,0,10,1,10,1.0,1.0,1,Male,21,21 - 25,1794,1,11,-1,1,-1.0,1,1,1,1,21,5,3,0,0,0,0,0,9,1,1,,,,,,,,,,,,,,,,,2015,6,1,4
9319,201501KF60642,541670.0,180920.0,0.040047,51.509456,1,Slight,2,2,2015-05-09,Saturday,23:00,Newham,E09000025,3,112,1,30.0,1,4,3,112,0.0,0.0,4,1,1,0,0,1,1,E01003515,3,1,05/09/2015,05/09/2015,1,9,0,17,0.0,8,0,0,0,0,1.0,1.0,6,Male,22,21 - 25,1242,1,11,-1,1,-1.0,1,2,2,2,45,7,3,0,0,1,0,0,9,1,9,,,,,,,,,,,,,,,,,2015,5,2,23
9321,201501KF60644,539100.0,182030.0,0.003476,51.520068,1,Slight,2,1,2015-08-31,Monday,05:00,Newham,E09000025,6,0,6,30.0,1,4,6,0,0.0,1.0,4,2,2,0,0,1,2,E01003497,3,1,31/08/2015,31/08/2015,1,9,0,3,0.0,1,0,0,0,0,1.0,1.0,6,Male,29,26 - 35,2143,2,3,-1,1,-1.0,1,1,1,1,29,6,3,0,0,0,0,0,9,1,4,,,,,,,,,,,,,,,,,2015,8,1,5
9325,201501KF60648,542450.0,183530.0,0.052333,51.532712,1,Slight,1,1,2015-06-09,Tuesday,18:30,Newham,E09000025,3,124,6,30.0,3,2,6,0,0.0,5.0,1,1,1,0,0,1,1,E01003525,3,1,06/09/2015,06/09/2015,1,9,0,4,0.0,1,0,0,0,0,4.0,1.0,6,Male,29,26 - 35,1587,1,12,-1,1,-1.0,1,1,3,2,16,4,3,4,1,0,0,2,0,-1,-1,,,,,,,,,,,,,,,,,2015,6,1,18
9327,201501KF60650,542960.0,182160.0,0.059125,51.520273,1,Slight,1,1,2015-08-28,Friday,19:00,Newham,E09000025,3,13,3,30.0,6,2,3,117,0.0,5.0,1,1,1,0,0,1,1,E01003482,3,1,28/08/2015,28/08/2015,1,3,0,18,0.0,1,0,0,0,0,1.0,1.0,6,Male,26,26 - 35,125,1,2,-1,1,-1.0,1,1,3,2,17,4,3,1,1,0,0,2,0,1,2,,,,,,,,,,,,,,,,,2015,8,1,19
9329,201501KF60652,541270.0,180930.0,0.034291,51.509646,1,Slight,1,1,2015-10-08,Thursday,01:15,Newham,E09000025,3,112,6,30.0,3,2,3,1020,0.0,5.0,4,1,1,0,0,1,1,E01003515,3,1,10/08/2015,10/08/2015,1,9,0,7,0.0,8,0,10,7,7,1.0,1.0,6,Male,22,21 - 25,1395,1,-1,-1,1,-1.0,1,1,1,1,22,5,3,0,0,0,0,0,9,1,3,,,,,,,,,,,,,,,,,2015,10,1,1
9333,201501KF60656,538410.0,185420.0,-0.005131,51.5507,1,Slight,2,1,2015-06-09,Tuesday,21:36,Newham,E09000025,6,0,6,30.0,3,4,6,0,0.0,0.0,4,1,1,0,0,1,1,E01033583,3,1,06/09/2015,06/09/2015,1,9,0,9,0.0,8,0,0,0,0,3.0,1.0,6,Female,22,21 - 25,1598,1,1,-1,1,-1.0,2,1,1,1,34,6,3,0,0,0,0,0,1,1,1,,,,,,,,,,,,,,,,,2015,6,1,21
9340,201501KF60665,538820.0,183360.0,-3.4e-05,51.532088,1,Slight,2,2,2015-08-31,Monday,01:15,Newham,E09000025,5,0,6,30.0,3,4,6,0,0.0,0.0,4,1,1,0,0,1,2,E01033586,3,1,31/08/2015,31/08/2015,1,8,0,4,0.0,8,0,0,0,0,2.0,1.0,1,Male,27,26 - 35,1598,2,1,-1,1,-1.0,1,1,1,1,27,6,3,0,0,0,0,0,8,1,3,,,,,,,,,,,,,,,,,2015,8,2,1
9351,201501KF60677,542680.0,185890.0,0.056602,51.55386,1,Slight,2,1,2015-09-17,Thursday,18:24,Newham,E09000025,3,118,6,30.0,3,4,6,0,0.0,0.0,1,1,1,0,0,1,1,E01003576,3,1,17/09/2015,17/09/2015,1,9,0,9,0.0,8,0,0,0,0,1.0,1.0,6,Male,20,16 - 20,1461,2,-1,-1,1,-1.0,2,1,1,1,33,6,3,0,0,0,0,0,1,1,3,,,,,,,,,,,,,,,,,2015,9,1,18
9370,201501KF60701,540080.0,180290.0,0.0169,51.504191,1,Slight,2,1,2015-09-26,Saturday,04:40,Newham,E09000025,6,0,6,30.0,0,-1,-1,0,0.0,0.0,4,1,1,0,0,1,2,E01033577,3,1,26/09/2015,26/09/2015,1,9,0,3,0.0,0,0,0,0,0,1.0,1.0,6,Female,24,21 - 25,1598,1,12,-1,1,-1.0,1,1,1,2,24,5,3,0,0,0,0,0,9,1,1,,,,,,,,,,,,,,,,,2015,9,1,4
9372,201501KF60703,542390.0,184010.0,0.051662,51.53704,1,Slight,1,1,2015-12-09,Wednesday,00:09,Newham,E09000025,3,117,6,30.0,3,4,6,0,0.0,4.0,4,2,2,0,0,1,1,E01003521,3,1,12/09/2015,12/09/2015,1,9,0,17,0.0,2,0,0,0,0,1.0,1.0,6,Male,27,26 - 35,1598,1,8,-1,1,-1.0,1,1,3,1,45,7,3,1,1,0,0,2,0,-1,-1,,,,,,,,,,,,,,,,,2015,12,1,0
9379,201501KF60711,542490.0,185770.0,0.053815,51.55283,1,Slight,2,1,2015-08-23,Sunday,20:38,Newham,E09000025,3,118,6,30.0,6,4,5,0,0.0,4.0,7,1,1,0,0,1,2,E01003578,3,1,23/08/2015,23/08/2015,1,3,0,18,0.0,1,0,0,0,0,2.0,1.0,6,Male,24,21 - 25,125,1,4,-1,1,-1.0,1,1,1,1,24,5,3,0,0,0,0,0,3,1,3,,,,,,,,,,,,,,,,,2015,8,1,20
9386,201501KF60718,539910.0,184790.0,0.016238,51.544669,1,Slight,2,5,2015-09-18,Friday,19:27,Newham,E09000025,3,118,6,30.0,3,4,6,0,0.0,8.0,4,1,1,0,0,1,1,E01003557,3,1,18/09/2015,18/09/2015,1,9,0,18,0.0,8,0,0,0,0,1.0,1.0,6,Male,24,21 - 25,1995,2,11,-1,1,-1.0,1,1,1,1,24,5,3,0,0,0,0,0,9,1,2,,,,,,,,,,,,,,,,,2015,9,5,19
9399,201501KF60731,541360.0,184570.0,0.037046,51.542331,1,Slight,2,1,2015-04-10,Friday,19:17,Newham,E09000025,4,109,6,30.0,0,-1,-1,0,0.0,0.0,4,1,1,0,0,1,1,E01003562,3,1,04/10/2015,04/10/2015,1,9,0,2,0.0,0,0,0,0,0,1.0,1.0,6,Male,33,26 - 35,1995,1,14,-1,1,-1.0,2,1,1,2,31,6,3,0,0,0,0,0,1,1,3,,,,,,,,,,,,,,,,,2015,4,1,19
9400,201501KF60732,539810.0,185140.0,0.014936,51.547839,1,Slight,2,1,2015-05-26,Tuesday,23:50,Newham,E09000025,5,0,6,30.0,3,4,6,0,0.0,0.0,4,1,1,0,0,1,2,E01003549,3,1,26/05/2015,26/05/2015,1,3,0,18,0.0,8,0,0,0,0,1.0,1.0,6,Male,25,21 - 25,-1,-1,-1,-1,1,-1.0,1,1,1,1,25,5,3,0,0,0,0,0,3,1,3,,,,,,,,,,,,,,,,,2015,5,1,23
9409,201501KF60744,542140.0,185180.0,0.048532,51.547617,1,Slight,2,1,2015-04-10,Friday,19:28,Newham,E09000025,3,117,6,30.0,3,4,6,0,0.0,0.0,4,1,1,0,0,1,1,E01003587,3,1,04/10/2015,04/10/2015,1,9,0,18,0.0,8,0,0,0,0,1.0,1.0,6,Male,28,26 - 35,2143,2,4,-1,1,-1.0,1,1,1,1,28,6,3,0,0,0,0,0,9,1,2,,,,,,,,,,,,,,,,,2015,4,1,19
9414,201501KF60750,540740.0,185040.0,0.028299,51.546709,1,Slight,2,1,2015-09-20,Sunday,23:30,Newham,E09000025,3,118,6,30.0,3,4,6,0,0.0,0.0,4,1,1,0,0,1,1,E01003556,3,1,20/09/2015,20/09/2015,1,5,0,18,0.0,8,0,0,0,0,1.0,1.0,6,Male,32,26 - 35,108,1,1,-1,1,-1.0,1,1,1,1,32,6,3,0,0,0,0,0,5,1,2,,,,,,,,,,,,,,,,,2015,9,1,23
9424,201501KF60763,541450.0,183250.0,0.037813,51.530447,1,Slight,2,1,2015-09-20,Sunday,01:51,Newham,E09000025,4,167,6,30.0,0,-1,-1,0,0.0,0.0,4,1,1,0,0,1,1,E01003491,3,1,20/09/2015,20/09/2015,1,2,0,18,0.0,0,0,0,0,0,4.0,1.0,6,Male,20,16 - 20,125,1,3,-1,1,-1.0,1,1,1,1,20,4,3,0,0,0,0,0,2,1,3,,,,,,,,,,,,,,,,,2015,9,1,1
9449,201501KF60789,543430.0,185760.0,0.06736,51.552502,1,Slight,2,1,2015-10-13,Tuesday,19:57,Newham,E09000025,3,406,3,50.0,0,-1,-1,0,0.0,0.0,4,1,1,0,0,1,2,E01003577,3,1,13/10/2015,13/10/2015,1,9,0,18,0.0,0,0,0,0,0,4.0,1.0,6,Male,23,21 - 25,1598,2,4,-1,1,-1.0,1,1,1,1,23,5,3,0,0,0,0,0,9,1,4,,,,,,,,,,,,,,,,,2015,10,1,19
9454,201501KF60795,542120.0,182110.0,0.047006,51.520036,1,Slight,2,4,2015-10-19,Monday,23:15,Newham,E09000025,3,13,3,50.0,0,-1,-1,0,0.0,0.0,4,1,1,0,0,1,1,E01003483,3,1,19/10/2015,19/10/2015,1,9,0,18,0.0,0,0,0,0,0,2.0,1.0,6,Male,33,26 - 35,1896,2,8,-1,1,-1.0,1,1,1,1,33,6,3,0,0,0,0,0,9,1,2,,,,,,,,,,,,,,,,,2015,10,4,23
9458,201501KF60803,542900.0,182260.0,0.058301,51.521187,1,Slight,2,1,2015-10-16,Friday,22:35,Newham,E09000025,3,117,6,30.0,3,4,5,0,0.0,0.0,4,1,1,0,0,1,1,E01003540,3,1,16/10/2015,16/10/2015,1,3,0,18,0.0,8,0,0,0,0,1.0,1.0,6,Male,26,26 - 35,1284,1,7,-1,1,-1.0,1,1,1,1,26,6,3,0,0,0,0,0,3,1,2,,,,,,,,,,,,,,,,,2015,10,1,22
9471,201501KF60817,541960.0,185450.0,0.046047,51.550088,1,Slight,2,1,2015-10-22,Thursday,22:50,Newham,E09000025,3,118,6,30.0,3,4,6,0,0.0,0.0,7,9,1,0,0,1,1,E01003591,3,1,22/10/2015,22/10/2015,1,9,0,3,0.0,1,0,0,0,0,2.0,1.0,6,Male,34,26 - 35,1590,1,11,-1,1,-1.0,1,1,1,1,34,6,3,0,0,0,0,0,9,1,5,,,,,,,,,,,,,,,,,2015,10,1,22
9482,201501KF60832,542900.0,182260.0,0.058301,51.521187,1,Slight,2,1,2015-09-24,Thursday,18:27,Newham,E09000025,3,117,6,30.0,3,4,5,0,0.0,0.0,1,1,1,0,0,1,1,E01003540,3,1,24/09/2015,24/09/2015,1,9,0,9,0.0,8,0,0,0,0,3.0,1.0,6,Male,22,21 - 25,2987,2,7,-1,1,-1.0,2,1,1,1,-1,-1,3,0,0,0,0,0,1,1,2,,,,,,,,,,,,,,,,,2015,9,1,18
9489,201501KF60842,540310.0,183210.0,0.021373,51.530372,1,Slight,2,1,2015-06-11,Thursday,20:30,Newham,E09000025,3,112,6,30.0,3,2,3,114,0.0,5.0,4,2,2,0,0,1,2,E01003595,3,1,06/11/2015,06/11/2015,1,9,0,3,0.0,1,0,0,0,0,2.0,1.0,6,Male,34,26 - 35,1794,1,10,-1,1,-1.0,1,1,1,1,34,6,3,0,0,0,0,0,9,1,4,,,,,,,,,,,,,,,,,2015,6,1,20
9505,201501KF60862,540350.0,183760.0,0.022169,51.535304,1,Slight,3,1,2015-10-16,Friday,19:43,Newham,E09000025,3,114,6,30.0,6,4,6,0,0.0,0.0,4,1,1,0,0,1,1,E01003596,3,1,16/10/2015,16/10/2015,1,9,0,9,0.0,8,0,0,0,0,4.0,1.0,6,Male,29,26 - 35,1999,1,10,-1,1,-1.0,2,1,1,1,24,5,3,0,0,0,0,0,3,1,3,,,,,,,,,,,,,,,,,2015,10,1,19
9520,201501KF60877,539030.0,184440.0,0.003418,51.541741,1,Slight,1,1,2015-11-22,Sunday,01:20,Newham,E09000025,3,11,2,30.0,0,-1,-1,0,0.0,0.0,4,1,1,0,0,1,1,E01003619,3,1,22/11/2015,22/11/2015,1,9,0,18,0.0,0,0,0,0,0,1.0,1.0,6,Male,29,26 - 35,1461,2,1,-1,1,-1.0,1,1,3,1,39,7,3,5,3,0,0,2,0,-1,-1,,,,,,,,,,,,,,,,,2015,11,1,1
9523,201501KF60880,542310.0,184360.0,0.050651,51.540206,1,Slight,2,5,2015-10-27,Tuesday,01:32,Newham,E09000025,3,117,6,30.0,6,2,4,165,0.0,5.0,4,1,1,0,0,1,1,E01003531,3,1,27/10/2015,27/10/2015,1,9,0,18,0.0,8,0,0,0,0,3.0,1.0,6,Male,24,21 - 25,1968,2,10,-1,-1,-1.0,1,1,1,1,24,5,3,0,0,0,0,0,9,-1,-1,,,,,,,,,,,,,,,,,2015,10,5,1
9547,201501KF60906,543790.0,180850.0,0.070546,51.508292,1,Slight,2,1,2015-09-11,Friday,19:24,Newham,E09000025,3,406,1,30.0,1,2,3,1020,0.0,5.0,1,1,1,0,0,1,1,E01003482,3,1,09/11/2015,09/11/2015,1,9,0,18,0.0,8,1,0,0,0,4.0,1.0,6,Male,18,16 - 20,1598,1,11,-1,1,-1.0,2,1,1,2,21,5,3,0,0,0,0,0,9,1,8,,,,,,,,,,,,,,,,,2015,9,1,19
9549,201501KF60908,540490.0,185370.0,0.024828,51.549737,1,Slight,1,1,2015-11-27,Friday,21:41,Newham,E09000025,5,0,6,30.0,3,2,3,114,0.0,5.0,4,1,1,0,0,1,1,E01003544,3,1,27/11/2015,27/11/2015,1,9,0,7,0.0,8,0,0,0,0,4.0,1.0,6,Male,34,26 - 35,-1,-1,-1,-1,1,-1.0,1,1,3,1,57,9,3,1,1,0,0,2,0,1,2,,,,,,,,,,,,,,,,,2015,11,1,21
9551,201501KF60912,541960.0,183740.0,0.045358,51.534723,1,Slight,2,1,2015-11-29,Sunday,20:40,Newham,E09000025,6,0,6,30.0,3,4,6,0,0.0,0.0,4,1,1,0,0,1,2,E01003524,3,1,29/11/2015,29/11/2015,1,9,0,4,0.0,8,0,0,0,0,2.0,1.0,6,Male,31,26 - 35,2143,2,-1,-1,1,-1.0,1,1,1,1,31,6,3,0,0,0,0,0,9,1,4,,,,,,,,,,,,,,,,,2015,11,1,20
9552,201501KF60914,542400.0,185110.0,0.052251,51.546922,1,Slight,2,1,2015-10-23,Friday,18:15,Newham,E09000025,6,0,6,30.0,3,4,6,0,0.0,0.0,1,1,1,0,0,1,1,E01003534,3,1,23/10/2015,23/10/2015,1,9,0,7,0.0,1,0,0,0,0,1.0,1.0,6,Male,31,26 - 35,-1,-1,-1,-1,1,-1.0,2,1,1,2,44,7,3,0,0,0,0,0,9,1,3,,,,,,,,,,,,,,,,,2015,10,1,18
9556,201501KF60918,542300.0,184450.0,0.050543,51.541017,1,Slight,2,1,2015-11-29,Sunday,18:20,Newham,E09000025,3,117,6,30.0,6,4,6,0,0.0,0.0,1,2,2,0,0,1,1,E01003531,3,1,29/11/2015,29/11/2015,1,3,0,18,0.0,8,0,0,0,0,1.0,1.0,6,Male,21,21 - 25,125,1,-1,-1,1,-1.0,1,1,1,1,21,5,3,0,0,0,0,0,3,1,3,,,,,,,,,,,,,,,,,2015,11,1,18