,accident_index,location_easting_osgr,location_northing_osgr,longitude,latitude,police_force,accident_severity,number_of_vehicles,number_of_casualties,date,day_of_week,time,local_authority_district,local_authority_highway,first_road_class,first_road_number,road_type,speed_limit,junction_detail,junction_control,second_road_class,second_road_number,pedestrian_crossing-human_control,pedestrian_crossing-physical_facilities,light_conditions,weather_conditions,road_surface_conditions,special_conditions_at_site,carriageway_hazards,urban_or_rural_area,did_police_officer_attend_scene_of_accident,lsoa_of_accident_location,accident_severity_num,accident_severity_inv,date2,date_original,vehicle_reference_x,vehicle_type,towing_and_articulation,vehicle_manoeuvre,vehicle_location-restricted_lane,junction_location,skidding_and_overturning,hit_object_in_carriageway,vehicle_leaving_carriageway,hit_object_off_carriageway,1st_point_of_impact,was_vehicle_left_hand_drive?,journey_purpose_of_driver,sex_of_driver,age_of_driver,age_band_of_driver,engine_capacity_cc,propulsion_code,age_of_vehicle,driver_imd_decile,driver_home_area_type,vehicle_imd_decile,vehicle_reference_y,casualty_reference,casualty_class,sex_of_casualty,age_of_casualty,age_band_of_casualty,casualty_severity,pedestrian_location,pedestrian_movement,car_passenger,bus_or_coach_passenger,pedestrian_road_maintenance_worker,casualty_type,casualty_home_area_type,casualty_imd_decile,accident_year_x,accident_reference_x,local_authority_ons_district,pedestrian_crossing_human_control,pedestrian_crossing_physical_facilities,trunk_road_flag,accident_year_y,accident_reference_y,vehicle_direction_from,vehicle_direction_to,vehicle_location_restricted_lane,first_point_of_impact,vehicle_left_hand_drive,generic_make_model,accident_year,accident_reference,year,month,severity,hours
9921,201501KG70363,545980.0,183910.0,0.103346,51.535226,1,Slight,1,1,2015-07-31,Friday,19:00,Barking and Dagenham,E09000002,3,123,6,30.0,0,-1,-1,0,0.0,0.0,1,1,1,0,0,1,1,E01000043,3,1,31/07/2015,31/07/2015,1,9,0,18,0.0,0,0,0,0,0,1.0,1.0,6,Male,24,21 - 25,1998,2,7,-1,1,-1.0,1,1,3,1,-1,-1,3,5,3,0,0,2,0,-1,-1,,,,,,,,,,,,,,,,,2015,7,1,19
9938,201501KG70389,544430.0,184040.0,0.081068,51.536792,1,Slight,3,1,2015-01-08,Thursday,01:25,Barking and Dagenham,E09000002,6,0,6,30.0,3,4,6,0,0.0,0.0,4,1,1,0,0,1,1,E01000010,3,1,01/08/2015,01/08/2015,1,9,0,18,0.0,8,0,0,0,0,1.0,1.0,6,Male,21,21 - 25,2143,2,1,-1,-1,-1.0,2,1,1,1,24,5,3,0,0,0,0,0,9,1,2,,,,,,,,,,,,,,,,,2015,1,1,1
9951,201501KG70402,547910.0,187970.0,0.132858,51.571204,1,Slight,2,1,2015-07-22,Wednesday,18:58,Barking and Dagenham,E09000002,3,118,6,30.0,3,4,6,0,0.0,4.0,1,1,1,0,0,1,2,E01000113,3,1,22/07/2015,22/07/2015,1,9,0,3,0.0,2,0,0,0,0,2.0,1.0,6,Male,35,26 - 35,698,1,12,-1,1,-1.0,1,1,1,1,35,6,3,0,0,0,0,0,9,1,2,,,,,,,,,,,,,,,,,2015,7,1,18
9956,201501KG70408,543800.0,184170.0,0.072043,51.538121,1,Slight,2,1,2015-07-24,Friday,22:10,Barking and Dagenham,E09000002,3,124,6,30.0,0,-1,-1,0,0.0,0.0,1,2,2,0,0,1,1,E01000008,3,1,24/07/2015,24/07/2015,1,5,0,13,0.0,0,0,0,0,0,4.0,1.0,6,Male,27,26 - 35,599,1,14,-1,3,-1.0,1,1,1,1,27,6,3,0,0,0,0,0,5,3,10,,,,,,,,,,,,,,,,,2015,7,1,22
9963,201501KG70416,549310.0,185800.0,0.152123,51.551337,1,Slight,2,1,2015-08-30,Sunday,19:10,Barking and Dagenham,E09000002,5,0,6,30.0,3,4,6,0,0.0,0.0,1,1,1,0,0,1,1,E01000062,3,1,30/08/2015,30/08/2015,1,9,0,18,0.0,2,0,0,0,0,3.0,1.0,6,Male,32,26 - 35,2401,2,11,-1,1,-1.0,1,1,2,1,23,5,3,0,0,1,0,0,9,1,3,,,,,,,,,,,,,,,,,2015,8,1,19
9974,201501KG70427,548060.0,187000.0,0.134613,51.562449,1,Slight,2,1,2015-03-09,Monday,19:10,Barking and Dagenham,E09000002,6,0,6,30.0,3,4,6,0,0.0,0.0,1,1,1,0,0,1,2,E01000099,3,1,03/09/2015,03/09/2015,1,9,0,18,0.0,8,0,0,0,0,4.0,1.0,6,Female,30,26 - 35,1598,1,7,-1,1,-1.0,1,1,1,2,30,6,3,0,0,0,0,0,9,1,3,,,,,,,,,,,,,,,,,2015,3,1,19
9988,201501KG70444,547820.0,185800.0,0.130649,51.551729,1,Slight,1,2,2015-09-09,Wednesday,19:17,Barking and Dagenham,E09000002,3,124,6,30.0,6,2,3,1153,0.0,5.0,1,1,1,0,0,1,1,E01000078,3,1,09/09/2015,09/09/2015,1,3,0,14,0.0,1,0,0,0,0,1.0,1.0,6,Male,23,21 - 25,125,1,4,-1,1,-1.0,1,1,1,1,23,5,3,0,0,0,0,0,3,1,5,,,,,,,,,,,,,,,,,2015,9,2,19
9991,201501KG70448,543660.0,183890.0,0.069912,51.535641,1,Slight,2,1,2015-09-19,Saturday,20:49,Barking and Dagenham,E09000002,6,0,6,30.0,8,4,6,0,0.0,4.0,4,1,1,0,0,1,1,E01003622,3,1,19/09/2015,19/09/2015,1,5,0,18,0.0,8,0,0,0,0,1.0,1.0,6,Male,24,21 - 25,675,1,9,-1,1,-1.0,1,1,1,1,24,5,3,0,0,0,0,0,5,1,3,,,,,,,,,,,,,,,,,2015,9,1,20
10003,201501KG70464,546920.0,183590.0,0.116756,51.532107,1,Slight,2,1,2015-09-30,Wednesday,20:54,Barking and Dagenham,E09000002,6,0,6,30.0,0,-1,-1,0,0.0,0.0,4,1,1,0,0,1,1,E01000096,3,1,30/09/2015,30/09/2015,1,5,0,17,0.0,0,0,0,0,0,1.0,1.0,6,Male,26,26 - 35,499,1,15,-1,1,-1.0,1,1,1,1,26,6,3,0,0,0,0,0,5,1,6,,,,,,,,,,,,,,,,,2015,9,1,20
10008,201501KG70470,544590.0,183100.0,0.082987,51.528305,1,Slight,2,1,2015-07-10,Friday,19:50,Barking and Dagenham,E09000002,3,13,3,40.0,0,-1,-1,0,0.0,0.0,4,1,2,0,0,1,1,E01000092,3,1,07/10/2015,07/10/2015,1,9,0,18,0.0,0,0,0,0,0,2.0,1.0,6,Male,29,26 - 35,1598,1,5,-1,1,-1.0,1,1,1,1,29,6,3,0,0,0,0,0,9,1,1,,,,,,,,,,,,,,,,,2015,7,1,19
10010,201501KG70472,546520.0,183650.0,0.111018,51.53275,1,Slight,2,1,2015-12-09,Wednesday,01:23,Barking and Dagenham,E09000002,3,13,3,40.0,0,-1,-1,0,0.0,0.0,4,1,1,0,0,1,1,E01000096,3,1,12/09/2015,12/09/2015,1,9,0,18,0.0,0,0,0,0,0,2.0,1.0,6,Male,23,21 - 25,1331,1,20,-1,3,-1.0,1,1,1,1,23,5,3,0,0,0,0,0,9,3,6,,,,,,,,,,,,,,,,,2015,12,1,1
10017,201501KG70482,548700.0,183140.0,0.142209,51.527598,1,Slight,4,3,2015-02-10,Tuesday,22:38,Barking and Dagenham,E09000002,3,13,3,50.0,0,-1,-1,0,0.0,0.0,4,1,1,0,0,1,1,E01000095,3,1,02/10/2015,02/10/2015,1,9,0,4,0.0,0,0,0,0,0,2.0,1.0,6,Male,22,21 - 25,1198,1,8,-1,1,-1.0,1,1,1,1,22,5,3,0,0,0,0,0,9,1,2,,,,,,,,,,,,,,,,,2015,2,3,22
10054,201501KG70530,548400.0,183550.0,0.13806,51.531361,1,Serious,2,1,2015-04-11,Saturday,21:00,Barking and Dagenham,E09000002,6,0,6,30.0,0,-1,-1,0,0.0,0.0,4,1,1,0,0,1,1,E01000095,2,2,04/11/2015,04/11/2015,1,9,0,4,0.0,0,0,0,0,0,2.0,1.0,6,Male,20,16 - 20,1997,2,7,-1,1,-1.0,2,1,1,1,23,5,2,0,0,0,0,0,3,1,9,,,,,,,,,,,,,,,,,2015,4,2,21
10066,201501KG70547,548460.0,189080.0,0.141257,51.581033,1,Slight,2,5,2015-11-14,Saturday,23:02,Barking and Dagenham,E09000002,3,12,3,30.0,6,2,3,1112,0.0,5.0,4,2,2,0,0,1,1,E01000031,3,1,14/11/2015,14/11/2015,1,9,0,9,0.0,8,0,0,0,0,1.0,1.0,6,Male,23,21 - 25,1796,2,2,-1,1,-1.0,1,1,1,1,23,5,3,0,0,0,0,0,9,1,6,,,,,,,,,,,,,,,,,2015,11,5,23
10070,201501KG70553,549570.0,183320.0,0.154818,51.528986,1,Serious,3,3,2015-10-19,Monday,22:05,Barking and Dagenham,E09000002,3,1306,3,40.0,3,2,4,178,0.0,5.0,4,1,1,0,0,1,1,E01000090,2,2,19/10/2015,19/10/2015,1,9,0,18,0.0,1,0,0,0,0,1.0,1.0,6,Female,20,16 - 20,1149,1,13,-1,-1,-1.0,1,1,1,2,20,4,2,0,0,0,0,0,9,-1,-1,,,,,,,,,,,,,,,,,2015,10,6,22
10072,201501KG70555,546500.0,183650.0,0.11073,51.532755,1,Slight,3,1,2015-10-28,Wednesday,18:40,Barking and Dagenham,E09000002,3,13,3,40.0,0,-1,-1,0,0.0,0.0,4,1,1,0,0,1,2,E01000096,3,1,28/10/2015,28/10/2015,1,9,0,18,0.0,0,0,0,0,0,1.0,1.0,6,Male,35,26 - 35,2793,1,16,-1,1,-1.0,1,1,1,1,35,6,3,0,0,0,0,0,9,1,3,,,,,,,,,,,,,,,,,2015,10,1,18
10116,201501KG70607,549060.0,184550.0,0.147991,51.540172,1,Slight,2,2,2015-08-12,Wednesday,21:16,Barking and Dagenham,E09000002,3,1240,6,30.0,7,2,3,1240,0.0,5.0,4,1,2,0,0,1,1,E01000084,3,1,08/12/2015,08/12/2015,1,9,0,9,0.0,8,0,0,0,0,1.0,1.0,6,Male,19,16 - 20,1360,1,12,-1,1,-1.0,1,1,1,1,19,4,3,0,0,0,0,0,9,1,2,,,,,,,,,,,,,,,,,2015,8,2,21
10121,201501KG70614,547690.0,187440.0,0.129464,51.566499,1,Slight,2,2,2015-06-12,Friday,19:35,Barking and Dagenham,E09000002,5,0,3,30.0,6,2,5,0,0.0,5.0,4,2,2,0,0,1,1,E01000097,3,1,06/12/2015,06/12/2015,1,9,0,9,0.0,8,0,0,0,0,4.0,1.0,6,Male,21,21 - 25,2149,2,8,-1,1,-1.0,2,1,1,1,47,8,3,0,0,0,0,0,9,1,5,,,,,,,,,,,,,,,,,2015,6,2,19
10127,201501KG70621,544870.0,183800.0,0.087309,51.534523,1,Slight,2,1,2015-03-12,Thursday,18:30,Barking and Dagenham,E09000002,3,123,6,30.0,6,4,5,0,0.0,4.0,4,1,1,0,0,1,2,E01000050,3,1,03/12/2015,03/12/2015,1,9,0,18,0.0,8,0,0,0,0,3.0,1.0,6,Female,27,26 - 35,1598,1,6,-1,1,-1.0,1,1,1,2,27,6,3,0,0,0,0,0,9,1,2,,,,,,,,,,,,,,,,,2015,3,1,18
10131,201501KG70629,543580.0,183960.0,0.068788,51.53629,1,Slight,2,1,2015-12-28,Monday,18:30,Barking and Dagenham,E09000002,3,124,1,30.0,1,2,3,124,0.0,5.0,4,1,1,0,0,1,2,E01033587,3,1,28/12/2015,28/12/2015,1,9,0,18,0.0,8,0,0,0,0,2.0,1.0,6,Male,24,21 - 25,1560,2,-1,-1,1,-1.0,1,1,1,1,24,5,3,0,0,0,0,0,9,1,7,,,,,,,,,,,,,,,,,2015,12,1,18
10136,201501KG70637,545660.0,183450.0,0.098546,51.531175,1,Slight,4,4,2015-12-28,Monday,04:40,Barking and Dagenham,E09000002,3,13,3,50.0,0,-1,-1,0,0.0,0.0,4,1,1,0,0,1,1,E01000052,3,1,28/12/2015,28/12/2015,1,9,0,18,0.0,0,0,0,0,0,4.0,1.0,6,Male,20,16 - 20,-1,-1,-1,-1,-1,-1.0,2,1,1,1,25,5,3,0,0,0,0,0,9,-1,-1,,,,,,,,,,,,,,,,,2015,12,4,4
10139,201501KG70641,547690.0,187440.0,0.129464,51.566499,1,Slight,2,2,2015-12-18,Friday,20:10,Barking and Dagenham,E09000002,5,0,3,30.0,6,2,5,0,0.0,5.0,4,1,1,0,0,1,1,E01000097,3,1,18/12/2015,18/12/2015,1,9,0,18,0.0,8,0,0,0,0,3.0,1.0,6,Male,25,21 - 25,2993,2,6,-1,1,-1.0,1,1,1,1,25,5,3,0,0,0,0,0,9,1,6,,,,,,,,,,,,,,,,,2015,12,2,20
10149,201501LX50001,530820.0,175180.0,-0.11833,51.460486,1,Serious,2,1,2015-02-01,Sunday,22:00,Lambeth,E09000022,3,2217,6,30.0,3,4,6,0,0.0,0.0,4,1,1,0,0,1,1,E01003020,2,2,02/01/2015,02/01/2015,1,9,0,6,0.0,8,0,0,0,0,3.0,1.0,6,Female,28,26 - 35,1995,2,2,-1,1,-1.0,2,1,1,1,26,6,2,0,0,0,0,0,4,1,2,,,,,,,,,,,,,,,,,2015,2,2,22
10152,201501LX50006,530440.0,173120.0,-0.124556,51.442061,1,Slight,1,1,2015-12-01,Tuesday,21:36,Lambeth,E09000022,3,23,3,30.0,3,2,6,0,0.0,5.0,4,5,2,0,0,1,1,E01003130,3,1,12/01/2015,12/01/2015,1,9,0,9,0.0,2,0,0,0,0,1.0,1.0,6,Male,28,26 - 35,1598,1,1,-1,1,-1.0,1,1,3,1,75,10,3,4,1,0,0,2,0,1,8,,,,,,,,,,,,,,,,,2015,12,1,21
10158,201501LX50014,530210.0,173590.0,-0.12769,51.446338,1,Slight,2,1,2015-01-13,Tuesday,21:50,Lambeth,E09000022,3,205,3,30.0,3,4,6,0,0.0,0.0,4,1,2,0,0,1,1,E01003136,3,1,13/01/2015,13/01/2015,1,3,0,18,0.0,8,0,0,0,0,1.0,1.0,6,Male,21,21 - 25,-1,-1,-1,-1,1,-1.0,1,1,1,1,21,5,3,0,0,0,0,0,3,1,4,,,,,,,,,,,,,,,,,2015,1,1,21
10159,201501LX50015,530130.0,175990.0,-0.127959,51.467924,1,Slight,2,1,2015-10-01,Thursday,23:25,Lambeth,E09000022,3,3,6,30.0,0,-1,-1,0,0.0,0.0,4,1,1,0,0,1,2,E01003090,3,1,10/01/2015,10/01/2015,1,8,0,4,0.0,0,0,0,0,0,2.0,1.0,6,Male,28,26 - 35,1797,8,4,-1,1,-1.0,1,1,1,1,28,6,3,0,0,0,0,0,8,1,4,,,,,,,,,,,,,,,,,2015,10,1,23
10167,201501LX50025,531170.0,176510.0,-0.112802,51.472358,1,Slight,2,2,2015-01-01,Thursday,02:40,Lambeth,E09000022,3,23,6,30.0,3,4,6,0,0.0,0.0,4,1,1,0,0,1,2,E01003186,3,1,01/01/2015,01/01/2015,1,9,0,18,0.0,8,0,0,0,0,2.0,1.0,6,Male,19,16 - 20,2496,1,12,-1,1,-1.0,1,1,1,1,19,4,3,0,0,0,0,0,9,1,3,,,,,,,,,,,,,,,,,2015,1,2,2
10175,201501LX50036,532070.0,171810.0,-0.101604,51.429911,1,Serious,1,1,2015-01-17,Saturday,04:20,Lambeth,E09000022,3,215,6,30.0,3,4,3,215,0.0,4.0,4,1,1,0,0,1,1,E01003081,2,2,17/01/2015,17/01/2015,1,9,0,18,0.0,1,5,10,0,0,4.0,1.0,6,Female,30,26 - 35,1199,2,5,-1,1,-1.0,1,1,1,2,30,6,2,0,0,0,0,0,9,1,5,,,,,,,,,,,,,,,,,2015,1,2,4
10183,201501LX50049,531600.0,178300.0,-0.105948,51.488344,1,Slight,2,1,2015-01-23,Friday,19:00,Lambeth,E09000022,3,3,6,30.0,3,2,5,0,0.0,5.0,4,1,1,0,0,1,1,E01003108,3,1,23/01/2015,23/01/2015,1,9,0,11,0.0,1,0,0,0,0,2.0,1.0,1,Male,35,26 - 35,1242,1,5,-1,-1,-1.0,2,1,1,1,23,5,3,0,0,0,0,0,3,1,2,,,,,,,,,,,,,,,,,2015,1,1,19
10187,201501LX50054,529500.0,171300.0,-0.138738,51.425921,1,Serious,1,1,2015-01-25,Sunday,18:55,Lambeth,E09000022,3,216,6,30.0,0,-1,-1,0,0.0,0.0,7,1,1,0,0,1,1,,2,2,25/01/2015,25/01/2015,1,9,0,18,0.0,0,0,10,1,2,4.0,2.0,6,Male,33,26 - 35,-1,-1,-1,-1,1,-1.0,1,1,2,1,36,7,2,0,0,1,0,0,9,1,6,,,,,,,,,,,,,,,,,2015,1,2,18
10188,201501LX50055,530100.0,171810.0,-0.129926,51.430367,1,Slight,2,1,2015-11-01,Sunday,20:45,Lambeth,E09000022,3,23,6,30.0,3,4,6,0,0.0,0.0,4,1,2,0,0,1,2,E01003118,3,1,11/01/2015,11/01/2015,1,3,0,4,0.0,1,0,0,0,0,2.0,1.0,6,Male,27,26 - 35,108,1,6,-1,1,-1.0,1,1,1,1,27,6,3,0,0,0,0,0,3,1,2,,,,,,,,,,,,,,,,,2015,11,1,20
10190,201501LX50058,530050.0,175080.0,-0.129444,51.459765,1,Slight,1,1,2015-01-18,Sunday,18:20,Lambeth,E09000022,3,2217,6,30.0,6,2,4,221,0.0,0.0,4,1,4,0,0,1,1,E01003057,3,1,18/01/2015,18/01/2015,1,3,0,5,0.0,1,0,0,0,0,0.0,1.0,6,Male,27,26 - 35,125,1,13,-1,1,-1.0,1,1,1,1,27,6,3,0,0,0,0,0,3,1,3,,,,,,,,,,,,,,,,,2015,1,1,18
10192,201501LX50060,530610.0,174180.0,-0.12172,51.451548,1,Slight,1,1,2015-12-01,Tuesday,20:00,Lambeth,E09000022,3,23,6,30.0,3,2,3,23,0.0,5.0,4,5,2,0,0,1,2,E01003171,3,1,12/01/2015,12/01/2015,1,9,0,9,0.0,8,0,0,0,0,1.0,1.0,6,Male,26,26 - 35,1587,1,12,-1,-1,-1.0,1,1,3,2,-1,-1,3,4,3,0,0,2,0,-1,-1,,,,,,,,,,,,,,,,,2015,12,1,20
10206,201501LX50079,531230.0,177690.0,-0.111501,51.482948,1,Slight,2,1,2015-01-18,Sunday,19:44,Lambeth,E09000022,3,23,6,30.0,3,2,3,3,0.0,5.0,4,1,1,0,0,1,1,E01003099,3,1,18/01/2015,18/01/2015,1,9,0,6,0.0,8,0,0,0,0,3.0,1.0,6,Male,27,26 - 35,2497,1,8,-1,1,-1.0,2,1,1,1,-1,-1,3,0,0,0,0,0,9,1,6,,,,,,,,,,,,,,,,,2015,1,1,19
10207,201501LX50080,531750.0,172710.0,-0.10587,51.438074,1,Slight,2,1,2015-01-27,Tuesday,19:10,Lambeth,E09000022,3,215,6,30.0,3,4,6,0,0.0,0.0,4,1,1,0,0,1,1,E01003166,3,1,27/01/2015,27/01/2015,1,9,0,18,0.0,8,0,0,0,0,1.0,1.0,6,Male,27,26 - 35,1198,1,3,-1,1,-1.0,1,1,3,1,61,9,3,5,1,0,0,2,0,-1,-1,,,,,,,,,,,,,,,,,2015,1,1,19
10211,201501LX50084,531880.0,174650.0,-0.103279,51.455478,1,Slight,1,1,2015-01-31,Saturday,19:32,Lambeth,E09000022,4,222,6,30.0,3,4,6,0,0.0,0.0,4,2,2,0,0,1,1,E01003074,3,1,31/01/2015,31/01/2015,1,3,0,18,0.0,1,0,0,0,0,1.0,1.0,1,Male,18,16 - 20,125,1,-1,-1,1,-1.0,1,1,3,2,18,4,3,5,1,0,0,2,0,1,7,,,,,,,,,,,,,,,,,2015,1,1,19
10215,201501LX50088,528660.0,175780.0,-0.149186,51.466373,1,Serious,1,1,2015-01-29,Thursday,04:00,Lambeth,E09000022,3,3036,6,30.0,3,4,6,0,0.0,0.0,4,1,1,0,0,1,1,E01003040,2,2,29/01/2015,29/01/2015,1,3,0,18,0.0,1,0,10,1,7,1.0,1.0,6,Male,14,11 - 15,125,1,11,-1,1,-1.0,1,1,1,1,14,3,2,0,0,0,0,0,3,1,3,,,,,,,,,,,,,,,,,2015,1,2,4
10216,201501LX50089,531760.0,172690.0,-0.105734,51.437892,1,Slight,2,1,2015-01-31,Saturday,21:00,Lambeth,E09000022,3,215,6,30.0,3,4,6,0,0.0,0.0,7,1,1,0,0,1,1,E01003166,3,1,31/01/2015,31/01/2015,1,5,0,18,0.0,1,0,0,0,0,1.0,1.0,1,Male,30,26 - 35,108,1,1,-1,1,-1.0,1,1,1,1,30,6,3,0,0,0,0,0,5,1,2,,,,,,,,,,,,,,,,,2015,1,1,21
10217,201501LX50090,531040.0,175470.0,-0.115058,51.463042,1,Slight,2,1,2015-03-02,Monday,19:47,Lambeth,E09000022,3,23,6,30.0,3,4,4,223,0.0,4.0,4,2,2,0,0,1,1,E01003055,3,1,03/02/2015,03/02/2015,1,3,0,13,0.0,1,0,0,0,0,1.0,1.0,6,Male,27,26 - 35,124,1,3,-1,1,-1.0,1,1,1,1,27,6,3,0,0,0,0,0,3,1,6,,,,,,,,,,,,,,,,,2015,3,1,19
10229,201501LX50105,531050.0,180130.0,-0.113186,51.504917,1,Slight,2,1,2015-08-02,Sunday,02:01,Lambeth,E09000022,3,301,1,30.0,1,4,3,3200,0.0,0.0,4,1,1,0,0,1,1,E01003016,3,1,08/02/2015,08/02/2015,1,9,0,7,0.0,8,0,0,0,0,3.0,1.0,6,Male,30,26 - 35,-1,-1,-1,-1,2,-1.0,2,1,1,1,27,6,3,0,0,0,0,0,1,1,5,,,,,,,,,,,,,,,,,2015,8,1,2
10234,201501LX50110,530300.0,175080.0,-0.125848,51.459707,1,Slight,2,1,2015-02-02,Monday,19:10,Lambeth,E09000022,3,2217,6,30.0,6,4,6,0,0.0,0.0,4,1,1,0,0,1,1,E01003058,3,1,02/02/2015,02/02/2015,1,9,0,18,0.0,8,0,0,0,0,4.0,1.0,6,Female,19,16 - 20,1229,1,2,-1,1,-1.0,1,1,1,2,19,4,3,0,0,0,0,0,9,1,4,,,,,,,,,,,,,,,,,2015,2,1,19
10245,201501LX50124,529560.0,175380.0,-0.136383,51.462573,1,Slight,2,1,2015-08-02,Sunday,21:29,Lambeth,E09000022,3,3,6,30.0,3,4,6,0,0.0,0.0,4,1,1,0,0,1,1,E01003041,3,1,08/02/2015,08/02/2015,1,3,0,2,0.0,1,0,0,0,0,4.0,1.0,6,Male,28,26 - 35,124,1,7,-1,1,-1.0,1,1,1,1,28,6,3,0,0,0,0,0,3,1,5,,,,,,,,,,,,,,,,,2015,8,1,21
10246,201501LX50125,531170.0,176980.0,-0.112628,51.476581,1,Slight,2,1,2015-08-02,Sunday,04:28,Lambeth,E09000022,3,23,6,30.0,6,2,5,0,0.0,5.0,4,1,1,0,0,1,2,E01003181,3,1,08/02/2015,08/02/2015,1,9,0,3,0.0,1,0,0,0,0,2.0,1.0,6,Male,35,26 - 35,2204,2,11,-1,1,-1.0,1,1,1,1,35,6,3,0,0,0,0,0,9,1,8,,,,,,,,,,,,,,,,,2015,8,1,4
10247,201501LX50126,529570.0,175370.0,-0.136243,51.462481,1,Slight,2,1,2015-10-02,Friday,22:49,Lambeth,E09000022,3,3,6,30.0,3,4,6,0,0.0,0.0,4,1,1,0,0,1,1,E01003041,3,1,10/02/2015,10/02/2015,1,3,0,18,0.0,8,0,0,0,0,1.0,1.0,6,Male,23,21 - 25,96,1,6,-1,1,-1.0,1,1,1,1,23,5,3,0,0,0,0,0,3,1,7,,,,,,,,,,,,,,,,,2015,10,1,22
10254,201501LX50134,528950.0,174530.0,-0.145469,51.455073,1,Slight,2,1,2015-02-14,Saturday,21:18,Lambeth,E09000022,3,24,6,30.0,3,4,6,0,0.0,0.0,4,1,2,0,0,1,1,E01003030,3,1,14/02/2015,14/02/2015,1,9,0,9,0.0,8,0,0,0,0,1.0,1.0,6,Male,22,21 - 25,1364,1,8,-1,1,-1.0,2,1,1,1,25,5,3,0,0,0,0,0,3,1,10,,,,,,,,,,,,,,,,,2015,2,1,21
10255,201501LX50135,530490.0,176490.0,-0.122594,51.472335,1,Slight,2,1,2015-02-17,Tuesday,18:50,Lambeth,E09000022,3,3,6,30.0,6,2,3,203,0.0,5.0,4,1,1,0,0,1,1,E01003128,3,1,17/02/2015,17/02/2015,1,9,0,9,0.0,8,0,0,0,0,1.0,1.0,6,Male,24,21 - 25,1800,1,15,-1,1,-1.0,2,1,1,2,31,6,3,0,0,0,0,0,1,1,3,,,,,,,,,,,,,,,,,2015,2,1,18
10257,201501LX50137,531510.0,180110.0,-0.10657,51.50463,1,Slight,2,1,2015-02-16,Monday,19:15,Lambeth,E09000022,6,0,6,30.0,3,4,6,0,0.0,0.0,4,2,2,0,0,1,1,E01003017,3,1,16/02/2015,16/02/2015,1,9,0,18,0.0,8,0,0,0,0,1.0,1.0,6,Male,22,21 - 25,1461,2,5,-1,1,-1.0,2,1,1,1,19,4,3,0,0,0,0,0,1,1,3,,,,,,,,,,,,,,,,,2015,2,1,19
10276,201501LX50163,531710.0,173030.0,-0.106326,51.440959,1,Slight,2,3,2015-08-02,Sunday,01:35,Lambeth,E09000022,3,205,6,30.0,6,2,3,215,0.0,5.0,4,1,1,0,0,1,1,E01003164,3,1,08/02/2015,08/02/2015,1,9,0,18,0.0,8,0,0,0,0,1.0,1.0,6,Male,28,26 - 35,1598,1,8,-1,1,-1.0,1,1,1,1,28,6,3,0,0,0,0,0,9,1,5,,,,,,,,,,,,,,,,,2015,8,3,1
10277,201501LX50164,528950.0,174530.0,-0.145469,51.455073,1,Slight,2,1,2015-01-15,Thursday,18:20,Lambeth,E09000022,3,24,6,30.0,3,4,6,0,0.0,0.0,4,1,1,0,0,1,2,E01003030,3,1,15/01/2015,15/01/2015,1,9,0,18,0.0,1,0,0,0,0,3.0,1.0,6,Male,29,26 - 35,1596,1,12,-1,1,-1.0,1,1,1,1,29,6,3,0,0,0,0,0,9,1,2,,,,,,,,,,,,,,,,,2015,1,1,18
10279,201501LX50167,529060.0,175210.0,-0.143639,51.461159,1,Slight,2,3,2015-02-21,Saturday,22:26,Lambeth,E09000022,3,3,6,30.0,6,2,6,0,0.0,5.0,4,8,1,1,0,1,1,E01003026,3,1,21/02/2015,21/02/2015,1,8,0,18,0.0,8,0,0,0,0,3.0,1.0,1,Male,28,26 - 35,-1,-1,-1,-1,1,-1.0,1,1,1,1,28,6,3,0,0,0,0,0,8,1,2,,,,,,,,,,,,,,,,,2015,2,3,22
10284,201501LX50172,531630.0,178370.0,-0.10549,51.488966,1,Slight,1,1,2015-02-25,Wednesday,20:57,Southwark,E09000028,3,3,6,30.0,3,4,6,0,0.0,0.0,4,1,1,0,0,1,1,E01003108,3,1,25/02/2015,25/02/2015,1,9,0,7,0.0,8,0,0,0,0,1.0,1.0,6,Male,24,21 - 25,1968,2,1,-1,1,-1.0,1,1,3,2,5,1,3,5,1,0,0,2,0,1,2,,,,,,,,,,,,,,,,,2015,2,1,20
10290,201501LX50178,531540.0,172960.0,-0.108797,51.440369,1,Slight,2,2,2015-01-02,Friday,18:00,Lambeth,E09000022,3,205,2,30.0,3,4,3,205,0.0,1.0,4,1,1,0,0,1,2,E01003133,3,1,01/02/2015,01/02/2015,1,9,0,3,0.0,8,0,0,0,0,2.0,1.0,6,Female,26,26 - 35,1149,1,17,-1,1,-1.0,1,1,1,2,26,6,3,0,0,0,0,0,9,1,4,,,,,,,,,,,,,,,,,2015,1,2,18
10292,201501LX50181,531150.0,174590.0,-0.113801,51.455108,1,Slight,2,1,2015-02-20,Friday,18:40,Lambeth,E09000022,3,204,6,30.0,6,2,3,2214,0.0,5.0,4,1,1,0,0,1,1,E01003177,3,1,20/02/2015,20/02/2015,1,9,0,3,0.0,1,0,0,0,0,2.0,1.0,6,Female,22,21 - 25,998,1,1,-1,-1,-1.0,1,1,2,2,22,5,3,0,0,1,0,0,9,1,7,,,,,,,,,,,,,,,,,2015,2,1,18
10306,201501LX50198,530430.0,173470.0,-0.12457,51.445209,1,Slight,2,2,2015-02-28,Saturday,21:20,Lambeth,E09000022,3,23,3,30.0,6,2,3,205,0.0,5.0,4,1,2,0,0,1,1,E01003023,3,1,28/02/2015,28/02/2015,1,9,0,9,0.0,8,0,0,0,0,1.0,1.0,6,Male,35,26 - 35,1997,2,4,-1,1,-1.0,1,1,1,1,35,6,3,0,0,0,0,0,9,1,6,,,,,,,,,,,,,,,,,2015,2,2,21
10313,201501LX50206,530370.0,172910.0,-0.125639,51.44019,1,Slight,2,1,2015-07-03,Friday,19:20,Lambeth,E09000022,3,23,3,30.0,6,4,6,0,0.0,4.0,4,1,1,0,0,1,1,E01003130,3,1,07/03/2015,07/03/2015,1,3,0,9,0.0,8,0,0,0,0,3.0,1.0,6,Male,20,16 - 20,125,1,2,-1,1,-1.0,1,1,1,1,20,4,3,0,0,0,0,0,3,1,3,,,,,,,,,,,,,,,,,2015,7,1,19