,accident_index,location_easting_osgr,location_northing_osgr,longitude,latitude,police_force,accident_severity,number_of_vehicles,number_of_casualties,date,day_of_week,time,local_authority_district,local_authority_highway,first_road_class,first_road_number,road_type,speed_limit,junction_detail,junction_control,second_road_class,second_road_number,pedestrian_crossing-human_control,pedestrian_crossing-physical_facilities,light_conditions,weather_conditions,road_surface_conditions,special_conditions_at_site,carriageway_hazards,urban_or_rural_area,did_police_officer_attend_scene_of_accident,lsoa_of_accident_location,accident_severity_num,accident_severity_inv,date2,date_original,vehicle_reference_x,vehicle_type,towing_and_articulation,vehicle_manoeuvre,vehicle_location-restricted_lane,junction_location,skidding_and_overturning,hit_object_in_carriageway,vehicle_leaving_carriageway,hit_object_off_carriageway,1st_point_of_impact,was_vehicle_left_hand_drive?,journey_purpose_of_driver,sex_of_driver,age_of_driver,age_band_of_driver,engine_capacity_cc,propulsion_code,age_of_vehicle,driver_imd_decile,driver_home_area_type,vehicle_imd_decile,vehicle_reference_y,casualty_reference,casualty_class,sex_of_casualty,age_of_casualty,age_band_of_casualty,casualty_severity,pedestrian_location,pedestrian_movement,car_passenger,bus_or_coach_passenger,pedestrian_road_maintenance_worker,casualty_type,casualty_home_area_type,casualty_imd_decile,accident_year_x,accident_reference_x,local_authority_ons_district,pedestrian_crossing_human_control,pedestrian_crossing_physical_facilities,trunk_road_flag,accident_year_y,accident_reference_y,vehicle_direction_from,vehicle_direction_to,vehicle_location_restricted_lane,first_point_of_impact,vehicle_left_hand_drive,generic_make_model,accident_year,accident_reference,year,month,severity,hours
11121,201501LX51198,531050.0,177380.0,-0.114206,51.480204,1,Slight,2,1,2015-04-11,Saturday,04:30,Lambeth,E09000022,3,3,6,30.0,3,4,6,0,0.0,0.0,4,2,2,0,0,1,1,E01003100,3,1,04/11/2015,04/11/2015,1,9,0,2,0.0,1,0,0,0,0,3.0,1.0,6,Male,27,26 - 35,-1,-1,-1,-1,1,-1.0,2,1,1,1,39,7,3,0,0,0,0,0,1,1,7,,,,,,,,,,,,,,,,,2015,4,1,4
11135,201501LX51219,530970.0,174770.0,-0.116324,51.456767,1,Slight,1,1,2015-07-11,Saturday,19:30,Lambeth,E09000022,6,0,6,30.0,0,-1,-1,0,0.0,0.0,4,8,2,0,0,1,1,E01003176,3,1,07/11/2015,07/11/2015,1,9,0,5,0.0,0,0,0,0,0,1.0,1.0,6,Female,28,26 - 35,1600,1,16,-1,1,-1.0,1,1,3,1,6,2,3,5,1,0,0,2,0,-1,-1,,,,,,,,,,,,,,,,,2015,7,1,19
11143,201501LX51230,528920.0,174480.0,-0.145919,51.454631,1,Slight,2,1,2015-08-11,Tuesday,19:28,Lambeth,E09000022,3,24,6,30.0,3,4,6,0,0.0,0.0,1,1,1,0,0,1,1,E01003030,3,1,08/11/2015,08/11/2015,1,9,0,9,0.0,8,0,0,0,0,3.0,1.0,6,Female,31,26 - 35,999,1,-1,-1,1,-1.0,1,1,1,2,31,6,3,0,0,0,0,0,9,1,7,,,,,,,,,,,,,,,,,2015,8,1,19
11146,201501LX51233,530440.0,173690.0,-0.124346,51.447184,1,Slight,1,1,2015-05-11,Monday,22:00,Lambeth,E09000022,3,23,6,30.0,3,4,6,0,0.0,0.0,4,1,1,0,0,1,1,E01003023,3,1,05/11/2015,05/11/2015,1,9,0,18,0.0,8,0,0,0,0,4.0,1.0,6,Female,22,21 - 25,1197,1,4,-1,1,-1.0,1,1,3,1,-1,-1,3,5,1,0,0,2,0,1,2,,,,,,,,,,,,,,,,,2015,5,1,22
11157,201501LX51244,531540.0,175470.0,-0.107864,51.462926,1,Slight,2,1,2015-10-11,Sunday,21:12,Lambeth,E09000022,3,2217,6,30.0,3,2,5,0,0.0,5.0,4,1,1,0,0,1,1,E01003051,3,1,10/11/2015,10/11/2015,1,3,0,18,0.0,8,0,0,0,0,1.0,1.0,6,Male,29,26 - 35,-1,-1,-1,-1,1,-1.0,1,1,1,1,29,6,3,0,0,0,0,0,3,1,3,,,,,,,,,,,,,,,,,2015,10,1,21
11171,201501LX51259,529830.0,176270.0,-0.132172,51.470509,1,Slight,2,1,2015-11-14,Saturday,20:50,Lambeth,E09000022,5,0,6,30.0,0,-1,-1,0,0.0,0.0,4,2,2,0,0,1,1,E01003092,3,1,14/11/2015,14/11/2015,1,9,0,3,0.0,0,0,0,0,0,1.0,1.0,6,Male,28,26 - 35,2993,2,1,-1,1,-1.0,2,1,1,1,23,5,3,0,0,0,0,0,9,1,2,,,,,,,,,,,,,,,,,2015,11,1,20
11177,201501LX51265,531800.0,174370.0,-0.104533,51.45298,1,Slight,2,1,2015-11-14,Saturday,19:05,Lambeth,E09000022,3,2214,6,30.0,3,4,6,0,0.0,0.0,4,1,1,0,0,1,1,E01003074,3,1,14/11/2015,14/11/2015,1,3,0,13,0.0,8,0,0,0,0,1.0,1.0,6,Male,20,16 - 20,125,1,3,-1,1,-1.0,1,1,1,1,20,4,3,0,0,0,0,0,3,1,6,,,,,,,,,,,,,,,,,2015,11,1,19
11202,201501LX51295,531230.0,177310.0,-0.111642,51.479533,1,Slight,2,1,2015-11-25,Wednesday,23:58,Lambeth,E09000022,3,23,6,30.0,3,4,6,0,0.0,4.0,4,1,1,0,0,1,1,E01003181,3,1,25/11/2015,25/11/2015,1,3,0,6,0.0,8,0,0,0,0,1.0,1.0,6,Male,24,21 - 25,124,1,3,-1,1,-1.0,1,1,1,1,24,5,3,0,0,0,0,0,3,1,2,,,,,,,,,,,,,,,,,2015,11,1,23
11204,201501LX51297,530400.0,173270.0,-0.125076,51.443418,1,Slight,2,1,2015-11-23,Monday,18:50,Lambeth,E09000022,3,23,3,30.0,3,4,6,0,0.0,0.0,4,1,1,0,0,1,1,E01003137,3,1,23/11/2015,23/11/2015,1,3,0,18,0.0,2,0,0,0,0,3.0,1.0,6,Male,31,26 - 35,124,1,5,-1,1,-1.0,1,1,1,1,31,6,3,0,0,0,0,0,3,1,4,,,,,,,,,,,,,,,,,2015,11,1,18
11210,201501LX51306,531800.0,177180.0,-0.103487,51.478232,1,Slight,2,1,2015-11-29,Sunday,18:44,Lambeth,E09000022,3,202,6,30.0,6,2,5,0,0.0,5.0,4,1,1,0,0,1,1,E01003180,3,1,29/11/2015,29/11/2015,1,9,0,3,0.0,1,0,0,0,0,2.0,1.0,6,Male,27,26 - 35,2993,2,-1,-1,1,-1.0,1,1,1,1,27,6,3,0,0,0,0,0,9,1,3,,,,,,,,,,,,,,,,,2015,11,1,18
11211,201501LX51307,530550.0,174030.0,-0.122638,51.450214,1,Slight,2,1,2015-11-28,Saturday,21:30,Lambeth,E09000022,3,23,6,30.0,3,4,6,0,0.0,0.0,4,1,1,0,0,1,1,E01003024,3,1,28/11/2015,28/11/2015,1,3,0,18,0.0,1,0,0,0,0,2.0,1.0,6,Male,22,21 - 25,108,1,3,-1,1,-1.0,1,1,1,1,22,5,3,0,0,0,0,0,3,1,4,,,,,,,,,,,,,,,,,2015,11,1,21
11213,201501LX51309,529700.0,175440.0,-0.134347,51.46308,1,Slight,1,1,2015-11-29,Sunday,04:00,Lambeth,E09000022,3,3,6,30.0,3,4,6,0,0.0,4.0,4,8,2,0,0,1,1,E01003035,3,1,29/11/2015,29/11/2015,1,9,0,3,0.0,1,0,0,0,0,3.0,1.0,6,Male,30,26 - 35,1242,1,-1,-1,1,-1.0,1,1,3,1,20,4,3,4,3,0,0,2,0,-1,-1,,,,,,,,,,,,,,,,,2015,11,1,4
11214,201501LX51310,529330.0,173060.0,-0.14054,51.441776,1,Slight,2,1,2015-11-28,Saturday,20:10,Lambeth,E09000022,5,0,6,30.0,3,4,6,0,0.0,0.0,4,1,1,0,0,1,1,E01003158,3,1,28/11/2015,28/11/2015,1,3,0,18,0.0,8,0,0,0,0,0.0,1.0,6,Male,22,21 - 25,108,1,-1,-1,1,-1.0,1,1,1,1,22,5,3,0,0,0,0,0,3,1,5,,,,,,,,,,,,,,,,,2015,11,1,20
11247,201501LX51350,530920.0,175780.0,-0.116669,51.465855,1,Slight,2,3,2015-08-15,Saturday,19:40,Lambeth,E09000022,3,203,6,30.0,3,2,3,203,0.0,5.0,1,1,1,0,0,1,1,E01003061,3,1,15/08/2015,15/08/2015,1,9,0,8,0.0,1,0,0,0,0,2.0,1.0,6,Female,24,21 - 25,1242,1,10,-1,1,-1.0,1,1,1,2,24,5,3,0,0,0,0,0,9,1,3,,,,,,,,,,,,,,,,,2015,8,3,19
11254,201501LX51359,531200.0,179610.0,-0.111219,51.500209,1,Slight,2,1,2015-06-12,Friday,18:54,Lambeth,E09000022,4,300,6,30.0,6,4,6,0,0.0,0.0,4,1,1,0,0,1,1,E01032582,3,1,06/12/2015,06/12/2015,1,3,0,18,0.0,1,0,0,0,0,1.0,1.0,1,Male,22,21 - 25,125,1,4,-1,1,-1.0,1,1,1,1,22,5,3,0,0,0,0,0,3,1,3,,,,,,,,,,,,,,,,,2015,6,1,18
11259,201501LX51364,531650.0,172950.0,-0.107219,51.440254,1,Slight,1,1,2015-11-12,Thursday,00:58,Lambeth,E09000022,3,205,6,30.0,0,-1,-1,0,0.0,0.0,4,1,1,0,0,1,1,E01003133,3,1,11/12/2015,11/12/2015,1,9,0,18,0.0,0,0,0,1,10,1.0,1.0,6,Female,29,26 - 35,998,1,15,-1,1,-1.0,1,1,1,2,29,6,3,0,0,0,0,0,9,1,6,,,,,,,,,,,,,,,,,2015,11,1,0
11260,201501LX51365,532310.0,171230.0,-0.09837,51.424643,1,Slight,1,1,2015-12-12,Saturday,00:35,Lambeth,E09000022,4,232,6,30.0,0,-1,-1,0,0.0,0.0,4,1,1,0,0,1,1,E01003086,3,1,12/12/2015,12/12/2015,1,9,0,18,0.0,0,0,0,0,0,4.0,1.0,6,Male,27,26 - 35,-1,-1,-1,-1,1,-1.0,1,1,3,1,41,7,3,5,1,0,0,2,0,-1,-1,,,,,,,,,,,,,,,,,2015,12,1,0
11263,201501LX51368,529410.0,176290.0,-0.138208,51.470785,1,Slight,2,1,2015-12-13,Sunday,00:22,Lambeth,E09000022,3,3036,6,30.0,3,4,6,0,0.0,0.0,4,1,1,0,0,1,1,E01003091,3,1,13/12/2015,13/12/2015,1,3,0,18,0.0,8,0,0,0,0,1.0,1.0,6,Male,20,16 - 20,-1,-1,-1,-1,1,-1.0,1,1,1,1,20,4,3,0,0,0,0,0,3,1,6,,,,,,,,,,,,,,,,,2015,12,1,0
11273,201501LX51381,530390.0,170330.0,-0.126301,51.417,1,Slight,2,1,2015-11-24,Tuesday,22:28,Lambeth,E09000022,3,23,6,30.0,3,4,6,0,0.0,0.0,4,1,1,0,0,1,1,E01003147,3,1,24/11/2015,24/11/2015,1,9,0,9,0.0,8,0,0,0,0,3.0,1.0,6,Male,24,21 - 25,1995,2,1,-1,1,-1.0,1,1,1,1,24,5,3,0,0,0,0,0,9,1,3,,,,,,,,,,,,,,,,,2015,11,1,22
11296,201501LX51408,529850.0,171500.0,-0.133633,51.427638,1,Slight,2,1,2015-12-10,Thursday,22:30,Lambeth,E09000022,3,216,6,30.0,6,2,5,0,0.0,5.0,4,1,1,0,0,1,1,E01003119,3,1,12/10/2015,12/10/2015,1,9,0,18,0.0,8,0,0,0,0,3.0,1.0,6,Female,26,26 - 35,-1,-1,-1,-1,1,-1.0,2,1,1,1,37,7,3,0,0,0,0,0,5,1,5,,,,,,,,,,,,,,,,,2015,12,1,22
11300,201501LX51413,529620.0,175140.0,-0.135608,51.460403,1,Slight,2,2,2015-12-24,Thursday,20:50,Lambeth,E09000022,3,2217,6,30.0,3,4,6,0,0.0,0.0,4,1,1,0,0,1,1,E01003032,3,1,24/12/2015,24/12/2015,1,9,0,5,0.0,2,0,0,0,0,3.0,1.0,6,Male,35,26 - 35,1248,2,-1,-1,1,-1.0,1,1,1,1,35,6,3,0,0,0,0,0,9,1,1,,,,,,,,,,,,,,,,,2015,12,2,20
11301,201501LX51415,530500.0,173920.0,-0.123398,51.449237,1,Slight,3,3,2015-12-25,Friday,20:48,Lambeth,E09000022,3,23,6,30.0,3,2,5,0,0.0,5.0,4,1,1,0,0,1,1,E01003024,3,1,25/12/2015,25/12/2015,1,9,0,11,0.0,8,0,0,0,0,2.0,1.0,6,Female,28,26 - 35,1799,1,8,-1,1,-1.0,1,1,1,2,28,6,3,0,0,0,0,0,9,1,4,,,,,,,,,,,,,,,,,2015,12,3,20
11303,201501LX51418,528630.0,175210.0,-0.149825,51.461257,1,Slight,3,2,2015-12-23,Wednesday,18:00,Lambeth,E09000022,3,3,6,30.0,3,4,3,3,0.0,0.0,1,1,1,0,0,1,1,E01004554,3,1,23/12/2015,23/12/2015,1,9,0,4,0.0,8,0,0,0,0,2.0,1.0,6,Male,31,26 - 35,1797,8,5,-1,1,-1.0,1,2,2,2,24,5,3,0,0,1,0,0,9,-1,-1,,,,,,,,,,,,,,,,,2015,12,2,18
11325,201501LX51455,531050.0,175490.0,-0.114906,51.463219,1,Slight,2,1,2015-12-31,Thursday,22:30,Lambeth,E09000022,3,23,6,30.0,3,2,4,223,0.0,5.0,4,1,2,0,0,1,1,E01003055,3,1,31/12/2015,31/12/2015,1,2,0,14,0.0,1,0,8,0,0,1.0,1.0,1,Male,26,26 - 35,108,1,7,-1,1,-1.0,1,1,1,1,26,6,3,0,0,0,0,0,2,1,8,,,,,,,,,,,,,,,,,2015,12,1,22
11326,201501LX51457,530050.0,171730.0,-0.130674,51.429659,1,Slight,2,1,2015-12-17,Thursday,00:40,Lambeth,E09000022,3,23,6,30.0,0,-1,-1,0,0.0,0.0,4,1,1,0,0,1,1,E01003120,3,1,17/12/2015,17/12/2015,1,3,0,14,0.0,0,0,0,0,0,1.0,1.0,1,Male,29,26 - 35,108,1,4,-1,1,-1.0,1,1,1,1,29,6,3,0,0,0,0,0,3,1,5,,,,,,,,,,,,,,,,,2015,12,1,0
11339,201501LX59004,529460.0,175310.0,-0.137848,51.461967,1,Slight,2,2,2015-12-27,Sunday,04:00,Lambeth,E09000022,3,3,6,30.0,7,2,3,2217,0.0,5.0,4,1,1,0,0,1,1,E01003039,3,1,27/12/2015,27/12/2015,1,9,0,7,0.0,8,0,0,0,0,3.0,1.0,6,Male,22,21 - 25,1596,1,4,-1,1,-1.0,1,1,1,1,22,5,3,0,0,0,0,0,9,1,6,,,,,,,,,,,,,,,,,2015,12,2,4
11342,201501LX59028,530800.0,179620.0,-0.116975,51.500392,1,Slight,2,1,2015-12-18,Friday,01:50,Lambeth,E09000022,3,3036,1,30.0,1,2,3,23,0.0,5.0,4,1,1,0,0,1,2,E01003013,3,1,18/12/2015,18/12/2015,1,9,0,7,0.0,8,0,0,0,0,3.0,1.0,6,Male,25,21 - 25,-1,-1,-1,-1,1,-1.0,1,1,1,1,25,5,3,0,0,0,0,0,9,1,5,,,,,,,,,,,,,,,,,2015,12,1,1
11348,201501LX59100,529730.0,171170.0,-0.135479,51.4247,1,Slight,2,1,2015-09-12,Saturday,18:25,Lambeth,E09000022,6,0,6,30.0,3,4,6,0,0.0,0.0,4,1,1,0,0,1,1,E01003113,3,1,09/12/2015,09/12/2015,1,9,0,3,0.0,2,0,0,0,0,3.0,1.0,6,Female,35,26 - 35,2384,1,1,-1,1,-1.0,2,1,2,1,-1,-1,3,0,0,1,0,0,9,1,2,,,,,,,,,,,,,,,,,2015,9,1,18
11350,201501MM70002,534750.0,175680.0,-0.061604,51.464058,1,Slight,2,1,2015-12-01,Tuesday,20:59,Southwark,E09000028,3,2214,6,30.0,3,4,6,0,0.0,0.0,4,2,2,0,0,1,1,E01004064,3,1,12/01/2015,12/01/2015,1,9,0,9,0.0,8,0,0,0,0,3.0,1.0,6,Male,31,26 - 35,2393,1,10,-1,1,-1.0,2,1,1,1,41,7,3,0,0,0,0,0,4,1,3,,,,,,,,,,,,,,,,,2015,12,1,20
11352,201501MM70008,532110.0,179040.0,-0.09833,51.494875,1,Slight,2,1,2015-01-15,Thursday,03:18,Southwark,E09000028,3,201,6,30.0,3,4,6,0,0.0,0.0,4,5,2,0,0,1,1,E01032720,3,1,15/01/2015,15/01/2015,1,9,0,18,0.0,8,0,0,0,0,3.0,1.0,6,Male,27,26 - 35,999,1,5,-1,1,-1.0,1,1,1,1,27,6,3,0,0,0,0,0,9,1,2,,,,,,,,,,,,,,,,,2015,1,1,3
11356,201501MM70018,532130.0,178720.0,-0.098162,51.491995,1,Slight,1,1,2015-11-01,Sunday,04:20,Southwark,E09000028,3,215,6,30.0,3,2,6,0,0.0,5.0,4,1,1,0,0,1,1,E01032639,3,1,11/01/2015,11/01/2015,1,9,0,18,0.0,1,0,0,0,0,1.0,1.0,6,Male,25,21 - 25,2143,2,1,-1,-1,-1.0,1,1,3,1,24,5,3,4,1,0,0,2,0,-1,-1,,,,,,,,,,,,,,,,,2015,11,1,4
11362,201501MM70026,533570.0,174990.0,-0.078841,51.458137,1,Serious,2,1,2015-01-18,Sunday,20:55,Southwark,E09000028,6,0,6,30.0,3,4,6,0,0.0,0.0,4,1,4,0,0,1,1,E01004071,2,2,18/01/2015,18/01/2015,1,9,0,9,0.0,8,0,0,0,0,3.0,1.0,6,Female,24,21 - 25,1461,2,10,-1,1,-1.0,2,1,1,1,28,6,2,0,0,0,0,0,3,1,2,,,,,,,,,,,,,,,,,2015,1,2,20
11367,201501MM70031,531780.0,177200.0,-0.103767,51.478417,1,Slight,2,1,2015-10-01,Thursday,18:30,Lambeth,E09000022,3,202,6,30.0,6,4,3,202,0.0,4.0,4,1,1,0,0,1,2,E01003926,3,1,10/01/2015,10/01/2015,1,9,0,4,0.0,1,0,0,0,0,1.0,1.0,6,Male,22,21 - 25,1796,1,12,-1,1,-1.0,1,1,1,1,22,5,3,0,0,0,0,0,9,1,3,,,,,,,,,,,,,,,,,2015,10,1,18
11396,201501MM70074,532320.0,174800.0,-0.096893,51.456723,1,Slight,2,1,2015-01-27,Tuesday,19:35,Lambeth,E09000022,3,215,6,30.0,3,4,6,0,0.0,0.0,4,4,1,0,0,1,1,E01003072,3,1,27/01/2015,27/01/2015,1,9,0,9,0.0,8,0,0,0,0,3.0,1.0,6,Male,30,26 - 35,1598,1,8,-1,1,-1.0,1,1,1,1,30,6,3,0,0,0,0,0,9,1,6,,,,,,,,,,,,,,,,,2015,1,1,19
11397,201501MM70077,531990.0,178860.0,-0.100125,51.493285,1,Serious,1,1,2015-01-30,Friday,19:15,Southwark,E09000028,3,3,1,30.0,1,2,3,215,0.0,5.0,4,1,1,0,0,1,1,E01032719,2,2,30/01/2015,30/01/2015,1,5,0,17,0.0,8,0,0,0,0,1.0,1.0,2,Male,35,26 - 35,1100,1,18,-1,1,-1.0,1,1,3,1,21,5,2,4,3,0,0,2,0,1,10,,,,,,,,,,,,,,,,,2015,1,2,19
11401,201501MM70087,532700.0,178160.0,-0.090167,51.486829,1,Slight,2,1,2015-05-02,Saturday,20:05,Southwark,E09000028,6,0,6,30.0,3,4,6,0,0.0,0.0,4,1,1,0,0,1,1,E01003973,3,1,05/02/2015,05/02/2015,1,3,0,9,0.0,8,0,0,0,0,1.0,1.0,6,Male,25,21 - 25,-1,-1,-1,-1,-1,-1.0,2,1,1,1,19,4,3,0,0,0,0,0,3,-1,-1,,,,,,,,,,,,,,,,,2015,5,1,20
11435,201501MM70126,533380.0,178070.0,-0.080413,51.48586,1,Slight,2,1,2015-01-16,Friday,18:15,Southwark,E09000028,4,214,6,30.0,3,4,6,0,0.0,1.0,4,2,2,0,0,1,1,E01003971,3,1,16/01/2015,16/01/2015,1,9,0,4,0.0,1,0,0,0,0,1.0,1.0,6,Male,29,26 - 35,-1,-1,-1,-1,-1,-1.0,2,1,1,1,38,7,3,0,0,0,0,0,9,1,6,,,,,,,,,,,,,,,,,2015,1,1,18
11437,201501MM70128,531650.0,180000.0,-0.104595,51.503609,1,Serious,2,1,2015-02-13,Friday,21:50,Southwark,E09000028,3,201,6,30.0,6,2,4,300,0.0,5.0,4,2,2,0,0,1,1,E01032583,2,2,13/02/2015,13/02/2015,1,4,0,18,0.0,8,0,0,0,0,1.0,1.0,6,Male,25,21 - 25,124,1,11,-1,1,-1.0,1,1,1,1,25,5,2,0,0,0,0,0,4,1,2,,,,,,,,,,,,,,,,,2015,2,2,21
11438,201501MM70129,532290.0,178980.0,-0.095761,51.494294,1,Slight,2,1,2015-02-13,Friday,19:30,Southwark,E09000028,3,201,6,30.0,3,4,3,201,0.0,0.0,4,1,1,0,0,1,1,E01032720,3,1,13/02/2015,13/02/2015,1,9,0,18,0.0,8,0,0,0,0,1.0,1.0,6,Male,30,26 - 35,-1,-1,-1,-1,1,-1.0,2,1,1,1,23,5,3,0,0,0,0,0,9,1,4,,,,,,,,,,,,,,,,,2015,2,1,19
11454,201501MM70156,532240.0,178500.0,-0.096661,51.489992,1,Slight,1,2,2015-01-15,Thursday,18:15,Southwark,E09000028,3,215,6,30.0,3,4,6,0,0.0,4.0,4,4,2,0,0,1,1,E01032722,3,1,15/01/2015,15/01/2015,1,3,0,18,0.0,1,0,0,0,0,1.0,1.0,6,Male,22,21 - 25,108,1,1,-1,1,-1.0,1,1,1,1,22,5,3,0,0,0,0,0,3,1,5,,,,,,,,,,,,,,,,,2015,1,2,18
11456,201501MM70163,533650.0,178320.0,-0.076432,51.488043,1,Slight,2,1,2015-02-21,Saturday,19:50,Southwark,E09000028,3,2,3,30.0,6,2,4,214,0.0,5.0,4,1,1,0,0,1,1,E01003966,3,1,21/02/2015,21/02/2015,1,3,0,13,0.0,8,0,0,0,0,4.0,1.0,6,Male,35,26 - 35,124,1,2,-1,1,-1.0,1,1,1,1,35,6,3,0,0,0,0,0,3,1,3,,,,,,,,,,,,,,,,,2015,2,1,19
11457,201501MM70164,532020.0,179050.0,-0.099622,51.494986,1,Slight,1,1,2015-01-02,Friday,03:45,Southwark,E09000028,3,201,6,30.0,3,4,3,3,0.0,7.0,4,2,2,0,0,1,1,E01032720,3,1,01/02/2015,01/02/2015,1,9,0,18,0.0,1,0,0,0,0,1.0,1.0,6,Male,20,16 - 20,2143,2,3,-1,1,-1.0,1,1,3,1,20,4,3,5,1,0,0,2,0,-1,-1,,,,,,,,,,,,,,,,,2015,1,1,3
11467,201501MM70178,534400.0,175510.0,-0.066704,51.462614,1,Slight,3,2,2015-01-03,Saturday,01:39,Southwark,E09000028,3,2215,6,30.0,0,-1,-1,0,0.0,5.0,4,1,1,0,0,1,1,E01004064,3,1,01/03/2015,01/03/2015,1,9,0,18,0.0,0,0,0,0,0,1.0,1.0,6,Male,35,26 - 35,2967,2,7,-1,1,-1.0,1,1,1,1,35,6,3,0,0,0,0,0,9,1,3,,,,,,,,,,,,,,,,,2015,1,2,1
11508,201501MM70231,533880.0,177200.0,-0.073545,51.477924,1,Serious,1,1,2015-03-15,Sunday,00:35,Southwark,E09000028,6,0,6,30.0,3,4,6,0,0.0,0.0,4,1,1,0,0,1,1,E01004007,2,2,15/03/2015,15/03/2015,1,9,0,18,0.0,8,0,0,0,0,4.0,1.0,6,Male,21,21 - 25,1596,1,10,-1,1,-1.0,1,1,3,1,3,1,2,5,1,0,0,2,0,1,3,,,,,,,,,,,,,,,,,2015,3,2,0
11513,201501MM70238,532980.0,176680.0,-0.086693,51.473463,1,Slight,2,1,2015-03-23,Monday,21:48,Southwark,E09000028,3,202,6,30.0,6,2,3,202,0.0,5.0,4,1,1,0,0,1,1,E01003911,3,1,23/03/2015,23/03/2015,1,9,0,9,0.0,8,0,0,0,0,4.0,1.0,6,Female,33,26 - 35,1685,2,1,-1,1,-1.0,2,1,1,1,-1,-1,3,0,0,0,0,0,1,1,2,,,,,,,,,,,,,,,,,2015,3,1,21
11517,201501MM70244,531650.0,177290.0,-0.105604,51.479256,1,Slight,2,1,2015-03-24,Tuesday,18:40,Lambeth,E09000022,3,202,6,30.0,3,4,6,0,0.0,0.0,7,1,1,0,0,1,2,E01003993,3,1,24/03/2015,24/03/2015,1,3,0,18,0.0,8,0,0,0,0,1.0,1.0,6,Male,23,21 - 25,-1,-1,-1,-1,-1,-1.0,1,1,1,1,23,5,3,0,0,0,0,0,3,-1,-1,,,,,,,,,,,,,,,,,2015,3,1,18
11538,201501MM70279,531900.0,179050.0,-0.10135,51.495014,1,Slight,2,1,2015-03-31,Tuesday,19:45,Southwark,E09000028,3,3,1,30.0,1,4,3,302,0.0,7.0,4,1,2,0,0,1,1,E01003933,3,1,31/03/2015,31/03/2015,1,9,0,7,0.0,8,0,0,0,0,4.0,1.0,6,Female,26,26 - 35,1598,1,7,-1,-1,-1.0,2,1,1,1,29,6,3,0,0,0,0,0,1,1,3,,,,,,,,,,,,,,,,,2015,3,1,19
11542,201501MM70283,532020.0,179050.0,-0.099622,51.494986,1,Slight,2,1,2015-03-18,Wednesday,20:00,Southwark,E09000028,3,201,6,30.0,1,4,3,3,0.0,7.0,4,1,1,0,0,1,1,E01032720,3,1,18/03/2015,18/03/2015,1,9,0,18,0.0,2,0,0,0,0,1.0,1.0,6,Male,25,21 - 25,-1,-1,-1,-1,1,-1.0,1,1,1,1,25,5,3,0,0,0,0,0,9,1,9,,,,,,,,,,,,,,,,,2015,3,1,20
11552,201501MM70295,532430.0,177800.0,-0.094188,51.483657,1,Slight,3,2,2015-11-04,Wednesday,23:13,Southwark,E09000028,3,215,6,30.0,3,4,6,0,0.0,1.0,4,1,1,0,0,1,1,E01003969,3,1,11/04/2015,11/04/2015,1,9,0,3,0.0,1,0,0,0,0,2.0,1.0,6,Male,26,26 - 35,1596,1,9,-1,1,-1.0,1,1,1,1,26,6,3,0,0,0,0,0,9,1,3,,,,,,,,,,,,,,,,,2015,11,2,23
11561,201501MM70307,532420.0,177770.0,-0.094343,51.48339,1,Serious,1,1,2015-04-16,Thursday,22:20,Southwark,E09000028,3,215,6,30.0,6,4,6,0,0.0,4.0,4,1,1,0,0,1,1,E01003969,2,2,16/04/2015,16/04/2015,1,9,0,18,0.0,2,0,0,0,0,1.0,1.0,6,Male,31,26 - 35,1461,2,3,-1,1,-1.0,1,1,3,1,-1,-1,2,1,3,0,0,2,0,-1,-1,,,,,,,,,,,,,,,,,2015,4,2,22
11563,201501MM70310,533150.0,176710.0,-0.084236,51.473693,1,Slight,1,2,2015-04-19,Sunday,19:00,Southwark,E09000028,3,202,6,30.0,3,4,6,0,0.0,0.0,7,1,1,0,0,1,1,E01003911,3,1,19/04/2015,19/04/2015,1,3,0,18,0.0,2,0,0,0,0,1.0,1.0,6,Male,33,26 - 35,125,1,7,-1,1,-1.0,1,1,1,1,33,6,3,0,0,0,0,0,3,1,4,,,,,,,,,,,,,,,,,2015,4,2,19
11578,201501MM70329,533160.0,176030.0,-0.084348,51.46758,1,Slight,2,1,2015-03-18,Wednesday,22:45,Southwark,E09000028,6,0,6,30.0,3,4,6,0,0.0,0.0,4,1,1,0,0,1,1,E01004050,3,1,18/03/2015,18/03/2015,1,9,0,2,0.0,8,0,0,0,0,3.0,1.0,6,Male,28,26 - 35,1998,2,6,-1,1,-1.0,2,1,1,1,23,5,3,0,0,0,0,0,3,1,4,,,,,,,,,,,,,,,,,2015,3,1,22
11583,201501MM70335,533480.0,178440.0,-0.078834,51.489162,1,Slight,2,1,2015-01-04,Sunday,22:15,Southwark,E09000028,3,2,6,30.0,3,4,6,0,0.0,0.0,1,2,2,0,0,1,1,E01003966,3,1,01/04/2015,01/04/2015,1,5,0,18,0.0,8,0,0,0,0,1.0,1.0,6,Male,26,26 - 35,1200,1,21,-1,1,-1.0,1,1,1,1,26,6,3,0,0,0,0,0,5,1,4,,,,,,,,,,,,,,,,,2015,1,1,22
11593,201501MM70349,533610.0,176780.0,-0.07759,51.474213,1,Slight,2,2,2015-04-30,Thursday,18:10,Southwark,E09000028,3,202,6,30.0,3,4,4,217,0.0,1.0,1,1,1,0,0,1,1,E01004066,3,1,30/04/2015,30/04/2015,1,9,0,9,0.0,8,0,0,0,0,3.0,1.0,6,Female,33,26 - 35,1598,1,4,-1,1,-1.0,1,1,1,2,33,6,3,0,0,0,0,0,9,1,2,,,,,,,,,,,,,,,,,2015,4,2,18
11596,201501MM70353,533380.0,178060.0,-0.080417,51.48577,1,Slight,2,1,2015-04-05,Sunday,21:50,Southwark,E09000028,4,214,6,30.0,3,4,6,0,0.0,1.0,4,2,2,0,0,1,1,E01003964,3,1,04/05/2015,04/05/2015,1,9,0,3,0.0,2,0,0,0,0,2.0,1.0,6,Male,24,21 - 25,1229,1,1,-1,1,-1.0,1,1,1,1,24,5,3,0,0,0,0,0,9,1,2,,,,,,,,,,,,,,,,,2015,4,1,21
11598,201501MM70356,533740.0,178450.0,-0.075087,51.48919,1,Slight,2,1,2015-04-18,Saturday,21:45,Southwark,E09000028,4,204,1,30.0,1,4,4,203,0.0,0.0,4,1,1,0,0,1,1,E01004040,3,1,18/04/2015,18/04/2015,1,9,0,18,0.0,8,0,0,0,0,3.0,1.0,6,Female,32,26 - 35,1796,1,8,-1,1,-1.0,1,1,1,2,32,6,3,0,0,0,0,0,9,1,4,,,,,,,,,,,,,,,,,2015,4,1,21