,accident_index,location_easting_osgr,location_northing_osgr,longitude,latitude,police_force,accident_severity,number_of_vehicles,number_of_casualties,date,day_of_week,time,local_authority_district,local_authority_highway,first_road_class,first_road_number,road_type,speed_limit,junction_detail,junction_control,second_road_class,second_road_number,pedestrian_crossing-human_control,pedestrian_crossing-physical_facilities,light_conditions,weather_conditions,road_surface_conditions,special_conditions_at_site,carriageway_hazards,urban_or_rural_area,did_police_officer_attend_scene_of_accident,lsoa_of_accident_location,accident_severity_num,accident_severity_inv,date2,date_original,vehicle_reference_x,vehicle_type,towing_and_articulation,vehicle_manoeuvre,vehicle_location-restricted_lane,junction_location,skidding_and_overturning,hit_object_in_carriageway,vehicle_leaving_carriageway,hit_object_off_carriageway,1st_point_of_impact,was_vehicle_left_hand_drive?,journey_purpose_of_driver,sex_of_driver,age_of_driver,age_band_of_driver,engine_capacity_cc,propulsion_code,age_of_vehicle,driver_imd_decile,driver_home_area_type,vehicle_imd_decile,vehicle_reference_y,casualty_reference,casualty_class,sex_of_casualty,age_of_casualty,age_band_of_casualty,casualty_severity,pedestrian_location,pedestrian_movement,car_passenger,bus_or_coach_passenger,pedestrian_road_maintenance_worker,casualty_type,casualty_home_area_type,casualty_imd_decile,accident_year_x,accident_reference_x,local_authority_ons_district,pedestrian_crossing_human_control,pedestrian_crossing_physical_facilities,trunk_road_flag,accident_year_y,accident_reference_y,vehicle_direction_from,vehicle_direction_to,vehicle_location_restricted_lane,first_point_of_impact,vehicle_left_hand_drive,generic_make_model,accident_year,accident_reference,year,month,severity,hours
11603,201501MM70361,532550.0,176730.0,-0.092862,51.474013,1,Slight,1,1,2015-02-05,Thursday,19:38,Southwark,E09000028,3,202,3,30.0,6,2,3,215,0.0,5.0,1,1,1,0,0,1,1,E01003921,3,1,02/05/2015,02/05/2015,1,9,0,5,0.0,1,0,0,0,0,1.0,1.0,6,Male,27,26 - 35,1388,1,5,-1,1,-1.0,1,1,3,2,7,2,3,1,4,0,0,2,0,1,3,,,,,,,,,,,,,,,,,2015,2,1,19
11604,201501MM70362,534230.0,174590.0,-0.069499,51.454387,1,Slight,2,1,2015-04-30,Thursday,21:00,Southwark,E09000028,4,219,6,30.0,6,4,6,0,0.0,1.0,4,1,1,0,0,1,1,E01003957,3,1,30/04/2015,30/04/2015,1,9,0,18,0.0,8,0,0,0,0,1.0,1.0,6,Male,30,26 - 35,-1,-1,-1,-1,-1,-1.0,1,1,1,1,30,6,3,0,0,0,0,0,9,-1,-1,,,,,,,,,,,,,,,,,2015,4,1,21
11612,201501MM70371,532790.0,179870.0,-0.088228,51.502175,1,Slight,2,1,2015-04-25,Saturday,05:55,Southwark,E09000028,6,0,6,30.0,3,4,6,0,0.0,0.0,7,1,1,0,0,1,2,E01003981,3,1,25/04/2015,25/04/2015,1,9,0,18,0.0,8,0,0,0,0,1.0,1.0,6,Male,26,26 - 35,-1,-1,-1,-1,1,-1.0,1,1,1,1,26,6,3,0,0,0,0,0,9,1,8,,,,,,,,,,,,,,,,,2015,4,1,5
11623,201501MM70383,534830.0,176050.0,-0.060312,51.467364,1,Slight,2,1,2015-04-30,Thursday,22:30,Southwark,E09000028,6,0,6,30.0,3,4,6,0,0.0,0.0,4,1,1,0,0,1,1,E01004068,3,1,30/04/2015,30/04/2015,1,9,0,7,0.0,8,0,0,0,0,3.0,1.0,6,Male,32,26 - 35,2148,2,11,-1,1,-1.0,2,1,1,1,21,5,3,0,0,0,0,0,3,1,1,,,,,,,,,,,,,,,,,2015,4,1,22
11629,201501MM70390,532590.0,176740.0,-0.092283,51.474094,1,Slight,2,1,2015-11-05,Thursday,00:05,Southwark,E09000028,3,202,6,30.0,3,4,6,0,0.0,0.0,4,1,1,0,0,1,2,E01003921,3,1,11/05/2015,11/05/2015,1,9,0,10,0.0,8,0,0,0,0,2.0,1.0,6,Male,22,21 - 25,1124,1,12,-1,1,-1.0,1,1,1,1,22,5,3,0,0,0,0,0,9,1,2,,,,,,,,,,,,,,,,,2015,11,1,0
11642,201501MM70407,533980.0,178390.0,-0.071655,51.488594,1,Slight,2,1,2015-03-13,Friday,18:30,Southwark,E09000028,4,204,6,30.0,3,4,6,0,0.0,0.0,1,1,1,0,0,1,1,E01004041,3,1,13/03/2015,13/03/2015,1,9,0,7,0.0,8,0,0,0,0,3.0,1.0,6,Male,17,16 - 20,1124,1,14,-1,1,-1.0,2,1,1,2,42,7,3,0,0,0,0,0,1,1,2,,,,,,,,,,,,,,,,,2015,3,1,18
11667,201501MM70437,533410.0,177090.0,-0.080351,51.477046,1,Slight,2,1,2015-03-06,Friday,18:00,Southwark,E09000028,4,217,6,30.0,3,4,6,0,0.0,0.0,1,1,1,0,0,1,1,E01004011,3,1,03/06/2015,03/06/2015,1,9,0,7,0.0,8,0,0,0,0,1.0,1.0,6,Male,18,16 - 20,1598,1,9,-1,1,-1.0,2,1,1,1,30,6,3,0,0,0,0,0,1,1,5,,,,,,,,,,,,,,,,,2015,3,1,18
11714,201501MM70503,534350.0,179250.0,-0.066002,51.496235,1,Slight,2,1,2015-06-13,Saturday,18:45,Southwark,E09000028,5,0,6,30.0,3,4,6,0,0.0,0.0,1,1,1,0,0,1,2,E01004022,3,1,13/06/2015,13/06/2015,1,9,0,18,0.0,1,0,0,0,0,3.0,1.0,6,Female,27,26 - 35,-1,-1,-1,-1,-1,-1.0,1,1,1,2,27,6,3,0,0,0,0,0,9,-1,-1,,,,,,,,,,,,,,,,,2015,6,1,18
11727,201501MM70519,531440.0,179310.0,-0.107875,51.497457,1,Slight,2,1,2015-06-21,Sunday,02:28,Southwark,E09000028,3,302,6,30.0,6,2,3,3203,0.0,5.0,4,1,2,0,0,1,1,E01003933,3,1,21/06/2015,21/06/2015,1,8,0,18,0.0,1,0,0,0,0,3.0,1.0,1,Male,31,26 - 35,1686,2,4,-1,1,-1.0,1,1,1,1,31,6,3,0,0,0,0,0,8,1,1,,,,,,,,,,,,,,,,,2015,6,1,2
11752,201501MM70560,532810.0,178550.0,-0.088437,51.490308,1,Slight,2,1,2015-08-07,Friday,18:32,Southwark,E09000028,6,0,6,30.0,0,-1,-1,0,0.0,0.0,1,1,1,0,0,1,2,E01003961,3,1,08/07/2015,08/07/2015,1,9,0,2,0.0,0,0,0,0,0,3.0,1.0,6,Male,31,26 - 35,1910,2,8,-1,1,-1.0,2,1,1,1,52,8,3,0,0,0,0,0,1,1,3,,,,,,,,,,,,,,,,,2015,8,1,18
11754,201501MM70563,533110.0,178830.0,-0.084013,51.492753,1,Slight,2,1,2015-10-07,Wednesday,19:10,Southwark,E09000028,3,2,6,30.0,0,-1,-1,0,0.0,0.0,1,1,1,0,0,1,1,E01003960,3,1,10/07/2015,10/07/2015,1,9,0,18,0.0,0,0,4,0,0,4.0,1.0,6,Male,33,26 - 35,1242,1,10,-1,1,-1.0,1,1,3,2,30,6,3,5,9,0,0,2,0,-1,-1,,,,,,,,,,,,,,,,,2015,10,1,19
11761,201501MM70570,533430.0,179980.0,-0.078972,51.503012,1,Slight,2,1,2015-06-28,Sunday,20:21,Southwark,E09000028,3,200,6,30.0,3,4,6,0,0.0,0.0,1,1,1,0,0,1,1,E01004027,3,1,28/06/2015,28/06/2015,1,9,0,9,0.0,8,0,0,0,0,3.0,1.0,6,Male,20,16 - 20,1198,1,10,-1,-1,-1.0,2,1,2,1,54,8,3,0,0,0,3,0,11,1,2,,,,,,,,,,,,,,,,,2015,6,1,20
11763,201501MM70572,532500.0,178970.0,-0.092742,51.494155,1,Slight,2,1,2015-06-29,Monday,18:43,Southwark,E09000028,3,201,6,30.0,3,4,4,240,0.0,0.0,1,1,1,0,0,1,1,E01032722,3,1,29/06/2015,29/06/2015,1,5,0,18,0.0,2,0,0,0,0,1.0,1.0,6,Male,31,26 - 35,883,1,2,-1,1,-1.0,2,1,1,1,22,5,3,0,0,0,0,0,1,1,3,,,,,,,,,,,,,,,,,2015,6,1,18
11771,201501MM70582,532470.0,176970.0,-0.093923,51.476189,1,Slight,2,1,2015-01-06,Tuesday,18:00,Southwark,E09000028,3,215,6,30.0,3,2,6,0,0.0,5.0,1,1,1,0,0,1,1,E01003921,3,1,01/06/2015,01/06/2015,1,3,0,15,0.0,8,0,0,0,0,1.0,1.0,6,Male,25,21 - 25,125,1,4,-1,1,-1.0,1,1,1,1,25,5,3,0,0,0,0,0,3,1,3,,,,,,,,,,,,,,,,,2015,1,1,18
11775,201501MM70586,533820.0,174980.0,-0.075249,51.457988,1,Slight,2,1,2015-04-29,Wednesday,05:42,Southwark,E09000028,3,2216,6,30.0,3,4,6,0,0.0,0.0,1,1,1,0,0,1,1,E01003952,3,1,29/04/2015,29/04/2015,1,9,0,18,0.0,1,0,0,0,0,1.0,1.0,6,Female,35,26 - 35,1995,1,8,-1,1,-1.0,1,1,1,2,35,6,3,0,0,0,0,0,9,1,6,,,,,,,,,,,,,,,,,2015,4,1,5
11781,201501MM70596,533730.0,175700.0,-0.076271,51.46448,1,Slight,2,1,2015-06-13,Saturday,21:15,Southwark,E09000028,6,0,6,30.0,3,4,6,0,0.0,0.0,1,1,1,0,0,1,2,E01004052,3,1,13/06/2015,13/06/2015,1,9,0,3,0.0,1,0,0,0,0,2.0,1.0,6,Female,27,26 - 35,1598,1,11,-1,-1,-1.0,1,1,1,2,27,6,3,0,0,0,0,0,9,-1,-1,,,,,,,,,,,,,,,,,2015,6,1,21
11788,201501MM70606,531900.0,179050.0,-0.10135,51.495014,1,Slight,2,1,2015-06-20,Saturday,18:02,Southwark,E09000028,3,3,1,30.0,1,4,3,302,0.0,0.0,1,1,1,0,0,1,2,E01003933,3,1,20/06/2015,20/06/2015,1,5,0,17,0.0,8,0,0,0,0,4.0,1.0,6,Male,34,26 - 35,805,1,3,-1,1,-1.0,1,1,1,1,34,6,3,0,0,0,0,0,5,1,1,,,,,,,,,,,,,,,,,2015,6,1,18
11792,201501MM70610,532760.0,174830.0,-0.090553,51.45689,1,Slight,2,1,2015-07-16,Thursday,18:15,Southwark,E09000028,5,0,6,30.0,3,4,6,0,0.0,0.0,1,1,1,0,0,1,1,E01004070,3,1,16/07/2015,16/07/2015,1,9,0,9,0.0,8,0,0,0,0,4.0,1.0,6,Female,32,26 - 35,1596,1,8,-1,1,-1.0,2,1,1,1,45,7,3,0,0,0,0,0,1,-1,-1,,,,,,,,,,,,,,,,,2015,7,1,18
11800,201501MM70619,534320.0,177270.0,-0.067187,51.478449,1,Slight,2,2,2015-11-07,Saturday,19:10,Southwark,E09000028,5,0,6,30.0,3,4,6,0,0.0,0.0,1,1,1,0,0,1,2,E01003983,3,1,11/07/2015,11/07/2015,1,9,0,2,0.0,8,0,0,0,0,3.0,1.0,6,Female,22,21 - 25,1796,1,9,-1,1,-1.0,1,1,1,2,22,5,3,0,0,0,0,0,9,1,1,,,,,,,,,,,,,,,,,2015,11,2,19
11815,201501MM70638,532440.0,177960.0,-0.093984,51.485092,1,Slight,2,1,2015-07-20,Monday,19:45,Southwark,E09000028,3,215,6,30.0,3,4,6,0,0.0,0.0,1,1,1,0,0,1,1,E01003969,3,1,20/07/2015,20/07/2015,1,9,0,18,0.0,8,0,0,0,0,1.0,1.0,6,Female,24,21 - 25,1995,2,8,-1,1,-1.0,2,1,1,1,35,6,3,0,0,0,0,0,1,1,5,,,,,,,,,,,,,,,,,2015,7,1,19
11835,201501MM70662,534510.0,177800.0,-0.064251,51.483167,1,Slight,2,2,2015-07-16,Thursday,19:30,Southwark,E09000028,3,2,6,30.0,3,4,6,0,0.0,0.0,1,1,1,0,0,1,1,E01003989,3,1,16/07/2015,16/07/2015,1,5,0,18,0.0,8,0,0,0,0,4.0,1.0,6,Male,27,26 - 35,599,1,9,-1,1,-1.0,1,1,1,1,27,6,3,0,0,0,0,0,5,1,4,,,,,,,,,,,,,,,,,2015,7,2,19
11846,201501MM70677,533810.0,178880.0,-0.073917,51.493038,1,Slight,1,1,2015-02-08,Sunday,19:23,Southwark,E09000028,4,203,6,30.0,3,4,3,2206,0.0,0.0,1,1,1,0,0,1,1,E01004044,3,1,02/08/2015,02/08/2015,1,3,0,7,0.0,2,0,0,0,0,0.0,1.0,6,Male,22,21 - 25,124,1,13,-1,1,-1.0,1,1,1,1,22,5,3,0,0,0,0,0,3,1,1,,,,,,,,,,,,,,,,,2015,2,1,19
11857,201501MM70689,535910.0,179920.0,-0.043286,51.501883,1,Slight,1,1,2015-09-07,Monday,19:25,Southwark,E09000028,6,0,6,30.0,3,4,6,0,0.0,0.0,1,1,1,0,0,1,1,E01004032,3,1,09/07/2015,09/07/2015,1,9,0,18,0.0,1,0,0,0,0,1.0,1.0,6,Male,30,26 - 35,1461,2,-1,-1,1,-1.0,1,1,3,2,23,5,3,5,1,0,0,2,0,1,5,,,,,,,,,,,,,,,,,2015,9,1,19
11864,201501MM70696,533910.0,173990.0,-0.074328,51.44907,1,Slight,2,1,2015-09-08,Tuesday,01:09,Southwark,E09000028,3,2216,6,30.0,6,2,4,219,0.0,5.0,4,1,1,0,0,1,1,E01004075,3,1,09/08/2015,09/08/2015,1,9,0,9,0.0,8,0,0,0,0,1.0,1.0,6,Male,23,21 - 25,1796,1,14,-1,-1,-1.0,1,1,2,2,24,5,3,0,0,1,0,0,9,-1,-1,,,,,,,,,,,,,,,,,2015,9,1,1
11870,201501MM70705,533110.0,174150.0,-0.085774,51.450697,1,Slight,2,1,2015-08-23,Sunday,03:17,Southwark,E09000028,5,0,6,30.0,6,2,5,0,0.0,5.0,4,1,1,0,0,1,1,E01004069,3,1,23/08/2015,23/08/2015,1,3,0,3,0.0,1,0,0,0,0,2.0,1.0,6,Male,21,21 - 25,108,1,1,-1,1,-1.0,1,1,1,1,21,5,3,0,0,0,0,0,3,1,5,,,,,,,,,,,,,,,,,2015,8,1,3
11873,201501MM70709,532720.0,175100.0,-0.091027,51.459325,1,Slight,2,1,2015-07-17,Friday,18:30,Southwark,E09000028,6,0,6,30.0,6,4,6,0,0.0,0.0,1,1,1,0,0,1,1,E01004070,3,1,17/07/2015,17/07/2015,1,9,0,9,0.0,8,0,0,0,0,4.0,1.0,1,Male,20,16 - 20,1956,2,2,-1,1,-1.0,2,1,1,1,65,9,3,0,0,0,0,0,5,1,4,,,,,,,,,,,,,,,,,2015,7,1,18
11880,201501MM70721,535110.0,179560.0,-0.054942,51.498839,1,Slight,2,1,2015-08-13,Thursday,22:10,Southwark,E09000028,3,101,1,30.0,1,4,3,200,0.0,0.0,4,2,2,0,0,1,1,E01004033,3,1,13/08/2015,13/08/2015,1,9,0,7,0.0,8,0,0,0,0,3.0,1.0,6,Male,28,26 - 35,1596,1,9,-1,1,-1.0,2,1,1,1,52,8,3,0,0,0,0,0,1,1,7,,,,,,,,,,,,,,,,,2015,8,1,22
11881,201501MM70722,534810.0,174440.0,-0.061213,51.452901,1,Slight,2,1,2015-08-24,Monday,23:16,Southwark,E09000028,4,238,6,30.0,3,4,6,0,0.0,0.0,4,2,2,0,0,1,1,E01004018,3,1,24/08/2015,24/08/2015,1,9,0,9,0.0,8,0,0,0,0,3.0,1.0,6,Male,33,26 - 35,-1,-1,-1,-1,1,-1.0,2,1,1,1,25,5,3,0,0,0,0,0,3,1,5,,,,,,,,,,,,,,,,,2015,8,1,23
11891,201501MM70737,532160.0,174360.0,-0.099359,51.452806,1,Slight,1,1,2015-08-16,Sunday,19:27,Southwark,E09000028,3,2214,6,30.0,0,-1,-1,0,0.0,0.0,1,1,1,0,0,1,1,E01004074,3,1,16/08/2015,16/08/2015,1,9,0,18,0.0,0,0,0,0,0,1.0,1.0,6,Male,34,26 - 35,2987,2,6,-1,1,-1.0,1,1,3,2,7,2,3,5,1,0,0,2,0,1,6,,,,,,,,,,,,,,,,,2015,8,1,19
11902,201501MM70754,534860.0,179560.0,-0.058542,51.498899,1,Slight,2,1,2015-08-26,Wednesday,19:50,Southwark,E09000028,3,200,3,30.0,3,4,6,0,0.0,0.0,1,1,2,0,0,1,1,E01004034,3,1,26/08/2015,26/08/2015,1,9,0,7,0.0,8,0,0,0,0,1.0,1.0,6,Male,17,16 - 20,999,1,2,-1,1,-1.0,2,1,1,1,38,7,3,0,0,0,0,0,3,1,2,,,,,,,,,,,,,,,,,2015,8,1,19
11903,201501MM70759,536080.0,178800.0,-0.04127,51.491778,1,Slight,1,1,2015-08-20,Thursday,18:40,Southwark,E09000028,6,0,6,30.0,3,4,6,0,0.0,0.0,1,1,1,0,0,1,1,E01004060,3,1,20/08/2015,20/08/2015,1,2,0,4,0.0,1,0,0,0,0,0.0,1.0,6,Male,26,26 - 35,125,1,4,-1,-1,-1.0,1,1,1,1,26,6,3,0,0,0,0,0,2,-1,-1,,,,,,,,,,,,,,,,,2015,8,1,18
11912,201501MM70771,532540.0,176510.0,-0.093088,51.472039,1,Slight,2,1,2015-09-13,Sunday,23:40,Southwark,E09000028,3,215,6,30.0,6,2,3,2217,0.0,5.0,4,1,1,0,0,1,1,E01003076,3,1,13/09/2015,13/09/2015,1,9,0,18,0.0,8,0,0,0,0,1.0,1.0,6,Female,27,26 - 35,1995,2,4,-1,1,-1.0,1,1,1,2,27,6,3,0,0,0,0,0,9,1,4,,,,,,,,,,,,,,,,,2015,9,1,23
11927,201501MM70787,535180.0,177340.0,-0.054784,51.478873,1,Slight,2,2,2015-08-29,Saturday,22:15,Southwark,E09000028,3,2,6,30.0,3,2,5,0,0.0,5.0,4,2,2,0,0,1,2,E01003984,3,1,29/08/2015,29/08/2015,1,9,0,10,0.0,1,0,0,0,0,2.0,1.0,6,Female,28,26 - 35,1229,1,3,-1,1,-1.0,1,1,1,2,28,6,3,0,0,0,0,0,9,1,2,,,,,,,,,,,,,,,,,2015,8,2,22
11934,201501MM70794,533420.0,176720.0,-0.080346,51.473719,1,Slight,2,2,2015-09-19,Saturday,20:21,Southwark,E09000028,3,202,6,30.0,3,4,6,0,0.0,0.0,4,1,1,0,0,1,1,E01003914,3,1,19/09/2015,19/09/2015,1,2,0,18,0.0,8,0,0,0,0,2.0,1.0,6,Male,26,26 - 35,108,1,-1,-1,1,-1.0,1,1,1,1,26,6,3,0,0,0,0,0,2,1,2,,,,,,,,,,,,,,,,,2015,9,2,20
11939,201501MM70799,532720.0,175950.0,-0.090708,51.466964,1,Slight,1,1,2015-09-19,Saturday,00:44,Southwark,E09000028,3,215,6,30.0,0,-1,-1,0,0.0,5.0,4,1,1,0,0,1,1,E01003076,3,1,19/09/2015,19/09/2015,1,9,0,18,0.0,0,0,0,0,0,4.0,1.0,6,Female,31,26 - 35,1596,1,8,-1,1,-1.0,1,1,3,2,19,4,3,4,1,0,0,2,0,1,10,,,,,,,,,,,,,,,,,2015,9,1,0
11945,201501MM70810,533180.0,178840.0,-0.083001,51.492827,1,Slight,2,2,2015-09-22,Tuesday,20:45,Southwark,E09000028,3,2,6,30.0,3,4,5,0,0.0,0.0,4,1,1,0,0,1,1,E01003980,3,1,22/09/2015,22/09/2015,1,3,0,9,0.0,8,0,0,0,0,4.0,1.0,6,Male,25,21 - 25,125,1,4,-1,1,-1.0,1,1,1,1,25,5,3,0,0,0,0,0,3,1,1,,,,,,,,,,,,,,,,,2015,9,2,20
11958,201501MM70824,531650.0,180010.0,-0.104591,51.503699,1,Slight,2,1,2015-09-08,Tuesday,22:39,Southwark,E09000028,3,201,6,30.0,6,2,4,300,0.0,5.0,4,1,1,0,0,1,1,E01032583,3,1,09/08/2015,09/08/2015,1,3,0,13,0.0,8,0,0,0,0,4.0,1.0,6,Male,18,16 - 20,125,1,1,-1,1,-1.0,2,1,1,1,39,7,3,0,0,0,0,0,1,-1,-1,,,,,,,,,,,,,,,,,2015,9,1,22
11962,201501MM70829,535750.0,178860.0,-0.045997,51.492396,1,Slight,2,1,2015-08-27,Thursday,18:44,Southwark,E09000028,3,200,2,30.0,3,4,3,200,0.0,0.0,1,2,2,0,0,1,1,E01004036,3,1,27/08/2015,27/08/2015,1,9,0,4,0.0,2,0,0,0,0,1.0,1.0,6,Female,28,26 - 35,1242,1,6,-1,1,-1.0,2,1,1,1,53,8,3,0,0,0,0,0,9,1,8,,,,,,,,,,,,,,,,,2015,8,1,18
11966,201501MM70833,531520.0,180390.0,-0.106321,51.507144,1,Serious,2,1,2015-08-09,Sunday,19:00,Southwark,E09000028,3,3200,6,30.0,3,4,6,0,0.0,0.0,1,1,1,0,0,1,1,E01003934,2,2,08/09/2015,08/09/2015,1,9,0,7,0.0,5,0,0,0,0,4.0,1.0,2,Female,26,26 - 35,2687,1,7,-1,1,-1.0,2,1,1,1,36,7,2,0,0,0,0,0,1,1,10,,,,,,,,,,,,,,,,,2015,8,2,19
11968,201501MM70835,533490.0,178450.0,-0.078686,51.489249,1,Slight,1,1,2015-03-09,Monday,03:15,Southwark,E09000028,3,2,6,30.0,3,4,6,0,0.0,0.0,4,1,1,0,0,1,1,E01003966,3,1,03/09/2015,03/09/2015,1,9,0,18,0.0,3,0,0,0,0,4.0,1.0,6,Male,21,21 - 25,1797,8,6,-1,-1,-1.0,1,1,3,2,29,6,3,5,1,0,0,2,0,-1,-1,,,,,,,,,,,,,,,,,2015,3,1,3
11969,201501MM70836,534300.0,175460.0,-0.068162,51.462188,1,Slight,1,1,2015-02-09,Monday,22:07,Southwark,E09000028,3,2214,6,20.0,3,4,6,0,0.0,1.0,4,1,1,0,0,1,1,E01004021,3,1,02/09/2015,02/09/2015,1,9,0,4,0.0,1,0,0,0,0,3.0,1.0,6,Male,24,21 - 25,1994,1,11,-1,1,-1.0,1,1,3,2,31,6,3,1,3,0,0,2,0,1,6,,,,,,,,,,,,,,,,,2015,2,1,22
11972,201501MM70839,534870.0,178500.0,-0.058802,51.489371,1,Serious,1,1,2015-04-23,Thursday,18:13,Southwark,E09000028,6,0,6,30.0,3,4,6,0,0.0,0.0,1,1,1,0,0,1,1,E01004037,2,2,23/04/2015,23/04/2015,1,3,0,18,0.0,1,0,0,0,0,1.0,1.0,1,Male,16,16 - 20,124,1,9,-1,1,-1.0,1,1,3,2,40,7,2,5,2,0,0,2,0,1,3,,,,,,,,,,,,,,,,,2015,4,2,18
11996,201501MM70863,533960.0,178190.0,-0.072019,51.486802,1,Slight,2,1,2015-05-10,Sunday,18:20,Southwark,E09000028,6,0,6,30.0,3,4,6,0,0.0,0.0,1,2,2,0,0,1,1,E01004040,3,1,05/10/2015,05/10/2015,1,9,0,18,0.0,8,0,0,0,0,3.0,1.0,2,Female,29,26 - 35,1968,2,5,-1,1,-1.0,2,1,1,1,29,6,3,0,0,0,0,0,1,1,2,,,,,,,,,,,,,,,,,2015,5,1,18
12001,201501MM70870,531650.0,178250.0,-0.105247,51.487883,1,Slight,2,1,2015-11-09,Monday,21:55,Southwark,E09000028,5,0,6,30.0,6,4,6,0,0.0,0.0,4,2,2,0,0,1,1,E01003998,3,1,11/09/2015,11/09/2015,1,3,0,18,0.0,8,0,0,0,0,3.0,1.0,6,Male,29,26 - 35,-1,-1,-1,-1,1,-1.0,1,1,1,1,29,6,3,0,0,0,0,0,3,1,2,,,,,,,,,,,,,,,,,2015,11,1,21
12004,201501MM70874,532520.0,179590.0,-0.092221,51.499722,1,Slight,1,1,2015-12-08,Tuesday,22:10,Southwark,E09000028,3,2,6,30.0,3,4,3,2,0.0,0.0,4,1,1,0,0,1,1,E01003936,3,1,12/08/2015,12/08/2015,1,3,0,18,0.0,1,0,0,0,0,0.0,1.0,6,Male,17,16 - 20,125,1,-1,-1,1,-1.0,1,1,1,1,17,4,3,0,0,0,0,0,3,1,7,,,,,,,,,,,,,,,,,2015,12,1,22
12007,201501MM70878,533460.0,179570.0,-0.078695,51.499321,1,Slight,2,1,2015-02-10,Tuesday,04:15,Southwark,E09000028,6,0,6,30.0,0,-1,-1,0,0.0,0.0,4,1,1,0,0,1,1,E01003976,3,1,02/10/2015,02/10/2015,1,3,0,18,0.0,0,0,0,0,0,1.0,1.0,6,Male,21,21 - 25,124,1,2,-1,-1,-1.0,1,1,1,1,21,5,3,0,0,0,0,0,3,-1,-1,,,,,,,,,,,,,,,,,2015,2,1,4
12010,201501MM70883,533900.0,176740.0,-0.073432,51.473786,1,Slight,1,1,2015-08-27,Thursday,19:16,Southwark,E09000028,3,202,6,30.0,3,4,6,0,0.0,0.0,1,1,1,0,0,1,1,E01004066,3,1,27/08/2015,27/08/2015,1,9,0,5,0.0,2,0,0,0,0,4.0,1.0,6,Male,23,21 - 25,2993,2,-1,-1,1,-1.0,1,1,3,1,20,4,3,5,1,0,0,2,0,1,5,,,,,,,,,,,,,,,,,2015,8,1,19
12021,201501MM70896,535480.0,179950.0,-0.049466,51.502256,1,Slight,1,1,2015-11-07,Saturday,20:50,Southwark,E09000028,4,205,6,30.0,3,4,5,0,0.0,0.0,1,1,1,0,0,1,1,E01004029,3,1,11/07/2015,11/07/2015,1,3,0,18,0.0,1,1,0,0,0,1.0,1.0,6,Male,19,16 - 20,125,1,5,-1,1,-1.0,1,1,1,1,19,4,3,0,0,0,0,0,3,1,3,,,,,,,,,,,,,,,,,2015,11,1,20
12023,201501MM70898,534070.0,176690.0,-0.071005,51.473296,1,Slight,2,1,2015-10-17,Saturday,22:37,Southwark,E09000028,3,202,6,30.0,3,4,6,0,0.0,5.0,4,1,1,0,0,1,1,E01004067,3,1,17/10/2015,17/10/2015,1,9,0,9,0.0,8,0,0,0,0,1.0,1.0,6,Male,26,26 - 35,1997,2,4,-1,1,-1.0,2,1,1,1,20,4,3,0,0,0,0,0,3,1,4,,,,,,,,,,,,,,,,,2015,10,1,22
12046,201501MM70928,532810.0,177750.0,-0.088737,51.483119,1,Slight,2,1,2015-09-18,Friday,19:45,Southwark,E09000028,4,214,6,30.0,0,-1,-1,0,0.0,0.0,4,1,1,0,0,1,1,E01003969,3,1,18/09/2015,18/09/2015,1,9,0,6,0.0,0,0,0,0,0,3.0,1.0,6,Male,24,21 - 25,1796,1,9,-1,1,-1.0,2,1,1,1,22,5,3,0,0,0,0,0,3,1,5,,,,,,,,,,,,,,,,,2015,9,1,19
12051,201501MM70933,532410.0,177790.0,-0.09448,51.483572,1,Slight,2,1,2015-10-31,Saturday,02:42,Southwark,E09000028,3,215,6,30.0,6,4,6,0,0.0,0.0,4,1,1,0,0,1,2,E01003923,3,1,31/10/2015,31/10/2015,1,8,0,10,0.0,8,0,0,0,0,3.0,1.0,6,Male,31,26 - 35,1798,8,-1,-1,1,-1.0,1,1,1,1,31,6,3,0,0,0,0,0,8,1,9,,,,,,,,,,,,,,,,,2015,10,1,2
12059,201501MM70941,533310.0,178590.0,-0.081224,51.49055,1,Slight,2,1,2015-08-11,Tuesday,20:24,Southwark,E09000028,3,2,3,30.0,3,4,5,0,0.0,4.0,4,1,2,0,0,1,1,E01003966,3,1,08/11/2015,08/11/2015,1,3,0,18,0.0,1,0,0,0,0,3.0,1.0,6,Male,23,21 - 25,-1,-1,-1,-1,1,-1.0,1,1,1,1,23,5,3,0,0,0,0,0,3,1,3,,,,,,,,,,,,,,,,,2015,8,1,20
12063,201501MM70946,534820.0,175710.0,-0.060586,51.464311,1,Slight,2,1,2015-10-25,Sunday,22:40,Southwark,E09000028,3,2214,6,30.0,6,2,3,2214,0.0,5.0,4,1,1,0,0,1,1,E01004064,3,1,25/10/2015,25/10/2015,1,9,0,9,0.0,8,0,0,0,0,4.0,1.0,1,Male,34,26 - 35,1800,8,4,-1,1,-1.0,2,1,1,1,21,5,3,0,0,0,0,0,2,1,2,,,,,,,,,,,,,,,,,2015,10,1,22
12066,201501MM70953,533820.0,177920.0,-0.074136,51.484408,1,Slight,2,2,2015-11-14,Saturday,04:15,Southwark,E09000028,4,215,6,30.0,3,4,6,0,0.0,4.0,4,1,1,0,0,1,1,E01003964,3,1,14/11/2015,14/11/2015,1,9,0,4,0.0,1,0,0,0,0,1.0,1.0,6,Male,35,26 - 35,1968,2,4,-1,1,-1.0,1,2,2,1,31,6,3,0,0,1,0,0,9,1,4,,,,,,,,,,,,,,,,,2015,11,2,4
12067,201501MM70954,532790.0,179230.0,-0.088469,51.496423,1,Slight,2,1,2015-11-18,Wednesday,19:25,Southwark,E09000028,3,2,6,30.0,3,4,6,0,0.0,4.0,4,4,1,0,0,1,1,E01003942,3,1,18/11/2015,18/11/2015,1,9,0,7,0.0,8,0,0,0,0,4.0,1.0,6,Male,25,21 - 25,1388,1,10,-1,1,-1.0,2,1,1,1,26,6,3,0,0,0,0,0,1,1,4,,,,,,,,,,,,,,,,,2015,11,1,19
12071,201501MM70959,533170.0,179190.0,-0.083013,51.495974,1,Slight,1,1,2015-11-19,Thursday,19:54,Southwark,E09000028,3,100,6,30.0,3,4,6,0,0.0,4.0,1,1,2,0,0,1,1,E01003941,3,1,19/11/2015,19/11/2015,1,3,0,18,0.0,1,0,0,0,0,1.0,1.0,6,Male,18,16 - 20,-1,-1,-1,-1,-1,-1.0,1,1,1,1,18,4,3,0,0,0,0,0,3,-1,-1,,,,,,,,,,,,,,,,,2015,11,1,19