,accident_index,location_easting_osgr,location_northing_osgr,longitude,latitude,police_force,accident_severity,number_of_vehicles,number_of_casualties,date,day_of_week,time,local_authority_district,local_authority_highway,first_road_class,first_road_number,road_type,speed_limit,junction_detail,junction_control,second_road_class,second_road_number,pedestrian_crossing-human_control,pedestrian_crossing-physical_facilities,light_conditions,weather_conditions,road_surface_conditions,special_conditions_at_site,carriageway_hazards,urban_or_rural_area,did_police_officer_attend_scene_of_accident,lsoa_of_accident_location,accident_severity_num,accident_severity_inv,date2,date_original,vehicle_reference_x,vehicle_type,towing_and_articulation,vehicle_manoeuvre,vehicle_location-restricted_lane,junction_location,skidding_and_overturning,hit_object_in_carriageway,vehicle_leaving_carriageway,hit_object_off_carriageway,1st_point_of_impact,was_vehicle_left_hand_drive?,journey_purpose_of_driver,sex_of_driver,age_of_driver,age_band_of_driver,engine_capacity_cc,propulsion_code,age_of_vehicle,driver_imd_decile,driver_home_area_type,vehicle_imd_decile,vehicle_reference_y,casualty_reference,casualty_class,sex_of_casualty,age_of_casualty,age_band_of_casualty,casualty_severity,pedestrian_location,pedestrian_movement,car_passenger,bus_or_coach_passenger,pedestrian_road_maintenance_worker,casualty_type,casualty_home_area_type,casualty_imd_decile,accident_year_x,accident_reference_x,local_authority_ons_district,pedestrian_crossing_human_control,pedestrian_crossing_physical_facilities,trunk_road_flag,accident_year_y,accident_reference_y,vehicle_direction_from,vehicle_direction_to,vehicle_location_restricted_lane,first_point_of_impact,vehicle_left_hand_drive,generic_make_model,accident_year,accident_reference,year,month,severity,hours
12931,201501PL60854,540090.0,173850.0,0.014493,51.446319,1,Slight,4,2,2015-10-15,Thursday,21:17,Lewisham,E09000023,3,205,6,30.0,6,2,3,2212,0.0,5.0,4,1,1,0,0,1,1,E01003280,3,1,15/10/2015,15/10/2015,1,9,0,10,0.0,1,0,0,0,0,2.0,1.0,6,Male,30,26 - 35,1596,1,15,-1,1,-1.0,1,1,1,1,30,6,3,0,0,0,0,0,9,1,2,,,,,,,,,,,,,,,,,2015,10,2,21
12933,201501PL60856,538170.0,171360.0,-0.014088,51.424414,1,Slight,2,2,2015-04-10,Friday,20:50,Lewisham,E09000023,3,2015,6,30.0,6,4,6,0,0.0,0.0,4,1,1,0,0,1,1,E01003241,3,1,04/10/2015,04/10/2015,1,9,0,9,0.0,1,0,0,0,0,1.0,1.0,6,Male,18,16 - 20,999,1,6,-1,1,-1.0,1,1,1,1,18,4,3,0,0,0,0,0,9,1,2,,,,,,,,,,,,,,,,,2015,4,2,20
12936,201501PL60860,537820.0,173950.0,-0.018112,51.447774,1,Slight,2,1,2015-10-10,Saturday,20:20,Lewisham,E09000023,3,21,3,30.0,3,4,6,0,0.0,4.0,4,1,1,0,0,1,1,E01003324,3,1,10/10/2015,10/10/2015,1,3,0,18,0.0,1,0,0,0,0,1.0,1.0,1,Male,21,21 - 25,125,1,10,-1,1,-1.0,1,1,1,1,21,5,3,0,0,0,0,0,3,1,3,,,,,,,,,,,,,,,,,2015,10,1,20
12941,201501PL60866,536690.0,175450.0,-0.033784,51.461527,1,Slight,2,1,2015-07-10,Friday,23:42,Lewisham,E09000023,5,0,6,20.0,0,-1,-1,0,0.0,0.0,4,1,1,0,0,1,1,E01003214,3,1,07/10/2015,07/10/2015,1,9,0,12,0.0,0,0,0,0,0,3.0,1.0,6,Male,19,16 - 20,1596,1,9,-1,1,-1.0,2,1,1,1,18,4,3,0,0,0,0,0,3,1,4,,,,,,,,,,,,,,,,,2015,7,1,23
12946,201501PL60873,537710.0,175930.0,-0.018924,51.465593,1,Slight,2,1,2015-10-29,Thursday,22:30,Lewisham,E09000023,3,20,6,30.0,3,4,3,20,0.0,4.0,4,2,2,0,0,1,1,E01003278,3,1,29/10/2015,29/10/2015,1,3,0,4,0.0,1,1,0,0,0,1.0,1.0,2,Male,30,26 - 35,124,1,9,-1,1,-1.0,1,1,1,1,30,6,3,0,0,0,0,0,3,1,1,,,,,,,,,,,,,,,,,2015,10,1,22
12949,201501PL60876,538040.0,174920.0,-0.01457,51.456437,1,Slight,2,2,2015-10-30,Friday,05:35,Lewisham,E09000023,3,21,3,30.0,3,2,4,236,0.0,5.0,4,2,2,0,0,1,1,E01033327,3,1,30/10/2015,30/10/2015,1,9,0,9,0.0,1,0,0,0,0,3.0,1.0,1,Male,35,26 - 35,2497,1,5,-1,1,-1.0,1,1,1,1,35,6,3,0,0,0,0,0,9,1,2,,,,,,,,,,,,,,,,,2015,10,2,5
12951,201501PL60878,538980.0,172900.0,-0.001842,51.438055,1,Slight,2,2,2015-10-29,Thursday,19:07,Lewisham,E09000023,5,0,6,30.0,0,-1,-1,0,0.0,0.0,4,2,2,0,0,1,1,E01003218,3,1,29/10/2015,29/10/2015,1,9,0,18,0.0,0,0,0,0,0,1.0,1.0,6,Male,19,16 - 20,996,1,4,-1,1,-1.0,1,1,1,1,19,4,3,0,0,0,0,0,9,1,3,,,,,,,,,,,,,,,,,2015,10,2,19
12962,201501PL60890,536620.0,175380.0,-0.034818,51.460915,1,Slight,2,1,2015-10-29,Thursday,02:30,Lewisham,E09000023,4,218,6,30.0,8,4,6,0,0.0,0.0,4,1,2,0,0,1,1,E01003272,3,1,29/10/2015,29/10/2015,1,9,0,9,0.0,8,0,0,0,0,3.0,1.0,6,Male,19,16 - 20,2993,2,4,-1,1,-1.0,2,1,1,1,23,5,3,0,0,0,0,0,3,1,3,,,,,,,,,,,,,,,,,2015,10,1,2
12964,201501PL60893,535730.0,171450.0,-0.049126,51.425812,1,Serious,2,1,2015-10-26,Monday,23:06,Lewisham,E09000023,3,212,6,30.0,3,2,6,0,0.0,5.0,4,1,1,0,0,1,1,E01003327,2,2,26/10/2015,26/10/2015,1,3,0,18,0.0,8,0,0,0,0,4.0,1.0,1,Male,25,21 - 25,109,1,-1,-1,1,-1.0,1,1,1,1,25,5,2,0,0,0,0,0,3,1,5,,,,,,,,,,,,,,,,,2015,10,2,23
12967,201501PL60896,535650.0,177040.0,-0.048135,51.476065,1,Slight,2,1,2015-10-28,Wednesday,22:48,Lewisham,E09000023,3,2,6,30.0,3,4,6,0,0.0,0.0,7,9,1,0,0,1,1,E01003338,3,1,28/10/2015,28/10/2015,1,3,0,14,0.0,8,0,0,0,0,1.0,1.0,6,Male,30,26 - 35,125,1,-1,-1,1,-1.0,1,1,1,1,30,6,3,0,0,0,0,0,3,1,3,,,,,,,,,,,,,,,,,2015,10,1,22
12970,201501PL60899,537140.0,177070.0,-0.026682,51.475976,1,Slight,2,1,2015-10-28,Wednesday,18:40,Lewisham,E09000023,6,0,6,30.0,8,4,6,0,0.0,0.0,4,1,1,0,0,1,2,E01003304,3,1,28/10/2015,28/10/2015,1,9,0,3,0.0,8,0,0,0,0,3.0,1.0,2,Male,26,26 - 35,1395,1,1,-1,1,-1.0,1,1,1,1,26,6,3,0,0,0,0,0,9,1,9,,,,,,,,,,,,,,,,,2015,10,1,18
12977,201501PL60907,536760.0,177940.0,-0.031814,51.483885,1,Slight,2,1,2015-10-10,Saturday,00:10,Lewisham,E09000023,3,200,6,30.0,3,4,4,206,0.0,0.0,4,1,1,0,0,1,1,E01003251,3,1,10/10/2015,10/10/2015,1,3,0,18,0.0,2,0,0,0,0,3.0,1.0,6,Male,26,26 - 35,125,1,12,-1,1,-1.0,1,1,1,1,26,6,3,0,0,0,0,0,3,1,2,,,,,,,,,,,,,,,,,2015,10,1,0
12978,201501PL60911,536530.0,176010.0,-0.035869,51.466598,1,Slight,1,1,2015-02-11,Wednesday,18:25,Lewisham,E09000023,6,0,6,30.0,3,4,6,0,0.0,0.0,4,1,1,0,0,1,2,E01003212,3,1,02/11/2015,02/11/2015,1,3,0,18,0.0,1,0,0,0,0,1.0,1.0,6,Female,35,26 - 35,125,1,2,-1,1,-1.0,1,1,3,2,-1,-1,3,5,2,0,0,2,0,1,4,,,,,,,,,,,,,,,,,2015,2,1,18
12982,201501PL60915,536030.0,178580.0,-0.042074,51.489813,1,Slight,3,2,2015-10-30,Friday,20:00,Lewisham,E09000023,3,200,6,30.0,8,4,6,0,0.0,4.0,4,1,1,0,0,1,2,E01003247,3,1,30/10/2015,30/10/2015,1,9,0,3,0.0,8,0,0,0,0,2.0,1.0,6,Female,23,21 - 25,1275,1,18,-1,1,-1.0,1,1,1,2,23,5,3,0,0,0,0,0,9,1,1,,,,,,,,,,,,,,,,,2015,10,2,20
13002,201501PL60936,535470.0,172980.0,-0.052279,51.439624,1,Slight,2,1,2015-05-11,Monday,19:57,Lewisham,E09000023,4,227,6,30.0,3,4,3,205,0.0,0.0,4,1,1,0,0,1,2,E01003310,3,1,05/11/2015,05/11/2015,1,5,0,10,0.0,1,0,0,0,0,3.0,1.0,6,Male,31,26 - 35,-1,-1,-1,-1,1,-1.0,1,1,1,1,31,6,3,0,0,0,0,0,5,1,8,,,,,,,,,,,,,,,,,2015,5,1,19
13017,201501PL60954,538680.0,171560.0,-0.00668,51.426087,1,Slight,2,1,2015-11-14,Saturday,21:00,Lewisham,E09000023,3,21,6,30.0,0,-1,-1,0,0.0,0.0,4,1,2,0,0,1,1,E01003240,3,1,14/11/2015,14/11/2015,1,9,0,18,0.0,0,0,0,0,0,3.0,1.0,6,Female,30,26 - 35,1999,1,7,-1,1,-1.0,1,1,1,2,30,6,3,0,0,0,0,0,9,1,2,,,,,,,,,,,,,,,,,2015,11,1,21
13048,201501PL60990,536540.0,171770.0,-0.03736,51.428493,1,Slight,2,1,2015-03-12,Thursday,18:15,Lewisham,E09000023,3,212,2,30.0,3,2,3,2218,0.0,5.0,4,2,2,0,0,1,2,E01003190,3,1,03/12/2015,03/12/2015,1,9,0,11,0.0,1,0,0,0,0,4.0,1.0,6,Male,25,21 - 25,1390,1,-1,-1,1,-1.0,1,1,1,1,25,5,3,0,0,0,0,0,9,1,2,,,,,,,,,,,,,,,,,2015,3,1,18
13056,201501PL61003,536130.0,176890.0,-0.041285,51.474602,1,Slight,2,1,2015-04-12,Sunday,20:00,Lewisham,E09000023,3,2,6,30.0,3,4,6,0,0.0,4.0,4,1,1,0,0,1,1,E01003340,3,1,04/12/2015,04/12/2015,1,9,0,8,0.0,1,0,0,0,0,3.0,1.0,6,Female,26,26 - 35,1598,1,9,-1,1,-1.0,1,1,1,2,26,6,3,0,0,0,0,0,9,1,8,,,,,,,,,,,,,,,,,2015,4,1,20
13067,201501PL61016,535230.0,172520.0,-0.055906,51.435547,1,Slight,3,1,2015-12-12,Saturday,18:20,Lewisham,E09000023,3,2216,6,30.0,3,4,6,0,0.0,0.0,4,1,1,0,0,1,1,E01003256,3,1,12/12/2015,12/12/2015,1,3,0,3,0.0,1,0,0,0,0,2.0,1.0,6,Male,35,26 - 35,-1,-1,-1,-1,1,-1.0,1,1,1,1,35,6,3,0,0,0,0,0,3,1,2,,,,,,,,,,,,,,,,,2015,12,1,18
13077,201501PL61032,537990.0,173160.0,-0.015975,51.440633,1,Slight,2,1,2015-12-14,Monday,22:35,Lewisham,E09000023,6,0,6,30.0,6,4,6,0,0.0,0.0,4,8,2,0,0,1,1,E01003221,3,1,14/12/2015,14/12/2015,1,9,0,18,0.0,8,0,0,0,0,1.0,1.0,6,Female,27,26 - 35,1388,1,6,-1,1,-1.0,1,1,1,2,27,6,3,0,0,0,0,0,9,1,10,,,,,,,,,,,,,,,,,2015,12,1,22
13079,201501PL61034,535280.0,177260.0,-0.053375,51.47813,1,Slight,2,1,2015-12-28,Monday,18:00,Southwark,E09000028,3,2,6,30.0,0,-1,-1,0,0.0,0.0,4,1,1,0,0,1,1,E01004003,3,1,28/12/2015,28/12/2015,1,9,0,18,0.0,0,0,0,0,0,4.0,1.0,6,Male,35,26 - 35,1997,2,6,-1,1,-1.0,1,1,1,1,35,6,3,0,0,0,0,0,9,1,2,,,,,,,,,,,,,,,,,2015,12,1,18
13091,201501PL61047,535500.0,173450.0,-0.051668,51.44384,1,Slight,2,1,2015-12-25,Friday,18:18,Lewisham,E09000023,6,0,6,30.0,3,4,6,0,0.0,0.0,4,2,2,0,0,1,2,E01003262,3,1,25/12/2015,25/12/2015,1,9,0,3,0.0,8,0,0,0,0,2.0,1.0,6,Female,35,26 - 35,1587,1,12,-1,1,-1.0,1,1,1,2,35,6,3,0,0,0,0,0,9,1,3,,,,,,,,,,,,,,,,,2015,12,1,18
13102,201501PL61067,536820.0,176640.0,-0.031453,51.472189,1,Slight,2,1,2015-12-27,Sunday,00:36,Lewisham,E09000023,3,20,6,30.0,6,2,4,218,0.0,5.0,4,1,1,0,0,1,1,E01003210,3,1,27/12/2015,27/12/2015,1,9,0,18,0.0,8,0,0,0,0,3.0,1.0,6,Male,33,26 - 35,-1,-1,-1,-1,1,-1.0,2,1,1,1,35,6,3,0,0,0,0,0,5,1,6,,,,,,,,,,,,,,,,,2015,12,1,0
13108,201501PL61083,539050.0,171450.0,-0.001404,51.425008,1,Slight,2,1,2015-12-30,Wednesday,18:30,Lewisham,E09000023,5,0,6,30.0,0,-1,-1,0,0.0,0.0,4,2,2,0,0,1,1,E01003243,3,1,30/12/2015,30/12/2015,1,9,0,18,0.0,0,0,0,0,0,3.0,1.0,6,Female,33,26 - 35,1398,2,9,-1,-1,-1.0,2,1,1,1,69,10,3,0,0,0,0,0,5,1,6,,,,,,,,,,,,,,,,,2015,12,1,18
13111,201501PL69012,538820.0,171470.0,-0.004702,51.425244,1,Slight,2,1,2015-12-19,Saturday,00:05,Lewisham,E09000023,3,21,6,30.0,0,-1,-1,0,0.0,1.0,4,1,1,0,0,1,2,E01003243,3,1,19/12/2015,19/12/2015,1,9,0,3,0.0,0,0,0,0,0,2.0,1.0,6,Female,35,26 - 35,-1,-1,-1,-1,-1,-1.0,1,1,1,2,35,6,3,0,0,0,0,0,9,-1,-1,,,,,,,,,,,,,,,,,2015,12,1,0
13127,201501PL69118,537340.0,177600.0,-0.023598,51.48069,1,Slight,2,1,2015-12-29,Tuesday,18:40,Lewisham,E09000023,3,200,6,30.0,3,2,3,2209,0.0,5.0,4,1,1,0,0,1,1,E01003253,3,1,29/12/2015,29/12/2015,1,9,0,4,0.0,2,0,0,0,0,2.0,1.0,6,Male,22,21 - 25,1496,2,-1,-1,1,-1.0,1,1,1,1,22,5,3,0,0,0,0,0,9,1,3,,,,,,,,,,,,,,,,,2015,12,1,18
13139,201501PY20021,535950.0,169740.0,-0.046619,51.410393,1,Slight,2,1,2015-06-01,Monday,18:10,Bromley,E09000006,3,234,6,30.0,0,-1,-1,0,0.0,4.0,4,1,1,0,0,1,1,E01000702,3,1,06/01/2015,06/01/2015,1,9,0,3,0.0,0,0,0,0,0,2.0,1.0,6,Male,21,21 - 25,1560,2,1,-1,1,-1.0,1,1,2,2,24,5,3,0,0,1,0,0,9,1,9,,,,,,,,,,,,,,,,,2015,6,1,18
13142,201501PY20025,546070.0,164370.0,0.096584,51.359626,1,Slight,3,1,2015-01-17,Saturday,23:26,Bromley,E09000006,6,0,6,30.0,0,-1,-1,0,0.0,0.0,4,1,1,0,0,1,1,E01000686,3,1,17/01/2015,17/01/2015,1,9,0,18,0.0,0,0,4,0,0,1.0,1.0,6,Male,35,26 - 35,1242,1,9,-1,1,-1.0,1,1,1,1,35,6,3,0,0,0,0,0,9,1,3,,,,,,,,,,,,,,,,,2015,1,1,23
13151,201501PY20040,535520.0,168760.0,-0.053172,51.401689,1,Slight,2,1,2015-01-23,Friday,00:54,Bromley,E09000006,3,214,6,30.0,3,4,6,0,0.0,0.0,4,8,4,0,0,1,1,E01000704,3,1,23/01/2015,23/01/2015,1,9,0,18,0.0,1,0,0,0,0,1.0,1.0,6,Female,24,21 - 25,-1,-1,-1,-1,1,-1.0,1,1,1,2,24,5,3,0,0,0,0,0,9,1,6,,,,,,,,,,,,,,,,,2015,1,1,0
13156,201501PY20045,539670.0,170530.0,0.007145,51.416589,1,Serious,2,3,2015-01-25,Sunday,04:00,Bromley,E09000006,6,0,6,30.0,3,4,6,0,0.0,0.0,4,8,4,0,0,1,1,E01032563,2,2,25/01/2015,25/01/2015,1,9,0,18,0.0,1,0,0,0,0,1.0,1.0,6,Male,20,16 - 20,1796,2,2,-1,1,-1.0,1,1,1,1,20,4,3,0,0,0,0,0,9,1,8,,,,,,,,,,,,,,,,,2015,1,6,4
13159,201501PY20053,545560.0,163940.0,0.089089,51.355893,1,Slight,2,1,2015-01-17,Saturday,18:30,Bromley,E09000006,3,223,6,30.0,2,4,3,223,0.0,0.0,4,8,2,0,0,1,1,E01000686,3,1,17/01/2015,17/01/2015,1,9,0,18,0.0,8,0,0,0,0,1.0,1.0,6,Male,18,16 - 20,1360,1,12,-1,1,-1.0,2,1,1,2,47,8,3,0,0,0,0,0,9,1,8,,,,,,,,,,,,,,,,,2015,1,1,18
13160,201501PY20055,545530.0,167920.0,0.090287,51.391664,1,Serious,1,1,2015-01-26,Monday,00:05,Bromley,E09000006,3,208,6,30.0,0,-1,-1,0,0.0,0.0,4,1,2,0,0,1,1,E01000815,2,2,26/01/2015,26/01/2015,1,9,0,18,0.0,0,0,0,0,0,1.0,1.0,6,Male,25,21 - 25,1468,1,12,-1,1,-1.0,1,1,1,1,25,5,2,0,0,0,0,0,9,1,2,,,,,,,,,,,,,,,,,2015,1,2,0
13170,201501PY20067,539980.0,171040.0,0.011802,51.421095,1,Slight,1,1,2015-01-26,Monday,19:10,Bromley,E09000006,6,0,6,30.0,0,-1,-1,0,0.0,0.0,4,1,1,0,0,1,1,E01032562,3,1,26/01/2015,26/01/2015,1,9,0,18,0.0,0,0,0,0,0,1.0,1.0,6,Male,27,26 - 35,1995,1,4,-1,1,-1.0,1,1,3,1,11,3,3,5,4,0,0,2,0,1,6,,,,,,,,,,,,,,,,,2015,1,1,19
13195,201501PY20099,546860.0,167530.0,0.109227,51.387817,1,Slight,2,1,2015-02-13,Friday,22:20,Bromley,E09000006,3,224,6,30.0,6,2,3,224,0.0,5.0,4,1,1,0,0,1,1,E01000725,3,1,13/02/2015,13/02/2015,1,9,0,8,0.0,8,0,0,0,0,2.0,1.0,6,Female,25,21 - 25,1596,1,6,-1,1,-1.0,1,1,1,2,25,5,3,0,0,0,0,0,9,1,5,,,,,,,,,,,,,,,,,2015,2,1,22
13203,201501PY20108,544520.0,169800.0,0.076545,51.408815,1,Serious,4,3,2015-02-13,Friday,22:39,Bromley,E09000006,4,264,6,30.0,0,-1,-1,0,0.0,0.0,4,1,1,0,0,1,1,E01000696,2,2,13/02/2015,13/02/2015,1,9,0,18,0.0,0,0,0,0,0,1.0,1.0,6,Female,26,26 - 35,1198,1,9,-1,1,-1.0,1,1,1,2,26,6,2,0,0,0,0,0,9,1,6,,,,,,,,,,,,,,,,,2015,2,6,22
13206,201501PY20112,547090.0,168960.0,0.113123,51.400607,1,Slight,2,1,2015-02-18,Wednesday,19:40,Bromley,E09000006,3,224,6,30.0,0,-1,-1,0,0.0,0.0,4,1,1,0,0,1,1,E01000738,3,1,18/02/2015,18/02/2015,1,3,0,15,0.0,0,0,0,0,0,4.0,1.0,6,Male,30,26 - 35,125,1,1,-1,1,-1.0,1,1,1,1,30,6,3,0,0,0,0,0,3,1,2,,,,,,,,,,,,,,,,,2015,2,1,19
13208,201501PY20114,536520.0,169540.0,-0.038506,51.408459,1,Slight,2,2,2015-01-16,Friday,18:45,Bromley,E09000006,3,234,6,30.0,3,4,6,0,0.0,0.0,4,1,1,0,0,1,1,E01000703,3,1,16/01/2015,16/01/2015,1,9,0,18,0.0,1,0,0,0,0,1.0,1.0,6,Female,33,26 - 35,1999,1,7,-1,1,-1.0,1,1,1,2,33,6,3,0,0,0,0,0,9,1,2,,,,,,,,,,,,,,,,,2015,1,2,18
13209,201501PY20115,537450.0,169940.0,-0.024988,51.411829,1,Serious,2,1,2015-10-02,Friday,19:09,Bromley,E09000006,3,2015,6,30.0,6,4,6,0,0.0,0.0,4,1,1,0,0,1,1,E01000712,2,2,10/02/2015,10/02/2015,1,3,0,18,0.0,8,0,0,0,0,3.0,1.0,6,Male,21,21 - 25,124,1,5,-1,1,-1.0,1,1,1,1,21,5,2,0,0,0,0,0,3,1,3,,,,,,,,,,,,,,,,,2015,10,2,19
13227,201501PY20137,545530.0,167920.0,0.090287,51.391664,1,Slight,4,1,2015-12-02,Wednesday,22:32,Bromley,E09000006,3,208,6,30.0,0,-1,-1,0,0.0,0.0,4,1,1,0,0,1,1,E01000815,3,1,12/02/2015,12/02/2015,1,9,0,18,0.0,0,0,10,1,10,1.0,1.0,6,Male,30,26 - 35,1596,1,12,-1,-1,-1.0,1,1,1,1,30,6,3,0,0,0,0,0,9,-1,-1,,,,,,,,,,,,,,,,,2015,12,1,22
13245,201501PY20160,535370.0,170270.0,-0.054751,51.415294,1,Slight,2,2,2015-03-03,Tuesday,18:35,Bromley,E09000006,6,0,6,30.0,3,4,6,0,0.0,0.0,4,1,1,0,0,1,1,E01000806,3,1,03/03/2015,03/03/2015,1,3,0,18,0.0,8,0,0,0,0,1.0,1.0,6,Male,21,21 - 25,108,1,1,-1,1,-1.0,1,1,1,1,21,5,3,0,0,0,0,0,3,1,10,,,,,,,,,,,,,,,,,2015,3,2,18
13260,201501PY20179,542320.0,170290.0,0.045132,51.413774,1,Slight,2,1,2015-02-22,Sunday,18:15,Bromley,E09000006,5,0,1,30.0,1,4,5,0,0.0,0.0,1,1,1,0,0,1,1,E01000645,3,1,22/02/2015,22/02/2015,1,3,0,18,0.0,8,0,0,0,0,1.0,1.0,6,Female,34,26 - 35,-1,-1,-1,-1,1,-1.0,1,1,1,2,34,6,3,0,0,0,0,0,3,1,7,,,,,,,,,,,,,,,,,2015,2,1,18
13268,201501PY20190,544790.0,167880.0,0.079642,51.391493,1,Slight,2,1,2015-03-20,Friday,20:27,Bromley,E09000006,6,0,6,30.0,6,4,6,0,0.0,0.0,4,1,1,0,0,1,1,E01000807,3,1,20/03/2015,20/03/2015,1,9,0,7,0.0,8,0,0,0,0,1.0,1.0,6,Male,34,26 - 35,1598,1,10,-1,1,-1.0,2,1,1,1,19,4,3,0,0,0,0,0,3,1,9,,,,,,,,,,,,,,,,,2015,3,1,20
13278,201501PY20202,538340.0,165790.0,-0.013814,51.37432,1,Slight,1,1,2015-03-24,Tuesday,23:35,Bromley,E09000006,5,0,6,30.0,3,4,6,0,0.0,0.0,4,1,2,0,0,1,1,E01000841,3,1,24/03/2015,24/03/2015,1,9,0,18,0.0,1,0,0,0,0,4.0,1.0,6,Male,21,21 - 25,1199,1,12,-1,1,-1.0,1,1,1,1,21,5,3,0,0,0,0,0,9,1,7,,,,,,,,,,,,,,,,,2015,3,1,23
13302,201501PY20238,535380.0,169860.0,-0.054764,51.411607,1,Slight,2,1,2015-03-20,Friday,20:06,Bromley,E09000006,3,213,6,30.0,3,4,6,0,0.0,0.0,1,1,1,0,0,1,1,E01000798,3,1,20/03/2015,20/03/2015,1,3,0,13,0.0,1,0,0,0,0,4.0,1.0,6,Male,26,26 - 35,114,1,1,-1,-1,-1.0,1,1,1,1,26,6,3,0,0,0,0,0,3,-1,-1,,,,,,,,,,,,,,,,,2015,3,1,20
13304,201501PY20241,543860.0,170820.0,0.067476,51.418148,1,Slight,2,1,2015-04-04,Saturday,21:16,Bromley,E09000006,3,208,6,30.0,0,-1,-1,0,0.0,0.0,4,1,1,0,0,1,1,E01000692,3,1,04/04/2015,04/04/2015,1,9,0,4,0.0,0,0,0,0,0,2.0,1.0,6,Male,24,21 - 25,1596,1,5,-1,1,-1.0,1,1,1,1,24,5,3,0,0,0,0,0,9,1,9,,,,,,,,,,,,,,,,,2015,4,1,21
13316,201501PY20253,537110.0,169810.0,-0.029924,51.410743,1,Slight,3,1,2015-04-16,Thursday,20:25,Bromley,E09000006,3,2015,6,30.0,3,4,6,0,0.0,0.0,4,1,1,0,0,1,1,E01000709,3,1,16/04/2015,16/04/2015,1,9,0,18,0.0,8,0,0,0,0,1.0,1.0,6,Female,28,26 - 35,1390,1,1,-1,1,-1.0,1,1,1,2,28,6,3,0,0,0,0,0,9,1,8,,,,,,,,,,,,,,,,,2015,4,1,20
13317,201501PY20254,544590.0,165840.0,0.07594,51.373213,1,Slight,2,3,2015-04-16,Thursday,21:42,Bromley,E09000006,3,232,1,30.0,2,4,5,0,0.0,0.0,4,1,1,0,0,1,1,E01000755,3,1,16/04/2015,16/04/2015,1,9,0,18,0.0,8,0,0,0,0,1.0,1.0,6,Male,18,16 - 20,1242,1,11,-1,1,-1.0,1,1,1,1,18,4,3,0,0,0,0,0,9,1,4,,,,,,,,,,,,,,,,,2015,4,3,21
13331,201501PY20268,546860.0,165280.0,0.108298,51.367599,1,Slight,2,2,2015-03-22,Sunday,19:18,Bromley,E09000006,6,0,6,30.0,0,-1,-1,0,0.0,0.0,4,1,1,0,0,1,1,E01000793,3,1,22/03/2015,22/03/2015,1,9,0,16,0.0,0,5,0,0,0,1.0,1.0,6,Male,25,21 - 25,1339,8,5,-1,1,-1.0,1,1,1,1,25,5,3,0,0,0,0,0,9,1,10,,,,,,,,,,,,,,,,,2015,3,2,19
13336,201501PY20273,537960.0,169420.0,-0.017861,51.407032,1,Slight,2,1,2015-04-17,Friday,21:40,Bromley,E09000006,3,222,6,30.0,3,4,6,0,0.0,0.0,4,1,1,0,0,1,1,E01000715,3,1,17/04/2015,17/04/2015,1,5,0,18,0.0,8,0,0,0,0,1.0,1.0,6,Male,21,21 - 25,649,1,16,-1,1,-1.0,1,1,1,1,21,5,3,0,0,0,0,0,5,1,7,,,,,,,,,,,,,,,,,2015,4,1,21
13349,201501PY20289,544180.0,171540.0,0.072367,51.424536,1,Slight,1,1,2015-03-04,Wednesday,18:00,Bromley,E09000006,6,0,6,30.0,0,-1,-1,0,0.0,0.0,1,1,1,0,0,1,1,E01000690,3,1,03/04/2015,03/04/2015,1,9,0,18,0.0,0,5,10,1,10,4.0,1.0,6,Male,18,16 - 20,-1,-1,-1,-1,1,-1.0,1,1,1,1,18,4,3,0,0,0,0,0,9,1,1,,,,,,,,,,,,,,,,,2015,3,1,18
13353,201501PY20293,546450.0,169530.0,0.104164,51.405894,1,Serious,2,1,2015-04-19,Sunday,20:15,Bromley,E09000006,6,0,6,30.0,0,-1,-1,0,0.0,0.0,1,1,1,0,0,1,1,E01000737,2,2,19/04/2015,19/04/2015,1,9,0,4,0.0,0,0,0,0,0,2.0,1.0,6,Male,21,21 - 25,2982,2,-1,-1,1,-1.0,2,1,1,1,32,6,2,0,0,0,0,0,5,1,2,,,,,,,,,,,,,,,,,2015,4,2,20
13355,201501PY20295,547250.0,168480.0,0.115222,51.396252,1,Serious,2,1,2015-04-21,Tuesday,18:37,Bromley,E09000006,5,0,6,30.0,3,4,6,0,0.0,0.0,1,1,1,0,0,1,1,E01000719,2,2,21/04/2015,21/04/2015,1,9,0,9,0.0,8,0,0,0,0,4.0,1.0,6,Male,20,16 - 20,1753,2,7,-1,1,-1.0,2,1,1,1,31,6,2,0,0,0,0,0,5,1,2,,,,,,,,,,,,,,,,,2015,4,2,18
13373,201501PY20316,543570.0,165460.0,0.061142,51.370057,1,Slight,2,1,2015-05-05,Tuesday,20:00,Bromley,E09000006,3,232,6,30.0,3,4,6,0,0.0,0.0,1,1,1,0,0,1,1,E01000756,3,1,05/05/2015,05/05/2015,1,9,0,18,0.0,8,0,0,0,0,1.0,1.0,6,Male,26,26 - 35,1461,2,7,-1,1,-1.0,2,1,1,2,50,8,3,0,0,0,0,0,9,1,1,,,,,,,,,,,,,,,,,2015,5,1,20
13392,201501PY20340,543750.0,169890.0,0.065518,51.409819,1,Slight,2,1,2015-04-18,Saturday,22:00,Bromley,E09000006,3,222,6,30.0,3,4,4,263,0.0,0.0,4,1,1,0,0,1,2,E01000696,3,1,18/04/2015,18/04/2015,1,3,0,18,0.0,8,0,0,0,0,1.0,1.0,6,Male,22,21 - 25,-1,-1,-1,-1,1,-1.0,1,1,1,1,22,5,3,0,0,0,0,0,3,1,9,,,,,,,,,,,,,,,,,2015,4,1,22
13413,201501PY20362,540770.0,170260.0,0.022846,51.413891,1,Slight,1,1,2015-05-15,Friday,18:33,Bromley,E09000006,5,0,6,30.0,3,4,6,0,0.0,0.0,1,1,1,0,0,1,1,E01000820,3,1,15/05/2015,15/05/2015,1,9,0,9,0.0,8,0,0,0,0,4.0,1.0,6,Female,28,26 - 35,2143,2,1,-1,1,-1.0,1,1,3,1,76,11,3,5,1,0,0,2,0,1,5,,,,,,,,,,,,,,,,,2015,5,1,18
13414,201501PY20363,536620.0,170140.0,-0.036838,51.413827,1,Slight,1,1,2015-05-19,Tuesday,20:05,Bromley,E09000006,6,0,6,30.0,3,4,6,0,0.0,0.0,4,1,1,0,0,1,1,E01000797,3,1,19/05/2015,19/05/2015,1,3,0,18,0.0,8,0,0,0,0,3.0,1.0,6,Male,19,16 - 20,108,1,1,-1,1,-1.0,1,1,1,1,19,4,3,0,0,0,0,0,3,1,3,,,,,,,,,,,,,,,,,2015,5,1,20