,accident_index,location_easting_osgr,location_northing_osgr,longitude,latitude,police_force,accident_severity,number_of_vehicles,number_of_casualties,date,day_of_week,time,local_authority_district,local_authority_highway,first_road_class,first_road_number,road_type,speed_limit,junction_detail,junction_control,second_road_class,second_road_number,pedestrian_crossing-human_control,pedestrian_crossing-physical_facilities,light_conditions,weather_conditions,road_surface_conditions,special_conditions_at_site,carriageway_hazards,urban_or_rural_area,did_police_officer_attend_scene_of_accident,lsoa_of_accident_location,accident_severity_num,accident_severity_inv,date2,date_original,vehicle_reference_x,vehicle_type,towing_and_articulation,vehicle_manoeuvre,vehicle_location-restricted_lane,junction_location,skidding_and_overturning,hit_object_in_carriageway,vehicle_leaving_carriageway,hit_object_off_carriageway,1st_point_of_impact,was_vehicle_left_hand_drive?,journey_purpose_of_driver,sex_of_driver,age_of_driver,age_band_of_driver,engine_capacity_cc,propulsion_code,age_of_vehicle,driver_imd_decile,driver_home_area_type,vehicle_imd_decile,vehicle_reference_y,casualty_reference,casualty_class,sex_of_casualty,age_of_casualty,age_band_of_casualty,casualty_severity,pedestrian_location,pedestrian_movement,car_passenger,bus_or_coach_passenger,pedestrian_road_maintenance_worker,casualty_type,casualty_home_area_type,casualty_imd_decile,accident_year_x,accident_reference_x,local_authority_ons_district,pedestrian_crossing_human_control,pedestrian_crossing_physical_facilities,trunk_road_flag,accident_year_y,accident_reference_y,vehicle_direction_from,vehicle_direction_to,vehicle_location_restricted_lane,first_point_of_impact,vehicle_left_hand_drive,generic_make_model,accident_year,accident_reference,year,month,severity,hours
14426,201501QK50065,517550.0,186220.0,-0.30557,51.562617,1,Slight,2,1,2015-12-01,Tuesday,19:50,Brent,E09000005,3,4088,6,30.0,8,4,6,0,0.0,4.0,4,2,2,0,0,1,1,E01000564,3,1,12/01/2015,12/01/2015,1,9,0,9,0.0,1,0,0,0,0,4.0,1.0,6,Male,21,21 - 25,1229,1,8,-1,1,-1.0,2,1,1,1,47,8,3,0,0,0,0,0,1,1,5,,,,,,,,,,,,,,,,,2015,12,1,19
14433,201501QK50074,522210.0,184790.0,-0.238873,51.548776,1,Slight,2,1,2015-01-24,Saturday,21:25,Brent,E09000005,3,407,6,30.0,3,2,3,4088,0.0,5.0,4,1,1,0,0,1,1,E01000640,3,1,24/01/2015,24/01/2015,1,3,0,3,0.0,1,0,0,0,0,1.0,1.0,6,Male,25,21 - 25,124,1,7,-1,1,-1.0,1,1,1,1,25,5,3,0,0,0,0,0,3,1,3,,,,,,,,,,,,,,,,,2015,1,1,21
14446,201501QK50092,522590.0,186270.0,-0.23288,51.561995,1,Slight,2,1,2015-01-25,Sunday,18:50,Brent,E09000005,5,0,6,30.0,3,4,6,0,0.0,1.0,4,1,1,0,0,1,1,E01000503,3,1,25/01/2015,25/01/2015,1,3,0,13,0.0,1,0,0,0,0,4.0,1.0,6,Male,22,21 - 25,124,1,14,-1,1,-1.0,1,1,1,1,22,5,3,0,0,0,0,0,3,1,4,,,,,,,,,,,,,,,,,2015,1,1,18
14453,201501QK50100,522920.0,184630.0,-0.228695,51.547184,1,Slight,2,4,2015-02-13,Friday,22:55,Brent,E09000005,3,407,6,30.0,0,-1,-1,0,0.0,5.0,4,2,2,0,0,1,1,E01000642,3,1,13/02/2015,13/02/2015,1,9,0,14,0.0,0,0,0,0,0,3.0,1.0,6,Female,23,21 - 25,-1,-1,-1,-1,1,-1.0,1,1,1,2,23,5,3,0,0,0,0,0,9,1,5,,,,,,,,,,,,,,,,,2015,2,4,22
14472,201501QK50124,520290.0,188660.0,-0.265226,51.583969,1,Serious,1,1,2015-01-21,Wednesday,18:30,Brent,E09000005,3,4006,6,30.0,3,4,6,0,0.0,5.0,4,1,1,0,0,1,2,E01000515,2,2,21/01/2015,21/01/2015,1,9,0,18,0.0,1,0,0,0,0,3.0,1.0,6,Male,30,26 - 35,-1,-1,-1,-1,-1,-1.0,1,1,3,1,52,8,2,4,4,0,0,2,0,1,5,,,,,,,,,,,,,,,,,2015,1,2,18
14480,201501QK50136,520310.0,186640.0,-0.265629,51.56581,1,Slight,2,3,2015-02-17,Tuesday,19:15,Brent,E09000005,3,4088,6,30.0,1,4,3,4140,0.0,0.0,1,1,1,0,0,1,1,E01000625,3,1,17/02/2015,17/02/2015,1,9,0,5,0.0,8,0,0,0,0,3.0,1.0,6,Female,24,21 - 25,1598,1,8,-1,1,-1.0,1,1,1,2,24,5,3,0,0,0,0,0,9,1,3,,,,,,,,,,,,,,,,,2015,2,3,19
14495,201501QK50153,522940.0,184630.0,-0.228406,51.54718,1,Slight,2,1,2015-02-24,Tuesday,22:30,Brent,E09000005,3,407,6,30.0,3,4,6,0,0.0,5.0,4,1,1,0,0,1,1,E01000642,3,1,24/02/2015,24/02/2015,1,9,0,2,0.0,2,0,0,0,0,3.0,1.0,6,Male,31,26 - 35,1686,2,9,-1,1,-1.0,2,1,1,1,33,6,3,0,0,0,0,0,1,1,3,,,,,,,,,,,,,,,,,2015,2,1,22
14496,201501QK50154,522150.0,183430.0,-0.24021,51.536566,1,Slight,1,1,2015-02-28,Saturday,21:20,Brent,E09000005,5,0,6,30.0,3,4,6,0,0.0,0.0,4,2,2,0,0,1,1,E01000535,3,1,28/02/2015,28/02/2015,1,9,0,4,0.0,1,0,0,0,0,0.0,1.0,6,Male,24,21 - 25,1199,1,11,-1,3,-1.0,1,1,2,2,23,5,3,0,0,1,0,0,9,1,2,,,,,,,,,,,,,,,,,2015,2,1,21
14501,201501QK50159,518150.0,183990.0,-0.297667,51.54245,1,Slight,2,1,2015-05-03,Sunday,19:38,Brent,E09000005,3,4089,6,30.0,3,4,6,0,0.0,0.0,4,1,1,0,0,1,2,E01000473,3,1,05/03/2015,05/03/2015,1,9,0,3,0.0,1,0,0,0,0,2.0,1.0,6,Female,29,26 - 35,1364,1,10,-1,1,-1.0,1,1,1,2,29,6,3,0,0,0,0,0,9,1,1,,,,,,,,,,,,,,,,,2015,5,1,19
14513,201501QK50172,521050.0,183470.0,-0.256048,51.537163,1,Slight,2,4,2015-07-03,Friday,01:54,Brent,E09000005,4,4492,6,30.0,3,4,6,0,0.0,1.0,4,1,1,0,0,1,2,E01000525,3,1,07/03/2015,07/03/2015,1,9,0,4,0.0,2,0,0,0,0,2.0,1.0,6,Male,35,26 - 35,2494,1,16,-1,-1,-1.0,1,1,1,1,35,6,3,0,0,0,0,0,9,-1,-1,,,,,,,,,,,,,,,,,2015,7,4,1
14514,201501QK50173,518910.0,185450.0,-0.28622,51.555412,1,Slight,3,1,2015-12-03,Thursday,20:30,Brent,E09000005,4,4565,6,30.0,3,4,6,0,0.0,0.0,4,1,1,0,0,1,1,E01000616,3,1,12/03/2015,12/03/2015,1,9,0,9,0.0,8,0,0,0,0,1.0,1.0,6,Male,34,26 - 35,1590,1,16,-1,1,-1.0,2,1,1,1,26,6,3,0,0,0,0,0,3,1,5,,,,,,,,,,,,,,,,,2015,12,1,20
14520,201501QK50181,522170.0,185080.0,-0.239349,51.551391,1,Slight,2,1,2015-12-03,Thursday,21:30,Brent,E09000005,6,0,6,30.0,0,-1,-1,0,0.0,0.0,4,1,1,0,0,1,2,E01000641,3,1,12/03/2015,12/03/2015,1,9,0,16,0.0,0,0,0,0,0,3.0,1.0,6,Male,33,26 - 35,-1,-1,-1,-1,1,-1.0,1,1,1,1,33,6,3,0,0,0,0,0,9,1,2,,,,,,,,,,,,,,,,,2015,12,1,21
14526,201501QK50190,521200.0,185400.0,-0.253222,51.554476,1,Slight,2,1,2015-03-21,Saturday,19:30,Brent,E09000005,3,406,3,40.0,0,-1,-1,0,0.0,0.0,4,1,1,0,0,1,1,E01000601,3,1,21/03/2015,21/03/2015,1,9,0,3,0.0,0,0,0,0,0,2.0,1.0,6,Male,31,26 - 35,2000,1,8,-1,1,-1.0,1,1,1,1,31,6,3,0,0,0,0,0,9,1,5,,,,,,,,,,,,,,,,,2015,3,1,19
14527,201501QK50191,521230.0,189060.0,-0.251528,51.587362,1,Serious,4,1,2015-01-27,Tuesday,00:30,Barnet,E09000003,3,5,6,30.0,0,-1,-1,0,0.0,4.0,4,4,1,0,0,1,1,E01000516,2,2,27/01/2015,27/01/2015,1,9,0,12,0.0,0,0,0,0,0,3.0,1.0,6,Male,30,26 - 35,1896,2,12,-1,1,-1.0,2,1,1,1,27,6,2,0,0,0,0,0,2,1,6,,,,,,,,,,,,,,,,,2015,1,2,0
14533,201501QK50197,519480.0,185020.0,-0.278148,51.551427,1,Slight,2,1,2015-04-03,Friday,19:43,Brent,E09000005,6,0,6,30.0,6,4,6,0,0.0,0.0,4,1,1,0,0,1,2,E01000618,3,1,04/03/2015,04/03/2015,1,9,0,3,0.0,1,0,0,0,0,2.0,1.0,6,Male,33,26 - 35,1968,2,10,-1,1,-1.0,1,1,1,1,33,6,3,0,0,0,0,0,9,1,6,,,,,,,,,,,,,,,,,2015,4,1,19
14539,201501QK50205,522850.0,184930.0,-0.229599,51.549895,1,Slight,8,1,2015-05-02,Saturday,02:07,Brent,E09000005,6,0,6,30.0,0,-1,-1,0,0.0,0.0,4,1,1,0,0,1,1,E01000637,3,1,05/02/2015,05/02/2015,1,9,0,18,0.0,0,5,4,0,0,1.0,1.0,6,Male,35,26 - 35,2457,1,6,-1,-1,-1.0,1,1,1,1,35,6,3,0,0,0,0,0,9,-1,-1,,,,,,,,,,,,,,,,,2015,5,1,2
14540,201501QK50206,520920.0,184260.0,-0.25765,51.54429,1,Slight,1,1,2015-08-03,Monday,20:08,Brent,E09000005,6,0,6,30.0,0,-1,-1,0,0.0,0.0,4,1,1,0,0,1,1,E01000595,3,1,08/03/2015,08/03/2015,1,9,0,18,0.0,0,0,0,0,0,1.0,1.0,6,Male,20,16 - 20,-1,-1,-1,-1,-1,-1.0,1,1,3,1,37,7,3,5,1,0,0,2,0,-1,-1,,,,,,,,,,,,,,,,,2015,8,1,20
14543,201501QK50211,518340.0,185210.0,-0.294518,51.553375,1,Slight,1,1,2015-03-27,Friday,20:20,Brent,E09000005,3,404,6,30.0,0,-1,-1,0,0.0,4.0,4,1,1,0,0,1,1,E01000635,3,1,27/03/2015,27/03/2015,1,9,0,18,0.0,0,0,0,0,0,1.0,1.0,6,Male,29,26 - 35,1198,1,13,-1,1,-1.0,1,1,3,2,36,7,3,4,1,0,0,2,0,1,3,,,,,,,,,,,,,,,,,2015,3,1,20
14552,201501QK50222,521310.0,184430.0,-0.251971,51.545735,1,Slight,2,1,2015-10-04,Sunday,18:20,Brent,E09000005,3,407,6,30.0,0,-1,-1,0,0.0,4.0,1,1,1,0,0,1,1,E01000526,3,1,10/04/2015,10/04/2015,1,9,0,3,0.0,0,0,0,0,0,2.0,2.0,6,Female,28,26 - 35,-1,-1,-1,-1,1,-1.0,1,1,1,2,28,6,3,0,0,0,0,0,9,1,4,,,,,,,,,,,,,,,,,2015,10,1,18
14554,201501QK50224,519090.0,188750.0,-0.282507,51.585032,1,Slight,2,1,2015-08-03,Monday,23:21,Brent,E09000005,3,4006,6,30.0,1,4,3,4140,0.0,0.0,4,1,1,0,0,1,1,E01000543,3,1,08/03/2015,08/03/2015,1,9,0,4,0.0,1,0,0,0,0,1.0,1.0,6,Female,22,21 - 25,1598,2,1,-1,1,-1.0,2,1,1,2,51,8,3,0,0,0,0,0,19,1,4,,,,,,,,,,,,,,,,,2015,8,1,23
14555,201501QK50225,525070.0,184080.0,-0.1979,51.541769,1,Slight,2,1,2015-10-03,Saturday,20:09,Camden,E09000007,3,5,6,30.0,3,2,3,5,0.0,5.0,4,1,1,0,0,1,1,E01000545,3,1,10/03/2015,10/03/2015,1,3,0,5,0.0,1,0,0,0,0,4.0,1.0,6,Male,25,21 - 25,599,1,1,-1,-1,-1.0,1,1,2,2,20,4,3,0,0,0,0,0,3,-1,-1,,,,,,,,,,,,,,,,,2015,10,1,20
14571,201501QK50243,517950.0,183680.0,-0.300653,51.539706,1,Slight,2,1,2015-04-19,Sunday,01:25,Brent,E09000005,3,4005,6,30.0,8,2,3,4089,0.0,5.0,4,1,1,0,0,1,1,E01000472,3,1,19/04/2015,19/04/2015,1,8,0,18,0.0,8,0,0,0,0,1.0,1.0,1,Male,32,26 - 35,1896,2,9,-1,-1,-1.0,1,1,1,1,32,6,3,0,0,0,0,0,8,-1,-1,,,,,,,,,,,,,,,,,2015,4,1,1
14578,201501QK50250,523220.0,184180.0,-0.224528,51.543074,1,Slight,2,1,2015-04-16,Thursday,18:30,Brent,E09000005,5,0,6,30.0,6,4,5,0,0.0,0.0,1,1,1,0,0,1,1,E01000489,3,1,16/04/2015,16/04/2015,1,9,0,5,0.0,8,0,0,0,0,1.0,1.0,6,Female,30,26 - 35,-1,-1,-1,-1,1,-1.0,2,1,1,2,43,7,3,0,0,0,0,0,1,-1,-1,,,,,,,,,,,,,,,,,2015,4,1,18
14581,201501QK50254,520770.0,184290.0,-0.259802,51.544592,1,Slight,2,1,2015-03-23,Monday,18:25,Brent,E09000005,5,0,6,30.0,3,4,6,0,0.0,0.0,4,1,1,0,0,1,1,E01000596,3,1,23/03/2015,23/03/2015,1,3,0,18,0.0,2,0,0,0,0,1.0,1.0,6,Male,18,16 - 20,124,1,4,-1,1,-1.0,1,1,1,1,18,4,3,0,0,0,0,0,3,1,1,,,,,,,,,,,,,,,,,2015,3,1,18
14599,201501QK50275,522230.0,186370.0,-0.238036,51.562971,1,Slight,2,2,2015-04-30,Thursday,21:40,Brent,E09000005,6,0,6,30.0,3,4,6,0,0.0,0.0,4,1,1,0,0,1,1,E01000499,3,1,30/04/2015,30/04/2015,1,9,0,18,0.0,1,0,0,0,0,3.0,1.0,6,Male,21,21 - 25,1598,1,6,-1,3,-1.0,1,1,1,1,21,5,3,0,0,0,0,0,9,3,7,,,,,,,,,,,,,,,,,2015,4,2,21
14606,201501QK50283,523670.0,182830.0,-0.218516,51.530844,1,Slight,1,1,2015-04-29,Wednesday,20:37,Brent,E09000005,6,0,6,30.0,3,4,6,0,0.0,0.0,4,1,1,0,0,1,1,E01000579,3,1,29/04/2015,29/04/2015,1,9,0,18,0.0,1,0,0,0,0,4.0,1.0,6,Female,28,26 - 35,1995,1,4,-1,1,-1.0,1,1,3,2,7,2,3,5,1,0,0,2,0,1,1,,,,,,,,,,,,,,,,,2015,4,1,20
14608,201501QK50285,519610.0,183820.0,-0.276681,51.540615,1,Serious,3,1,2015-06-01,Monday,19:08,Brent,E09000005,3,406,3,50.0,5,4,6,0,0.0,7.0,4,1,1,0,0,1,1,E01000600,2,2,06/01/2015,06/01/2015,1,3,0,18,0.0,1,0,0,0,0,1.0,1.0,2,Male,24,21 - 25,125,1,2,-1,-1,-1.0,1,1,1,1,24,5,2,0,0,0,0,0,3,-1,-1,,,,,,,,,,,,,,,,,2015,6,2,19
14612,201501QK50291,520160.0,182610.0,-0.269167,51.529623,1,Slight,2,2,2015-03-05,Thursday,22:37,Ealing,E09000009,4,4492,1,30.0,2,2,5,0,0.0,5.0,4,1,1,0,0,1,1,E01001247,3,1,03/05/2015,03/05/2015,1,9,0,18,0.0,8,0,7,0,0,1.0,1.0,1,Male,21,21 - 25,1560,2,6,-1,1,-1.0,1,2,2,1,18,4,3,0,0,1,0,0,9,1,2,,,,,,,,,,,,,,,,,2015,3,2,22
14625,201501QK50306,523840.0,182600.0,-0.216147,51.528739,1,Slight,2,1,2015-04-28,Tuesday,20:00,Westminster,E09000033,4,450,6,30.0,3,4,6,0,0.0,0.0,1,1,1,0,0,1,1,E01000586,3,1,28/04/2015,28/04/2015,1,8,0,10,0.0,8,0,0,0,0,2.0,1.0,1,Male,24,21 - 25,1956,2,3,-1,1,-1.0,1,1,1,1,24,5,3,0,0,0,0,0,8,1,2,,,,,,,,,,,,,,,,,2015,4,1,20
14628,201501QK50309,519550.0,183900.0,-0.277519,51.541347,1,Slight,2,1,2015-04-05,Sunday,20:35,Brent,E09000005,5,0,7,30.0,2,4,5,0,0.0,8.0,1,1,1,0,0,1,2,E01000600,3,1,04/05/2015,04/05/2015,1,9,0,8,0.0,1,0,0,0,0,2.0,1.0,6,Female,24,21 - 25,1396,1,12,-1,1,-1.0,1,1,1,2,24,5,3,0,0,0,0,0,9,1,4,,,,,,,,,,,,,,,,,2015,4,1,20
14638,201501QK50320,521210.0,189090.0,-0.251806,51.587636,1,Slight,2,2,2015-04-30,Thursday,20:20,Barnet,E09000003,3,5,6,30.0,5,4,6,0,0.0,8.0,4,1,1,0,0,1,1,E01000516,3,1,30/04/2015,30/04/2015,1,5,0,14,0.0,8,0,0,0,0,1.0,1.0,6,Male,20,16 - 20,645,1,12,-1,1,-1.0,1,1,1,1,20,4,3,0,0,0,0,0,5,1,4,,,,,,,,,,,,,,,,,2015,4,2,20
14646,201501QK50329,520470.0,187050.0,-0.263181,51.569461,1,Slight,2,1,2015-05-15,Friday,22:30,Brent,E09000005,4,454,6,30.0,3,4,6,0,0.0,0.0,4,2,2,0,0,1,1,E01000625,3,1,15/05/2015,15/05/2015,1,2,0,4,0.0,8,0,0,0,0,1.0,1.0,1,Male,17,16 - 20,124,1,5,-1,1,-1.0,1,1,1,1,17,4,3,0,0,0,0,0,2,1,5,,,,,,,,,,,,,,,,,2015,5,1,22
14649,201501QK50333,523720.0,182970.0,-0.217746,51.532091,1,Slight,2,1,2015-05-13,Wednesday,18:15,Brent,E09000005,4,450,6,30.0,6,2,4,451,0.0,5.0,1,1,1,3,0,1,2,E01000586,3,1,13/05/2015,13/05/2015,1,9,0,9,0.0,8,0,0,0,0,3.0,1.0,6,Male,28,26 - 35,1999,1,9,-1,1,-1.0,2,1,1,1,-1,-1,3,0,0,0,0,0,3,1,4,,,,,,,,,,,,,,,,,2015,5,1,18
14653,201501QK50338,521070.0,189270.0,-0.253764,51.589284,1,Slight,2,1,2015-04-28,Tuesday,22:00,Barnet,E09000003,3,5,6,30.0,5,4,6,0,0.0,0.0,4,1,1,0,0,1,1,E01000516,3,1,28/04/2015,28/04/2015,1,9,0,3,0.0,1,0,0,0,0,2.0,1.0,6,Male,27,26 - 35,1242,1,3,-1,1,-1.0,1,1,1,1,27,6,3,0,0,0,0,0,9,1,3,,,,,,,,,,,,,,,,,2015,4,1,22
14654,201501QK50339,520770.0,184290.0,-0.259802,51.544592,1,Slight,2,1,2015-07-05,Sunday,19:00,Brent,E09000005,5,0,6,30.0,3,4,6,0,0.0,0.0,1,1,1,0,0,1,1,E01000596,3,1,07/05/2015,07/05/2015,1,9,0,9,0.0,8,0,0,0,0,1.0,1.0,6,Male,21,21 - 25,1596,1,10,-1,1,-1.0,2,1,1,1,34,6,3,0,0,0,0,0,1,1,2,,,,,,,,,,,,,,,,,2015,7,1,19
14655,201501QK50340,523120.0,184690.0,-0.225791,51.54768,1,Slight,2,1,2015-05-30,Saturday,02:03,Brent,E09000005,6,0,6,30.0,3,4,3,407,0.0,1.0,7,1,1,0,0,1,1,E01000642,3,1,30/05/2015,30/05/2015,1,3,0,9,0.0,5,0,7,0,0,4.0,1.0,6,Male,18,16 - 20,125,1,1,-1,-1,-1.0,1,1,1,1,18,4,3,0,0,0,0,0,3,-1,-1,,,,,,,,,,,,,,,,,2015,5,1,2
14656,201501QK50341,524650.0,183290.0,-0.204232,51.534762,1,Slight,3,1,2015-04-17,Friday,21:15,Brent,E09000005,4,451,6,30.0,0,-1,-1,0,0.0,0.0,4,1,1,0,0,1,1,E01000583,3,1,17/04/2015,17/04/2015,1,9,0,5,0.0,0,0,0,0,0,3.0,1.0,6,Female,32,26 - 35,1390,1,9,-1,1,-1.0,2,1,1,1,33,6,3,0,0,0,0,0,3,1,3,,,,,,,,,,,,,,,,,2015,4,1,21
14659,201501QK50345,518800.0,186530.0,-0.287441,51.565141,1,Slight,2,1,2015-03-27,Friday,21:00,Brent,E09000005,3,4088,6,30.0,3,4,6,0,0.0,0.0,7,9,1,0,0,1,1,E01000578,3,1,27/03/2015,27/03/2015,1,9,0,9,0.0,1,0,0,0,0,4.0,1.0,6,Male,35,26 - 35,-1,-1,-1,-1,1,-1.0,1,1,1,1,35,6,3,0,0,0,0,0,9,1,2,,,,,,,,,,,,,,,,,2015,3,1,21
14666,201501QK50354,522220.0,184770.0,-0.238736,51.548594,1,Slight,2,1,2015-02-05,Thursday,23:40,Brent,E09000005,3,407,6,30.0,3,4,6,0,0.0,0.0,4,2,2,0,0,1,1,E01000640,3,1,02/05/2015,02/05/2015,1,3,0,18,0.0,8,0,0,0,0,1.0,1.0,1,Male,24,21 - 25,125,1,6,-1,1,-1.0,1,1,1,1,24,5,3,0,0,0,0,0,3,1,1,,,,,,,,,,,,,,,,,2015,2,1,23
14677,201501QK50367,522900.0,184620.0,-0.228986,51.547098,1,Slight,2,1,2015-05-24,Sunday,01:50,Brent,E09000005,3,407,6,30.0,3,2,5,0,0.0,5.0,4,1,1,0,0,1,1,E01000642,3,1,24/05/2015,24/05/2015,1,9,0,18,0.0,8,0,0,0,0,3.0,1.0,6,Male,33,26 - 35,1968,2,5,-1,1,-1.0,1,1,1,1,33,6,3,0,0,0,0,0,9,1,2,,,,,,,,,,,,,,,,,2015,5,1,1
14682,201501QK50372,521540.0,183960.0,-0.248817,51.541461,1,Slight,2,1,2015-04-06,Monday,03:00,Brent,E09000005,6,0,6,30.0,0,-1,-1,0,0.0,0.0,4,1,1,0,0,1,2,E01000523,3,1,04/06/2015,04/06/2015,1,3,0,18,0.0,0,0,0,0,0,3.0,1.0,6,Male,17,16 - 20,-1,-1,-1,-1,1,-1.0,1,1,1,1,17,4,3,0,0,0,0,0,3,1,2,,,,,,,,,,,,,,,,,2015,4,1,3
14708,201501QK50402,518090.0,183400.0,-0.298729,51.53716,1,Slight,2,1,2015-05-19,Tuesday,23:30,Brent,E09000005,3,4005,6,30.0,3,4,6,0,0.0,0.0,4,1,1,0,0,1,1,E01000472,3,1,19/05/2015,19/05/2015,1,4,0,7,0.0,6,0,0,0,0,2.0,1.0,6,Male,34,26 - 35,998,1,2,-1,1,-1.0,1,1,1,1,34,6,3,0,0,0,0,0,4,1,4,,,,,,,,,,,,,,,,,2015,5,1,23
14709,201501QK50403,516570.0,186110.0,-0.319738,51.561832,1,Slight,2,1,2015-01-06,Tuesday,20:38,Brent,E09000005,3,4088,6,30.0,3,2,3,404,0.0,5.0,4,5,2,0,0,1,1,E01000565,3,1,01/06/2015,01/06/2015,1,3,0,10,0.0,8,0,0,0,0,2.0,1.0,6,Male,30,26 - 35,124,1,-1,-1,1,-1.0,1,1,1,1,30,6,3,0,0,0,0,0,3,1,7,,,,,,,,,,,,,,,,,2015,1,1,20
14715,201501QK50409,520310.0,187580.0,-0.265308,51.574258,1,Slight,2,1,2015-06-20,Saturday,18:15,Brent,E09000005,6,0,6,30.0,0,-1,-1,0,0.0,0.0,1,2,2,0,0,1,2,E01000623,3,1,20/06/2015,20/06/2015,1,9,0,18,0.0,0,0,0,0,0,1.0,1.0,6,Female,23,21 - 25,1339,1,4,-1,1,-1.0,1,1,1,2,23,5,3,0,0,0,0,0,9,1,6,,,,,,,,,,,,,,,,,2015,6,1,18
14719,201501QK50414,520180.0,188700.0,-0.2668,51.584352,1,Slight,2,1,2015-10-06,Tuesday,18:45,Brent,E09000005,3,4006,6,30.0,0,-1,-1,0,0.0,0.0,1,1,1,0,0,1,1,E01000515,3,1,10/06/2015,10/06/2015,1,9,0,6,0.0,0,0,0,0,0,3.0,1.0,6,Male,32,26 - 35,2148,2,10,-1,1,-1.0,2,1,1,2,22,5,3,0,0,0,0,0,3,1,6,,,,,,,,,,,,,,,,,2015,10,1,18
14735,201501QK50432,519400.0,188780.0,-0.278025,51.585236,1,Slight,2,1,2015-03-06,Friday,18:50,Brent,E09000005,3,4006,6,30.0,8,4,6,0,0.0,0.0,1,1,1,0,0,1,1,E01000517,3,1,03/06/2015,03/06/2015,1,2,0,15,0.0,8,0,0,0,0,1.0,1.0,6,Male,26,26 - 35,124,1,10,-1,1,-1.0,1,1,1,1,26,6,3,0,0,0,0,0,2,1,2,,,,,,,,,,,,,,,,,2015,3,1,18
14739,201501QK50436,518880.0,185290.0,-0.286706,51.55398,1,Slight,3,1,2015-03-15,Sunday,19:58,Brent,E09000005,4,4565,6,30.0,3,4,6,0,0.0,0.0,4,1,1,0,0,1,1,E01000636,3,1,15/03/2015,15/03/2015,1,3,0,13,0.0,2,0,0,0,0,4.0,1.0,6,Male,22,21 - 25,124,1,2,-1,1,-1.0,1,1,1,1,22,5,3,0,0,0,0,0,3,1,4,,,,,,,,,,,,,,,,,2015,3,1,19
14756,201501QK50454,520950.0,186130.0,-0.256575,51.56109,1,Slight,3,2,2015-04-05,Sunday,21:49,Brent,E09000005,3,4088,1,30.0,1,4,3,4088,0.0,0.0,4,1,2,0,0,1,1,E01000627,3,1,04/05/2015,04/05/2015,1,9,0,9,0.0,8,0,9,7,0,4.0,1.0,6,Female,22,21 - 25,1198,1,7,-1,1,-1.0,2,2,2,1,47,8,3,0,0,1,0,0,9,-1,-1,,,,,,,,,,,,,,,,,2015,4,2,21
14757,201501QK50455,517150.0,184580.0,-0.311884,51.547961,1,Slight,2,2,2015-04-07,Tuesday,23:22,Brent,E09000005,3,4005,6,30.0,3,2,3,4090,0.0,0.0,4,1,1,0,0,1,1,E01000475,3,1,04/07/2015,04/07/2015,1,9,0,9,0.0,8,0,0,0,0,4.0,1.0,6,Male,25,21 - 25,1329,1,-1,-1,1,-1.0,1,1,1,1,25,5,3,0,0,0,0,0,9,1,6,,,,,,,,,,,,,,,,,2015,4,2,23
14759,201501QK50458,521470.0,185860.0,-0.249171,51.558552,1,Slight,2,1,2015-05-31,Sunday,22:15,Brent,E09000005,3,4088,1,30.0,1,4,5,0,0.0,0.0,4,1,1,0,0,1,1,E01000511,3,1,31/05/2015,31/05/2015,1,9,0,7,0.0,6,0,0,0,0,1.0,1.0,6,Female,34,26 - 35,1390,1,9,-1,1,-1.0,2,1,1,1,-1,-1,3,0,0,0,0,0,2,1,4,,,,,,,,,,,,,,,,,2015,5,1,22
14761,201501QK50460,518290.0,187640.0,-0.294422,51.575225,1,Slight,2,1,2015-05-07,Thursday,23:46,Brent,E09000005,5,0,6,30.0,0,-1,-1,0,0.0,0.0,4,1,1,0,0,1,1,E01000487,3,1,05/07/2015,05/07/2015,1,2,0,18,0.0,0,0,0,0,0,2.0,1.0,6,Male,21,21 - 25,50,1,2,-1,1,-1.0,1,1,1,1,21,5,3,0,0,0,0,0,2,1,3,,,,,,,,,,,,,,,,,2015,5,1,23
14773,201501QK50473,521920.0,184820.0,-0.243043,51.549108,1,Slight,2,1,2015-10-07,Wednesday,22:50,Brent,E09000005,3,407,6,30.0,3,4,6,0,0.0,0.0,4,1,1,0,0,1,1,E01000638,3,1,10/07/2015,10/07/2015,1,9,0,5,0.0,1,0,0,0,0,3.0,1.0,6,Male,24,21 - 25,1598,1,12,-1,1,-1.0,2,1,1,2,-1,-1,3,0,0,0,0,0,9,1,1,,,,,,,,,,,,,,,,,2015,10,1,22
14787,201501QK50489,520480.0,187090.0,-0.263024,51.569818,1,Slight,2,1,2015-07-16,Thursday,00:49,Brent,E09000005,4,454,6,30.0,3,4,6,0,0.0,0.0,4,1,1,0,0,1,1,E01000623,3,1,16/07/2015,16/07/2015,1,9,0,4,0.0,8,0,0,0,0,2.0,1.0,6,Male,19,16 - 20,2143,2,2,-1,1,-1.0,1,1,1,1,19,4,3,0,0,0,0,0,9,1,4,,,,,,,,,,,,,,,,,2015,7,1,0
14792,201501QK50496,521310.0,183720.0,-0.252215,51.539354,1,Slight,3,3,2015-01-03,Saturday,03:35,Brent,E09000005,3,404,6,30.0,3,2,6,0,0.0,5.0,4,1,1,0,0,1,1,E01000521,3,1,01/03/2015,01/03/2015,1,9,0,9,0.0,8,0,0,0,0,1.0,1.0,6,Male,23,21 - 25,1390,1,12,-1,1,-1.0,1,1,1,1,23,5,3,0,0,0,0,0,9,1,2,,,,,,,,,,,,,,,,,2015,1,3,3
14794,201501QK50498,524400.0,184980.0,-0.207238,51.550005,1,Slight,2,1,2015-04-14,Tuesday,01:43,Brent,E09000005,3,5,6,30.0,3,2,5,0,0.0,5.0,4,1,1,0,0,1,1,E01000561,3,1,14/04/2015,14/04/2015,1,3,0,18,0.0,8,0,0,0,0,4.0,1.0,6,Male,25,21 - 25,125,1,14,-1,1,-1.0,1,1,1,1,25,5,3,0,0,0,0,0,3,1,1,,,,,,,,,,,,,,,,,2015,4,1,1
14795,201501QK50499,517430.0,188360.0,-0.306586,51.581875,1,Slight,2,1,2015-07-13,Monday,19:45,Brent,E09000005,5,0,6,30.0,0,-1,-1,0,0.0,0.0,1,2,2,0,0,1,1,E01000536,3,1,13/07/2015,13/07/2015,1,9,0,18,0.0,0,0,0,0,0,4.0,1.0,6,Male,35,26 - 35,-1,-1,-1,-1,1,-1.0,2,1,1,1,28,6,3,0,0,0,0,0,3,1,4,,,,,,,,,,,,,,,,,2015,7,1,19
14800,201501QK50504,523490.0,184950.0,-0.220366,51.549935,1,Slight,2,1,2015-08-07,Friday,18:45,Brent,E09000005,3,407,6,30.0,3,4,6,0,0.0,0.0,1,1,1,0,0,1,1,E01000559,3,1,08/07/2015,08/07/2015,1,4,0,13,0.0,8,0,0,0,0,4.0,1.0,1,Male,22,21 - 25,125,1,6,-1,1,-1.0,1,1,1,1,22,5,3,0,0,0,0,0,4,1,2,,,,,,,,,,,,,,,,,2015,8,1,18