,accident_index,location_easting_osgr,location_northing_osgr,longitude,latitude,police_force,accident_severity,number_of_vehicles,number_of_casualties,date,day_of_week,time,local_authority_district,local_authority_highway,first_road_class,first_road_number,road_type,speed_limit,junction_detail,junction_control,second_road_class,second_road_number,pedestrian_crossing-human_control,pedestrian_crossing-physical_facilities,light_conditions,weather_conditions,road_surface_conditions,special_conditions_at_site,carriageway_hazards,urban_or_rural_area,did_police_officer_attend_scene_of_accident,lsoa_of_accident_location,accident_severity_num,accident_severity_inv,date2,date_original,vehicle_reference_x,vehicle_type,towing_and_articulation,vehicle_manoeuvre,vehicle_location-restricted_lane,junction_location,skidding_and_overturning,hit_object_in_carriageway,vehicle_leaving_carriageway,hit_object_off_carriageway,1st_point_of_impact,was_vehicle_left_hand_drive?,journey_purpose_of_driver,sex_of_driver,age_of_driver,age_band_of_driver,engine_capacity_cc,propulsion_code,age_of_vehicle,driver_imd_decile,driver_home_area_type,vehicle_imd_decile,vehicle_reference_y,casualty_reference,casualty_class,sex_of_casualty,age_of_casualty,age_band_of_casualty,casualty_severity,pedestrian_location,pedestrian_movement,car_passenger,bus_or_coach_passenger,pedestrian_road_maintenance_worker,casualty_type,casualty_home_area_type,casualty_imd_decile,accident_year_x,accident_reference_x,local_authority_ons_district,pedestrian_crossing_human_control,pedestrian_crossing_physical_facilities,trunk_road_flag,accident_year_y,accident_reference_y,vehicle_direction_from,vehicle_direction_to,vehicle_location_restricted_lane,first_point_of_impact,vehicle_left_hand_drive,generic_make_model,accident_year,accident_reference,year,month,severity,hours
15136,201501QK50892,520730.0,184620.0,-0.260265,51.547566,1,Slight,2,1,2015-11-27,Friday,19:10,Brent,E09000005,5,0,6,30.0,0,-1,-1,0,0.0,0.0,4,1,1,0,0,1,2,E01000596,3,1,27/11/2015,27/11/2015,1,4,0,13,0.0,0,0,0,0,0,4.0,1.0,6,Male,33,26 - 35,125,1,-1,-1,1,-1.0,1,1,1,1,33,6,3,0,0,0,0,0,4,1,3,,,,,,,,,,,,,,,,,2015,11,1,19
15140,201501QK50896,521420.0,185950.0,-0.249861,51.559371,1,Slight,2,1,2015-11-22,Sunday,20:40,Brent,E09000005,6,0,6,30.0,3,4,6,0,0.0,0.0,4,1,1,0,0,1,2,E01000510,3,1,22/11/2015,22/11/2015,1,9,0,7,0.0,8,0,0,0,0,1.0,1.0,1,Male,35,26 - 35,1797,8,6,-1,1,-1.0,1,1,1,1,35,6,3,0,0,0,0,0,9,1,6,,,,,,,,,,,,,,,,,2015,11,1,20
15141,201501QK50897,523470.0,186190.0,-0.22022,51.561084,1,Slight,1,1,2015-11-29,Sunday,19:25,Brent,E09000005,3,5,6,30.0,3,4,6,0,0.0,0.0,4,5,2,0,0,1,1,E01000553,3,1,29/11/2015,29/11/2015,1,9,0,7,0.0,1,0,0,0,0,1.0,1.0,6,Male,32,26 - 35,1850,1,16,-1,-1,-1.0,1,1,3,1,52,8,3,5,1,0,0,2,0,1,3,,,,,,,,,,,,,,,,,2015,11,1,19
15153,201501QK50912,520220.0,184050.0,-0.267811,51.542552,1,Serious,2,1,2015-11-27,Friday,00:01,Brent,E09000005,3,404,6,30.0,3,4,6,0,0.0,0.0,4,9,2,0,0,1,1,E01033456,2,2,27/11/2015,27/11/2015,1,3,0,18,0.0,8,0,0,0,0,3.0,1.0,6,Male,19,16 - 20,124,1,11,-1,-1,-1.0,1,1,1,1,19,4,2,0,0,0,0,0,3,-1,-1,,,,,,,,,,,,,,,,,2015,11,2,0
15156,201501QK50915,521190.0,188580.0,-0.252271,51.583057,1,Slight,2,2,2015-10-26,Monday,21:21,Brent,E09000005,3,4006,6,30.0,3,4,6,0,0.0,0.0,4,1,1,0,0,1,1,E01000518,3,1,26/10/2015,26/10/2015,1,9,0,9,0.0,6,0,0,0,0,3.0,1.0,2,Female,31,26 - 35,2987,2,8,-1,1,-1.0,1,1,1,2,31,6,3,0,0,0,0,0,9,1,8,,,,,,,,,,,,,,,,,2015,10,2,21
15160,201501QK50920,518910.0,188790.0,-0.285091,51.58543,1,Slight,2,1,2015-11-21,Saturday,21:30,Brent,E09000005,3,4006,6,30.0,3,4,5,0,0.0,0.0,4,1,1,0,0,1,1,E01000543,3,1,21/11/2015,21/11/2015,1,9,0,9,0.0,1,0,0,0,0,1.0,1.0,6,Male,34,26 - 35,1595,1,13,-1,1,-1.0,2,1,1,1,19,4,3,0,0,0,0,0,5,1,6,,,,,,,,,,,,,,,,,2015,11,1,21
15169,201501QK50932,522460.0,185030.0,-0.235186,51.550879,1,Slight,2,1,2015-08-12,Wednesday,20:55,Brent,E09000005,6,0,6,30.0,3,4,6,0,0.0,0.0,4,1,1,0,0,1,1,E01000641,3,1,08/12/2015,08/12/2015,1,3,0,15,0.0,8,0,0,0,0,4.0,1.0,6,Male,20,16 - 20,125,1,-1,-1,1,-1.0,1,1,1,1,20,4,3,0,0,0,0,0,3,1,7,,,,,,,,,,,,,,,,,2015,8,1,20
15176,201501QK50940,523200.0,186560.0,-0.223983,51.564468,1,Slight,2,1,2015-10-25,Sunday,19:17,Brent,E09000005,3,5,6,30.0,3,2,5,0,0.0,0.0,4,1,1,0,0,1,1,E01000497,3,1,25/10/2015,25/10/2015,1,4,0,4,0.0,8,1,0,0,0,3.0,1.0,6,Male,29,26 - 35,124,1,3,-1,1,-1.0,1,1,1,1,29,6,3,0,0,0,0,0,4,1,3,,,,,,,,,,,,,,,,,2015,10,1,19
15179,201501QK50943,518140.0,183900.0,-0.297841,51.541643,1,Serious,2,1,2015-02-12,Thursday,05:10,Brent,E09000005,3,4089,6,30.0,3,2,5,0,0.0,5.0,4,1,1,0,0,1,2,E01000473,2,2,02/12/2015,02/12/2015,1,3,0,18,0.0,8,0,0,0,0,3.0,1.0,6,Male,30,26 - 35,124,1,6,-1,1,-1.0,1,1,1,1,30,6,2,0,0,0,0,0,3,1,4,,,,,,,,,,,,,,,,,2015,2,2,5
15183,201501QK50947,521180.0,186080.0,-0.253276,51.560591,1,Slight,3,1,2015-12-16,Wednesday,20:10,Brent,E09000005,3,406,3,30.0,3,4,3,4088,0.0,0.0,4,1,1,0,0,1,1,E01000627,3,1,16/12/2015,16/12/2015,1,9,0,4,0.0,8,0,0,0,0,2.0,1.0,6,Male,33,26 - 35,1896,2,14,-1,1,-1.0,2,1,2,2,24,5,3,0,0,1,0,0,9,1,4,,,,,,,,,,,,,,,,,2015,12,1,20
15188,201501QK50953,522750.0,184450.0,-0.231208,51.545603,1,Slight,2,1,2015-09-12,Saturday,21:26,Brent,E09000005,3,4000,6,30.0,3,4,5,0,0.0,0.0,4,1,1,0,0,1,1,E01000488,3,1,09/12/2015,09/12/2015,1,9,0,9,0.0,8,0,0,0,0,4.0,1.0,6,Male,25,21 - 25,1598,1,8,-1,1,-1.0,2,1,1,1,28,6,3,0,0,0,0,0,3,1,4,,,,,,,,,,,,,,,,,2015,9,1,21
15196,201501QK50961,518630.0,187230.0,-0.289657,51.571468,1,Slight,2,1,2015-12-18,Friday,18:00,Brent,E09000005,5,0,6,30.0,3,4,5,0,0.0,0.0,4,1,1,0,0,1,1,E01000487,3,1,18/12/2015,18/12/2015,1,9,0,18,0.0,8,0,0,0,0,1.0,1.0,6,Male,20,16 - 20,1598,2,1,-1,1,-1.0,1,1,1,1,20,4,3,0,0,0,0,0,9,1,3,,,,,,,,,,,,,,,,,2015,12,1,18
15201,201501QK50967,518890.0,185380.0,-0.286532,51.554787,1,Serious,1,2,2015-12-30,Wednesday,00:24,Brent,E09000005,4,4565,6,30.0,6,2,4,4557,0.0,5.0,4,2,2,0,0,1,1,E01000616,2,2,30/12/2015,30/12/2015,1,3,0,18,0.0,8,0,0,0,0,1.0,1.0,6,Male,24,21 - 25,125,1,12,-1,1,-1.0,1,1,1,1,24,5,2,0,0,0,0,0,3,1,9,,,,,,,,,,,,,,,,,2015,12,4,0
15209,201501QK50975,522760.0,183340.0,-0.23145,51.535625,1,Slight,2,1,2015-12-19,Saturday,04:05,Brent,E09000005,5,0,6,30.0,6,4,6,0,0.0,0.0,4,1,1,0,0,1,1,E01000530,3,1,19/12/2015,19/12/2015,1,9,0,7,0.0,8,0,10,3,2,1.0,1.0,6,Male,22,21 - 25,1686,2,3,-1,1,-1.0,1,1,2,2,41,7,3,0,0,1,0,0,9,1,3,,,,,,,,,,,,,,,,,2015,12,1,4
15223,201501QK50993,517020.0,185080.0,-0.313592,51.552481,1,Slight,2,1,2015-12-27,Sunday,18:00,Brent,E09000005,3,404,1,30.0,1,4,3,4005,0.0,0.0,1,1,1,0,0,1,2,E01000608,3,1,27/12/2015,27/12/2015,1,9,0,4,0.0,8,0,0,0,0,2.0,1.0,6,Male,31,26 - 35,1242,1,14,-1,1,-1.0,1,1,1,1,31,6,3,0,0,0,0,0,9,1,2,,,,,,,,,,,,,,,,,2015,12,1,18
15247,201501QK59064,523750.0,184090.0,-0.216921,51.54215,1,Slight,1,2,2015-12-17,Thursday,03:34,Brent,E09000005,6,0,6,30.0,0,-1,-1,0,0.0,0.0,4,1,1,0,0,1,1,E01000491,3,1,17/12/2015,17/12/2015,1,9,0,17,0.0,0,0,0,0,0,1.0,1.0,6,Male,21,21 - 25,1595,1,3,-1,1,-1.0,1,1,2,1,21,5,3,0,0,1,0,0,9,-1,-1,,,,,,,,,,,,,,,,,2015,12,2,3
15248,201501QK59083,525360.0,183690.0,-0.193859,51.5382,1,Serious,1,1,2015-03-12,Thursday,02:24,Camden,E09000007,3,5,6,30.0,3,4,6,0,0.0,4.0,4,1,1,0,0,1,1,E01000548,2,2,03/12/2015,03/12/2015,1,9,0,18,0.0,2,0,0,0,0,1.0,1.0,1,Male,29,26 - 35,1798,8,-1,-1,1,-1.0,1,1,3,1,42,7,2,4,1,0,0,2,0,1,5,,,,,,,,,,,,,,,,,2015,3,2,2
15259,201501QK59212,520490.0,187200.0,-0.262842,51.570805,1,Slight,2,1,2015-03-29,Sunday,22:15,Brent,E09000005,4,454,6,30.0,3,4,6,0,0.0,0.0,7,1,1,0,0,1,1,E01000624,3,1,29/03/2015,29/03/2015,1,3,0,18,0.0,2,0,0,0,0,4.0,1.0,6,Male,26,26 - 35,124,1,10,-1,1,-1.0,1,1,1,1,26,6,3,0,0,0,0,0,3,1,2,,,,,,,,,,,,,,,,,2015,3,1,22
15261,201501QK59216,523270.0,185440.0,-0.223366,51.554387,1,Slight,2,1,2015-10-25,Sunday,20:30,Brent,E09000005,5,0,6,30.0,6,4,6,0,0.0,0.0,4,1,1,0,0,1,1,E01000555,3,1,25/10/2015,25/10/2015,1,4,0,13,0.0,8,0,0,0,0,4.0,1.0,6,Male,24,21 - 25,125,1,5,-1,1,-1.0,1,1,1,1,24,5,3,0,0,0,0,0,4,1,3,,,,,,,,,,,,,,,,,2015,10,1,20
15271,201501RG40015,537360.0,177600.0,-0.02331,51.480685,1,Slight,2,1,2015-03-01,Sunday,00:46,Lewisham,E09000023,3,2209,6,30.0,3,2,3,200,0.0,5.0,4,1,1,0,0,1,1,E01003253,3,1,03/01/2015,03/01/2015,1,9,0,6,0.0,8,0,0,0,0,3.0,1.0,6,Female,21,21 - 25,1364,1,8,-1,1,-1.0,2,1,1,1,25,5,3,0,0,0,0,0,4,1,3,,,,,,,,,,,,,,,,,2015,3,1,0
15274,201501RG40032,544680.0,179050.0,0.082623,51.491891,1,Slight,2,1,2015-01-18,Sunday,19:47,Greenwich,E09000011,3,2016,6,30.0,3,4,6,0,0.0,0.0,4,1,2,0,0,1,1,E01001631,3,1,18/01/2015,18/01/2015,1,5,0,17,0.0,8,0,0,0,0,2.0,1.0,6,Male,23,21 - 25,125,1,7,-1,1,-1.0,1,1,1,1,23,5,3,0,0,0,0,0,5,1,3,,,,,,,,,,,,,,,,,2015,1,1,19
15278,201501RG40040,541580.0,177000.0,0.03718,51.474254,1,Slight,2,2,2015-01-30,Friday,23:15,Greenwich,E09000011,3,207,6,30.0,3,4,5,0,0.0,0.0,4,1,1,0,0,1,1,E01001652,3,1,30/01/2015,30/01/2015,1,9,0,18,0.0,8,0,0,0,0,1.0,1.0,6,Female,21,21 - 25,1398,1,2,-1,1,-1.0,2,1,1,1,38,7,3,0,0,0,0,0,9,1,3,,,,,,,,,,,,,,,,,2015,1,2,23
15280,201501RG40042,544250.0,173120.0,0.074016,51.438716,1,Slight,1,1,2015-01-30,Friday,19:20,Greenwich,E09000011,5,0,6,30.0,3,4,6,0,0.0,0.0,4,1,1,0,0,1,1,E01001619,3,1,30/01/2015,30/01/2015,1,9,0,18,0.0,8,0,0,0,0,4.0,1.0,6,Male,34,26 - 35,1360,1,8,-1,1,-1.0,1,1,3,1,66,10,3,5,1,0,0,2,0,1,5,,,,,,,,,,,,,,,,,2015,1,1,19
15285,201501RG40048,542140.0,177890.0,0.045595,51.482111,1,Serious,1,1,2015-02-02,Monday,03:55,Greenwich,E09000011,4,210,6,30.0,3,4,6,0,0.0,0.0,4,1,4,0,0,1,1,E01001595,2,2,02/02/2015,02/02/2015,1,9,0,16,0.0,1,5,0,0,0,0.0,1.0,1,Male,28,26 - 35,1598,1,9,-1,1,-1.0,1,1,1,1,28,6,2,0,0,0,0,0,9,1,6,,,,,,,,,,,,,,,,,2015,2,2,3
15305,201501RG40076,545400.0,178570.0,0.09279,51.487393,1,Slight,1,1,2015-05-02,Saturday,20:26,Greenwich,E09000011,3,206,6,30.0,3,4,6,0,0.0,0.0,7,1,1,0,0,1,1,E01001673,3,1,05/02/2015,05/02/2015,1,9,0,18,0.0,1,0,0,0,0,1.0,1.0,6,Male,29,26 - 35,1995,2,11,-1,1,-1.0,1,1,3,1,44,7,3,5,1,0,0,2,0,1,4,,,,,,,,,,,,,,,,,2015,5,1,20
15312,201501RG40086,537920.0,177690.0,-0.015216,51.481358,1,Slight,2,1,2015-11-02,Monday,05:49,Greenwich,E09000011,3,200,6,30.0,3,4,4,208,0.0,0.0,4,1,1,0,0,1,2,E01033730,3,1,11/02/2015,11/02/2015,1,9,0,3,0.0,2,0,0,0,0,2.0,1.0,6,Male,23,21 - 25,-1,-1,-1,-1,1,-1.0,2,1,1,1,42,7,3,0,0,0,0,0,5,1,3,,,,,,,,,,,,,,,,,2015,11,1,5
15313,201501RG40089,539190.0,179280.0,0.003687,51.495334,1,Slight,1,1,2015-02-20,Friday,20:10,Greenwich,E09000011,3,102,3,30.0,3,4,6,0,0.0,0.0,4,1,1,0,0,1,1,E01001667,3,1,20/02/2015,20/02/2015,1,9,0,18,0.0,1,0,0,0,0,1.0,1.0,6,Male,33,26 - 35,1796,1,7,-1,1,-1.0,1,1,3,1,29,6,3,5,3,0,0,2,0,1,7,,,,,,,,,,,,,,,,,2015,2,1,20
15333,201501RG40115,546030.0,178140.0,0.101679,51.483367,1,Slight,2,1,2015-02-25,Wednesday,18:04,Greenwich,E09000011,3,209,6,30.0,6,4,6,0,0.0,0.0,4,1,2,0,0,1,1,E01001669,3,1,25/02/2015,25/02/2015,1,9,0,7,0.0,8,0,0,0,0,3.0,1.0,6,Male,26,26 - 35,1895,1,18,-1,1,-1.0,1,1,1,1,26,6,3,0,0,0,0,0,9,1,3,,,,,,,,,,,,,,,,,2015,2,1,18
15339,201501RG40126,541720.0,178800.0,0.039916,51.490393,1,Serious,2,1,2015-05-03,Sunday,19:30,Greenwich,E09000011,3,206,1,30.0,1,4,6,0,0.0,0.0,1,1,1,0,0,1,1,E01001709,2,2,05/03/2015,05/03/2015,1,5,0,9,0.0,8,0,0,0,0,3.0,1.0,6,Male,34,26 - 35,124,1,23,-1,-1,-1.0,1,1,1,1,34,6,2,0,0,0,0,0,5,-1,-1,,,,,,,,,,,,,,,,,2015,5,2,19
15341,201501RG40129,540770.0,178130.0,0.025974,51.48461,1,Slight,2,1,2015-02-22,Sunday,23:30,Greenwich,E09000011,6,0,6,30.0,3,4,6,0,0.0,0.0,4,1,1,0,0,1,2,E01001592,3,1,22/02/2015,22/02/2015,1,9,0,18,0.0,1,0,0,0,0,2.0,1.0,6,Male,31,26 - 35,2987,2,5,-1,1,-1.0,1,1,1,1,31,6,3,0,0,0,0,0,9,1,6,,,,,,,,,,,,,,,,,2015,2,1,23
15347,201501RG40139,539420.0,178200.0,0.006572,51.485573,1,Serious,2,1,2015-11-03,Tuesday,18:17,Greenwich,E09000011,3,206,6,30.0,6,4,6,0,0.0,0.0,4,1,1,0,0,1,1,E01001662,2,2,11/03/2015,11/03/2015,1,9,0,9,0.0,8,0,0,0,0,4.0,1.0,1,Male,26,26 - 35,1896,2,10,-1,1,-1.0,2,1,1,1,34,6,2,0,0,0,0,0,1,1,2,,,,,,,,,,,,,,,,,2015,11,2,18
15348,201501RG40142,542610.0,173310.0,0.050514,51.440838,1,Serious,2,1,2015-03-13,Friday,22:30,Greenwich,E09000011,6,0,6,30.0,0,-1,-1,0,0.0,0.0,4,1,1,0,0,1,1,E01001615,2,2,13/03/2015,13/03/2015,1,9,0,18,0.0,0,0,4,0,0,1.0,1.0,6,Male,26,26 - 35,1598,1,12,-1,1,-1.0,1,1,1,1,26,6,2,0,0,0,0,0,9,1,2,,,,,,,,,,,,,,,,,2015,3,2,22
15360,201501RG40156,545290.0,178080.0,0.091005,51.483018,1,Slight,2,1,2015-12-03,Thursday,21:00,Greenwich,E09000011,5,0,6,30.0,3,4,6,0,0.0,0.0,4,1,1,0,0,1,1,E01001635,3,1,12/03/2015,12/03/2015,1,9,0,4,0.0,8,1,0,0,0,1.0,1.0,6,Male,21,21 - 25,1242,1,12,-1,1,-1.0,2,1,2,2,24,5,3,0,0,1,0,0,9,1,3,,,,,,,,,,,,,,,,,2015,12,1,21
15370,201501RG40169,541220.0,173770.0,0.030711,51.445319,1,Slight,2,1,2015-02-28,Saturday,01:23,Greenwich,E09000011,3,20,3,30.0,3,4,6,0,0.0,0.0,4,1,2,0,0,1,1,E01001653,3,1,28/02/2015,28/02/2015,1,9,0,11,0.0,2,0,0,0,0,4.0,1.0,6,Female,18,16 - 20,-1,-1,-1,-1,3,-1.0,2,1,1,1,23,5,3,0,0,0,0,0,9,1,8,,,,,,,,,,,,,,,,,2015,2,1,1
15372,201501RG40171,544010.0,177920.0,0.072519,51.481908,1,Slight,2,1,2015-03-13,Friday,19:02,Greenwich,E09000011,5,0,6,30.0,3,4,5,0,0.0,0.0,1,1,1,0,0,1,1,E01001700,3,1,13/03/2015,13/03/2015,1,9,0,9,0.0,8,0,0,0,0,1.0,1.0,6,Male,35,26 - 35,1799,1,7,-1,1,-1.0,1,1,1,1,35,6,3,0,0,0,0,0,9,1,2,,,,,,,,,,,,,,,,,2015,3,1,19
15379,201501RG40180,543810.0,177860.0,0.069616,51.48142,1,Slight,2,2,2015-03-18,Wednesday,20:44,Greenwich,E09000011,6,0,6,30.0,0,-1,-1,0,0.0,0.0,4,1,1,0,0,1,1,E01001703,3,1,18/03/2015,18/03/2015,1,9,0,5,0.0,0,0,0,0,0,3.0,1.0,6,Male,22,21 - 25,-1,-1,-1,-1,1,-1.0,2,1,1,1,34,6,3,0,0,0,0,0,9,1,5,,,,,,,,,,,,,,,,,2015,3,2,20
15384,201501RG40187,537380.0,177860.0,-0.022922,51.483016,1,Slight,2,1,2015-06-04,Thursday,22:40,Greenwich,E09000011,6,0,6,30.0,3,4,6,0,0.0,0.0,7,1,1,0,0,1,1,E01033727,3,1,06/04/2015,06/04/2015,1,4,0,5,0.0,1,0,0,0,0,1.0,1.0,6,Male,21,21 - 25,125,1,12,-1,1,-1.0,1,1,1,1,21,5,3,0,0,0,0,0,4,1,4,,,,,,,,,,,,,,,,,2015,6,1,22
15385,201501RG40188,544600.0,177800.0,0.08096,51.480679,1,Slight,2,1,2015-03-27,Friday,22:30,Greenwich,E09000011,5,0,6,30.0,0,-1,-1,0,0.0,0.0,4,1,1,0,0,1,1,E01001683,3,1,27/03/2015,27/03/2015,1,9,0,18,0.0,0,0,0,0,0,1.0,1.0,6,Female,32,26 - 35,-1,-1,-1,-1,1,-1.0,1,1,3,1,16,4,3,5,3,0,0,2,0,1,2,,,,,,,,,,,,,,,,,2015,3,1,22
15398,201501RG40211,539910.0,174940.0,0.012335,51.456158,1,Slight,1,1,2015-04-23,Thursday,19:45,Greenwich,E09000011,3,20,6,30.0,3,4,6,0,0.0,0.0,1,1,1,0,0,1,1,E01003286,3,1,23/04/2015,23/04/2015,1,9,0,18,0.0,2,0,0,0,0,4.0,2.0,6,Male,34,26 - 35,-1,-1,-1,-1,-1,-1.0,1,1,3,2,14,3,3,5,2,0,0,2,0,1,2,,,,,,,,,,,,,,,,,2015,4,1,19
15412,201501RG40230,545290.0,178090.0,0.091009,51.483108,1,Slight,3,2,2015-04-30,Thursday,18:31,Greenwich,E09000011,5,0,6,30.0,3,4,6,0,0.0,0.0,1,1,1,0,0,1,1,E01001635,3,1,30/04/2015,30/04/2015,1,9,0,18,0.0,2,0,0,0,0,1.0,1.0,6,Female,29,26 - 35,1124,1,13,-1,1,-1.0,1,1,1,2,29,6,3,0,0,0,0,0,9,1,3,,,,,,,,,,,,,,,,,2015,4,2,18
15428,201501RG40248,538230.0,177400.0,-0.010868,51.478676,1,Slight,2,1,2015-09-05,Saturday,22:09,Greenwich,E09000011,3,206,6,30.0,3,4,4,209,0.0,0.0,4,1,1,0,0,1,1,E01001641,3,1,09/05/2015,09/05/2015,1,9,0,9,0.0,8,0,0,0,0,3.0,1.0,6,Male,17,16 - 20,1995,2,8,-1,1,-1.0,2,1,1,1,20,4,3,0,0,0,0,0,2,-1,-1,,,,,,,,,,,,,,,,,2015,9,1,22
15439,201501RG40261,540700.0,177070.0,0.024545,51.475102,1,Slight,2,1,2015-05-15,Friday,22:55,Greenwich,E09000011,3,102,1,30.0,1,4,3,207,0.0,0.0,4,1,1,0,0,1,1,E01001652,3,1,15/05/2015,15/05/2015,1,9,0,11,0.0,8,0,0,0,0,4.0,1.0,6,Male,28,26 - 35,599,1,15,-1,1,-1.0,2,1,1,2,48,8,3,0,0,0,0,0,1,1,2,,,,,,,,,,,,,,,,,2015,5,1,22
15447,201501RG40269,544690.0,174450.0,0.080886,51.450555,1,Slight,2,1,2015-05-05,Tuesday,18:06,Greenwich,E09000011,3,210,6,30.0,6,2,4,2214,0.0,5.0,1,1,1,0,0,1,1,E01001614,3,1,05/05/2015,05/05/2015,1,9,0,7,0.0,8,0,0,0,0,1.0,1.0,6,Male,34,26 - 35,1998,2,3,-1,1,-1.0,2,1,1,1,36,7,3,0,0,0,0,0,9,1,9,,,,,,,,,,,,,,,,,2015,5,1,18
15450,201501RG40272,546060.0,180320.0,0.103012,51.502948,1,Serious,1,1,2015-05-19,Tuesday,03:20,Greenwich,E09000011,3,2041,1,30.0,1,4,6,0,0.0,0.0,1,1,1,0,0,1,1,E01033743,2,2,19/05/2015,19/05/2015,1,5,0,18,0.0,8,0,0,0,0,3.0,1.0,6,Male,22,21 - 25,499,1,22,-1,1,-1.0,1,1,1,1,22,5,2,0,0,0,0,0,5,1,2,,,,,,,,,,,,,,,,,2015,5,2,3
15453,201501RG40276,538400.0,177690.0,-0.008308,51.48124,1,Slight,2,2,2015-04-20,Monday,20:20,Greenwich,E09000011,3,206,2,30.0,3,2,3,206,0.0,5.0,1,1,1,0,0,1,2,E01001641,3,1,20/04/2015,20/04/2015,1,9,0,10,0.0,1,0,0,0,0,2.0,1.0,6,Male,25,21 - 25,1422,2,13,-1,1,-1.0,1,1,1,1,25,5,3,0,0,0,0,0,9,1,4,,,,,,,,,,,,,,,,,2015,4,2,20
15454,201501RG40277,542190.0,178670.0,0.046629,51.489107,1,Slight,2,1,2015-04-23,Thursday,21:30,Greenwich,E09000011,6,0,6,30.0,6,4,6,0,0.0,0.0,4,1,1,0,0,1,1,E01001708,3,1,23/04/2015,23/04/2015,1,9,0,1,0.0,8,0,0,0,0,2.0,1.0,6,Male,25,21 - 25,1360,1,8,-1,-1,-1.0,2,1,1,1,25,5,3,0,0,0,0,0,2,-1,-1,,,,,,,,,,,,,,,,,2015,4,1,21
15457,201501RG40282,541590.0,174660.0,0.036387,51.453225,1,Serious,2,1,2015-05-20,Wednesday,19:35,Greenwich,E09000011,3,205,1,30.0,1,4,3,210,0.0,0.0,4,1,1,0,0,1,1,E01001659,2,2,20/05/2015,20/05/2015,1,2,0,7,0.0,8,0,0,0,0,3.0,1.0,6,Male,24,21 - 25,124,1,11,-1,1,-1.0,1,1,1,1,24,5,2,0,0,0,0,0,2,1,2,,,,,,,,,,,,,,,,,2015,5,2,19
15464,201501RG40292,545080.0,178720.0,0.088246,51.488823,1,Slight,1,2,2015-05-23,Saturday,05:32,Greenwich,E09000011,3,206,6,30.0,0,-1,-1,0,0.0,0.0,4,1,1,0,7,1,1,E01001673,3,1,23/05/2015,23/05/2015,1,9,0,18,0.0,0,0,10,1,10,4.0,1.0,6,Male,22,21 - 25,1461,2,1,-1,1,-1.0,1,1,1,1,22,5,3,0,0,0,0,0,9,1,4,,,,,,,,,,,,,,,,,2015,5,2,5
15478,201501RG40306,541590.0,177860.0,0.037668,51.481979,1,Slight,1,1,2015-01-06,Tuesday,20:15,Greenwich,E09000011,4,210,6,30.0,0,-1,-1,0,0.0,0.0,4,1,1,0,0,1,1,E01001591,3,1,01/06/2015,01/06/2015,1,9,0,18,0.0,0,0,10,7,3,3.0,1.0,6,Male,35,26 - 35,1794,1,10,-1,1,-1.0,1,1,1,1,35,6,3,0,0,0,0,0,9,1,2,,,,,,,,,,,,,,,,,2015,1,1,20
15481,201501RG40310,545350.0,177800.0,0.091753,51.480487,1,Slight,2,2,2015-05-31,Sunday,18:59,Greenwich,E09000011,5,0,6,30.0,3,4,6,0,0.0,0.0,1,1,1,0,0,1,2,E01001671,3,1,31/05/2015,31/05/2015,1,9,0,18,0.0,8,0,0,0,0,1.0,1.0,6,Male,24,21 - 25,1328,1,8,-1,1,-1.0,1,1,1,1,24,5,3,0,0,0,0,0,9,1,10,,,,,,,,,,,,,,,,,2015,5,2,18
15482,201501RG40312,537920.0,176760.0,-0.015579,51.473,1,Slight,1,1,2015-04-15,Wednesday,22:00,Greenwich,E09000011,3,2,6,30.0,6,2,3,2211,0.0,0.0,4,1,1,0,0,1,1,E01001644,3,1,15/04/2015,15/04/2015,1,9,0,18,0.0,1,0,0,0,0,1.0,1.0,6,Male,22,21 - 25,-1,-1,-1,-1,1,-1.0,1,1,3,2,26,6,3,5,1,0,0,2,0,1,4,,,,,,,,,,,,,,,,,2015,4,1,22
15483,201501RG40313,544680.0,177680.0,0.082063,51.479581,1,Slight,2,1,2015-04-26,Sunday,19:30,Greenwich,E09000011,6,0,6,30.0,3,4,6,0,0.0,0.0,1,1,1,0,0,1,2,E01001683,3,1,26/04/2015,26/04/2015,1,9,0,3,0.0,1,0,0,0,0,1.0,1.0,6,Male,22,21 - 25,1398,1,12,-1,1,-1.0,2,1,1,1,26,6,3,0,0,0,0,0,9,1,4,,,,,,,,,,,,,,,,,2015,4,1,19
15524,201501RG40364,540300.0,178340.0,0.019293,51.486614,1,Slight,2,1,2015-06-24,Wednesday,20:00,Greenwich,E09000011,3,206,6,30.0,3,4,3,206,0.0,0.0,1,1,1,0,0,1,1,E01033738,3,1,24/06/2015,24/06/2015,1,9,0,7,0.0,8,0,0,0,0,3.0,1.0,1,Male,20,16 - 20,1686,2,2,-1,1,-1.0,2,1,2,1,-1,-1,3,0,0,1,0,0,9,1,3,,,,,,,,,,,,,,,,,2015,6,1,20
15537,201501RG40380,538310.0,177530.0,-0.009666,51.479825,1,Slight,2,1,2015-06-24,Wednesday,18:33,Greenwich,E09000011,3,206,6,30.0,6,4,6,0,0.0,0.0,1,1,1,0,0,1,1,E01001641,3,1,24/06/2015,24/06/2015,1,9,0,9,0.0,8,0,0,0,0,2.0,1.0,6,Female,35,26 - 35,-1,-1,-1,-1,1,-1.0,2,1,1,1,22,5,3,0,0,0,0,0,2,-1,-1,,,,,,,,,,,,,,,,,2015,6,1,18
15543,201501RG40388,544060.0,178580.0,0.073507,51.487826,1,Slight,4,1,2015-05-17,Sunday,05:55,Greenwich,E09000011,5,0,6,30.0,6,4,5,0,0.0,0.0,1,1,1,0,0,1,1,E01001695,3,1,17/05/2015,17/05/2015,1,9,0,18,0.0,8,0,0,0,0,3.0,1.0,6,Male,27,26 - 35,2143,2,5,-1,1,-1.0,2,1,1,2,36,7,3,0,0,0,0,0,9,1,2,,,,,,,,,,,,,,,,,2015,5,1,5
15545,201501RG40390,540650.0,178400.0,0.024355,51.487066,1,Slight,2,2,2015-05-07,Thursday,03:50,Greenwich,E09000011,3,206,6,30.0,3,4,6,0,0.0,1.0,7,1,1,0,0,1,1,E01001666,3,1,05/07/2015,05/07/2015,1,9,0,3,0.0,2,0,0,0,0,2.0,1.0,6,Male,17,16 - 20,1390,1,6,-1,-1,-1.0,1,1,1,1,17,4,3,0,0,0,0,0,9,-1,-1,,,,,,,,,,,,,,,,,2015,5,2,3