,accident_index,location_easting_osgr,location_northing_osgr,longitude,latitude,police_force,accident_severity,number_of_vehicles,number_of_casualties,date,day_of_week,time,local_authority_district,local_authority_highway,first_road_class,first_road_number,road_type,speed_limit,junction_detail,junction_control,second_road_class,second_road_number,pedestrian_crossing-human_control,pedestrian_crossing-physical_facilities,light_conditions,weather_conditions,road_surface_conditions,special_conditions_at_site,carriageway_hazards,urban_or_rural_area,did_police_officer_attend_scene_of_accident,lsoa_of_accident_location,accident_severity_num,accident_severity_inv,date2,date_original,vehicle_reference_x,vehicle_type,towing_and_articulation,vehicle_manoeuvre,vehicle_location-restricted_lane,junction_location,skidding_and_overturning,hit_object_in_carriageway,vehicle_leaving_carriageway,hit_object_off_carriageway,1st_point_of_impact,was_vehicle_left_hand_drive?,journey_purpose_of_driver,sex_of_driver,age_of_driver,age_band_of_driver,engine_capacity_cc,propulsion_code,age_of_vehicle,driver_imd_decile,driver_home_area_type,vehicle_imd_decile,vehicle_reference_y,casualty_reference,casualty_class,sex_of_casualty,age_of_casualty,age_band_of_casualty,casualty_severity,pedestrian_location,pedestrian_movement,car_passenger,bus_or_coach_passenger,pedestrian_road_maintenance_worker,casualty_type,casualty_home_area_type,casualty_imd_decile,accident_year_x,accident_reference_x,local_authority_ons_district,pedestrian_crossing_human_control,pedestrian_crossing_physical_facilities,trunk_road_flag,accident_year_y,accident_reference_y,vehicle_direction_from,vehicle_direction_to,vehicle_location_restricted_lane,first_point_of_impact,vehicle_left_hand_drive,generic_make_model,accident_year,accident_reference,year,month,severity,hours
15901,201501RY10006,545590.0,173120.0,0.093282,51.438373,1,Slight,2,1,2015-03-01,Sunday,18:20,Bexley,E09000004,4,2214,1,30.0,2,4,5,0,0.0,0.0,4,1,1,0,0,1,1,E01000463,3,1,03/01/2015,03/01/2015,1,9,0,18,0.0,8,0,0,0,0,4.0,1.0,6,Male,34,26 - 35,1686,2,6,-1,1,-1.0,2,1,1,1,24,5,3,0,0,0,0,0,4,1,3,,,,,,,,,,,,,,,,,2015,3,1,18
15907,201501RY10013,548830.0,178680.0,0.142201,51.48749,1,Slight,3,1,2015-01-14,Wednesday,20:21,Bexley,E09000004,6,0,6,30.0,3,4,6,0,0.0,0.0,4,2,2,0,0,1,1,E01000337,3,1,14/01/2015,14/01/2015,1,9,0,18,0.0,8,0,4,0,0,1.0,1.0,6,Male,24,21 - 25,-1,-1,-1,-1,1,-1.0,1,1,1,1,24,5,3,0,0,0,0,0,9,1,1,,,,,,,,,,,,,,,,,2015,1,1,20
15908,201501RY10014,546250.0,174590.0,0.103378,51.451412,1,Slight,2,1,2015-01-16,Friday,19:52,Bexley,E09000004,5,0,6,30.0,3,4,6,0,0.0,0.0,4,2,2,0,0,1,1,E01000413,3,1,16/01/2015,16/01/2015,1,9,0,9,0.0,8,0,0,0,0,3.0,1.0,6,Male,23,21 - 25,1248,2,11,-1,1,-1.0,1,1,1,1,23,5,3,0,0,0,0,0,9,1,1,,,,,,,,,,,,,,,,,2015,1,1,19
15912,201501RY10019,551590.0,177240.0,0.181305,51.473819,1,Slight,2,1,2015-01-16,Friday,18:38,Bexley,E09000004,3,206,1,30.0,1,4,6,0,0.0,0.0,1,1,1,0,0,1,1,E01000431,3,1,16/01/2015,16/01/2015,1,3,0,18,0.0,8,0,0,0,0,1.0,1.0,6,Male,23,21 - 25,125,1,5,-1,1,-1.0,1,1,1,1,23,5,3,0,0,0,0,0,3,1,10,,,,,,,,,,,,,,,,,2015,1,1,18
15924,201501RY10032,549520.0,173600.0,0.149985,51.441663,1,Slight,1,1,2015-01-24,Saturday,23:35,Bexley,E09000004,3,222,6,30.0,0,-1,-1,0,0.0,0.0,4,1,1,0,0,1,1,E01000447,3,1,24/01/2015,24/01/2015,1,9,0,18,0.0,0,0,0,0,0,1.0,1.0,6,Female,24,21 - 25,1796,1,11,-1,1,-1.0,1,1,3,2,45,7,3,5,1,0,0,2,0,1,5,,,,,,,,,,,,,,,,,2015,1,1,23
15928,201501RY10037,551550.0,176740.0,0.180515,51.469337,1,Slight,2,2,2015-01-25,Sunday,23:25,Bexley,E09000004,3,206,3,40.0,0,-1,-1,0,0.0,0.0,4,1,2,0,0,1,1,E01000367,3,1,25/01/2015,25/01/2015,1,9,0,18,0.0,0,0,0,0,0,1.0,1.0,6,Male,27,26 - 35,-1,-1,-1,-1,1,-1.0,1,1,1,1,27,6,3,0,0,0,0,0,9,1,3,,,,,,,,,,,,,,,,,2015,1,2,23
15935,201501RY10044,549430.0,175190.0,0.149362,51.455974,1,Slight,2,1,2015-01-23,Friday,19:00,Bexley,E09000004,3,207,6,30.0,3,2,3,207,0.0,5.0,4,1,1,0,0,1,1,E01000362,3,1,23/01/2015,23/01/2015,1,9,0,9,0.0,8,0,0,0,0,4.0,1.0,6,Female,21,21 - 25,1199,1,1,-1,1,-1.0,1,1,1,2,21,5,3,0,0,0,0,0,9,1,10,,,,,,,,,,,,,,,,,2015,1,1,19
15936,201501RY10045,545970.0,175940.0,0.099908,51.463615,1,Slight,1,1,2015-01-29,Thursday,18:45,Bexley,E09000004,3,207,6,30.0,3,2,5,0,0.0,5.0,4,2,2,0,0,1,1,E01000414,3,1,29/01/2015,29/01/2015,1,9,0,9,0.0,8,0,0,0,0,3.0,1.0,6,Female,28,26 - 35,998,1,1,-1,1,-1.0,1,1,3,1,-1,-1,3,1,3,0,0,2,0,-1,-1,,,,,,,,,,,,,,,,,2015,1,1,18
15966,201501RY10081,551680.0,175120.0,0.181691,51.454747,1,Slight,1,2,2015-01-03,Saturday,21:54,Bexley,E09000004,6,0,6,30.0,3,4,6,0,0.0,0.0,4,1,1,0,0,1,1,E01000377,3,1,01/03/2015,01/03/2015,1,9,0,7,0.0,8,0,0,0,0,1.0,1.0,6,Male,25,21 - 25,-1,-1,-1,-1,1,-1.0,1,1,3,2,66,10,3,5,1,0,0,2,0,1,7,,,,,,,,,,,,,,,,,2015,1,2,21
15974,201501RY10090,549070.0,177120.0,0.144997,51.47341,1,Slight,2,1,2015-02-22,Sunday,20:15,Bexley,E09000004,5,0,1,30.0,1,4,5,0,0.0,0.0,4,1,1,0,0,1,1,E01000440,3,1,22/02/2015,22/02/2015,1,9,0,18,0.0,8,0,0,0,0,4.0,1.0,6,Male,22,21 - 25,-1,-1,-1,-1,1,-1.0,1,1,1,1,22,5,3,0,0,0,0,0,9,1,7,,,,,,,,,,,,,,,,,2015,2,1,20
15989,201501RY10108,551750.0,176060.0,0.183101,51.463174,1,Slight,2,2,2015-03-31,Tuesday,18:05,Bexley,E09000004,3,206,1,30.0,1,4,3,206,0.0,0.0,4,1,1,0,0,1,1,E01000380,3,1,31/03/2015,31/03/2015,1,9,0,18,0.0,8,0,0,0,0,4.0,1.0,6,Male,23,21 - 25,1389,1,13,-1,2,-1.0,1,1,1,1,23,5,3,0,0,0,0,0,9,2,8,,,,,,,,,,,,,,,,,2015,3,2,18
15992,201501RY10111,545730.0,175840.0,0.096414,51.462778,1,Slight,1,1,2015-03-04,Wednesday,22:40,Bexley,E09000004,6,0,6,30.0,0,-1,-1,0,0.0,0.0,4,1,1,0,0,1,1,E01000414,3,1,03/04/2015,03/04/2015,1,3,0,18,0.0,0,0,0,0,0,3.0,1.0,6,Male,24,21 - 25,124,1,-1,-1,1,-1.0,1,1,1,1,24,5,3,0,0,0,0,0,3,1,3,,,,,,,,,,,,,,,,,2015,3,1,22
15995,201501RY10114,549310.0,174350.0,0.147282,51.448458,1,Slight,2,1,2015-03-24,Tuesday,18:00,Bexley,E09000004,3,2,3,50.0,0,-1,-1,0,0.0,0.0,1,1,1,0,0,1,1,E01000364,3,1,24/03/2015,24/03/2015,1,9,0,11,0.0,0,0,0,0,0,4.0,1.0,6,Female,22,21 - 25,1968,2,6,-1,1,-1.0,2,1,1,1,-1,-1,3,0,0,0,0,0,3,1,1,,,,,,,,,,,,,,,,,2015,3,1,18
16001,201501RY10121,548330.0,177570.0,0.134539,51.477648,1,Slight,1,1,2015-06-04,Thursday,00:10,Bexley,E09000004,5,0,6,30.0,0,-1,-1,0,0.0,0.0,4,1,1,0,0,1,1,E01000421,3,1,06/04/2015,06/04/2015,1,9,0,18,0.0,0,0,10,1,2,4.0,1.0,6,Female,23,21 - 25,1149,1,3,-1,1,-1.0,1,1,1,2,23,5,3,0,0,0,0,0,9,1,9,,,,,,,,,,,,,,,,,2015,6,1,0
16007,201501RY10128,548660.0,174330.0,0.137926,51.448449,1,Slight,1,3,2015-06-04,Thursday,02:45,Bexley,E09000004,3,2,3,50.0,0,-1,-1,0,0.0,0.0,4,1,1,0,0,1,1,E01000349,3,1,06/04/2015,06/04/2015,1,9,0,18,0.0,0,0,10,1,7,4.0,1.0,6,Male,28,26 - 35,1796,1,4,-1,1,-1.0,1,1,2,2,28,6,3,0,0,1,0,0,9,1,5,,,,,,,,,,,,,,,,,2015,6,3,2
16011,201501RY10133,548740.0,175910.0,0.139741,51.462625,1,Slight,2,2,2015-04-13,Monday,21:11,Bexley,E09000004,5,0,6,30.0,0,-1,-1,0,0.0,0.0,4,1,1,0,0,1,1,E01000366,3,1,13/04/2015,13/04/2015,1,9,0,18,0.0,0,0,4,0,0,1.0,1.0,6,Female,20,16 - 20,1398,2,12,-1,1,-1.0,1,1,2,1,14,3,3,0,0,1,0,0,9,1,8,,,,,,,,,,,,,,,,,2015,4,2,21
16015,201501RY10137,545310.0,172050.0,0.088818,51.428831,1,Serious,1,1,2015-04-13,Monday,23:37,Bexley,E09000004,3,211,6,30.0,3,4,6,0,0.0,0.0,4,1,1,0,0,1,1,E01000426,2,2,13/04/2015,13/04/2015,1,9,0,3,0.0,8,0,0,0,0,4.0,1.0,6,Male,28,26 - 35,1587,1,16,-1,1,-1.0,1,1,3,1,41,7,2,5,1,0,0,2,0,1,8,,,,,,,,,,,,,,,,,2015,4,2,23
16027,201501RY10152,545850.0,175970.0,0.098194,51.463915,1,Slight,2,3,2015-04-25,Saturday,22:08,Bexley,E09000004,3,207,6,30.0,3,2,5,0,0.0,5.0,1,1,1,0,0,1,1,E01000414,3,1,25/04/2015,25/04/2015,1,9,0,18,0.0,8,0,0,0,0,1.0,1.0,6,Male,32,26 - 35,2494,1,12,-1,1,-1.0,1,1,1,1,32,6,3,0,0,0,0,0,9,1,8,,,,,,,,,,,,,,,,,2015,4,3,22
16029,201501RY10154,548310.0,175590.0,0.133421,51.459862,1,Slight,2,1,2015-02-05,Thursday,18:45,Bexley,E09000004,6,0,6,30.0,6,4,6,0,0.0,0.0,1,1,1,0,0,1,1,E01000366,3,1,02/05/2015,02/05/2015,1,9,0,18,0.0,8,0,0,0,0,4.0,1.0,6,Female,25,21 - 25,1598,1,7,-1,1,-1.0,1,1,1,2,25,5,3,0,0,0,0,0,9,1,7,,,,,,,,,,,,,,,,,2015,2,1,18
16035,201501RY10162,550040.0,177080.0,0.158936,51.472794,1,Slight,2,1,2015-01-05,Monday,21:26,Bexley,E09000004,5,0,1,30.0,1,4,5,0,0.0,0.0,4,1,1,0,0,1,1,E01000441,3,1,01/05/2015,01/05/2015,1,9,0,18,0.0,8,0,0,0,0,4.0,1.0,6,Male,17,16 - 20,1124,1,14,-1,-1,-1.0,2,1,1,2,22,5,3,0,0,0,0,0,9,1,3,,,,,,,,,,,,,,,,,2015,1,1,21
16038,201501RY10165,550580.0,175660.0,0.166101,51.459892,1,Serious,2,1,2015-04-28,Tuesday,00:34,Bexley,E09000004,6,0,6,30.0,3,4,6,0,0.0,0.0,4,1,1,0,0,1,1,E01000325,2,2,28/04/2015,28/04/2015,1,9,0,2,0.0,8,0,0,0,0,3.0,1.0,6,Male,30,26 - 35,1360,1,15,-1,1,-1.0,2,1,1,1,26,6,2,0,0,0,0,0,9,-1,-1,,,,,,,,,,,,,,,,,2015,4,2,0
16039,201501RY10166,550320.0,179140.0,0.163841,51.491229,1,Slight,1,1,2015-04-05,Sunday,00:30,Bexley,E09000004,3,2016,3,40.0,0,-1,-1,0,0.0,0.0,4,1,1,0,7,1,1,E01000408,3,1,04/05/2015,04/05/2015,1,9,0,18,0.0,0,0,10,1,4,4.0,1.0,6,Male,32,26 - 35,-1,-1,-1,-1,-1,-1.0,1,1,1,1,32,6,3,0,0,0,0,0,9,-1,-1,,,,,,,,,,,,,,,,,2015,4,1,0
16042,201501RY10169,549670.0,175110.0,0.15278,51.455191,1,Slight,2,3,2015-04-26,Sunday,00:38,Bexley,E09000004,3,207,6,30.0,6,2,3,207,0.0,5.0,4,1,1,0,0,1,1,E01000329,3,1,26/04/2015,26/04/2015,1,9,0,18,0.0,8,0,0,0,0,4.0,1.0,6,Male,26,26 - 35,1229,1,9,-1,1,-1.0,1,1,1,1,26,6,3,0,0,0,0,0,9,1,10,,,,,,,,,,,,,,,,,2015,4,3,0
16044,201501RY10171,545160.0,176130.0,0.088334,51.46553,1,Slight,2,1,2015-10-05,Monday,21:49,Bexley,E09000004,3,207,6,30.0,3,4,6,0,0.0,0.0,4,1,1,0,0,1,1,E01000395,3,1,10/05/2015,10/05/2015,1,9,0,18,0.0,8,0,0,0,0,1.0,1.0,6,Female,24,21 - 25,1197,1,-1,-1,2,-1.0,1,1,1,2,24,5,3,0,0,0,0,0,9,2,6,,,,,,,,,,,,,,,,,2015,10,1,21
16048,201501RY10177,548660.0,174330.0,0.137926,51.448449,1,Slight,2,1,2015-04-22,Wednesday,19:35,Bexley,E09000004,3,2,3,50.0,0,-1,-1,0,0.0,0.0,4,1,1,0,0,1,1,E01000349,3,1,22/04/2015,22/04/2015,1,3,0,18,0.0,0,0,0,0,0,3.0,1.0,6,Male,26,26 - 35,125,1,-1,-1,1,-1.0,1,1,1,1,26,6,3,0,0,0,0,0,3,1,3,,,,,,,,,,,,,,,,,2015,4,1,19
16051,201501RY10181,547550.0,174360.0,0.121977,51.449008,1,Slight,2,1,2015-01-05,Monday,22:00,Bexley,E09000004,3,2,6,30.0,0,-1,-1,0,0.0,0.0,1,1,1,0,0,1,1,E01000352,3,1,01/05/2015,01/05/2015,1,3,0,4,0.0,0,0,0,0,0,2.0,1.0,6,Male,20,16 - 20,-1,-1,-1,-1,1,-1.0,1,1,1,1,20,4,3,0,0,0,0,0,3,1,4,,,,,,,,,,,,,,,,,2015,1,1,22
16065,201501RY10200,550640.0,176090.0,0.167147,51.46374,1,Slight,2,1,2015-06-03,Wednesday,20:29,Bexley,E09000004,5,0,6,30.0,6,4,6,0,0.0,0.0,7,1,1,0,0,1,1,E01000326,3,1,06/03/2015,06/03/2015,1,9,0,18,0.0,2,0,10,0,0,1.0,1.0,6,Male,22,21 - 25,1242,1,7,-1,1,-1.0,2,1,1,2,-1,-1,3,0,0,0,0,0,9,-1,-1,,,,,,,,,,,,,,,,,2015,6,1,20
16068,201501RY10203,549520.0,174330.0,0.150293,51.448223,1,Slight,3,2,2015-02-06,Friday,18:10,Bexley,E09000004,3,2,3,50.0,0,-1,-1,0,0.0,0.0,1,1,1,0,0,1,1,E01000447,3,1,02/06/2015,02/06/2015,1,9,0,18,0.0,0,0,0,0,0,2.0,1.0,6,Male,31,26 - 35,1968,2,6,-1,1,-1.0,1,1,1,1,31,6,3,0,0,0,0,0,9,1,4,,,,,,,,,,,,,,,,,2015,2,2,18
16074,201501RY10209,546240.0,172390.0,0.102326,51.431647,1,Slight,2,2,2015-06-13,Saturday,23:30,Bexley,E09000004,3,222,6,30.0,3,4,6,0,0.0,0.0,4,1,1,0,0,1,1,E01000462,3,1,13/06/2015,13/06/2015,1,9,0,9,0.0,8,0,0,0,0,3.0,1.0,6,Female,28,26 - 35,-1,-1,-1,-1,1,-1.0,1,1,1,2,28,6,3,0,0,0,0,0,9,1,10,,,,,,,,,,,,,,,,,2015,6,2,23
16077,201501RY10212,547430.0,178780.0,0.122094,51.488755,1,Serious,2,1,2015-06-14,Sunday,22:00,Greenwich,E09000011,3,2041,1,30.0,1,4,4,213,0.0,0.0,4,1,1,0,0,1,1,E01000417,2,2,14/06/2015,14/06/2015,1,3,0,18,0.0,8,0,0,0,0,3.0,1.0,6,Male,23,21 - 25,125,1,7,-1,1,-1.0,1,1,1,1,23,5,2,0,0,0,0,0,3,1,2,,,,,,,,,,,,,,,,,2015,6,2,22
16082,201501RY10217,549100.0,178850.0,0.146159,51.488946,1,Slight,2,1,2015-06-18,Thursday,18:59,Bexley,E09000004,6,0,6,30.0,3,4,6,0,0.0,0.0,1,1,1,0,0,1,1,E01000336,3,1,18/06/2015,18/06/2015,1,9,0,18,0.0,8,0,0,0,0,1.0,1.0,6,Female,17,16 - 20,-1,-1,-1,-1,1,-1.0,1,1,1,2,17,4,3,0,0,0,0,0,9,1,8,,,,,,,,,,,,,,,,,2015,6,1,18
16085,201501RY10221,546680.0,176350.0,0.110291,51.467115,1,Slight,2,1,2015-06-06,Saturday,20:06,Bexley,E09000004,3,209,6,30.0,6,4,6,0,0.0,0.0,1,1,1,0,0,1,1,E01000401,3,1,06/06/2015,06/06/2015,1,9,0,18,0.0,8,0,0,0,0,1.0,1.0,6,Male,19,16 - 20,-1,-1,-1,-1,1,-1.0,1,1,1,1,19,4,3,0,0,0,0,0,9,1,8,,,,,,,,,,,,,,,,,2015,6,1,20
16090,201501RY10226,550040.0,177080.0,0.158936,51.472794,1,Slight,2,1,2015-06-16,Tuesday,22:28,Bexley,E09000004,5,0,1,30.0,2,4,5,0,0.0,0.0,4,1,1,0,0,1,1,E01000441,3,1,16/06/2015,16/06/2015,1,2,0,18,0.0,8,0,0,0,0,1.0,1.0,6,Male,18,16 - 20,49,1,6,-1,1,-1.0,1,1,1,1,18,4,3,0,0,0,0,0,2,1,9,,,,,,,,,,,,,,,,,2015,6,1,22
16094,201501RY10232,546170.0,171540.0,0.100969,51.424027,1,Slight,2,1,2015-06-19,Friday,20:30,Bexley,E09000004,3,222,6,30.0,0,-1,-1,0,0.0,4.0,1,1,1,0,0,1,2,E01000457,3,1,19/06/2015,19/06/2015,1,9,0,4,0.0,0,0,0,0,0,2.0,1.0,6,Male,35,26 - 35,1598,2,1,-1,1,-1.0,1,1,1,1,35,6,3,0,0,0,0,0,9,1,4,,,,,,,,,,,,,,,,,2015,6,1,20
16104,201501RY10244,551660.0,174950.0,0.181331,51.453225,1,Slight,3,1,2015-05-30,Saturday,22:57,Bexley,E09000004,4,2186,6,30.0,0,-1,-1,0,0.0,0.0,4,1,1,0,0,1,1,E01000376,3,1,30/05/2015,30/05/2015,1,9,0,18,0.0,0,0,4,0,0,3.0,1.0,6,Male,28,26 - 35,1900,2,9,-1,1,-1.0,1,1,1,1,28,6,3,0,0,0,0,0,9,1,3,,,,,,,,,,,,,,,,,2015,5,1,22
16105,201501RY10245,547520.0,172460.0,0.120755,51.431944,1,Serious,2,2,2015-02-07,Saturday,18:24,Bexley,E09000004,5,0,6,30.0,3,4,6,0,0.0,0.0,1,1,1,0,0,1,1,E01000387,2,2,02/07/2015,02/07/2015,1,9,0,9,0.0,8,0,0,0,0,4.0,1.0,6,Male,22,21 - 25,1299,1,14,-1,1,-1.0,2,1,2,2,34,6,3,0,0,2,0,0,9,-1,-1,,,,,,,,,,,,,,,,,2015,2,4,18
16116,201501RY10258,546210.0,173790.0,0.102472,51.444234,1,Slight,2,1,2015-08-07,Friday,20:55,Bexley,E09000004,5,0,6,30.0,3,4,5,0,0.0,0.0,1,1,1,0,0,1,2,E01000346,3,1,08/07/2015,08/07/2015,1,9,0,18,0.0,8,0,0,0,0,1.0,1.0,6,Male,30,26 - 35,1389,1,18,-1,1,-1.0,1,1,1,1,30,6,3,0,0,0,0,0,9,1,9,,,,,,,,,,,,,,,,,2015,8,1,20
16128,201501RY10271,550820.0,176090.0,0.169736,51.463692,1,Slight,3,1,2015-06-07,Sunday,21:00,Bexley,E09000004,5,0,6,30.0,0,-1,-1,0,0.0,0.0,1,1,1,0,0,1,1,E01000326,3,1,06/07/2015,06/07/2015,1,9,0,18,0.0,0,0,0,0,0,4.0,1.0,6,Female,21,21 - 25,1229,1,8,-1,1,-1.0,1,1,3,1,6,2,3,5,1,0,0,2,0,-1,-1,,,,,,,,,,,,,,,,,2015,6,1,21
16132,201501RY10275,549380.0,178320.0,0.149965,51.48411,1,Slight,2,1,2015-06-26,Friday,23:20,Bexley,E09000004,3,206,6,30.0,0,-1,-1,0,0.0,0.0,4,1,1,0,0,1,1,E01000332,3,1,26/06/2015,26/06/2015,1,9,0,18,0.0,0,0,0,0,0,2.0,1.0,6,Male,18,16 - 20,-1,-1,-1,-1,1,-1.0,1,1,1,1,18,4,3,0,0,0,0,0,9,1,4,,,,,,,,,,,,,,,,,2015,6,1,23
16136,201501RY10279,546260.0,174760.0,0.103592,51.452937,1,Slight,2,1,2015-07-29,Wednesday,18:42,Bexley,E09000004,5,0,6,30.0,6,4,6,0,0.0,0.0,1,1,1,0,0,1,1,E01000411,3,1,29/07/2015,29/07/2015,1,9,0,3,0.0,1,0,0,0,0,2.0,1.0,6,Male,21,21 - 25,1299,1,12,-1,1,-1.0,1,1,1,1,21,5,3,0,0,0,0,0,9,1,7,,,,,,,,,,,,,,,,,2015,7,1,18
16137,201501RY10280,549320.0,177110.0,0.14859,51.473254,1,Slight,2,1,2015-07-29,Wednesday,22:00,Bexley,E09000004,5,0,6,30.0,3,4,6,0,0.0,0.0,4,1,1,0,0,1,2,E01000440,3,1,29/07/2015,29/07/2015,1,9,0,18,0.0,1,5,4,0,0,1.0,1.0,6,Male,24,21 - 25,1598,1,12,-1,1,-1.0,1,1,1,1,24,5,3,0,0,0,0,0,9,1,5,,,,,,,,,,,,,,,,,2015,7,1,22
16140,201501RY10284,545730.0,172860.0,0.095188,51.436001,1,Slight,2,1,2015-07-24,Friday,00:41,Bexley,E09000004,6,0,6,30.0,0,-1,-1,0,0.0,0.0,4,1,1,0,0,1,1,E01000463,3,1,24/07/2015,24/07/2015,1,3,0,18,0.0,0,0,4,0,0,4.0,1.0,6,Male,25,21 - 25,125,1,1,-1,1,-1.0,1,1,1,1,25,5,3,0,0,0,0,0,3,1,7,,,,,,,,,,,,,,,,,2015,7,1,0
16146,201501RY10290,549620.0,174890.0,0.151968,51.453228,1,Slight,2,1,2015-04-08,Wednesday,18:24,Bexley,E09000004,3,220,6,30.0,3,4,6,0,0.0,0.0,1,1,1,0,0,1,1,E01000362,3,1,04/08/2015,04/08/2015,1,9,0,18,0.0,8,0,0,0,0,2.0,1.0,6,Male,19,16 - 20,-1,-1,-1,-1,1,-1.0,2,1,1,1,38,7,3,0,0,0,0,0,9,1,4,,,,,,,,,,,,,,,,,2015,4,1,18
16157,201501RY10303,549670.0,175110.0,0.15278,51.455191,1,Slight,2,2,2015-07-08,Wednesday,20:30,Bexley,E09000004,3,207,6,30.0,6,2,3,220,0.0,5.0,4,1,1,0,0,1,2,E01000329,3,1,07/08/2015,07/08/2015,1,9,0,18,0.0,8,0,0,0,0,1.0,1.0,6,Male,26,26 - 35,-1,-1,-1,-1,1,-1.0,1,1,1,1,26,6,3,0,0,0,0,0,9,1,4,,,,,,,,,,,,,,,,,2015,7,2,20
16170,201501RY10320,547920.0,175880.0,0.127933,51.46257,1,Slight,2,1,2015-02-09,Monday,18:39,Bexley,E09000004,5,0,6,30.0,3,4,6,0,0.0,0.0,1,1,1,0,0,1,1,E01000394,3,1,02/09/2015,02/09/2015,1,9,0,4,0.0,8,0,0,0,0,2.0,1.0,6,Male,18,16 - 20,998,1,1,-1,1,-1.0,1,1,2,2,18,4,3,0,0,1,0,0,9,-1,-1,,,,,,,,,,,,,,,,,2015,2,1,18
16175,201501RY10326,546530.0,175820.0,0.107914,51.462392,1,Slight,2,2,2015-08-29,Saturday,01:03,Bexley,E09000004,3,207,6,30.0,3,4,3,209,0.0,0.0,4,1,1,0,0,1,1,E01000392,3,1,29/08/2015,29/08/2015,1,9,0,18,0.0,8,0,0,0,0,1.0,1.0,6,Female,35,26 - 35,1686,2,2,-1,1,-1.0,1,1,1,2,35,6,3,0,0,0,0,0,9,1,4,,,,,,,,,,,,,,,,,2015,8,2,1
16176,201501RY10327,548740.0,179390.0,0.141205,51.493893,1,Slight,2,3,2015-08-30,Sunday,02:01,Bexley,E09000004,5,0,6,30.0,3,4,6,0,0.0,0.0,4,1,1,0,0,1,1,E01000465,3,1,30/08/2015,30/08/2015,1,9,0,9,0.0,8,0,0,0,0,3.0,1.0,6,Male,32,26 - 35,-1,-1,-1,-1,1,-1.0,1,1,1,1,32,6,3,0,0,0,0,0,9,1,2,,,,,,,,,,,,,,,,,2015,8,3,2
16183,201501RY10338,549240.0,178320.0,0.14795,51.484147,1,Slight,2,1,2015-09-15,Tuesday,20:00,Bexley,E09000004,5,0,1,30.0,1,4,4,250,0.0,0.0,1,1,1,0,0,1,1,E01000333,3,1,15/09/2015,15/09/2015,1,9,0,9,0.0,8,0,0,0,0,4.0,1.0,6,Male,18,16 - 20,-1,-1,-1,-1,1,-1.0,1,1,2,2,40,7,3,0,0,1,0,0,9,1,8,,,,,,,,,,,,,,,,,2015,9,1,20
16198,201501RY10360,546820.0,175780.0,0.112068,51.461957,1,Slight,2,1,2015-09-15,Tuesday,21:26,Bexley,E09000004,3,207,6,30.0,3,4,6,0,0.0,0.0,4,1,1,0,0,1,1,E01000388,3,1,15/09/2015,15/09/2015,1,3,0,18,0.0,8,0,0,0,0,1.0,1.0,6,Male,17,16 - 20,-1,-1,-1,-1,1,-1.0,1,1,1,1,17,4,3,0,0,0,0,0,3,1,4,,,,,,,,,,,,,,,,,2015,9,1,21
16204,201501RY10366,550680.0,176280.0,0.167803,51.465436,1,Slight,2,4,2015-03-09,Monday,20:42,Bexley,E09000004,6,0,6,30.0,0,-1,-1,0,0.0,0.0,4,1,1,0,0,1,1,E01000371,3,1,03/09/2015,03/09/2015,1,9,0,18,0.0,0,0,0,0,0,4.0,1.0,6,Male,17,16 - 20,-1,-1,-1,-1,1,-1.0,1,1,1,1,17,4,3,0,0,0,0,0,9,1,10,,,,,,,,,,,,,,,,,2015,3,4,20
16206,201501RY10368,549360.0,175300.0,0.148402,51.45698,1,Slight,2,1,2015-07-25,Saturday,01:30,Bexley,E09000004,3,220,6,30.0,6,4,5,0,0.0,1.0,4,1,1,0,0,1,2,E01000365,3,1,25/07/2015,25/07/2015,1,9,0,3,0.0,8,0,0,0,0,1.0,1.0,6,Male,27,26 - 35,1995,2,7,-1,1,-1.0,1,1,1,1,27,6,3,0,0,0,0,0,9,1,10,,,,,,,,,,,,,,,,,2015,7,1,1
16228,201501RY10392,545530.0,173250.0,0.092473,51.439557,1,Slight,1,3,2015-07-26,Sunday,00:47,Bexley,E09000004,6,0,6,30.0,0,-1,-1,0,0.0,0.0,4,1,1,0,0,1,1,E01000345,3,1,26/07/2015,26/07/2015,1,9,0,18,0.0,0,5,10,1,4,4.0,1.0,6,Female,17,16 - 20,-1,-1,-1,-1,-1,-1.0,1,1,1,2,17,4,3,0,0,0,0,0,9,-1,-1,,,,,,,,,,,,,,,,,2015,7,3,0
16241,201501RY10407,545710.0,175390.0,0.095941,51.45874,1,Slight,2,4,2015-10-30,Friday,19:57,Bexley,E09000004,6,0,6,30.0,6,4,6,0,0.0,0.0,1,1,1,0,0,1,1,E01000410,3,1,30/10/2015,30/10/2015,1,9,0,18,0.0,8,0,0,0,0,4.0,1.0,6,Male,27,26 - 35,1896,2,7,-1,1,-1.0,1,1,1,1,27,6,3,0,0,0,0,0,9,1,1,,,,,,,,,,,,,,,,,2015,10,4,19
16244,201501RY10410,547340.0,179480.0,0.12109,51.495068,1,Slight,2,1,2015-09-27,Sunday,00:27,Greenwich,E09000011,3,2041,6,30.0,0,-1,-1,0,0.0,0.0,4,1,1,0,0,1,1,E01001575,3,1,27/09/2015,27/09/2015,1,5,0,18,0.0,0,0,0,0,0,3.0,1.0,6,Female,24,21 - 25,-1,-1,-1,-1,1,-1.0,1,1,1,2,24,5,3,0,0,0,0,0,5,1,3,,,,,,,,,,,,,,,,,2015,9,1,0
16287,201501RY10457,546200.0,172400.0,0.101755,51.431747,1,Slight,1,2,2015-11-17,Tuesday,19:05,Bexley,E09000004,6,0,6,30.0,0,-1,-1,0,0.0,0.0,1,1,1,0,0,1,1,E01000462,3,1,17/11/2015,17/11/2015,1,9,0,18,0.0,0,0,0,0,0,3.0,1.0,6,Female,35,26 - 35,-1,-1,-1,-1,1,-1.0,1,1,3,1,14,3,3,5,3,0,0,2,0,1,3,,,,,,,,,,,,,,,,,2015,11,2,19
16291,201501RY10461,551950.0,174250.0,0.185201,51.446858,1,Slight,2,1,2015-02-12,Thursday,21:00,Bexley,E09000004,6,0,6,30.0,3,4,6,0,0.0,0.0,4,1,1,0,0,1,1,E01000375,3,1,02/12/2015,02/12/2015,1,9,0,4,0.0,8,0,0,0,0,2.0,1.0,6,Male,20,16 - 20,1598,1,10,-1,1,-1.0,1,1,1,1,20,4,3,0,0,0,0,0,9,1,2,,,,,,,,,,,,,,,,,2015,2,1,21