,accident_index,location_easting_osgr,location_northing_osgr,longitude,latitude,police_force,accident_severity,number_of_vehicles,number_of_casualties,date,day_of_week,time,local_authority_district,local_authority_highway,first_road_class,first_road_number,road_type,speed_limit,junction_detail,junction_control,second_road_class,second_road_number,pedestrian_crossing-human_control,pedestrian_crossing-physical_facilities,light_conditions,weather_conditions,road_surface_conditions,special_conditions_at_site,carriageway_hazards,urban_or_rural_area,did_police_officer_attend_scene_of_accident,lsoa_of_accident_location,accident_severity_num,accident_severity_inv,date2,date_original,vehicle_reference_x,vehicle_type,towing_and_articulation,vehicle_manoeuvre,vehicle_location-restricted_lane,junction_location,skidding_and_overturning,hit_object_in_carriageway,vehicle_leaving_carriageway,hit_object_off_carriageway,1st_point_of_impact,was_vehicle_left_hand_drive?,journey_purpose_of_driver,sex_of_driver,age_of_driver,age_band_of_driver,engine_capacity_cc,propulsion_code,age_of_vehicle,driver_imd_decile,driver_home_area_type,vehicle_imd_decile,vehicle_reference_y,casualty_reference,casualty_class,sex_of_casualty,age_of_casualty,age_band_of_casualty,casualty_severity,pedestrian_location,pedestrian_movement,car_passenger,bus_or_coach_passenger,pedestrian_road_maintenance_worker,casualty_type,casualty_home_area_type,casualty_imd_decile,accident_year_x,accident_reference_x,local_authority_ons_district,pedestrian_crossing_human_control,pedestrian_crossing_physical_facilities,trunk_road_flag,accident_year_y,accident_reference_y,vehicle_direction_from,vehicle_direction_to,vehicle_location_restricted_lane,first_point_of_impact,vehicle_left_hand_drive,generic_make_model,accident_year,accident_reference,year,month,severity,hours
16294,201501RY10464,547350.0,179270.0,0.121147,51.493179,1,Slight,2,1,2015-04-12,Sunday,18:25,Greenwich,E09000011,3,2041,6,30.0,3,4,6,0,0.0,0.0,1,1,1,0,0,1,1,E01001577,3,1,04/12/2015,04/12/2015,1,9,0,9,0.0,8,0,0,0,0,3.0,1.0,6,Male,30,26 - 35,1995,1,10,-1,1,-1.0,2,1,1,1,24,5,3,0,0,0,0,0,1,1,2,,,,,,,,,,,,,,,,,2015,4,1,18
16303,201501RY10473,545600.0,176030.0,0.094622,51.464519,1,Slight,1,1,2015-06-12,Friday,00:01,Bexley,E09000004,3,207,6,30.0,3,4,3,209,0.0,0.0,4,1,1,0,0,1,1,E01000399,3,1,06/12/2015,06/12/2015,1,9,0,18,0.0,8,0,10,1,1,4.0,1.0,6,Male,30,26 - 35,-1,-1,-1,-1,1,-1.0,1,1,1,1,30,6,3,0,0,0,0,0,9,1,3,,,,,,,,,,,,,,,,,2015,6,1,0
16309,201501RY10479,551610.0,177820.0,0.181842,51.479025,1,Slight,2,1,2015-04-12,Sunday,01:24,Bexley,E09000004,6,0,6,30.0,0,-1,-1,0,0.0,0.0,4,1,1,0,0,1,1,E01000403,3,1,04/12/2015,04/12/2015,1,3,0,18,0.0,0,0,0,0,0,1.0,1.0,6,Male,28,26 - 35,125,1,-1,-1,1,-1.0,1,1,1,1,28,6,3,0,0,0,0,0,3,1,8,,,,,,,,,,,,,,,,,2015,4,1,1
16310,201501RY10480,547950.0,178950.0,0.129649,51.490147,1,Slight,1,1,2015-12-12,Saturday,22:00,Bexley,E09000004,4,213,6,30.0,3,4,6,0,0.0,0.0,4,1,1,0,0,1,1,E01000418,3,1,12/12/2015,12/12/2015,1,9,0,18,0.0,8,0,10,1,10,4.0,1.0,6,Male,35,26 - 35,2435,1,14,-1,1,-1.0,1,1,1,1,35,6,3,0,0,0,0,0,9,1,3,,,,,,,,,,,,,,,,,2015,12,1,22
16313,201501RY10483,551550.0,174670.0,0.179629,51.450738,1,Slight,2,1,2015-04-12,Sunday,23:15,Bexley,E09000004,3,207,6,30.0,3,2,3,207,0.0,5.0,4,1,1,0,0,1,1,E01000378,3,1,04/12/2015,04/12/2015,1,9,0,7,0.0,8,0,0,0,0,3.0,1.0,6,Female,22,21 - 25,1390,1,6,-1,3,-1.0,1,1,1,2,22,5,3,0,0,0,0,0,9,3,6,,,,,,,,,,,,,,,,,2015,4,1,23
16316,201501RY10486,551700.0,176110.0,0.182403,51.463637,1,Slight,2,1,2015-10-12,Monday,23:15,Bexley,E09000004,3,206,1,30.0,1,4,5,0,0.0,0.0,4,1,1,0,0,1,1,E01000380,3,1,10/12/2015,10/12/2015,1,9,0,18,0.0,8,0,0,0,0,4.0,1.0,6,Male,20,16 - 20,1753,2,8,-1,1,-1.0,2,1,1,2,46,8,3,0,0,0,0,0,9,-1,-1,,,,,,,,,,,,,,,,,2015,10,1,23
16320,201501RY10491,550550.0,179320.0,0.167228,51.492786,1,Slight,1,1,2015-11-27,Friday,18:30,Bexley,E09000004,6,0,6,30.0,0,-1,-1,0,0.0,0.0,4,2,2,0,0,1,1,E01000408,3,1,27/11/2015,27/11/2015,1,9,0,18,0.0,0,1,10,1,10,1.0,1.0,6,Female,23,21 - 25,1364,1,8,-1,1,-1.0,1,1,1,2,23,5,3,0,0,0,0,0,9,1,4,,,,,,,,,,,,,,,,,2015,11,1,18
16327,201501RY10498,551360.0,174700.0,0.17691,51.451059,1,Slight,2,2,2015-12-13,Sunday,03:33,Bexley,E09000004,3,207,2,30.0,3,4,6,0,0.0,0.0,4,1,1,0,0,1,1,E01000378,3,1,13/12/2015,13/12/2015,1,9,0,4,0.0,8,0,0,0,0,2.0,1.0,6,Female,20,16 - 20,1242,1,6,-1,1,-1.0,1,1,1,2,20,4,3,0,0,0,0,0,9,1,6,,,,,,,,,,,,,,,,,2015,12,2,3
16331,201501RY10511,548850.0,175150.0,0.141003,51.455767,1,Slight,1,1,2015-12-28,Monday,00:08,Bexley,E09000004,6,0,6,30.0,3,4,6,0,0.0,0.0,4,1,1,0,0,1,1,E01000360,3,1,28/12/2015,28/12/2015,1,9,0,9,0.0,8,0,10,7,2,3.0,1.0,6,Male,28,26 - 35,1396,1,13,-1,1,-1.0,1,1,2,2,28,6,3,0,0,1,0,0,9,1,5,,,,,,,,,,,,,,,,,2015,12,1,0
16354,201501SX20027,524140.0,191090.0,-0.208829,51.604973,1,Slight,2,1,2015-01-15,Thursday,19:09,Barnet,E09000003,5,0,6,30.0,0,-1,-1,0,0.0,0.0,4,4,1,0,0,1,1,E01000259,3,1,15/01/2015,15/01/2015,1,5,0,18,0.0,0,0,0,0,0,4.0,1.0,6,Male,34,26 - 35,749,1,17,-1,1,-1.0,1,1,1,1,34,6,3,0,0,0,0,0,5,1,3,,,,,,,,,,,,,,,,,2015,1,1,19
16356,201501SX20030,527750.0,191270.0,-0.156664,51.605784,1,Serious,1,2,2015-01-15,Thursday,04:00,Barnet,E09000003,3,406,7,40.0,0,-1,-1,0,0.0,0.0,4,5,2,0,0,1,1,E01000164,2,2,15/01/2015,15/01/2015,1,9,0,18,0.0,0,1,10,1,10,1.0,1.0,6,Male,20,16 - 20,1598,1,2,-1,1,-1.0,1,1,1,1,20,4,3,0,0,0,0,0,9,1,5,,,,,,,,,,,,,,,,,2015,1,4,4
16385,201501SX20069,524830.0,189400.0,-0.199471,51.589633,1,Slight,2,1,2015-01-30,Friday,03:03,Barnet,E09000003,3,406,3,40.0,6,2,3,598,0.0,5.0,7,9,1,0,0,1,1,E01000211,3,1,30/01/2015,30/01/2015,1,9,0,18,0.0,1,0,0,0,0,3.0,1.0,6,Male,20,16 - 20,1497,8,4,-1,1,-1.0,1,1,1,1,20,4,3,0,0,0,0,0,9,1,5,,,,,,,,,,,,,,,,,2015,1,1,3
16386,201501SX20071,522950.0,187410.0,-0.227291,51.572161,1,Slight,3,1,2015-01-22,Thursday,19:54,Barnet,E09000003,6,0,1,30.0,2,4,6,0,0.0,0.0,4,1,1,0,0,1,1,E01000221,3,1,22/01/2015,22/01/2015,1,3,0,17,0.0,8,0,0,0,0,1.0,1.0,6,Male,24,21 - 25,125,1,3,-1,1,-1.0,1,1,1,1,24,5,3,0,0,0,0,0,3,1,5,,,,,,,,,,,,,,,,,2015,1,1,19
16399,201501SX20088,523520.0,187980.0,-0.21887,51.57716,1,Slight,2,2,2015-01-24,Saturday,18:50,Barnet,E09000003,3,41,3,30.0,1,4,3,406,0.0,0.0,4,1,4,0,0,1,1,E01000310,3,1,24/01/2015,24/01/2015,1,9,0,3,0.0,1,0,0,0,0,2.0,1.0,6,Female,19,16 - 20,2000,2,11,-1,1,-1.0,1,1,1,2,19,4,3,0,0,0,0,0,9,1,6,,,,,,,,,,,,,,,,,2015,1,2,18
16404,201501SX20096,527450.0,193660.0,-0.160125,51.62733,1,Slight,1,1,2015-01-23,Friday,19:20,Barnet,E09000003,6,0,6,30.0,8,4,6,0,0.0,0.0,4,1,1,0,0,1,1,E01000274,3,1,23/01/2015,23/01/2015,1,9,0,1,0.0,8,0,0,0,0,3.0,1.0,6,Male,28,26 - 35,1596,1,13,-1,1,-1.0,1,1,3,2,27,6,3,9,9,0,0,2,0,1,5,,,,,,,,,,,,,,,,,2015,1,1,19
16422,201501SX20115,522820.0,189520.0,-0.228428,51.591152,1,Slight,1,1,2015-12-02,Wednesday,00:20,Barnet,E09000003,5,0,6,30.0,0,-1,-1,0,0.0,0.0,4,1,1,0,0,1,1,E01000244,3,1,12/02/2015,12/02/2015,1,9,0,18,0.0,0,0,10,1,10,4.0,1.0,6,Male,22,21 - 25,2987,2,9,-1,1,-1.0,1,1,2,1,-1,-1,3,0,0,1,0,0,9,-1,-1,,,,,,,,,,,,,,,,,2015,12,1,0
16431,201501SX20127,527100.0,189900.0,-0.166541,51.593619,1,Slight,1,2,2015-06-02,Tuesday,18:05,Barnet,E09000003,6,0,6,30.0,0,-1,-1,0,0.0,0.0,1,1,1,0,0,1,1,E01000178,3,1,06/02/2015,06/02/2015,1,3,0,18,0.0,0,0,0,0,0,3.0,1.0,6,Male,21,21 - 25,125,1,12,-1,1,-1.0,1,1,3,2,78,11,3,5,3,0,0,2,0,1,6,,,,,,,,,,,,,,,,,2015,6,2,18
16432,201501SX20128,524750.0,186340.0,-0.201711,51.56215,1,Slight,2,1,2015-02-15,Sunday,19:14,Barnet,E09000003,3,407,6,30.0,3,4,6,0,0.0,0.0,4,1,1,0,0,1,1,E01000137,3,1,15/02/2015,15/02/2015,1,9,0,1,0.0,8,0,0,0,0,2.0,1.0,6,Male,26,26 - 35,-1,-1,-1,-1,-1,-1.0,2,1,1,1,28,6,3,0,0,0,0,0,4,1,7,,,,,,,,,,,,,,,,,2015,2,1,19
16438,201501SX20134,524480.0,196780.0,-0.201901,51.656033,1,Slight,2,1,2015-02-18,Wednesday,18:47,Barnet,E09000003,3,1000,6,30.0,3,4,3,1081,0.0,0.0,4,1,1,0,0,1,1,E01000248,3,1,18/02/2015,18/02/2015,1,9,0,5,0.0,1,0,4,0,0,3.0,1.0,6,Female,30,26 - 35,1598,1,8,-1,1,-1.0,1,1,1,2,30,6,3,0,0,0,0,0,9,1,3,,,,,,,,,,,,,,,,,2015,2,1,18
16444,201501SX20142,520730.0,192250.0,-0.257645,51.616139,1,Slight,2,2,2015-02-19,Thursday,19:00,Barnet,E09000003,3,5100,6,30.0,0,-1,-1,0,0.0,0.0,4,2,2,0,0,1,1,E01000234,3,1,19/02/2015,19/02/2015,1,9,0,18,0.0,0,0,0,0,0,1.0,1.0,6,Female,17,16 - 20,1248,1,4,-1,1,-1.0,1,1,1,2,17,4,3,0,0,0,0,0,9,1,6,,,,,,,,,,,,,,,,,2015,2,2,19
16461,201501SX20166,525320.0,197510.0,-0.189503,51.662407,1,Slight,2,1,2015-03-03,Tuesday,03:38,Barnet,E09000003,6,0,6,30.0,0,-1,-1,0,0.0,0.0,7,1,1,0,0,1,1,E01000246,3,1,03/03/2015,03/03/2015,1,9,0,18,0.0,0,0,0,0,0,1.0,1.0,2,Female,28,26 - 35,1968,2,5,-1,1,-1.0,2,1,1,2,34,6,3,0,0,0,0,0,9,1,8,,,,,,,,,,,,,,,,,2015,3,1,3
16470,201501SX20176,525140.0,190640.0,-0.194557,51.600708,1,Slight,1,1,2015-09-02,Wednesday,21:30,Barnet,E09000003,3,598,6,30.0,3,4,6,0,0.0,0.0,4,8,2,0,0,1,1,E01000196,3,1,09/02/2015,09/02/2015,1,2,0,18,0.0,1,0,0,0,0,3.0,1.0,6,Male,31,26 - 35,124,1,5,-1,-1,-1.0,1,1,1,1,31,6,3,0,0,0,0,0,2,-1,-1,,,,,,,,,,,,,,,,,2015,9,1,21
16487,201501SX20195,527740.0,191910.0,-0.156575,51.611538,1,Slight,1,1,2015-02-14,Saturday,21:00,Barnet,E09000003,4,550,6,30.0,0,-1,-1,0,0.0,0.0,4,1,1,0,0,1,1,E01000162,3,1,14/02/2015,14/02/2015,1,9,0,18,0.0,0,1,4,0,0,1.0,1.0,6,Male,28,26 - 35,1998,1,13,-1,1,-1.0,1,1,2,1,26,6,3,0,0,1,0,0,9,1,6,,,,,,,,,,,,,,,,,2015,2,1,21
16493,201501SX20201,520060.0,190540.0,-0.267902,51.600914,1,Slight,1,1,2015-03-03,Tuesday,18:19,Barnet,E09000003,3,5,6,30.0,0,-1,-1,0,0.0,5.0,1,1,1,0,0,1,1,E01002123,3,1,03/03/2015,03/03/2015,1,9,0,4,0.0,0,0,0,0,0,1.0,1.0,6,Male,33,26 - 35,1995,2,9,-1,1,-1.0,1,1,3,1,38,7,3,4,3,0,0,2,0,1,7,,,,,,,,,,,,,,,,,2015,3,1,18
16496,201501SX20204,526910.0,191830.0,-0.168584,51.611006,1,Slight,2,1,2015-05-03,Sunday,21:56,Barnet,E09000003,3,1003,6,30.0,3,4,6,0,0.0,1.0,4,1,1,0,0,1,1,E01000315,3,1,05/03/2015,05/03/2015,1,9,0,4,0.0,2,0,0,0,0,2.0,1.0,6,Male,22,21 - 25,1390,1,4,-1,1,-1.0,1,1,1,1,22,5,3,0,0,0,0,0,9,1,5,,,,,,,,,,,,,,,,,2015,5,1,21
16500,201501SX20209,521640.0,190560.0,-0.245094,51.600755,1,Slight,1,1,2015-03-13,Friday,05:00,Barnet,E09000003,6,0,6,30.0,0,-1,-1,0,0.0,0.0,1,1,1,0,0,1,1,E01000151,3,1,13/03/2015,13/03/2015,1,9,0,18,0.0,0,0,0,0,0,1.0,1.0,6,Female,23,21 - 25,1596,1,9,-1,1,-1.0,1,1,3,1,23,5,3,10,9,0,0,2,0,1,2,,,,,,,,,,,,,,,,,2015,3,1,5
16504,201501SX20213,523450.0,187790.0,-0.219947,51.575467,1,Slight,3,3,2015-03-13,Friday,19:20,Barnet,E09000003,3,406,3,40.0,5,4,3,406,0.0,0.0,1,1,1,0,0,1,1,E01000221,3,1,13/03/2015,13/03/2015,1,9,0,4,0.0,2,0,0,0,0,1.0,1.0,6,Female,32,26 - 35,2143,2,-1,-1,1,-1.0,1,1,1,2,32,6,3,0,0,0,0,0,9,1,10,,,,,,,,,,,,,,,,,2015,3,3,19
16524,201501SX20233,527460.0,192760.0,-0.160308,51.61924,1,Slight,1,1,2015-03-24,Tuesday,00:56,Barnet,E09000003,4,550,6,30.0,0,-1,-1,0,0.0,0.0,7,1,1,0,0,1,1,E01000159,3,1,24/03/2015,24/03/2015,1,9,0,17,0.0,0,5,0,0,0,1.0,1.0,6,Male,27,26 - 35,1800,1,15,-1,1,-1.0,1,1,1,1,27,6,3,0,0,0,0,0,9,1,5,,,,,,,,,,,,,,,,,2015,3,1,0
16542,201501SX20261,526500.0,191100.0,-0.174765,51.604538,1,Slight,2,1,2015-06-03,Wednesday,23:00,Barnet,E09000003,6,0,6,30.0,3,4,3,1000,0.0,0.0,4,1,1,0,0,1,1,E01000316,3,1,06/03/2015,06/03/2015,1,9,0,5,0.0,8,0,0,0,0,1.0,1.0,6,Male,25,21 - 25,2793,1,17,-1,1,-1.0,1,1,2,2,23,5,3,0,0,1,0,0,9,1,2,,,,,,,,,,,,,,,,,2015,6,1,23
16543,201501SX20262,524210.0,191160.0,-0.207794,51.605587,1,Slight,2,1,2015-03-21,Saturday,18:10,Barnet,E09000003,4,552,6,30.0,3,4,6,0,0.0,1.0,1,1,1,0,0,1,2,E01000259,3,1,21/03/2015,21/03/2015,1,9,0,4,0.0,2,0,0,0,0,0.0,1.0,6,Female,27,26 - 35,1397,1,16,-1,1,-1.0,1,1,2,1,3,1,3,0,0,2,0,0,9,1,5,,,,,,,,,,,,,,,,,2015,3,1,18
16555,201501SX20275,520930.0,192950.0,-0.254516,51.622387,1,Slight,2,1,2015-03-27,Friday,20:35,Barnet,E09000003,3,1,3,50.0,9,2,3,5109,0.0,0.0,4,1,1,0,0,1,1,E01000231,3,1,27/03/2015,27/03/2015,1,9,0,9,0.0,8,0,0,0,0,1.0,1.0,6,Male,23,21 - 25,2494,1,16,-1,1,-1.0,2,1,1,1,34,6,3,0,0,0,0,0,9,-1,-1,,,,,,,,,,,,,,,,,2015,3,1,20
16575,201501SX20300,528910.0,191770.0,-0.139739,51.610013,1,Slight,2,1,2015-03-30,Monday,21:40,Barnet,E09000003,3,406,3,40.0,0,-1,-1,0,0.0,0.0,4,1,2,0,0,1,1,E01000160,3,1,30/03/2015,30/03/2015,1,9,0,18,0.0,0,0,0,0,0,1.0,1.0,6,Male,27,26 - 35,1364,1,10,-1,1,-1.0,2,1,1,1,29,6,3,0,0,0,0,0,9,1,3,,,,,,,,,,,,,,,,,2015,3,1,21
16578,201501SX20304,528120.0,191360.0,-0.151291,51.606509,1,Slight,4,3,2015-05-04,Monday,20:49,Barnet,E09000003,3,406,3,40.0,0,-1,-1,0,0.0,0.0,4,1,1,0,0,1,1,E01000164,3,1,05/04/2015,05/04/2015,1,9,0,18,0.0,0,0,0,0,0,1.0,1.0,6,Female,35,26 - 35,1968,2,2,-1,2,-1.0,1,1,1,2,35,6,3,0,0,0,0,0,9,2,6,,,,,,,,,,,,,,,,,2015,5,3,20
16594,201501SX20322,528090.0,194290.0,-0.150654,51.632846,1,Slight,1,1,2015-06-04,Thursday,00:52,Barnet,E09000003,5,0,6,30.0,3,4,6,0,0.0,0.0,4,1,1,0,0,1,1,E01000118,3,1,06/04/2015,06/04/2015,1,9,0,16,0.0,8,0,0,0,0,4.0,1.0,6,Male,24,21 - 25,1199,1,11,-1,1,-1.0,1,1,1,1,24,5,3,0,0,0,0,0,9,1,8,,,,,,,,,,,,,,,,,2015,6,1,0
16595,201501SX20323,525110.0,190870.0,-0.194908,51.602781,1,Slight,1,1,2015-03-04,Wednesday,18:45,Barnet,E09000003,6,0,6,30.0,3,4,3,1003,0.0,0.0,1,1,1,0,0,1,1,E01000296,3,1,03/04/2015,03/04/2015,1,3,0,18,0.0,1,0,0,0,0,3.0,1.0,6,Male,22,21 - 25,108,1,1,-1,1,-1.0,1,1,1,1,22,5,3,0,0,0,0,0,3,1,4,,,,,,,,,,,,,,,,,2015,3,1,18
16596,201501SX20326,525770.0,192560.0,-0.184777,51.617822,1,Slight,1,1,2015-04-14,Tuesday,18:11,Barnet,E09000003,6,0,6,30.0,3,4,6,0,0.0,0.0,1,1,1,0,0,1,1,E01000277,3,1,14/04/2015,14/04/2015,1,9,0,18,0.0,2,0,0,0,0,1.0,1.0,6,Female,17,16 - 20,1396,1,4,-1,1,-1.0,1,1,3,2,26,6,3,5,1,0,0,2,0,-1,-1,,,,,,,,,,,,,,,,,2015,4,1,18
16606,201501SX20345,523440.0,187830.0,-0.220077,51.575829,1,Slight,3,1,2015-03-26,Thursday,18:37,Barnet,E09000003,3,406,3,50.0,5,4,3,406,0.0,0.0,1,4,1,0,0,1,1,E01000307,3,1,26/03/2015,26/03/2015,1,9,0,4,0.0,7,0,0,0,0,2.0,1.0,6,Female,28,26 - 35,1587,1,12,-1,1,-1.0,1,1,2,2,56,9,3,0,0,1,0,0,9,1,5,,,,,,,,,,,,,,,,,2015,3,1,18
16610,201501SX20350,521980.0,188120.0,-0.241034,51.578753,1,Slight,1,1,2015-02-19,Thursday,18:44,Barnet,E09000003,3,5,6,30.0,3,2,3,504,0.0,5.0,4,1,1,0,0,1,1,E01000313,3,1,19/02/2015,19/02/2015,1,3,0,18,0.0,1,0,0,0,0,4.0,1.0,6,Male,24,21 - 25,124,1,9,-1,1,-1.0,1,1,3,2,23,5,3,4,2,0,0,2,0,-1,-1,,,,,,,,,,,,,,,,,2015,2,1,18
16618,201501SX20362,525690.0,187260.0,-0.187829,51.57021,1,Slight,1,1,2015-06-04,Thursday,23:58,Barnet,E09000003,3,502,6,30.0,0,-1,-1,0,0.0,8.0,4,1,1,0,0,1,1,E01000136,3,1,06/04/2015,06/04/2015,1,9,0,18,0.0,0,5,7,0,0,3.0,1.0,6,Male,22,21 - 25,-1,-1,-1,-1,1,-1.0,1,1,1,1,22,5,3,0,0,0,0,0,9,1,7,,,,,,,,,,,,,,,,,2015,6,1,23
16641,201501SX20390,522890.0,190420.0,-0.227104,51.599225,1,Slight,3,3,2015-05-01,Friday,20:20,Barnet,E09000003,3,1,3,50.0,0,-1,-1,0,0.0,0.0,4,1,1,0,0,1,1,E01000240,3,1,05/01/2015,05/01/2015,1,9,0,3,0.0,0,0,0,0,0,2.0,1.0,6,Male,33,26 - 35,1995,2,12,-1,1,-1.0,1,1,2,2,30,6,3,0,0,1,0,0,9,1,8,,,,,,,,,,,,,,,,,2015,5,3,20
16647,201501SX20401,528150.0,191320.0,-0.150873,51.606142,1,Slight,2,1,2015-07-05,Sunday,18:20,Barnet,E09000003,4,550,3,30.0,9,2,3,406,0.0,5.0,1,1,1,0,0,1,1,E01000164,3,1,07/05/2015,07/05/2015,1,9,0,4,0.0,1,0,0,0,0,2.0,1.0,6,Male,24,21 - 25,1396,1,11,-1,1,-1.0,1,1,1,1,24,5,3,0,0,0,0,0,9,1,5,,,,,,,,,,,,,,,,,2015,7,1,18
16651,201501SX20407,524800.0,189420.0,-0.199897,51.589819,1,Slight,2,1,2015-05-13,Wednesday,01:00,Barnet,E09000003,3,406,6,30.0,6,2,3,598,0.0,0.0,4,1,1,0,0,1,1,E01000203,3,1,13/05/2015,13/05/2015,1,9,0,18,0.0,8,0,0,0,0,1.0,1.0,6,Male,28,26 - 35,-1,-1,-1,-1,1,-1.0,2,1,1,2,21,5,3,0,0,0,0,0,9,1,9,,,,,,,,,,,,,,,,,2015,5,1,1
16660,201501SX20416,523140.0,190320.0,-0.223531,51.598272,1,Slight,2,1,2015-08-05,Wednesday,18:00,Barnet,E09000003,3,1,3,40.0,3,4,6,0,0.0,0.0,1,9,1,0,0,1,1,E01000240,3,1,08/05/2015,08/05/2015,1,5,0,18,0.0,1,0,0,0,0,4.0,1.0,6,Male,32,26 - 35,599,1,5,-1,1,-1.0,1,1,1,1,32,6,3,0,0,0,0,0,5,1,9,,,,,,,,,,,,,,,,,2015,8,1,18
16663,201501SX20419,522200.0,188290.0,-0.237802,51.580233,1,Slight,2,1,2015-05-05,Tuesday,20:51,Barnet,E09000003,3,504,6,30.0,3,4,6,0,0.0,0.0,4,4,1,0,0,1,1,E01000313,3,1,05/05/2015,05/05/2015,1,9,0,9,0.0,5,0,0,0,0,3.0,1.0,6,Male,22,21 - 25,1364,2,5,-1,1,-1.0,2,1,1,1,27,6,3,0,0,0,0,0,3,1,6,,,,,,,,,,,,,,,,,2015,5,1,20
16673,201501SX20431,523970.0,188420.0,-0.212224,51.581015,1,Slight,2,2,2015-05-14,Thursday,00:10,Barnet,E09000003,3,406,3,50.0,7,2,3,502,0.0,0.0,4,1,1,0,0,1,1,E01000311,3,1,14/05/2015,14/05/2015,1,9,0,18,0.0,8,0,0,0,0,1.0,1.0,6,Male,30,26 - 35,1984,1,7,-1,1,-1.0,1,1,1,1,30,6,3,0,0,0,0,0,9,1,8,,,,,,,,,,,,,,,,,2015,5,2,0
16675,201501SX20433,525080.0,187440.0,-0.196562,51.571963,1,Slight,2,1,2015-05-13,Wednesday,20:30,Barnet,E09000003,3,502,6,30.0,3,4,6,0,0.0,4.0,1,1,1,0,0,1,2,E01000146,3,1,13/05/2015,13/05/2015,1,3,0,18,0.0,8,0,0,0,0,1.0,1.0,1,Female,26,26 - 35,124,1,2,-1,1,-1.0,1,1,1,2,26,6,3,0,0,0,0,0,3,1,3,,,,,,,,,,,,,,,,,2015,5,1,20
16681,201501SX20443,526600.0,196580.0,-0.171343,51.653763,1,Slight,3,1,2015-05-15,Friday,20:18,Barnet,E09000003,6,0,6,30.0,0,-1,-1,0,0.0,0.0,7,1,1,0,0,1,1,E01000167,3,1,15/05/2015,15/05/2015,1,9,0,17,0.0,0,0,0,0,0,1.0,1.0,6,Male,24,21 - 25,799,2,6,-1,1,-1.0,1,1,1,1,24,5,3,0,0,0,0,0,9,1,2,,,,,,,,,,,,,,,,,2015,5,1,20
16691,201501SX20458,526530.0,190700.0,-0.174476,51.600937,1,Slight,3,1,2015-05-16,Saturday,18:30,Barnet,E09000003,3,406,3,50.0,0,-1,-1,0,0.0,0.0,1,1,1,0,0,1,1,E01000316,3,1,16/05/2015,16/05/2015,1,9,0,12,0.0,0,5,0,0,0,1.0,1.0,6,Male,30,26 - 35,1998,1,1,-1,1,-1.0,1,1,1,1,30,6,3,0,0,0,0,0,9,1,2,,,,,,,,,,,,,,,,,2015,5,1,18
16703,201501SX20473,524400.0,196440.0,-0.203177,51.652995,1,Slight,2,1,2015-05-28,Thursday,18:10,Barnet,E09000003,3,411,6,30.0,3,4,6,0,0.0,0.0,1,1,1,0,0,1,1,E01000292,3,1,28/05/2015,28/05/2015,1,4,0,13,0.0,8,0,0,0,0,4.0,1.0,6,Male,22,21 - 25,398,1,7,-1,1,-1.0,1,1,1,1,22,5,3,0,0,0,0,0,4,1,5,,,,,,,,,,,,,,,,,2015,5,1,18
16722,201501SX20498,520240.0,190650.0,-0.265267,51.601864,1,Slight,2,1,2015-01-06,Tuesday,22:00,Barnet,E09000003,5,0,6,30.0,6,4,6,0,0.0,4.0,4,5,2,0,0,1,1,E01000129,3,1,01/06/2015,01/06/2015,1,9,0,9,0.0,8,0,0,0,0,4.0,1.0,6,Female,26,26 - 35,1198,1,10,-1,1,-1.0,2,1,1,1,47,8,3,0,0,0,0,0,3,1,3,,,,,,,,,,,,,,,,,2015,1,1,22
16761,201501SX20547,523610.0,189990.0,-0.216865,51.595204,1,Slight,2,1,2015-06-15,Monday,20:40,Barnet,E09000003,3,1,3,30.0,6,2,4,552,0.0,0.0,1,1,1,0,0,1,1,E01000198,3,1,15/06/2015,15/06/2015,1,9,0,18,0.0,1,0,0,0,0,1.0,1.0,6,Male,28,26 - 35,1598,1,4,-1,1,-1.0,1,1,2,2,32,6,3,0,0,1,0,0,9,1,7,,,,,,,,,,,,,,,,,2015,6,1,20
16770,201501SX20562,525080.0,186040.0,-0.197059,51.559381,1,Slight,2,2,2015-06-27,Saturday,04:20,Camden,E09000007,3,41,6,30.0,3,2,3,41,0.0,5.0,1,1,1,0,0,1,1,E01000139,3,1,27/06/2015,27/06/2015,1,9,0,18,0.0,8,0,0,0,0,1.0,1.0,2,Female,34,26 - 35,1781,1,13,-1,1,-1.0,2,1,1,2,22,5,3,0,0,0,0,0,9,1,3,,,,,,,,,,,,,,,,,2015,6,2,4
16788,201501SX20585,520820.0,190630.0,-0.256903,51.60156,1,Slight,1,1,2015-04-07,Tuesday,18:35,Barnet,E09000003,6,0,6,30.0,0,-1,-1,0,0.0,0.0,1,1,1,0,6,1,1,E01000128,3,1,04/07/2015,04/07/2015,1,9,0,4,0.0,0,0,0,0,0,1.0,1.0,6,Male,19,16 - 20,3456,8,4,-1,1,-1.0,1,1,3,1,12,3,3,5,4,0,0,2,0,1,3,,,,,,,,,,,,,,,,,2015,4,1,18
16800,201501SX20600,520760.0,190540.0,-0.2578,51.600764,1,Slight,2,1,2015-06-24,Wednesday,22:05,Barnet,E09000003,6,0,6,30.0,6,4,6,0,0.0,0.0,4,1,1,0,0,1,1,E01000128,3,1,24/06/2015,24/06/2015,1,3,0,18,0.0,8,0,0,0,0,3.0,1.0,6,Male,29,26 - 35,125,1,2,-1,1,-1.0,1,1,1,1,29,6,3,0,0,0,0,0,3,1,4,,,,,,,,,,,,,,,,,2015,6,1,22
16809,201501SX20611,520530.0,192250.0,-0.260532,51.616181,1,Slight,2,3,2015-05-07,Thursday,23:10,Barnet,E09000003,3,5109,6,30.0,3,4,6,0,0.0,1.0,4,1,1,0,0,1,1,E01000233,3,1,05/07/2015,05/07/2015,1,9,0,2,0.0,2,0,0,0,0,3.0,1.0,6,Female,28,26 - 35,1984,1,7,-1,1,-1.0,2,1,1,1,42,7,3,0,0,0,0,0,9,1,3,,,,,,,,,,,,,,,,,2015,5,3,23
16812,201501SX20614,524910.0,187050.0,-0.199152,51.568496,1,Slight,2,2,2015-02-07,Saturday,20:05,Barnet,E09000003,6,0,6,30.0,6,3,6,0,0.0,0.0,1,1,1,0,0,1,1,E01000135,3,1,02/07/2015,02/07/2015,1,3,0,18,0.0,8,0,0,0,0,1.0,1.0,6,Male,21,21 - 25,-1,-1,-1,-1,1,-1.0,1,2,1,1,21,5,3,0,0,0,0,0,3,1,2,,,,,,,,,,,,,,,,,2015,2,2,20