,accident_index,location_easting_osgr,location_northing_osgr,longitude,latitude,police_force,accident_severity,number_of_vehicles,number_of_casualties,date,day_of_week,time,local_authority_district,local_authority_highway,first_road_class,first_road_number,road_type,speed_limit,junction_detail,junction_control,second_road_class,second_road_number,pedestrian_crossing-human_control,pedestrian_crossing-physical_facilities,light_conditions,weather_conditions,road_surface_conditions,special_conditions_at_site,carriageway_hazards,urban_or_rural_area,did_police_officer_attend_scene_of_accident,lsoa_of_accident_location,accident_severity_num,accident_severity_inv,date2,date_original,vehicle_reference_x,vehicle_type,towing_and_articulation,vehicle_manoeuvre,vehicle_location-restricted_lane,junction_location,skidding_and_overturning,hit_object_in_carriageway,vehicle_leaving_carriageway,hit_object_off_carriageway,1st_point_of_impact,was_vehicle_left_hand_drive?,journey_purpose_of_driver,sex_of_driver,age_of_driver,age_band_of_driver,engine_capacity_cc,propulsion_code,age_of_vehicle,driver_imd_decile,driver_home_area_type,vehicle_imd_decile,vehicle_reference_y,casualty_reference,casualty_class,sex_of_casualty,age_of_casualty,age_band_of_casualty,casualty_severity,pedestrian_location,pedestrian_movement,car_passenger,bus_or_coach_passenger,pedestrian_road_maintenance_worker,casualty_type,casualty_home_area_type,casualty_imd_decile,accident_year_x,accident_reference_x,local_authority_ons_district,pedestrian_crossing_human_control,pedestrian_crossing_physical_facilities,trunk_road_flag,accident_year_y,accident_reference_y,vehicle_direction_from,vehicle_direction_to,vehicle_location_restricted_lane,first_point_of_impact,vehicle_left_hand_drive,generic_make_model,accident_year,accident_reference,year,month,severity,hours
17273,201501SX21176,525310.0,188410.0,-0.192899,51.580629,1,Slight,2,1,2015-12-18,Friday,18:05,Barnet,E09000003,6,0,6,30.0,0,-1,-1,0,0.0,0.0,4,1,1,0,0,1,1,E01000209,3,1,18/12/2015,18/12/2015,1,9,0,18,0.0,0,0,4,0,0,4.0,1.0,6,Male,18,16 - 20,1198,1,3,-1,1,-1.0,1,1,3,1,50,8,3,5,9,0,0,2,0,1,5,,,,,,,,,,,,,,,,,2015,12,1,18
17281,201501SX21184,520250.0,191990.0,-0.264663,51.613905,1,Serious,2,1,2015-12-15,Tuesday,05:18,Barnet,E09000003,3,5109,6,30.0,6,4,6,0,0.0,0.0,4,1,1,0,0,1,1,E01000227,2,2,15/12/2015,15/12/2015,1,9,0,18,0.0,8,0,0,0,0,1.0,1.0,6,Male,24,21 - 25,-1,-1,-1,-1,1,-1.0,2,1,1,2,38,7,2,0,0,0,0,0,9,1,3,,,,,,,,,,,,,,,,,2015,12,2,5
17287,201501SX21191,525440.0,190990.0,-0.190102,51.603786,1,Slight,2,1,2015-12-16,Wednesday,22:15,Barnet,E09000003,3,598,6,30.0,0,-1,-1,0,0.0,0.0,4,1,1,0,0,1,2,E01000295,3,1,16/12/2015,16/12/2015,1,9,0,18,0.0,0,0,0,0,0,3.0,1.0,6,Female,17,16 - 20,1248,1,3,-1,-1,-1.0,1,1,1,2,17,4,3,0,0,0,0,0,9,-1,-1,,,,,,,,,,,,,,,,,2015,12,1,22
17293,201501SX21197,522970.0,188590.0,-0.22659,51.582762,1,Slight,2,1,2015-12-11,Friday,21:10,Barnet,E09000003,4,551,6,30.0,6,2,3,41,0.0,5.0,4,2,2,0,0,1,1,E01000237,3,1,12/11/2015,12/11/2015,1,3,0,18,0.0,2,0,0,0,0,3.0,1.0,2,Male,28,26 - 35,125,1,6,-1,1,-1.0,1,1,1,1,28,6,3,0,0,0,0,0,3,1,5,,,,,,,,,,,,,,,,,2015,12,1,21
17296,201501SX21200,522360.0,187580.0,-0.235741,51.573818,1,Slight,2,3,2015-02-12,Thursday,00:13,Barnet,E09000003,3,5,7,30.0,5,4,3,5,0.0,0.0,4,1,1,0,0,1,1,E01000305,3,1,02/12/2015,02/12/2015,1,9,0,11,0.0,8,0,10,7,7,4.0,1.0,6,Male,23,21 - 25,-1,-1,-1,-1,1,-1.0,1,2,1,1,23,5,3,0,0,0,0,0,9,1,4,,,,,,,,,,,,,,,,,2015,2,3,0
17299,201501SX21204,521530.0,192150.0,-0.24613,51.615068,1,Slight,2,2,2015-12-20,Sunday,20:49,Barnet,E09000003,3,5100,6,30.0,0,-1,-1,0,0.0,0.0,4,1,2,0,0,1,1,E01000264,3,1,20/12/2015,20/12/2015,1,9,0,18,0.0,0,0,0,0,0,4.0,1.0,6,Male,24,21 - 25,1995,2,-1,-1,1,-1.0,1,1,1,1,24,5,3,0,0,0,0,0,9,1,3,,,,,,,,,,,,,,,,,2015,12,2,20
17307,201501SX21212,524380.0,196880.0,-0.20331,51.656954,1,Slight,2,1,2015-11-13,Friday,04:50,Barnet,E09000003,3,1081,6,30.0,3,4,6,0,0.0,8.0,7,5,2,0,0,1,1,E01000254,3,1,13/11/2015,13/11/2015,1,9,0,9,0.0,1,0,0,0,0,4.0,1.0,6,Male,23,21 - 25,-1,-1,-1,-1,1,-1.0,2,1,1,1,24,5,3,0,0,0,0,0,5,1,7,,,,,,,,,,,,,,,,,2015,11,1,4
17309,201501SX21214,519320.0,192810.0,-0.277809,51.621472,1,Slight,1,1,2015-05-12,Tuesday,20:40,Barnet,E09000003,3,41,3,30.0,6,2,5,0,0.0,5.0,7,9,1,0,0,1,1,E01000188,3,1,05/12/2015,05/12/2015,1,9,0,9,0.0,8,0,6,0,0,1.0,1.0,6,Female,18,16 - 20,1560,2,4,-1,1,-1.0,1,1,2,2,17,4,3,0,0,1,0,0,9,1,9,,,,,,,,,,,,,,,,,2015,5,1,20
17320,201501SX21225,520940.0,190450.0,-0.255233,51.599917,1,Slight,2,1,2015-12-16,Wednesday,20:51,Barnet,E09000003,6,0,6,30.0,0,-1,-1,0,0.0,0.0,7,9,1,0,0,1,1,E01000131,3,1,16/12/2015,16/12/2015,1,9,0,18,0.0,0,0,0,0,0,1.0,1.0,6,Male,22,21 - 25,1796,1,6,-1,1,-1.0,2,1,1,1,35,6,3,0,0,0,0,0,9,1,5,,,,,,,,,,,,,,,,,2015,12,1,20
17321,201501SX21226,527060.0,191470.0,-0.16655,51.607737,1,Serious,2,2,2015-11-22,Sunday,05:00,Barnet,E09000003,5,0,6,30.0,6,4,6,0,0.0,8.0,4,1,1,0,0,1,1,E01000315,2,2,22/11/2015,22/11/2015,1,3,0,16,0.0,2,0,7,0,0,1.0,1.0,6,Male,21,21 - 25,125,1,8,-1,1,-1.0,1,1,1,1,21,5,2,0,0,0,0,0,3,1,2,,,,,,,,,,,,,,,,,2015,11,4,5
17324,201501SX21229,522630.0,187250.0,-0.231962,51.570793,1,Slight,2,1,2015-12-24,Thursday,22:57,Barnet,E09000003,3,5,1,30.0,1,2,3,406,0.0,0.0,4,1,1,0,0,1,1,E01000223,3,1,24/12/2015,24/12/2015,1,9,0,4,0.0,8,0,0,0,0,2.0,1.0,6,Male,29,26 - 35,1968,2,8,-1,1,-1.0,1,1,1,1,29,6,3,0,0,0,0,0,9,1,9,,,,,,,,,,,,,,,,,2015,12,1,22
17325,201501SX21231,526360.0,194170.0,-0.17568,51.632159,1,Slight,3,1,2015-12-30,Wednesday,22:19,Barnet,E09000003,3,1000,6,30.0,0,-1,-1,0,0.0,4.0,4,2,2,0,0,1,1,E01000281,3,1,30/12/2015,30/12/2015,1,9,0,5,0.0,0,0,0,0,0,3.0,1.0,6,Male,20,16 - 20,1598,2,-1,-1,1,-1.0,1,1,2,2,19,4,3,0,0,1,0,0,9,1,2,,,,,,,,,,,,,,,,,2015,12,1,22
17352,201501SX29110,520700.0,191460.0,-0.258349,51.609045,1,Slight,2,1,2015-09-19,Saturday,18:08,Barnet,E09000003,6,0,6,30.0,6,4,6,0,0.0,0.0,1,1,1,0,0,1,1,E01000132,3,1,19/09/2015,19/09/2015,1,2,0,18,0.0,8,0,0,0,0,3.0,1.0,1,Female,25,21 - 25,125,1,7,-1,1,-1.0,1,1,1,2,25,5,3,0,0,0,0,0,2,1,2,,,,,,,,,,,,,,,,,2015,9,1,18
17354,201501SX29119,521870.0,190240.0,-0.241885,51.597829,1,Slight,2,1,2015-03-10,Tuesday,23:40,Barnet,E09000003,6,0,6,30.0,3,4,6,0,0.0,0.0,7,9,1,0,0,1,1,E01000154,3,1,03/10/2015,03/10/2015,1,9,0,18,0.0,1,0,0,0,0,4.0,1.0,6,Female,34,26 - 35,1997,1,6,-1,1,-1.0,1,1,1,2,34,6,3,0,0,0,0,0,9,1,3,,,,,,,,,,,,,,,,,2015,3,1,23
17369,201501SX29243,526300.0,192060.0,-0.177306,51.61321,1,Serious,2,1,2015-07-29,Wednesday,22:00,Barnet,E09000003,3,598,6,30.0,6,2,5,0,0.0,5.0,4,1,1,0,0,1,1,E01000302,2,2,29/07/2015,29/07/2015,1,9,0,18,0.0,8,0,0,0,0,1.0,1.0,6,Male,23,21 - 25,1905,2,16,-1,1,-1.0,2,1,1,1,31,6,2,0,0,0,0,0,3,1,6,,,,,,,,,,,,,,,,,2015,7,2,22
17370,201501SX29245,524240.0,187180.0,-0.208768,51.569812,1,Slight,2,2,2015-04-10,Friday,19:20,Barnet,E09000003,3,41,3,40.0,3,4,6,0,0.0,0.0,4,1,1,0,0,1,2,E01000222,3,1,04/10/2015,04/10/2015,1,9,0,4,0.0,1,0,0,0,0,2.0,1.0,6,Male,26,26 - 35,998,1,7,-1,1,-1.0,1,1,1,1,26,6,3,0,0,0,0,0,9,1,4,,,,,,,,,,,,,,,,,2015,4,2,19
17375,201501SX29255,524150.0,186020.0,-0.210475,51.559407,1,Slight,1,1,2015-04-30,Thursday,00:13,Barnet,E09000003,3,407,6,30.0,3,4,6,0,0.0,1.0,4,1,1,0,0,1,1,E01000143,3,1,30/04/2015,30/04/2015,1,9,0,18,0.0,1,5,10,1,1,4.0,1.0,6,Male,32,26 - 35,1998,1,9,-1,1,-1.0,1,1,1,1,32,6,3,0,0,0,0,0,9,1,2,,,,,,,,,,,,,,,,,2015,4,1,0
17378,201501TD00004,534080.0,178050.0,-0.070345,51.485515,1,Fatal,1,1,2015-11-01,Sunday,02:27,Southwark,E09000028,3,2,6,30.0,3,4,6,0,0.0,0.0,4,1,1,0,0,1,1,E01003964,1,3,11/01/2015,11/01/2015,1,9,0,18,2.0,2,0,10,7,2,1.0,1.0,6,Male,32,26 - 35,4163,1,8,-1,1,-1.0,1,1,1,1,32,6,1,0,0,0,0,0,9,1,2,,,,,,,,,,,,,,,,,2015,11,3,2
17384,201501TD00010,537440.0,189780.0,-0.017409,51.590115,1,Fatal,1,1,2015-01-22,Thursday,22:18,Waltham Forest,E09000031,3,503,6,30.0,6,2,3,112,0.0,5.0,4,1,4,0,0,1,1,E01004408,1,3,22/01/2015,22/01/2015,1,9,0,13,0.0,8,0,0,0,0,1.0,1.0,6,Male,21,21 - 25,2496,1,9,-1,1,-1.0,1,1,3,1,58,9,1,1,2,0,0,2,0,1,3,,,,,,,,,,,,,,,,,2015,1,3,22
17387,201501TD00014,551670.0,184470.0,0.185563,51.538759,1,Fatal,1,1,2015-01-26,Monday,22:28,Havering,E09000016,3,125,6,30.0,0,-1,-1,0,0.0,8.0,4,1,1,0,0,1,1,E01002260,1,3,26/01/2015,26/01/2015,1,9,0,18,0.0,0,0,0,7,2,1.0,1.0,6,Male,24,21 - 25,1388,1,16,-1,1,-1.0,1,1,1,1,24,5,1,0,0,0,0,0,9,1,4,,,,,,,,,,,,,,,,,2015,1,3,22
17390,201501TD00017,553010.0,182540.0,0.204031,51.521057,1,Fatal,1,1,2015-01-31,Saturday,20:27,Havering,E09000016,3,1306,6,30.0,3,4,6,0,0.0,0.0,4,1,1,0,0,1,1,E01002342,1,3,31/01/2015,31/01/2015,1,9,0,18,0.0,1,0,0,0,0,4.0,1.0,6,Male,26,26 - 35,2148,2,7,-1,1,-1.0,1,1,3,2,74,10,1,5,3,0,0,2,0,1,7,,,,,,,,,,,,,,,,,2015,1,3,20
17391,201501TD00018,544730.0,184670.0,0.085649,51.542376,1,Fatal,1,1,2015-01-02,Friday,20:05,Barking and Dagenham,E09000002,3,124,6,30.0,3,4,6,0,0.0,8.0,4,1,1,0,0,1,1,E01000068,1,3,01/02/2015,01/02/2015,1,9,0,18,0.0,1,0,0,0,0,3.0,1.0,6,Male,22,21 - 25,1560,2,4,-1,1,-1.0,1,1,3,2,54,8,1,5,3,0,0,2,0,1,5,,,,,,,,,,,,,,,,,2015,1,3,20
17395,201501TD00023,513440.0,177210.0,-0.367734,51.482478,1,Fatal,1,1,2015-01-21,Wednesday,20:59,Hounslow,E09000018,3,3005,6,30.0,3,4,6,0,0.0,0.0,4,2,2,0,0,1,1,E01002628,1,3,21/01/2015,21/01/2015,1,9,0,18,0.0,2,0,0,0,0,1.0,1.0,6,Male,32,26 - 35,2926,2,13,-1,1,-1.0,1,1,3,1,81,11,1,5,3,0,0,2,0,1,5,,,,,,,,,,,,,,,,,2015,1,3,20
17400,201501TD00028,515610.0,177270.0,-0.336478,51.482578,1,Fatal,1,1,2015-08-02,Sunday,04:57,Hounslow,E09000018,3,4,3,40.0,6,2,3,4,0.0,5.0,4,1,1,0,0,1,1,E01002679,1,3,08/02/2015,08/02/2015,1,9,0,18,0.0,2,0,0,0,0,1.0,1.0,6,Male,28,26 - 35,1995,2,8,-1,1,-1.0,1,1,3,1,31,6,1,4,1,0,0,2,0,1,7,,,,,,,,,,,,,,,,,2015,8,3,4
17408,201501TD00036,521970.0,188130.0,-0.241175,51.578845,1,Fatal,1,1,2015-02-22,Sunday,05:59,Barnet,E09000003,3,5,6,30.0,3,2,3,504,0.0,5.0,5,1,2,0,0,1,1,E01000313,1,3,22/02/2015,22/02/2015,1,9,0,18,0.0,2,0,0,0,0,1.0,1.0,6,Male,26,26 - 35,2143,2,4,-1,1,-1.0,1,1,3,2,44,7,1,4,1,0,0,2,0,1,3,,,,,,,,,,,,,,,,,2015,2,3,5
17409,201501TD00038,510820.0,175980.0,-0.405835,51.471942,1,Fatal,2,1,2015-02-27,Friday,21:11,Hounslow,E09000018,3,30,3,40.0,6,2,3,312,0.0,5.0,4,1,1,0,0,1,1,E01002586,1,3,27/02/2015,27/02/2015,1,5,0,18,0.0,8,0,0,0,0,1.0,1.0,6,Male,22,21 - 25,599,1,19,-1,1,-1.0,1,1,1,1,22,5,1,0,0,0,0,0,5,1,7,,,,,,,,,,,,,,,,,2015,2,3,21
17414,201501TD00045,524470.0,162150.0,-0.214252,51.344813,1,Fatal,1,1,2015-03-14,Saturday,23:35,Sutton,E09000029,6,0,6,30.0,0,-1,-1,0,0.0,0.0,4,2,2,0,0,1,1,E01032623,1,3,14/03/2015,14/03/2015,1,9,0,18,0.0,0,0,10,1,4,3.0,1.0,6,Male,20,16 - 20,1229,1,3,-1,1,-1.0,1,1,1,1,20,4,1,0,0,0,0,0,9,1,10,,,,,,,,,,,,,,,,,2015,3,3,23
17418,201501TD00050,533470.0,175380.0,-0.080133,51.461665,1,Fatal,2,1,2015-03-29,Sunday,20:21,Southwark,E09000028,3,2216,6,30.0,3,4,6,0,0.0,4.0,4,1,1,0,0,1,1,E01003953,1,3,29/03/2015,29/03/2015,1,9,0,18,0.0,2,0,0,0,0,1.0,1.0,6,Male,30,26 - 35,1587,1,15,-1,1,-1.0,1,1,3,1,22,5,1,1,1,0,0,2,0,1,9,,,,,,,,,,,,,,,,,2015,3,3,20
17419,201501TD00051,518030.0,168400.0,-0.304599,51.402359,1,Fatal,2,2,2015-03-31,Tuesday,21:00,Kingston upon Thames,E09000021,3,240,6,30.0,0,-1,-1,0,0.0,4.0,4,1,1,0,0,1,1,E01002965,1,3,31/03/2015,31/03/2015,1,9,0,18,0.0,0,0,0,7,10,1.0,1.0,6,Male,34,26 - 35,3999,1,4,-1,1,-1.0,1,1,3,2,21,5,1,4,3,0,0,2,0,1,7,,,,,,,,,,,,,,,,,2015,3,6,21
17420,201501TD00052,528800.0,175220.0,-0.147375,51.461309,1,Fatal,2,1,2015-03-27,Friday,21:01,Lambeth,E09000022,3,3,6,30.0,3,4,6,0,0.0,0.0,4,1,1,0,0,1,1,E01003026,1,3,27/03/2015,27/03/2015,1,3,0,18,0.0,8,0,0,0,0,1.0,1.0,1,Male,18,16 - 20,125,1,6,-1,1,-1.0,1,1,1,1,18,4,1,0,0,0,0,0,3,1,5,,,,,,,,,,,,,,,,,2015,3,3,21
17422,201501TD00054,534830.0,164260.0,-0.064792,51.361414,1,Fatal,1,1,2015-05-04,Monday,18:10,Croydon,E09000008,3,212,6,30.0,0,-1,-1,0,0.0,0.0,1,1,1,0,0,1,1,E01001122,1,3,05/04/2015,05/04/2015,1,3,0,18,0.0,0,0,10,2,10,1.0,1.0,6,Male,25,21 - 25,125,1,6,-1,1,-1.0,1,1,1,1,25,5,1,0,0,0,0,0,3,1,3,,,,,,,,,,,,,,,,,2015,5,3,18
17429,201501TD00065,525160.0,162120.0,-0.204361,51.344392,1,Fatal,2,1,2015-04-23,Thursday,18:48,Sutton,E09000029,3,217,3,40.0,6,4,6,0,0.0,4.0,1,1,1,0,0,1,1,E01032623,1,3,23/04/2015,23/04/2015,1,5,0,18,0.0,8,0,0,0,0,4.0,1.0,6,Male,32,26 - 35,999,1,4,-1,1,-1.0,1,1,1,1,32,6,1,0,0,0,0,0,5,1,8,,,,,,,,,,,,,,,,,2015,4,3,18
17432,201501TD00068,528930.0,171870.0,-0.146725,51.431173,1,Fatal,1,1,2015-02-05,Thursday,03:10,Wandsworth,E09000032,3,214,6,30.0,3,4,6,0,0.0,4.0,4,1,1,0,0,1,1,E01004523,1,3,02/05/2015,02/05/2015,1,9,0,18,0.0,8,0,0,0,0,1.0,1.0,6,Male,30,26 - 35,1796,1,5,-1,1,-1.0,1,1,3,1,31,6,1,10,9,0,0,2,0,1,5,,,,,,,,,,,,,,,,,2015,2,3,3
17433,201501TD00069,513530.0,174980.0,-0.367154,51.462417,1,Fatal,1,1,2015-04-29,Wednesday,23:03,Hounslow,E09000018,3,314,6,30.0,6,4,6,0,0.0,1.0,4,1,1,0,0,1,1,E01002651,1,3,29/04/2015,29/04/2015,1,3,0,18,0.0,2,0,0,0,0,1.0,1.0,6,Male,25,21 - 25,85,1,17,-1,1,-1.0,1,1,1,1,25,5,1,0,0,0,0,0,3,1,6,,,,,,,,,,,,,,,,,2015,4,3,23
17435,201501TD00071,515860.0,177290.0,-0.332873,51.482707,1,Fatal,1,1,2015-05-17,Sunday,21:54,Hounslow,E09000018,3,4,3,50.0,0,-1,-1,0,0.0,0.0,4,1,1,0,0,1,1,E01002679,1,3,17/05/2015,17/05/2015,1,9,0,18,0.0,0,0,0,0,0,1.0,1.0,6,Male,20,16 - 20,1999,1,10,-1,1,-1.0,1,1,3,1,53,8,1,5,3,0,0,2,0,1,7,,,,,,,,,,,,,,,,,2015,5,3,21
17437,201501TD00074,519040.0,188610.0,-0.283276,51.583785,1,Fatal,4,5,2015-05-31,Sunday,03:05,Brent,E09000005,5,0,6,30.0,0,-1,-1,0,0.0,0.0,5,2,2,0,0,1,1,E01033463,1,3,31/05/2015,31/05/2015,1,9,0,18,0.0,0,0,4,1,0,2.0,1.0,6,Male,19,16 - 20,1596,1,10,-1,1,-1.0,1,1,2,1,27,6,1,0,0,2,0,0,9,1,7,,,,,,,,,,,,,,,,,2015,5,15,3
17438,201501TD00075,544340.0,170190.0,0.074118,51.412365,1,Fatal,2,1,2015-05-06,Wednesday,03:24,Bromley,E09000006,3,222,6,30.0,6,2,3,208,0.0,5.0,4,1,1,1,0,1,1,E01000696,1,3,05/06/2015,05/06/2015,1,9,0,18,0.0,8,0,0,0,0,1.0,1.0,6,Male,24,21 - 25,1582,2,2,-1,1,-1.0,2,1,1,1,52,8,1,0,0,0,0,0,8,-1,-1,,,,,,,,,,,,,,,,,2015,5,3,3
17439,201501TD00076,540700.0,171490.0,0.022328,51.424961,1,Fatal,1,4,2015-07-06,Monday,18:20,Bromley,E09000006,3,2212,6,30.0,0,-1,-1,0,0.0,8.0,1,1,1,0,0,1,1,E01000818,1,3,07/06/2015,07/06/2015,1,9,0,18,0.0,0,0,0,0,0,4.0,1.0,6,Male,22,21 - 25,1364,1,9,-1,1,-1.0,1,1,1,1,22,5,2,0,0,0,0,0,9,1,9,,,,,,,,,,,,,,,,,2015,7,12,18
17443,201501TD00081,515780.0,189400.0,-0.330046,51.591563,1,Fatal,2,1,2015-06-21,Sunday,00:04,Harrow,E09000015,5,0,1,30.0,1,4,5,0,0.0,0.0,4,1,1,0,0,1,1,E01002180,1,3,21/06/2015,21/06/2015,1,9,0,18,0.0,8,0,0,0,0,1.0,1.0,6,Male,31,26 - 35,1997,2,6,-1,-1,-1.0,2,1,1,1,60,9,1,0,0,0,0,0,1,1,7,,,,,,,,,,,,,,,,,2015,6,3,0
17447,201501TD00086,550180.0,187200.0,0.165259,51.563686,1,Fatal,1,1,2015-02-07,Saturday,22:02,Havering,E09000016,3,124,6,30.0,0,-1,-1,0,0.0,1.0,7,1,1,0,0,1,1,E01002251,1,3,02/07/2015,02/07/2015,1,9,0,18,0.0,0,0,0,0,0,4.0,1.0,6,Male,27,26 - 35,2099,1,12,-1,1,-1.0,1,1,3,2,52,8,1,4,2,0,0,2,0,1,3,,,,,,,,,,,,,,,,,2015,2,3,22
17449,201501TD00088,538940.0,184360.0,0.002089,51.541044,1,Fatal,1,1,2015-06-07,Sunday,20:58,Newham,E09000025,3,11,2,30.0,3,2,3,112,0.0,5.0,7,1,1,0,0,1,1,E01003619,1,3,06/07/2015,06/07/2015,1,9,0,5,0.0,1,0,0,0,0,1.0,1.0,6,Male,23,21 - 25,1896,2,13,-1,1,-1.0,1,1,3,2,17,4,1,1,2,0,0,2,0,1,4,,,,,,,,,,,,,,,,,2015,6,3,20
17452,201501TD00094,552300.0,187420.0,0.195916,51.565094,1,Fatal,1,1,2015-07-23,Thursday,00:15,Havering,E09000016,3,124,6,30.0,0,-1,-1,0,0.0,5.0,4,1,1,0,0,1,1,E01002319,1,3,23/07/2015,23/07/2015,1,9,0,18,0.0,0,0,0,0,0,1.0,1.0,6,Male,24,21 - 25,2497,1,8,-1,1,-1.0,1,1,3,1,58,9,1,4,3,0,0,2,0,1,5,,,,,,,,,,,,,,,,,2015,7,3,0
17471,201501TD00117,515440.0,180950.0,-0.337723,51.515688,1,Fatal,1,1,2015-02-09,Monday,21:00,Ealing,E09000009,5,0,6,30.0,0,-1,-1,0,0.0,0.0,7,2,2,0,0,1,1,E01001288,1,3,02/09/2015,02/09/2015,1,3,0,18,0.0,0,1,0,0,0,3.0,1.0,6,Male,19,16 - 20,124,1,-1,-1,1,-1.0,1,1,3,1,69,10,1,5,3,0,0,2,0,1,6,,,,,,,,,,,,,,,,,2015,2,3,21
17473,201501TD00119,520450.0,184700.0,-0.264274,51.548345,1,Fatal,1,1,2015-09-25,Friday,20:09,Brent,E09000005,3,406,3,40.0,0,-1,-1,0,0.0,0.0,7,1,1,0,0,1,1,E01000604,1,3,25/09/2015,25/09/2015,1,5,0,17,0.0,0,0,10,1,7,4.0,1.0,6,Male,28,26 - 35,999,1,7,-1,1,-1.0,1,1,1,1,28,6,1,0,0,0,0,0,5,1,5,,,,,,,,,,,,,,,,,2015,9,3,20
17475,201501TD00122,509650.0,181810.0,-0.420863,51.52457,1,Fatal,2,3,2015-09-27,Sunday,18:28,Hillingdon,E09000017,5,0,6,30.0,0,-1,-1,0,0.0,0.0,7,9,1,0,0,1,1,E01002397,1,3,27/09/2015,27/09/2015,1,5,0,18,0.0,0,1,0,0,0,1.0,1.0,6,Male,24,21 - 25,749,1,16,-1,1,-1.0,1,1,1,1,24,5,1,0,0,0,0,0,5,1,5,,,,,,,,,,,,,,,,,2015,9,9,18
17476,201501TD00123,542030.0,162860.0,0.037996,51.347081,1,Fatal,1,1,2015-09-30,Wednesday,21:10,Bromley,E09000006,5,0,6,30.0,0,-1,-1,0,0.0,0.0,7,1,1,0,0,1,1,E01000747,1,3,30/09/2015,30/09/2015,1,5,0,17,0.0,0,0,0,1,4,1.0,1.0,6,Male,24,21 - 25,750,1,5,-1,1,-1.0,1,1,1,1,24,5,1,0,0,0,0,0,5,1,2,,,,,,,,,,,,,,,,,2015,9,3,21
17481,201501TD00133,551970.0,188200.0,0.191496,51.572191,1,Fatal,1,1,2015-10-31,Saturday,19:24,Havering,E09000016,5,0,6,30.0,2,4,5,0,0.0,1.0,7,2,2,0,0,1,2,E01002351,1,3,31/10/2015,31/10/2015,1,8,0,9,0.0,2,0,0,0,0,4.0,1.0,1,Male,30,26 - 35,1598,2,3,-1,1,-1.0,1,1,3,1,41,7,1,4,1,0,0,2,0,1,5,,,,,,,,,,,,,,,,,2015,10,3,19
17494,201501TD00152,534720.0,187190.0,-0.057641,51.567498,1,Fatal,2,1,2015-11-11,Wednesday,20:22,Hackney,E09000012,6,0,6,30.0,0,-1,-1,0,0.0,0.0,7,1,1,0,0,1,1,E01001827,1,3,11/11/2015,11/11/2015,1,9,0,18,0.0,0,0,0,0,0,4.0,1.0,6,Male,22,21 - 25,1984,1,-1,-1,1,-1.0,1,1,3,1,8,2,1,5,2,0,0,2,0,1,2,,,,,,,,,,,,,,,,,2015,11,3,20
17495,201501TD00153,518020.0,183500.0,-0.299705,51.538073,1,Fatal,2,1,2015-10-12,Monday,18:27,Brent,E09000005,6,0,6,30.0,9,2,3,4005,0.0,5.0,4,2,2,0,0,1,1,E01000472,1,3,10/12/2015,10/12/2015,1,90,0,18,0.0,8,0,0,0,0,3.0,1.0,6,Male,15,11 - 15,-1,-1,-1,-1,1,-1.0,1,1,1,1,15,3,1,0,0,0,0,0,90,1,4,,,,,,,,,,,,,,,,,2015,10,3,18
17539,201501TW60045,515420.0,171030.0,-0.341247,51.426534,1,Slight,2,1,2015-08-02,Sunday,21:45,Richmond upon Thames,E09000027,3,313,6,30.0,0,-1,-1,0,0.0,0.0,4,1,1,0,0,1,1,E01003888,3,1,08/02/2015,08/02/2015,1,9,0,9,0.0,0,0,0,0,0,1.0,1.0,6,Female,35,26 - 35,-1,-1,-1,-1,1,-1.0,2,1,2,2,38,7,3,0,0,2,0,0,9,1,9,,,,,,,,,,,,,,,,,2015,8,1,21
17579,201501TW60091,518180.0,175250.0,-0.30016,51.463893,1,Slight,1,1,2015-04-04,Saturday,23:51,Richmond upon Thames,E09000027,5,0,6,30.0,2,4,6,0,0.0,0.0,4,1,2,0,0,1,1,E01003860,3,1,04/04/2015,04/04/2015,1,9,0,18,0.0,8,0,10,1,2,1.0,1.0,6,Male,23,21 - 25,2979,1,-1,-1,1,-1.0,1,1,1,1,23,5,3,0,0,0,0,0,9,1,9,,,,,,,,,,,,,,,,,2015,4,1,23
17590,201501TW60103,513950.0,171370.0,-0.362273,51.429887,1,Slight,1,2,2015-03-29,Sunday,19:39,Richmond upon Thames,E09000027,6,0,6,30.0,0,-1,-1,0,0.0,0.0,4,1,1,0,0,1,1,E01003813,3,1,29/03/2015,29/03/2015,1,3,0,4,0.0,0,0,0,0,0,1.0,1.0,1,Male,26,26 - 35,125,1,6,-1,1,-1.0,1,1,1,1,26,6,3,0,0,0,0,0,3,1,2,,,,,,,,,,,,,,,,,2015,3,2,19
17595,201501TW60109,513260.0,169770.0,-0.372704,51.415644,1,Slight,2,1,2015-02-17,Tuesday,19:10,Richmond upon Thames,E09000027,5,0,6,30.0,0,-1,-1,0,0.0,0.0,4,1,1,0,0,1,1,E01003827,3,1,17/02/2015,17/02/2015,1,9,0,1,0.0,0,0,4,0,0,3.0,1.0,6,Male,25,21 - 25,1796,1,11,-1,1,-1.0,1,1,1,1,25,5,3,0,0,0,0,0,9,1,2,,,,,,,,,,,,,,,,,2015,2,1,19
17617,201501TW60136,513920.0,172400.0,-0.362373,51.43915,1,Slight,2,1,2015-02-24,Tuesday,18:58,Richmond upon Thames,E09000027,3,305,6,30.0,0,-1,-1,0,0.0,0.0,4,1,1,0,0,1,1,E01003903,3,1,24/02/2015,24/02/2015,1,9,0,4,0.0,0,0,0,0,0,2.0,1.0,6,Male,35,26 - 35,2143,2,4,-1,-1,-1.0,1,1,1,1,35,6,3,0,0,0,0,0,9,-1,-1,,,,,,,,,,,,,,,,,2015,2,1,18
17622,201501TW60143,515990.0,174220.0,-0.332008,51.455088,1,Slight,2,1,2015-05-14,Thursday,18:32,Richmond upon Thames,E09000027,3,316,6,30.0,0,-1,-1,0,0.0,0.0,1,2,2,0,0,1,1,E01003867,3,1,14/05/2015,14/05/2015,1,3,0,15,0.0,0,0,0,0,0,1.0,1.0,2,Male,22,21 - 25,244,1,13,-1,1,-1.0,1,1,1,1,22,5,3,0,0,0,0,0,3,1,6,,,,,,,,,,,,,,,,,2015,5,1,18
17640,201501TW60164,512810.0,173490.0,-0.377989,51.449169,1,Slight,2,1,2015-03-06,Friday,19:33,Richmond upon Thames,E09000027,5,0,6,30.0,3,4,6,0,0.0,1.0,1,1,1,0,0,1,1,E01003841,3,1,03/06/2015,03/06/2015,1,9,0,9,0.0,8,0,0,0,0,2.0,1.0,2,Female,25,21 - 25,1198,1,3,-1,1,-1.0,1,1,1,2,25,5,3,0,0,0,0,0,9,1,5,,,,,,,,,,,,,,,,,2015,3,1,19