,accident_index,location_easting_osgr,location_northing_osgr,longitude,latitude,police_force,accident_severity,number_of_vehicles,number_of_casualties,date,day_of_week,time,local_authority_district,local_authority_highway,first_road_class,first_road_number,road_type,speed_limit,junction_detail,junction_control,second_road_class,second_road_number,pedestrian_crossing-human_control,pedestrian_crossing-physical_facilities,light_conditions,weather_conditions,road_surface_conditions,special_conditions_at_site,carriageway_hazards,urban_or_rural_area,did_police_officer_attend_scene_of_accident,lsoa_of_accident_location,accident_severity_num,accident_severity_inv,date2,date_original,vehicle_reference_x,vehicle_type,towing_and_articulation,vehicle_manoeuvre,vehicle_location-restricted_lane,junction_location,skidding_and_overturning,hit_object_in_carriageway,vehicle_leaving_carriageway,hit_object_off_carriageway,1st_point_of_impact,was_vehicle_left_hand_drive?,journey_purpose_of_driver,sex_of_driver,age_of_driver,age_band_of_driver,engine_capacity_cc,propulsion_code,age_of_vehicle,driver_imd_decile,driver_home_area_type,vehicle_imd_decile,vehicle_reference_y,casualty_reference,casualty_class,sex_of_casualty,age_of_casualty,age_band_of_casualty,casualty_severity,pedestrian_location,pedestrian_movement,car_passenger,bus_or_coach_passenger,pedestrian_road_maintenance_worker,casualty_type,casualty_home_area_type,casualty_imd_decile,accident_year_x,accident_reference_x,local_authority_ons_district,pedestrian_crossing_human_control,pedestrian_crossing_physical_facilities,trunk_road_flag,accident_year_y,accident_reference_y,vehicle_direction_from,vehicle_direction_to,vehicle_location_restricted_lane,first_point_of_impact,vehicle_left_hand_drive,generic_make_model,accident_year,accident_reference,year,month,severity,hours
17649,201501TW60176,515470.0,171010.0,-0.340535,51.426344,1,Slight,2,1,2015-06-06,Saturday,22:19,Richmond upon Thames,E09000027,3,313,6,30.0,0,-1,-1,0,0.0,0.0,4,1,1,0,0,1,1,E01003888,3,1,06/06/2015,06/06/2015,1,5,0,12,0.0,0,1,0,0,0,0.0,1.0,2,Male,27,26 - 35,599,1,7,-1,1,-1.0,1,1,1,1,27,6,3,0,0,0,0,0,5,1,7,,,,,,,,,,,,,,,,,2015,6,1,22
17657,201501TW60184,514260.0,170800.0,-0.357999,51.424701,1,Slight,2,1,2015-12-06,Sunday,22:22,Richmond upon Thames,E09000027,3,311,6,30.0,0,-1,-1,0,0.0,0.0,4,1,1,0,0,1,1,E01003815,3,1,12/06/2015,12/06/2015,1,3,0,18,0.0,0,0,0,0,0,1.0,1.0,1,Male,18,16 - 20,125,1,6,-1,1,-1.0,1,1,1,1,18,4,3,0,0,0,0,0,3,1,2,,,,,,,,,,,,,,,,,2015,12,1,22
17684,201501TW60217,512930.0,173980.0,-0.376107,51.453549,1,Slight,2,2,2015-06-26,Friday,20:20,Richmond upon Thames,E09000027,3,314,6,30.0,3,4,6,0,0.0,4.0,1,1,1,0,0,1,1,E01003841,3,1,26/06/2015,26/06/2015,1,9,0,18,0.0,8,0,0,0,0,1.0,1.0,4,Male,28,26 - 35,599,1,13,-1,1,-1.0,1,1,1,1,28,6,3,0,0,0,0,0,9,1,4,,,,,,,,,,,,,,,,,2015,6,2,20
17699,201501TW60233,522040.0,176040.0,-0.244349,51.470175,1,Slight,1,1,2015-12-07,Monday,19:49,Richmond upon Thames,E09000027,4,349,6,30.0,2,4,5,0,0.0,0.0,1,2,2,5,0,1,1,E01003852,3,1,12/07/2015,12/07/2015,1,3,0,18,0.0,8,1,0,0,0,3.0,1.0,2,Male,24,21 - 25,125,1,9,-1,-1,-1.0,1,1,1,1,24,5,3,0,0,0,0,0,3,-1,-1,,,,,,,,,,,,,,,,,2015,12,1,19
17712,201501TW60251,519650.0,175820.0,-0.278816,51.468707,1,Slight,2,1,2015-12-07,Monday,20:30,Richmond upon Thames,E09000027,3,316,3,30.0,0,-1,-1,0,0.0,0.0,1,1,2,0,0,1,1,E01003865,3,1,12/07/2015,12/07/2015,1,3,0,18,0.0,0,0,0,0,0,1.0,1.0,6,Male,29,26 - 35,124,1,10,-1,1,-1.0,1,1,1,1,29,6,3,0,0,0,0,0,3,1,3,,,,,,,,,,,,,,,,,2015,12,1,20
17713,201501TW60252,516220.0,173440.0,-0.328956,51.448031,1,Slight,1,1,2015-07-14,Tuesday,18:25,Richmond upon Thames,E09000027,3,310,6,30.0,0,-1,-1,0,0.0,4.0,1,1,1,0,0,1,1,E01003897,3,1,14/07/2015,14/07/2015,1,3,0,4,0.0,0,0,0,0,0,1.0,1.0,2,Male,23,21 - 25,644,1,7,-1,1,-1.0,1,1,3,1,94,11,3,1,1,0,0,2,0,1,9,,,,,,,,,,,,,,,,,2015,7,1,18
17716,201501TW60256,515610.0,173120.0,-0.337834,51.445279,1,Slight,2,1,2015-07-31,Friday,21:40,Richmond upon Thames,E09000027,3,305,6,30.0,3,4,6,0,0.0,0.0,4,1,1,0,0,1,1,E01003882,3,1,31/07/2015,31/07/2015,1,9,0,9,0.0,8,0,0,0,0,4.0,1.0,6,Male,19,16 - 20,-1,-1,-1,-1,1,-1.0,1,1,1,1,19,4,3,0,0,0,0,0,9,1,8,,,,,,,,,,,,,,,,,2015,7,1,21
17724,201501TW60265,514260.0,173250.0,-0.357209,51.446721,1,Slight,2,4,2015-10-08,Thursday,18:30,Richmond upon Thames,E09000027,3,316,3,40.0,0,-1,-1,0,0.0,0.0,1,1,1,0,0,1,1,E01003901,3,1,10/08/2015,10/08/2015,1,9,0,4,0.0,0,0,0,0,0,2.0,1.0,2,Female,33,26 - 35,1598,1,9,-1,-1,-1.0,1,2,1,2,33,6,3,0,0,0,0,0,9,-1,-1,,,,,,,,,,,,,,,,,2015,10,4,18
17725,201501TW60266,516880.0,173810.0,-0.31934,51.45122,1,Slight,2,1,2015-08-15,Saturday,02:22,Richmond upon Thames,E09000027,3,305,1,30.0,2,4,6,0,0.0,1.0,4,2,2,0,0,1,1,E01003895,3,1,15/08/2015,15/08/2015,1,9,0,18,0.0,8,0,0,0,0,2.0,1.0,6,Male,22,21 - 25,1199,1,12,-1,1,-1.0,2,1,1,1,32,6,3,0,0,0,0,0,9,1,9,,,,,,,,,,,,,,,,,2015,8,1,2
17731,201501TW60273,518330.0,175520.0,-0.297911,51.466288,1,Slight,1,1,2015-08-19,Wednesday,23:00,Richmond upon Thames,E09000027,3,307,6,30.0,3,4,6,0,0.0,0.0,4,5,2,0,0,1,1,E01003860,3,1,19/08/2015,19/08/2015,1,9,0,18,0.0,8,0,0,0,0,1.0,1.0,6,Female,25,21 - 25,1400,1,9,-1,1,-1.0,1,1,3,2,33,6,3,9,8,0,0,2,0,1,6,,,,,,,,,,,,,,,,,2015,8,1,23
17733,201501TW60275,514150.0,169450.0,-0.360015,51.41259,1,Slight,2,1,2015-08-19,Wednesday,22:16,Richmond upon Thames,E09000027,3,308,6,30.0,3,4,3,311,0.0,0.0,4,2,2,0,0,1,1,E01003823,3,1,19/08/2015,19/08/2015,1,3,0,18,0.0,8,0,0,0,0,2.0,1.0,6,Female,30,26 - 35,124,1,1,-1,1,-1.0,1,1,1,2,30,6,3,0,0,0,0,0,3,1,8,,,,,,,,,,,,,,,,,2015,8,1,22
17741,201501TW60283,522270.0,176810.0,-0.240773,51.477045,1,Slight,2,1,2015-02-08,Sunday,18:29,Richmond upon Thames,E09000027,6,0,6,30.0,6,4,5,0,0.0,0.0,1,1,1,0,0,1,1,E01003797,3,1,02/08/2015,02/08/2015,1,9,0,18,0.0,8,0,0,0,0,1.0,1.0,6,Female,22,21 - 25,1242,1,5,-1,1,-1.0,2,1,1,1,50,8,3,0,0,0,0,0,1,1,7,,,,,,,,,,,,,,,,,2015,2,1,18
17750,201501TW60293,519050.0,177420.0,-0.286911,51.483214,1,Slight,2,2,2015-08-28,Friday,21:24,Richmond upon Thames,E09000027,3,205,6,30.0,3,4,6,0,0.0,0.0,4,1,1,0,0,1,1,E01003847,3,1,28/08/2015,28/08/2015,1,9,0,5,0.0,8,0,0,0,0,1.0,1.0,6,Female,20,16 - 20,796,1,9,-1,1,-1.0,1,1,1,2,20,4,3,0,0,0,0,0,9,1,8,,,,,,,,,,,,,,,,,2015,8,2,21
17758,201501TW60302,516680.0,174480.0,-0.321996,51.457283,1,Slight,2,1,2015-08-25,Tuesday,23:59,Richmond upon Thames,E09000027,3,316,1,30.0,1,2,3,3004,0.0,5.0,4,2,2,0,0,1,2,E01003872,3,1,25/08/2015,25/08/2015,1,9,0,3,0.0,8,0,0,0,0,2.0,1.0,6,Male,32,26 - 35,1198,1,10,-1,1,-1.0,1,1,1,1,32,6,3,0,0,0,0,0,9,1,8,,,,,,,,,,,,,,,,,2015,8,1,23
17759,201501TW60303,519790.0,175860.0,-0.276788,51.469037,1,Serious,2,1,2015-09-19,Saturday,03:12,Richmond upon Thames,E09000027,3,316,3,30.0,3,2,3,205,0.0,5.0,4,1,1,2,0,1,1,E01003865,2,2,19/09/2015,19/09/2015,1,9,0,5,0.0,8,0,0,0,0,1.0,1.0,1,Male,25,21 - 25,1956,2,-1,-1,-1,-1.0,1,1,1,1,25,5,2,0,0,0,0,0,9,-1,-1,,,,,,,,,,,,,,,,,2015,9,2,3
17764,201501TW60308,517550.0,169410.0,-0.311161,51.411536,1,Slight,1,1,2015-09-13,Sunday,23:25,Richmond upon Thames,E09000027,3,310,6,30.0,7,4,3,308,0.0,1.0,4,1,1,0,0,1,1,E01003834,3,1,13/09/2015,13/09/2015,1,9,0,18,0.0,8,0,0,0,0,1.0,1.0,6,Male,19,16 - 20,1390,1,4,-1,1,-1.0,1,1,3,2,56,9,3,1,3,0,0,2,0,-1,-1,,,,,,,,,,,,,,,,,2015,9,1,23
17787,201501TW60334,516810.0,170740.0,-0.321359,51.423643,1,Slight,2,1,2015-08-10,Monday,21:15,Richmond upon Thames,E09000027,3,310,6,30.0,3,3,6,0,0.0,5.0,4,4,1,0,0,1,1,E01003836,3,1,08/10/2015,08/10/2015,1,5,0,4,0.0,8,0,0,0,0,0.0,1.0,2,Male,23,21 - 25,599,1,9,-1,1,-1.0,1,1,1,1,23,5,3,0,0,0,0,0,5,1,9,,,,,,,,,,,,,,,,,2015,8,1,21
17790,201501TW60337,514410.0,171060.0,-0.355759,51.427008,1,Slight,2,1,2015-11-10,Tuesday,20:19,Richmond upon Thames,E09000027,3,311,6,30.0,3,4,6,0,0.0,0.0,4,1,1,0,0,1,1,E01003815,3,1,11/10/2015,11/10/2015,1,3,0,18,0.0,8,0,0,0,0,1.0,1.0,1,Male,22,21 - 25,125,1,5,-1,1,-1.0,1,1,1,1,22,5,3,0,0,0,0,0,3,1,2,,,,,,,,,,,,,,,,,2015,11,1,20
17814,201501TW60363,519760.0,175330.0,-0.277399,51.46428,1,Slight,2,1,2015-06-11,Thursday,19:17,Richmond upon Thames,E09000027,3,305,6,30.0,3,4,6,0,0.0,0.0,4,1,1,0,0,1,1,E01003804,3,1,06/11/2015,06/11/2015,1,9,0,9,0.0,8,0,0,0,0,3.0,1.0,6,Male,31,26 - 35,1968,2,5,-1,1,-1.0,2,1,1,1,29,6,3,0,0,0,0,0,3,1,5,,,,,,,,,,,,,,,,,2015,6,1,19
17816,201501TW60365,512680.0,173560.0,-0.379837,51.449824,1,Slight,2,1,2015-10-11,Sunday,01:25,Richmond upon Thames,E09000027,5,0,1,30.0,1,4,3,314,0.0,8.0,4,1,1,0,0,1,1,E01003841,3,1,10/11/2015,10/11/2015,1,9,0,7,0.0,8,1,0,0,0,1.0,1.0,6,Male,19,16 - 20,1199,1,14,-1,1,-1.0,1,1,1,1,19,4,3,0,0,0,0,0,9,1,8,,,,,,,,,,,,,,,,,2015,10,1,1
17840,201501TW60392,516090.0,173140.0,-0.330924,51.445361,1,Slight,2,1,2015-11-29,Sunday,21:00,Richmond upon Thames,E09000027,3,305,3,30.0,0,-1,-1,0,0.0,4.0,4,2,2,0,0,1,1,E01003882,3,1,29/11/2015,29/11/2015,1,90,0,18,0.0,0,0,0,0,0,1.0,1.0,1,Female,27,26 - 35,6370,2,8,-1,-1,-1.0,2,1,1,1,66,10,3,0,0,0,0,0,9,1,9,,,,,,,,,,,,,,,,,2015,11,1,21
17851,201501TW60406,518710.0,175070.0,-0.292594,51.462164,1,Slight,2,1,2015-03-12,Thursday,23:48,Richmond upon Thames,E09000027,3,305,6,30.0,3,4,6,0,0.0,0.0,4,5,2,0,0,1,1,E01003875,3,1,03/12/2015,03/12/2015,1,3,0,18,0.0,8,1,0,0,0,1.0,1.0,1,Male,17,16 - 20,108,1,3,-1,1,-1.0,1,1,1,1,17,4,3,0,0,0,0,0,3,1,7,,,,,,,,,,,,,,,,,2015,3,1,23
17866,201501TW60421,518030.0,175140.0,-0.302355,51.462936,1,Slight,2,1,2015-12-18,Friday,19:35,Richmond upon Thames,E09000027,3,307,6,30.0,0,-1,-1,0,0.0,0.0,4,2,2,0,0,1,1,E01003873,3,1,18/12/2015,18/12/2015,1,8,0,6,0.0,0,0,0,0,0,1.0,1.0,1,Male,35,26 - 35,2499,2,1,-1,1,-1.0,2,1,1,1,30,6,3,0,0,0,0,0,1,1,1,,,,,,,,,,,,,,,,,2015,12,1,19
17869,201501TW60424,514160.0,173620.0,-0.358528,51.450067,1,Slight,2,1,2015-12-17,Thursday,19:53,Richmond upon Thames,E09000027,6,0,6,30.0,0,-1,-1,0,0.0,0.0,4,2,2,0,0,1,1,E01003909,3,1,17/12/2015,17/12/2015,1,3,0,18,0.0,0,0,0,0,0,4.0,1.0,1,Male,29,26 - 35,124,1,7,-1,1,-1.0,1,1,1,1,29,6,3,0,0,0,0,0,3,1,10,,,,,,,,,,,,,,,,,2015,12,1,19
17883,201501TW69001,512680.0,173560.0,-0.379837,51.449824,1,Slight,2,2,2015-12-28,Monday,18:45,Richmond upon Thames,E09000027,5,0,6,30.0,3,4,3,314,0.0,0.0,4,1,1,0,0,1,1,E01003841,3,1,28/12/2015,28/12/2015,1,9,0,7,0.0,8,0,0,0,0,1.0,1.0,2,Male,30,26 - 35,1951,2,12,-1,1,-1.0,1,1,1,1,30,6,3,0,0,0,0,0,9,1,4,,,,,,,,,,,,,,,,,2015,12,2,18
17886,201501TX20004,513160.0,175270.0,-0.372386,51.465098,1,Slight,1,1,2015-05-01,Friday,20:15,Hounslow,E09000018,6,0,6,30.0,0,-1,-1,0,0.0,0.0,4,1,1,0,0,1,1,E01002648,3,1,05/01/2015,05/01/2015,1,3,0,18,0.0,0,0,0,0,0,1.0,1.0,6,Male,20,16 - 20,-1,-1,-1,-1,1,-1.0,1,1,3,2,13,3,3,5,3,0,0,2,0,1,3,,,,,,,,,,,,,,,,,2015,5,1,20
17902,201501TX20036,520000.0,178470.0,-0.27288,51.49245,1,Slight,2,1,2015-01-13,Tuesday,18:25,Hounslow,E09000018,3,315,6,30.0,3,4,6,0,0.0,0.0,4,2,2,0,0,1,1,E01002692,3,1,13/01/2015,13/01/2015,1,9,0,9,0.0,8,0,0,0,0,4.0,1.0,6,Male,35,26 - 35,-1,-1,-1,-1,1,-1.0,2,1,1,1,-1,-1,3,0,0,0,0,0,3,1,6,,,,,,,,,,,,,,,,,2015,1,1,18
17918,201501TX20057,514010.0,175670.0,-0.360026,51.468522,1,Slight,1,1,2015-01-23,Friday,18:00,Hounslow,E09000018,3,314,6,30.0,0,-1,-1,0,0.0,0.0,4,1,1,0,6,1,1,E01033084,3,1,23/01/2015,23/01/2015,1,2,0,18,0.0,0,0,0,0,0,4.0,1.0,6,Male,27,26 - 35,124,1,2,-1,1,-1.0,1,1,1,1,27,6,3,0,0,0,0,0,2,1,9,,,,,,,,,,,,,,,,,2015,1,1,18
17921,201501TX20060,510460.0,176830.0,-0.41075,51.479652,1,Slight,2,1,2015-01-27,Tuesday,21:00,Hounslow,E09000018,3,4,3,40.0,6,2,3,4,0.0,5.0,4,1,1,0,0,1,1,E01002583,3,1,27/01/2015,27/01/2015,1,9,0,11,0.0,8,0,0,0,0,4.0,1.0,6,Male,17,16 - 20,1339,1,10,-1,1,-1.0,2,1,1,1,67,10,3,0,0,0,0,0,8,1,9,,,,,,,,,,,,,,,,,2015,1,1,21
17925,201501TX20065,513240.0,175460.0,-0.371174,51.466789,1,Slight,3,1,2015-01-28,Wednesday,22:37,Hounslow,E09000018,3,315,6,30.0,6,2,6,0,0.0,5.0,4,1,1,0,0,1,1,E01002664,3,1,28/01/2015,28/01/2015,1,9,0,11,0.0,1,0,0,0,0,4.0,1.0,6,Male,28,26 - 35,1587,1,12,-1,1,-1.0,1,1,2,2,21,5,3,0,0,2,0,0,9,-1,-1,,,,,,,,,,,,,,,,,2015,1,1,22
17938,201501TX20085,511510.0,175030.0,-0.396204,51.463268,1,Slight,1,1,2015-01-28,Wednesday,21:14,Hounslow,E09000018,6,0,6,30.0,0,-1,-1,0,0.0,0.0,4,1,1,0,7,1,1,E01002589,3,1,28/01/2015,28/01/2015,1,9,0,11,0.0,0,0,0,1,10,1.0,1.0,6,Female,25,21 - 25,-1,-1,-1,-1,3,-1.0,1,1,1,2,25,5,3,0,0,0,0,0,9,3,9,,,,,,,,,,,,,,,,,2015,1,1,21
17943,201501TX20090,511460.0,176340.0,-0.396511,51.475052,1,Slight,2,1,2015-09-02,Wednesday,18:12,Hounslow,E09000018,3,30,3,30.0,1,4,6,0,0.0,1.0,4,1,1,0,0,1,1,E01002587,3,1,09/02/2015,09/02/2015,1,9,0,4,0.0,3,0,0,0,0,2.0,1.0,6,Male,25,21 - 25,-1,-1,-1,-1,1,-1.0,2,1,1,2,32,6,3,0,0,0,0,0,9,1,7,,,,,,,,,,,,,,,,,2015,9,1,18
17944,201501TX20091,521540.0,178560.0,-0.250678,51.49293,1,Slight,2,1,2015-05-02,Saturday,22:03,Hounslow,E09000018,3,315,6,30.0,3,4,6,0,0.0,0.0,4,1,1,0,0,1,1,E01002570,3,1,05/02/2015,05/02/2015,1,9,0,9,0.0,8,0,0,0,0,4.0,1.0,1,Female,33,26 - 35,1796,1,11,-1,-1,-1.0,2,1,1,1,29,6,3,0,0,0,0,0,3,1,10,,,,,,,,,,,,,,,,,2015,5,1,22
17948,201501TX20096,510710.0,171960.0,-0.408675,51.435831,1,Slight,2,1,2015-02-13,Friday,18:20,Hounslow,E09000018,6,0,6,30.0,3,4,6,0,0.0,0.0,4,2,2,0,0,1,1,E01002617,3,1,13/02/2015,13/02/2015,1,9,0,9,0.0,8,0,0,0,0,1.0,1.0,6,Male,34,26 - 35,-1,-1,-1,-1,1,-1.0,1,1,2,1,3,1,3,0,0,2,0,0,9,1,6,,,,,,,,,,,,,,,,,2015,2,1,18
17955,201501TX20106,510660.0,177300.0,-0.407724,51.483837,1,Slight,2,1,2015-05-02,Saturday,05:45,Hounslow,E09000018,3,312,6,30.0,6,2,5,0,0.0,5.0,4,1,1,0,0,1,1,E01002583,3,1,05/02/2015,05/02/2015,1,8,0,18,0.0,8,0,0,1,0,1.0,1.0,2,Male,34,26 - 35,-1,-1,-1,-1,1,-1.0,1,1,1,1,34,6,3,0,0,0,0,0,8,1,5,,,,,,,,,,,,,,,,,2015,5,1,5
17962,201501TX20115,513590.0,176250.0,-0.365883,51.47382,1,Slight,4,1,2015-10-02,Friday,23:22,Hounslow,E09000018,3,3005,6,30.0,0,-1,-1,0,0.0,1.0,4,1,1,0,0,1,1,E01002641,3,1,10/02/2015,10/02/2015,1,9,0,18,0.0,0,1,10,7,2,1.0,1.0,6,Male,28,26 - 35,2993,2,4,-1,-1,-1.0,1,1,1,1,28,6,3,0,0,0,0,0,9,-1,-1,,,,,,,,,,,,,,,,,2015,10,1,23
17982,201501TX20142,520910.0,177100.0,-0.260248,51.479944,1,Slight,2,2,2015-02-28,Saturday,18:20,Hounslow,E09000018,3,316,6,30.0,6,2,5,0,0.0,5.0,4,2,2,0,0,1,1,E01002578,3,1,28/02/2015,28/02/2015,1,9,0,9,0.0,8,0,0,0,0,4.0,1.0,6,Male,27,26 - 35,2171,1,14,-1,1,-1.0,1,1,2,2,31,6,3,0,0,2,0,0,9,-1,-1,,,,,,,,,,,,,,,,,2015,2,2,18
17990,201501TX20153,511140.0,172870.0,-0.402206,51.443926,1,Slight,1,1,2015-02-03,Tuesday,18:20,Hounslow,E09000018,6,0,6,30.0,0,-1,-1,0,0.0,1.0,4,1,1,0,0,1,1,E01002611,3,1,02/03/2015,02/03/2015,1,9,0,18,0.0,0,0,0,0,0,1.0,1.0,6,Male,31,26 - 35,1398,1,14,-1,1,-1.0,1,1,3,2,-1,-1,3,1,1,0,0,2,0,1,6,,,,,,,,,,,,,,,,,2015,2,1,18
17992,201501TX20155,510470.0,176990.0,-0.410556,51.481088,1,Slight,2,1,2015-01-02,Friday,00:47,Hounslow,E09000018,6,0,6,30.0,2,4,6,0,0.0,0.0,4,1,1,0,0,1,1,E01002584,3,1,01/02/2015,01/02/2015,1,9,0,9,0.0,8,0,0,0,0,4.0,1.0,6,Male,23,21 - 25,-1,-1,-1,-1,1,-1.0,2,1,1,1,19,4,3,0,0,0,0,0,9,1,5,,,,,,,,,,,,,,,,,2015,1,1,0
18009,201501TX20174,512740.0,175430.0,-0.378378,51.466619,1,Slight,2,1,2015-11-03,Tuesday,21:15,Hounslow,E09000018,3,3063,6,20.0,3,4,6,0,0.0,0.0,4,1,1,0,0,1,2,E01002664,3,1,11/03/2015,11/03/2015,1,3,0,18,0.0,8,0,0,1,0,1.0,1.0,2,Male,27,26 - 35,125,1,11,-1,1,-1.0,1,1,1,1,27,6,3,0,0,0,0,0,3,1,3,,,,,,,,,,,,,,,,,2015,11,1,21
18017,201501TX20183,512320.0,176040.0,-0.384228,51.472185,1,Slight,1,1,2015-03-03,Tuesday,20:00,Hounslow,E09000018,3,3006,6,30.0,0,-1,-1,0,0.0,4.0,4,1,1,0,0,1,1,E01002660,3,1,03/03/2015,03/03/2015,1,3,0,18,0.0,0,0,0,0,0,1.0,1.0,1,Male,35,26 - 35,49,1,9,-1,1,-1.0,1,1,3,2,18,4,3,1,1,0,0,2,0,1,5,,,,,,,,,,,,,,,,,2015,3,1,20
18029,201501TX20200,514330.0,175890.0,-0.35535,51.470435,1,Slight,1,2,2015-09-03,Thursday,18:00,Hounslow,E09000018,3,315,6,30.0,3,2,5,0,0.0,5.0,1,1,1,0,0,1,1,E01002642,3,1,09/03/2015,09/03/2015,1,4,0,18,0.0,8,1,0,0,0,1.0,1.0,2,Male,24,21 - 25,124,1,9,-1,1,-1.0,1,1,1,1,24,5,3,0,0,0,0,0,4,1,4,,,,,,,,,,,,,,,,,2015,9,2,18
18035,201501TX20208,513390.0,175640.0,-0.368957,51.468377,1,Slight,1,1,2015-02-28,Saturday,22:10,Hounslow,E09000018,3,3006,6,30.0,3,2,5,0,0.0,5.0,4,2,2,0,0,1,1,E01002664,3,1,28/02/2015,28/02/2015,1,9,0,5,0.0,8,0,0,0,0,1.0,1.0,6,Female,35,26 - 35,1799,1,8,-1,1,-1.0,1,1,3,1,61,9,3,10,1,0,0,2,0,-1,-1,,,,,,,,,,,,,,,,,2015,2,1,22
18047,201501TX20222,511660.0,176330.0,-0.393635,51.474922,1,Slight,2,1,2015-02-27,Friday,22:10,Hounslow,E09000018,3,3006,3,40.0,0,-1,-1,0,0.0,5.0,4,1,1,0,0,1,1,E01002587,3,1,27/02/2015,27/02/2015,1,9,0,18,0.0,0,0,0,0,0,1.0,1.0,6,Male,23,21 - 25,1968,2,8,-1,1,-1.0,2,1,1,1,27,6,3,0,0,0,0,0,9,1,9,,,,,,,,,,,,,,,,,2015,2,1,22
18081,201501TX20258,513150.0,174370.0,-0.372817,51.457011,1,Serious,2,3,2015-04-20,Monday,20:22,Richmond upon Thames,E09000027,3,3063,6,30.0,6,2,3,314,0.0,5.0,4,1,1,0,0,1,1,E01003840,2,2,20/04/2015,20/04/2015,1,9,0,3,0.0,8,0,0,0,0,3.0,1.0,6,Male,32,26 - 35,1497,8,8,-1,1,-1.0,1,2,2,1,43,7,3,0,0,1,0,0,9,1,2,,,,,,,,,,,,,,,,,2015,4,6,20
18082,201501TX20259,512060.0,172520.0,-0.389084,51.440599,1,Slight,2,1,2015-11-04,Wednesday,19:10,Hounslow,E09000018,3,314,6,30.0,6,2,3,312,0.0,5.0,1,1,1,0,0,1,2,E01002607,3,1,11/04/2015,11/04/2015,1,9,0,18,0.0,8,0,0,0,0,2.0,1.0,4,Male,30,26 - 35,1598,1,13,-1,1,-1.0,1,1,1,1,30,6,3,0,0,0,0,0,9,1,5,,,,,,,,,,,,,,,,,2015,11,1,19
18085,201501TX20263,513830.0,175060.0,-0.362812,51.463076,1,Slight,1,1,2015-04-23,Thursday,19:25,Hounslow,E09000018,4,361,6,30.0,3,4,6,0,0.0,0.0,1,1,1,0,0,1,1,E01002649,3,1,23/04/2015,23/04/2015,1,9,0,18,0.0,8,0,0,0,0,3.0,1.0,2,Male,29,26 - 35,1985,1,13,-1,1,-1.0,1,1,3,2,26,6,3,5,3,0,0,2,0,1,6,,,,,,,,,,,,,,,,,2015,4,1,19
18094,201501TX20273,510020.0,175220.0,-0.417584,51.465267,1,Slight,1,1,2015-04-28,Tuesday,18:50,Hounslow,E09000018,5,0,6,30.0,3,2,6,0,0.0,5.0,1,1,1,0,0,1,1,E01002592,3,1,28/04/2015,28/04/2015,1,3,0,9,0.0,8,1,10,7,0,1.0,1.0,6,Male,27,26 - 35,-1,-1,-1,-1,1,-1.0,1,1,1,1,27,6,3,0,0,0,0,0,3,1,3,,,,,,,,,,,,,,,,,2015,4,1,18
18101,201501TX20280,512480.0,177260.0,-0.381537,51.483119,1,Slight,3,1,2015-04-23,Thursday,20:00,Hounslow,E09000018,5,0,6,30.0,3,4,5,0,0.0,1.0,4,2,2,0,0,1,2,E01002619,3,1,23/04/2015,23/04/2015,1,9,0,3,0.0,8,0,0,0,0,1.0,1.0,2,Female,20,16 - 20,998,1,6,-1,1,-1.0,1,1,1,2,20,4,3,0,0,0,0,0,9,1,9,,,,,,,,,,,,,,,,,2015,4,1,20
18106,201501TX20285,512830.0,176220.0,-0.376831,51.473702,1,Serious,2,3,2015-04-27,Monday,23:50,Hounslow,E09000018,3,3063,6,20.0,3,4,6,0,0.0,0.0,4,1,1,0,0,1,1,E01002621,2,2,27/04/2015,27/04/2015,1,9,0,18,0.0,8,0,0,0,0,1.0,1.0,6,Male,31,26 - 35,1296,1,8,-1,-1,-1.0,1,1,1,1,31,6,2,0,0,0,0,0,9,-1,-1,,,,,,,,,,,,,,,,,2015,4,6,23
18118,201501TX20299,517020.0,177830.0,-0.315997,51.487322,1,Slight,2,1,2015-04-28,Tuesday,21:07,Hounslow,E09000018,3,4,3,30.0,7,2,6,0,0.0,5.0,4,1,1,0,0,1,1,E01002565,3,1,28/04/2015,28/04/2015,1,3,0,3,0.0,8,0,0,0,0,2.0,1.0,2,Male,23,21 - 25,124,1,4,-1,1,-1.0,1,1,1,1,23,5,3,0,0,0,0,0,3,1,1,,,,,,,,,,,,,,,,,2015,4,1,21
18136,201501TX20319,508070.0,173850.0,-0.446063,51.453328,1,Slight,3,1,2015-04-30,Thursday,18:15,Hounslow,E09000018,5,0,3,30.0,0,-1,-1,0,0.0,0.0,1,1,1,0,0,1,1,E01002559,3,1,30/04/2015,30/04/2015,1,9,0,12,0.0,0,1,10,0,0,3.0,1.0,6,Female,27,26 - 35,1598,1,11,-1,1,-1.0,2,1,1,1,48,8,3,0,0,0,0,0,19,1,6,,,,,,,,,,,,,,,,,2015,4,1,18
18166,201501TX20351,509740.0,172140.0,-0.422568,51.437638,1,Slight,3,4,2015-05-24,Sunday,20:15,Hounslow,E09000018,3,244,6,30.0,0,-1,-1,0,0.0,1.0,1,1,1,0,0,1,2,E01002601,3,1,24/05/2015,24/05/2015,1,9,0,3,0.0,0,0,0,0,0,2.0,1.0,6,Male,22,21 - 25,1560,2,1,-1,-1,-1.0,1,1,1,1,22,5,3,0,0,0,0,0,9,-1,-1,,,,,,,,,,,,,,,,,2015,5,4,20
18169,201501TX20354,510490.0,178860.0,-0.409684,51.497892,1,Slight,1,1,2015-01-05,Monday,01:05,Hounslow,E09000018,3,312,3,30.0,1,2,3,312,0.0,0.0,4,1,1,0,0,1,1,E01002637,3,1,01/05/2015,01/05/2015,1,9,0,18,0.0,8,1,9,3,1,1.0,1.0,6,Male,22,21 - 25,1896,2,13,-1,1,-1.0,1,1,2,1,21,5,3,0,0,1,0,0,9,1,2,,,,,,,,,,,,,,,,,2015,1,1,1
18170,201501TX20355,516290.0,177360.0,-0.32666,51.483248,1,Slight,2,1,2015-05-19,Tuesday,23:15,Hounslow,E09000018,3,4,3,40.0,7,2,4,454,0.0,0.0,4,1,1,0,0,1,1,E01002679,3,1,19/05/2015,19/05/2015,1,4,0,18,0.0,1,0,0,0,0,3.0,1.0,6,Male,30,26 - 35,124,1,2,-1,1,-1.0,1,1,1,1,30,6,3,0,0,0,0,0,4,1,7,,,,,,,,,,,,,,,,,2015,5,1,23