,accident_index,location_easting_osgr,location_northing_osgr,longitude,latitude,police_force,accident_severity,number_of_vehicles,number_of_casualties,date,day_of_week,time,local_authority_district,local_authority_highway,first_road_class,first_road_number,road_type,speed_limit,junction_detail,junction_control,second_road_class,second_road_number,pedestrian_crossing-human_control,pedestrian_crossing-physical_facilities,light_conditions,weather_conditions,road_surface_conditions,special_conditions_at_site,carriageway_hazards,urban_or_rural_area,did_police_officer_attend_scene_of_accident,lsoa_of_accident_location,accident_severity_num,accident_severity_inv,date2,date_original,vehicle_reference_x,vehicle_type,towing_and_articulation,vehicle_manoeuvre,vehicle_location-restricted_lane,junction_location,skidding_and_overturning,hit_object_in_carriageway,vehicle_leaving_carriageway,hit_object_off_carriageway,1st_point_of_impact,was_vehicle_left_hand_drive?,journey_purpose_of_driver,sex_of_driver,age_of_driver,age_band_of_driver,engine_capacity_cc,propulsion_code,age_of_vehicle,driver_imd_decile,driver_home_area_type,vehicle_imd_decile,vehicle_reference_y,casualty_reference,casualty_class,sex_of_casualty,age_of_casualty,age_band_of_casualty,casualty_severity,pedestrian_location,pedestrian_movement,car_passenger,bus_or_coach_passenger,pedestrian_road_maintenance_worker,casualty_type,casualty_home_area_type,casualty_imd_decile,accident_year_x,accident_reference_x,local_authority_ons_district,pedestrian_crossing_human_control,pedestrian_crossing_physical_facilities,trunk_road_flag,accident_year_y,accident_reference_y,vehicle_direction_from,vehicle_direction_to,vehicle_location_restricted_lane,first_point_of_impact,vehicle_left_hand_drive,generic_make_model,accident_year,accident_reference,year,month,severity,hours
18177,201501TX20363,520130.0,178290.0,-0.27107,51.490805,1,Slight,2,2,2015-06-05,Friday,23:41,Hounslow,E09000018,3,3000,6,30.0,3,4,6,0,0.0,0.0,4,1,1,0,0,1,1,E01002687,3,1,06/05/2015,06/05/2015,1,3,0,18,0.0,1,0,0,0,0,1.0,1.0,6,Male,20,16 - 20,-1,-1,-1,-1,1,-1.0,1,1,1,1,20,4,3,0,0,0,0,0,3,1,4,,,,,,,,,,,,,,,,,2015,6,2,23
18182,201501TX20368,515590.0,177270.0,-0.336766,51.482582,1,Slight,2,1,2015-08-05,Wednesday,20:56,Hounslow,E09000018,3,4,3,40.0,6,2,3,4,0.0,5.0,4,1,1,0,0,1,2,E01002675,3,1,08/05/2015,08/05/2015,1,9,0,3,0.0,1,0,0,0,0,2.0,1.0,6,Male,30,26 - 35,1598,1,11,-1,1,-1.0,1,1,1,1,30,6,3,0,0,0,0,0,9,1,3,,,,,,,,,,,,,,,,,2015,8,1,20
18197,201501TX20387,510510.0,172880.0,-0.411264,51.444139,1,Slight,2,1,2015-05-25,Monday,18:35,Hounslow,E09000018,3,244,6,30.0,6,2,6,0,0.0,5.0,1,1,1,0,0,1,1,E01033030,3,1,25/05/2015,25/05/2015,1,9,0,9,0.0,8,0,0,0,0,4.0,1.0,6,Male,29,26 - 35,1596,1,8,-1,1,-1.0,2,1,1,1,27,6,3,0,0,0,0,0,3,-1,-1,,,,,,,,,,,,,,,,,2015,5,1,18
18198,201501TX20388,513680.0,176820.0,-0.364405,51.478925,1,Serious,2,1,2015-06-06,Saturday,18:26,Hounslow,E09000018,3,4,3,40.0,6,2,3,3005,0.0,5.0,1,1,1,0,0,1,1,E01002630,2,2,06/06/2015,06/06/2015,1,9,0,18,0.0,1,0,0,0,0,1.0,1.0,6,Male,27,26 - 35,1975,2,16,-1,1,-1.0,2,1,1,1,-1,-1,2,0,0,0,0,0,1,-1,-1,,,,,,,,,,,,,,,,,2015,6,2,18
18212,201501TX20403,511360.0,173000.0,-0.399001,51.445051,1,Slight,1,2,2015-05-13,Wednesday,23:30,Hounslow,E09000018,3,312,6,30.0,0,-1,-1,0,0.0,0.0,4,1,1,0,0,1,1,E01002611,3,1,13/05/2015,13/05/2015,1,9,0,18,0.0,0,0,7,0,0,1.0,1.0,6,Male,18,16 - 20,1199,1,12,-1,1,-1.0,1,1,2,2,18,4,3,0,0,1,0,0,9,1,2,,,,,,,,,,,,,,,,,2015,5,2,23
18223,201501TX20414,513820.0,176860.0,-0.362377,51.479256,1,Slight,2,2,2015-06-06,Saturday,23:19,Hounslow,E09000018,3,4,3,40.0,5,2,6,0,0.0,5.0,4,1,1,0,0,1,1,E01002630,3,1,06/06/2015,06/06/2015,1,8,0,9,0.0,8,0,0,0,0,1.0,1.0,1,Male,24,21 - 25,1956,2,2,-1,1,-1.0,2,1,1,1,21,5,3,0,0,0,0,0,4,1,3,,,,,,,,,,,,,,,,,2015,6,2,23
18231,201501TX20424,513570.0,175470.0,-0.366422,51.466813,1,Slight,1,1,2015-06-23,Tuesday,20:53,Hounslow,E09000018,3,315,6,30.0,9,4,6,0,0.0,5.0,1,1,1,0,0,1,1,E01002648,3,1,23/06/2015,23/06/2015,1,90,0,16,0.0,1,0,10,1,1,1.0,1.0,6,Male,27,26 - 35,700,1,2,-1,1,-1.0,1,1,1,1,27,6,3,0,0,0,0,0,90,1,2,,,,,,,,,,,,,,,,,2015,6,1,20
18242,201501TX20438,510510.0,178260.0,-0.409583,51.492495,1,Slight,2,1,2015-06-30,Tuesday,23:50,Hounslow,E09000018,3,312,1,30.0,1,4,1,4,0.0,0.0,4,1,1,0,0,1,1,E01002633,3,1,30/06/2015,30/06/2015,1,9,0,18,0.0,8,0,0,0,0,4.0,1.0,6,Male,31,26 - 35,1596,1,6,-1,1,-1.0,1,1,1,1,31,6,3,0,0,0,0,0,9,1,6,,,,,,,,,,,,,,,,,2015,6,1,23
18262,201501TX20463,521110.0,178510.0,-0.256886,51.492573,1,Slight,1,1,2015-06-25,Thursday,20:15,Hounslow,E09000018,3,315,3,30.0,3,4,6,0,0.0,1.0,4,1,1,0,0,1,1,E01002693,3,1,25/06/2015,25/06/2015,1,8,0,18,0.0,8,0,0,0,0,1.0,1.0,1,Male,22,21 - 25,1797,8,5,-1,1,-1.0,1,1,3,1,28,6,3,1,3,0,0,2,0,1,5,,,,,,,,,,,,,,,,,2015,6,1,20
18263,201501TX20464,516840.0,176090.0,-0.319163,51.47172,1,Slight,2,2,2015-11-06,Friday,19:15,Hounslow,E09000018,5,0,6,20.0,0,-1,-1,0,0.0,0.0,1,1,1,0,0,1,2,E01002667,3,1,11/06/2015,11/06/2015,1,9,0,1,0.0,0,0,0,0,0,2.0,1.0,6,Male,29,26 - 35,1598,1,8,-1,1,-1.0,1,1,1,1,29,6,3,0,0,0,0,0,9,1,7,,,,,,,,,,,,,,,,,2015,11,2,19
18264,201501TX20465,511250.0,178760.0,-0.398771,51.496844,1,Slight,4,1,2015-10-07,Wednesday,18:00,Hounslow,E09000018,5,0,6,30.0,3,4,6,0,0.0,0.0,1,1,1,0,0,1,1,E01002637,3,1,10/07/2015,10/07/2015,1,9,0,16,0.0,1,0,0,0,0,1.0,2.0,6,Male,17,16 - 20,1398,1,3,-1,-1,-1.0,2,1,1,1,55,8,3,0,0,0,0,0,9,1,5,,,,,,,,,,,,,,,,,2015,10,1,18
18269,201501TX20471,511060.0,174520.0,-0.402839,51.458772,1,Slight,2,1,2015-01-06,Tuesday,21:00,Hounslow,E09000018,3,315,6,30.0,0,-1,-1,0,0.0,5.0,4,2,2,0,0,1,1,E01002592,3,1,01/06/2015,01/06/2015,1,9,0,14,0.0,0,0,0,0,0,1.0,1.0,6,Male,26,26 - 35,1598,1,7,-1,1,-1.0,1,1,2,1,27,6,3,0,0,1,0,0,9,1,3,,,,,,,,,,,,,,,,,2015,1,1,21
18277,201501TX20480,510840.0,176030.0,-0.405531,51.472387,1,Slight,2,3,2015-09-07,Monday,19:18,Hounslow,E09000018,3,312,3,40.0,0,-1,-1,0,0.0,5.0,1,1,1,0,0,1,1,E01002586,3,1,09/07/2015,09/07/2015,1,8,0,3,0.0,0,0,0,0,0,2.0,1.0,1,Male,35,26 - 35,2499,2,3,-1,1,-1.0,1,1,1,1,35,6,3,0,0,0,0,0,8,1,2,,,,,,,,,,,,,,,,,2015,9,3,19
18280,201501TX20485,508540.0,173610.0,-0.439375,51.451081,1,Slight,2,1,2015-05-24,Sunday,21:34,Hounslow,E09000018,3,315,6,30.0,3,4,6,0,0.0,0.0,4,1,1,0,0,1,1,E01002557,3,1,24/05/2015,24/05/2015,1,3,0,7,0.0,1,0,0,0,0,4.0,1.0,6,Male,24,21 - 25,125,1,15,-1,1,-1.0,1,1,1,1,24,5,3,0,0,0,0,0,3,1,2,,,,,,,,,,,,,,,,,2015,5,1,21
18285,201501TX20490,513680.0,176820.0,-0.364405,51.478925,1,Slight,3,3,2015-09-07,Monday,20:05,Hounslow,E09000018,3,4,3,40.0,6,2,3,3005,0.0,5.0,1,1,1,0,0,1,1,E01002630,3,1,09/07/2015,09/07/2015,1,9,0,18,0.0,8,0,0,0,0,1.0,1.0,2,Female,27,26 - 35,1598,1,11,-1,1,-1.0,1,1,1,2,27,6,3,0,0,0,0,0,9,1,3,,,,,,,,,,,,,,,,,2015,9,3,20
18286,201501TX20491,510820.0,173660.0,-0.406561,51.451089,1,Slight,2,1,2015-03-07,Saturday,18:15,Hounslow,E09000018,3,244,6,30.0,3,4,6,0,0.0,0.0,1,1,1,0,0,1,1,E01002593,3,1,03/07/2015,03/07/2015,1,9,0,9,0.0,8,0,0,0,0,3.0,1.0,6,Female,34,26 - 35,1598,1,12,-1,1,-1.0,2,1,1,2,40,7,3,0,0,0,0,0,3,1,6,,,,,,,,,,,,,,,,,2015,3,1,18
18287,201501TX20492,508420.0,173570.0,-0.441113,51.450745,1,Slight,2,1,2015-06-24,Wednesday,18:25,Hounslow,E09000018,3,315,6,30.0,3,4,5,0,0.0,0.0,1,1,1,0,0,1,1,E01002557,3,1,24/06/2015,24/06/2015,1,9,0,18,0.0,8,0,0,0,0,4.0,1.0,6,Male,21,21 - 25,1198,1,1,-1,1,-1.0,2,1,1,1,23,5,3,0,0,0,0,0,1,1,9,,,,,,,,,,,,,,,,,2015,6,1,18
18309,201501TX20516,516240.0,177360.0,-0.32738,51.483258,1,Slight,2,2,2015-04-15,Wednesday,20:40,Hounslow,E09000018,3,4,3,40.0,6,2,4,454,0.0,5.0,4,1,1,0,0,1,1,E01002678,3,1,15/04/2015,15/04/2015,1,9,0,10,0.0,1,0,0,0,0,2.0,1.0,6,Male,25,21 - 25,2000,2,4,-1,1,-1.0,1,1,1,1,25,5,3,0,0,0,0,0,9,1,7,,,,,,,,,,,,,,,,,2015,4,2,20
18313,201501TX20520,516440.0,176610.0,-0.324748,51.476476,1,Slight,1,1,2015-07-23,Thursday,18:12,Hounslow,E09000018,3,310,6,30.0,3,4,6,0,0.0,0.0,1,1,1,0,0,1,1,E01002682,3,1,23/07/2015,23/07/2015,1,5,0,4,0.0,8,0,0,0,0,0.0,1.0,2,Male,34,26 - 35,998,1,6,-1,1,-1.0,1,1,1,1,34,6,3,0,0,0,0,0,5,1,6,,,,,,,,,,,,,,,,,2015,7,1,18
18323,201501TX20531,512320.0,177770.0,-0.383679,51.487735,1,Slight,1,1,2015-07-24,Friday,23:30,Hounslow,E09000018,1,4,3,70.0,0,-1,-1,0,0.0,0.0,4,2,2,0,0,1,1,E01002632,3,1,24/07/2015,24/07/2015,1,9,0,18,0.0,0,0,0,1,7,4.0,1.0,2,Male,30,26 - 35,2993,2,1,-1,-1,-1.0,1,1,1,1,30,6,3,0,0,0,0,0,9,-1,-1,,,,,,,,,,,,,,,,,2015,7,1,23
18325,201501TX20533,510890.0,176610.0,-0.40463,51.47759,1,Slight,2,1,2015-12-07,Monday,00:30,Hounslow,E09000018,3,312,1,30.0,1,4,3,4,0.0,8.0,4,1,1,0,0,1,1,E01002586,3,1,12/07/2015,12/07/2015,1,9,0,17,0.0,8,0,0,0,0,4.0,1.0,6,Female,27,26 - 35,2993,2,10,-1,1,-1.0,1,1,1,2,27,6,3,0,0,0,0,0,9,1,5,,,,,,,,,,,,,,,,,2015,12,1,0
18327,201501TX20535,507440.0,174070.0,-0.455059,51.455425,1,Slight,2,1,2015-02-08,Sunday,05:55,Hounslow,E09000018,5,0,1,30.0,1,4,6,0,0.0,8.0,1,1,1,0,0,1,1,E01002559,3,1,02/08/2015,02/08/2015,1,9,0,18,0.0,8,0,0,0,0,4.0,1.0,1,Male,27,26 - 35,1497,1,11,-1,1,-1.0,2,1,1,1,46,8,3,0,0,0,0,0,1,1,6,,,,,,,,,,,,,,,,,2015,2,1,5
18331,201501TX20541,509270.0,173650.0,-0.428861,51.4513,1,Slight,2,1,2015-07-29,Wednesday,19:43,Hounslow,E09000018,6,0,6,30.0,3,4,6,0,0.0,0.0,1,1,1,0,0,1,1,E01002560,3,1,29/07/2015,29/07/2015,1,9,0,9,0.0,8,0,0,0,0,3.0,1.0,6,Male,26,26 - 35,1388,1,10,-1,1,-1.0,1,1,1,1,26,6,3,0,0,0,0,0,9,1,3,,,,,,,,,,,,,,,,,2015,7,1,19
18337,201501TX20549,511060.0,172790.0,-0.403381,51.443223,1,Slight,2,2,2015-04-08,Wednesday,21:12,Hounslow,E09000018,6,0,6,30.0,0,-1,-1,0,0.0,0.0,4,1,1,0,0,1,1,E01002612,3,1,04/08/2015,04/08/2015,1,4,0,9,0.0,0,0,0,0,0,3.0,1.0,6,Male,24,21 - 25,300,1,2,-1,1,-1.0,1,1,1,1,24,5,3,0,0,0,0,0,4,1,4,,,,,,,,,,,,,,,,,2015,4,2,21
18338,201501TX20550,511050.0,173450.0,-0.403318,51.449157,1,Slight,2,2,2015-02-08,Sunday,23:11,Hounslow,E09000018,3,312,6,30.0,0,-1,-1,0,0.0,0.0,4,1,1,0,0,1,1,E01002612,3,1,02/08/2015,02/08/2015,1,9,0,18,0.0,0,0,0,0,0,3.0,1.0,6,Male,31,26 - 35,-1,-1,-1,-1,1,-1.0,1,1,1,1,31,6,3,0,0,0,0,0,9,1,5,,,,,,,,,,,,,,,,,2015,2,2,23
18343,201501TX20556,521280.0,178520.0,-0.254435,51.492626,1,Slight,2,1,2015-07-31,Friday,18:30,Hounslow,E09000018,3,315,6,30.0,3,4,6,0,0.0,0.0,1,1,1,0,0,1,1,E01002570,3,1,31/07/2015,31/07/2015,1,3,0,15,4.0,8,0,0,0,0,3.0,1.0,1,Male,24,21 - 25,124,1,8,-1,1,-1.0,1,1,1,1,24,5,3,0,0,0,0,0,3,1,4,,,,,,,,,,,,,,,,,2015,7,1,18
18354,201501TX20568,520870.0,178490.0,-0.260348,51.492444,1,Serious,2,1,2015-07-23,Thursday,19:16,Hounslow,E09000018,3,315,6,30.0,3,4,6,0,0.0,1.0,1,1,1,0,0,1,1,E01002693,2,2,23/07/2015,23/07/2015,1,9,0,2,0.0,1,0,0,0,0,3.0,1.0,6,Male,25,21 - 25,2993,2,1,-1,1,-1.0,2,1,1,1,59,9,2,0,0,0,0,0,1,-1,-1,,,,,,,,,,,,,,,,,2015,7,2,19
18366,201501TX20585,514140.0,176630.0,-0.357845,51.477124,1,Slight,2,1,2015-06-29,Monday,19:05,Hounslow,E09000018,4,363,6,30.0,0,-1,-1,0,0.0,0.0,1,1,1,0,0,1,1,E01002639,3,1,29/06/2015,29/06/2015,1,9,0,18,0.0,0,0,0,0,0,1.0,1.0,6,Male,26,26 - 35,2979,1,8,-1,1,-1.0,2,1,1,1,21,5,3,0,0,0,0,0,9,1,6,,,,,,,,,,,,,,,,,2015,6,1,19
18368,201501TX20588,508200.0,173830.0,-0.444199,51.453124,1,Slight,2,1,2015-07-31,Friday,20:08,Hounslow,E09000018,3,30,3,40.0,6,2,5,0,0.0,5.0,1,1,1,0,0,1,1,E01002557,3,1,31/07/2015,31/07/2015,1,9,0,5,0.0,8,0,0,0,0,3.0,1.0,6,Female,29,26 - 35,1496,2,-1,-1,1,-1.0,1,1,1,2,29,6,3,0,0,0,0,0,9,1,7,,,,,,,,,,,,,,,,,2015,7,1,20
18370,201501TX20591,510420.0,178010.0,-0.410957,51.490266,1,Slight,2,1,2015-07-08,Wednesday,20:20,Hounslow,E09000018,3,312,3,30.0,0,-1,-1,0,0.0,0.0,4,1,1,0,0,1,1,E01002633,3,1,07/08/2015,07/08/2015,1,9,0,4,0.0,0,0,0,0,0,2.0,1.0,2,Male,33,26 - 35,1395,1,2,-1,1,-1.0,2,1,1,2,24,5,3,0,0,0,0,0,9,1,3,,,,,,,,,,,,,,,,,2015,7,1,20
18378,201501TX20605,517490.0,178130.0,-0.309131,51.489921,1,Slight,2,1,2015-08-23,Sunday,04:30,Hounslow,E09000018,3,4,3,30.0,6,2,4,452,0.0,0.0,4,1,1,0,0,1,1,E01002565,3,1,23/08/2015,23/08/2015,1,8,0,9,0.0,8,0,0,0,0,1.0,1.0,1,Male,33,26 - 35,1995,2,3,-1,1,-1.0,2,1,1,1,26,6,3,0,0,0,0,0,9,-1,-1,,,,,,,,,,,,,,,,,2015,8,1,4
18396,201501TX20629,510470.0,176810.0,-0.410613,51.47947,1,Serious,2,2,2015-06-09,Tuesday,22:30,Hounslow,E09000018,3,4,3,40.0,6,2,3,4,0.0,5.0,4,1,1,0,0,1,1,E01002583,2,2,06/09/2015,06/09/2015,1,9,0,9,0.0,8,0,0,0,0,4.0,1.0,2,Female,27,26 - 35,2143,2,4,-1,1,-1.0,1,1,1,2,27,6,3,0,0,0,0,0,9,1,6,,,,,,,,,,,,,,,,,2015,6,4,22
18401,201501TX20634,515560.0,177280.0,-0.337195,51.482678,1,Slight,2,1,2015-08-09,Sunday,19:05,Hounslow,E09000018,3,4,3,40.0,6,1,3,4,0.0,5.0,4,1,1,0,0,1,1,E01002675,3,1,08/09/2015,08/09/2015,1,2,0,4,0.0,8,0,0,0,0,1.0,1.0,6,Male,29,26 - 35,124,1,6,-1,1,-1.0,1,1,1,1,29,6,3,0,0,0,0,0,2,1,6,,,,,,,,,,,,,,,,,2015,8,1,19
18406,201501TX20640,510440.0,173970.0,-0.411931,51.45395,1,Slight,3,1,2015-08-18,Tuesday,21:44,Hounslow,E09000018,6,0,6,30.0,0,-1,-1,0,0.0,0.0,4,2,2,0,0,1,1,E01002595,3,1,18/08/2015,18/08/2015,1,9,0,1,0.0,0,0,0,0,0,3.0,1.0,6,Male,23,21 - 25,1598,1,10,-1,1,-1.0,1,1,1,1,23,5,3,0,0,0,0,0,9,1,3,,,,,,,,,,,,,,,,,2015,8,1,21
18408,201501TX20642,510300.0,178260.0,-0.412607,51.492536,1,Slight,2,1,2015-08-26,Wednesday,19:30,Hillingdon,E09000017,1,4,3,60.0,0,-1,-1,0,0.0,0.0,1,1,2,0,0,1,1,E01002492,3,1,26/08/2015,26/08/2015,1,9,0,18,0.0,0,0,0,0,0,1.0,1.0,6,Male,23,21 - 25,1198,1,1,-1,-1,-1.0,1,1,1,1,23,5,3,0,0,0,0,0,9,-1,-1,,,,,,,,,,,,,,,,,2015,8,1,19
18413,201501TX20647,508450.0,173700.0,-0.440642,51.451907,1,Slight,2,1,2015-03-09,Monday,20:13,Hounslow,E09000018,5,0,3,30.0,0,-1,-1,0,0.0,0.0,4,1,1,0,0,1,2,E01002557,3,1,03/09/2015,03/09/2015,1,9,0,18,0.0,0,0,0,0,0,3.0,1.0,2,Male,35,26 - 35,1995,2,11,-1,1,-1.0,1,1,1,1,35,6,3,0,0,0,0,0,9,1,3,,,,,,,,,,,,,,,,,2015,3,1,20
18424,201501TX20664,511000.0,174310.0,-0.403768,51.456896,1,Slight,2,1,2015-08-29,Saturday,04:27,Hounslow,E09000018,6,0,6,30.0,3,4,3,244,0.0,0.0,1,1,1,0,0,1,1,E01002592,3,1,29/08/2015,29/08/2015,1,9,0,7,0.0,8,0,0,0,0,3.0,1.0,6,Female,19,16 - 20,1149,1,12,-1,-1,-1.0,1,1,1,2,19,4,3,0,0,0,0,0,9,-1,-1,,,,,,,,,,,,,,,,,2015,8,1,4
18428,201501TX20668,512000.0,172370.0,-0.389994,51.439263,1,Slight,2,1,2015-09-20,Sunday,18:44,Hounslow,E09000018,3,314,6,30.0,0,-1,-1,0,0.0,0.0,4,1,1,0,0,1,1,E01002607,3,1,20/09/2015,20/09/2015,1,2,0,14,0.0,0,0,0,0,0,4.0,1.0,2,Male,35,26 - 35,124,1,1,-1,1,-1.0,1,1,1,1,35,6,3,0,0,0,0,0,2,1,3,,,,,,,,,,,,,,,,,2015,9,1,18
18451,201501TX20693,521580.0,178030.0,-0.250284,51.488158,1,Slight,2,1,2015-03-10,Tuesday,23:15,Hounslow,E09000018,3,316,6,30.0,7,4,3,316,0.0,0.0,4,1,1,0,0,1,1,E01002569,3,1,03/10/2015,03/10/2015,1,8,0,7,0.0,8,0,0,0,0,1.0,1.0,1,Male,34,26 - 35,1997,2,3,-1,1,-1.0,1,1,1,1,34,6,3,0,0,0,0,0,8,1,1,,,,,,,,,,,,,,,,,2015,3,1,23
18453,201501TX20695,517500.0,178120.0,-0.30899,51.489829,1,Slight,2,1,2015-06-09,Tuesday,03:10,Hounslow,E09000018,3,4,3,40.0,6,2,4,452,0.0,0.0,4,1,1,0,0,1,1,E01002684,3,1,06/09/2015,06/09/2015,1,8,0,9,0.0,8,0,0,0,0,1.0,1.0,1,Male,28,26 - 35,1339,8,4,-1,1,-1.0,1,1,1,1,28,6,3,0,0,0,0,0,8,1,2,,,,,,,,,,,,,,,,,2015,6,1,3
18465,201501TX20708,513670.0,176810.0,-0.364552,51.478837,1,Slight,2,3,2015-09-25,Friday,03:10,Hounslow,E09000018,3,4,3,40.0,6,2,3,3005,0.0,5.0,4,1,1,0,0,1,1,E01002629,3,1,25/09/2015,25/09/2015,1,8,0,18,0.0,8,0,0,0,0,1.0,1.0,1,Male,30,26 - 35,1798,8,-1,-1,1,-1.0,1,1,1,1,30,6,3,0,0,0,0,0,8,1,3,,,,,,,,,,,,,,,,,2015,9,3,3
18473,201501TX20716,511480.0,176410.0,-0.396201,51.475677,1,Slight,3,2,2015-09-21,Monday,19:19,Hounslow,E09000018,3,4,3,40.0,1,4,3,30,0.0,1.0,4,2,2,0,0,1,1,E01002635,3,1,21/09/2015,21/09/2015,1,9,0,4,0.0,8,0,0,0,0,2.0,1.0,1,Male,32,26 - 35,1968,2,5,-1,1,-1.0,2,1,1,2,24,5,3,0,0,0,0,0,9,-1,-1,,,,,,,,,,,,,,,,,2015,9,2,19
18478,201501TX20721,510520.0,172870.0,-0.411123,51.444047,1,Slight,2,2,2015-09-27,Sunday,21:30,Hounslow,E09000018,3,244,6,30.0,6,2,6,0,0.0,5.0,4,1,1,0,0,1,1,E01002614,3,1,27/09/2015,27/09/2015,1,9,0,5,0.0,8,0,0,0,0,3.0,1.0,1,Male,24,21 - 25,1229,1,4,-1,1,-1.0,1,1,1,1,24,5,3,0,0,0,0,0,9,1,4,,,,,,,,,,,,,,,,,2015,9,2,21
18480,201501TX20724,521770.0,178600.0,-0.247353,51.49324,1,Slight,2,1,2015-02-09,Monday,21:25,Hounslow,E09000018,6,0,2,30.0,2,4,3,315,0.0,0.0,4,5,2,0,0,1,1,E01002575,3,1,02/09/2015,02/09/2015,1,9,0,9,0.0,8,0,0,0,0,3.0,1.0,6,Male,32,26 - 35,1598,1,11,-1,1,-1.0,2,1,1,1,31,6,3,0,0,0,0,0,1,1,3,,,,,,,,,,,,,,,,,2015,2,1,21
18485,201501TX20729,510570.0,172850.0,-0.41041,51.443858,1,Slight,2,1,2015-09-20,Sunday,23:39,Hounslow,E09000018,6,0,6,30.0,3,4,6,0,0.0,0.0,4,1,1,0,0,1,1,E01002612,3,1,20/09/2015,20/09/2015,1,4,0,2,0.0,8,0,0,0,0,1.0,1.0,1,Male,21,21 - 25,278,1,1,-1,-1,-1.0,1,1,1,1,21,5,3,0,0,0,0,0,4,-1,-1,,,,,,,,,,,,,,,,,2015,9,1,23
18502,201501TX20748,512430.0,171680.0,-0.384029,51.432976,1,Slight,1,1,2015-02-10,Tuesday,18:26,Hounslow,E09000018,5,0,6,30.0,3,4,6,0,0.0,0.0,4,1,1,0,0,1,1,E01002609,3,1,02/10/2015,02/10/2015,1,9,0,14,0.0,8,0,0,0,0,1.0,1.0,2,Female,31,26 - 35,1364,1,8,-1,1,-1.0,1,1,3,1,13,3,3,5,1,0,0,2,0,1,6,,,,,,,,,,,,,,,,,2015,2,1,18
18519,201501TX20769,513930.0,176610.0,-0.360874,51.476987,1,Slight,2,1,2015-09-28,Monday,19:56,Hounslow,E09000018,4,363,1,30.0,1,4,5,0,0.0,0.0,1,1,1,0,0,1,1,E01002640,3,1,28/09/2015,28/09/2015,1,9,0,9,0.0,8,0,0,0,0,1.0,1.0,2,Female,26,26 - 35,-1,-1,-1,-1,1,-1.0,1,1,1,2,26,6,3,0,0,0,0,0,9,1,2,,,,,,,,,,,,,,,,,2015,9,1,19
18521,201501TX20771,510590.0,175830.0,-0.409192,51.470638,1,Slight,2,1,2015-07-08,Wednesday,18:16,Hounslow,E09000018,3,30,3,40.0,0,-1,-1,0,0.0,0.0,1,1,1,0,0,1,1,E01002586,3,1,07/08/2015,07/08/2015,1,9,0,4,0.0,0,1,0,0,0,1.0,1.0,6,Male,29,26 - 35,1360,1,9,-1,1,-1.0,1,1,2,2,28,6,3,0,0,1,0,0,9,1,2,,,,,,,,,,,,,,,,,2015,7,1,18
18522,201501TX20772,512140.0,176150.0,-0.386784,51.47321,1,Slight,1,2,2015-10-15,Thursday,20:50,Hounslow,E09000018,5,0,6,30.0,6,2,3,3006,0.0,5.0,4,1,1,0,0,1,1,E01002624,3,1,15/10/2015,15/10/2015,1,3,0,4,0.0,8,0,0,0,0,1.0,1.0,2,Male,19,16 - 20,124,1,1,-1,1,-1.0,1,1,1,1,19,4,3,0,0,0,0,0,3,1,5,,,,,,,,,,,,,,,,,2015,10,2,20
18524,201501TX20774,510250.0,173430.0,-0.414832,51.449133,1,Slight,2,1,2015-10-23,Friday,19:45,Hounslow,E09000018,4,3377,6,30.0,3,4,6,0,0.0,0.0,4,1,1,0,0,1,1,E01033000,3,1,23/10/2015,23/10/2015,1,9,0,9,0.0,8,0,0,0,0,2.0,1.0,6,Female,35,26 - 35,1299,1,15,-1,1,-1.0,1,1,1,2,35,6,3,0,0,0,0,0,9,1,4,,,,,,,,,,,,,,,,,2015,10,1,19
18526,201501TX20777,510180.0,174980.0,-0.415357,51.463078,1,Slight,2,3,2015-05-10,Sunday,18:32,Hounslow,E09000018,3,312,6,20.0,3,2,5,0,0.0,5.0,4,2,2,0,0,1,1,E01002592,3,1,05/10/2015,05/10/2015,1,9,0,9,0.0,8,0,0,0,0,1.0,1.0,2,Male,20,16 - 20,1199,1,12,-1,1,-1.0,1,1,1,1,20,4,3,0,0,0,0,0,9,1,2,,,,,,,,,,,,,,,,,2015,5,3,18
18532,201501TX20785,512070.0,175010.0,-0.388152,51.462977,1,Serious,2,1,2015-10-20,Tuesday,18:40,Hounslow,E09000018,3,315,6,30.0,2,4,6,0,0.0,0.0,4,2,2,0,0,1,2,E01002665,2,2,20/10/2015,20/10/2015,1,3,0,18,0.0,8,0,0,0,0,4.0,1.0,1,Male,26,26 - 35,125,1,-1,-1,1,-1.0,1,1,1,1,26,6,2,0,0,0,0,0,3,1,4,,,,,,,,,,,,,,,,,2015,10,2,18
18537,201501TX20790,510540.0,174350.0,-0.410373,51.457346,1,Slight,2,1,2015-01-10,Saturday,19:05,Hounslow,E09000018,3,312,6,30.0,6,2,3,315,0.0,5.0,4,1,1,0,0,1,1,E01002593,3,1,01/10/2015,01/10/2015,1,9,0,5,0.0,8,0,0,0,0,1.0,1.0,2,Male,34,26 - 35,1988,1,12,-1,1,-1.0,2,1,1,1,53,8,3,0,0,0,0,0,1,-1,-1,,,,,,,,,,,,,,,,,2015,1,1,19
18548,201501TX20802,521210.0,178530.0,-0.255439,51.492731,1,Slight,2,1,2015-12-10,Thursday,19:19,Hounslow,E09000018,4,491,6,30.0,3,4,3,315,0.0,0.0,4,1,1,0,0,1,1,E01002693,3,1,12/10/2015,12/10/2015,1,9,0,9,0.0,8,0,0,0,0,1.0,1.0,2,Male,25,21 - 25,2979,1,1,-1,1,-1.0,2,1,1,1,32,6,3,0,0,0,0,0,1,1,3,,,,,,,,,,,,,,,,,2015,12,1,19
18549,201501TX20803,521390.0,177800.0,-0.253099,51.486132,1,Slight,2,1,2015-10-20,Tuesday,19:40,Hounslow,E09000018,3,316,6,30.0,3,4,6,0,0.0,0.0,4,1,1,0,0,1,1,E01002571,3,1,20/10/2015,20/10/2015,1,4,0,18,0.0,8,0,0,0,0,2.0,1.0,2,Male,34,26 - 35,-1,-1,-1,-1,-1,-1.0,1,1,1,1,34,6,3,0,0,0,0,0,4,-1,-1,,,,,,,,,,,,,,,,,2015,10,1,19