,accident_index,location_easting_osgr,location_northing_osgr,longitude,latitude,police_force,accident_severity,number_of_vehicles,number_of_casualties,date,day_of_week,time,local_authority_district,local_authority_highway,first_road_class,first_road_number,road_type,speed_limit,junction_detail,junction_control,second_road_class,second_road_number,pedestrian_crossing-human_control,pedestrian_crossing-physical_facilities,light_conditions,weather_conditions,road_surface_conditions,special_conditions_at_site,carriageway_hazards,urban_or_rural_area,did_police_officer_attend_scene_of_accident,lsoa_of_accident_location,accident_severity_num,accident_severity_inv,date2,date_original,vehicle_reference_x,vehicle_type,towing_and_articulation,vehicle_manoeuvre,vehicle_location-restricted_lane,junction_location,skidding_and_overturning,hit_object_in_carriageway,vehicle_leaving_carriageway,hit_object_off_carriageway,1st_point_of_impact,was_vehicle_left_hand_drive?,journey_purpose_of_driver,sex_of_driver,age_of_driver,age_band_of_driver,engine_capacity_cc,propulsion_code,age_of_vehicle,driver_imd_decile,driver_home_area_type,vehicle_imd_decile,vehicle_reference_y,casualty_reference,casualty_class,sex_of_casualty,age_of_casualty,age_band_of_casualty,casualty_severity,pedestrian_location,pedestrian_movement,car_passenger,bus_or_coach_passenger,pedestrian_road_maintenance_worker,casualty_type,casualty_home_area_type,casualty_imd_decile,accident_year_x,accident_reference_x,local_authority_ons_district,pedestrian_crossing_human_control,pedestrian_crossing_physical_facilities,trunk_road_flag,accident_year_y,accident_reference_y,vehicle_direction_from,vehicle_direction_to,vehicle_location_restricted_lane,first_point_of_impact,vehicle_left_hand_drive,generic_make_model,accident_year,accident_reference,year,month,severity,hours
18554,201501TX20809,514120.0,175750.0,-0.358417,51.469219,1,Slight,3,1,2015-10-16,Friday,18:32,Hounslow,E09000018,3,314,6,30.0,3,4,6,0,0.0,4.0,4,1,1,0,0,1,1,E01033084,3,1,16/10/2015,16/10/2015,1,9,0,9,0.0,8,0,0,0,0,1.0,1.0,1,Female,31,26 - 35,1997,1,14,-1,1,-1.0,1,1,1,2,31,6,3,0,0,0,0,0,9,1,1,,,,,,,,,,,,,,,,,2015,10,1,18
18555,201501TX20811,515740.0,176460.0,-0.334872,51.475272,1,Slight,2,1,2015-03-10,Tuesday,22:24,Hounslow,E09000018,3,315,6,30.0,0,-1,-1,0,0.0,0.0,4,1,1,0,0,1,1,E01002683,3,1,03/10/2015,03/10/2015,1,3,0,18,0.0,0,0,0,0,0,1.0,1.0,1,Male,33,26 - 35,125,1,5,-1,1,-1.0,1,1,1,1,33,6,3,0,0,0,0,0,3,1,6,,,,,,,,,,,,,,,,,2015,3,1,22
18561,201501TX20818,511470.0,176410.0,-0.396345,51.475679,1,Slight,2,1,2015-06-10,Wednesday,19:45,Hounslow,E09000018,3,4,1,30.0,1,4,6,0,0.0,0.0,4,2,2,0,0,1,2,E01002635,3,1,06/10/2015,06/10/2015,1,9,0,16,0.0,8,0,0,0,0,1.0,1.0,2,Female,33,26 - 35,1896,2,12,-1,1,-1.0,1,1,1,2,33,6,3,0,0,0,0,0,9,1,6,,,,,,,,,,,,,,,,,2015,6,1,19
18564,201501TX20822,513650.0,176860.0,-0.364824,51.47929,1,Slight,2,1,2015-03-11,Wednesday,18:15,Hounslow,E09000018,3,3005,6,30.0,3,4,6,0,0.0,0.0,4,1,2,0,0,1,1,E01002629,3,1,03/11/2015,03/11/2015,1,9,0,4,0.0,8,0,0,0,0,1.0,1.0,2,Male,21,21 - 25,1198,1,2,-1,1,-1.0,2,1,1,1,21,5,3,0,0,0,0,0,9,1,4,,,,,,,,,,,,,,,,,2015,3,1,18
18568,201501TX20826,515410.0,178740.0,-0.338877,51.495831,1,Slight,1,1,2015-10-25,Sunday,01:38,Hounslow,E09000018,1,4,3,40.0,0,-1,-1,0,0.0,0.0,4,2,2,0,0,1,1,E01002678,3,1,25/10/2015,25/10/2015,1,9,0,18,0.0,0,0,0,1,10,1.0,1.0,6,Male,23,21 - 25,1598,1,9,-1,1,-1.0,1,1,1,1,23,5,3,0,0,0,0,0,9,1,5,,,,,,,,,,,,,,,,,2015,10,1,1
18588,201501TX20849,510410.0,178030.0,-0.411095,51.490447,1,Slight,2,1,2015-10-28,Wednesday,19:08,Hounslow,E09000018,3,312,3,50.0,0,-1,-1,0,0.0,0.0,4,1,1,0,3,1,1,E01002583,3,1,28/10/2015,28/10/2015,1,9,0,4,0.0,0,0,0,0,0,2.0,1.0,2,Male,35,26 - 35,1796,1,10,-1,1,-1.0,1,1,1,1,35,6,3,0,0,0,0,0,9,1,5,,,,,,,,,,,,,,,,,2015,10,1,19
18590,201501TX20851,519260.0,178300.0,-0.283592,51.491078,1,Slight,4,1,2015-11-15,Sunday,18:00,Hounslow,E09000018,3,205,6,30.0,3,2,6,0,0.0,5.0,4,1,1,0,0,1,1,E01002566,3,1,15/11/2015,15/11/2015,1,9,0,3,0.0,8,0,0,1,0,2.0,1.0,6,Male,25,21 - 25,-1,-1,-1,-1,1,-1.0,3,1,1,1,49,8,3,0,0,0,0,0,9,-1,-1,,,,,,,,,,,,,,,,,2015,11,1,18
18594,201501TX20855,508940.0,172710.0,-0.433898,51.442915,1,Slight,2,1,2015-11-14,Saturday,18:15,Hounslow,E09000018,5,0,6,30.0,0,-1,-1,0,0.0,0.0,4,2,2,0,0,1,1,E01002559,3,1,14/11/2015,14/11/2015,1,9,0,4,0.0,0,0,0,0,0,2.0,1.0,6,Male,26,26 - 35,1560,2,3,-1,1,-1.0,2,1,1,1,37,7,3,0,0,0,0,0,9,1,4,,,,,,,,,,,,,,,,,2015,11,1,18
18597,201501TX20858,513040.0,174630.0,-0.374317,51.459369,1,Slight,2,1,2015-11-13,Friday,22:30,Hounslow,E09000018,3,3063,6,30.0,3,4,6,0,0.0,0.0,4,1,1,0,0,1,1,E01002652,3,1,13/11/2015,13/11/2015,1,9,0,18,0.0,8,0,0,0,0,1.0,1.0,2,Male,29,26 - 35,1968,2,5,-1,-1,-1.0,2,1,1,2,50,8,3,0,0,0,0,0,9,1,5,,,,,,,,,,,,,,,,,2015,11,1,22
18605,201501TX20867,519370.0,178390.0,-0.281978,51.491864,1,Slight,2,1,2015-10-20,Tuesday,20:33,Hounslow,E09000018,3,4,1,30.0,1,2,3,315,0.0,5.0,4,1,1,0,0,1,1,E01002692,3,1,20/10/2015,20/10/2015,1,9,0,7,0.0,8,0,0,0,0,2.0,1.0,2,Female,27,26 - 35,1781,1,13,-1,1,-1.0,2,1,1,2,31,6,3,0,0,0,0,0,9,1,5,,,,,,,,,,,,,,,,,2015,10,1,20
18611,201501TX20874,511080.0,174520.0,-0.402551,51.458768,1,Slight,2,4,2015-11-21,Saturday,19:41,Hounslow,E09000018,3,315,6,30.0,3,3,6,0,0.0,0.0,4,1,2,0,0,1,1,E01002594,3,1,21/11/2015,21/11/2015,1,9,0,9,0.0,8,0,0,0,0,4.0,1.0,2,Male,19,16 - 20,1199,1,13,-1,1,-1.0,1,1,1,1,19,4,3,0,0,0,0,0,9,1,3,,,,,,,,,,,,,,,,,2015,11,4,19
18616,201501TX20880,511460.0,176340.0,-0.396511,51.475052,1,Slight,1,1,2015-11-25,Wednesday,18:43,Hounslow,E09000018,3,30,6,30.0,0,-1,-1,0,0.0,1.0,4,1,1,0,0,1,1,E01002587,3,1,25/11/2015,25/11/2015,1,9,0,16,0.0,0,0,0,0,0,1.0,1.0,6,Male,19,16 - 20,1390,1,13,-1,1,-1.0,1,1,3,2,19,4,3,1,1,0,0,2,0,1,5,,,,,,,,,,,,,,,,,2015,11,1,18
18632,201501TX20899,510840.0,176000.0,-0.405541,51.472118,1,Slight,2,1,2015-01-12,Monday,00:50,Hounslow,E09000018,3,30,3,40.0,5,2,3,312,0.0,5.0,4,2,2,0,0,1,1,E01002586,3,1,01/12/2015,01/12/2015,1,9,0,18,0.0,8,0,0,0,0,4.0,1.0,6,Male,25,21 - 25,998,1,14,-1,1,-1.0,1,1,1,1,25,5,3,0,0,0,0,0,9,1,2,,,,,,,,,,,,,,,,,2015,1,1,0
18640,201501TX20907,517790.0,178460.0,-0.304702,51.492824,1,Slight,2,1,2015-11-23,Monday,19:54,Hounslow,E09000018,4,455,6,30.0,3,4,6,0,0.0,0.0,4,1,1,0,0,1,1,E01002564,3,1,23/11/2015,23/11/2015,1,3,0,13,0.0,8,0,0,0,0,1.0,1.0,6,Male,31,26 - 35,124,1,13,-1,1,-1.0,1,1,1,1,31,6,3,0,0,0,0,0,3,1,7,,,,,,,,,,,,,,,,,2015,11,1,19
18646,201501TX20914,512690.0,172150.0,-0.380141,51.437149,1,Slight,2,2,2015-01-12,Monday,18:36,Hounslow,E09000018,3,312,3,40.0,7,4,6,0,0.0,1.0,4,1,1,0,0,1,1,E01002605,3,1,01/12/2015,01/12/2015,1,9,0,18,0.0,1,0,0,0,0,4.0,1.0,2,Male,21,21 - 25,1995,2,4,-1,1,-1.0,1,1,1,1,21,5,3,0,0,0,0,0,9,1,7,,,,,,,,,,,,,,,,,2015,1,2,18
18649,201501TX20919,512330.0,178280.0,-0.383373,51.492316,1,Slight,2,3,2015-11-13,Friday,19:45,Hounslow,E09000018,5,0,6,30.0,3,3,6,0,0.0,0.0,4,1,2,0,0,1,1,E01002638,3,1,13/11/2015,13/11/2015,1,9,0,9,0.0,8,0,0,0,0,2.0,1.0,2,Female,22,21 - 25,1461,2,5,-1,1,-1.0,1,1,1,2,22,5,3,0,0,0,0,0,9,1,2,,,,,,,,,,,,,,,,,2015,11,3,19
18651,201501TX20921,520070.0,178500.0,-0.271862,51.492705,1,Slight,2,1,2015-11-29,Sunday,18:05,Hounslow,E09000018,3,315,6,30.0,3,4,6,0,0.0,1.0,4,2,2,0,0,1,2,E01002692,3,1,29/11/2015,29/11/2015,1,9,0,3,0.0,8,0,0,0,0,2.0,1.0,2,Female,22,21 - 25,2494,1,10,-1,1,-1.0,1,1,1,2,22,5,3,0,0,0,0,0,9,1,3,,,,,,,,,,,,,,,,,2015,11,1,18
18663,201501TX20935,510050.0,178260.0,-0.416207,51.492585,1,Slight,3,1,2015-12-15,Tuesday,19:40,Hillingdon,E09000017,1,4,3,70.0,0,-1,-1,0,0.0,0.0,4,2,2,0,0,1,1,E01002443,3,1,15/12/2015,15/12/2015,1,9,0,4,0.0,0,0,0,1,0,2.0,1.0,1,Male,29,26 - 35,2143,2,1,-1,1,-1.0,2,1,1,1,47,8,3,0,0,0,0,0,8,1,5,,,,,,,,,,,,,,,,,2015,12,1,19
18669,201501TX20943,513710.0,175270.0,-0.364471,51.464987,1,Slight,2,1,2015-06-12,Friday,19:00,Hounslow,E09000018,3,314,6,30.0,8,4,6,0,0.0,0.0,4,2,2,0,0,1,2,E01002649,3,1,06/12/2015,06/12/2015,1,4,0,13,0.0,8,0,0,0,0,1.0,1.0,6,Male,24,21 - 25,249,1,4,-1,1,-1.0,1,1,1,1,24,5,3,0,0,0,0,0,4,1,4,,,,,,,,,,,,,,,,,2015,6,1,19
18676,201501TX20952,512730.0,172120.0,-0.379576,51.436871,1,Slight,2,1,2015-12-21,Monday,18:30,Hounslow,E09000018,3,312,3,30.0,0,-1,-1,0,0.0,1.0,4,2,2,0,0,1,1,E01002605,3,1,21/12/2015,21/12/2015,1,9,0,17,0.0,0,0,0,0,0,1.0,1.0,6,Male,25,21 - 25,1598,2,2,-1,1,-1.0,2,1,1,1,26,6,3,0,0,0,0,0,1,-1,-1,,,,,,,,,,,,,,,,,2015,12,1,18
18680,201501TX20956,521910.0,178620.0,-0.24533,51.49339,1,Slight,2,1,2015-12-22,Tuesday,22:33,Hammersmith and Fulham,E09000013,3,315,6,30.0,6,2,3,402,0.0,5.0,4,2,2,0,0,1,1,E01002575,3,1,22/12/2015,22/12/2015,1,9,0,18,0.0,8,0,0,0,0,1.0,1.0,6,Male,26,26 - 35,1598,1,10,-1,-1,-1.0,2,1,1,1,29,6,3,0,0,0,0,0,3,1,5,,,,,,,,,,,,,,,,,2015,12,1,22
18682,201501TX20958,519240.0,178170.0,-0.283924,51.489914,1,Slight,3,1,2015-09-26,Saturday,23:23,Hounslow,E09000018,3,3000,6,30.0,0,-1,-1,0,0.0,0.0,4,1,1,0,0,1,1,E01002580,3,1,26/09/2015,26/09/2015,1,9,0,18,0.0,0,0,4,0,0,3.0,1.0,6,Male,35,26 - 35,1364,2,1,-1,1,-1.0,1,1,1,1,35,6,3,0,0,0,0,0,9,1,3,,,,,,,,,,,,,,,,,2015,9,1,23
18683,201501TX20959,521300.0,177330.0,-0.254555,51.481927,1,Slight,1,1,2015-12-18,Friday,20:06,Hounslow,E09000018,6,0,6,30.0,0,-1,-1,0,0.0,0.0,4,1,2,0,0,1,1,E01002572,3,1,18/12/2015,18/12/2015,1,2,0,18,0.0,0,0,0,0,0,0.0,1.0,1,Male,27,26 - 35,49,1,-1,-1,1,-1.0,1,1,1,1,27,6,3,0,0,0,0,0,2,1,5,,,,,,,,,,,,,,,,,2015,12,1,20
18689,201501TX20967,511710.0,176320.0,-0.392919,51.474823,1,Slight,2,1,2015-05-12,Tuesday,19:50,Hounslow,E09000018,3,3006,6,30.0,3,4,6,0,0.0,0.0,4,1,1,0,0,1,1,E01002587,3,1,05/12/2015,05/12/2015,1,2,0,18,0.0,8,0,0,0,0,1.0,1.0,6,Male,29,26 - 35,109,1,2,-1,1,-1.0,1,1,1,1,29,6,3,0,0,0,0,0,2,1,3,,,,,,,,,,,,,,,,,2015,5,1,19
18695,201501TX20974,518950.0,178150.0,-0.288105,51.489795,1,Slight,2,1,2015-11-12,Thursday,18:30,Hounslow,E09000018,5,0,2,30.0,0,-1,-1,0,0.0,0.0,4,1,1,0,0,1,2,E01002566,3,1,11/12/2015,11/12/2015,1,3,0,18,0.0,0,0,0,0,0,3.0,1.0,6,Male,20,16 - 20,-1,-1,-1,-1,1,-1.0,1,1,1,1,20,4,3,0,0,0,0,0,3,1,3,,,,,,,,,,,,,,,,,2015,11,1,18
18705,201501TX20986,513320.0,174620.0,-0.370291,51.459224,1,Slight,2,1,2015-12-30,Wednesday,01:20,Hounslow,E09000018,3,314,6,30.0,3,4,6,0,0.0,0.0,4,1,2,0,0,1,1,E01002652,3,1,30/12/2015,30/12/2015,1,9,0,14,0.0,8,0,0,0,0,4.0,1.0,6,Male,27,26 - 35,1968,2,9,-1,1,-1.0,1,1,1,1,27,6,3,0,0,0,0,0,9,1,3,,,,,,,,,,,,,,,,,2015,12,1,1
18709,201501TX20991,516080.0,177320.0,-0.329697,51.482932,1,Slight,1,1,2015-12-24,Thursday,20:15,Hounslow,E09000018,3,4,3,40.0,0,-1,-1,0,0.0,0.0,4,1,1,0,0,1,1,E01002679,3,1,24/12/2015,24/12/2015,1,9,0,18,0.0,0,0,10,4,2,1.0,1.0,6,Male,35,26 - 35,1984,1,12,-1,1,-1.0,1,1,1,1,35,6,3,0,0,0,0,0,9,1,1,,,,,,,,,,,,,,,,,2015,12,1,20
18712,201501TX20994,515420.0,176430.0,-0.339488,51.475067,1,Slight,1,1,2015-12-14,Monday,18:56,Hounslow,E09000018,3,315,6,30.0,3,4,6,0,0.0,0.0,4,1,1,0,0,1,1,E01002677,3,1,14/12/2015,14/12/2015,1,9,0,18,0.0,2,0,0,0,0,1.0,1.0,6,Male,19,16 - 20,996,1,2,-1,1,-1.0,1,1,3,1,52,8,3,5,1,0,0,2,0,1,4,,,,,,,,,,,,,,,,,2015,12,1,18
18716,201501TX21002,510470.0,176820.0,-0.410609,51.47956,1,Slight,1,1,2015-12-14,Monday,22:20,Hounslow,E09000018,3,4,3,30.0,6,2,3,4,0.0,5.0,4,1,1,0,0,1,1,E01002583,3,1,14/12/2015,14/12/2015,1,9,0,9,0.0,8,2,10,3,1,1.0,1.0,6,Male,21,21 - 25,1198,1,8,-1,1,-1.0,1,1,1,1,21,5,3,0,0,0,0,0,9,1,3,,,,,,,,,,,,,,,,,2015,12,1,22
18718,201501TX21008,513660.0,176820.0,-0.364693,51.478929,1,Serious,1,1,2015-12-26,Saturday,21:15,Hounslow,E09000018,3,4,3,30.0,6,2,3,3005,0.0,5.0,4,1,1,0,0,1,1,E01002629,2,2,26/12/2015,26/12/2015,1,9,0,18,0.0,8,0,0,0,0,3.0,1.0,6,Male,23,21 - 25,1197,1,4,-1,1,-1.0,1,1,3,1,37,7,2,4,3,0,0,2,0,-1,-1,,,,,,,,,,,,,,,,,2015,12,2,21
18721,201501TX29010,513660.0,175630.0,-0.365075,51.468233,1,Slight,2,1,2015-12-30,Wednesday,03:50,Hounslow,E09000018,6,0,6,30.0,0,-1,-1,0,0.0,0.0,4,1,1,0,0,1,2,E01033083,3,1,30/12/2015,30/12/2015,1,3,0,18,0.0,0,0,0,0,0,1.0,1.0,6,Male,28,26 - 35,108,1,2,-1,1,-1.0,1,1,1,1,28,6,3,0,0,0,0,0,3,1,1,,,,,,,,,,,,,,,,,2015,12,1,3
18725,201501TX29041,512000.0,171330.0,-0.390323,51.429915,1,Slight,2,1,2015-09-12,Saturday,18:20,Hounslow,E09000018,6,0,6,30.0,3,4,6,0,0.0,0.0,4,1,1,0,0,1,1,E01002610,3,1,09/12/2015,09/12/2015,1,9,0,9,0.0,8,0,0,0,0,3.0,1.0,6,Female,31,26 - 35,1685,2,1,-1,1,-1.0,2,1,1,1,37,7,3,0,0,0,0,0,3,1,5,,,,,,,,,,,,,,,,,2015,9,1,18
18729,201501TX29077,510480.0,173300.0,-0.411564,51.44792,1,Slight,2,1,2015-12-29,Tuesday,23:20,Hounslow,E09000018,4,3377,6,30.0,3,4,6,0,0.0,0.0,4,2,2,0,0,1,1,E01002590,3,1,29/12/2015,29/12/2015,1,9,0,9,0.0,8,0,0,0,0,3.0,1.0,6,Male,22,21 - 25,1368,1,9,-1,1,-1.0,2,1,1,1,36,7,3,0,0,0,0,0,1,1,3,,,,,,,,,,,,,,,,,2015,12,1,23
18730,201501VK30001,518580.0,165260.0,-0.297743,51.374023,1,Slight,3,1,2015-01-13,Tuesday,18:43,Kingston upon Thames,E09000021,3,3,3,40.0,3,4,6,0,0.0,0.0,4,2,2,0,0,1,1,E01003004,3,1,13/01/2015,13/01/2015,1,9,0,15,0.0,8,0,0,0,0,2.0,1.0,6,Male,23,21 - 25,998,1,14,-1,1,-1.0,2,1,1,1,32,6,3,0,0,0,0,0,9,1,6,,,,,,,,,,,,,,,,,2015,1,1,18
18736,201501VK30016,518430.0,169320.0,-0.298544,51.410544,1,Slight,2,1,2015-01-22,Thursday,22:04,Kingston upon Thames,E09000021,3,308,6,30.0,0,-1,-1,0,0.0,0.0,4,1,1,0,0,1,2,E01002968,3,1,22/01/2015,22/01/2015,1,9,0,18,0.0,0,0,0,0,0,2.0,1.0,6,Male,25,21 - 25,1999,1,9,-1,1,-1.0,1,1,1,1,25,5,3,0,0,0,0,0,9,1,6,,,,,,,,,,,,,,,,,2015,1,1,22
18737,201501VK30017,519090.0,169510.0,-0.288995,51.412114,1,Slight,2,1,2015-01-23,Friday,00:01,Kingston upon Thames,E09000021,3,238,6,30.0,3,4,6,0,0.0,0.0,4,1,1,0,0,1,1,E01002972,3,1,23/01/2015,23/01/2015,1,9,0,2,0.0,8,0,0,0,0,3.0,1.0,6,Male,31,26 - 35,1896,2,12,-1,1,-1.0,2,1,1,1,23,5,3,0,0,0,0,0,1,1,4,,,,,,,,,,,,,,,,,2015,1,1,0
18746,201501VK30031,518230.0,169960.0,-0.301205,51.416338,1,Slight,1,1,2015-01-24,Saturday,03:50,Kingston upon Thames,E09000021,3,307,6,30.0,3,4,6,0,0.0,0.0,4,2,2,0,0,1,1,E01033569,3,1,24/01/2015,24/01/2015,1,9,0,18,0.0,8,1,10,1,10,1.0,1.0,2,Male,27,26 - 35,-1,-1,-1,-1,1,-1.0,1,1,1,1,27,6,3,0,0,0,0,0,9,1,6,,,,,,,,,,,,,,,,,2015,1,1,3
18759,201501VK30049,518130.0,165340.0,-0.304179,51.374836,1,Slight,2,1,2015-02-18,Wednesday,19:10,Kingston upon Thames,E09000021,3,243,1,30.0,1,4,3,3,0.0,1.0,4,1,1,0,0,1,1,E01003004,3,1,18/02/2015,18/02/2015,1,9,0,5,0.0,8,0,0,0,0,3.0,1.0,2,Male,21,21 - 25,1598,2,1,-1,1,-1.0,1,1,1,1,21,5,3,0,0,0,0,0,9,1,9,,,,,,,,,,,,,,,,,2015,2,1,19
18760,201501VK30050,520620.0,169230.0,-0.267101,51.409274,1,Slight,2,1,2015-06-02,Tuesday,18:35,Kingston upon Thames,E09000021,5,0,6,30.0,3,4,6,0,0.0,0.0,4,1,1,0,0,1,1,E01002961,3,1,06/02/2015,06/02/2015,1,3,0,4,0.0,1,0,0,0,0,1.0,1.0,1,Male,19,16 - 20,109,1,3,-1,1,-1.0,1,1,1,1,19,4,3,0,0,0,0,0,3,1,2,,,,,,,,,,,,,,,,,2015,6,1,18
18773,201501VK30066,518250.0,169510.0,-0.301068,51.41229,1,Slight,2,1,2015-02-14,Saturday,02:58,Kingston upon Thames,E09000021,3,308,2,30.0,0,-1,-1,0,0.0,0.0,4,2,2,0,0,1,1,E01002968,3,1,14/02/2015,14/02/2015,1,3,0,4,0.0,0,0,0,0,0,2.0,1.0,6,Male,28,26 - 35,124,1,7,-1,1,-1.0,1,1,1,1,28,6,3,0,0,0,0,0,3,1,2,,,,,,,,,,,,,,,,,2015,2,1,2
18793,201501VK30093,517810.0,171210.0,-0.306827,51.42766,1,Slight,2,1,2015-03-31,Tuesday,19:15,Kingston upon Thames,E09000021,6,0,6,30.0,2,4,3,307,0.0,0.0,1,1,1,0,0,1,1,E01003006,3,1,31/03/2015,31/03/2015,1,9,0,7,0.0,8,0,0,0,0,2.0,1.0,2,Male,20,16 - 20,1198,1,9,-1,1,-1.0,2,1,1,1,34,6,3,0,0,0,0,0,1,1,9,,,,,,,,,,,,,,,,,2015,3,1,19
18805,201501VK30109,519740.0,168840.0,-0.279879,51.405955,1,Slight,2,1,2015-04-04,Saturday,19:10,Kingston upon Thames,E09000021,6,0,6,20.0,3,4,6,0,0.0,0.0,1,1,1,0,0,1,1,E01002973,3,1,04/04/2015,04/04/2015,1,9,0,7,0.0,8,0,4,0,0,1.0,1.0,2,Male,28,26 - 35,1299,1,13,-1,1,-1.0,2,1,1,1,41,7,3,0,0,0,0,0,9,1,4,,,,,,,,,,,,,,,,,2015,4,1,19
18815,201501VK30119,519280.0,169810.0,-0.286164,51.41477,1,Slight,2,1,2015-06-04,Thursday,18:00,Kingston upon Thames,E09000021,3,308,6,30.0,0,-1,-1,0,0.0,0.0,1,1,1,0,0,1,2,E01002935,3,1,06/04/2015,06/04/2015,1,9,0,3,0.0,0,0,0,0,0,2.0,1.0,2,Female,31,26 - 35,1968,2,-1,-1,1,-1.0,1,1,1,2,31,6,3,0,0,0,0,0,9,1,4,,,,,,,,,,,,,,,,,2015,6,1,18
18821,201501VK30126,518000.0,169550.0,-0.304648,51.412701,1,Slight,2,3,2015-04-17,Friday,19:15,Kingston upon Thames,E09000021,3,308,2,30.0,0,-1,-1,0,0.0,4.0,1,1,1,0,0,1,1,E01002968,3,1,17/04/2015,17/04/2015,1,9,0,3,0.0,0,0,0,0,0,2.0,1.0,6,Male,31,26 - 35,1339,1,13,-1,1,-1.0,1,1,1,1,31,6,3,0,0,0,0,0,9,1,8,,,,,,,,,,,,,,,,,2015,4,3,19
18827,201501VK30135,518680.0,166560.0,-0.295873,51.385686,1,Slight,2,1,2015-04-14,Tuesday,18:20,Kingston upon Thames,E09000021,3,240,6,30.0,3,4,6,0,0.0,4.0,1,1,1,0,0,1,2,E01002997,3,1,14/04/2015,14/04/2015,1,9,0,3,0.0,8,0,0,0,0,2.0,1.0,2,Female,25,21 - 25,1390,1,2,-1,1,-1.0,1,1,1,2,25,5,3,0,0,0,0,0,9,1,9,,,,,,,,,,,,,,,,,2015,4,1,18
18836,201501VK30146,519560.0,170080.0,-0.282048,51.417138,1,Slight,2,1,2015-04-27,Monday,18:37,Kingston upon Thames,E09000021,3,308,6,30.0,3,2,5,0,0.0,5.0,1,1,1,0,0,1,1,E01002951,3,1,27/04/2015,27/04/2015,1,9,0,9,0.0,8,0,0,0,0,1.0,1.0,2,Male,21,21 - 25,1395,1,-1,-1,1,-1.0,2,1,1,1,41,7,3,0,0,0,0,0,1,-1,-1,,,,,,,,,,,,,,,,,2015,4,1,18
18849,201501VK30162,521280.0,168090.0,-0.258006,51.398888,1,Slight,1,1,2015-05-30,Saturday,02:25,Kingston upon Thames,E09000021,3,2043,6,30.0,3,4,6,0,0.0,0.0,5,1,1,0,7,1,1,E01002984,3,1,30/05/2015,30/05/2015,1,9,0,18,0.0,8,0,0,0,0,1.0,1.0,6,Male,24,21 - 25,1599,1,7,-1,1,-1.0,1,1,1,1,24,5,3,0,0,0,0,0,9,1,1,,,,,,,,,,,,,,,,,2015,5,1,2
18852,201501VK30165,517540.0,162510.0,-0.313586,51.349523,1,Slight,2,1,2015-05-28,Thursday,18:46,Kingston upon Thames,E09000021,3,243,6,30.0,3,4,6,0,0.0,0.0,1,1,1,0,0,1,1,E01002948,3,1,28/05/2015,28/05/2015,1,5,0,18,0.0,8,0,0,0,0,1.0,1.0,6,Male,24,21 - 25,645,1,7,-1,1,-1.0,1,1,1,1,24,5,3,0,0,0,0,0,5,1,9,,,,,,,,,,,,,,,,,2015,5,1,18
18888,201501VK30208,520760.0,168430.0,-0.265361,51.402055,1,Slight,1,1,2015-11-06,Friday,20:08,Kingston upon Thames,E09000021,6,0,6,30.0,0,-1,-1,0,0.0,0.0,4,1,1,0,0,1,1,E01002928,3,1,11/06/2015,11/06/2015,1,9,0,18,0.0,0,0,0,1,0,1.0,1.0,6,Male,29,26 - 35,1995,1,11,-1,1,-1.0,1,1,1,1,29,6,3,0,0,0,0,0,9,1,10,,,,,,,,,,,,,,,,,2015,11,1,20
18892,201501VK30213,518080.0,167950.0,-0.30403,51.398304,1,Slight,2,3,2015-06-06,Saturday,00:10,Kingston upon Thames,E09000021,4,3363,6,30.0,7,2,4,3363,0.0,5.0,4,1,1,0,0,1,1,E01002967,3,1,06/06/2015,06/06/2015,1,9,0,9,0.0,8,0,0,0,0,1.0,1.0,6,Male,35,26 - 35,1598,1,5,-1,1,-1.0,1,1,2,2,32,6,3,0,0,2,0,0,9,1,4,,,,,,,,,,,,,,,,,2015,6,3,0
18893,201501VK30214,520420.0,169750.0,-0.269799,51.41399,1,Slight,2,1,2015-02-07,Saturday,18:28,Kingston upon Thames,E09000021,3,238,6,30.0,0,-1,-1,0,0.0,0.0,1,1,1,0,0,1,1,E01002959,3,1,02/07/2015,02/07/2015,1,9,0,4,0.0,0,0,0,1,0,1.0,1.0,2,Female,21,21 - 25,1798,1,2,-1,1,-1.0,2,1,1,2,23,5,3,0,0,0,0,0,9,1,6,,,,,,,,,,,,,,,,,2015,2,1,18
18897,201501VK30219,520470.0,169780.0,-0.26907,51.414249,1,Slight,2,2,2015-03-07,Saturday,18:30,Kingston upon Thames,E09000021,6,0,6,30.0,3,4,3,238,0.0,0.0,1,1,1,0,0,1,2,E01002959,3,1,03/07/2015,03/07/2015,1,9,0,9,0.0,8,0,0,0,0,1.0,1.0,2,Female,35,26 - 35,1991,2,6,-1,1,-1.0,1,1,1,2,35,6,3,0,0,0,0,0,9,1,7,,,,,,,,,,,,,,,,,2015,3,2,18
18902,201501VK30228,521960.0,166440.0,-0.248802,51.383913,1,Slight,2,1,2015-04-07,Tuesday,20:30,Kingston upon Thames,E09000021,6,0,6,30.0,3,4,6,0,0.0,0.0,1,1,1,0,0,1,2,E01002978,3,1,04/07/2015,04/07/2015,1,9,0,18,0.0,8,0,0,0,0,3.0,1.0,6,Male,22,21 - 25,1598,1,8,-1,1,-1.0,1,1,1,1,22,5,3,0,0,0,0,0,9,1,6,,,,,,,,,,,,,,,,,2015,4,1,20
18910,201501VK30237,520030.0,168600.0,-0.275793,51.403737,1,Slight,2,1,2015-04-07,Tuesday,22:48,Kingston upon Thames,E09000021,3,2043,6,30.0,3,4,3,2043,0.0,0.0,4,1,1,0,0,1,1,E01002973,3,1,04/07/2015,04/07/2015,1,4,0,6,0.0,8,0,0,0,0,2.0,1.0,1,Male,29,26 - 35,-1,-1,-1,-1,1,-1.0,1,1,1,1,29,6,3,0,0,0,0,0,4,1,10,,,,,,,,,,,,,,,,,2015,4,1,22
18918,201501VK30248,518200.0,169080.0,-0.30193,51.408435,1,Slight,2,1,2015-07-26,Sunday,04:25,Kingston upon Thames,E09000021,3,307,6,30.0,3,4,6,0,0.0,0.0,4,1,1,0,0,1,1,E01002968,3,1,26/07/2015,26/07/2015,1,9,0,9,0.0,8,0,0,0,0,1.0,1.0,6,Male,31,26 - 35,-1,-1,-1,-1,1,-1.0,1,1,1,1,31,6,3,0,0,0,0,0,9,1,4,,,,,,,,,,,,,,,,,2015,7,1,4