,accident_index,location_easting_osgr,location_northing_osgr,longitude,latitude,police_force,accident_severity,number_of_vehicles,number_of_casualties,date,day_of_week,time,local_authority_district,local_authority_highway,first_road_class,first_road_number,road_type,speed_limit,junction_detail,junction_control,second_road_class,second_road_number,pedestrian_crossing-human_control,pedestrian_crossing-physical_facilities,light_conditions,weather_conditions,road_surface_conditions,special_conditions_at_site,carriageway_hazards,urban_or_rural_area,did_police_officer_attend_scene_of_accident,lsoa_of_accident_location,accident_severity_num,accident_severity_inv,date2,date_original,vehicle_reference_x,vehicle_type,towing_and_articulation,vehicle_manoeuvre,vehicle_location-restricted_lane,junction_location,skidding_and_overturning,hit_object_in_carriageway,vehicle_leaving_carriageway,hit_object_off_carriageway,1st_point_of_impact,was_vehicle_left_hand_drive?,journey_purpose_of_driver,sex_of_driver,age_of_driver,age_band_of_driver,engine_capacity_cc,propulsion_code,age_of_vehicle,driver_imd_decile,driver_home_area_type,vehicle_imd_decile,vehicle_reference_y,casualty_reference,casualty_class,sex_of_casualty,age_of_casualty,age_band_of_casualty,casualty_severity,pedestrian_location,pedestrian_movement,car_passenger,bus_or_coach_passenger,pedestrian_road_maintenance_worker,casualty_type,casualty_home_area_type,casualty_imd_decile,accident_year_x,accident_reference_x,local_authority_ons_district,pedestrian_crossing_human_control,pedestrian_crossing_physical_facilities,trunk_road_flag,accident_year_y,accident_reference_y,vehicle_direction_from,vehicle_direction_to,vehicle_location_restricted_lane,first_point_of_impact,vehicle_left_hand_drive,generic_make_model,accident_year,accident_reference,year,month,severity,hours
18924,201501VK30257,518580.0,166800.0,-0.29723,51.387864,1,Slight,2,1,2015-07-23,Thursday,22:30,Kingston upon Thames,E09000021,3,240,3,30.0,0,-1,-1,0,0.0,0.0,4,1,1,0,0,1,1,E01002999,3,1,23/07/2015,23/07/2015,1,9,0,5,0.0,0,0,0,0,0,3.0,1.0,2,Female,29,26 - 35,1299,1,7,-1,1,-1.0,2,1,1,1,-1,-1,3,0,0,0,0,0,3,-1,-1,,,,,,,,,,,,,,,,,2015,7,1,22
18929,201501VK30263,519670.0,169390.0,-0.2807,51.410913,1,Serious,1,1,2015-11-08,Sunday,22:05,Kingston upon Thames,E09000021,5,0,1,30.0,1,4,5,0,0.0,0.0,4,2,2,0,0,1,1,E01002954,2,2,11/08/2015,11/08/2015,1,3,0,4,0.0,8,1,10,3,10,3.0,1.0,6,Male,25,21 - 25,125,1,3,-1,-1,-1.0,1,1,1,1,25,5,2,0,0,0,0,0,3,-1,-1,,,,,,,,,,,,,,,,,2015,11,2,22
18935,201501VK30270,517920.0,164030.0,-0.307629,51.363106,1,Slight,2,1,2015-07-23,Thursday,18:40,Kingston upon Thames,E09000021,3,243,1,30.0,1,4,5,0,0.0,0.0,1,1,1,0,0,1,1,E01002949,3,1,23/07/2015,23/07/2015,1,9,0,4,0.0,8,0,0,0,0,1.0,1.0,2,Male,18,16 - 20,1598,2,5,-1,1,-1.0,1,1,1,1,18,4,3,0,0,0,0,0,9,1,6,,,,,,,,,,,,,,,,,2015,7,1,18
18951,201501VK30291,519380.0,169910.0,-0.284693,51.415648,1,Slight,2,1,2015-11-09,Monday,18:35,Kingston upon Thames,E09000021,3,308,6,30.0,3,4,6,0,0.0,0.0,1,1,1,0,0,1,1,E01002954,3,1,11/09/2015,11/09/2015,1,9,0,9,0.0,8,0,0,0,0,1.0,1.0,6,Male,27,26 - 35,2496,1,14,-1,1,-1.0,2,1,1,1,-1,-1,3,0,0,0,0,0,1,1,9,,,,,,,,,,,,,,,,,2015,11,1,18
18959,201501VK30302,518720.0,168410.0,-0.294681,51.402305,1,Slight,2,1,2015-09-25,Friday,23:27,Kingston upon Thames,E09000021,5,0,6,30.0,3,4,6,0,0.0,0.0,4,1,1,0,0,1,1,E01002966,3,1,25/09/2015,25/09/2015,1,9,0,9,0.0,8,0,0,0,0,1.0,1.0,6,Female,33,26 - 35,1598,1,8,-1,1,-1.0,2,1,1,2,25,5,3,0,0,0,0,0,9,1,5,,,,,,,,,,,,,,,,,2015,9,1,23
18976,201501VK30321,517930.0,169480.0,-0.305677,51.412086,1,Slight,1,2,2015-03-10,Tuesday,01:50,Kingston upon Thames,E09000021,3,308,3,30.0,3,2,6,0,0.0,0.0,4,1,1,0,0,1,1,E01002968,3,1,03/10/2015,03/10/2015,1,3,0,17,0.0,8,0,10,0,0,4.0,1.0,6,Male,20,16 - 20,124,1,8,-1,1,-1.0,1,1,1,1,20,4,3,0,0,0,0,0,3,1,6,,,,,,,,,,,,,,,,,2015,3,2,1
18992,201501VK30342,519140.0,169210.0,-0.288377,51.409407,1,Slight,1,1,2015-10-23,Friday,03:03,Kingston upon Thames,E09000021,3,2043,6,30.0,3,4,6,0,0.0,0.0,4,1,1,0,0,1,1,E01002969,3,1,23/10/2015,23/10/2015,1,8,0,18,0.0,8,0,10,1,2,1.0,1.0,1,Male,21,21 - 25,1396,2,1,-1,1,-1.0,1,1,2,1,31,6,3,0,0,1,0,0,8,1,2,,,,,,,,,,,,,,,,,2015,10,1,3
18993,201501VK30343,520620.0,168340.0,-0.267403,51.401275,1,Slight,2,1,2015-10-27,Tuesday,00:35,Kingston upon Thames,E09000021,3,2043,6,30.0,0,-1,-1,0,0.0,0.0,4,1,1,0,0,1,1,E01002928,3,1,27/10/2015,27/10/2015,1,90,0,13,0.0,0,0,0,0,0,1.0,1.0,1,Male,29,26 - 35,-1,-1,-1,-1,1,-1.0,2,1,1,1,49,8,3,0,0,0,0,0,9,1,6,,,,,,,,,,,,,,,,,2015,10,1,0
19006,201501VK30358,517930.0,167730.0,-0.306258,51.396358,1,Slight,2,1,2015-11-14,Saturday,19:42,Kingston upon Thames,E09000021,5,0,6,30.0,6,4,6,0,0.0,0.0,4,1,1,0,0,1,1,E01002967,3,1,14/11/2015,14/11/2015,1,9,0,18,0.0,8,0,0,0,0,1.0,1.0,6,Male,32,26 - 35,1199,1,16,-1,1,-1.0,1,1,1,1,32,6,3,0,0,0,0,0,9,1,10,,,,,,,,,,,,,,,,,2015,11,1,19
19018,201501VK30376,519030.0,166370.0,-0.29091,51.383905,1,Serious,2,1,2015-11-25,Wednesday,18:20,Kingston upon Thames,E09000021,3,240,6,30.0,3,4,6,0,0.0,0.0,4,1,1,0,0,1,1,E01002996,2,2,25/11/2015,25/11/2015,1,5,0,15,0.0,8,0,0,0,0,1.0,1.0,6,Male,34,26 - 35,600,1,2,-1,1,-1.0,1,1,1,1,34,6,2,0,0,0,0,0,5,1,10,,,,,,,,,,,,,,,,,2015,11,2,18
19045,201501VK30411,518280.0,169170.0,-0.30075,51.409227,1,Serious,1,1,2015-12-15,Tuesday,19:54,Kingston upon Thames,E09000021,3,307,6,50.0,3,4,5,0,0.0,0.0,4,1,2,0,0,1,1,E01002968,2,2,15/12/2015,15/12/2015,1,9,0,7,0.0,8,0,0,0,0,1.0,1.0,2,Male,33,26 - 35,2143,2,3,-1,1,-1.0,1,1,3,2,20,4,2,5,1,0,0,2,0,1,6,,,,,,,,,,,,,,,,,2015,12,2,19
19047,201501VK30414,522160.0,166130.0,-0.246036,51.381084,1,Serious,2,1,2015-11-27,Friday,18:02,Kingston upon Thames,E09000021,3,2043,6,30.0,6,4,6,0,0.0,0.0,4,1,1,0,0,1,1,E01002978,2,2,27/11/2015,27/11/2015,1,9,0,9,0.0,8,0,0,0,0,4.0,1.0,6,Male,30,26 - 35,-1,-1,-1,-1,1,-1.0,2,1,1,1,18,4,2,0,0,0,0,0,3,1,8,,,,,,,,,,,,,,,,,2015,11,2,18
19049,201501VK30418,519370.0,169080.0,-0.285116,51.40819,1,Slight,2,2,2015-11-15,Sunday,18:35,Kingston upon Thames,E09000021,3,2043,6,30.0,3,4,5,0,0.0,0.0,4,1,1,0,0,1,2,E01002970,3,1,15/11/2015,15/11/2015,1,9,0,18,0.0,8,0,0,0,0,1.0,1.0,6,Male,24,21 - 25,1360,1,13,-1,1,-1.0,1,1,1,1,24,5,3,0,0,0,0,0,9,1,9,,,,,,,,,,,,,,,,,2015,11,2,18
19064,201501VK30444,521740.0,169940.0,-0.250762,51.415416,1,Serious,2,4,2015-12-31,Thursday,23:00,Kingston upon Thames,E09000021,3,238,3,50.0,0,-1,-1,0,0.0,0.0,4,1,2,0,0,1,1,E01002953,2,2,31/12/2015,31/12/2015,1,9,0,18,0.0,0,0,0,0,0,1.0,1.0,6,Male,20,16 - 20,2776,2,10,-1,-1,-1.0,1,2,2,1,42,7,2,0,0,1,0,0,9,1,8,,,,,,,,,,,,,,,,,2015,12,8,23
19076,201501VW40012,524030.0,169480.0,-0.21801,51.410786,1,Slight,2,1,2015-12-01,Tuesday,21:13,Merton,E09000024,3,238,6,30.0,3,4,5,0,0.0,0.0,4,2,2,0,0,1,1,E01003382,3,1,12/01/2015,12/01/2015,1,5,0,9,0.0,8,0,0,0,0,1.0,1.0,6,Male,31,26 - 35,1000,1,3,-1,1,-1.0,1,1,1,1,31,6,3,0,0,0,0,0,5,1,6,,,,,,,,,,,,,,,,,2015,12,1,21
19101,201501VW40042,528420.0,169240.0,-0.155009,51.407653,1,Slight,2,1,2015-01-19,Monday,03:25,Merton,E09000024,5,0,6,30.0,0,-1,-1,0,0.0,0.0,4,1,1,0,0,1,2,E01003387,3,1,19/01/2015,19/01/2015,1,9,0,3,0.0,0,0,0,0,0,2.0,1.0,2,Male,33,26 - 35,1360,1,9,-1,1,-1.0,1,1,1,1,33,6,3,0,0,0,0,0,9,1,4,,,,,,,,,,,,,,,,,2015,1,1,3
19126,201501VW40070,523530.0,171910.0,-0.224349,51.432734,1,Slight,1,1,2015-02-21,Saturday,23:30,Merton,E09000024,3,219,6,30.0,3,4,6,0,0.0,0.0,4,1,1,0,0,1,1,E01003460,3,1,21/02/2015,21/02/2015,1,3,0,18,0.0,1,0,7,0,0,3.0,1.0,6,Male,21,21 - 25,125,1,8,-1,1,-1.0,1,1,1,1,21,5,3,0,0,0,0,0,3,1,2,,,,,,,,,,,,,,,,,2015,2,1,23
19131,201501VW40076,529320.0,169450.0,-0.142,51.409336,1,Slight,2,1,2015-02-16,Monday,19:00,Merton,E09000024,4,272,6,30.0,3,4,6,0,0.0,0.0,4,2,2,0,0,1,1,E01003413,3,1,16/02/2015,16/02/2015,1,9,0,9,0.0,8,0,0,0,0,1.0,1.0,2,Female,30,26 - 35,1390,1,11,-1,1,-1.0,2,1,1,1,39,7,3,0,0,0,0,0,3,1,3,,,,,,,,,,,,,,,,,2015,2,1,19
19132,201501VW40077,530320.0,168300.0,-0.128052,51.398773,1,Slight,2,3,2015-02-21,Saturday,23:20,Merton,E09000024,5,0,6,30.0,3,4,6,0,0.0,0.0,4,2,2,0,0,1,1,E01003431,3,1,21/02/2015,21/02/2015,1,9,0,4,0.0,8,0,0,0,0,2.0,1.0,6,Female,29,26 - 35,1149,1,6,-1,1,-1.0,1,1,2,1,18,4,3,0,0,1,0,0,9,-1,-1,,,,,,,,,,,,,,,,,2015,2,3,23
19133,201501VW40079,523430.0,169320.0,-0.226688,51.409479,1,Slight,1,1,2015-02-19,Thursday,18:10,Merton,E09000024,3,238,2,30.0,3,2,6,0,0.0,5.0,4,2,2,0,0,1,1,E01003381,3,1,19/02/2015,19/02/2015,1,9,0,18,0.0,8,0,0,0,0,1.0,1.0,6,Male,34,26 - 35,1596,1,15,-1,1,-1.0,1,1,3,1,-1,-1,3,1,3,0,0,2,0,-1,-1,,,,,,,,,,,,,,,,,2015,2,1,18
19134,201501VW40080,526230.0,170120.0,-0.186166,51.416053,1,Slight,1,1,2015-02-28,Saturday,20:11,Merton,E09000024,3,238,6,30.0,3,4,3,238,0.0,0.0,4,2,2,0,0,1,1,E01003359,3,1,28/02/2015,28/02/2015,1,9,0,5,0.0,8,0,0,0,0,3.0,1.0,6,Male,28,26 - 35,1396,1,13,-1,1,-1.0,1,1,3,2,38,7,3,5,9,0,0,2,0,1,4,,,,,,,,,,,,,,,,,2015,2,1,20
19148,201501VW40096,529910.0,168490.0,-0.133873,51.400574,1,Slight,2,2,2015-02-19,Thursday,21:15,Merton,E09000024,5,0,6,30.0,0,-1,-1,0,0.0,0.0,4,1,2,0,0,1,2,E01003433,3,1,19/02/2015,19/02/2015,1,9,0,4,0.0,0,1,0,0,0,2.0,1.0,2,Female,31,26 - 35,1275,1,18,-1,1,-1.0,1,1,2,2,11,3,3,0,0,1,0,0,9,1,6,,,,,,,,,,,,,,,,,2015,2,2,21
19155,201501VW40103,525140.0,169920.0,-0.201903,51.414497,1,Slight,2,1,2015-05-03,Sunday,21:10,Merton,E09000024,3,238,6,30.0,3,2,4,285,0.0,5.0,4,1,1,0,0,1,1,E01003356,3,1,05/03/2015,05/03/2015,1,9,0,3,0.0,8,0,0,0,0,1.0,1.0,6,Male,26,26 - 35,1598,2,-1,-1,1,-1.0,2,1,1,1,28,6,3,0,0,0,0,0,9,1,10,,,,,,,,,,,,,,,,,2015,5,1,21
19172,201501VW40128,528240.0,169800.0,-0.157393,51.412727,1,Slight,2,1,2015-10-03,Saturday,18:00,Merton,E09000024,3,216,6,30.0,6,4,5,0,0.0,4.0,1,1,1,0,0,1,1,E01003392,3,1,10/03/2015,10/03/2015,1,5,0,14,0.0,1,0,0,0,0,4.0,1.0,6,Male,25,21 - 25,449,1,9,-1,1,-1.0,1,1,1,1,25,5,3,0,0,0,0,0,5,1,4,,,,,,,,,,,,,,,,,2015,10,1,18
19177,201501VW40134,527930.0,169560.0,-0.161935,51.41064,1,Slight,2,1,2015-03-29,Sunday,18:08,Merton,E09000024,3,217,6,30.0,1,2,3,216,0.0,5.0,1,2,2,0,0,1,1,E01003409,3,1,29/03/2015,29/03/2015,1,9,0,16,0.0,1,0,0,0,0,2.0,1.0,6,Male,33,26 - 35,1598,1,8,-1,1,-1.0,1,1,2,2,26,6,3,0,0,1,0,0,9,1,6,,,,,,,,,,,,,,,,,2015,3,1,18
19186,201501VW40145,525830.0,171640.0,-0.191376,51.429802,1,Slight,2,1,2015-03-22,Sunday,21:10,Merton,E09000024,3,218,6,30.0,3,4,6,0,0.0,0.0,4,1,1,0,0,1,1,E01003475,3,1,22/03/2015,22/03/2015,1,9,0,16,0.0,8,0,0,0,0,1.0,1.0,6,Female,23,21 - 25,1198,1,5,-1,1,-1.0,2,1,1,1,40,7,3,0,0,0,0,0,4,1,3,,,,,,,,,,,,,,,,,2015,3,1,21
19211,201501VW40177,524140.0,169800.0,-0.216317,51.413638,1,Serious,2,1,2015-03-30,Monday,20:15,Merton,E09000024,5,0,3,30.0,0,-1,-1,0,0.0,0.0,4,1,1,0,0,1,1,E01003380,2,2,30/03/2015,30/03/2015,1,3,0,18,0.0,0,0,4,0,0,4.0,1.0,1,Male,27,26 - 35,108,1,-1,-1,1,-1.0,1,1,1,1,27,6,2,0,0,0,0,0,3,1,6,,,,,,,,,,,,,,,,,2015,3,2,20
19215,201501VW40182,529820.0,168400.0,-0.135199,51.399786,1,Slight,1,1,2015-04-22,Wednesday,19:25,Merton,E09000024,5,0,6,30.0,2,4,6,0,0.0,0.0,1,1,1,0,0,1,1,E01003433,3,1,22/04/2015,22/04/2015,1,9,0,18,0.0,2,0,0,0,0,4.0,1.0,6,Female,34,26 - 35,1560,2,9,-1,1,-1.0,1,1,3,2,25,5,3,5,1,0,0,2,0,1,5,,,,,,,,,,,,,,,,,2015,4,1,19
19216,201501VW40183,526770.0,169710.0,-0.178551,51.412248,1,Slight,3,1,2015-04-13,Monday,20:02,Merton,E09000024,5,0,6,30.0,6,2,6,0,0.0,5.0,4,1,1,0,0,1,1,E01003408,3,1,13/04/2015,13/04/2015,1,3,0,18,0.0,8,1,0,0,0,2.0,1.0,6,Male,27,26 - 35,108,1,7,-1,1,-1.0,1,1,1,1,27,6,3,0,0,0,0,0,3,1,8,,,,,,,,,,,,,,,,,2015,4,1,20
19227,201501VW40194,526260.0,167170.0,-0.186784,51.389534,1,Slight,2,1,2015-04-17,Friday,18:07,Merton,E09000024,5,0,6,30.0,6,3,6,0,0.0,0.0,1,1,1,0,0,1,1,E01003438,3,1,17/04/2015,17/04/2015,1,8,0,7,0.0,8,0,0,0,0,2.0,1.0,2,Male,30,26 - 35,1799,1,8,-1,1,-1.0,2,1,1,1,28,6,3,0,0,0,0,0,1,1,4,,,,,,,,,,,,,,,,,2015,4,1,18
19230,201501VW40198,529380.0,168620.0,-0.14144,51.401863,1,Slight,2,1,2015-02-05,Thursday,23:05,Merton,E09000024,4,272,6,30.0,0,-1,-1,0,0.0,0.0,4,1,1,0,0,1,1,E01003416,3,1,02/05/2015,02/05/2015,1,9,0,1,0.0,0,0,0,0,0,2.0,1.0,6,Male,33,26 - 35,1910,2,8,-1,1,-1.0,2,1,1,1,25,5,3,0,0,0,0,0,3,1,2,,,,,,,,,,,,,,,,,2015,2,1,23
19235,201501VW40207,522280.0,168150.0,-0.243617,51.399213,1,Slight,3,1,2015-05-25,Monday,21:30,Merton,E09000024,3,3,3,40.0,0,-1,-1,0,0.0,0.0,4,1,1,0,0,1,1,E01003469,3,1,25/05/2015,25/05/2015,1,9,0,18,0.0,0,0,0,0,0,2.0,1.0,6,Male,24,21 - 25,1199,1,11,-1,1,-1.0,3,1,1,2,-1,-1,3,0,0,0,0,0,9,1,9,,,,,,,,,,,,,,,,,2015,5,1,21
19238,201501VW40210,525520.0,170360.0,-0.196286,51.418367,1,Slight,2,1,2015-04-05,Sunday,19:04,Merton,E09000024,5,0,6,30.0,6,4,6,0,0.0,0.0,1,1,1,0,0,1,1,E01003358,3,1,04/05/2015,04/05/2015,1,9,0,9,0.0,8,0,0,0,0,4.0,1.0,6,Female,32,26 - 35,1598,1,3,-1,1,-1.0,1,1,1,2,32,6,3,0,0,0,0,0,9,1,8,,,,,,,,,,,,,,,,,2015,4,1,19
19243,201501VW40216,527500.0,169150.0,-0.168261,51.407052,1,Slight,2,1,2015-04-24,Friday,22:00,Merton,E09000024,3,236,6,30.0,3,4,6,0,0.0,0.0,4,1,1,0,0,1,1,E01003405,3,1,24/04/2015,24/04/2015,1,9,0,4,0.0,8,0,0,0,0,2.0,1.0,2,Male,35,26 - 35,-1,-1,-1,-1,1,-1.0,1,1,2,2,28,6,3,0,0,2,0,0,9,1,7,,,,,,,,,,,,,,,,,2015,4,1,22
19249,201501VW40223,526120.0,167190.0,-0.188787,51.389745,1,Slight,2,1,2015-08-05,Wednesday,21:15,Merton,E09000024,3,297,6,30.0,3,2,5,0,0.0,5.0,4,1,1,0,0,1,1,E01003450,3,1,08/05/2015,08/05/2015,1,9,0,4,0.0,8,0,0,0,0,2.0,1.0,6,Male,20,16 - 20,1797,8,4,-1,1,-1.0,1,1,1,1,20,4,3,0,0,0,0,0,9,1,2,,,,,,,,,,,,,,,,,2015,8,1,21
19265,201501VW40246,526880.0,169030.0,-0.177213,51.406112,1,Slight,2,1,2015-05-21,Thursday,23:30,Merton,E09000024,5,0,6,30.0,3,4,6,0,0.0,0.0,4,1,1,0,0,1,1,E01003376,3,1,21/05/2015,21/05/2015,1,9,0,18,0.0,8,0,0,0,0,1.0,1.0,6,Female,24,21 - 25,1388,1,4,-1,1,-1.0,1,1,2,2,18,4,3,0,0,2,0,0,9,1,4,,,,,,,,,,,,,,,,,2015,5,1,23
19272,201501VW40255,527170.0,167910.0,-0.173447,51.395982,1,Slight,2,1,2015-03-06,Friday,18:40,Merton,E09000024,3,217,6,30.0,3,4,6,0,0.0,0.0,1,1,1,0,0,1,1,E01003441,3,1,03/06/2015,03/06/2015,1,9,0,6,0.0,2,0,0,0,0,3.0,1.0,6,Male,26,26 - 35,1595,1,11,-1,-1,-1.0,2,1,1,1,24,5,3,0,0,0,0,0,3,-1,-1,,,,,,,,,,,,,,,,,2015,3,1,18
19283,201501VW40268,524990.0,171360.0,-0.203551,51.427472,1,Slight,2,1,2015-02-06,Friday,18:00,Merton,E09000024,6,0,6,30.0,6,4,6,0,0.0,0.0,1,1,1,0,0,1,2,E01003400,3,1,02/06/2015,02/06/2015,1,3,0,18,0.0,8,0,0,0,0,4.0,1.0,6,Male,34,26 - 35,125,1,1,-1,1,-1.0,1,1,1,1,34,6,3,0,0,0,0,0,3,1,10,,,,,,,,,,,,,,,,,2015,2,1,18
19308,201501VW40297,526790.0,170400.0,-0.178017,51.418445,1,Slight,2,1,2015-03-07,Saturday,20:50,Merton,E09000024,3,24,6,30.0,8,4,6,0,0.0,5.0,1,1,1,0,0,1,1,E01003370,3,1,03/07/2015,03/07/2015,1,9,0,9,0.0,1,0,0,0,0,3.0,1.0,6,Male,23,21 - 25,1596,1,3,-1,1,-1.0,2,1,1,1,27,6,3,0,0,0,0,0,3,1,5,,,,,,,,,,,,,,,,,2015,3,1,20
19309,201501VW40299,525570.0,171990.0,-0.19499,51.433005,1,Slight,1,1,2015-04-06,Monday,01:00,Merton,E09000024,3,218,6,30.0,0,-1,-1,0,0.0,0.0,4,2,2,0,0,1,1,E01003475,3,1,04/06/2015,04/06/2015,1,9,0,18,0.0,0,0,10,1,10,1.0,1.0,6,Male,19,16 - 20,1598,2,5,-1,1,-1.0,1,1,1,1,19,4,3,0,0,0,0,0,9,1,6,,,,,,,,,,,,,,,,,2015,4,1,1
19311,201501VW40302,527160.0,169420.0,-0.17305,51.409554,1,Slight,2,1,2015-05-26,Tuesday,19:00,Merton,E09000024,6,0,6,20.0,0,-1,-1,0,0.0,0.0,1,1,1,0,0,1,2,E01003410,3,1,26/05/2015,26/05/2015,1,9,0,16,0.0,0,0,10,0,0,3.0,1.0,6,Male,33,26 - 35,1598,1,10,-1,1,-1.0,1,1,1,1,33,6,3,0,0,0,0,0,9,1,3,,,,,,,,,,,,,,,,,2015,5,1,19
19312,201501VW40303,528720.0,168500.0,-0.150966,51.400935,1,Slight,2,1,2015-06-21,Sunday,04:02,Merton,E09000024,5,0,6,30.0,8,4,6,0,0.0,0.0,4,1,1,0,0,1,1,E01003435,3,1,21/06/2015,21/06/2015,1,8,0,7,0.0,1,0,0,0,0,3.0,1.0,1,Male,29,26 - 35,-1,-1,-1,-1,1,-1.0,1,1,1,1,29,6,3,0,0,0,0,0,8,1,5,,,,,,,,,,,,,,,,,2015,6,1,4
19326,201501VW40319,529510.0,169080.0,-0.139404,51.405968,1,Slight,2,1,2015-07-07,Tuesday,19:54,Merton,E09000024,4,272,6,30.0,3,4,5,0,0.0,0.0,1,1,1,0,0,1,1,E01003415,3,1,07/07/2015,07/07/2015,1,3,0,18,0.0,8,0,0,0,0,1.0,1.0,1,Male,21,21 - 25,124,1,5,-1,-1,-1.0,1,1,1,1,21,5,3,0,0,0,0,0,3,-1,-1,,,,,,,,,,,,,,,,,2015,7,1,19
19354,201501VW40352,529870.0,168940.0,-0.134283,51.404627,1,Slight,2,1,2015-07-28,Tuesday,19:20,Merton,E09000024,5,0,6,30.0,3,4,6,0,0.0,0.0,1,2,2,0,0,1,1,E01003414,3,1,28/07/2015,28/07/2015,1,2,0,18,0.0,8,0,0,0,0,1.0,1.0,1,Male,34,26 - 35,-1,-1,-1,-1,1,-1.0,1,1,1,1,34,6,3,0,0,0,0,0,2,1,5,,,,,,,,,,,,,,,,,2015,7,1,19
19355,201501VW40353,528310.0,170210.0,-0.156239,51.416395,1,Slight,2,3,2015-06-08,Monday,19:15,Merton,E09000024,6,0,6,30.0,6,4,6,0,0.0,0.0,1,1,1,0,0,1,1,E01003394,3,1,06/08/2015,06/08/2015,1,9,0,18,0.0,8,0,0,0,0,4.0,1.0,6,Male,32,26 - 35,1796,2,2,-1,1,-1.0,1,1,1,1,32,6,3,0,0,0,0,0,9,1,4,,,,,,,,,,,,,,,,,2015,6,3,19
19405,201501VW40414,522260.0,168150.0,-0.243905,51.399217,1,Serious,2,1,2015-09-20,Sunday,19:50,Merton,E09000024,3,3,7,40.0,5,2,4,282,0.0,5.0,1,1,1,0,0,1,1,E01003469,2,2,20/09/2015,20/09/2015,1,9,0,18,0.0,8,0,0,0,0,1.0,1.0,6,Male,30,26 - 35,1242,1,15,-1,1,-1.0,1,1,1,1,30,6,2,0,0,0,0,0,9,1,6,,,,,,,,,,,,,,,,,2015,9,2,19
19410,201501VW40420,530220.0,168270.0,-0.129499,51.398526,1,Serious,1,1,2015-11-09,Monday,22:17,Merton,E09000024,6,0,6,30.0,6,4,6,0,0.0,0.0,4,1,1,0,0,1,1,E01003431,2,2,11/09/2015,11/09/2015,1,3,0,18,0.0,2,0,10,3,10,1.0,1.0,6,Male,16,16 - 20,124,1,16,-1,1,-1.0,1,1,1,1,16,4,2,0,0,0,0,0,3,1,3,,,,,,,,,,,,,,,,,2015,11,2,22
19418,201501VW40429,525290.0,170440.0,-0.199563,51.419137,1,Slight,2,1,2015-09-22,Tuesday,21:05,Merton,E09000024,3,219,6,30.0,3,4,6,0,0.0,0.0,4,1,2,0,0,1,2,E01003358,3,1,22/09/2015,22/09/2015,1,9,0,9,0.0,8,0,0,0,0,4.0,1.0,2,Male,22,21 - 25,1390,1,11,-1,1,-1.0,2,1,1,1,30,6,3,0,0,0,0,0,1,1,4,,,,,,,,,,,,,,,,,2015,9,1,21
19424,201501VW40435,525380.0,171360.0,-0.197944,51.427385,1,Slight,2,1,2015-06-10,Wednesday,19:26,Merton,E09000024,4,235,6,30.0,3,4,5,0,0.0,0.0,4,1,1,0,0,1,1,E01003476,3,1,06/10/2015,06/10/2015,1,3,0,18,0.0,8,0,0,0,0,1.0,1.0,6,Male,20,16 - 20,125,1,4,-1,1,-1.0,1,1,1,1,20,4,3,0,0,0,0,0,3,1,4,,,,,,,,,,,,,,,,,2015,6,1,19
19439,201501VW40451,524920.0,170540.0,-0.204846,51.420117,1,Slight,1,1,2015-09-10,Thursday,20:30,Merton,E09000024,3,219,2,30.0,3,2,5,0,0.0,5.0,4,1,1,0,0,1,1,E01003383,3,1,09/10/2015,09/10/2015,1,9,0,18,0.0,8,0,0,0,0,1.0,1.0,6,Male,25,21 - 25,2143,2,-1,-1,1,-1.0,1,1,3,2,24,5,3,4,1,0,0,2,0,1,10,,,,,,,,,,,,,,,,,2015,9,1,20
19452,201501VW40467,527450.0,168430.0,-0.169238,51.400592,1,Slight,3,4,2015-10-19,Monday,19:44,Merton,E09000024,3,217,6,30.0,3,4,6,0,0.0,0.0,4,1,1,0,0,1,1,E01003374,3,1,19/10/2015,19/10/2015,1,9,0,3,0.0,8,0,0,0,0,2.0,1.0,6,Male,21,21 - 25,1598,1,8,-1,1,-1.0,1,1,1,1,21,5,3,0,0,0,0,0,9,1,2,,,,,,,,,,,,,,,,,2015,10,4,19
19459,201501VW40479,527920.0,170180.0,-0.161855,51.416214,1,Slight,2,1,2015-10-14,Wednesday,23:15,Merton,E09000024,3,217,6,30.0,3,4,6,0,0.0,0.0,4,1,1,0,0,1,1,E01003392,3,1,14/10/2015,14/10/2015,1,9,0,9,0.0,8,0,0,0,0,1.0,1.0,6,Female,31,26 - 35,1388,1,3,-1,1,-1.0,2,1,1,1,23,5,3,0,0,0,0,0,3,1,2,,,,,,,,,,,,,,,,,2015,10,1,23
19466,201501VW40486,526800.0,169540.0,-0.178181,51.410713,1,Slight,2,1,2015-10-21,Wednesday,18:50,Merton,E09000024,5,0,6,30.0,1,4,6,0,0.0,0.0,4,1,1,0,0,1,1,E01003407,3,1,21/10/2015,21/10/2015,1,9,0,4,0.0,2,0,0,0,0,2.0,1.0,6,Male,25,21 - 25,1590,1,14,-1,1,-1.0,1,1,1,1,25,5,3,0,0,0,0,0,9,1,7,,,,,,,,,,,,,,,,,2015,10,1,18
19468,201501VW40488,528010.0,170850.0,-0.16032,51.422215,1,Slight,2,1,2015-10-25,Sunday,20:38,Wandsworth,E09000032,3,217,6,30.0,6,4,6,0,0.0,0.0,4,1,1,0,0,1,1,E01004529,3,1,25/10/2015,25/10/2015,1,9,0,18,0.0,8,0,0,0,0,1.0,1.0,6,Male,35,26 - 35,2204,2,9,-1,1,-1.0,2,1,1,1,20,4,3,0,0,0,0,0,1,1,2,,,,,,,,,,,,,,,,,2015,10,1,20
19469,201501VW40489,529090.0,167840.0,-0.14589,51.394919,1,Slight,2,2,2015-09-22,Tuesday,19:25,Merton,E09000024,4,272,6,30.0,0,-1,-1,0,0.0,0.0,4,1,1,0,0,1,1,E01003435,3,1,22/09/2015,22/09/2015,1,9,0,9,0.0,0,0,0,0,0,3.0,1.0,6,Female,34,26 - 35,1598,1,13,-1,1,-1.0,1,1,2,2,51,8,3,0,0,2,0,0,9,1,5,,,,,,,,,,,,,,,,,2015,9,2,19
19483,201501VW40505,527950.0,170680.0,-0.161243,51.4207,1,Slight,2,1,2015-01-11,Sunday,20:00,Wandsworth,E09000032,3,217,6,30.0,3,4,5,0,0.0,0.0,4,7,2,0,0,1,1,E01004529,3,1,01/11/2015,01/11/2015,1,9,0,9,0.0,8,0,0,0,0,1.0,1.0,6,Male,19,16 - 20,1360,1,11,-1,1,-1.0,2,1,1,1,21,5,3,0,0,0,0,0,9,1,5,,,,,,,,,,,,,,,,,2015,1,1,20