,accident_index,location_easting_osgr,location_northing_osgr,longitude,latitude,police_force,accident_severity,number_of_vehicles,number_of_casualties,date,day_of_week,time,local_authority_district,local_authority_highway,first_road_class,first_road_number,road_type,speed_limit,junction_detail,junction_control,second_road_class,second_road_number,pedestrian_crossing-human_control,pedestrian_crossing-physical_facilities,light_conditions,weather_conditions,road_surface_conditions,special_conditions_at_site,carriageway_hazards,urban_or_rural_area,did_police_officer_attend_scene_of_accident,lsoa_of_accident_location,accident_severity_num,accident_severity_inv,date2,date_original,vehicle_reference_x,vehicle_type,towing_and_articulation,vehicle_manoeuvre,vehicle_location-restricted_lane,junction_location,skidding_and_overturning,hit_object_in_carriageway,vehicle_leaving_carriageway,hit_object_off_carriageway,1st_point_of_impact,was_vehicle_left_hand_drive?,journey_purpose_of_driver,sex_of_driver,age_of_driver,age_band_of_driver,engine_capacity_cc,propulsion_code,age_of_vehicle,driver_imd_decile,driver_home_area_type,vehicle_imd_decile,vehicle_reference_y,casualty_reference,casualty_class,sex_of_casualty,age_of_casualty,age_band_of_casualty,casualty_severity,pedestrian_location,pedestrian_movement,car_passenger,bus_or_coach_passenger,pedestrian_road_maintenance_worker,casualty_type,casualty_home_area_type,casualty_imd_decile,accident_year_x,accident_reference_x,local_authority_ons_district,pedestrian_crossing_human_control,pedestrian_crossing_physical_facilities,trunk_road_flag,accident_year_y,accident_reference_y,vehicle_direction_from,vehicle_direction_to,vehicle_location_restricted_lane,first_point_of_impact,vehicle_left_hand_drive,generic_make_model,accident_year,accident_reference,year,month,severity,hours
19484,201501VW40506,523810.0,167180.0,-0.221973,51.390164,1,Slight,3,1,2015-03-11,Wednesday,22:15,Merton,E09000024,4,279,6,30.0,3,4,6,0,0.0,0.0,4,1,1,0,0,1,1,E01003418,3,1,03/11/2015,03/11/2015,1,9,0,18,0.0,8,0,0,0,0,1.0,1.0,6,Male,30,26 - 35,1364,1,10,-1,1,-1.0,2,1,1,1,18,4,3,0,0,0,0,0,3,1,7,,,,,,,,,,,,,,,,,2015,3,1,22
19489,201501VW40513,526830.0,170460.0,-0.177421,51.418975,1,Slight,1,1,2015-10-11,Sunday,20:45,Merton,E09000024,3,24,6,30.0,3,4,6,0,0.0,1.0,4,1,1,0,7,1,1,E01003370,3,1,10/11/2015,10/11/2015,1,3,0,14,0.0,1,1,0,0,0,0.0,1.0,6,Male,24,21 - 25,124,1,1,-1,1,-1.0,1,1,1,1,24,5,3,0,0,0,0,0,3,1,4,,,,,,,,,,,,,,,,,2015,10,1,20
19498,201501VW40523,526130.0,167190.0,-0.188644,51.389743,1,Slight,2,4,2015-11-15,Sunday,18:45,Merton,E09000024,3,297,6,30.0,6,2,5,0,0.0,5.0,4,1,1,0,0,1,1,E01003438,3,1,15/11/2015,15/11/2015,1,9,0,9,0.0,8,0,0,0,0,4.0,1.0,6,Male,19,16 - 20,-1,-1,-1,-1,1,-1.0,1,1,2,2,19,4,3,0,0,1,0,0,9,1,4,,,,,,,,,,,,,,,,,2015,11,4,18
19514,201501VW40540,527990.0,168710.0,-0.161379,51.402987,1,Slight,1,2,2015-11-28,Saturday,20:45,Merton,E09000024,3,236,6,30.0,0,-1,-1,0,0.0,0.0,4,1,1,0,0,1,1,E01003389,3,1,28/11/2015,28/11/2015,1,4,0,17,0.0,0,0,0,0,0,1.0,1.0,6,Male,23,21 - 25,321,1,-1,-1,1,-1.0,1,1,1,1,23,5,3,0,0,0,0,0,4,1,10,,,,,,,,,,,,,,,,,2015,11,2,20
19515,201501VW40541,524730.0,169630.0,-0.207897,51.411981,1,Slight,2,1,2015-11-30,Monday,19:00,Merton,E09000024,3,238,6,30.0,8,4,6,0,0.0,0.0,4,8,2,0,0,1,1,E01003428,3,1,30/11/2015,30/11/2015,1,3,0,14,0.0,8,1,0,0,0,1.0,1.0,1,Male,27,26 - 35,125,1,1,-1,1,-1.0,1,1,1,1,27,6,3,0,0,0,0,0,3,1,3,,,,,,,,,,,,,,,,,2015,11,1,19
19518,201501VW40545,525470.0,170020.0,-0.197124,51.415323,1,Slight,2,1,2015-11-27,Friday,20:30,Merton,E09000024,3,238,6,30.0,3,4,6,0,0.0,0.0,4,2,2,0,0,1,1,E01003355,3,1,27/11/2015,27/11/2015,1,9,0,9,0.0,8,0,0,0,0,1.0,1.0,6,Female,23,21 - 25,1242,1,13,-1,1,-1.0,1,1,1,2,23,5,3,0,0,0,0,0,9,1,10,,,,,,,,,,,,,,,,,2015,11,1,20
19527,201501VW40555,525390.0,172510.0,-0.197394,51.437718,1,Slight,1,1,2015-02-12,Thursday,18:14,Merton,E09000024,3,218,6,30.0,3,4,6,0,0.0,0.0,4,1,1,0,0,1,1,E01003473,3,1,02/12/2015,02/12/2015,1,3,0,18,0.0,8,0,0,0,0,1.0,1.0,6,Male,30,26 - 35,124,1,1,-1,1,-1.0,1,1,3,2,41,7,3,5,1,0,0,2,0,1,6,,,,,,,,,,,,,,,,,2015,2,1,18
19533,201501VW40564,528320.0,169860.0,-0.156222,51.413248,1,Slight,2,2,2015-11-30,Monday,19:21,Merton,E09000024,3,216,6,30.0,6,4,6,0,0.0,0.0,7,9,1,0,0,1,1,E01003392,3,1,30/11/2015,30/11/2015,1,9,0,18,0.0,8,0,0,0,0,4.0,1.0,6,Male,28,26 - 35,-1,-1,-1,-1,1,-1.0,1,1,1,1,28,6,3,0,0,0,0,0,9,1,3,,,,,,,,,,,,,,,,,2015,11,2,19
19535,201501VW40566,528680.0,169490.0,-0.151182,51.409841,1,Slight,2,1,2015-11-27,Friday,01:00,Merton,E09000024,5,0,6,30.0,3,4,6,0,0.0,0.0,7,9,1,0,0,1,1,E01003412,3,1,27/11/2015,27/11/2015,1,9,0,17,0.0,2,1,4,1,4,3.0,1.0,6,Male,24,21 - 25,998,1,1,-1,1,-1.0,1,1,1,1,24,5,3,0,0,0,0,0,9,1,5,,,,,,,,,,,,,,,,,2015,11,1,1
19536,201501VW40567,527760.0,168890.0,-0.164619,51.404657,1,Slight,2,1,2015-10-12,Monday,21:00,Merton,E09000024,3,217,6,30.0,3,4,6,0,0.0,0.0,4,2,2,0,0,1,1,E01003389,3,1,10/12/2015,10/12/2015,1,9,0,9,0.0,8,0,0,0,0,4.0,1.0,6,Female,32,26 - 35,1339,8,4,-1,1,-1.0,2,1,1,1,27,6,3,0,0,0,0,0,3,1,8,,,,,,,,,,,,,,,,,2015,10,1,21
19542,201501VW40574,523290.0,168190.0,-0.229092,51.399354,1,Slight,2,3,2015-07-12,Sunday,18:23,Merton,E09000024,4,279,6,30.0,3,2,5,0,0.0,5.0,4,1,1,0,0,1,1,E01003466,3,1,07/12/2015,07/12/2015,1,9,0,18,0.0,8,0,0,0,0,2.0,1.0,6,Male,22,21 - 25,1596,1,9,-1,1,-1.0,1,1,1,1,22,5,3,0,0,0,0,0,9,1,7,,,,,,,,,,,,,,,,,2015,7,3,18
19546,201501VW40578,527900.0,170430.0,-0.162052,51.418465,1,Slight,2,1,2015-09-12,Saturday,22:45,Merton,E09000024,3,217,6,30.0,3,4,6,0,0.0,0.0,4,1,2,0,0,1,1,E01003393,3,1,09/12/2015,09/12/2015,1,9,0,18,0.0,8,0,4,0,0,1.0,1.0,6,Male,25,21 - 25,1968,2,5,-1,1,-1.0,1,1,2,1,25,5,3,0,0,1,0,0,9,1,2,,,,,,,,,,,,,,,,,2015,9,1,22
19553,201501VW40590,525790.0,170060.0,-0.192511,51.415611,1,Slight,2,2,2015-12-19,Saturday,19:55,Merton,E09000024,3,219,6,30.0,6,2,3,238,0.0,5.0,4,1,2,0,0,1,1,E01003355,3,1,19/12/2015,19/12/2015,1,9,0,9,0.0,8,0,0,0,0,1.0,1.0,6,Male,23,21 - 25,1248,2,7,-1,1,-1.0,1,1,1,1,23,5,3,0,0,0,0,0,9,1,10,,,,,,,,,,,,,,,,,2015,12,2,19
19554,201501VW40592,525790.0,170050.0,-0.192515,51.415522,1,Slight,2,1,2015-12-21,Monday,01:20,Merton,E09000024,3,219,6,30.0,6,2,3,238,0.0,5.0,4,1,2,0,0,1,1,E01003355,3,1,21/12/2015,21/12/2015,1,9,0,18,0.0,8,0,0,0,0,1.0,1.0,6,Female,24,21 - 25,1242,1,12,-1,1,-1.0,1,1,1,2,24,5,3,0,0,0,0,0,9,1,2,,,,,,,,,,,,,,,,,2015,12,1,1
19556,201501VW40596,525880.0,168690.0,-0.191703,51.403279,1,Slight,2,1,2015-12-25,Friday,19:15,Merton,E09000024,3,24,1,30.0,1,4,3,297,0.0,0.0,4,2,2,0,0,1,1,E01003439,3,1,25/12/2015,25/12/2015,1,9,0,6,0.0,8,0,0,0,0,4.0,1.0,6,Male,28,26 - 35,1796,1,11,-1,1,-1.0,1,1,2,2,-1,-1,3,0,0,2,0,0,9,1,3,,,,,,,,,,,,,,,,,2015,12,1,19
19557,201501VW40599,526130.0,167190.0,-0.188644,51.389743,1,Slight,2,2,2015-12-18,Friday,18:30,Merton,E09000024,3,297,3,30.0,6,2,5,0,0.0,5.0,4,1,1,0,0,1,1,E01003438,3,1,18/12/2015,18/12/2015,1,9,0,18,0.0,8,0,0,0,0,1.0,1.0,6,Female,22,21 - 25,1149,1,16,-1,1,-1.0,1,1,1,2,22,5,3,0,0,0,0,0,9,1,4,,,,,,,,,,,,,,,,,2015,12,2,18
19571,201501VW49023,525390.0,168490.0,-0.198815,51.40159,1,Slight,2,2,2015-09-12,Saturday,20:55,Merton,E09000024,4,286,6,30.0,0,-1,-1,0,0.0,5.0,4,1,1,0,0,1,1,E01003426,3,1,09/12/2015,09/12/2015,1,9,0,18,0.0,0,0,0,0,0,4.0,1.0,6,Female,19,16 - 20,998,1,8,-1,1,-1.0,1,1,1,2,19,4,3,0,0,0,0,0,9,1,4,,,,,,,,,,,,,,,,,2015,9,2,20
19574,201501WW50002,527390.0,175120.0,-0.167697,51.460729,1,Slight,2,1,2015-02-01,Sunday,20:25,Wandsworth,E09000032,3,3,6,30.0,0,-1,-1,0,0.0,0.0,4,1,1,0,0,1,1,E01004552,3,1,02/01/2015,02/01/2015,1,5,0,15,0.0,0,0,0,0,0,3.0,1.0,6,Male,19,16 - 20,600,1,14,-1,1,-1.0,1,1,1,1,19,4,3,0,0,0,0,0,5,1,2,,,,,,,,,,,,,,,,,2015,2,1,20
19589,201501WW50038,529410.0,171230.0,-0.140057,51.425312,1,Slight,2,1,2015-06-01,Monday,22:49,Wandsworth,E09000032,3,216,6,30.0,6,4,6,0,0.0,0.0,4,1,2,0,0,1,1,E01004524,3,1,06/01/2015,06/01/2015,1,9,0,9,0.0,8,0,0,0,0,4.0,1.0,6,Male,20,16 - 20,1598,1,9,-1,1,-1.0,2,1,1,1,27,6,3,0,0,0,0,0,3,1,4,,,,,,,,,,,,,,,,,2015,6,1,22
19601,201501WW50052,528630.0,175210.0,-0.149825,51.461257,1,Slight,2,1,2015-09-01,Tuesday,19:35,Lambeth,E09000022,3,3,6,30.0,3,4,3,3,0.0,0.0,4,1,1,0,0,1,1,E01004554,3,1,09/01/2015,09/01/2015,1,9,0,9,0.0,8,0,0,0,0,1.0,1.0,6,Male,29,26 - 35,-1,-1,-1,-1,1,-1.0,2,1,1,2,28,6,3,0,0,0,0,0,1,1,6,,,,,,,,,,,,,,,,,2015,9,1,19
19605,201501WW50056,528800.0,174220.0,-0.147739,51.452322,1,Slight,2,1,2015-01-19,Monday,18:15,Wandsworth,E09000032,3,24,6,30.0,3,4,3,24,0.0,4.0,4,1,1,0,0,1,1,E01003030,3,1,19/01/2015,19/01/2015,1,9,0,7,0.0,5,0,0,0,0,4.0,1.0,6,Male,27,26 - 35,2000,1,10,-1,1,-1.0,2,1,1,1,38,7,3,0,0,0,0,0,3,1,2,,,,,,,,,,,,,,,,,2015,1,1,18
19632,201501WW50084,528410.0,175740.0,-0.152798,51.46607,1,Serious,1,1,2015-01-30,Friday,19:40,Wandsworth,E09000032,3,3036,6,30.0,6,2,6,0,0.0,5.0,4,1,1,0,0,1,1,E01004591,2,2,30/01/2015,30/01/2015,1,2,0,18,0.0,8,0,0,0,0,1.0,1.0,6,Male,26,26 - 35,109,1,1,-1,1,-1.0,1,1,3,2,74,10,2,6,9,0,0,2,0,-1,-1,,,,,,,,,,,,,,,,,2015,1,2,19
19642,201501WW50095,525410.0,172860.0,-0.196982,51.44086,1,Slight,2,2,2015-01-31,Saturday,18:16,Wandsworth,E09000032,3,218,6,30.0,3,4,5,0,0.0,0.0,4,1,1,0,0,1,2,E01004598,3,1,31/01/2015,31/01/2015,1,9,0,9,0.0,8,0,0,0,0,1.0,1.0,6,Female,28,26 - 35,1390,1,5,-1,1,-1.0,1,1,1,2,28,6,3,0,0,0,0,0,9,1,7,,,,,,,,,,,,,,,,,2015,1,2,18
19644,201501WW50098,526700.0,174340.0,-0.177902,51.453873,1,Slight,2,1,2015-01-22,Thursday,18:54,Wandsworth,E09000032,3,214,3,30.0,6,2,4,234,0.0,5.0,1,1,1,0,0,1,1,E01004621,3,1,22/01/2015,22/01/2015,1,9,0,9,0.0,8,0,0,0,0,1.0,1.0,6,Male,24,21 - 25,1198,1,6,-1,3,-1.0,2,1,1,1,30,6,3,0,0,0,0,0,3,1,6,,,,,,,,,,,,,,,,,2015,1,1,18
19645,201501WW50100,528740.0,176640.0,-0.147722,51.474083,1,Slight,2,1,2015-01-20,Tuesday,19:00,Wandsworth,E09000032,3,3216,6,30.0,8,4,6,0,0.0,0.0,4,1,1,0,0,1,1,E01004564,3,1,20/01/2015,20/01/2015,1,3,0,17,0.0,8,0,0,0,0,1.0,1.0,6,Male,26,26 - 35,124,1,15,-1,1,-1.0,1,1,1,1,26,6,3,0,0,0,0,0,3,1,4,,,,,,,,,,,,,,,,,2015,1,1,19
19646,201501WW50101,527410.0,173220.0,-0.168092,51.443649,1,Serious,3,1,2015-01-28,Wednesday,19:00,Wandsworth,E09000032,3,214,6,20.0,6,2,4,229,0.0,5.0,4,1,1,0,0,1,1,E01004626,2,2,28/01/2015,28/01/2015,1,5,0,18,0.0,8,2,7,0,0,1.0,1.0,1,Male,35,26 - 35,649,1,4,-1,1,-1.0,1,1,1,1,35,6,2,0,0,0,0,0,5,1,1,,,,,,,,,,,,,,,,,2015,1,2,19
19657,201501WW50114,524120.0,172790.0,-0.215558,51.440514,1,Slight,2,1,2015-01-21,Wednesday,18:00,Wandsworth,E09000032,6,0,6,30.0,3,4,6,0,0.0,0.0,4,1,1,0,0,1,1,E01004637,3,1,21/01/2015,21/01/2015,1,3,0,18,0.0,8,0,0,0,0,1.0,1.0,1,Male,20,16 - 20,125,1,6,-1,1,-1.0,1,1,1,1,20,4,3,0,0,0,0,0,3,1,5,,,,,,,,,,,,,,,,,2015,1,1,18
19662,201501WW50119,528220.0,172630.0,-0.156657,51.438164,1,Slight,2,1,2015-08-02,Sunday,22:25,Wandsworth,E09000032,3,24,6,30.0,3,2,3,24,0.0,5.0,4,1,1,0,0,1,1,E01004488,3,1,08/02/2015,08/02/2015,1,9,0,9,0.0,8,0,0,0,0,4.0,1.0,6,Male,22,21 - 25,-1,-1,-1,-1,1,-1.0,2,1,1,1,20,4,3,0,0,0,0,0,3,1,2,,,,,,,,,,,,,,,,,2015,8,1,22
19663,201501WW50121,522110.0,173790.0,-0.244118,51.449938,1,Slight,2,1,2015-07-02,Thursday,19:30,Wandsworth,E09000032,6,0,6,30.0,0,-1,-1,0,0.0,0.0,4,1,2,0,0,1,1,E01004569,3,1,07/02/2015,07/02/2015,1,9,0,6,0.0,0,0,0,0,0,4.0,1.0,6,Female,27,26 - 35,1360,1,4,-1,1,-1.0,1,1,1,2,27,6,3,0,0,0,0,0,9,1,2,,,,,,,,,,,,,,,,,2015,7,1,19
19666,201501WW50124,523610.0,173290.0,-0.222717,51.445119,1,Slight,2,1,2015-07-02,Thursday,21:50,Wandsworth,E09000032,3,219,6,30.0,3,4,6,0,0.0,0.0,4,1,1,0,0,1,1,E01004573,3,1,07/02/2015,07/02/2015,1,5,0,18,0.0,8,0,0,0,0,1.0,1.0,6,Male,31,26 - 35,1247,1,-1,-1,-1,-1.0,1,1,1,1,31,6,3,0,0,0,0,0,5,-1,-1,,,,,,,,,,,,,,,,,2015,7,1,21
19675,201501WW50133,524490.0,174840.0,-0.209516,51.458857,1,Slight,2,1,2015-01-25,Sunday,20:15,Wandsworth,E09000032,3,205,6,30.0,3,4,5,0,0.0,0.0,4,1,1,0,0,1,1,E01004507,3,1,25/01/2015,25/01/2015,1,3,0,18,0.0,8,0,0,0,0,2.0,1.0,6,Male,27,26 - 35,125,1,2,-1,1,-1.0,2,1,1,1,19,4,3,0,0,0,0,0,3,1,6,,,,,,,,,,,,,,,,,2015,1,1,20
19683,201501WW50141,529400.0,171610.0,-0.140062,51.428729,1,Slight,2,2,2015-10-02,Friday,20:17,Wandsworth,E09000032,6,0,6,30.0,3,4,6,0,0.0,0.0,4,1,1,0,0,1,1,E01004524,3,1,10/02/2015,10/02/2015,1,9,0,18,0.0,5,0,0,0,0,1.0,1.0,1,Male,30,26 - 35,-1,-1,-1,-1,1,-1.0,1,1,1,1,30,6,3,0,0,0,0,0,9,1,8,,,,,,,,,,,,,,,,,2015,10,2,20
19687,201501WW50145,527450.0,171480.0,-0.168143,51.428003,1,Slight,2,1,2015-01-30,Friday,23:25,Wandsworth,E09000032,3,24,6,30.0,6,2,3,217,0.0,5.0,4,9,1,0,0,1,1,E01004617,3,1,30/01/2015,30/01/2015,1,9,0,9,0.0,8,0,0,0,0,1.0,1.0,6,Female,28,26 - 35,-1,-1,-1,-1,1,-1.0,2,1,1,1,-1,-1,3,0,0,0,0,0,3,-1,-1,,,,,,,,,,,,,,,,,2015,1,1,23
19689,201501WW50148,528040.0,176630.0,-0.157799,51.474152,1,Serious,3,1,2015-03-02,Monday,21:16,Wandsworth,E09000032,3,3205,6,30.0,3,4,6,0,0.0,1.0,4,1,1,0,0,1,1,E01004560,2,2,03/02/2015,03/02/2015,1,9,0,4,0.0,8,0,4,0,0,1.0,1.0,2,Female,26,26 - 35,1598,1,4,-1,1,-1.0,1,1,1,2,26,6,2,0,0,0,0,0,9,1,2,,,,,,,,,,,,,,,,,2015,3,2,21
19695,201501WW50154,527410.0,173230.0,-0.168089,51.443739,1,Slight,2,1,2015-12-02,Wednesday,23:50,Wandsworth,E09000032,3,214,6,30.0,6,2,4,229,0.0,5.0,4,1,1,0,0,1,1,E01004626,3,1,12/02/2015,12/02/2015,1,9,0,3,0.0,8,0,0,0,0,2.0,1.0,2,Male,35,26 - 35,6208,1,5,-1,1,-1.0,2,1,1,1,32,6,3,0,0,0,0,0,3,1,4,,,,,,,,,,,,,,,,,2015,12,1,23
19706,201501WW50168,528000.0,175610.0,-0.158744,51.464995,1,Slight,2,1,2015-03-02,Monday,23:20,Wandsworth,E09000032,3,3036,6,30.0,3,4,6,0,0.0,0.0,4,1,1,0,0,1,1,E01004589,3,1,03/02/2015,03/02/2015,1,3,0,18,0.0,8,0,0,0,0,1.0,1.0,6,Male,18,16 - 20,-1,-1,-1,-1,1,-1.0,1,1,1,1,18,4,3,0,0,0,0,0,3,1,4,,,,,,,,,,,,,,,,,2015,3,1,23
19713,201501WW50175,526110.0,172700.0,-0.186973,51.439266,1,Slight,2,1,2015-01-18,Sunday,18:04,Wandsworth,E09000032,3,217,6,30.0,3,4,6,0,0.0,0.0,4,1,2,0,0,1,1,E01004498,3,1,18/01/2015,18/01/2015,1,3,0,18,0.0,8,0,0,0,0,1.0,1.0,6,Male,26,26 - 35,125,1,5,-1,1,-1.0,1,1,1,1,26,6,3,0,0,0,0,0,3,1,9,,,,,,,,,,,,,,,,,2015,1,1,18
19714,201501WW50176,526560.0,172010.0,-0.180749,51.432965,1,Slight,1,2,2015-02-18,Wednesday,02:15,Wandsworth,E09000032,3,217,6,30.0,3,4,5,0,0.0,1.0,4,8,1,0,0,1,1,E01004492,3,1,18/02/2015,18/02/2015,1,9,0,7,0.0,8,0,0,0,0,1.0,1.0,6,Male,18,16 - 20,1796,1,14,-1,1,-1.0,1,1,1,1,18,4,3,0,0,0,0,0,9,1,6,,,,,,,,,,,,,,,,,2015,2,2,2
19722,201501WW50184,524160.0,175620.0,-0.21399,51.465939,1,Slight,2,1,2015-02-21,Saturday,00:50,Wandsworth,E09000032,3,219,6,30.0,3,2,4,306,0.0,5.0,4,1,1,0,0,1,2,E01033093,3,1,21/02/2015,21/02/2015,1,9,0,3,0.0,8,0,0,0,0,2.0,1.0,6,Female,33,26 - 35,1968,2,3,-1,1,-1.0,1,1,1,2,33,6,3,0,0,0,0,0,9,1,8,,,,,,,,,,,,,,,,,2015,2,1,0
19736,201501WW50200,521870.0,173930.0,-0.247522,51.451248,1,Slight,2,2,2015-02-24,Tuesday,23:26,Wandsworth,E09000032,6,0,6,30.0,0,-1,-1,0,0.0,0.0,4,1,1,0,0,1,1,E01004569,3,1,24/02/2015,24/02/2015,1,3,0,18,0.0,0,0,0,0,0,1.0,1.0,6,Male,19,16 - 20,-1,-1,-1,-1,1,-1.0,1,1,1,1,19,4,3,0,0,0,0,0,3,1,3,,,,,,,,,,,,,,,,,2015,2,2,23
19742,201501WW50211,525870.0,173950.0,-0.18998,51.450553,1,Slight,2,1,2015-02-20,Friday,18:50,Wandsworth,E09000032,3,217,6,30.0,6,4,6,0,0.0,0.0,1,1,1,0,0,1,1,E01004494,3,1,20/02/2015,20/02/2015,1,9,0,9,0.0,8,0,0,0,0,1.0,1.0,6,Male,20,16 - 20,-1,-1,-1,-1,1,-1.0,1,1,1,1,20,4,3,0,0,0,0,0,9,1,3,,,,,,,,,,,,,,,,,2015,2,1,18
19757,201501WW50228,525090.0,174110.0,-0.201143,51.452164,1,Slight,2,1,2015-07-03,Friday,23:49,Wandsworth,E09000032,5,0,6,30.0,6,4,5,0,0.0,0.0,4,8,1,0,0,1,1,E01004601,3,1,07/03/2015,07/03/2015,1,9,0,16,0.0,8,0,0,0,0,1.0,1.0,6,Female,22,21 - 25,1240,1,9,-1,1,-1.0,2,1,2,2,27,6,3,0,0,2,0,0,9,1,4,,,,,,,,,,,,,,,,,2015,7,1,23
19761,201501WW50232,523960.0,175080.0,-0.217057,51.46113,1,Slight,1,1,2015-10-03,Saturday,00:04,Wandsworth,E09000032,3,219,6,30.0,6,2,3,205,0.0,5.0,4,1,2,0,0,1,1,E01004609,3,1,10/03/2015,10/03/2015,1,9,0,18,0.0,8,0,0,0,0,3.0,1.0,6,Male,26,26 - 35,1598,1,9,-1,1,-1.0,1,1,3,1,43,7,3,4,3,0,0,2,0,-1,-1,,,,,,,,,,,,,,,,,2015,10,1,0
19766,201501WW50238,525030.0,174610.0,-0.201829,51.456671,1,Slight,5,7,2015-03-15,Sunday,00:20,Wandsworth,E09000032,3,3,6,30.0,3,4,6,0,0.0,5.0,4,1,1,0,0,1,1,E01004502,3,1,15/03/2015,15/03/2015,1,8,0,12,0.0,8,0,0,0,0,1.0,1.0,1,Male,33,26 - 35,-1,-1,-1,-1,1,-1.0,1,1,2,2,35,6,3,0,0,2,0,0,8,1,5,,,,,,,,,,,,,,,,,2015,3,7,0
19775,201501WW50247,527060.0,170980.0,-0.173929,51.423597,1,Slight,1,1,2015-06-03,Wednesday,19:08,Wandsworth,E09000032,6,0,6,30.0,0,-1,-1,0,0.0,0.0,4,1,1,0,0,1,1,E01004617,3,1,06/03/2015,06/03/2015,1,9,0,1,0.0,0,0,0,0,0,1.0,1.0,6,Male,22,21 - 25,1781,1,13,-1,1,-1.0,1,1,3,1,77,11,3,5,3,0,0,2,0,-1,-1,,,,,,,,,,,,,,,,,2015,6,1,19
19782,201501WW50255,529790.0,177690.0,-0.132227,51.48328,1,Slight,2,1,2015-03-24,Tuesday,01:30,Wandsworth,E09000032,3,3205,3,30.0,0,-1,-1,0,0.0,0.0,4,2,2,0,0,1,1,E01004562,3,1,24/03/2015,24/03/2015,1,9,0,18,0.0,0,0,0,0,0,2.0,1.0,6,Male,24,21 - 25,1390,1,6,-1,1,-1.0,1,1,1,1,24,5,3,0,0,0,0,0,9,1,4,,,,,,,,,,,,,,,,,2015,3,1,1
19786,201501WW50260,525870.0,174660.0,-0.189728,51.456934,1,Serious,1,1,2015-03-18,Wednesday,23:56,Wandsworth,E09000032,5,0,2,30.0,3,2,3,3,0.0,5.0,4,1,1,0,0,1,1,E01004514,2,2,18/03/2015,18/03/2015,1,3,0,7,0.0,1,0,10,7,1,4.0,1.0,6,Male,33,26 - 35,125,1,1,-1,1,-1.0,1,1,1,1,33,6,2,0,0,0,0,0,3,1,2,,,,,,,,,,,,,,,,,2015,3,2,23
19789,201501WW50265,523570.0,175210.0,-0.222623,51.462383,1,Slight,2,1,2015-03-20,Friday,19:40,Wandsworth,E09000032,3,205,6,30.0,3,4,6,0,0.0,0.0,4,1,1,0,0,1,1,E01004506,3,1,20/03/2015,20/03/2015,1,4,0,14,0.0,1,0,0,0,0,4.0,1.0,1,Male,22,21 - 25,125,1,6,-1,1,-1.0,1,1,1,1,22,5,3,0,0,0,0,0,4,1,5,,,,,,,,,,,,,,,,,2015,3,1,19
19807,201501WW50284,526080.0,172920.0,-0.187326,51.44125,1,Slight,1,1,2015-03-28,Saturday,21:30,Wandsworth,E09000032,3,217,6,30.0,3,4,6,0,0.0,5.0,4,1,1,0,6,1,1,E01004496,3,1,28/03/2015,28/03/2015,1,3,0,14,0.0,1,0,0,0,0,4.0,1.0,6,Female,34,26 - 35,-1,-1,-1,-1,1,-1.0,1,1,2,2,35,6,3,0,0,0,0,0,3,1,6,,,,,,,,,,,,,,,,,2015,3,1,21
19814,201501WW50291,526240.0,172080.0,-0.185325,51.433665,1,Slight,2,1,2015-03-24,Tuesday,20:40,Wandsworth,E09000032,3,217,6,30.0,1,4,4,235,0.0,1.0,4,1,2,0,0,1,1,E01004492,3,1,24/03/2015,24/03/2015,1,9,0,6,0.0,8,0,0,0,0,4.0,1.0,6,Female,21,21 - 25,1598,1,14,-1,1,-1.0,2,1,1,1,33,6,3,0,0,0,0,0,3,1,6,,,,,,,,,,,,,,,,,2015,3,1,20
19823,201501WW50300,528560.0,174570.0,-0.151064,51.455522,1,Slight,1,1,2015-01-04,Sunday,18:26,Wandsworth,E09000032,3,205,6,30.0,3,4,6,0,0.0,0.0,1,1,1,0,0,1,1,E01004477,3,1,01/04/2015,01/04/2015,1,3,0,18,0.0,1,0,0,0,0,1.0,1.0,6,Male,29,26 - 35,125,1,2,-1,1,-1.0,1,1,1,1,29,6,3,0,0,0,0,0,3,1,9,,,,,,,,,,,,,,,,,2015,1,1,18
19824,201501WW50301,529410.0,171230.0,-0.140057,51.425312,1,Slight,2,1,2015-08-04,Tuesday,18:00,Wandsworth,E09000032,3,216,6,30.0,6,2,6,0,0.0,5.0,1,1,1,0,0,1,1,E01004524,3,1,08/04/2015,08/04/2015,1,9,0,18,0.0,8,0,0,0,0,3.0,1.0,6,Male,20,16 - 20,999,1,2,-1,1,-1.0,2,1,1,1,24,5,3,0,0,0,0,0,1,1,3,,,,,,,,,,,,,,,,,2015,8,1,18
19845,201501WW50325,528080.0,172410.0,-0.15875,51.436219,1,Slight,2,1,2015-06-22,Monday,19:24,Wandsworth,E09000032,3,24,6,30.0,0,-1,-1,0,0.0,0.0,1,1,1,0,0,1,1,E01004548,3,1,22/06/2015,22/06/2015,1,9,0,6,0.0,0,0,0,0,0,3.0,1.0,6,Male,25,21 - 25,999,1,3,-1,1,-1.0,2,1,1,1,35,6,3,0,0,0,0,0,3,1,8,,,,,,,,,,,,,,,,,2015,6,1,19
19846,201501WW50326,526680.0,176170.0,-0.177535,51.470324,1,Slight,2,1,2015-11-04,Wednesday,19:00,Wandsworth,E09000032,4,305,6,30.0,3,4,6,0,0.0,0.0,1,1,1,0,0,1,1,E01033099,3,1,11/04/2015,11/04/2015,1,3,0,13,0.0,8,0,0,0,0,3.0,1.0,6,Male,25,21 - 25,125,1,4,-1,1,-1.0,1,1,1,1,25,5,3,0,0,0,0,0,3,1,3,,,,,,,,,,,,,,,,,2015,11,1,19
19849,201501WW50329,524230.0,173730.0,-0.213646,51.448938,1,Slight,2,1,2015-04-17,Friday,19:10,Wandsworth,E09000032,6,0,6,30.0,0,-1,-1,0,0.0,0.0,1,1,1,0,0,1,1,E01004629,3,1,17/04/2015,17/04/2015,1,9,0,2,0.0,0,0,10,0,0,3.0,1.0,6,Female,29,26 - 35,1396,1,3,-1,1,-1.0,2,1,1,1,52,8,3,0,0,0,0,0,9,1,4,,,,,,,,,,,,,,,,,2015,4,1,19
19876,201501WW50360,525240.0,174600.0,-0.198812,51.456535,1,Slight,1,1,2015-09-05,Saturday,19:25,Wandsworth,E09000032,6,0,6,30.0,0,-1,-1,0,0.0,0.0,1,1,1,0,0,1,1,E01004600,3,1,09/05/2015,09/05/2015,1,9,0,4,0.0,0,0,0,0,0,3.0,1.0,6,Male,31,26 - 35,2143,2,3,-1,1,-1.0,1,1,3,2,4,1,3,5,1,0,0,2,0,-1,-1,,,,,,,,,,,,,,,,,2015,9,1,19