,accident_index,location_easting_osgr,location_northing_osgr,longitude,latitude,police_force,accident_severity,number_of_vehicles,number_of_casualties,date,day_of_week,time,local_authority_district,local_authority_highway,first_road_class,first_road_number,road_type,speed_limit,junction_detail,junction_control,second_road_class,second_road_number,pedestrian_crossing-human_control,pedestrian_crossing-physical_facilities,light_conditions,weather_conditions,road_surface_conditions,special_conditions_at_site,carriageway_hazards,urban_or_rural_area,did_police_officer_attend_scene_of_accident,lsoa_of_accident_location,accident_severity_num,accident_severity_inv,date2,date_original,vehicle_reference_x,vehicle_type,towing_and_articulation,vehicle_manoeuvre,vehicle_location-restricted_lane,junction_location,skidding_and_overturning,hit_object_in_carriageway,vehicle_leaving_carriageway,hit_object_off_carriageway,1st_point_of_impact,was_vehicle_left_hand_drive?,journey_purpose_of_driver,sex_of_driver,age_of_driver,age_band_of_driver,engine_capacity_cc,propulsion_code,age_of_vehicle,driver_imd_decile,driver_home_area_type,vehicle_imd_decile,vehicle_reference_y,casualty_reference,casualty_class,sex_of_casualty,age_of_casualty,age_band_of_casualty,casualty_severity,pedestrian_location,pedestrian_movement,car_passenger,bus_or_coach_passenger,pedestrian_road_maintenance_worker,casualty_type,casualty_home_area_type,casualty_imd_decile,accident_year_x,accident_reference_x,local_authority_ons_district,pedestrian_crossing_human_control,pedestrian_crossing_physical_facilities,trunk_road_flag,accident_year_y,accident_reference_y,vehicle_direction_from,vehicle_direction_to,vehicle_location_restricted_lane,first_point_of_impact,vehicle_left_hand_drive,generic_make_model,accident_year,accident_reference,year,month,severity,hours
20322,201501WW50846,526470.0,175580.0,-0.180768,51.465069,1,Slight,2,1,2015-09-30,Wednesday,19:00,Wandsworth,E09000032,3,3205,6,30.0,6,4,6,0,0.0,0.0,1,1,1,0,0,1,1,E01033101,3,1,30/09/2015,30/09/2015,1,5,0,18,0.0,8,0,0,0,0,3.0,1.0,6,Male,30,26 - 35,599,1,5,-1,1,-1.0,1,1,1,1,30,6,3,0,0,0,0,0,5,1,5,,,,,,,,,,,,,,,,,2015,9,1,19
20334,201501WW50859,528620.0,177380.0,-0.14918,51.480761,1,Serious,2,1,2015-09-15,Tuesday,18:25,Wandsworth,E09000032,3,3216,6,30.0,3,4,6,0,0.0,0.0,1,1,1,0,0,1,1,E01033098,2,2,15/09/2015,15/09/2015,1,9,0,9,0.0,8,0,0,0,0,4.0,1.0,6,Male,34,26 - 35,2993,2,5,-1,1,-1.0,2,1,1,1,47,8,2,0,0,0,0,0,1,1,3,,,,,,,,,,,,,,,,,2015,9,2,18
20338,201501WW50863,528210.0,172250.0,-0.156939,51.434751,1,Slight,1,1,2015-12-10,Thursday,05:00,Wandsworth,E09000032,3,214,6,30.0,3,4,6,0,0.0,0.0,1,1,1,0,0,1,1,E01004481,3,1,12/10/2015,12/10/2015,1,9,0,18,0.0,8,0,10,1,2,1.0,1.0,6,Male,32,26 - 35,-1,-1,-1,-1,1,-1.0,1,1,1,1,32,6,3,0,0,0,0,0,9,1,3,,,,,,,,,,,,,,,,,2015,12,1,5
20344,201501WW50869,527840.0,175560.0,-0.161064,51.464581,1,Slight,2,1,2015-09-26,Saturday,20:08,Wandsworth,E09000032,3,3036,6,30.0,6,4,6,0,0.0,0.0,4,1,1,0,0,1,1,E01004586,3,1,26/09/2015,26/09/2015,1,9,0,18,0.0,8,0,0,0,0,1.0,1.0,6,Male,34,26 - 35,1997,2,4,-1,1,-1.0,2,1,1,1,28,6,3,0,0,0,0,0,3,1,8,,,,,,,,,,,,,,,,,2015,9,1,20
20347,201501WW50872,527910.0,175580.0,-0.160049,51.464745,1,Slight,2,1,2015-10-14,Wednesday,19:30,Wandsworth,E09000032,3,3036,6,30.0,3,4,6,0,0.0,1.0,4,1,1,0,0,1,1,E01004585,3,1,14/10/2015,14/10/2015,1,9,0,9,0.0,8,0,0,0,0,1.0,1.0,6,Male,24,21 - 25,-1,-1,-1,-1,1,-1.0,2,1,1,1,25,5,3,0,0,0,0,0,1,1,5,,,,,,,,,,,,,,,,,2015,10,1,19
20350,201501WW50876,524100.0,173650.0,-0.215544,51.448248,1,Slight,2,1,2015-11-10,Tuesday,19:10,Wandsworth,E09000032,6,0,6,30.0,3,4,6,0,0.0,0.0,1,1,1,0,0,1,1,E01004630,3,1,11/10/2015,11/10/2015,1,2,0,10,0.0,8,0,0,0,0,1.0,1.0,6,Male,25,21 - 25,49,1,-1,-1,1,-1.0,1,1,1,1,25,5,3,0,0,0,0,0,2,1,6,,,,,,,,,,,,,,,,,2015,11,1,19
20352,201501WW50878,523670.0,175790.0,-0.220981,51.467574,1,Slight,2,1,2015-01-10,Saturday,20:00,Wandsworth,E09000032,4,306,6,30.0,3,4,6,0,0.0,0.0,4,1,1,0,0,1,1,E01004606,3,1,01/10/2015,01/10/2015,1,3,0,18,0.0,2,0,0,0,0,1.0,1.0,6,Male,25,21 - 25,125,1,5,-1,1,-1.0,1,1,1,1,25,5,3,0,0,0,0,0,3,1,4,,,,,,,,,,,,,,,,,2015,1,1,20
20354,201501WW50880,525390.0,174680.0,-0.196626,51.45722,1,Slight,2,1,2015-05-10,Sunday,20:05,Wandsworth,E09000032,3,3,6,30.0,0,-1,-1,0,0.0,0.0,4,2,2,0,0,1,1,E01004600,3,1,05/10/2015,05/10/2015,1,5,0,18,2.0,0,0,10,1,5,3.0,1.0,6,Male,28,26 - 35,599,1,6,-1,1,-1.0,1,1,1,1,28,6,3,0,0,0,0,0,5,1,3,,,,,,,,,,,,,,,,,2015,5,1,20
20356,201501WW50882,526560.0,172000.0,-0.180752,51.432875,1,Slight,2,1,2015-10-22,Thursday,20:15,Wandsworth,E09000032,3,217,6,30.0,3,4,5,0,0.0,1.0,4,1,1,0,0,1,1,E01004492,3,1,22/10/2015,22/10/2015,1,9,0,18,0.0,8,0,0,0,0,1.0,1.0,6,Male,30,26 - 35,1769,1,11,-1,1,-1.0,2,1,1,1,29,6,3,0,0,0,0,0,3,1,4,,,,,,,,,,,,,,,,,2015,10,1,20
20365,201501WW50891,527770.0,171120.0,-0.163672,51.424695,1,Slight,1,1,2015-10-24,Saturday,01:45,Wandsworth,E09000032,3,217,6,30.0,3,4,5,0,0.0,0.0,4,1,3,0,0,1,1,E01004528,3,1,24/10/2015,24/10/2015,1,8,0,9,0.0,8,0,0,0,0,1.0,1.0,6,Male,32,26 - 35,2499,2,8,-1,1,-1.0,1,1,3,1,37,7,3,5,1,0,0,2,0,-1,-1,,,,,,,,,,,,,,,,,2015,10,1,1
20369,201501WW50895,527800.0,174550.0,-0.162004,51.455514,1,Slight,2,1,2015-10-25,Sunday,21:45,Wandsworth,E09000032,6,0,6,30.0,3,4,6,0,0.0,0.0,4,1,1,0,0,1,1,E01004558,3,1,25/10/2015,25/10/2015,1,9,0,7,0.0,8,0,0,0,0,3.0,1.0,6,Male,19,16 - 20,1598,1,8,-1,1,-1.0,2,1,1,1,17,4,3,0,0,0,0,0,2,1,2,,,,,,,,,,,,,,,,,2015,10,1,21
20378,201501WW50908,527120.0,176050.0,-0.171247,51.469147,1,Slight,2,1,2015-10-31,Saturday,21:15,Wandsworth,E09000032,5,0,6,30.0,3,4,6,0,0.0,0.0,4,1,1,0,0,1,2,E01004541,3,1,31/10/2015,31/10/2015,1,5,0,18,0.0,8,0,0,0,0,1.0,1.0,6,Male,28,26 - 35,1157,1,14,-1,1,-1.0,1,1,1,1,28,6,3,0,0,0,0,0,5,1,5,,,,,,,,,,,,,,,,,2015,10,1,21
20394,201501WW50924,525720.0,174290.0,-0.192017,51.453642,1,Slight,2,1,2015-01-11,Sunday,22:50,Wandsworth,E09000032,3,217,6,30.0,8,4,6,0,0.0,0.0,4,7,2,0,0,1,1,E01004601,3,1,01/11/2015,01/11/2015,1,4,0,18,0.0,8,0,0,0,0,1.0,1.0,6,Male,26,26 - 35,124,1,11,-1,1,-1.0,1,1,1,1,26,6,3,0,0,0,0,0,4,1,6,,,,,,,,,,,,,,,,,2015,1,1,22
20402,201501WW50932,528330.0,175200.0,-0.154144,51.461235,1,Slight,1,3,2015-10-31,Saturday,22:40,Wandsworth,E09000032,3,3,6,30.0,0,-1,-1,0,0.0,0.0,5,7,2,0,0,1,1,E01004554,3,1,31/10/2015,31/10/2015,1,3,0,16,0.0,0,0,0,0,0,1.0,1.0,6,Male,23,21 - 25,124,1,2,-1,1,-1.0,1,1,1,1,23,5,3,0,0,0,0,0,3,1,4,,,,,,,,,,,,,,,,,2015,10,3,22
20411,201501WW50941,522060.0,172720.0,-0.245206,51.440332,1,Slight,3,1,2015-05-11,Monday,19:18,Wandsworth,E09000032,3,3,3,40.0,0,-1,-1,0,0.0,0.0,4,2,2,0,0,1,1,E01004573,3,1,05/11/2015,05/11/2015,1,9,0,4,0.0,0,0,0,0,0,2.0,1.0,6,Male,23,21 - 25,1242,1,6,-1,1,-1.0,2,1,1,1,19,4,3,0,0,0,0,0,9,1,5,,,,,,,,,,,,,,,,,2015,5,1,19
20414,201501WW50944,525360.0,173080.0,-0.197624,51.442848,1,Slight,2,1,2015-11-14,Saturday,05:50,Wandsworth,E09000032,3,218,6,30.0,3,4,6,0,0.0,0.0,1,1,1,0,0,1,1,E01004598,3,1,14/11/2015,14/11/2015,1,9,0,4,0.0,8,0,0,0,0,2.0,1.0,6,Male,34,26 - 35,1991,1,13,-1,1,-1.0,1,1,1,1,34,6,3,0,0,0,0,0,9,1,4,,,,,,,,,,,,,,,,,2015,11,1,5
20422,201501WW50952,527500.0,176450.0,-0.165635,51.472656,1,Slight,2,1,2015-10-30,Friday,19:20,Wandsworth,E09000032,3,3220,6,30.0,6,4,6,0,0.0,0.0,4,1,1,0,0,1,1,E01004579,3,1,30/10/2015,30/10/2015,1,9,0,9,0.0,8,0,0,0,0,4.0,1.0,1,Female,22,21 - 25,1390,1,3,-1,1,-1.0,2,1,1,1,42,7,3,0,0,0,0,0,1,1,8,,,,,,,,,,,,,,,,,2015,10,1,19
20424,201501WW50954,526200.0,175160.0,-0.184802,51.461354,1,Slight,1,1,2015-04-11,Saturday,18:48,Wandsworth,E09000032,3,214,6,30.0,0,-1,-1,0,0.0,4.0,4,1,1,0,0,1,1,E01004514,3,1,04/11/2015,04/11/2015,1,3,0,18,0.0,0,0,0,0,0,1.0,1.0,6,Male,24,21 - 25,124,1,8,-1,1,-1.0,1,1,3,2,21,5,3,1,3,0,0,2,0,1,5,,,,,,,,,,,,,,,,,2015,4,1,18
20426,201501WW50956,524420.0,174720.0,-0.210566,51.457794,1,Slight,2,1,2015-05-11,Monday,18:43,Wandsworth,E09000032,5,0,6,30.0,3,4,6,0,0.0,0.0,4,1,2,0,0,1,1,E01004503,3,1,05/11/2015,05/11/2015,1,3,0,18,0.0,8,0,0,0,0,1.0,1.0,6,Male,24,21 - 25,124,1,-1,-1,1,-1.0,1,1,1,1,24,5,3,0,0,0,0,0,3,1,4,,,,,,,,,,,,,,,,,2015,5,1,18
20433,201501WW50963,527170.0,175350.0,-0.170779,51.462845,1,Slight,2,1,2015-06-11,Thursday,18:13,Wandsworth,E09000032,3,3036,6,30.0,0,-1,-1,0,0.0,0.0,4,1,1,0,0,1,1,E01004551,3,1,06/11/2015,06/11/2015,1,5,0,18,0.0,0,0,0,0,0,2.0,1.0,6,Male,35,26 - 35,999,1,6,-1,1,-1.0,1,1,1,1,35,6,3,0,0,0,0,0,5,1,6,,,,,,,,,,,,,,,,,2015,6,1,18
20439,201501WW50969,528690.0,176890.0,-0.14835,51.476341,1,Slight,2,1,2015-11-11,Wednesday,19:20,Wandsworth,E09000032,3,3205,6,30.0,6,2,3,3216,0.0,5.0,4,1,1,0,0,1,1,E01033100,3,1,11/11/2015,11/11/2015,1,9,0,17,0.0,8,0,0,0,0,1.0,1.0,6,Male,26,26 - 35,2495,2,13,-1,1,-1.0,2,1,1,1,60,9,3,0,0,0,0,0,1,1,7,,,,,,,,,,,,,,,,,2015,11,1,19
20447,201501WW50978,528470.0,176280.0,-0.151738,51.470909,1,Slight,2,1,2015-11-23,Monday,22:20,Wandsworth,E09000032,6,0,6,30.0,0,-1,-1,0,0.0,0.0,4,1,1,0,0,1,2,E01004565,3,1,23/11/2015,23/11/2015,1,3,0,18,0.0,0,0,0,0,0,1.0,1.0,6,Male,27,26 - 35,124,1,6,-1,1,-1.0,1,1,1,1,27,6,3,0,0,0,0,0,3,1,3,,,,,,,,,,,,,,,,,2015,11,1,22
20449,201501WW50980,527220.0,171060.0,-0.1716,51.42428,1,Slight,2,1,2015-11-18,Wednesday,02:07,Wandsworth,E09000032,3,24,6,30.0,3,4,3,24,0.0,0.0,4,1,1,4,0,1,1,E01004526,3,1,18/11/2015,18/11/2015,1,9,0,18,0.0,8,0,0,0,0,1.0,1.0,6,Male,30,26 - 35,1968,2,1,-1,1,-1.0,1,1,1,1,30,6,3,0,0,0,0,0,9,1,3,,,,,,,,,,,,,,,,,2015,11,1,2
20468,201501WW51000,525960.0,173090.0,-0.188991,51.442805,1,Slight,1,1,2015-11-20,Friday,23:15,Wandsworth,E09000032,3,217,6,30.0,6,2,5,0,0.0,5.0,4,2,2,0,0,1,1,E01004496,3,1,20/11/2015,20/11/2015,1,8,0,5,0.0,8,0,0,0,0,1.0,1.0,1,Male,35,26 - 35,1968,2,5,-1,1,-1.0,1,1,3,1,66,10,3,1,1,0,0,2,0,1,10,,,,,,,,,,,,,,,,,2015,11,1,23
20474,201501WW51007,527740.0,175770.0,-0.162427,51.466491,1,Slight,2,1,2015-11-25,Wednesday,22:17,Wandsworth,E09000032,3,3220,6,30.0,6,4,6,0,0.0,1.0,4,1,1,0,0,1,1,E01004585,3,1,25/11/2015,25/11/2015,1,9,0,9,0.0,8,0,0,0,0,3.0,1.0,6,Female,30,26 - 35,1299,1,11,-1,-1,-1.0,2,1,1,1,47,8,3,0,0,0,0,0,3,1,2,,,,,,,,,,,,,,,,,2015,11,1,22
20475,201501WW51008,529450.0,177510.0,-0.137186,51.48174,1,Slight,1,1,2015-11-30,Monday,04:46,Wandsworth,E09000032,3,3205,6,30.0,0,-1,-1,0,0.0,0.0,4,2,2,0,0,1,1,E01004562,3,1,30/11/2015,30/11/2015,1,9,0,18,0.0,0,2,10,1,2,1.0,1.0,6,Female,22,21 - 25,1995,1,4,-1,1,-1.0,1,1,1,2,22,5,3,0,0,0,0,0,9,1,3,,,,,,,,,,,,,,,,,2015,11,1,4
20492,201501WW51027,528390.0,173070.0,-0.154053,51.44208,1,Slight,2,1,2015-01-12,Monday,18:40,Wandsworth,E09000032,3,24,6,30.0,3,4,6,0,0.0,4.0,4,1,1,0,0,1,2,E01004485,3,1,01/12/2015,01/12/2015,1,9,0,3,0.0,2,0,0,0,0,2.0,1.0,6,Female,22,21 - 25,1197,1,2,-1,1,-1.0,1,1,1,2,22,5,3,0,0,0,0,0,9,1,4,,,,,,,,,,,,,,,,,2015,1,1,18
20494,201501WW51030,524800.0,173070.0,-0.20568,51.442881,1,Slight,3,2,2015-11-12,Thursday,23:15,Wandsworth,E09000032,6,0,6,30.0,3,4,6,0,0.0,0.0,4,2,2,0,0,1,1,E01004596,3,1,11/12/2015,11/12/2015,1,9,0,18,0.0,8,0,0,0,0,1.0,1.0,6,Male,20,16 - 20,1596,1,10,-1,1,-1.0,1,1,1,1,20,4,3,0,0,0,0,0,9,1,2,,,,,,,,,,,,,,,,,2015,11,2,23
20496,201501WW51032,524060.0,174040.0,-0.215983,51.451761,1,Slight,1,2,2015-11-30,Monday,19:15,Wandsworth,E09000032,3,3,6,30.0,0,-1,-1,0,0.0,0.0,4,1,1,0,0,1,2,E01004628,3,1,30/11/2015,30/11/2015,1,5,0,18,0.0,0,0,0,0,0,1.0,1.0,6,Male,33,26 - 35,1293,1,2,-1,1,-1.0,1,1,1,1,33,6,3,0,0,0,0,0,5,1,8,,,,,,,,,,,,,,,,,2015,11,2,19
20504,201501WW51040,529780.0,177690.0,-0.132371,51.483282,1,Slight,2,1,2015-09-12,Saturday,21:50,Wandsworth,E09000032,3,3205,6,30.0,3,2,6,0,0.0,5.0,4,1,1,0,0,1,1,E01004562,3,1,09/12/2015,09/12/2015,1,5,0,18,0.0,8,0,0,0,0,1.0,1.0,6,Male,35,26 - 35,1052,1,14,-1,1,-1.0,1,1,1,1,35,6,3,0,0,0,0,0,5,1,7,,,,,,,,,,,,,,,,,2015,9,1,21
20515,201501WW51053,528390.0,176900.0,-0.152664,51.476499,1,Slight,2,1,2015-11-29,Sunday,19:58,Wandsworth,E09000032,5,0,6,30.0,3,4,6,0,0.0,0.0,4,5,2,0,0,1,1,E01004566,3,1,29/11/2015,29/11/2015,1,9,0,18,0.0,8,0,0,0,0,1.0,1.0,6,Female,28,26 - 35,2685,2,13,-1,1,-1.0,2,1,1,1,65,9,3,0,0,0,0,0,1,1,5,,,,,,,,,,,,,,,,,2015,11,1,19
20535,201501WW51074,527890.0,171700.0,-0.161738,51.429881,1,Slight,2,1,2015-12-19,Saturday,18:10,Wandsworth,E09000032,6,0,6,30.0,0,-1,-1,0,0.0,0.0,4,1,1,0,0,1,1,E01004531,3,1,19/12/2015,19/12/2015,1,8,0,2,0.0,0,0,0,0,0,4.0,1.0,1,Male,26,26 - 35,1395,1,1,-1,1,-1.0,1,1,3,1,26,6,3,9,9,0,0,2,0,1,4,,,,,,,,,,,,,,,,,2015,12,1,18
20537,201501WW51076,525910.0,173650.0,-0.189511,51.447848,1,Slight,2,1,2015-12-13,Sunday,20:30,Wandsworth,E09000032,3,217,6,30.0,3,4,6,0,0.0,0.0,4,1,1,0,0,1,1,E01004494,3,1,13/12/2015,13/12/2015,1,3,0,13,0.0,8,0,0,0,0,1.0,1.0,6,Male,18,16 - 20,108,1,3,-1,1,-1.0,1,1,1,1,18,4,3,0,0,0,0,0,3,1,2,,,,,,,,,,,,,,,,,2015,12,1,20
20545,201501WW51085,527950.0,170670.0,-0.161247,51.420611,1,Slight,2,1,2015-12-12,Saturday,20:07,Wandsworth,E09000032,3,217,6,30.0,3,4,5,0,0.0,0.0,4,1,1,0,0,1,1,E01003393,3,1,12/12/2015,12/12/2015,1,3,0,2,0.0,8,0,0,0,0,1.0,1.0,6,Male,35,26 - 35,125,1,6,-1,1,-1.0,1,1,1,1,35,6,3,0,0,0,0,0,3,1,3,,,,,,,,,,,,,,,,,2015,12,1,20
20554,201501WW51096,529210.0,170970.0,-0.143027,51.423021,1,Slight,1,1,2015-12-22,Tuesday,23:00,Wandsworth,E09000032,3,216,6,30.0,0,-1,-1,0,0.0,0.0,4,2,2,0,0,1,1,E01004517,3,1,22/12/2015,22/12/2015,1,9,0,18,0.0,0,0,0,1,10,4.0,1.0,2,Female,19,16 - 20,1198,1,4,-1,1,-1.0,1,1,1,2,19,4,3,0,0,0,0,0,9,1,4,,,,,,,,,,,,,,,,,2015,12,1,23
20564,201501WW59057,526170.0,173400.0,-0.185861,51.445544,1,Slight,1,1,2015-12-31,Thursday,00:02,Wandsworth,E09000032,4,234,6,30.0,3,4,6,0,0.0,0.0,4,2,2,0,0,1,1,E01004493,3,1,31/12/2015,31/12/2015,1,9,0,9,0.0,8,1,10,3,10,1.0,1.0,6,Male,21,21 - 25,1398,1,5,-1,1,-1.0,1,1,2,1,22,5,3,0,0,1,0,0,9,1,2,,,,,,,,,,,,,,,,,2015,12,1,0
20565,201501WW59062,527980.0,171240.0,-0.16061,51.425726,1,Slight,2,1,2015-12-30,Wednesday,19:20,Wandsworth,E09000032,6,0,6,30.0,3,4,6,0,0.0,0.0,4,2,2,0,0,1,1,E01004527,3,1,30/12/2015,30/12/2015,1,3,0,7,0.0,8,0,0,0,0,1.0,1.0,1,Male,31,26 - 35,108,1,-1,-1,-1,-1.0,1,1,1,1,31,6,3,0,0,0,0,0,3,-1,-1,,,,,,,,,,,,,,,,,2015,12,1,19
20568,201501XD80001,511290.0,182800.0,-0.396921,51.533147,1,Slight,2,1,2015-02-01,Sunday,22:50,Ealing,E09000009,6,0,3,30.0,3,2,5,0,0.0,5.0,4,1,1,0,0,1,1,E01001331,3,1,02/01/2015,02/01/2015,1,9,0,9,0.0,8,0,0,0,0,1.0,1.0,6,Female,35,26 - 35,-1,-1,-1,-1,1,-1.0,1,1,1,2,35,6,3,0,0,0,0,0,9,1,3,,,,,,,,,,,,,,,,,2015,2,1,22
20576,201501XD80015,514530.0,182260.0,-0.350406,51.527647,1,Slight,1,1,2015-12-01,Tuesday,18:40,Ealing,E09000009,6,0,6,30.0,0,-1,-1,0,0.0,0.0,4,5,2,0,0,1,1,E01001261,3,1,12/01/2015,12/01/2015,1,9,0,18,0.0,0,0,0,0,0,1.0,1.0,4,Male,33,26 - 35,1995,2,4,-1,1,-1.0,1,1,3,1,39,7,3,5,1,0,0,2,0,1,4,,,,,,,,,,,,,,,,,2015,12,1,18
20584,201501XD80027,518530.0,182490.0,-0.292694,51.528889,1,Slight,2,1,2015-01-13,Tuesday,18:57,Ealing,E09000009,3,406,3,40.0,3,4,6,0,0.0,4.0,4,2,2,0,0,1,1,E01001278,3,1,13/01/2015,13/01/2015,1,3,0,18,0.0,8,0,0,0,0,1.0,1.0,2,Male,22,21 - 25,125,1,9,-1,1,-1.0,1,1,1,1,22,5,3,0,0,0,0,0,3,1,8,,,,,,,,,,,,,,,,,2015,1,1,18
20585,201501XD80028,515940.0,182940.0,-0.329866,51.533471,1,Slight,2,1,2015-01-13,Tuesday,22:22,Ealing,E09000009,3,40,2,30.0,6,2,4,452,0.0,0.0,4,1,2,0,0,1,1,E01001349,3,1,13/01/2015,13/01/2015,1,2,0,18,0.0,8,0,0,0,0,3.0,1.0,6,Female,28,26 - 35,-1,-1,-1,-1,1,-1.0,2,1,1,1,-1,-1,3,0,0,0,0,0,9,-1,-1,,,,,,,,,,,,,,,,,2015,1,1,22
20590,201501XD80034,515830.0,182390.0,-0.331632,51.52855,1,Serious,1,2,2015-01-14,Wednesday,19:20,Ealing,E09000009,4,455,6,30.0,0,-1,-1,0,0.0,4.0,4,1,1,0,0,1,1,E01001210,2,2,14/01/2015,14/01/2015,1,3,0,18,0.0,0,0,0,0,0,1.0,1.0,6,Male,35,26 - 35,244,1,7,-1,1,-1.0,1,1,1,1,35,6,3,0,0,0,0,0,3,1,7,,,,,,,,,,,,,,,,,2015,1,4,19
20600,201501XD80046,511580.0,183090.0,-0.39265,51.535697,1,Slight,1,1,2015-12-01,Tuesday,19:00,Ealing,E09000009,6,0,6,30.0,3,4,6,0,0.0,0.0,4,1,2,0,0,1,1,E01001327,3,1,12/01/2015,12/01/2015,1,9,0,7,0.0,8,0,0,0,0,1.0,1.0,1,Male,25,21 - 25,1582,2,3,-1,1,-1.0,1,1,3,2,42,7,3,5,1,0,0,2,0,1,7,,,,,,,,,,,,,,,,,2015,12,1,19
20609,201501XD80056,511260.0,183540.0,-0.39712,51.539804,1,Slight,2,1,2015-01-21,Wednesday,19:01,Ealing,E09000009,4,455,6,30.0,3,4,6,0,0.0,0.0,4,1,2,0,0,1,1,E01001327,3,1,21/01/2015,21/01/2015,1,9,0,9,0.0,8,0,0,0,0,3.0,1.0,6,Male,29,26 - 35,1796,1,14,-1,1,-1.0,2,1,1,1,39,7,3,0,0,0,0,0,5,-1,-1,,,,,,,,,,,,,,,,,2015,1,1,19
20616,201501XD80068,512810.0,180980.0,-0.375599,51.516488,1,Slight,1,1,2015-01-29,Thursday,20:42,Ealing,E09000009,5,0,6,30.0,0,-1,-1,0,0.0,0.0,4,1,1,0,0,1,1,E01001297,3,1,29/01/2015,29/01/2015,1,9,0,4,0.0,0,0,0,0,0,4.0,1.0,6,Male,29,26 - 35,1896,2,8,-1,1,-1.0,1,1,3,1,48,8,3,9,5,0,0,2,0,-1,-1,,,,,,,,,,,,,,,,,2015,1,1,20
20626,201501XD80083,514990.0,183130.0,-0.343494,51.535373,1,Slight,3,1,2015-01-30,Friday,19:34,Ealing,E09000009,3,40,3,50.0,0,-1,-1,0,0.0,0.0,4,1,1,0,0,1,1,E01001349,3,1,30/01/2015,30/01/2015,1,9,0,4,0.0,0,0,0,0,0,2.0,1.0,1,Male,30,26 - 35,-1,-1,-1,-1,1,-1.0,2,1,1,1,22,5,3,0,0,0,0,0,3,1,5,,,,,,,,,,,,,,,,,2015,1,1,19
20630,201501XD80087,513120.0,184350.0,-0.370052,51.546715,1,Slight,2,1,2015-04-02,Thursday,18:40,Ealing,E09000009,3,312,6,20.0,3,4,6,0,0.0,8.0,4,2,2,0,0,1,1,E01001323,3,1,04/02/2015,04/02/2015,1,3,0,4,0.0,8,0,0,0,0,0.0,1.0,1,Male,21,21 - 25,124,1,8,-1,1,-1.0,1,1,1,1,21,5,3,0,0,0,0,0,3,1,5,,,,,,,,,,,,,,,,,2015,4,1,18
20636,201501XD80098,512500.0,180410.0,-0.380246,51.511427,1,Slight,2,1,2015-08-02,Sunday,20:18,Ealing,E09000009,3,4020,6,30.0,6,4,6,0,0.0,4.0,4,9,1,0,0,1,1,E01001361,3,1,08/02/2015,08/02/2015,1,9,0,9,0.0,8,0,0,0,0,1.0,1.0,6,Male,33,26 - 35,1242,1,17,-1,1,-1.0,2,1,1,1,27,6,3,0,0,0,0,0,3,1,7,,,,,,,,,,,,,,,,,2015,8,1,20
20640,201501XD80102,521180.0,180120.0,-0.255326,51.507027,1,Slight,2,1,2015-01-29,Thursday,21:00,Ealing,E09000009,6,0,6,30.0,3,4,6,0,0.0,0.0,4,2,2,0,0,1,1,E01001244,3,1,29/01/2015,29/01/2015,1,9,0,5,0.0,8,0,0,0,0,1.0,1.0,1,Male,33,26 - 35,1560,2,2,-1,1,-1.0,1,1,2,2,28,6,3,0,0,1,0,0,9,1,5,,,,,,,,,,,,,,,,,2015,1,1,21
20642,201501XD80104,512820.0,180360.0,-0.375653,51.510914,1,Slight,1,1,2015-08-02,Sunday,20:30,Ealing,E09000009,3,3005,6,30.0,0,-1,-1,0,0.0,5.0,4,2,2,0,0,1,1,E01001361,3,1,08/02/2015,08/02/2015,1,9,0,7,0.0,0,0,0,1,0,4.0,1.0,6,Male,31,26 - 35,2494,1,11,-1,1,-1.0,1,1,3,1,15,3,3,6,9,0,0,2,0,-1,-1,,,,,,,,,,,,,,,,,2015,8,1,20
20646,201501XD80110,519780.0,182200.0,-0.274782,51.526019,1,Slight,2,1,2015-02-15,Sunday,22:35,Ealing,E09000009,3,40,6,40.0,3,2,6,0,0.0,0.0,4,1,1,0,0,1,1,E01001247,3,1,15/02/2015,15/02/2015,1,9,0,5,0.0,8,0,0,0,0,2.0,1.0,6,Female,26,26 - 35,2497,1,10,-1,1,-1.0,2,1,1,1,20,4,3,0,0,0,0,0,9,1,5,,,,,,,,,,,,,,,,,2015,2,1,22
20647,201501XD80111,519740.0,180230.0,-0.276027,51.508323,1,Serious,1,3,2015-12-02,Wednesday,23:21,Ealing,E09000009,3,4000,6,30.0,2,4,3,4020,0.0,0.0,4,1,1,0,0,1,1,E01001351,2,2,12/02/2015,12/02/2015,1,9,0,7,0.0,1,1,10,1,2,1.0,1.0,6,Male,28,26 - 35,-1,-1,-1,-1,1,-1.0,1,1,1,1,28,6,3,0,0,0,0,0,9,1,2,,,,,,,,,,,,,,,,,2015,12,6,23
20651,201501XD80115,521180.0,180070.0,-0.255343,51.506578,1,Slight,2,1,2015-11-02,Monday,23:20,Ealing,E09000009,3,4020,6,30.0,0,-1,-1,0,0.0,0.0,4,1,1,0,0,1,1,E01001381,3,1,11/02/2015,11/02/2015,1,9,0,18,0.0,0,0,0,0,0,4.0,1.0,6,Female,34,26 - 35,998,1,12,-1,1,-1.0,2,1,1,1,25,5,3,0,0,0,0,0,1,1,1,,,,,,,,,,,,,,,,,2015,11,1,23
20652,201501XD80116,520390.0,180260.0,-0.266655,51.508454,1,Slight,1,1,2015-02-13,Friday,18:50,Ealing,E09000009,5,0,6,30.0,3,4,6,0,0.0,0.0,4,1,1,0,0,1,1,E01001203,3,1,13/02/2015,13/02/2015,1,9,0,9,0.0,8,0,0,0,0,3.0,1.0,6,Male,25,21 - 25,1968,2,4,-1,1,-1.0,1,1,3,2,53,8,3,5,3,0,0,2,0,1,3,,,,,,,,,,,,,,,,,2015,2,1,18
20657,201501XD80124,515940.0,182800.0,-0.329912,51.532213,1,Slight,1,1,2015-02-14,Saturday,00:30,Ealing,E09000009,4,452,6,30.0,0,-1,-1,0,0.0,0.0,4,2,2,0,0,1,1,E01001349,3,1,14/02/2015,14/02/2015,1,9,0,4,0.0,0,0,10,1,2,1.0,1.0,6,Male,24,21 - 25,1868,2,15,-1,1,-1.0,1,1,1,1,24,5,3,0,0,0,0,0,9,1,7,,,,,,,,,,,,,,,,,2015,2,1,0
20658,201501XD80125,518520.0,182710.0,-0.292764,51.530869,1,Serious,2,1,2015-01-26,Monday,19:48,Ealing,E09000009,3,406,2,30.0,3,4,5,0,0.0,4.0,4,1,1,0,0,1,1,E01001278,2,2,26/01/2015,26/01/2015,1,9,0,7,0.0,8,0,0,0,0,2.0,1.0,1,Male,35,26 - 35,1783,1,13,-1,1,-1.0,2,1,1,1,31,6,2,0,0,0,0,0,3,1,6,,,,,,,,,,,,,,,,,2015,1,2,19