,accident_index,location_easting_osgr,location_northing_osgr,longitude,latitude,police_force,accident_severity,number_of_vehicles,number_of_casualties,date,day_of_week,time,local_authority_district,local_authority_highway,first_road_class,first_road_number,road_type,speed_limit,junction_detail,junction_control,second_road_class,second_road_number,pedestrian_crossing-human_control,pedestrian_crossing-physical_facilities,light_conditions,weather_conditions,road_surface_conditions,special_conditions_at_site,carriageway_hazards,urban_or_rural_area,did_police_officer_attend_scene_of_accident,lsoa_of_accident_location,accident_severity_num,accident_severity_inv,date2,date_original,vehicle_reference_x,vehicle_type,towing_and_articulation,vehicle_manoeuvre,vehicle_location-restricted_lane,junction_location,skidding_and_overturning,hit_object_in_carriageway,vehicle_leaving_carriageway,hit_object_off_carriageway,1st_point_of_impact,was_vehicle_left_hand_drive?,journey_purpose_of_driver,sex_of_driver,age_of_driver,age_band_of_driver,engine_capacity_cc,propulsion_code,age_of_vehicle,driver_imd_decile,driver_home_area_type,vehicle_imd_decile,vehicle_reference_y,casualty_reference,casualty_class,sex_of_casualty,age_of_casualty,age_band_of_casualty,casualty_severity,pedestrian_location,pedestrian_movement,car_passenger,bus_or_coach_passenger,pedestrian_road_maintenance_worker,casualty_type,casualty_home_area_type,casualty_imd_decile,accident_year_x,accident_reference_x,local_authority_ons_district,pedestrian_crossing_human_control,pedestrian_crossing_physical_facilities,trunk_road_flag,accident_year_y,accident_reference_y,vehicle_direction_from,vehicle_direction_to,vehicle_location_restricted_lane,first_point_of_impact,vehicle_left_hand_drive,generic_make_model,accident_year,accident_reference,year,month,severity,hours
21336,201501XD80905,512310.0,179060.0,-0.383412,51.499331,1,Slight,2,1,2015-11-10,Tuesday,00:10,Ealing,E09000009,5,0,6,30.0,6,2,5,0,0.0,5.0,4,1,1,0,0,1,1,E01001367,3,1,11/10/2015,11/10/2015,1,9,0,18,0.0,8,0,0,0,0,3.0,1.0,6,Male,31,26 - 35,-1,-1,-1,-1,1,-1.0,1,1,2,2,27,6,3,0,0,1,0,0,9,-1,-1,,,,,,,,,,,,,,,,,2015,11,1,0
21347,201501XD80921,516230.0,179980.0,-0.326662,51.506808,1,Slight,2,1,2015-10-15,Thursday,20:32,Ealing,E09000009,6,0,6,30.0,6,4,6,0,0.0,0.0,4,1,1,0,0,1,1,E01001383,3,1,15/10/2015,15/10/2015,1,9,0,18,0.0,8,0,10,3,4,4.0,1.0,6,Male,25,21 - 25,1229,1,10,-1,1,-1.0,1,1,1,1,25,5,3,0,0,0,0,0,9,1,7,,,,,,,,,,,,,,,,,2015,10,1,20
21348,201501XD80923,518710.0,180020.0,-0.290932,51.506652,1,Slight,2,1,2015-10-21,Wednesday,21:30,Ealing,E09000009,3,406,6,30.0,3,4,6,0,0.0,0.0,4,1,1,0,0,1,1,E01001231,3,1,21/10/2015,21/10/2015,1,9,0,18,0.0,8,0,0,0,0,3.0,1.0,1,Male,33,26 - 35,1753,2,6,-1,1,-1.0,1,1,1,1,33,6,3,0,0,0,0,0,9,1,9,,,,,,,,,,,,,,,,,2015,10,1,21
21358,201501XD80934,511930.0,183400.0,-0.387508,51.538414,1,Serious,2,1,2015-10-27,Tuesday,23:35,Ealing,E09000009,3,312,3,30.0,9,4,6,0,0.0,0.0,4,1,2,0,0,1,1,E01001328,2,2,27/10/2015,27/10/2015,1,9,0,18,0.0,8,0,0,0,0,4.0,1.0,2,Female,28,26 - 35,1598,2,4,-1,1,-1.0,1,1,3,1,49,8,2,9,8,0,0,2,0,1,6,,,,,,,,,,,,,,,,,2015,10,2,23
21361,201501XD80938,512810.0,180930.0,-0.375615,51.516039,1,Slight,1,1,2015-10-24,Saturday,19:34,Ealing,E09000009,5,0,6,30.0,6,4,5,0,0.0,0.0,4,1,1,0,0,1,1,E01001297,3,1,24/10/2015,24/10/2015,1,2,0,9,0.0,8,0,0,1,0,1.0,1.0,1,Male,34,26 - 35,-1,-1,-1,-1,1,-1.0,1,1,3,2,81,11,3,5,1,0,0,2,0,-1,-1,,,,,,,,,,,,,,,,,2015,10,1,19
21363,201501XD80941,519230.0,179460.0,-0.283632,51.50151,1,Slight,2,1,2015-10-25,Sunday,18:25,Ealing,E09000009,3,4000,6,30.0,0,-1,-1,0,0.0,0.0,4,1,1,0,0,1,2,E01001231,3,1,25/10/2015,25/10/2015,1,3,0,14,0.0,0,0,0,0,0,1.0,1.0,2,Male,26,26 - 35,998,1,6,-1,1,-1.0,1,1,1,1,26,6,3,0,0,0,0,0,3,1,3,,,,,,,,,,,,,,,,,2015,10,1,18
21373,201501XD80953,512210.0,180420.0,-0.38442,51.511574,1,Slight,3,1,2015-10-16,Friday,21:25,Ealing,E09000009,6,0,6,30.0,0,-1,-1,0,0.0,0.0,4,1,2,0,0,1,1,E01001359,3,1,16/10/2015,16/10/2015,1,9,0,18,0.0,0,0,4,0,0,4.0,1.0,6,Female,20,16 - 20,999,1,-1,-1,1,-1.0,1,1,2,1,20,4,3,0,0,1,0,0,9,1,7,,,,,,,,,,,,,,,,,2015,10,1,21
21376,201501XD80956,516250.0,185010.0,-0.324716,51.552011,1,Slight,4,1,2015-01-11,Sunday,03:00,Ealing,E09000009,3,4090,6,30.0,0,-1,-1,0,0.0,0.0,4,7,2,0,0,1,1,E01001313,3,1,01/11/2015,01/11/2015,1,9,0,18,0.0,0,0,7,0,0,1.0,1.0,6,Male,25,21 - 25,1968,1,9,-1,1,-1.0,1,1,1,1,25,5,3,0,0,0,0,0,9,1,7,,,,,,,,,,,,,,,,,2015,1,1,3
21380,201501XD80960,521320.0,182010.0,-0.252659,51.523983,1,Slight,1,1,2015-10-28,Wednesday,20:10,Ealing,E09000009,5,0,6,30.0,0,-1,-1,0,0.0,8.0,4,1,1,0,0,1,1,E01001239,3,1,28/10/2015,28/10/2015,1,9,0,18,0.0,0,0,0,0,0,4.0,1.0,2,Male,33,26 - 35,5462,1,8,-1,1,-1.0,1,1,3,2,21,5,3,5,1,0,0,2,0,1,3,,,,,,,,,,,,,,,,,2015,10,1,20
21382,201501XD80963,514730.0,183050.0,-0.347267,51.534706,1,Slight,1,1,2015-06-10,Wednesday,20:27,Ealing,E09000009,3,4127,6,30.0,0,-1,-1,0,0.0,1.0,4,2,2,0,0,1,1,E01001267,3,1,06/10/2015,06/10/2015,1,9,0,18,0.0,0,0,0,0,0,1.0,1.0,2,Male,27,26 - 35,2720,2,8,-1,1,-1.0,1,1,3,1,47,8,3,1,1,0,0,2,0,1,3,,,,,,,,,,,,,,,,,2015,6,1,20
21387,201501XD80968,520210.0,180950.0,-0.269013,51.514694,1,Slight,2,1,2015-03-11,Wednesday,19:51,Ealing,E09000009,3,4000,6,30.0,3,4,6,0,0.0,0.0,4,1,1,0,0,1,1,E01001199,3,1,03/11/2015,03/11/2015,1,9,0,13,0.0,2,0,0,0,0,3.0,1.0,6,Male,25,21 - 25,1229,1,4,-1,1,-1.0,2,1,1,1,35,6,3,0,0,0,0,0,3,1,3,,,,,,,,,,,,,,,,,2015,3,1,19
21399,201501XD80982,514340.0,181950.0,-0.353244,51.524899,1,Slight,2,1,2015-05-11,Monday,19:45,Ealing,E09000009,3,4127,6,30.0,3,4,6,0,0.0,0.0,4,1,1,0,0,1,1,E01001261,3,1,05/11/2015,05/11/2015,1,9,0,11,0.0,8,0,0,0,0,4.0,1.0,6,Male,18,16 - 20,1390,1,3,-1,1,-1.0,2,1,1,1,25,5,3,0,0,0,0,0,3,1,2,,,,,,,,,,,,,,,,,2015,5,1,19
21407,201501XD80992,513470.0,183590.0,-0.365251,51.539814,1,Slight,2,1,2015-11-11,Wednesday,18:10,Ealing,E09000009,3,40,3,50.0,0,-1,-1,0,0.0,0.0,4,1,1,0,0,1,1,E01001265,3,1,11/11/2015,11/11/2015,1,9,0,18,0.0,0,0,0,0,0,2.0,1.0,6,Female,34,26 - 35,1986,2,8,-1,1,-1.0,1,1,1,2,34,6,3,0,0,0,0,0,9,1,5,,,,,,,,,,,,,,,,,2015,11,1,18
21410,201501XD80995,512940.0,182240.0,-0.373323,51.527787,1,Slight,3,1,2015-10-26,Monday,20:12,Ealing,E09000009,5,0,6,30.0,3,4,6,0,0.0,0.0,4,1,1,0,0,1,1,E01001294,3,1,26/10/2015,26/10/2015,1,9,0,2,0.0,8,0,0,0,0,2.0,1.0,1,Male,23,21 - 25,-1,-1,-1,-1,1,-1.0,1,1,1,1,23,5,3,0,0,0,0,0,9,1,5,,,,,,,,,,,,,,,,,2015,10,1,20
21426,201501XD81012,512300.0,179070.0,-0.383553,51.499423,1,Slight,2,1,2015-10-23,Friday,22:40,Ealing,E09000009,5,0,6,30.0,6,4,5,0,0.0,1.0,4,1,1,0,0,1,2,E01001367,3,1,23/10/2015,23/10/2015,1,9,0,18,0.0,8,0,0,1,0,3.0,1.0,6,Male,22,21 - 25,1229,1,10,-1,1,-1.0,1,1,1,1,22,5,3,0,0,0,0,0,9,1,2,,,,,,,,,,,,,,,,,2015,10,1,22
21441,201501XD81028,512920.0,180360.0,-0.374213,51.510894,1,Slight,2,1,2015-11-19,Thursday,23:10,Ealing,E09000009,3,4020,6,30.0,3,4,6,0,0.0,0.0,4,2,2,0,0,1,1,E01001361,3,1,19/11/2015,19/11/2015,1,9,0,9,0.0,8,0,0,0,0,1.0,1.0,6,Male,33,26 - 35,-1,-1,-1,-1,1,-1.0,2,1,1,1,-1,-1,3,0,0,0,0,0,5,1,3,,,,,,,,,,,,,,,,,2015,11,1,23
21443,201501XD81030,514230.0,179670.0,-0.355567,51.504429,1,Slight,2,2,2015-11-21,Saturday,01:35,Ealing,E09000009,3,4127,6,30.0,0,-1,-1,0,0.0,0.0,4,1,1,0,0,1,1,E01001339,3,1,21/11/2015,21/11/2015,1,9,0,18,0.0,0,0,0,0,0,3.0,1.0,6,Male,30,26 - 35,1598,1,4,-1,1,-1.0,1,1,1,1,30,6,3,0,0,0,0,0,9,1,4,,,,,,,,,,,,,,,,,2015,11,2,1
21449,201501XD81037,521070.0,182140.0,-0.256217,51.525205,1,Slight,2,1,2015-11-18,Wednesday,18:50,Ealing,E09000009,3,4000,6,30.0,0,-1,-1,0,0.0,1.0,4,2,2,0,0,1,2,E01001239,3,1,18/11/2015,18/11/2015,1,3,0,9,0.0,0,0,0,0,0,1.0,1.0,2,Male,34,26 - 35,125,1,-1,-1,1,-1.0,1,1,1,1,34,6,3,0,0,0,0,0,3,1,1,,,,,,,,,,,,,,,,,2015,11,1,18
21450,201501XD81038,514820.0,183210.0,-0.345918,51.536126,1,Slight,2,2,2015-11-15,Sunday,21:45,Ealing,E09000009,3,4127,1,30.0,1,2,3,4127,0.0,5.0,4,1,1,0,0,1,2,E01001267,3,1,15/11/2015,15/11/2015,1,9,0,12,0.0,8,0,0,0,0,3.0,1.0,6,Female,27,26 - 35,3311,8,9,-1,1,-1.0,1,2,2,1,19,4,3,0,0,1,0,0,9,1,4,,,,,,,,,,,,,,,,,2015,11,2,21
21454,201501XD81044,519120.0,179400.0,-0.285236,51.500994,1,Slight,2,1,2015-11-11,Wednesday,18:30,Ealing,E09000009,3,406,3,30.0,6,2,4,4491,0.0,5.0,4,1,1,0,0,1,2,E01001231,3,1,11/11/2015,11/11/2015,1,9,0,9,0.0,8,0,0,0,0,4.0,1.0,6,Male,31,26 - 35,2497,1,10,-1,1,-1.0,1,1,1,1,31,6,3,0,0,0,0,0,9,1,5,,,,,,,,,,,,,,,,,2015,11,1,18
21471,201501XD81063,511680.0,179040.0,-0.392491,51.499276,1,Slight,4,3,2015-11-26,Thursday,19:13,Ealing,E09000009,6,0,6,30.0,0,-1,-1,0,0.0,0.0,4,1,1,0,0,1,1,E01001368,3,1,26/11/2015,26/11/2015,1,9,0,18,0.0,0,0,0,0,0,3.0,1.0,6,Female,27,26 - 35,-1,-1,-1,-1,2,-1.0,1,1,1,2,27,6,3,0,0,0,0,0,9,2,8,,,,,,,,,,,,,,,,,2015,11,3,19
21473,201501XD81065,512930.0,180360.0,-0.374069,51.510892,1,Slight,1,2,2015-11-17,Tuesday,18:06,Ealing,E09000009,3,4020,6,30.0,3,4,6,0,0.0,4.0,4,4,1,0,0,1,1,E01001361,3,1,17/11/2015,17/11/2015,1,3,0,13,0.0,1,0,0,0,0,1.0,1.0,6,Male,28,26 - 35,124,1,-1,-1,1,-1.0,1,1,1,1,28,6,3,0,0,0,0,0,3,1,3,,,,,,,,,,,,,,,,,2015,11,2,18
21475,201501XD81067,520690.0,181890.0,-0.261777,51.52304,1,Serious,2,1,2015-11-26,Thursday,18:00,Ealing,E09000009,3,4000,6,30.0,3,4,5,0,0.0,0.0,4,1,1,0,0,1,1,E01001238,2,2,26/11/2015,26/11/2015,1,9,0,16,0.0,8,0,0,0,0,4.0,1.0,6,Male,23,21 - 25,1298,1,13,-1,1,-1.0,2,1,1,1,49,8,2,0,0,0,0,0,1,1,7,,,,,,,,,,,,,,,,,2015,11,2,18
21478,201501XD81071,513240.0,178790.0,-0.370107,51.496719,1,Slight,2,1,2015-11-29,Sunday,00:45,Ealing,E09000009,6,0,6,30.0,3,4,6,0,0.0,0.0,4,8,2,0,0,1,2,E01001335,3,1,29/11/2015,29/11/2015,1,9,0,17,0.0,8,0,0,0,0,3.0,1.0,6,Male,31,26 - 35,1968,2,3,-1,1,-1.0,1,1,1,1,31,6,3,0,0,0,0,0,9,1,3,,,,,,,,,,,,,,,,,2015,11,1,0
21481,201501XD81074,521690.0,180090.0,-0.247991,51.506648,1,Slight,2,1,2015-11-30,Monday,22:14,Ealing,E09000009,3,4020,6,30.0,3,4,6,0,0.0,0.0,4,2,2,0,0,1,1,E01001245,3,1,30/11/2015,30/11/2015,1,9,0,9,0.0,8,0,0,0,0,1.0,1.0,6,Male,24,21 - 25,1198,1,11,-1,1,-1.0,2,1,1,1,32,6,3,0,0,0,0,0,3,1,5,,,,,,,,,,,,,,,,,2015,11,1,22
21483,201501XD81077,517070.0,180540.0,-0.314379,51.511668,1,Slight,2,1,2015-11-28,Saturday,21:35,Ealing,E09000009,3,4020,6,30.0,3,4,6,0,0.0,0.0,4,2,2,0,0,1,1,E01001388,3,1,28/11/2015,28/11/2015,1,3,0,18,0.0,8,0,0,0,0,1.0,1.0,6,Male,20,16 - 20,-1,-1,-1,-1,1,-1.0,1,1,1,1,20,4,3,0,0,0,0,0,3,1,3,,,,,,,,,,,,,,,,,2015,11,1,21
21486,201501XD81080,515460.0,180880.0,-0.337457,51.515055,1,Slight,2,1,2015-11-30,Monday,19:50,Ealing,E09000009,5,0,6,30.0,6,4,6,0,0.0,0.0,4,2,2,0,0,1,1,E01001290,3,1,30/11/2015,30/11/2015,1,3,0,18,0.0,8,0,0,0,0,1.0,1.0,6,Male,19,16 - 20,125,1,3,-1,1,-1.0,1,1,1,1,19,4,3,0,0,0,0,0,3,1,6,,,,,,,,,,,,,,,,,2015,11,1,19
21488,201501XD81082,512940.0,178730.0,-0.374446,51.49624,1,Slight,2,1,2015-11-18,Wednesday,21:15,Ealing,E09000009,3,3005,6,30.0,3,4,6,0,0.0,0.0,4,5,2,0,0,1,2,E01001336,3,1,18/11/2015,18/11/2015,1,9,0,18,0.0,8,0,0,0,0,2.0,1.0,6,Male,28,26 - 35,1248,2,4,-1,1,-1.0,1,1,1,1,28,6,3,0,0,0,0,0,9,1,3,,,,,,,,,,,,,,,,,2015,11,1,21
21503,201501XD81098,511790.0,183230.0,-0.389579,51.536913,1,Slight,1,1,2015-05-12,Tuesday,19:47,Ealing,E09000009,3,312,3,30.0,0,-1,-1,0,0.0,4.0,4,1,1,0,0,1,1,E01001328,3,1,05/12/2015,05/12/2015,1,9,0,18,0.0,0,0,0,0,0,1.0,1.0,6,Male,20,16 - 20,1995,1,8,-1,1,-1.0,1,1,3,1,31,6,3,1,1,0,0,2,0,1,2,,,,,,,,,,,,,,,,,2015,5,1,19
21508,201501XD81103,511620.0,183120.0,-0.392064,51.535958,1,Slight,2,2,2015-12-12,Saturday,19:58,Ealing,E09000009,6,0,6,30.0,3,4,6,0,0.0,0.0,4,1,1,0,0,1,1,,3,1,12/12/2015,12/12/2015,1,9,0,18,0.0,8,0,0,0,0,1.0,1.0,6,Female,32,26 - 35,1598,1,9,-1,1,-1.0,1,1,1,2,32,6,3,0,0,0,0,0,9,1,2,,,,,,,,,,,,,,,,,2015,12,2,19
21510,201501XD81105,516890.0,182870.0,-0.316199,51.532646,1,Slight,2,4,2015-10-12,Monday,20:28,Ealing,E09000009,3,40,3,40.0,0,-1,-1,0,0.0,0.0,4,2,2,0,0,1,1,E01001347,3,1,10/12/2015,10/12/2015,1,9,0,4,0.0,0,0,0,0,0,2.0,1.0,6,Male,23,21 - 25,1598,1,8,-1,1,-1.0,1,1,1,1,23,5,3,0,0,0,0,0,9,1,4,,,,,,,,,,,,,,,,,2015,10,4,20
21516,201501XD81113,517710.0,178830.0,-0.30573,51.496166,1,Slight,2,1,2015-09-12,Saturday,19:00,Hounslow,E09000018,4,455,7,30.0,3,4,4,455,0.0,0.0,4,1,1,0,0,1,1,E01002564,3,1,09/12/2015,09/12/2015,1,3,0,18,0.0,8,0,0,0,0,4.0,1.0,1,Male,22,21 - 25,107,1,2,-1,1,-1.0,1,1,1,1,22,5,3,0,0,0,0,0,3,1,1,,,,,,,,,,,,,,,,,2015,9,1,19
21529,201501XD81129,512630.0,179940.0,-0.378524,51.507177,1,Slight,2,1,2015-02-12,Thursday,20:30,Ealing,E09000009,3,3005,6,30.0,6,4,3,3005,0.0,0.0,4,1,1,0,0,1,2,E01001362,3,1,02/12/2015,02/12/2015,1,2,0,7,0.0,7,0,0,0,0,2.0,1.0,1,Male,30,26 - 35,49,1,5,-1,1,-1.0,1,1,1,1,30,6,3,0,0,0,0,0,2,1,3,,,,,,,,,,,,,,,,,2015,2,1,20
21533,201501XD81133,516750.0,180340.0,-0.319054,51.509936,1,Slight,2,1,2015-11-21,Saturday,22:15,Ealing,E09000009,6,0,6,30.0,3,4,4,452,0.0,0.0,4,1,1,0,0,1,2,E01001388,3,1,21/11/2015,21/11/2015,1,9,0,10,0.0,8,0,0,0,0,1.0,1.0,6,Male,29,26 - 35,1590,1,17,-1,1,-1.0,1,1,1,1,29,6,3,0,0,0,0,0,9,1,4,,,,,,,,,,,,,,,,,2015,11,1,22
21536,201501XD81136,512160.0,180510.0,-0.385112,51.512393,1,Slight,2,1,2015-12-14,Monday,20:00,Ealing,E09000009,3,4020,6,30.0,3,4,6,0,0.0,0.0,4,2,2,0,0,1,1,E01001359,3,1,14/12/2015,14/12/2015,1,2,0,18,0.0,8,0,0,0,0,3.0,1.0,1,Male,20,16 - 20,109,1,-1,-1,-1,-1.0,1,1,1,1,20,4,3,0,0,0,0,0,2,-1,-1,,,,,,,,,,,,,,,,,2015,12,1,20
21544,201501XD81147,521390.0,180900.0,-0.252033,51.513992,1,Slight,1,1,2015-12-13,Sunday,20:49,Ealing,E09000009,3,40,3,40.0,6,2,6,0,0.0,5.0,4,1,1,0,0,1,1,E01001243,3,1,13/12/2015,13/12/2015,1,9,0,18,0.0,8,0,0,0,0,1.0,1.0,6,Male,35,26 - 35,1248,1,2,-1,1,-1.0,1,1,3,1,-1,-1,3,1,1,0,0,2,0,-1,-1,,,,,,,,,,,,,,,,,2015,12,1,20
21546,201501XD81150,516390.0,184940.0,-0.32272,51.551353,1,Slight,2,1,2015-12-22,Tuesday,21:40,Ealing,E09000009,3,4090,6,30.0,0,-1,-1,0,0.0,0.0,4,2,2,0,0,1,1,E01001313,3,1,22/12/2015,22/12/2015,1,9,0,4,0.0,0,0,0,1,0,2.0,1.0,6,Male,24,21 - 25,-1,-1,-1,-1,1,-1.0,1,1,1,1,24,5,3,0,0,0,0,0,9,1,9,,,,,,,,,,,,,,,,,2015,12,1,21
21547,201501XD81152,512640.0,179360.0,-0.378565,51.501962,1,Serious,1,1,2015-09-22,Tuesday,01:20,Ealing,E09000009,6,0,6,30.0,0,-1,-1,0,0.0,0.0,4,1,1,0,0,1,1,E01001333,2,2,22/09/2015,22/09/2015,1,9,0,5,0.0,0,0,0,0,0,0.0,1.0,6,Male,19,16 - 20,1364,1,8,-1,-1,-1.0,1,1,3,1,19,4,2,9,9,0,0,2,0,1,2,,,,,,,,,,,,,,,,,2015,9,2,1
21552,201501XD81158,516800.0,180470.0,-0.318291,51.511094,1,Slight,1,1,2015-12-23,Wednesday,21:40,Ealing,E09000009,3,4020,6,30.0,3,4,6,0,0.0,4.0,4,1,1,0,0,1,1,E01001222,3,1,23/12/2015,23/12/2015,1,9,0,9,0.0,8,0,0,0,0,1.0,1.0,6,Female,25,21 - 25,1388,1,6,-1,-1,-1.0,1,1,3,2,50,8,3,4,1,0,0,2,0,1,9,,,,,,,,,,,,,,,,,2015,12,1,21
21566,201501XD81185,515230.0,184820.0,-0.339483,51.550513,1,Slight,2,2,2015-04-12,Sunday,01:20,Ealing,E09000009,3,4127,6,30.0,6,2,6,0,0.0,5.0,4,1,1,0,0,1,1,E01001307,3,1,04/12/2015,04/12/2015,1,9,0,1,0.0,8,0,0,0,0,3.0,1.0,6,Male,21,21 - 25,1995,2,6,-1,1,-1.0,1,1,2,2,52,8,3,0,0,1,0,0,9,-1,-1,,,,,,,,,,,,,,,,,2015,4,2,1
21569,201501XD89013,514810.0,180160.0,-0.347055,51.508716,1,Slight,2,1,2015-12-15,Tuesday,21:40,Ealing,E09000009,3,4020,3,40.0,3,2,6,0,0.0,5.0,4,2,2,0,0,1,2,E01001337,3,1,15/12/2015,15/12/2015,1,9,0,18,0.0,8,0,0,0,0,4.0,1.0,6,Male,30,26 - 35,1598,1,14,-1,1,-1.0,1,1,1,1,30,6,3,0,0,0,0,0,9,1,3,,,,,,,,,,,,,,,,,2015,12,1,21
21580,201501XH30009,508050.0,183530.0,-0.44339,51.540337,1,Slight,4,1,2015-01-14,Wednesday,19:20,Hillingdon,E09000017,6,0,6,30.0,8,4,6,0,0.0,0.0,4,2,2,0,0,1,1,E01002453,3,1,14/01/2015,14/01/2015,1,9,0,4,0.0,8,1,4,0,0,1.0,1.0,6,Male,20,16 - 20,-1,-1,-1,-1,-1,-1.0,1,1,1,1,20,4,3,0,0,0,0,0,9,-1,-1,,,,,,,,,,,,,,,,,2015,1,1,19
21591,201501XH30022,509400.0,186750.0,-0.422931,51.569019,1,Slight,2,1,2015-01-16,Friday,18:10,Hillingdon,E09000017,3,4180,6,30.0,3,4,6,0,0.0,0.0,4,1,2,0,0,1,1,E01002467,3,1,16/01/2015,16/01/2015,1,9,0,18,0.0,2,0,0,0,0,1.0,1.0,6,Male,21,21 - 25,1598,1,3,-1,1,-1.0,1,1,1,1,21,5,3,0,0,0,0,0,9,1,5,,,,,,,,,,,,,,,,,2015,1,1,18
21599,201501XH30037,512120.0,181080.0,-0.385507,51.517524,1,Slight,1,1,2015-01-23,Friday,18:45,Hillingdon,E09000017,6,0,6,30.0,8,4,6,0,0.0,0.0,1,1,1,0,0,1,1,E01002544,3,1,23/01/2015,23/01/2015,1,9,0,18,0.0,5,0,0,3,4,1.0,1.0,6,Female,29,26 - 35,-1,-1,-1,-1,-1,-1.0,1,1,2,2,2,1,3,0,0,2,0,0,9,-1,-1,,,,,,,,,,,,,,,,,2015,1,1,18
21602,201501XH30044,506300.0,182980.0,-0.46878,51.535726,1,Slight,2,1,2015-01-23,Friday,19:00,Hillingdon,E09000017,3,4020,3,40.0,0,-1,-1,0,0.0,0.0,4,1,1,0,0,1,1,E01002414,3,1,23/01/2015,23/01/2015,1,3,0,18,0.0,0,0,10,4,4,1.0,1.0,6,Male,17,16 - 20,125,1,1,-1,-1,-1.0,1,1,1,1,17,4,3,0,0,0,0,0,3,-1,-1,,,,,,,,,,,,,,,,,2015,1,1,19
21610,201501XH30053,505920.0,183810.0,-0.474007,51.543257,1,Slight,1,2,2015-01-30,Friday,23:00,Hillingdon,E09000017,3,4020,3,40.0,1,4,3,4020,0.0,7.0,4,3,2,0,0,1,1,E01033725,3,1,30/01/2015,30/01/2015,1,9,0,7,0.0,1,0,10,4,2,1.0,1.0,6,Female,25,21 - 25,1598,1,3,-1,1,-1.0,1,1,1,2,25,5,3,0,0,0,0,0,9,1,5,,,,,,,,,,,,,,,,,2015,1,2,23
21619,201501XH30070,510930.0,188080.0,-0.400445,51.580674,1,Slight,1,1,2015-07-02,Thursday,21:13,Hillingdon,E09000017,5,0,6,30.0,6,4,6,0,0.0,0.0,7,1,1,0,0,1,1,E01002432,3,1,07/02/2015,07/02/2015,1,9,0,17,0.0,2,0,0,1,10,1.0,1.0,6,Male,29,26 - 35,-1,-1,-1,-1,1,-1.0,1,1,1,1,29,6,3,0,0,0,0,0,9,1,8,,,,,,,,,,,,,,,,,2015,7,1,21
21621,201501XH30072,509490.0,179220.0,-0.423972,51.501322,1,Slight,2,2,2015-08-02,Sunday,05:00,Hillingdon,E09000017,3,437,6,30.0,6,2,3,437,0.0,0.0,4,1,2,1,0,1,1,E01002407,3,1,08/02/2015,08/02/2015,1,9,0,18,0.0,6,0,7,0,0,1.0,1.0,2,Female,34,26 - 35,-1,-1,-1,-1,1,-1.0,1,1,1,2,34,6,3,0,0,0,0,0,9,1,3,,,,,,,,,,,,,,,,,2015,8,2,5
21627,201501XH30078,508280.0,179370.0,-0.441352,51.502903,1,Slight,2,1,2015-01-28,Wednesday,19:15,Hillingdon,E09000017,6,0,6,30.0,6,4,6,0,0.0,0.0,4,1,2,0,0,1,1,E01002487,3,1,28/01/2015,28/01/2015,1,9,0,18,0.0,8,0,0,0,0,1.0,1.0,6,Male,30,26 - 35,1968,2,2,-1,1,-1.0,1,1,1,1,30,6,3,0,0,0,0,0,9,1,4,,,,,,,,,,,,,,,,,2015,1,1,19
21634,201501XH30086,509170.0,178750.0,-0.428726,51.497159,1,Slight,1,1,2015-09-02,Wednesday,19:07,Hillingdon,E09000017,6,0,6,30.0,3,4,6,0,0.0,0.0,1,1,1,0,0,1,1,E01002490,3,1,09/02/2015,09/02/2015,1,9,0,18,0.0,1,0,0,0,0,1.0,1.0,6,Male,35,26 - 35,1339,1,7,-1,1,-1.0,1,1,3,1,49,8,3,5,3,0,0,2,0,1,4,,,,,,,,,,,,,,,,,2015,9,1,19
21641,201501XH30097,507160.0,177940.0,-0.457915,51.490263,1,Slight,1,1,2015-02-20,Friday,20:00,Hillingdon,E09000017,3,408,1,30.0,2,4,6,0,0.0,0.0,4,9,2,0,0,1,1,E01002446,3,1,20/02/2015,20/02/2015,1,9,0,18,0.0,6,0,0,0,0,1.0,1.0,6,Male,27,26 - 35,1398,2,9,-1,1,-1.0,1,1,3,1,47,8,3,9,9,0,0,2,0,1,3,,,,,,,,,,,,,,,,,2015,2,1,20
21655,201501XH30117,505400.0,182360.0,-0.481936,51.530322,1,Slight,2,1,2015-01-29,Thursday,23:16,Hillingdon,E09000017,6,0,7,30.0,0,-1,-1,0,0.0,0.0,4,1,1,0,0,1,1,E01033724,3,1,29/01/2015,29/01/2015,1,9,0,17,0.0,0,0,0,0,0,1.0,1.0,6,Male,20,16 - 20,1599,1,7,-1,1,-1.0,2,1,1,1,19,4,3,0,0,0,0,0,1,1,7,,,,,,,,,,,,,,,,,2015,1,1,23
21690,201501XH30163,510720.0,179750.0,-0.406093,51.505846,1,Slight,2,2,2015-03-19,Thursday,00:40,Hillingdon,E09000017,3,312,3,50.0,3,4,5,0,0.0,0.0,4,1,1,0,0,1,1,E01002507,3,1,19/03/2015,19/03/2015,1,3,0,13,0.0,2,0,0,0,0,4.0,1.0,6,Male,22,21 - 25,124,1,1,-1,1,-1.0,1,1,1,1,22,5,3,0,0,0,0,0,3,1,4,,,,,,,,,,,,,,,,,2015,3,2,0
21691,201501XH30164,509560.0,176940.0,-0.423671,51.480815,1,Slight,2,1,2015-03-18,Wednesday,18:43,Hillingdon,E09000017,3,4,3,40.0,3,4,6,0,0.0,0.0,4,1,1,0,0,1,1,E01002443,3,1,18/03/2015,18/03/2015,1,9,0,5,0.0,1,0,0,0,0,4.0,1.0,2,Male,35,26 - 35,1997,2,9,-1,1,-1.0,2,1,1,1,45,7,3,0,0,0,0,0,4,1,3,,,,,,,,,,,,,,,,,2015,3,1,18
21696,201501XH30171,510400.0,189050.0,-0.407786,51.589496,1,Slight,1,1,2015-03-20,Friday,23:47,Hillingdon,E09000017,4,472,6,30.0,0,-1,-1,0,0.0,0.0,4,1,1,0,0,1,1,E01002481,3,1,20/03/2015,20/03/2015,1,9,0,18,0.0,0,0,0,0,0,1.0,1.0,6,Male,20,16 - 20,1995,2,5,-1,1,-1.0,1,1,3,1,28,6,3,5,1,0,0,2,0,-1,-1,,,,,,,,,,,,,,,,,2015,3,1,23
21699,201501XH30177,506510.0,179310.0,-0.466861,51.502699,1,Slight,2,3,2015-05-03,Sunday,20:05,Hillingdon,E09000017,5,0,6,30.0,6,2,5,0,0.0,5.0,4,1,1,0,0,1,1,E01002525,3,1,05/03/2015,05/03/2015,1,9,0,9,0.0,8,0,0,0,0,1.0,1.0,6,Male,17,16 - 20,1390,1,14,-1,1,-1.0,1,1,1,1,17,4,3,0,0,0,0,0,9,1,5,,,,,,,,,,,,,,,,,2015,5,3,20