,accident_index,location_easting_osgr,location_northing_osgr,longitude,latitude,police_force,accident_severity,number_of_vehicles,number_of_casualties,date,day_of_week,time,local_authority_district,local_authority_highway,first_road_class,first_road_number,road_type,speed_limit,junction_detail,junction_control,second_road_class,second_road_number,pedestrian_crossing-human_control,pedestrian_crossing-physical_facilities,light_conditions,weather_conditions,road_surface_conditions,special_conditions_at_site,carriageway_hazards,urban_or_rural_area,did_police_officer_attend_scene_of_accident,lsoa_of_accident_location,accident_severity_num,accident_severity_inv,date2,date_original,vehicle_reference_x,vehicle_type,towing_and_articulation,vehicle_manoeuvre,vehicle_location-restricted_lane,junction_location,skidding_and_overturning,hit_object_in_carriageway,vehicle_leaving_carriageway,hit_object_off_carriageway,1st_point_of_impact,was_vehicle_left_hand_drive?,journey_purpose_of_driver,sex_of_driver,age_of_driver,age_band_of_driver,engine_capacity_cc,propulsion_code,age_of_vehicle,driver_imd_decile,driver_home_area_type,vehicle_imd_decile,vehicle_reference_y,casualty_reference,casualty_class,sex_of_casualty,age_of_casualty,age_band_of_casualty,casualty_severity,pedestrian_location,pedestrian_movement,car_passenger,bus_or_coach_passenger,pedestrian_road_maintenance_worker,casualty_type,casualty_home_area_type,casualty_imd_decile,accident_year_x,accident_reference_x,local_authority_ons_district,pedestrian_crossing_human_control,pedestrian_crossing_physical_facilities,trunk_road_flag,accident_year_y,accident_reference_y,vehicle_direction_from,vehicle_direction_to,vehicle_location_restricted_lane,first_point_of_impact,vehicle_left_hand_drive,generic_make_model,accident_year,accident_reference,year,month,severity,hours
23431,201501YR90480,533560.0,191640.0,-0.072675,51.607762,1,Slight,1,1,2015-06-20,Saturday,20:06,Haringey,E09000014,6,0,6,30.0,3,4,6,0,0.0,0.0,1,2,2,0,0,1,1,E01032575,3,1,20/06/2015,20/06/2015,1,9,0,18,0.0,2,0,0,0,0,3.0,1.0,6,Male,21,21 - 25,1598,1,7,-1,1,-1.0,1,1,3,1,6,2,3,5,4,0,0,2,0,1,3,,,,,,,,,,,,,,,,,2015,6,1,20
23441,201501YR90491,532010.0,187580.0,-0.096571,51.571643,1,Slight,2,1,2015-09-06,Sunday,20:10,Hackney,E09000012,3,105,6,30.0,3,4,6,0,0.0,8.0,7,9,1,0,0,1,2,E01001813,3,1,09/06/2015,09/06/2015,1,9,0,5,0.0,1,0,0,0,0,1.0,1.0,6,Female,21,21 - 25,998,1,4,-1,-1,-1.0,1,1,2,1,27,6,3,0,0,1,0,0,9,1,4,,,,,,,,,,,,,,,,,2015,9,1,20
23444,201501YR90494,530630.0,190310.0,-0.115457,51.596497,1,Slight,2,1,2015-06-06,Saturday,19:30,Haringey,E09000014,4,151,6,30.0,0,-1,-1,0,0.0,8.0,1,9,1,0,0,1,1,E01002029,3,1,06/06/2015,06/06/2015,1,3,0,4,0.0,0,0,0,0,0,2.0,1.0,6,Male,28,26 - 35,107,1,1,-1,1,-1.0,1,1,1,1,28,6,3,0,0,0,0,0,3,1,4,,,,,,,,,,,,,,,,,2015,6,1,19
23451,201501YR90501,531080.0,190230.0,-0.108994,51.595673,1,Slight,1,2,2015-06-25,Thursday,18:00,Haringey,E09000014,3,105,6,30.0,0,-1,-1,0,0.0,8.0,1,1,1,0,0,1,1,E01002029,3,1,25/06/2015,25/06/2015,1,3,0,14,0.0,0,0,0,0,0,1.0,1.0,6,Male,17,16 - 20,125,1,2,-1,1,-1.0,1,1,1,1,17,4,3,0,0,0,0,0,3,1,3,,,,,,,,,,,,,,,,,2015,6,2,18
23458,201501YR90509,530930.0,191580.0,-0.110655,51.60784,1,Slight,2,2,2015-06-22,Monday,18:07,Haringey,E09000014,3,105,6,30.0,3,4,6,0,0.0,0.0,1,1,1,0,0,1,1,E01001975,3,1,22/06/2015,22/06/2015,1,3,0,13,0.0,8,0,0,0,0,4.0,1.0,6,Male,19,16 - 20,-1,-1,-1,-1,1,-1.0,1,1,1,1,19,4,3,0,0,0,0,0,3,1,3,,,,,,,,,,,,,,,,,2015,6,2,18
23462,201501YR90513,532660.0,191570.0,-0.085691,51.607346,1,Slight,2,1,2015-08-06,Thursday,19:50,Haringey,E09000014,3,10,3,30.0,0,-1,-1,0,0.0,4.0,1,1,1,0,0,1,1,E01002091,3,1,08/06/2015,08/06/2015,1,9,0,18,2.0,0,0,0,0,0,4.0,1.0,6,Male,21,21 - 25,2143,2,2,-1,1,-1.0,2,1,1,2,33,6,3,0,0,0,0,0,1,-1,-1,,,,,,,,,,,,,,,,,2015,8,1,19
23464,201501YR90516,531920.0,189600.0,-0.097111,51.589816,1,Serious,1,1,2015-07-13,Monday,18:31,Haringey,E09000014,6,0,6,30.0,3,4,6,0,0.0,0.0,1,1,1,0,0,1,1,E01002085,2,2,13/07/2015,13/07/2015,1,9,0,9,9.0,2,0,10,1,2,1.0,1.0,6,Male,24,21 - 25,1598,2,-1,-1,1,-1.0,1,1,3,2,56,9,2,6,9,0,0,2,0,1,7,,,,,,,,,,,,,,,,,2015,7,2,18
23471,201501YR90524,528930.0,187670.0,-0.140955,51.573164,1,Slight,2,1,2015-06-29,Monday,18:40,Haringey,E09000014,3,1,6,30.0,3,4,6,0,0.0,0.0,1,1,1,0,0,1,1,E01002009,3,1,29/06/2015,29/06/2015,1,9,0,9,0.0,1,0,0,0,0,1.0,1.0,6,Female,26,26 - 35,1390,1,14,-1,1,-1.0,2,1,1,1,34,6,3,0,0,0,0,0,5,1,9,,,,,,,,,,,,,,,,,2015,6,1,18
23473,201501YR90528,533880.0,191390.0,-0.068153,51.60544,1,Slight,2,1,2015-06-27,Saturday,23:08,Haringey,E09000014,3,1010,6,30.0,3,2,5,0,0.0,5.0,4,1,1,0,0,1,1,E01002034,3,1,27/06/2015,27/06/2015,1,9,0,5,0.0,2,0,0,0,0,3.0,1.0,6,Male,31,26 - 35,1951,2,14,-1,1,-1.0,2,1,1,1,29,6,3,0,0,0,0,0,3,1,2,,,,,,,,,,,,,,,,,2015,6,1,23
23477,201501YR90533,531800.0,187160.0,-0.099757,51.567917,1,Slight,2,2,2015-04-07,Tuesday,01:15,Hackney,E09000012,3,503,6,30.0,0,-1,-1,0,0.0,4.0,4,1,1,0,0,1,2,E01002002,3,1,04/07/2015,04/07/2015,1,9,0,3,0.0,0,0,0,0,0,2.0,1.0,6,Female,26,26 - 35,1149,1,7,-1,1,-1.0,1,1,1,2,26,6,3,0,0,0,0,0,9,1,1,,,,,,,,,,,,,,,,,2015,4,2,1
23478,201501YR90536,531550.0,189720.0,-0.102404,51.590981,1,Slight,2,1,2015-12-07,Monday,23:27,Haringey,E09000014,3,1080,6,30.0,0,-1,-1,0,0.0,0.0,4,8,1,0,0,1,1,E01002085,3,1,12/07/2015,12/07/2015,1,3,0,18,0.0,0,1,0,0,0,1.0,1.0,6,Male,20,16 - 20,125,1,3,-1,1,-1.0,1,1,1,1,20,4,3,0,0,0,0,0,3,1,2,,,,,,,,,,,,,,,,,2015,12,1,23
23482,201501YR90540,530210.0,190450.0,-0.121465,51.597852,1,Slight,2,1,2015-06-15,Monday,19:54,Haringey,E09000014,5,0,6,30.0,3,4,6,0,0.0,0.0,1,1,1,0,0,1,1,E01001964,3,1,15/06/2015,15/06/2015,1,9,0,18,0.0,1,0,0,0,0,1.0,1.0,6,Male,25,21 - 25,1796,1,11,-1,1,-1.0,2,1,1,1,18,4,3,0,0,0,0,0,1,1,1,,,,,,,,,,,,,,,,,2015,6,1,19
23488,201501YR90547,533810.0,188270.0,-0.070351,51.577419,1,Slight,1,1,2015-09-06,Sunday,18:20,Haringey,E09000014,6,0,6,30.0,3,4,6,0,0.0,0.0,1,1,1,0,0,1,1,E01002055,3,1,09/06/2015,09/06/2015,1,9,0,18,0.0,2,0,0,0,0,1.0,1.0,6,Male,29,26 - 35,1997,2,8,-1,1,-1.0,1,1,3,1,5,1,3,5,3,0,0,2,0,1,4,,,,,,,,,,,,,,,,,2015,9,1,18
23490,201501YR90549,531320.0,190290.0,-0.105509,51.596157,1,Slight,2,1,2015-10-07,Wednesday,20:10,Haringey,E09000014,6,0,6,30.0,0,-1,-1,0,0.0,0.0,1,1,1,0,0,1,2,E01002033,3,1,10/07/2015,10/07/2015,1,9,0,3,0.0,0,0,0,0,0,1.0,1.0,6,Female,28,26 - 35,1995,2,7,-1,1,-1.0,1,1,1,2,28,6,3,0,0,0,0,0,9,1,2,,,,,,,,,,,,,,,,,2015,10,1,20
23493,201501YR90553,533870.0,191400.0,-0.068293,51.605532,1,Slight,2,1,2015-07-18,Saturday,23:54,Haringey,E09000014,5,0,6,30.0,3,4,3,1010,0.0,0.0,4,1,1,0,0,1,1,E01002034,3,1,18/07/2015,18/07/2015,1,3,0,3,0.0,1,0,0,0,0,2.0,1.0,6,Male,29,26 - 35,124,1,4,-1,-1,-1.0,1,1,1,1,29,6,3,0,0,0,0,0,3,-1,-1,,,,,,,,,,,,,,,,,2015,7,1,23
23497,201501YR90560,528900.0,187710.0,-0.141373,51.57353,1,Slight,2,1,2015-06-30,Tuesday,18:28,Haringey,E09000014,3,1,6,30.0,6,4,6,0,0.0,4.0,1,1,1,0,0,1,1,E01002005,3,1,30/06/2015,30/06/2015,1,9,0,18,0.0,1,0,0,0,0,4.0,1.0,2,Male,30,26 - 35,1968,2,7,-1,1,-1.0,2,1,1,1,44,7,3,0,0,0,0,0,5,1,7,,,,,,,,,,,,,,,,,2015,6,1,18
23504,201501YR90568,531010.0,190390.0,-0.109944,51.597128,1,Slight,1,1,2015-07-19,Sunday,20:06,Haringey,E09000014,3,105,6,30.0,6,2,5,0,0.0,5.0,1,1,1,0,0,1,1,E01002029,3,1,19/07/2015,19/07/2015,1,9,0,18,0.0,8,0,0,0,0,1.0,1.0,6,Male,31,26 - 35,1896,2,13,-1,1,-1.0,1,1,3,1,29,6,3,1,1,0,0,2,0,1,2,,,,,,,,,,,,,,,,,2015,7,1,20
23510,201501YR90575,530360.0,191500.0,-0.118911,51.607253,1,Slight,2,1,2015-05-18,Monday,18:24,Haringey,E09000014,6,0,6,30.0,3,4,6,0,0.0,0.0,1,1,1,0,0,1,1,E01001974,3,1,18/05/2015,18/05/2015,1,4,0,18,0.0,1,0,0,0,0,1.0,1.0,6,Male,19,16 - 20,124,1,12,-1,1,-1.0,1,1,1,1,19,4,3,0,0,0,0,0,4,1,6,,,,,,,,,,,,,,,,,2015,5,1,18
23512,201501YR90577,530480.0,190820.0,-0.117432,51.601115,1,Slight,1,2,2015-03-07,Saturday,20:40,Haringey,E09000014,3,109,6,30.0,3,4,6,0,0.0,4.0,1,1,1,0,0,1,1,E01001972,3,1,03/07/2015,03/07/2015,1,9,0,13,0.0,2,0,0,0,0,4.0,1.0,6,Female,25,21 - 25,1196,1,19,-1,1,-1.0,1,1,3,2,29,6,3,1,1,0,0,2,0,1,4,,,,,,,,,,,,,,,,,2015,3,2,20
23516,201501YR90581,533650.0,188960.0,-0.072397,51.583658,1,Slight,1,1,2015-07-21,Tuesday,21:30,Haringey,E09000014,3,10,3,30.0,0,-1,-1,0,0.0,5.0,4,1,1,0,0,1,1,E01002069,3,1,21/07/2015,21/07/2015,1,3,0,18,0.0,0,0,0,0,0,1.0,1.0,6,Male,29,26 - 35,-1,-1,-1,-1,1,-1.0,1,1,3,1,40,7,3,4,1,0,0,2,0,1,2,,,,,,,,,,,,,,,,,2015,7,1,21
23520,201501YR90585,533650.0,188820.0,-0.07245,51.5824,1,Slight,2,2,2015-07-25,Saturday,21:35,Haringey,E09000014,3,10,6,30.0,3,2,3,503,0.0,5.0,4,1,1,0,0,1,2,E01002072,3,1,25/07/2015,25/07/2015,1,9,0,3,0.0,1,0,0,0,0,1.0,1.0,6,Male,35,26 - 35,1390,1,1,-1,1,-1.0,1,1,1,1,35,6,3,0,0,0,0,0,9,1,3,,,,,,,,,,,,,,,,,2015,7,2,21
23527,201501YR90592,531070.0,187180.0,-0.110276,51.568267,1,Slight,2,2,2015-07-21,Tuesday,18:30,Islington,E09000019,3,1201,6,30.0,3,4,6,0,0.0,0.0,1,1,1,0,0,1,1,E01002735,3,1,21/07/2015,21/07/2015,1,9,0,6,0.0,2,0,0,0,0,4.0,1.0,6,Female,24,21 - 25,1299,1,10,-1,1,-1.0,1,1,1,2,24,5,3,0,0,0,0,0,9,1,3,,,,,,,,,,,,,,,,,2015,7,2,18
23543,201501YR90612,531430.0,190140.0,-0.103978,51.594783,1,Slight,2,4,2015-09-07,Monday,18:00,Haringey,E09000014,6,0,6,30.0,6,4,6,0,0.0,0.0,1,1,1,0,0,1,1,E01002033,3,1,09/07/2015,09/07/2015,1,9,0,18,0.0,8,0,0,0,0,4.0,1.0,6,Male,28,26 - 35,1396,1,1,-1,1,-1.0,1,1,2,1,23,5,3,0,0,1,0,0,9,-1,-1,,,,,,,,,,,,,,,,,2015,9,4,18
23545,201501YR90614,531180.0,189150.0,-0.107955,51.585945,1,Slight,2,1,2015-06-30,Tuesday,18:40,Haringey,E09000014,4,138,6,30.0,3,4,6,0,0.0,0.0,1,9,1,0,0,1,1,E01002003,3,1,30/06/2015,30/06/2015,1,5,0,18,0.0,1,0,0,0,0,3.0,1.0,6,Male,33,26 - 35,647,1,12,-1,1,-1.0,1,1,1,1,33,6,3,0,0,0,0,0,5,1,4,,,,,,,,,,,,,,,,,2015,6,1,18
23557,201501YR90628,531980.0,190150.0,-0.096039,51.594745,1,Slight,1,1,2015-07-08,Wednesday,22:10,Haringey,E09000014,3,1080,6,30.0,3,4,6,0,0.0,0.0,4,1,1,0,0,1,1,E01002028,3,1,07/08/2015,07/08/2015,1,9,0,18,0.0,1,0,10,1,10,1.0,1.0,6,Male,33,26 - 35,-1,-1,-1,-1,1,-1.0,1,1,1,1,33,6,3,0,0,0,0,0,9,1,1,,,,,,,,,,,,,,,,,2015,7,1,22
23558,201501YR90629,529340.0,189830.0,-0.134247,51.592481,1,Slight,2,1,2015-02-08,Sunday,18:00,Haringey,E09000014,6,0,6,20.0,0,-1,-1,0,0.0,0.0,1,1,1,0,0,1,1,E01002020,3,1,02/08/2015,02/08/2015,1,9,0,3,0.0,0,0,0,0,0,2.0,2.0,6,Male,29,26 - 35,-1,-1,-1,-1,1,-1.0,2,1,1,1,42,7,3,0,0,0,0,0,1,1,2,,,,,,,,,,,,,,,,,2015,2,1,18
23560,201501YR90632,534810.0,191150.0,-0.054824,51.603061,1,Serious,2,1,2015-01-08,Thursday,21:00,Haringey,E09000014,4,137,6,30.0,8,4,6,0,0.0,0.0,4,1,1,0,0,1,2,E01002039,2,2,01/08/2015,01/08/2015,1,3,0,14,0.0,8,0,0,0,0,1.0,1.0,6,Male,22,21 - 25,124,1,12,-1,1,-1.0,1,1,1,1,22,5,2,0,0,0,0,0,3,1,3,,,,,,,,,,,,,,,,,2015,1,2,21
23562,201501YR90634,531840.0,188110.0,-0.098824,51.576445,1,Slight,2,1,2015-05-27,Wednesday,18:30,Haringey,E09000014,3,105,6,30.0,6,2,6,0,0.0,5.0,1,1,1,0,0,1,1,E01002002,3,1,27/05/2015,27/05/2015,1,9,0,7,0.0,8,0,0,0,0,4.0,1.0,6,Male,34,26 - 35,-1,-1,-1,-1,1,-1.0,2,1,1,1,36,7,3,0,0,0,0,0,1,1,6,,,,,,,,,,,,,,,,,2015,5,1,18
23568,201501YR90641,533400.0,191460.0,-0.075053,51.606182,1,Slight,2,1,2015-07-07,Tuesday,18:56,Haringey,E09000014,6,0,6,30.0,3,4,6,0,0.0,0.0,1,1,1,0,0,1,1,E01002092,3,1,07/07/2015,07/07/2015,1,3,0,18,0.0,1,0,0,0,0,4.0,1.0,2,Female,32,26 - 35,125,1,2,-1,1,-1.0,1,1,1,2,32,6,3,0,0,0,0,0,3,1,1,,,,,,,,,,,,,,,,,2015,7,1,18
23570,201501YR90643,532950.0,190530.0,-0.081899,51.597932,1,Slight,2,2,2015-06-26,Friday,20:45,Haringey,E09000014,3,109,6,30.0,3,4,6,0,0.0,0.0,7,9,1,0,0,1,1,E01002082,3,1,26/06/2015,26/06/2015,1,3,0,18,0.0,1,0,0,0,0,1.0,1.0,6,Male,18,16 - 20,124,1,12,-1,1,-1.0,1,1,1,1,18,4,3,0,0,0,0,0,3,1,4,,,,,,,,,,,,,,,,,2015,6,2,20
23574,201501YR90648,531110.0,190100.0,-0.10861,51.594498,1,Slight,2,1,2015-07-18,Saturday,18:35,Haringey,E09000014,3,105,6,30.0,0,-1,-1,0,0.0,0.0,1,1,1,0,0,1,2,E01002026,3,1,18/07/2015,18/07/2015,1,3,0,14,0.0,0,0,0,0,0,4.0,1.0,6,Male,24,21 - 25,124,1,15,-1,1,-1.0,1,1,1,1,24,5,3,0,0,0,0,0,3,1,4,,,,,,,,,,,,,,,,,2015,7,1,18
23588,201501YR90662,528660.0,188040.0,-0.144714,51.57655,1,Slight,2,1,2015-07-08,Wednesday,19:40,Haringey,E09000014,3,1,6,30.0,6,2,5,0,0.0,5.0,1,1,1,0,0,1,1,E01002007,3,1,07/08/2015,07/08/2015,1,9,0,9,0.0,8,0,0,0,0,3.0,1.0,6,Male,22,21 - 25,1229,1,2,-1,1,-1.0,2,1,2,1,21,5,3,0,0,1,0,0,9,1,6,,,,,,,,,,,,,,,,,2015,7,1,19
23593,201501YR90669,532010.0,191320.0,-0.095166,51.605252,1,Slight,1,1,2015-08-16,Sunday,01:15,Haringey,E09000014,5,0,6,30.0,3,4,6,0,0.0,8.0,4,1,1,0,0,1,1,E01002090,3,1,16/08/2015,16/08/2015,1,9,0,17,0.0,8,0,7,7,0,1.0,1.0,6,Male,19,16 - 20,2148,2,10,-1,1,-1.0,1,1,1,1,19,4,3,0,0,0,0,0,9,1,2,,,,,,,,,,,,,,,,,2015,8,1,1
23610,201501YR90692,533570.0,188830.0,-0.0736,51.582508,1,Slight,3,2,2015-10-09,Friday,18:43,Haringey,E09000014,3,503,6,30.0,3,4,6,0,0.0,5.0,1,1,1,0,0,1,1,E01002073,3,1,10/09/2015,10/09/2015,1,9,0,3,0.0,1,0,0,0,0,2.0,1.0,6,Male,27,26 - 35,2204,2,8,-1,1,-1.0,1,1,1,1,27,6,3,0,0,0,0,0,9,1,4,,,,,,,,,,,,,,,,,2015,10,2,18
23618,201501YR90704,533500.0,190490.0,-0.073979,51.597442,1,Slight,2,1,2015-01-01,Thursday,19:44,Haringey,E09000014,3,10,6,30.0,3,4,6,0,0.0,0.0,7,9,1,0,0,1,1,E01001976,3,1,01/01/2015,01/01/2015,1,9,0,18,0.0,1,0,0,0,0,1.0,1.0,6,Male,32,26 - 35,1242,1,10,-1,1,-1.0,2,1,1,1,43,7,3,0,0,0,0,0,9,-1,-1,,,,,,,,,,,,,,,,,2015,1,1,19
23640,201501YR90731,533830.0,190220.0,-0.06932,51.594938,1,Slight,2,1,2015-11-09,Monday,21:05,Haringey,E09000014,3,1010,6,30.0,3,2,5,0,0.0,5.0,4,9,1,0,0,1,1,E01001979,3,1,11/09/2015,11/09/2015,1,3,0,18,0.0,2,0,0,0,0,3.0,1.0,1,Male,29,26 - 35,125,1,6,-1,1,-1.0,1,1,1,1,29,6,3,0,0,0,0,0,3,1,5,,,,,,,,,,,,,,,,,2015,11,1,21
23650,201501YR90741,528810.0,189680.0,-0.141949,51.591254,1,Slight,2,1,2015-09-27,Sunday,20:35,Haringey,E09000014,3,504,6,30.0,1,4,3,504,0.0,0.0,4,1,1,0,0,1,2,E01001997,3,1,27/09/2015,27/09/2015,1,2,0,3,0.0,1,0,0,0,0,1.0,1.0,1,Male,23,21 - 25,49,1,8,-1,1,-1.0,1,1,1,1,23,5,3,0,0,0,0,0,2,1,7,,,,,,,,,,,,,,,,,2015,9,1,20
23653,201501YR90744,532920.0,190840.0,-0.082215,51.600724,1,Slight,2,1,2015-08-15,Saturday,00:09,Haringey,E09000014,3,10,6,30.0,6,4,6,0,0.0,0.0,4,2,2,0,0,1,1,E01002095,3,1,15/08/2015,15/08/2015,1,3,0,18,0.0,1,0,0,0,0,1.0,1.0,6,Male,19,16 - 20,125,1,7,-1,1,-1.0,1,1,1,1,19,4,3,0,0,0,0,0,3,1,3,,,,,,,,,,,,,,,,,2015,8,1,0
23663,201501YR90754,530850.0,191120.0,-0.111981,51.603725,1,Slight,1,1,2015-09-09,Wednesday,18:20,Haringey,E09000014,3,105,6,30.0,0,-1,-1,0,0.0,4.0,1,1,3,0,0,1,1,E01001969,3,1,09/09/2015,09/09/2015,1,9,0,18,0.0,0,0,0,0,0,1.0,1.0,6,Male,32,26 - 35,1248,2,10,-1,1,-1.0,1,1,3,1,21,5,3,1,1,0,0,2,0,1,7,,,,,,,,,,,,,,,,,2015,9,1,18
23672,201501YR90763,529390.0,189590.0,-0.133614,51.590312,1,Slight,2,3,2015-09-26,Saturday,22:27,Haringey,E09000014,6,0,6,30.0,0,-1,-1,0,0.0,0.0,4,1,1,0,0,1,1,E01002020,3,1,26/09/2015,26/09/2015,1,9,0,16,0.0,0,0,0,0,0,1.0,1.0,6,Female,21,21 - 25,1598,2,3,-1,1,-1.0,1,1,1,2,21,5,3,0,0,0,0,0,9,1,2,,,,,,,,,,,,,,,,,2015,9,3,22
23699,201501YR90791,531790.0,188520.0,-0.099391,51.580141,1,Slight,2,1,2015-09-28,Monday,21:50,Haringey,E09000014,3,105,6,30.0,3,4,6,0,0.0,4.0,4,1,1,0,0,1,1,E01001999,3,1,28/09/2015,28/09/2015,1,9,0,9,0.0,2,0,0,0,0,3.0,1.0,6,Female,21,21 - 25,1198,1,1,-1,1,-1.0,2,1,1,1,25,5,3,0,0,0,0,0,3,1,2,,,,,,,,,,,,,,,,,2015,9,1,21
23705,201501YR90799,531580.0,189750.0,-0.10196,51.591244,1,Slight,1,1,2015-10-21,Wednesday,21:28,Haringey,E09000014,3,1080,6,30.0,3,4,6,0,0.0,0.0,4,1,1,0,6,1,1,E01002085,3,1,21/10/2015,21/10/2015,1,9,0,18,0.0,1,1,7,1,1,1.0,1.0,6,Male,31,26 - 35,-1,-1,-1,-1,1,-1.0,1,1,3,1,49,8,3,6,9,0,0,2,0,1,2,,,,,,,,,,,,,,,,,2015,10,1,21
23707,201501YR90801,531880.0,190590.0,-0.097316,51.598722,1,Slight,2,2,2015-09-19,Saturday,03:58,Haringey,E09000014,3,109,6,30.0,3,4,6,0,0.0,4.0,7,9,1,0,0,1,1,E01002032,3,1,19/09/2015,19/09/2015,1,9,0,18,0.0,1,0,0,0,0,1.0,1.0,6,Male,26,26 - 35,1995,2,7,-1,1,-1.0,1,1,1,1,26,6,3,0,0,0,0,0,9,1,1,,,,,,,,,,,,,,,,,2015,9,2,3
23708,201501YR90802,532180.0,189180.0,-0.093518,51.585981,1,Slight,2,1,2015-10-18,Sunday,18:20,Haringey,E09000014,3,504,6,30.0,3,4,6,0,0.0,1.0,4,1,1,3,6,1,1,E01002043,3,1,18/10/2015,18/10/2015,1,2,0,4,0.0,8,0,0,0,0,2.0,1.0,2,Male,25,21 - 25,125,1,8,-1,-1,-1.0,1,1,1,1,25,5,3,0,0,0,0,0,2,-1,-1,,,,,,,,,,,,,,,,,2015,10,1,18
23712,201501YR90806,527540.0,188880.0,-0.160562,51.584353,1,Slight,2,1,2015-10-23,Friday,19:10,Haringey,E09000014,3,1000,6,30.0,0,-1,-1,0,0.0,0.0,4,1,1,0,0,1,1,E01001994,3,1,23/10/2015,23/10/2015,1,8,0,2,0.0,0,0,0,0,0,3.0,1.0,6,Male,32,26 - 35,-1,-1,-1,-1,1,-1.0,1,1,3,1,37,7,3,10,9,0,0,2,0,1,8,,,,,,,,,,,,,,,,,2015,10,1,19
23715,201501YR90809,531680.0,190670.0,-0.100172,51.599488,1,Slight,2,1,2015-09-23,Wednesday,23:14,Haringey,E09000014,3,109,6,30.0,0,-1,-1,0,0.0,1.0,4,1,1,0,0,1,1,E01002032,3,1,23/09/2015,23/09/2015,1,9,0,16,0.0,0,0,0,0,0,1.0,1.0,6,Male,28,26 - 35,2497,1,8,-1,-1,-1.0,2,1,1,2,48,8,3,0,0,0,0,0,1,1,3,,,,,,,,,,,,,,,,,2015,9,1,23
23721,201501YR90815,533740.0,189440.0,-0.070916,51.58795,1,Slight,2,2,2015-10-16,Friday,20:40,Haringey,E09000014,3,10,6,30.0,0,-1,-1,0,0.0,5.0,4,1,1,0,0,1,2,E01002066,3,1,16/10/2015,16/10/2015,1,9,0,3,0.0,0,0,0,0,0,2.0,1.0,6,Male,25,21 - 25,1995,2,4,-1,1,-1.0,1,1,1,1,25,5,3,0,0,0,0,0,9,1,3,,,,,,,,,,,,,,,,,2015,10,2,20
23745,201501YR90840,533910.0,190800.0,-0.067945,51.600131,1,Slight,2,1,2015-10-19,Monday,18:10,Haringey,E09000014,3,1010,6,30.0,8,4,6,0,0.0,0.0,4,1,1,0,0,1,1,E01002038,3,1,19/10/2015,19/10/2015,1,4,0,18,0.0,8,0,0,0,0,3.0,1.0,6,Male,19,16 - 20,124,1,6,-1,-1,-1.0,1,1,1,1,19,4,3,0,0,0,0,0,4,-1,-1,,,,,,,,,,,,,,,,,2015,10,1,18
23760,201501YR90861,531060.0,190290.0,-0.10926,51.596217,1,Slight,2,1,2015-10-14,Wednesday,19:10,Haringey,E09000014,3,105,6,30.0,3,4,6,0,0.0,4.0,4,1,1,0,0,1,1,E01002029,3,1,14/10/2015,14/10/2015,1,3,0,5,0.0,8,0,0,0,0,1.0,1.0,6,Male,27,26 - 35,-1,-1,-1,-1,1,-1.0,1,1,1,1,27,6,3,0,0,0,0,0,3,1,5,,,,,,,,,,,,,,,,,2015,10,1,19
23761,201501YR90862,533500.0,190490.0,-0.073979,51.597442,1,Slight,2,2,2015-02-11,Wednesday,04:35,Haringey,E09000014,3,10,6,30.0,3,4,6,0,0.0,0.0,4,1,1,0,0,1,2,E01001976,3,1,02/11/2015,02/11/2015,1,9,0,2,0.0,1,0,0,0,0,1.0,1.0,6,Female,30,26 - 35,1995,1,7,-1,-1,-1.0,1,1,1,2,30,6,3,0,0,0,0,0,9,-1,-1,,,,,,,,,,,,,,,,,2015,2,2,4
23762,201501YR90863,531000.0,189490.0,-0.110424,51.589042,1,Slight,2,1,2015-10-30,Friday,20:13,Haringey,E09000014,4,138,3,30.0,6,2,3,504,0.0,5.0,7,1,1,0,0,1,1,E01002030,3,1,30/10/2015,30/10/2015,1,9,0,3,0.0,1,0,0,0,0,2.0,1.0,6,Female,17,16 - 20,1229,1,8,-1,1,-1.0,1,1,1,2,17,4,3,0,0,0,0,0,9,1,2,,,,,,,,,,,,,,,,,2015,10,1,20
23764,201501YR90865,531010.0,190380.0,-0.109948,51.597038,1,Slight,1,1,2015-11-21,Saturday,04:30,Haringey,E09000014,3,105,6,30.0,6,2,5,0,0.0,5.0,4,1,1,0,0,1,1,E01002029,3,1,21/11/2015,21/11/2015,1,9,0,18,0.0,1,0,0,0,0,1.0,1.0,2,Male,34,26 - 35,1984,1,4,-1,1,-1.0,1,1,3,2,35,6,3,1,1,0,0,2,0,1,1,,,,,,,,,,,,,,,,,2015,11,1,4
23766,201501YR90868,532660.0,191580.0,-0.085687,51.607435,1,Slight,2,1,2015-11-19,Thursday,22:52,Haringey,E09000014,3,10,3,40.0,0,-1,-1,0,0.0,0.0,4,1,2,0,0,1,1,E01002091,3,1,19/11/2015,19/11/2015,1,3,0,18,0.0,0,0,0,0,0,3.0,1.0,6,Male,18,16 - 20,124,1,4,-1,1,-1.0,1,1,1,1,18,4,3,0,0,0,0,0,3,1,2,,,,,,,,,,,,,,,,,2015,11,1,22
23771,201501YR90873,533650.0,188870.0,-0.072431,51.582849,1,Slight,1,2,2015-08-08,Saturday,23:32,Haringey,E09000014,3,10,6,30.0,9,2,3,503,0.0,5.0,4,9,1,0,0,1,1,E01002072,3,1,08/08/2015,08/08/2015,1,3,0,5,0.0,1,0,0,0,0,1.0,1.0,6,Male,22,21 - 25,124,1,6,-1,1,-1.0,1,1,1,1,22,5,3,0,0,0,0,0,3,1,2,,,,,,,,,,,,,,,,,2015,8,2,23
23773,201501YR90875,533360.0,190440.0,-0.076018,51.597026,1,Slight,2,1,2015-11-19,Thursday,19:20,Haringey,E09000014,6,0,2,30.0,6,4,6,0,0.0,0.0,4,1,2,0,0,1,1,E01001977,3,1,19/11/2015,19/11/2015,1,9,0,7,0.0,8,0,0,0,0,3.0,1.0,6,Female,26,26 - 35,1198,1,8,-1,1,-1.0,2,1,1,1,21,5,3,0,0,0,0,0,3,1,1,,,,,,,,,,,,,,,,,2015,11,1,19
23774,201501YR90876,534040.0,188390.0,-0.066988,51.578443,1,Slight,2,1,2015-11-16,Monday,22:32,Haringey,E09000014,6,0,6,30.0,6,4,6,0,0.0,0.0,4,2,2,0,0,1,1,E01002050,3,1,16/11/2015,16/11/2015,1,9,0,9,0.0,8,0,0,0,0,3.0,1.0,6,Male,34,26 - 35,2378,1,11,-1,1,-1.0,2,1,1,1,23,5,3,0,0,0,0,0,1,1,1,,,,,,,,,,,,,,,,,2015,11,1,22