,accident_index,location_easting_osgr,location_northing_osgr,longitude,latitude,police_force,accident_severity,number_of_vehicles,number_of_casualties,date,day_of_week,time,local_authority_district,local_authority_highway,first_road_class,first_road_number,road_type,speed_limit,junction_detail,junction_control,second_road_class,second_road_number,pedestrian_crossing-human_control,pedestrian_crossing-physical_facilities,light_conditions,weather_conditions,road_surface_conditions,special_conditions_at_site,carriageway_hazards,urban_or_rural_area,did_police_officer_attend_scene_of_accident,lsoa_of_accident_location,accident_severity_num,accident_severity_inv,date2,date_original,vehicle_reference_x,vehicle_type,towing_and_articulation,vehicle_manoeuvre,vehicle_location-restricted_lane,junction_location,skidding_and_overturning,hit_object_in_carriageway,vehicle_leaving_carriageway,hit_object_off_carriageway,1st_point_of_impact,was_vehicle_left_hand_drive?,journey_purpose_of_driver,sex_of_driver,age_of_driver,age_band_of_driver,engine_capacity_cc,propulsion_code,age_of_vehicle,driver_imd_decile,driver_home_area_type,vehicle_imd_decile,vehicle_reference_y,casualty_reference,casualty_class,sex_of_casualty,age_of_casualty,age_band_of_casualty,casualty_severity,pedestrian_location,pedestrian_movement,car_passenger,bus_or_coach_passenger,pedestrian_road_maintenance_worker,casualty_type,casualty_home_area_type,casualty_imd_decile,accident_year_x,accident_reference_x,local_authority_ons_district,pedestrian_crossing_human_control,pedestrian_crossing_physical_facilities,trunk_road_flag,accident_year_y,accident_reference_y,vehicle_direction_from,vehicle_direction_to,vehicle_location_restricted_lane,first_point_of_impact,vehicle_left_hand_drive,generic_make_model,accident_year,accident_reference,year,month,severity,hours
23777,201501YR90879,531850.0,190020.0,-0.097963,51.593607,1,Slight,1,1,2015-11-15,Sunday,01:50,Haringey,E09000014,3,1080,6,30.0,0,-1,-1,0,0.0,1.0,4,2,2,0,0,1,1,E01002083,3,1,15/11/2015,15/11/2015,1,9,0,18,0.0,0,5,10,1,1,1.0,1.0,6,Male,23,21 - 25,1149,1,8,-1,1,-1.0,1,1,1,1,23,5,3,0,0,0,0,0,9,1,1,,,,,,,,,,,,,,,,,2015,11,1,1
23778,201501YR90880,533810.0,190090.0,-0.069658,51.593774,1,Slight,1,1,2015-11-11,Wednesday,18:50,Haringey,E09000014,3,10,6,30.0,0,-1,-1,0,0.0,0.0,4,1,1,0,0,1,1,E01001979,3,1,11/11/2015,11/11/2015,1,4,0,14,0.0,0,0,0,0,0,4.0,1.0,6,Male,29,26 - 35,-1,-1,-1,-1,-1,-1.0,1,1,3,2,48,8,3,5,2,0,0,2,0,1,3,,,,,,,,,,,,,,,,,2015,11,1,18
23797,201501YR90901,531010.0,190390.0,-0.109944,51.597128,1,Serious,2,2,2015-12-08,Tuesday,21:55,Haringey,E09000014,3,105,6,30.0,6,2,5,0,0.0,5.0,4,1,1,0,0,1,1,E01002029,2,2,12/08/2015,12/08/2015,1,9,0,9,0.0,8,0,0,0,0,4.0,1.0,6,Male,21,21 - 25,1398,1,2,-1,1,-1.0,1,1,1,1,21,5,2,0,0,0,0,0,9,1,5,,,,,,,,,,,,,,,,,2015,12,4,21
23804,201501YR90908,531270.0,186980.0,-0.107466,51.566423,1,Slight,1,1,2015-11-22,Sunday,21:08,Islington,E09000019,3,1201,6,30.0,0,-1,-1,0,0.0,0.0,4,1,1,0,0,1,1,E01002735,3,1,22/11/2015,22/11/2015,1,3,0,18,0.0,0,0,0,0,0,3.0,1.0,6,Male,27,26 - 35,124,1,2,-1,1,-1.0,1,1,1,1,27,6,3,0,0,0,0,0,3,1,1,,,,,,,,,,,,,,,,,2015,11,1,21
23808,201501YR90912,532470.0,189170.0,-0.089338,51.585823,1,Slight,2,3,2015-10-20,Tuesday,19:15,Haringey,E09000014,6,0,6,30.0,0,-1,-1,0,0.0,0.0,7,1,1,0,0,1,1,E01002043,3,1,20/10/2015,20/10/2015,1,9,0,4,0.0,0,0,0,0,0,2.0,1.0,6,Female,31,26 - 35,1796,1,8,-1,-1,-1.0,1,1,1,2,31,6,3,0,0,0,0,0,9,-1,-1,,,,,,,,,,,,,,,,,2015,10,3,19
23812,201501YR90917,530590.0,190760.0,-0.115867,51.60055,1,Slight,2,1,2015-01-11,Sunday,00:08,Haringey,E09000014,3,109,6,30.0,3,2,4,151,0.0,0.0,4,7,2,0,0,1,1,E01002098,3,1,01/11/2015,01/11/2015,1,9,0,6,0.0,8,0,0,0,0,4.0,1.0,6,Male,18,16 - 20,-1,-1,-1,-1,1,-1.0,1,1,2,2,-1,-1,3,0,0,1,0,0,9,1,3,,,,,,,,,,,,,,,,,2015,1,1,0
23829,201501YR90935,533660.0,188910.0,-0.072271,51.583206,1,Slight,2,1,2015-11-18,Wednesday,00:30,Haringey,E09000014,3,10,6,30.0,3,2,3,503,0.0,5.0,4,4,1,0,0,1,1,E01002072,3,1,18/11/2015,18/11/2015,1,9,0,4,0.0,1,0,0,0,0,2.0,1.0,6,Male,20,16 - 20,1686,2,9,-1,1,-1.0,1,1,1,1,20,4,3,0,0,0,0,0,9,1,2,,,,,,,,,,,,,,,,,2015,11,1,0
23842,201501YR90952,530590.0,189340.0,-0.116395,51.587789,1,Slight,1,1,2015-09-12,Saturday,05:10,Haringey,E09000014,3,504,6,30.0,0,-1,-1,0,0.0,4.0,4,1,1,0,0,1,1,E01033085,3,1,09/12/2015,09/12/2015,1,9,0,18,0.0,0,0,7,7,1,1.0,1.0,6,Female,25,21 - 25,1499,2,1,-1,1,-1.0,1,1,2,2,19,4,3,0,0,2,0,0,9,1,1,,,,,,,,,,,,,,,,,2015,9,1,5
23843,201501YR90953,531810.0,188370.0,-0.099159,51.578789,1,Slight,2,1,2015-10-12,Monday,18:00,Haringey,E09000014,3,105,6,30.0,6,4,6,0,0.0,4.0,4,2,2,0,6,1,2,E01002002,3,1,10/12/2015,10/12/2015,1,3,0,18,0.0,8,0,0,0,0,1.0,1.0,1,Male,32,26 - 35,125,1,6,-1,-1,-1.0,1,1,1,1,32,6,3,0,0,0,0,0,3,-1,-1,,,,,,,,,,,,,,,,,2015,10,1,18
23845,201501YR90957,531800.0,188440.0,-0.099277,51.57942,1,Slight,1,1,2015-11-17,Tuesday,22:28,Haringey,E09000014,3,105,6,30.0,6,4,6,0,0.0,0.0,4,2,2,0,0,1,1,E01001999,3,1,17/11/2015,17/11/2015,1,9,0,18,0.0,1,0,0,0,0,4.0,1.0,6,Male,22,21 - 25,-1,-1,-1,-1,1,-1.0,1,1,3,1,34,6,3,5,1,0,0,2,0,1,3,,,,,,,,,,,,,,,,,2015,11,1,22
23857,201501YR90971,530710.0,189350.0,-0.11466,51.587851,1,Slight,2,3,2015-12-26,Saturday,00:56,Haringey,E09000014,3,504,6,30.0,3,2,3,504,0.0,5.0,4,2,2,0,0,1,1,E01033085,3,1,26/12/2015,26/12/2015,1,9,0,18,0.0,8,0,0,0,0,1.0,1.0,6,Male,27,26 - 35,1798,1,3,-1,1,-1.0,1,2,2,1,26,6,3,0,0,2,0,0,9,1,3,,,,,,,,,,,,,,,,,2015,12,3,0
23858,201501YR90972,531000.0,190390.0,-0.110089,51.59713,1,Slight,2,2,2015-12-25,Friday,18:10,Haringey,E09000014,3,105,6,30.0,3,2,5,0,0.0,5.0,4,2,2,0,0,1,1,E01002029,3,1,25/12/2015,25/12/2015,1,9,0,9,0.0,5,0,0,0,0,4.0,1.0,6,Male,26,26 - 35,998,1,14,-1,1,-1.0,2,1,2,2,31,6,3,0,0,1,0,0,9,1,5,,,,,,,,,,,,,,,,,2015,12,2,18
23862,201501YR90976,534360.0,190690.0,-0.061494,51.599035,1,Slight,2,1,2015-04-12,Sunday,22:47,Haringey,E09000014,6,0,6,30.0,6,4,6,0,0.0,4.0,7,1,1,0,0,1,1,E01002076,3,1,04/12/2015,04/12/2015,1,9,0,18,0.0,1,0,0,0,0,2.0,1.0,6,Male,32,26 - 35,2993,2,2,-1,1,-1.0,1,1,1,1,32,6,3,0,0,0,0,0,9,1,2,,,,,,,,,,,,,,,,,2015,4,1,22
23863,201501YR90977,534800.0,191680.0,-0.054764,51.607826,1,Slight,1,1,2015-12-30,Wednesday,20:20,Haringey,E09000014,6,0,6,30.0,1,4,5,0,0.0,8.0,4,2,2,0,0,1,1,E01002037,3,1,30/12/2015,30/12/2015,1,9,0,18,0.0,2,0,0,0,0,1.0,1.0,6,Male,28,26 - 35,1796,1,9,-1,1,-1.0,1,1,3,2,66,10,3,5,3,0,0,2,0,-1,-1,,,,,,,,,,,,,,,,,2015,12,1,20
23865,201501YR90979,533760.0,191370.0,-0.069892,51.605288,1,Slight,2,1,2015-12-23,Wednesday,00:25,Haringey,E09000014,5,0,6,30.0,3,4,6,0,0.0,0.0,4,1,2,0,0,1,1,E01002034,3,1,23/12/2015,23/12/2015,1,9,0,18,0.0,2,0,0,0,0,4.0,1.0,6,Female,22,21 - 25,1229,1,1,-1,1,-1.0,1,1,2,1,12,3,3,0,0,1,0,0,9,1,1,,,,,,,,,,,,,,,,,2015,12,1,0
23872,201501YR90986,533650.0,188160.0,-0.072701,51.576469,1,Slight,1,2,2015-12-22,Tuesday,01:45,Haringey,E09000014,3,10,6,30.0,3,4,6,0,0.0,8.0,7,1,1,0,0,1,1,E01002055,3,1,22/12/2015,22/12/2015,1,3,0,18,0.0,1,0,0,1,0,1.0,1.0,6,Male,32,26 - 35,649,1,2,-1,1,-1.0,1,1,1,1,32,6,3,0,0,0,0,0,3,1,9,,,,,,,,,,,,,,,,,2015,12,2,1
23877,201501YR90993,532220.0,190730.0,-0.092357,51.5999,1,Slight,2,1,2015-07-11,Saturday,19:30,Haringey,E09000014,6,0,6,30.0,3,4,3,1080,0.0,0.0,4,1,1,0,0,1,2,E01002100,3,1,07/11/2015,07/11/2015,1,9,0,2,0.0,2,0,0,0,0,2.0,1.0,6,Male,31,26 - 35,1984,1,7,-1,1,-1.0,1,1,1,1,31,6,3,0,0,0,0,0,9,1,2,,,,,,,,,,,,,,,,,2015,7,1,19
23890,201501YR91022,530730.0,189080.0,-0.114472,51.58542,1,Slight,2,1,2015-05-12,Tuesday,20:28,Haringey,E09000014,3,103,6,20.0,0,-1,-1,0,0.0,0.0,4,1,1,0,6,1,1,E01002014,3,1,05/12/2015,05/12/2015,1,3,0,4,0.0,0,0,0,0,0,0.0,1.0,1,Male,31,26 - 35,124,1,4,-1,1,-1.0,1,1,1,1,31,6,3,0,0,0,0,0,3,1,3,,,,,,,,,,,,,,,,,2015,5,1,20
23903,201501YR99015,532220.0,189700.0,-0.092745,51.590645,1,Slight,2,1,2015-12-30,Wednesday,20:35,Haringey,E09000014,4,155,1,30.0,2,4,6,0,0.0,1.0,4,5,2,0,0,1,1,E01002084,3,1,30/12/2015,30/12/2015,1,2,0,9,0.0,8,0,0,0,0,2.0,1.0,1,Male,26,26 - 35,125,1,5,-1,1,-1.0,1,1,1,1,26,6,3,0,0,0,0,0,2,1,3,,,,,,,,,,,,,,,,,2015,12,1,20
23904,201501YR99016,533890.0,191240.0,-0.068065,51.604089,1,Slight,2,1,2015-11-27,Friday,18:49,Haringey,E09000014,3,1010,6,30.0,3,4,6,0,0.0,0.0,4,1,2,0,0,1,1,E01002034,3,1,27/11/2015,27/11/2015,1,2,0,18,0.0,8,0,0,0,0,1.0,1.0,1,Male,22,21 - 25,109,1,2,-1,1,-1.0,1,1,1,1,22,5,3,0,0,0,0,0,2,1,1,,,,,,,,,,,,,,,,,2015,11,1,18
23905,201501YR99018,533480.0,189930.0,-0.07448,51.592415,1,Slight,2,1,2015-03-12,Thursday,18:11,Haringey,E09000014,6,0,6,20.0,3,4,6,0,0.0,0.0,4,2,2,0,0,1,1,E01001981,3,1,03/12/2015,03/12/2015,1,3,0,3,0.0,2,0,0,0,0,1.0,1.0,6,Male,32,26 - 35,124,1,10,-1,1,-1.0,1,1,1,1,32,6,3,0,0,0,0,0,3,1,3,,,,,,,,,,,,,,,,,2015,3,1,18
23916,201501YR99049,531480.0,187850.0,-0.104113,51.574193,1,Slight,2,1,2015-12-14,Monday,23:40,Haringey,E09000014,4,150,6,30.0,2,4,4,138,0.0,0.0,4,1,1,0,0,1,1,E01002002,3,1,14/12/2015,14/12/2015,1,9,0,18,0.0,8,0,0,0,0,4.0,1.0,6,Male,25,21 - 25,-1,-1,-1,-1,1,-1.0,1,1,2,2,24,5,3,0,0,1,0,0,9,1,3,,,,,,,,,,,,,,,,,2015,12,1,23
23927,201501YR99085,531480.0,190590.0,-0.103088,51.598815,1,Slight,2,1,2015-12-27,Sunday,20:35,Haringey,E09000014,3,109,6,30.0,3,4,6,0,0.0,4.0,4,1,1,0,0,1,1,E01002033,3,1,27/12/2015,27/12/2015,1,9,0,9,0.0,1,0,0,0,0,4.0,1.0,6,Female,19,16 - 20,1229,1,7,-1,1,-1.0,2,1,1,1,27,6,3,0,0,0,0,0,3,1,3,,,,,,,,,,,,,,,,,2015,12,1,20
23931,201501YR99105,533760.0,189470.0,-0.070616,51.588215,1,Slight,2,2,2015-11-29,Sunday,03:02,Haringey,E09000014,3,10,3,30.0,0,-1,-1,0,0.0,0.0,4,1,1,0,0,1,1,E01002066,3,1,29/11/2015,29/11/2015,1,9,0,18,0.0,0,0,0,0,0,1.0,1.0,6,Female,33,26 - 35,-1,-1,-1,-1,1,-1.0,1,1,1,2,33,6,3,0,0,0,0,0,9,1,2,,,,,,,,,,,,,,,,,2015,11,2,3
23933,201501YR99109,532820.0,189160.0,-0.084293,51.585651,1,Slight,2,2,2015-11-12,Thursday,23:40,Haringey,E09000014,3,504,6,30.0,3,4,6,0,0.0,1.0,4,1,1,0,0,1,1,E01002049,3,1,11/12/2015,11/12/2015,1,9,0,9,0.0,1,0,0,0,0,3.0,1.0,6,Male,33,26 - 35,1398,1,4,-1,1,-1.0,1,1,1,1,33,6,3,0,0,0,0,0,9,1,3,,,,,,,,,,,,,,,,,2015,11,2,23
23935,201501YR99121,531830.0,188220.0,-0.098927,51.577436,1,Slight,3,1,2015-12-16,Wednesday,01:50,Haringey,E09000014,3,105,6,30.0,3,4,6,0,0.0,0.0,4,2,2,0,0,1,1,E01002002,3,1,16/12/2015,16/12/2015,1,9,0,9,0.0,1,0,4,0,0,3.0,1.0,6,Male,22,21 - 25,2000,1,6,-1,1,-1.0,1,1,1,1,22,5,3,0,0,0,0,0,9,1,7,,,,,,,,,,,,,,,,,2015,12,1,1
23938,201501YR99125,531480.0,189650.0,-0.10344,51.590368,1,Slight,2,1,2015-11-21,Saturday,19:29,Haringey,E09000014,3,105,6,30.0,6,2,3,504,0.0,5.0,4,1,1,0,0,1,1,E01002003,3,1,21/11/2015,21/11/2015,1,9,0,18,0.0,8,0,0,0,0,1.0,1.0,6,Male,25,21 - 25,3189,1,7,-1,1,-1.0,2,1,1,1,54,8,3,0,0,0,0,0,9,1,2,,,,,,,,,,,,,,,,,2015,11,1,19
23945,201501YR99138,533900.0,191100.0,-0.067975,51.602829,1,Slight,2,1,2015-10-22,Thursday,04:41,Haringey,E09000014,3,1010,6,30.0,0,-1,-1,0,0.0,0.0,4,1,1,0,0,1,1,E01002034,3,1,22/10/2015,22/10/2015,1,9,0,18,0.0,0,0,0,0,0,3.0,1.0,6,Male,26,26 - 35,1798,1,8,-1,1,-1.0,2,1,1,1,55,8,3,0,0,0,0,0,9,1,2,,,,,,,,,,,,,,,,,2015,10,1,4
23958,201501ZD30013,531310.0,167710.0,-0.114047,51.393242,1,Slight,2,1,2015-02-01,Sunday,22:20,Croydon,E09000008,4,266,6,30.0,3,4,3,235,0.0,0.0,4,5,2,0,0,1,2,E01001183,3,1,02/01/2015,02/01/2015,1,9,0,18,0.0,1,0,0,0,0,2.0,1.0,6,Male,32,26 - 35,1364,1,7,-1,1,-1.0,1,1,1,1,32,6,3,0,0,0,0,0,9,1,6,,,,,,,,,,,,,,,,,2015,2,1,22
23970,201501ZD30028,533480.0,160920.0,-0.085422,51.331717,1,Slight,2,1,2015-09-01,Tuesday,21:30,Croydon,E09000008,3,2022,6,30.0,3,4,6,0,0.0,0.0,7,1,1,0,0,1,1,E01001101,3,1,09/01/2015,09/01/2015,1,9,0,2,0.0,1,0,0,0,0,2.0,1.0,6,Male,19,16 - 20,1399,2,11,-1,1,-1.0,2,1,1,1,33,6,3,0,0,0,0,0,9,1,10,,,,,,,,,,,,,,,,,2015,9,1,21
23974,201501ZD30035,532560.0,167060.0,-0.096334,51.387111,1,Slight,1,1,2015-01-23,Friday,18:32,Croydon,E09000008,3,213,6,30.0,7,2,3,212,0.0,0.0,4,1,1,0,0,1,1,E01001116,3,1,23/01/2015,23/01/2015,1,9,0,18,0.0,1,0,0,0,0,1.0,1.0,6,Female,29,26 - 35,1124,1,13,-1,1,-1.0,1,1,3,1,16,4,3,5,1,0,0,2,0,1,3,,,,,,,,,,,,,,,,,2015,1,1,18
23977,201501ZD30041,533810.0,167370.0,-0.078264,51.389603,1,Slight,2,1,2015-01-26,Monday,23:53,Croydon,E09000008,5,0,6,30.0,3,4,6,0,0.0,0.0,4,1,1,0,0,1,2,E01001187,3,1,26/01/2015,26/01/2015,1,9,0,18,0.0,8,0,0,0,0,1.0,1.0,6,Male,20,16 - 20,1198,1,13,-1,1,-1.0,1,1,1,1,20,4,3,0,0,0,0,0,9,1,2,,,,,,,,,,,,,,,,,2015,1,1,23
23990,201501ZD30060,532020.0,166470.0,-0.104309,51.381934,1,Slight,2,1,2015-01-22,Thursday,00:05,Croydon,E09000008,6,0,6,30.0,3,4,6,0,0.0,0.0,4,1,1,0,0,1,1,E01001012,3,1,22/01/2015,22/01/2015,1,9,0,14,0.0,2,0,0,0,0,1.0,1.0,6,Male,28,26 - 35,1596,1,2,-1,1,-1.0,2,1,1,1,22,5,3,0,0,0,0,0,9,1,9,,,,,,,,,,,,,,,,,2015,1,1,0
23997,201501ZD30079,533120.0,166360.0,-0.088553,51.380689,1,Slight,2,1,2015-04-02,Thursday,22:52,Croydon,E09000008,3,222,6,30.0,3,4,5,0,0.0,0.0,4,1,1,0,0,1,2,E01000976,3,1,04/02/2015,04/02/2015,1,9,0,18,0.0,8,0,0,0,0,1.0,1.0,6,Male,21,21 - 25,1598,1,7,-1,1,-1.0,2,1,1,2,22,5,3,0,0,0,0,0,9,1,3,,,,,,,,,,,,,,,,,2015,4,1,22
24015,201501ZD30109,530640.0,169640.0,-0.122961,51.410741,1,Slight,1,1,2015-01-23,Friday,20:37,Croydon,E09000008,3,23,6,30.0,3,4,5,0,0.0,0.0,4,2,2,0,0,1,1,E01001089,3,1,23/01/2015,23/01/2015,1,9,0,18,0.0,1,0,0,0,0,1.0,1.0,6,Male,27,26 - 35,1197,1,4,-1,3,-1.0,1,1,3,1,61,9,3,5,1,0,0,2,0,1,3,,,,,,,,,,,,,,,,,2015,1,1,20
24018,201501ZD30113,529370.0,161690.0,-0.144104,51.339586,1,Slight,2,1,2015-02-14,Saturday,18:12,Croydon,E09000008,3,237,1,30.0,2,4,3,2022,0.0,0.0,4,2,2,0,0,1,1,E01001028,3,1,14/02/2015,14/02/2015,1,5,0,18,0.0,8,0,0,0,0,4.0,1.0,6,Male,34,26 - 35,649,1,9,-1,1,-1.0,1,1,1,1,34,6,3,0,0,0,0,0,5,1,8,,,,,,,,,,,,,,,,,2015,2,1,18
24036,201501ZD30137,533550.0,167090.0,-0.082103,51.387148,1,Slight,2,1,2015-02-26,Thursday,22:30,Croydon,E09000008,5,0,6,30.0,3,4,6,0,0.0,0.0,4,1,2,0,0,1,1,E01000980,3,1,26/02/2015,26/02/2015,1,9,0,18,0.0,8,0,0,0,0,1.0,1.0,6,Male,25,21 - 25,2616,1,7,-1,1,-1.0,2,1,1,1,31,6,3,0,0,0,0,0,9,1,4,,,,,,,,,,,,,,,,,2015,2,1,22
24038,201501ZD30139,535450.0,163970.0,-0.056003,51.358661,1,Slight,1,1,2015-02-15,Sunday,18:04,Croydon,E09000008,3,212,6,30.0,0,-1,-1,0,0.0,0.0,4,1,2,0,0,1,1,E01001064,3,1,15/02/2015,15/02/2015,1,9,0,18,0.0,0,5,0,0,0,0.0,1.0,6,Male,23,21 - 25,1998,1,11,-1,1,-1.0,1,1,1,1,23,5,3,0,0,0,0,0,9,1,10,,,,,,,,,,,,,,,,,2015,2,1,18
24044,201501ZD30148,534550.0,164390.0,-0.068762,51.362649,1,Slight,1,1,2015-01-01,Thursday,23:55,Croydon,E09000008,3,212,6,30.0,3,4,5,0,0.0,0.0,4,2,2,0,0,1,1,E01001122,3,1,01/01/2015,01/01/2015,1,9,0,18,0.0,1,5,10,0,0,1.0,1.0,6,Male,34,26 - 35,-1,-1,-1,-1,1,-1.0,1,1,2,2,28,6,3,0,0,1,0,0,9,1,9,,,,,,,,,,,,,,,,,2015,1,1,23
24054,201501ZD30160,533670.0,169260.0,-0.079563,51.406621,1,Slight,1,1,2015-02-23,Monday,18:00,Croydon,E09000008,5,0,6,30.0,3,4,6,0,0.0,0.0,4,1,1,0,0,1,1,E01001140,3,1,23/02/2015,23/02/2015,1,3,0,18,0.0,1,0,0,0,0,1.0,1.0,6,Male,21,21 - 25,125,1,1,-1,1,-1.0,1,1,3,1,58,9,3,5,1,0,0,2,0,1,8,,,,,,,,,,,,,,,,,2015,2,1,18
24055,201501ZD30161,533430.0,169110.0,-0.083068,51.405329,1,Slight,2,1,2015-02-27,Friday,01:10,Croydon,E09000008,3,215,6,30.0,3,4,6,0,0.0,0.0,7,1,1,0,7,1,1,E01001139,3,1,27/02/2015,27/02/2015,1,9,0,18,0.0,1,0,4,0,0,1.0,1.0,6,Male,20,16 - 20,1390,1,9,-1,1,-1.0,1,1,1,1,20,4,3,0,0,0,0,0,9,1,2,,,,,,,,,,,,,,,,,2015,2,1,1
24060,201501ZD30167,533500.0,158710.0,-0.085962,51.311852,1,Slight,2,1,2015-02-28,Saturday,22:40,Croydon,E09000008,6,0,6,30.0,6,4,6,0,0.0,0.0,7,1,1,0,0,1,2,E01001071,3,1,28/02/2015,28/02/2015,1,9,0,3,0.0,1,0,0,0,0,2.0,1.0,6,Male,23,21 - 25,1149,1,10,-1,1,-1.0,1,1,1,1,23,5,3,0,0,0,0,0,9,1,2,,,,,,,,,,,,,,,,,2015,2,1,22
24068,201501ZD30180,531350.0,169360.0,-0.112862,51.408061,1,Slight,2,1,2015-02-21,Saturday,01:37,Croydon,E09000008,6,0,6,30.0,3,4,6,0,0.0,0.0,4,1,2,0,0,1,1,E01001161,3,1,21/02/2015,21/02/2015,1,9,0,18,0.0,1,0,4,0,0,1.0,1.0,6,Male,32,26 - 35,-1,-1,-1,-1,1,-1.0,1,1,1,1,32,6,3,0,0,0,0,0,9,1,2,,,,,,,,,,,,,,,,,2015,2,1,1
24091,201501ZD30208,533080.0,164710.0,-0.089744,51.36587,1,Slight,2,1,2015-10-03,Saturday,19:20,Croydon,E09000008,4,243,1,30.0,2,4,3,212,0.0,0.0,4,1,1,0,0,1,1,E01001035,3,1,10/03/2015,10/03/2015,1,3,0,9,0.0,8,0,0,0,0,4.0,1.0,6,Male,24,21 - 25,-1,-1,-1,-1,1,-1.0,1,1,1,1,24,5,3,0,0,0,0,0,3,1,5,,,,,,,,,,,,,,,,,2015,10,1,19
24094,201501ZD30211,529450.0,161990.0,-0.142847,51.342264,1,Slight,1,1,2015-03-15,Sunday,21:55,Croydon,E09000008,6,0,6,30.0,3,4,6,0,0.0,0.0,4,1,2,0,0,1,2,E01001094,3,1,15/03/2015,15/03/2015,1,9,0,18,0.0,1,0,10,1,10,1.0,1.0,6,Male,20,16 - 20,-1,-1,-1,-1,-1,-1.0,1,1,2,1,24,5,3,0,0,1,0,0,9,1,5,,,,,,,,,,,,,,,,,2015,3,1,21
24097,201501ZD30215,530810.0,166850.0,-0.121546,51.385629,1,Slight,2,1,2015-09-03,Thursday,21:00,Croydon,E09000008,3,236,6,30.0,3,4,3,23,0.0,0.0,4,1,1,0,0,1,1,E01001180,3,1,09/03/2015,09/03/2015,1,3,0,3,0.0,1,0,0,0,0,2.0,1.0,6,Male,23,21 - 25,125,1,8,-1,1,-1.0,1,1,1,1,23,5,3,0,0,0,0,0,3,1,6,,,,,,,,,,,,,,,,,2015,9,1,21
24102,201501ZD30220,538280.0,162160.0,-0.016086,51.341714,1,Slight,2,1,2015-04-03,Friday,18:01,Croydon,E09000008,5,0,6,30.0,3,4,6,0,0.0,0.0,7,1,1,0,0,1,2,E01001080,3,1,04/03/2015,04/03/2015,1,9,0,18,0.0,8,0,0,0,0,1.0,1.0,6,Female,25,21 - 25,1598,1,10,-1,1,-1.0,1,1,1,2,25,5,3,0,0,0,0,0,9,1,2,,,,,,,,,,,,,,,,,2015,4,1,18
24103,201501ZD30221,532380.0,160260.0,-0.101447,51.326043,1,Slight,2,1,2015-11-03,Tuesday,23:00,Croydon,E09000008,3,22,6,30.0,3,4,5,0,0.0,0.0,4,1,1,0,0,1,2,E01001075,3,1,11/03/2015,11/03/2015,1,9,0,4,0.0,2,0,0,0,0,2.0,1.0,6,Female,31,26 - 35,-1,-1,-1,-1,1,-1.0,1,1,1,2,31,6,3,0,0,0,0,0,9,1,9,,,,,,,,,,,,,,,,,2015,11,1,23
24105,201501ZD30224,531800.0,167210.0,-0.107194,51.388635,1,Slight,2,1,2015-03-18,Wednesday,23:41,Croydon,E09000008,5,0,6,30.0,6,4,6,0,0.0,4.0,4,1,1,0,0,1,1,E01001178,3,1,18/03/2015,18/03/2015,1,9,0,9,0.0,8,0,0,0,0,4.0,1.0,6,Male,19,16 - 20,1364,1,8,-1,1,-1.0,1,1,1,1,19,4,3,0,0,0,0,0,9,1,8,,,,,,,,,,,,,,,,,2015,3,1,23
24109,201501ZD30228,534100.0,161090.0,-0.076464,51.333099,1,Slight,2,1,2015-03-16,Monday,21:15,Croydon,E09000008,4,269,6,30.0,3,4,6,0,0.0,0.0,4,1,1,0,0,1,1,E01001102,3,1,16/03/2015,16/03/2015,1,3,0,13,0.0,1,0,0,0,0,1.0,1.0,6,Male,20,16 - 20,124,1,9,-1,1,-1.0,2,1,1,2,30,6,3,0,0,0,0,0,1,1,4,,,,,,,,,,,,,,,,,2015,3,1,21
24113,201501ZD30233,530710.0,169400.0,-0.122044,51.408568,1,Slight,2,1,2015-03-21,Saturday,20:21,Croydon,E09000008,3,23,6,30.0,3,4,6,0,0.0,4.0,4,1,1,0,0,1,1,E01001087,3,1,21/03/2015,21/03/2015,1,3,0,9,0.0,8,0,0,0,0,3.0,1.0,6,Male,23,21 - 25,-1,-1,-1,-1,3,-1.0,1,1,1,1,23,5,3,0,0,0,0,0,3,3,9,,,,,,,,,,,,,,,,,2015,3,1,20
24122,201501ZD30243,533450.0,166460.0,-0.083776,51.38151,1,Slight,2,1,2015-03-20,Friday,03:05,Croydon,E09000008,4,243,6,30.0,3,4,6,0,0.0,0.0,4,1,1,0,0,1,1,E01000984,3,1,20/03/2015,20/03/2015,1,9,0,18,0.0,1,0,0,0,0,1.0,1.0,6,Female,21,21 - 25,1995,1,5,-1,1,-1.0,1,1,1,2,21,5,3,0,0,0,0,0,9,1,4,,,,,,,,,,,,,,,,,2015,3,1,3
24123,201501ZD30244,530490.0,169370.0,-0.125216,51.408349,1,Slight,2,1,2015-03-21,Saturday,18:10,Croydon,E09000008,6,0,6,30.0,6,4,6,0,0.0,0.0,4,1,1,0,0,1,1,E01001089,3,1,21/03/2015,21/03/2015,1,5,0,18,0.0,8,0,0,0,0,1.0,1.0,6,Male,22,21 - 25,487,1,17,-1,1,-1.0,1,1,1,1,22,5,3,0,0,0,0,0,5,1,6,,,,,,,,,,,,,,,,,2015,3,1,18
24136,201501ZD30262,533510.0,170710.0,-0.081317,51.419689,1,Slight,2,1,2015-05-04,Monday,20:58,Croydon,E09000008,3,214,2,30.0,8,4,6,0,0.0,4.0,4,1,1,0,0,1,1,E01001164,3,1,05/04/2015,05/04/2015,1,3,0,9,0.0,8,0,10,1,2,2.0,1.0,6,Male,18,16 - 20,125,1,4,-1,1,-1.0,1,1,1,1,18,4,3,0,0,0,0,0,3,1,2,,,,,,,,,,,,,,,,,2015,5,1,20
24137,201501ZD30264,531210.0,168560.0,-0.11517,51.400904,1,Slight,1,1,2015-06-04,Thursday,23:00,Croydon,E09000008,6,0,6,30.0,8,4,6,0,0.0,0.0,4,1,1,0,0,1,1,E01000995,3,1,06/04/2015,06/04/2015,1,3,0,7,0.0,2,0,0,0,0,0.0,1.0,6,Male,29,26 - 35,124,1,4,-1,-1,-1.0,1,1,1,1,29,6,3,0,0,0,0,0,3,-1,-1,,,,,,,,,,,,,,,,,2015,6,1,23
24150,201501ZD30284,532420.0,164890.0,-0.099152,51.367642,1,Serious,1,1,2015-02-16,Monday,20:21,Croydon,E09000008,3,235,6,30.0,6,2,4,271,0.0,0.0,4,2,2,0,0,1,1,E01001043,2,2,16/02/2015,16/02/2015,1,9,0,9,0.0,8,0,0,0,0,1.0,1.0,6,Male,27,26 - 35,1995,2,8,-1,1,-1.0,1,1,3,2,67,10,2,5,3,0,0,2,0,1,3,,,,,,,,,,,,,,,,,2015,2,2,20