,accident_index,location_easting_osgr,location_northing_osgr,longitude,latitude,police_force,accident_severity,number_of_vehicles,number_of_casualties,date,day_of_week,time,local_authority_district,local_authority_highway,first_road_class,first_road_number,road_type,speed_limit,junction_detail,junction_control,second_road_class,second_road_number,pedestrian_crossing-human_control,pedestrian_crossing-physical_facilities,light_conditions,weather_conditions,road_surface_conditions,special_conditions_at_site,carriageway_hazards,urban_or_rural_area,did_police_officer_attend_scene_of_accident,lsoa_of_accident_location,accident_severity_num,accident_severity_inv,date2,date_original,vehicle_reference_x,vehicle_type,towing_and_articulation,vehicle_manoeuvre,vehicle_location-restricted_lane,junction_location,skidding_and_overturning,hit_object_in_carriageway,vehicle_leaving_carriageway,hit_object_off_carriageway,1st_point_of_impact,was_vehicle_left_hand_drive?,journey_purpose_of_driver,sex_of_driver,age_of_driver,age_band_of_driver,engine_capacity_cc,propulsion_code,age_of_vehicle,driver_imd_decile,driver_home_area_type,vehicle_imd_decile,vehicle_reference_y,casualty_reference,casualty_class,sex_of_casualty,age_of_casualty,age_band_of_casualty,casualty_severity,pedestrian_location,pedestrian_movement,car_passenger,bus_or_coach_passenger,pedestrian_road_maintenance_worker,casualty_type,casualty_home_area_type,casualty_imd_decile,accident_year_x,accident_reference_x,local_authority_ons_district,pedestrian_crossing_human_control,pedestrian_crossing_physical_facilities,trunk_road_flag,accident_year_y,accident_reference_y,vehicle_direction_from,vehicle_direction_to,vehicle_location_restricted_lane,first_point_of_impact,vehicle_left_hand_drive,generic_make_model,accident_year,accident_reference,year,month,severity,hours
24151,201501ZD30285,531260.0,169980.0,-0.113926,51.413654,1,Slight,1,1,2015-10-04,Sunday,01:30,Croydon,E09000008,4,273,6,30.0,3,4,6,0,0.0,0.0,4,1,1,0,0,1,1,E01001083,3,1,10/04/2015,10/04/2015,1,9,0,18,0.0,1,0,10,0,0,1.0,1.0,6,Male,25,21 - 25,1968,2,2,-1,1,-1.0,1,1,1,1,25,5,3,0,0,0,0,0,9,1,5,,,,,,,,,,,,,,,,,2015,10,1,1
24172,201501ZD30313,535350.0,167020.0,-0.056278,51.386093,1,Slight,2,1,2015-04-17,Friday,18:45,Croydon,E09000008,6,0,6,30.0,3,4,6,0,0.0,0.0,1,1,1,0,0,1,2,E01000992,3,1,17/04/2015,17/04/2015,1,9,0,2,0.0,8,0,0,0,0,2.0,1.0,6,Female,34,26 - 35,1991,2,5,-1,1,-1.0,1,1,1,2,34,6,3,0,0,0,0,0,9,1,3,,,,,,,,,,,,,,,,,2015,4,1,18
24177,201501ZD30320,531530.0,167040.0,-0.111135,51.38717,1,Slight,2,2,2015-04-28,Tuesday,19:51,Croydon,E09000008,3,235,6,30.0,3,4,5,0,0.0,0.0,1,1,1,0,0,1,1,E01001181,3,1,28/04/2015,28/04/2015,1,9,0,18,0.0,8,0,0,0,0,4.0,1.0,6,Male,30,26 - 35,1598,1,8,-1,1,-1.0,1,1,1,1,30,6,3,0,0,0,0,0,9,1,3,,,,,,,,,,,,,,,,,2015,4,2,19
24189,201501ZD30335,530870.0,166830.0,-0.120692,51.385435,1,Slight,2,1,2015-02-05,Thursday,18:11,Croydon,E09000008,5,0,6,30.0,1,4,3,236,0.0,0.0,1,1,1,0,0,1,2,E01001008,3,1,02/05/2015,02/05/2015,1,9,0,18,0.0,1,0,0,0,0,3.0,1.0,6,Female,19,16 - 20,1229,1,8,-1,1,-1.0,1,1,1,2,19,4,3,0,0,0,0,0,9,1,2,,,,,,,,,,,,,,,,,2015,2,1,18
24190,201501ZD30337,531140.0,169550.0,-0.11581,51.409817,1,Slight,2,1,2015-01-05,Monday,23:00,Croydon,E09000008,6,0,6,30.0,3,4,6,0,0.0,0.0,4,1,2,0,0,1,2,E01001087,3,1,01/05/2015,01/05/2015,1,9,0,3,0.0,1,0,0,0,0,2.0,1.0,6,Female,21,21 - 25,1229,1,7,-1,1,-1.0,1,1,1,2,21,5,3,0,0,0,0,0,9,1,2,,,,,,,,,,,,,,,,,2015,1,1,23
24218,201501ZD30369,535510.0,163960.0,-0.055145,51.358556,1,Slight,1,1,2015-05-05,Tuesday,21:00,Croydon,E09000008,5,0,6,30.0,1,4,3,212,0.0,0.0,4,1,1,0,0,1,2,E01001064,3,1,05/05/2015,05/05/2015,1,9,0,18,0.0,1,0,10,1,7,1.0,1.0,6,Female,19,16 - 20,1149,1,4,-1,1,-1.0,1,1,1,2,19,4,3,0,0,0,0,0,9,1,8,,,,,,,,,,,,,,,,,2015,5,1,21
24220,201501ZD30373,533010.0,165560.0,-0.090432,51.373525,1,Slight,3,2,2015-04-26,Sunday,22:09,Croydon,E09000008,6,0,6,30.0,3,4,6,0,0.0,0.0,4,1,1,0,0,1,1,E01001045,3,1,26/04/2015,26/04/2015,1,9,0,18,0.0,1,0,0,0,0,2.0,1.0,6,Male,25,21 - 25,1422,2,7,-1,1,-1.0,1,1,1,1,25,5,3,0,0,0,0,0,9,1,8,,,,,,,,,,,,,,,,,2015,4,2,22
24224,201501ZD30377,530020.0,169400.0,-0.131959,51.408727,1,Slight,2,1,2015-08-05,Wednesday,18:45,Croydon,E09000008,5,0,6,30.0,3,4,5,0,0.0,0.0,1,1,1,0,0,1,1,E01001088,3,1,08/05/2015,08/05/2015,1,9,0,9,0.0,8,0,0,0,0,4.0,1.0,6,Male,35,26 - 35,2993,2,8,-1,1,-1.0,2,1,1,1,24,5,3,0,0,0,0,0,4,1,1,,,,,,,,,,,,,,,,,2015,8,1,18
24234,201501ZD30392,530550.0,167000.0,-0.125225,51.387037,1,Slight,2,1,2015-05-18,Monday,18:50,Croydon,E09000008,3,236,6,30.0,3,4,6,0,0.0,0.0,1,1,1,0,0,1,2,E01001007,3,1,18/05/2015,18/05/2015,1,9,0,4,0.0,1,0,0,0,0,2.0,1.0,6,Male,33,26 - 35,-1,-1,-1,-1,1,-1.0,1,1,1,1,33,6,3,0,0,0,0,0,9,1,2,,,,,,,,,,,,,,,,,2015,5,1,18
24241,201501ZD30400,530910.0,165960.0,-0.120437,51.377608,1,Slight,2,2,2015-05-21,Thursday,19:43,Croydon,E09000008,6,0,6,30.0,3,4,3,23,0.0,0.0,1,1,1,0,0,1,1,E01001010,3,1,21/05/2015,21/05/2015,1,9,0,4,0.0,8,0,0,0,0,2.0,1.0,6,Male,31,26 - 35,1598,1,5,-1,1,-1.0,1,1,2,2,36,7,3,0,0,1,0,0,9,1,1,,,,,,,,,,,,,,,,,2015,5,2,19
24245,201501ZD30404,529850.0,160190.0,-0.137763,51.325996,1,Slight,2,1,2015-05-26,Tuesday,20:30,Croydon,E09000008,3,237,6,30.0,6,4,6,0,0.0,0.0,7,1,1,0,0,1,1,E01001031,3,1,26/05/2015,26/05/2015,1,9,0,9,0.0,8,0,0,0,0,3.0,1.0,6,Female,21,21 - 25,998,1,13,-1,-1,-1.0,1,1,1,2,21,5,3,0,0,0,0,0,9,-1,-1,,,,,,,,,,,,,,,,,2015,5,1,20
24248,201501ZD30407,531210.0,164760.0,-0.116572,51.366754,1,Slight,2,1,2015-05-27,Wednesday,18:24,Croydon,E09000008,3,232,6,30.0,8,4,6,0,0.0,0.0,1,1,1,0,0,1,1,E01001167,3,1,27/05/2015,27/05/2015,1,9,0,10,0.0,8,0,0,0,0,2.0,1.0,6,Female,28,26 - 35,1296,1,8,-1,1,-1.0,2,1,1,2,41,7,3,0,0,0,0,0,5,1,10,,,,,,,,,,,,,,,,,2015,5,1,18
24288,201501ZD30462,531090.0,168350.0,-0.116971,51.399045,1,Slight,2,1,2015-11-06,Friday,01:55,Croydon,E09000008,3,23,6,30.0,3,4,6,0,0.0,4.0,4,4,1,0,0,1,1,E01001182,3,1,11/06/2015,11/06/2015,1,3,0,18,0.0,8,0,0,0,0,1.0,1.0,6,Male,21,21 - 25,125,1,3,-1,1,-1.0,1,1,1,1,21,5,3,0,0,0,0,0,3,1,2,,,,,,,,,,,,,,,,,2015,11,1,1
24289,201501ZD30464,534050.0,168450.0,-0.074409,51.399252,1,Slight,2,1,2015-05-20,Wednesday,18:10,Croydon,E09000008,3,215,6,30.0,3,4,6,0,0.0,0.0,1,1,1,0,0,1,2,E01001145,3,1,20/05/2015,20/05/2015,1,9,0,3,0.0,1,0,0,0,0,2.0,1.0,6,Female,30,26 - 35,1596,1,11,-1,1,-1.0,2,1,1,1,-1,-1,3,0,0,0,0,0,4,1,4,,,,,,,,,,,,,,,,,2015,5,1,18
24300,201501ZD30477,534500.0,168040.0,-0.068099,51.395461,1,Slight,2,1,2015-12-06,Sunday,18:30,Croydon,E09000008,3,215,6,30.0,3,4,6,0,0.0,0.0,1,1,1,0,0,1,1,E01001191,3,1,12/06/2015,12/06/2015,1,9,0,9,0.0,8,0,0,0,0,4.0,1.0,6,Male,35,26 - 35,2685,2,12,-1,1,-1.0,2,1,1,1,27,6,3,0,0,0,0,0,1,1,3,,,,,,,,,,,,,,,,,2015,12,1,18
24316,201501ZD30493,534720.0,160070.0,-0.067955,51.323786,1,Slight,2,1,2015-06-20,Saturday,02:21,Croydon,E09000008,4,269,6,30.0,3,4,6,0,0.0,0.0,4,1,1,0,7,1,1,E01001105,3,1,20/06/2015,20/06/2015,1,9,0,18,0.0,2,0,0,0,0,1.0,1.0,6,Male,23,21 - 25,1197,1,-1,-1,1,-1.0,1,1,1,1,23,5,3,0,0,0,0,0,9,1,7,,,,,,,,,,,,,,,,,2015,6,1,2
24329,201501ZD30507,531390.0,165050.0,-0.113881,51.369319,1,Slight,1,1,2015-06-24,Wednesday,20:55,Croydon,E09000008,5,0,6,30.0,3,4,6,0,0.0,0.0,1,1,1,0,0,1,1,E01001168,3,1,24/06/2015,24/06/2015,1,9,0,18,0.0,8,0,10,3,10,3.0,1.0,6,Female,22,21 - 25,1400,1,8,-1,1,-1.0,1,1,1,2,22,5,3,0,0,0,0,0,9,1,6,,,,,,,,,,,,,,,,,2015,6,1,20
24331,201501ZD30509,532110.0,166080.0,-0.103161,51.378408,1,Slight,1,1,2015-10-06,Tuesday,20:14,Croydon,E09000008,3,235,6,30.0,0,-1,-1,0,0.0,0.0,1,1,1,0,0,1,1,E01001013,3,1,10/06/2015,10/06/2015,1,9,0,18,0.0,0,0,0,0,0,1.0,1.0,6,Male,21,21 - 25,-1,-1,-1,-1,1,-1.0,1,1,3,1,28,6,3,9,9,0,0,2,0,1,3,,,,,,,,,,,,,,,,,2015,10,1,20
24333,201501ZD30512,533330.0,168620.0,-0.084689,51.400949,1,Slight,2,1,2015-06-25,Thursday,04:45,Croydon,E09000008,4,266,6,30.0,3,4,6,0,0.0,0.0,1,1,1,0,0,1,1,E01001150,3,1,25/06/2015,25/06/2015,1,9,0,18,0.0,2,0,0,0,0,1.0,1.0,6,Male,19,16 - 20,1597,1,7,-1,1,-1.0,1,1,1,1,19,4,3,0,0,0,0,0,9,1,1,,,,,,,,,,,,,,,,,2015,6,1,4
24350,201501ZD30533,531030.0,164870.0,-0.119116,51.367784,1,Slight,2,1,2015-06-29,Monday,21:37,Croydon,E09000008,3,23,3,30.0,6,2,3,232,0.0,5.0,4,1,1,0,0,1,1,E01001167,3,1,29/06/2015,29/06/2015,1,5,0,18,0.0,8,0,0,0,0,0.0,1.0,6,Male,30,26 - 35,-1,-1,-1,-1,1,-1.0,1,1,1,1,30,6,3,0,0,0,0,0,5,1,3,,,,,,,,,,,,,,,,,2015,6,1,21
24363,201501ZD30551,531890.0,160670.0,-0.108324,51.329841,1,Serious,1,1,2015-06-24,Wednesday,23:30,Croydon,E09000008,3,22,6,30.0,3,4,6,0,0.0,1.0,4,1,1,0,0,1,1,E01001075,2,2,24/06/2015,24/06/2015,1,9,0,18,0.0,2,0,0,0,0,1.0,1.0,6,Male,28,26 - 35,-1,-1,-1,-1,1,-1.0,1,1,3,1,19,4,2,1,1,0,0,2,0,1,5,,,,,,,,,,,,,,,,,2015,6,2,23
24364,201501ZD30552,531230.0,163660.0,-0.11669,51.356864,1,Slight,2,1,2015-03-07,Saturday,23:10,Croydon,E09000008,3,23,3,30.0,0,-1,-1,0,0.0,0.0,4,2,2,0,0,1,1,E01001172,3,1,03/07/2015,03/07/2015,1,9,0,18,0.0,0,0,4,0,0,1.0,1.0,6,Male,19,16 - 20,1149,1,9,-1,1,-1.0,1,1,1,1,19,4,3,0,0,0,0,0,9,1,3,,,,,,,,,,,,,,,,,2015,3,1,23
24365,201501ZD30554,536140.0,165850.0,-0.04538,51.37539,1,Slight,2,1,2015-04-07,Tuesday,22:32,Croydon,E09000008,3,232,6,30.0,6,2,5,0,0.0,5.0,4,1,1,0,0,1,1,E01001133,3,1,04/07/2015,04/07/2015,1,9,0,9,0.0,8,0,0,0,0,4.0,1.0,1,Male,24,21 - 25,-1,-1,-1,-1,1,-1.0,2,1,1,1,-1,-1,3,0,0,0,0,0,4,1,2,,,,,,,,,,,,,,,,,2015,4,1,22
24367,201501ZD30556,534030.0,168460.0,-0.074692,51.399347,1,Slight,2,1,2015-06-23,Tuesday,19:15,Croydon,E09000008,3,213,6,30.0,6,2,3,215,0.0,5.0,1,1,1,0,0,1,2,E01001145,3,1,23/06/2015,23/06/2015,1,3,0,3,0.0,1,0,0,0,0,2.0,1.0,6,Male,35,26 - 35,124,1,10,-1,1,-1.0,1,1,1,1,35,6,3,0,0,0,0,0,3,1,3,,,,,,,,,,,,,,,,,2015,6,1,19
24375,201501ZD30567,531730.0,166000.0,-0.108648,51.377778,1,Slight,2,2,2015-11-07,Saturday,18:15,Croydon,E09000008,3,236,3,30.0,3,4,6,0,0.0,0.0,1,1,1,0,0,1,1,E01001013,3,1,11/07/2015,11/07/2015,1,9,0,18,0.0,1,0,0,0,0,2.0,1.0,6,Female,33,26 - 35,1799,1,9,-1,1,-1.0,1,1,1,2,33,6,3,0,0,0,0,0,9,1,6,,,,,,,,,,,,,,,,,2015,11,2,18
24378,201501ZD30570,531590.0,168920.0,-0.109577,51.404051,1,Slight,2,1,2015-07-14,Tuesday,03:31,Croydon,E09000008,5,0,6,30.0,3,4,6,0,0.0,0.0,4,1,1,0,0,1,1,E01000994,3,1,14/07/2015,14/07/2015,1,3,0,18,0.0,1,0,0,0,0,1.0,1.0,1,Male,30,26 - 35,125,1,8,-1,1,-1.0,1,1,1,1,30,6,3,0,0,0,0,0,3,1,5,,,,,,,,,,,,,,,,,2015,7,1,3
24382,201501ZD30574,530830.0,166710.0,-0.12131,51.384366,1,Slight,2,1,2015-06-07,Sunday,19:58,Croydon,E09000008,3,23,6,30.0,3,4,6,0,0.0,4.0,1,1,1,0,0,1,2,E01001006,3,1,06/07/2015,06/07/2015,1,9,0,18,0.0,1,0,0,0,0,1.0,1.0,1,Male,32,26 - 35,2143,2,4,-1,1,-1.0,2,1,1,1,17,4,3,0,0,0,0,0,1,1,6,,,,,,,,,,,,,,,,,2015,6,1,19
24384,201501ZD30578,532200.0,168280.0,-0.10105,51.398158,1,Slight,1,1,2015-07-13,Monday,23:20,Croydon,E09000008,4,266,6,30.0,3,4,5,0,0.0,0.0,4,1,1,0,7,1,1,E01001000,3,1,13/07/2015,13/07/2015,1,3,0,18,0.0,2,0,12,0,0,1.0,1.0,6,Male,23,21 - 25,125,1,-1,-1,1,-1.0,1,1,1,1,23,5,3,0,0,0,0,0,3,1,5,,,,,,,,,,,,,,,,,2015,7,1,23
24385,201501ZD30579,530880.0,166350.0,-0.120725,51.381119,1,Slight,1,1,2015-07-16,Thursday,03:03,Croydon,E09000008,3,23,6,30.0,3,4,6,0,0.0,0.0,4,1,1,0,0,1,1,E01001010,3,1,16/07/2015,16/07/2015,1,5,0,18,0.0,1,0,10,1,2,1.0,1.0,6,Male,35,26 - 35,897,1,7,-1,1,-1.0,1,1,1,1,35,6,3,0,0,0,0,0,5,1,6,,,,,,,,,,,,,,,,,2015,7,1,3
24390,201501ZD30587,531390.0,169330.0,-0.112298,51.407782,1,Slight,2,1,2015-06-15,Monday,01:00,Croydon,E09000008,6,0,6,30.0,0,-1,-1,0,0.0,0.0,4,1,1,0,0,1,1,E01001161,3,1,15/06/2015,15/06/2015,1,9,0,18,0.0,0,0,0,0,0,1.0,1.0,6,Male,30,26 - 35,-1,-1,-1,-1,1,-1.0,1,1,1,1,30,6,3,0,0,0,0,0,9,1,3,,,,,,,,,,,,,,,,,2015,6,1,1
24403,201501ZD30603,530640.0,169660.0,-0.122954,51.410921,1,Slight,2,1,2015-07-19,Sunday,02:07,Croydon,E09000008,3,23,6,30.0,3,4,5,0,0.0,0.0,7,1,1,0,0,1,2,E01001089,3,1,19/07/2015,19/07/2015,1,9,0,3,0.0,1,0,0,0,0,2.0,1.0,6,Male,25,21 - 25,1995,1,5,-1,1,-1.0,1,1,1,1,25,5,3,0,0,0,0,0,9,1,9,,,,,,,,,,,,,,,,,2015,7,1,2
24412,201501ZD30614,534830.0,166580.0,-0.063913,51.382263,1,Slight,2,1,2015-07-20,Monday,23:10,Croydon,E09000008,3,215,6,30.0,3,4,6,0,0.0,0.0,4,1,1,0,0,1,1,E01000987,3,1,20/07/2015,20/07/2015,1,9,0,18,0.0,8,0,0,0,0,1.0,1.0,6,Male,27,26 - 35,998,1,11,-1,1,-1.0,1,1,1,1,27,6,3,0,0,0,0,0,9,1,4,,,,,,,,,,,,,,,,,2015,7,1,23
24417,201501ZD30619,531120.0,168810.0,-0.11637,51.403172,1,Slight,2,1,2015-07-24,Friday,21:00,Croydon,E09000008,6,0,6,30.0,6,4,6,0,0.0,0.0,4,1,2,0,0,1,1,E01001086,3,1,24/07/2015,24/07/2015,1,9,0,18,0.0,8,0,0,0,0,4.0,1.0,6,Male,25,21 - 25,2457,1,15,-1,1,-1.0,1,1,1,1,25,5,3,0,0,0,0,0,9,1,4,,,,,,,,,,,,,,,,,2015,7,1,21
24425,201501ZD30627,532440.0,166690.0,-0.098195,51.383813,1,Slight,2,1,2015-06-23,Tuesday,23:20,Croydon,E09000008,3,212,6,30.0,3,4,3,212,0.0,0.0,7,1,1,0,0,1,1,E01001110,3,1,23/06/2015,23/06/2015,1,9,0,7,0.0,8,0,0,0,0,3.0,1.0,6,Female,26,26 - 35,1242,1,12,-1,1,-1.0,1,1,1,2,26,6,3,0,0,0,0,0,9,1,3,,,,,,,,,,,,,,,,,2015,6,1,23
24433,201501ZD30637,530490.0,166400.0,-0.126307,51.381659,1,Slight,1,1,2015-02-08,Sunday,21:05,Croydon,E09000008,6,0,6,30.0,0,-1,-1,0,0.0,0.0,4,1,1,0,0,1,1,E01001006,3,1,02/08/2015,02/08/2015,1,9,0,18,0.0,0,0,0,0,0,1.0,1.0,6,Female,21,21 - 25,1061,1,10,-1,1,-1.0,1,1,3,1,14,3,3,5,2,0,0,2,0,1,7,,,,,,,,,,,,,,,,,2015,2,1,21
24437,201501ZD30643,532710.0,166480.0,-0.094396,51.381863,1,Slight,2,1,2015-01-08,Thursday,22:06,Croydon,E09000008,3,222,6,30.0,6,2,5,0,0.0,5.0,4,1,1,0,0,1,1,E01001048,3,1,01/08/2015,01/08/2015,1,9,0,3,0.0,1,0,0,0,0,2.0,1.0,6,Male,29,26 - 35,-1,-1,-1,-1,1,-1.0,1,1,1,1,29,6,3,0,0,0,0,0,9,1,4,,,,,,,,,,,,,,,,,2015,1,1,22
24442,201501ZD30650,533430.0,168800.0,-0.083185,51.402544,1,Slight,2,1,2015-04-08,Wednesday,21:48,Croydon,E09000008,4,266,6,30.0,3,4,6,0,0.0,0.0,4,1,1,0,0,1,1,E01001139,3,1,04/08/2015,04/08/2015,1,9,0,7,0.0,8,0,0,0,0,4.0,1.0,6,Male,26,26 - 35,1149,1,8,-1,-1,-1.0,2,1,1,1,19,4,3,0,0,0,0,0,1,1,4,,,,,,,,,,,,,,,,,2015,4,1,21
24443,201501ZD30651,533880.0,168600.0,-0.076795,51.40064,1,Slight,1,1,2015-05-08,Friday,01:38,Croydon,E09000008,3,215,6,30.0,3,4,6,0,0.0,1.0,4,1,1,0,0,1,1,E01001136,3,1,05/08/2015,05/08/2015,1,9,0,18,0.0,1,0,10,1,2,1.0,1.0,6,Male,22,21 - 25,1595,1,2,-1,1,-1.0,1,1,1,1,22,5,3,0,0,0,0,0,9,1,5,,,,,,,,,,,,,,,,,2015,5,1,1
24464,201501ZD30676,532380.0,164640.0,-0.09982,51.365405,1,Slight,1,1,2015-11-08,Sunday,03:15,Croydon,E09000008,4,275,6,30.0,3,4,6,0,0.0,0.0,4,1,1,0,0,1,1,E01001170,3,1,11/08/2015,11/08/2015,1,9,0,18,0.0,8,0,10,1,3,4.0,1.0,6,Female,20,16 - 20,1229,1,9,-1,1,-1.0,1,1,1,2,20,4,3,0,0,0,0,0,9,1,5,,,,,,,,,,,,,,,,,2015,11,1,3
24467,201501ZD30682,533660.0,168810.0,-0.079876,51.402579,1,Slight,2,1,2015-08-17,Monday,00:02,Croydon,E09000008,3,215,6,30.0,0,-1,-1,0,0.0,0.0,4,1,1,0,0,1,1,E01001139,3,1,17/08/2015,17/08/2015,1,9,0,18,0.0,0,0,4,0,0,1.0,1.0,6,Male,25,21 - 25,1396,1,10,-1,1,-1.0,1,1,1,1,25,5,3,0,0,0,0,0,9,1,1,,,,,,,,,,,,,,,,,2015,8,1,0
24471,201501ZD30686,533390.0,161930.0,-0.086335,51.340815,1,Slight,2,2,2015-08-19,Wednesday,18:26,Croydon,E09000008,4,269,6,30.0,6,4,6,0,0.0,0.0,1,1,1,0,0,1,1,E01001107,3,1,19/08/2015,19/08/2015,1,9,0,18,0.0,8,0,10,7,4,3.0,1.0,6,Male,18,16 - 20,998,1,10,-1,1,-1.0,1,1,2,1,65,9,3,0,0,1,0,0,9,1,10,,,,,,,,,,,,,,,,,2015,8,2,18
24472,201501ZD30688,531980.0,163770.0,-0.105885,51.357679,1,Slight,2,1,2015-08-19,Wednesday,19:55,Croydon,E09000008,5,0,1,30.0,2,4,6,0,0.0,0.0,1,1,1,0,0,1,1,E01001173,3,1,19/08/2015,19/08/2015,1,9,0,18,0.0,8,0,0,0,0,3.0,1.0,6,Female,18,16 - 20,1242,1,6,-1,1,-1.0,2,1,1,1,48,8,3,0,0,0,0,0,1,1,9,,,,,,,,,,,,,,,,,2015,8,1,19
24475,201501ZD30692,532540.0,167050.0,-0.096625,51.387025,1,Slight,2,1,2015-08-22,Saturday,03:25,Croydon,E09000008,3,212,6,30.0,7,2,3,213,0.0,5.0,4,1,1,0,0,1,1,E01001115,3,1,22/08/2015,22/08/2015,1,9,0,18,0.0,8,0,0,0,0,3.0,1.0,6,Male,29,26 - 35,1997,1,2,-1,1,-1.0,1,1,1,1,29,6,3,0,0,0,0,0,9,1,2,,,,,,,,,,,,,,,,,2015,8,1,3
24484,201501ZD30702,533040.0,166890.0,-0.089503,51.385471,1,Slight,2,1,2015-08-25,Tuesday,18:15,Croydon,E09000008,6,0,6,30.0,3,4,6,0,0.0,0.0,1,1,1,0,0,1,1,E01001109,3,1,25/08/2015,25/08/2015,1,3,0,6,0.0,8,0,0,0,0,3.0,1.0,6,Male,26,26 - 35,124,1,-1,-1,-1,-1.0,1,1,1,1,26,6,3,0,0,0,0,0,3,-1,-1,,,,,,,,,,,,,,,,,2015,8,1,18
24494,201501ZD30713,530740.0,169610.0,-0.121535,51.410449,1,Slight,2,1,2015-08-20,Thursday,23:00,Croydon,E09000008,5,0,6,30.0,0,-1,-1,0,0.0,0.0,4,1,2,0,0,1,1,E01001087,3,1,20/08/2015,20/08/2015,1,3,0,18,0.0,0,0,0,0,0,1.0,1.0,6,Male,24,21 - 25,108,1,2,-1,1,-1.0,1,1,1,1,24,5,3,0,0,0,0,0,3,1,3,,,,,,,,,,,,,,,,,2015,8,1,23
24504,201501ZD30725,531300.0,167700.0,-0.114194,51.393155,1,Slight,2,1,2015-07-08,Wednesday,19:55,Croydon,E09000008,3,235,6,30.0,3,4,4,266,0.0,0.0,1,1,1,0,0,1,1,E01001183,3,1,07/08/2015,07/08/2015,1,9,0,4,0.0,8,0,0,0,0,2.0,1.0,6,Male,35,26 - 35,1598,1,1,-1,1,-1.0,2,1,1,1,32,6,3,0,0,0,0,0,1,-1,-1,,,,,,,,,,,,,,,,,2015,7,1,19
24506,201501ZD30727,533000.0,167670.0,-0.089786,51.39249,1,Slight,2,1,2015-02-09,Monday,23:00,Croydon,E09000008,6,0,6,30.0,3,4,6,0,0.0,0.0,4,1,1,0,0,1,1,E01001113,3,1,02/09/2015,02/09/2015,1,9,0,10,0.0,2,0,0,0,0,3.0,1.0,6,Female,29,26 - 35,1199,1,11,-1,1,-1.0,1,1,1,2,29,6,3,0,0,0,0,0,9,1,4,,,,,,,,,,,,,,,,,2015,2,1,23
24507,201501ZD30730,534360.0,162620.0,-0.072157,51.346787,1,Serious,1,1,2015-05-09,Saturday,18:46,Croydon,E09000008,4,275,6,30.0,0,-1,-1,0,0.0,0.0,1,1,1,0,0,1,1,E01001124,2,2,05/09/2015,05/09/2015,1,9,0,18,0.0,0,0,0,0,0,1.0,1.0,6,Male,25,21 - 25,-1,-1,-1,-1,1,-1.0,1,1,3,2,18,4,2,5,3,0,0,2,0,-1,-1,,,,,,,,,,,,,,,,,2015,5,2,18
24514,201501ZD30739,533940.0,168370.0,-0.076019,51.398559,1,Slight,2,1,2015-05-09,Saturday,23:20,Croydon,E09000008,3,213,6,30.0,3,4,6,0,0.0,0.0,4,1,1,0,0,1,1,E01001136,3,1,05/09/2015,05/09/2015,1,9,0,18,0.0,8,0,0,0,0,4.0,1.0,6,Male,25,21 - 25,1998,1,12,-1,1,-1.0,1,1,1,1,25,5,3,0,0,0,0,0,9,1,5,,,,,,,,,,,,,,,,,2015,5,1,23
24525,201501ZD30752,531030.0,168470.0,-0.117789,51.400137,1,Slight,2,1,2015-12-09,Wednesday,20:30,Croydon,E09000008,3,23,6,30.0,3,4,6,0,0.0,0.0,4,1,1,0,0,1,1,E01001182,3,1,12/09/2015,12/09/2015,1,5,0,14,0.0,8,0,0,0,0,4.0,1.0,6,Male,29,26 - 35,649,1,9,-1,1,-1.0,1,1,1,1,29,6,3,0,0,0,0,0,5,1,6,,,,,,,,,,,,,,,,,2015,12,1,20
24529,201501ZD30756,533140.0,169620.0,-0.087044,51.409981,1,Slight,1,1,2015-03-09,Monday,19:40,Croydon,E09000008,3,212,6,30.0,3,2,3,215,0.0,5.0,4,2,2,0,0,1,1,E01001158,3,1,03/09/2015,03/09/2015,1,9,0,18,0.0,1,0,0,0,0,4.0,1.0,6,Female,33,26 - 35,1991,2,5,-1,1,-1.0,1,1,3,1,51,8,3,1,1,0,0,2,0,1,4,,,,,,,,,,,,,,,,,2015,3,1,19
24544,201501ZD30777,533990.0,161420.0,-0.077918,51.336091,1,Slight,2,1,2015-09-17,Thursday,18:05,Croydon,E09000008,4,269,1,30.0,1,4,3,2022,0.0,0.0,1,1,1,0,0,1,1,E01001102,3,1,17/09/2015,17/09/2015,1,9,0,9,0.0,8,0,0,0,0,3.0,1.0,6,Female,26,26 - 35,998,1,10,-1,1,-1.0,2,1,1,1,65,9,3,0,0,0,0,0,9,1,9,,,,,,,,,,,,,,,,,2015,9,1,18
24557,201501ZD30797,531080.0,164590.0,-0.118501,51.365257,1,Slight,2,1,2015-09-16,Wednesday,22:31,Croydon,E09000008,3,23,3,30.0,8,2,6,0,0.0,0.0,4,2,2,0,0,1,1,E01001167,3,1,16/09/2015,16/09/2015,1,9,0,4,0.0,1,0,0,0,0,1.0,1.0,6,Male,35,26 - 35,-1,-1,-1,-1,1,-1.0,2,1,2,2,53,8,3,0,0,1,0,0,9,1,6,,,,,,,,,,,,,,,,,2015,9,1,22
24583,201501ZD30829,531930.0,171000.0,-0.103918,51.422665,1,Slight,2,1,2015-08-15,Saturday,21:55,Lambeth,E09000022,3,214,6,30.0,3,4,6,0,0.0,0.0,1,1,1,0,0,1,1,E01003087,3,1,15/08/2015,15/08/2015,1,9,0,9,0.0,8,0,0,0,0,3.0,1.0,6,Male,32,26 - 35,1791,8,3,-1,1,-1.0,2,1,1,1,26,6,3,0,0,0,0,0,3,1,2,,,,,,,,,,,,,,,,,2015,8,1,21
24589,201501ZD30837,532380.0,160260.0,-0.101447,51.326043,1,Slight,2,1,2015-09-21,Monday,22:25,Croydon,E09000008,3,22,6,30.0,3,4,5,0,0.0,0.0,4,1,1,0,0,1,1,E01001075,3,1,21/09/2015,21/09/2015,1,9,0,7,0.0,8,0,0,0,0,3.0,1.0,6,Male,35,26 - 35,2143,2,3,-1,1,-1.0,2,1,1,1,19,4,3,0,0,0,0,0,9,1,2,,,,,,,,,,,,,,,,,2015,9,1,22
24597,201501ZD30846,532060.0,166160.0,-0.103849,51.379139,1,Slight,2,1,2015-09-16,Wednesday,21:15,Croydon,E09000008,3,235,6,30.0,6,4,3,235,0.0,4.0,4,1,1,0,0,1,1,E01001013,3,1,16/09/2015,16/09/2015,1,9,0,9,0.0,2,0,0,0,0,2.0,1.0,6,Male,31,26 - 35,2926,2,13,-1,1,-1.0,2,1,1,1,20,4,3,0,0,0,0,0,3,1,3,,,,,,,,,,,,,,,,,2015,9,1,21