,accident_index,location_easting_osgr,location_northing_osgr,longitude,latitude,police_force,accident_severity,number_of_vehicles,number_of_casualties,date,day_of_week,time,local_authority_district,local_authority_highway,first_road_class,first_road_number,road_type,speed_limit,junction_detail,junction_control,second_road_class,second_road_number,pedestrian_crossing-human_control,pedestrian_crossing-physical_facilities,light_conditions,weather_conditions,road_surface_conditions,special_conditions_at_site,carriageway_hazards,urban_or_rural_area,did_police_officer_attend_scene_of_accident,lsoa_of_accident_location,accident_severity_num,accident_severity_inv,date2,date_original,vehicle_reference_x,vehicle_type,towing_and_articulation,vehicle_manoeuvre,vehicle_location-restricted_lane,junction_location,skidding_and_overturning,hit_object_in_carriageway,vehicle_leaving_carriageway,hit_object_off_carriageway,1st_point_of_impact,was_vehicle_left_hand_drive?,journey_purpose_of_driver,sex_of_driver,age_of_driver,age_band_of_driver,engine_capacity_cc,propulsion_code,age_of_vehicle,driver_imd_decile,driver_home_area_type,vehicle_imd_decile,vehicle_reference_y,casualty_reference,casualty_class,sex_of_casualty,age_of_casualty,age_band_of_casualty,casualty_severity,pedestrian_location,pedestrian_movement,car_passenger,bus_or_coach_passenger,pedestrian_road_maintenance_worker,casualty_type,casualty_home_area_type,casualty_imd_decile,accident_year_x,accident_reference_x,local_authority_ons_district,pedestrian_crossing_human_control,pedestrian_crossing_physical_facilities,trunk_road_flag,accident_year_y,accident_reference_y,vehicle_direction_from,vehicle_direction_to,vehicle_location_restricted_lane,first_point_of_impact,vehicle_left_hand_drive,generic_make_model,accident_year,accident_reference,year,month,severity,hours
24598,201501ZD30847,531010.0,163720.0,-0.119826,51.357454,1,Slight,2,1,2015-02-10,Tuesday,22:50,Croydon,E09000008,6,0,6,30.0,0,-1,-1,0,0.0,0.0,7,1,1,0,0,1,1,E01001172,3,1,02/10/2015,02/10/2015,1,9,0,16,0.0,0,0,0,0,0,1.0,1.0,6,Female,23,21 - 25,1499,2,2,-1,1,-1.0,1,1,1,2,23,5,3,0,0,0,0,0,9,1,5,,,,,,,,,,,,,,,,,2015,2,1,22
24605,201501ZD30854,532220.0,166620.0,-0.101381,51.383236,1,Slight,2,1,2015-08-10,Monday,18:28,Croydon,E09000008,3,222,6,30.0,3,4,6,0,0.0,0.0,4,1,1,0,0,1,1,E01001012,3,1,08/10/2015,08/10/2015,1,3,0,18,0.0,8,0,0,0,0,1.0,1.0,6,Male,19,16 - 20,125,1,8,-1,1,-1.0,1,1,1,1,19,4,3,0,0,0,0,0,3,1,3,,,,,,,,,,,,,,,,,2015,8,1,18
24609,201501ZD30859,534060.0,161450.0,-0.076903,51.336344,1,Slight,2,1,2015-06-10,Wednesday,19:45,Croydon,E09000008,3,2022,6,30.0,3,4,6,0,0.0,0.0,4,2,2,0,0,1,1,E01001102,3,1,06/10/2015,06/10/2015,1,9,0,7,0.0,8,0,0,0,0,2.0,1.0,6,Female,22,21 - 25,973,1,13,-1,1,-1.0,1,1,1,2,22,5,3,0,0,0,0,0,9,1,9,,,,,,,,,,,,,,,,,2015,6,1,19
24618,201501ZD30869,538390.0,163090.0,-0.014146,51.350045,1,Serious,3,1,2015-10-15,Thursday,21:15,Croydon,E09000008,5,0,6,30.0,0,-1,-1,0,0.0,0.0,7,1,1,0,0,1,1,E01001056,2,2,15/10/2015,15/10/2015,1,9,0,18,0.0,0,0,0,0,0,1.0,1.0,6,Female,32,26 - 35,1242,1,2,-1,1,-1.0,1,1,1,2,32,6,2,0,0,0,0,0,9,1,2,,,,,,,,,,,,,,,,,2015,10,2,21
24623,201501ZD30876,532400.0,163610.0,-0.099916,51.356144,1,Slight,2,1,2015-10-16,Friday,20:35,Croydon,E09000008,6,0,6,30.0,8,1,6,0,0.0,0.0,7,1,1,0,0,1,1,E01001041,3,1,16/10/2015,16/10/2015,1,9,0,9,0.0,8,0,0,0,0,1.0,1.0,6,Male,24,21 - 25,-1,-1,-1,-1,1,-1.0,2,1,1,1,30,6,3,0,0,0,0,0,1,1,4,,,,,,,,,,,,,,,,,2015,10,1,20
24632,201501ZD30887,532600.0,165350.0,-0.096397,51.371734,1,Slight,2,1,2015-09-27,Sunday,18:55,Croydon,E09000008,3,212,1,30.0,1,2,3,232,0.0,5.0,4,1,1,0,0,1,2,E01001045,3,1,27/09/2015,27/09/2015,1,9,0,9,0.0,8,0,0,0,0,4.0,1.0,6,Male,27,26 - 35,-1,-1,-1,-1,-1,-1.0,1,1,1,1,27,6,3,0,0,0,0,0,9,-1,-1,,,,,,,,,,,,,,,,,2015,9,1,18
24634,201501ZD30889,532990.0,167770.0,-0.089892,51.393391,1,Slight,1,2,2015-10-16,Friday,20:10,Croydon,E09000008,6,0,6,30.0,0,-1,-1,0,0.0,0.0,4,1,1,0,0,1,2,E01001113,3,1,16/10/2015,16/10/2015,1,3,0,18,0.0,0,0,0,0,0,1.0,1.0,6,Male,19,16 - 20,124,1,1,-1,1,-1.0,1,1,1,1,19,4,3,0,0,0,0,0,3,1,4,,,,,,,,,,,,,,,,,2015,10,2,20
24637,201501ZD30892,535640.0,163840.0,-0.053325,51.357447,1,Slight,1,1,2015-10-21,Wednesday,20:23,Croydon,E09000008,3,212,6,30.0,0,-1,-1,0,0.0,0.0,4,4,2,0,0,1,1,E01001064,3,1,21/10/2015,21/10/2015,1,9,0,18,0.0,0,0,10,1,2,4.0,1.0,6,Male,26,26 - 35,1364,1,6,-1,1,-1.0,1,1,1,1,26,6,3,0,0,0,0,0,9,1,2,,,,,,,,,,,,,,,,,2015,10,1,20
24641,201501ZD30897,531930.0,164190.0,-0.106447,51.361465,1,Slight,2,1,2015-10-23,Friday,20:00,Croydon,E09000008,5,0,6,30.0,0,-1,-1,0,0.0,0.0,4,1,1,0,0,1,1,E01001171,3,1,23/10/2015,23/10/2015,1,9,0,18,0.0,0,0,0,0,0,1.0,1.0,6,Male,18,16 - 20,-1,-1,-1,-1,-1,-1.0,1,1,1,1,18,4,3,0,0,0,0,0,9,-1,-1,,,,,,,,,,,,,,,,,2015,10,1,20
24646,201501ZD30903,535920.0,167270.0,-0.047996,51.388204,1,Slight,2,1,2015-09-14,Monday,22:04,Croydon,E09000008,5,0,6,30.0,3,4,6,0,0.0,0.0,4,1,1,0,0,1,1,E01000989,3,1,14/09/2015,14/09/2015,1,9,0,9,0.0,8,0,0,0,0,1.0,1.0,6,Male,29,26 - 35,1948,1,12,-1,1,-1.0,1,1,2,1,25,5,3,0,0,1,0,0,9,1,2,,,,,,,,,,,,,,,,,2015,9,1,22
24652,201501ZD30910,531030.0,164860.0,-0.119119,51.367695,1,Slight,2,2,2015-10-22,Thursday,01:20,Croydon,E09000008,3,23,6,30.0,3,2,3,232,0.0,0.0,7,1,1,0,0,1,1,E01001167,3,1,22/10/2015,22/10/2015,1,9,0,9,0.0,8,0,0,0,0,1.0,1.0,6,Male,33,26 - 35,1598,1,8,-1,1,-1.0,1,2,2,1,32,6,3,0,0,1,0,0,9,1,4,,,,,,,,,,,,,,,,,2015,10,2,1
24657,201501ZD30919,531880.0,166460.0,-0.106323,51.381877,1,Slight,2,1,2015-10-30,Friday,21:20,Croydon,E09000008,3,235,6,30.0,3,4,6,0,0.0,0.0,4,1,1,0,0,1,1,E01001011,3,1,30/10/2015,30/10/2015,1,3,0,9,0.0,8,1,0,0,0,1.0,1.0,6,Male,30,26 - 35,125,1,16,-1,1,-1.0,1,1,1,1,30,6,3,0,0,0,0,0,3,1,3,,,,,,,,,,,,,,,,,2015,10,1,21
24690,201501ZD30961,531070.0,161300.0,-0.119855,51.335692,1,Slight,2,1,2015-12-11,Friday,21:51,Croydon,E09000008,3,23,6,30.0,0,-1,-1,0,0.0,0.0,4,1,1,0,0,1,1,E01001073,3,1,12/11/2015,12/11/2015,1,3,0,18,0.0,0,0,0,0,0,1.0,1.0,6,Male,20,16 - 20,109,1,2,-1,1,-1.0,1,1,1,1,20,4,3,0,0,0,0,0,3,1,2,,,,,,,,,,,,,,,,,2015,12,1,21
24691,201501ZD30962,532770.0,170040.0,-0.092203,51.413842,1,Slight,2,1,2015-10-14,Wednesday,20:00,Croydon,E09000008,3,215,6,30.0,3,4,6,0,0.0,1.0,4,1,1,0,0,1,1,,3,1,14/10/2015,14/10/2015,1,9,0,9,0.0,8,0,0,0,0,4.0,1.0,6,Male,22,21 - 25,998,1,8,-1,1,-1.0,2,1,1,1,42,7,3,0,0,0,0,0,1,-1,-1,,,,,,,,,,,,,,,,,2015,10,1,20
24695,201501ZD30966,532150.0,164920.0,-0.103018,51.367974,1,Slight,1,1,2015-10-25,Sunday,19:29,Croydon,E09000008,4,275,6,30.0,2,4,4,271,0.0,1.0,4,1,1,0,0,1,1,E01001166,3,1,25/10/2015,25/10/2015,1,4,0,18,0.0,1,0,0,0,0,1.0,1.0,6,Male,26,26 - 35,499,1,10,-1,1,-1.0,1,1,3,1,17,4,3,1,1,0,0,2,0,1,3,,,,,,,,,,,,,,,,,2015,10,1,19
24705,201501ZD30976,529770.0,159360.0,-0.139212,51.318555,1,Slight,2,1,2015-11-11,Wednesday,20:42,Croydon,E09000008,3,237,3,30.0,3,2,3,237,0.0,5.0,4,1,2,0,0,1,1,E01001023,3,1,11/11/2015,11/11/2015,1,2,0,9,0.0,1,0,0,0,0,4.0,1.0,6,Male,17,16 - 20,49,1,15,-1,1,-1.0,2,1,1,1,-1,-1,3,0,0,0,0,0,2,1,9,,,,,,,,,,,,,,,,,2015,11,1,20
24714,201501ZD30985,531790.0,162110.0,-0.109226,51.342805,1,Slight,2,1,2015-11-24,Tuesday,01:21,Croydon,E09000008,3,235,6,30.0,0,-1,-1,0,0.0,0.0,4,2,2,0,0,1,1,E01001093,3,1,24/11/2015,24/11/2015,1,3,0,18,0.0,0,0,0,0,0,1.0,1.0,1,Male,17,16 - 20,-1,-1,-1,-1,1,-1.0,1,1,1,1,17,4,3,0,0,0,0,0,3,1,3,,,,,,,,,,,,,,,,,2015,11,1,1
24725,201501ZD31002,532030.0,168470.0,-0.103422,51.399905,1,Slight,2,2,2015-11-13,Friday,21:12,Croydon,E09000008,5,0,6,30.0,6,4,6,0,0.0,1.0,4,1,1,0,0,1,1,E01000998,3,1,13/11/2015,13/11/2015,1,9,0,18,0.0,8,0,0,0,0,3.0,1.0,6,Female,28,26 - 35,1598,1,11,-1,1,-1.0,2,1,1,2,21,5,3,0,0,0,0,0,9,1,3,,,,,,,,,,,,,,,,,2015,11,2,21
24732,201501ZD31010,532100.0,168660.0,-0.102346,51.401596,1,Slight,2,1,2015-10-16,Friday,18:00,Croydon,E09000008,6,0,6,30.0,3,4,6,0,0.0,0.0,4,1,1,0,0,1,2,E01001151,3,1,16/10/2015,16/10/2015,1,3,0,13,0.0,8,0,0,0,0,1.0,1.0,6,Male,22,21 - 25,125,1,9,-1,1,-1.0,1,1,1,1,22,5,3,0,0,0,0,0,3,1,2,,,,,,,,,,,,,,,,,2015,10,1,18
24736,201501ZD31015,537900.0,163200.0,-0.021135,51.351152,1,Slight,2,1,2015-11-27,Friday,19:11,Croydon,E09000008,5,0,6,30.0,3,4,6,0,0.0,0.0,1,2,2,0,0,1,1,E01001054,3,1,27/11/2015,27/11/2015,1,9,0,10,0.0,1,0,0,0,0,2.0,1.0,6,Male,35,26 - 35,2698,2,6,-1,1,-1.0,1,1,1,1,35,6,3,0,0,0,0,0,9,1,2,,,,,,,,,,,,,,,,,2015,11,1,19
24742,201501ZD31022,531000.0,167510.0,-0.118574,51.391516,1,Slight,1,1,2015-11-30,Monday,20:56,Croydon,E09000008,3,23,6,30.0,3,4,6,0,0.0,0.0,4,1,1,0,0,1,1,E01001176,3,1,30/11/2015,30/11/2015,1,9,0,18,0.0,1,0,0,0,0,4.0,1.0,6,Male,25,21 - 25,2143,2,-1,-1,1,-1.0,1,1,3,1,-1,-1,3,5,1,0,0,2,0,-1,-1,,,,,,,,,,,,,,,,,2015,11,1,20
24743,201501ZD31023,530760.0,170110.0,-0.121064,51.414937,1,Slight,2,1,2015-04-11,Saturday,20:38,Croydon,E09000008,4,273,6,30.0,0,-1,-1,0,0.0,8.0,4,1,1,0,0,1,1,E01001085,3,1,04/11/2015,04/11/2015,1,9,0,18,0.0,0,0,0,0,0,3.0,1.0,6,Male,26,26 - 35,1560,2,-1,-1,1,-1.0,2,1,1,1,57,9,3,0,0,0,0,0,9,1,2,,,,,,,,,,,,,,,,,2015,4,1,20
24744,201501ZD31024,532830.0,170000.0,-0.091356,51.413468,1,Slight,3,2,2015-11-30,Monday,22:50,Croydon,E09000008,3,215,6,30.0,0,-1,-1,0,0.0,0.0,4,1,1,0,0,1,1,E01001156,3,1,30/11/2015,30/11/2015,1,9,0,18,0.0,0,0,0,0,0,1.0,1.0,6,Male,31,26 - 35,1995,2,10,-1,-1,-1.0,1,1,1,1,31,6,3,0,0,0,0,0,9,-1,-1,,,,,,,,,,,,,,,,,2015,11,2,22
24759,201501ZD31041,531090.0,164490.0,-0.118394,51.364356,1,Slight,2,1,2015-04-12,Sunday,00:15,Croydon,E09000008,3,23,6,30.0,6,2,4,271,0.0,5.0,4,1,2,0,0,1,1,E01001167,3,1,04/12/2015,04/12/2015,1,3,0,18,0.0,1,0,0,0,0,4.0,1.0,6,Male,19,16 - 20,124,1,-1,-1,1,-1.0,1,1,1,1,19,4,3,0,0,0,0,0,3,1,5,,,,,,,,,,,,,,,,,2015,4,1,0
24765,201501ZD31047,532090.0,168250.0,-0.102642,51.397914,1,Slight,1,1,2015-10-11,Sunday,19:18,Croydon,E09000008,6,0,6,30.0,0,-1,-1,0,0.0,0.0,4,2,2,0,0,1,1,E01000998,3,1,10/11/2015,10/11/2015,1,3,0,18,0.0,0,0,0,0,0,0.0,1.0,6,Male,19,16 - 20,125,1,4,-1,1,-1.0,1,1,1,1,19,4,3,0,0,0,0,0,3,1,4,,,,,,,,,,,,,,,,,2015,10,1,19
24772,201501ZD31054,532040.0,169060.0,-0.103059,51.405205,1,Slight,2,1,2015-12-15,Tuesday,00:04,Croydon,E09000008,4,273,6,30.0,0,-1,-1,0,0.0,0.0,4,2,2,0,0,1,1,E01001147,3,1,15/12/2015,15/12/2015,1,9,0,18,0.0,0,0,0,0,0,2.0,1.0,6,Female,31,26 - 35,-1,-1,-1,-1,1,-1.0,1,1,1,2,31,6,3,0,0,0,0,0,9,1,4,,,,,,,,,,,,,,,,,2015,12,1,0
24779,201501ZD31062,531090.0,164500.0,-0.118391,51.364445,1,Slight,2,3,2015-06-12,Friday,21:25,Croydon,E09000008,3,23,6,30.0,8,2,3,232,0.0,5.0,4,1,1,0,0,1,1,E01001167,3,1,06/12/2015,06/12/2015,1,9,0,9,0.0,8,0,0,0,0,4.0,1.0,6,Male,19,16 - 20,1198,1,3,-1,1,-1.0,1,1,1,1,19,4,3,0,0,0,0,0,9,1,3,,,,,,,,,,,,,,,,,2015,6,3,21
24780,201501ZD31064,531360.0,161470.0,-0.115632,51.337153,1,Slight,2,2,2015-11-12,Thursday,23:39,Croydon,E09000008,3,22,6,30.0,1,2,3,22,0.0,5.0,4,1,2,0,0,1,1,E01001097,3,1,11/12/2015,11/12/2015,1,9,0,4,0.0,1,0,0,0,0,1.0,1.0,6,Female,26,26 - 35,-1,-1,-1,-1,1,-1.0,2,1,1,2,18,4,3,0,0,0,0,0,9,1,5,,,,,,,,,,,,,,,,,2015,11,2,23
24787,201501ZD31075,536640.0,163190.0,-0.039221,51.351366,1,Slight,2,2,2015-12-17,Thursday,19:00,Croydon,E09000008,3,2022,6,30.0,8,4,6,0,0.0,0.0,4,1,1,0,0,1,1,E01001061,3,1,17/12/2015,17/12/2015,1,9,0,18,0.0,8,0,0,0,0,3.0,1.0,6,Male,19,16 - 20,1299,1,7,-1,-1,-1.0,1,1,1,1,19,4,3,0,0,0,0,0,9,-1,-1,,,,,,,,,,,,,,,,,2015,12,2,19
24796,201501ZD31088,531010.0,163730.0,-0.119822,51.357544,1,Slight,1,1,2015-12-21,Monday,21:48,Croydon,E09000008,6,0,6,30.0,3,4,6,0,0.0,0.0,4,2,2,0,0,1,1,E01001172,3,1,21/12/2015,21/12/2015,1,9,0,9,0.0,8,1,10,1,2,1.0,1.0,6,Male,28,26 - 35,1686,2,9,-1,1,-1.0,1,1,1,1,28,6,3,0,0,0,0,0,9,1,3,,,,,,,,,,,,,,,,,2015,12,1,21
24819,201501ZD31122,534970.0,167610.0,-0.061511,51.391486,1,Slight,1,1,2015-12-12,Saturday,22:00,Croydon,E09000008,6,0,6,30.0,3,4,6,0,0.0,0.0,4,1,1,0,0,1,1,E01001194,3,1,12/12/2015,12/12/2015,1,9,0,18,0.0,2,0,0,0,0,1.0,1.0,6,Female,21,21 - 25,1198,1,10,-1,1,-1.0,1,1,3,1,67,10,3,5,1,0,0,2,0,-1,-1,,,,,,,,,,,,,,,,,2015,12,1,22
24828,201501ZD31134,532810.0,166450.0,-0.092971,51.38157,1,Slight,2,1,2015-12-25,Friday,20:24,Croydon,E09000008,3,222,6,30.0,3,4,6,0,0.0,0.0,4,2,2,0,0,1,1,E01001048,3,1,25/12/2015,25/12/2015,1,3,0,4,0.0,1,0,0,0,0,0.0,1.0,6,Male,22,21 - 25,109,1,1,-1,1,-1.0,1,1,1,1,22,5,3,0,0,0,0,0,3,1,2,,,,,,,,,,,,,,,,,2015,12,1,20
24842,201501ZD39079,531260.0,167750.0,-0.11475,51.393613,1,Slight,2,2,2015-12-31,Thursday,19:30,Croydon,E09000008,3,23,1,30.0,1,2,3,23,0.0,5.0,4,1,1,0,0,1,1,E01001183,3,1,31/12/2015,31/12/2015,1,9,0,7,0.0,8,0,0,0,0,4.0,1.0,6,Female,20,16 - 20,-1,-1,-1,-1,1,-1.0,1,1,1,2,20,4,3,0,0,0,0,0,9,1,2,,,,,,,,,,,,,,,,,2015,12,2,19
24845,201501ZD39211,532200.0,169600.0,-0.100559,51.410021,1,Slight,2,2,2015-11-24,Tuesday,21:15,Croydon,E09000008,6,0,6,30.0,6,4,6,0,0.0,0.0,4,8,2,0,0,1,1,E01001160,3,1,24/11/2015,24/11/2015,1,9,0,18,0.0,8,0,0,0,0,1.0,1.0,6,Male,27,26 - 35,1969,2,-1,-1,1,-1.0,1,1,1,1,27,6,3,0,0,0,0,0,9,1,6,,,,,,,,,,,,,,,,,2015,11,2,21
24854,201501ZT80007,525260.0,164270.0,-0.202169,51.363693,1,Slight,2,1,2015-09-01,Tuesday,18:03,Sutton,E09000029,6,0,6,30.0,3,4,6,0,0.0,0.0,7,1,1,0,0,1,1,E01004160,3,1,09/01/2015,09/01/2015,1,3,0,18,0.0,8,0,0,0,0,1.0,1.0,6,Female,29,26 - 35,125,1,6,-1,-1,-1.0,1,1,1,2,29,6,3,0,0,0,0,0,3,-1,-1,,,,,,,,,,,,,,,,,2015,9,1,18
24858,201501ZT80015,528440.0,166110.0,-0.155853,51.379519,1,Slight,1,1,2015-07-01,Wednesday,18:51,Sutton,E09000029,4,277,6,30.0,6,2,3,237,0.0,0.0,7,1,1,0,0,1,1,E01004188,3,1,07/01/2015,07/01/2015,1,3,0,18,0.0,1,0,0,0,0,1.0,1.0,1,Male,17,16 - 20,125,1,11,-1,1,-1.0,1,1,3,1,90,11,3,5,1,0,0,2,0,1,5,,,,,,,,,,,,,,,,,2015,7,1,18
24863,201501ZT80028,530120.0,165870.0,-0.131815,51.37698,1,Slight,2,1,2015-01-29,Thursday,23:39,Sutton,E09000029,4,272,6,30.0,3,4,6,0,0.0,0.0,4,1,2,0,0,1,1,E01004076,3,1,29/01/2015,29/01/2015,1,9,0,9,0.0,8,0,0,0,0,4.0,1.0,6,Female,35,26 - 35,1299,1,16,-1,1,-1.0,2,1,1,2,47,8,3,0,0,0,0,0,9,1,5,,,,,,,,,,,,,,,,,2015,1,1,23
24865,201501ZT80032,529070.0,162910.0,-0.147966,51.350618,1,Slight,1,1,2015-07-02,Thursday,00:05,Sutton,E09000029,3,237,6,30.0,3,4,6,0,0.0,0.0,4,1,1,0,0,1,1,E01004181,3,1,07/02/2015,07/02/2015,1,9,0,18,0.0,8,5,10,1,2,4.0,1.0,6,Male,24,21 - 25,-1,-1,-1,-1,-1,-1.0,1,1,1,1,24,5,3,0,0,0,0,0,9,-1,-1,,,,,,,,,,,,,,,,,2015,7,1,0
24867,201501ZT80034,522880.0,165590.0,-0.235882,51.376076,1,Slight,2,1,2015-01-30,Friday,18:40,Sutton,E09000029,3,2043,6,30.0,3,4,6,0,0.0,4.0,4,1,1,0,0,1,1,E01004190,3,1,30/01/2015,30/01/2015,1,3,0,18,0.0,8,0,0,0,0,1.0,1.0,1,Male,30,26 - 35,109,1,2,-1,1,-1.0,1,1,1,1,30,6,3,0,0,0,0,0,3,1,2,,,,,,,,,,,,,,,,,2015,1,1,18
24877,201501ZT80047,525820.0,164890.0,-0.193911,51.369141,1,Slight,2,1,2015-04-02,Thursday,21:29,Sutton,E09000029,6,0,6,30.0,6,4,6,0,0.0,0.0,4,1,2,0,0,1,1,E01004140,3,1,04/02/2015,04/02/2015,1,9,0,18,0.0,8,0,0,0,0,1.0,1.0,6,Male,34,26 - 35,1596,1,4,-1,1,-1.0,1,1,1,1,34,6,3,0,0,0,0,0,9,1,5,,,,,,,,,,,,,,,,,2015,4,1,21
24883,201501ZT80058,524240.0,163770.0,-0.216987,51.359423,1,Slight,2,1,2015-02-24,Tuesday,20:28,Sutton,E09000029,3,2043,6,30.0,3,4,6,0,0.0,0.0,4,1,1,0,0,1,2,E01004111,3,1,24/02/2015,24/02/2015,1,9,0,18,0.0,8,0,0,0,0,1.0,1.0,6,Male,19,16 - 20,1598,1,5,-1,1,-1.0,1,1,1,1,19,4,3,0,0,0,0,0,9,1,3,,,,,,,,,,,,,,,,,2015,2,1,20
24884,201501ZT80059,524360.0,163150.0,-0.215481,51.353825,1,Slight,1,1,2015-02-26,Thursday,18:36,Sutton,E09000029,6,0,6,30.0,3,4,5,0,0.0,0.0,7,1,1,0,0,1,1,E01004112,3,1,26/02/2015,26/02/2015,1,9,0,18,0.0,1,0,0,0,0,1.0,1.0,6,Male,25,21 - 25,-1,-1,-1,-1,1,-1.0,1,1,3,2,64,9,3,5,3,0,0,2,0,1,10,,,,,,,,,,,,,,,,,2015,2,1,18
24892,201501ZT80071,526080.0,166630.0,-0.189561,51.384721,1,Slight,2,1,2015-03-03,Tuesday,21:20,Sutton,E09000029,3,217,6,30.0,1,4,3,297,0.0,0.0,4,1,1,0,0,1,1,E01004129,3,1,03/03/2015,03/03/2015,1,9,0,18,0.0,2,0,0,0,0,1.0,1.0,1,Male,35,26 - 35,1364,1,7,-1,1,-1.0,2,1,1,1,39,7,3,0,0,0,0,0,1,1,8,,,,,,,,,,,,,,,,,2015,3,1,21
24893,201501ZT80072,526880.0,163390.0,-0.179226,51.355425,1,Slight,1,1,2015-06-03,Wednesday,04:16,Sutton,E09000029,6,0,6,30.0,6,4,6,0,0.0,0.0,4,1,1,0,0,1,2,E01004154,3,1,06/03/2015,06/03/2015,1,9,0,18,0.0,1,0,10,1,2,1.0,1.0,6,Male,25,21 - 25,1242,1,3,-1,1,-1.0,1,1,1,1,25,5,3,0,0,0,0,0,9,1,6,,,,,,,,,,,,,,,,,2015,6,1,4
24894,201501ZT80073,530830.0,161840.0,-0.1231,51.3406,1,Slight,2,1,2015-08-03,Monday,21:28,Croydon,E09000008,4,272,6,30.0,3,4,3,2022,0.0,0.0,4,1,1,0,0,1,1,E01001092,3,1,08/03/2015,08/03/2015,1,9,0,18,0.0,8,0,0,0,0,1.0,1.0,6,Female,21,21 - 25,-1,-1,-1,-1,1,-1.0,1,1,1,2,21,5,3,0,0,0,0,0,9,1,4,,,,,,,,,,,,,,,,,2015,8,1,21
24902,201501ZT80086,526860.0,165930.0,-0.178608,51.378257,1,Slight,2,1,2015-07-03,Friday,19:50,Sutton,E09000029,6,0,6,30.0,6,4,4,278,0.0,0.0,4,1,1,0,0,1,1,E01004127,3,1,07/03/2015,07/03/2015,1,3,0,18,0.0,8,0,0,0,0,1.0,1.0,6,Male,28,26 - 35,125,1,3,-1,1,-1.0,1,1,1,1,28,6,3,0,0,0,0,0,3,1,4,,,,,,,,,,,,,,,,,2015,7,1,19
24910,201501ZT80094,526040.0,166540.0,-0.190167,51.383921,1,Slight,2,1,2015-05-19,Tuesday,18:55,Sutton,E09000029,4,278,1,30.0,1,2,4,2230,0.0,0.0,1,1,1,1,0,1,1,E01004123,3,1,19/05/2015,19/05/2015,1,9,0,7,0.0,8,0,0,0,0,3.0,1.0,6,Female,24,21 - 25,1240,1,10,-1,-1,-1.0,1,1,2,2,38,7,3,0,0,1,0,0,9,-1,-1,,,,,,,,,,,,,,,,,2015,5,1,18
24915,201501ZT80100,528950.0,163650.0,-0.14942,51.357296,1,Slight,2,1,2015-03-23,Monday,23:32,Sutton,E09000029,4,271,6,30.0,6,4,3,237,0.0,0.0,4,2,2,0,0,1,2,E01004177,3,1,23/03/2015,23/03/2015,1,9,0,18,0.0,8,0,0,0,0,1.0,1.0,6,Male,35,26 - 35,1968,2,6,-1,1,-1.0,1,1,1,1,35,6,3,0,0,0,0,0,9,1,4,,,,,,,,,,,,,,,,,2015,3,1,23
24916,201501ZT80101,528910.0,163930.0,-0.149893,51.359821,1,Slight,2,1,2015-02-18,Wednesday,19:20,Sutton,E09000029,3,237,6,30.0,3,4,6,0,0.0,0.0,4,1,1,0,0,1,1,E01004178,3,1,18/02/2015,18/02/2015,1,2,0,18,0.0,1,0,0,0,0,2.0,1.0,6,Male,16,16 - 20,49,1,10,-1,1,-1.0,1,1,1,1,16,4,3,0,0,0,0,0,2,1,4,,,,,,,,,,,,,,,,,2015,2,1,19
24917,201501ZT80102,528300.0,166600.0,-0.157687,51.383955,1,Slight,1,1,2015-03-18,Wednesday,18:15,Sutton,E09000029,6,0,6,30.0,3,4,3,237,0.0,0.0,1,1,1,0,0,1,1,E01004186,3,1,18/03/2015,18/03/2015,1,9,0,18,0.0,1,0,0,0,0,1.0,1.0,6,Male,27,26 - 35,1396,1,10,-1,1,-1.0,1,1,3,1,7,2,3,5,1,0,0,2,0,1,2,,,,,,,,,,,,,,,,,2015,3,1,18
24941,201501ZT80134,524990.0,163830.0,-0.2062,51.359798,1,Slight,2,1,2015-04-29,Wednesday,18:08,Sutton,E09000029,5,0,6,30.0,6,4,3,232,0.0,0.0,1,1,1,0,0,1,1,E01004158,3,1,29/04/2015,29/04/2015,1,9,0,18,0.0,1,0,0,0,0,1.0,1.0,6,Male,21,21 - 25,1796,1,10,-1,1,-1.0,2,1,1,1,34,6,3,0,0,0,0,0,9,1,9,,,,,,,,,,,,,,,,,2015,4,1,18
24948,201501ZT80143,525640.0,162150.0,-0.197462,51.344556,1,Slight,2,1,2015-04-20,Monday,21:30,Sutton,E09000029,4,2230,6,30.0,3,4,6,0,0.0,0.0,4,1,1,0,0,1,2,E01004090,3,1,20/04/2015,20/04/2015,1,4,0,18,0.0,8,0,0,0,0,1.0,1.0,6,Male,33,26 - 35,499,1,21,-1,1,-1.0,1,1,1,1,33,6,3,0,0,0,0,0,4,1,4,,,,,,,,,,,,,,,,,2015,4,1,21
24954,201501ZT80151,524100.0,166060.0,-0.218198,51.380034,1,Slight,1,1,2015-05-15,Friday,18:54,Sutton,E09000029,3,24,6,30.0,6,4,6,0,0.0,1.0,1,1,1,0,0,1,1,E01004131,3,1,15/05/2015,15/05/2015,1,9,0,5,0.0,1,0,0,0,0,1.0,1.0,6,Female,27,26 - 35,1587,1,10,-1,-1,-1.0,1,1,3,1,42,7,3,9,5,0,0,2,0,1,1,,,,,,,,,,,,,,,,,2015,5,1,18
24957,201501ZT80154,527220.0,166690.0,-0.173166,51.385006,1,Slight,2,2,2015-05-18,Monday,18:07,Sutton,E09000029,5,0,6,30.0,3,4,6,0,0.0,0.0,1,1,1,0,0,1,1,E01004183,3,1,18/05/2015,18/05/2015,1,9,0,4,0.0,1,0,0,0,0,1.0,1.0,6,Male,33,26 - 35,1299,1,15,-1,1,-1.0,1,1,1,1,33,6,3,0,0,0,0,0,9,1,6,,,,,,,,,,,,,,,,,2015,5,2,18
24959,201501ZT80156,530380.0,163410.0,-0.128983,51.354813,1,Slight,2,1,2015-05-13,Wednesday,20:02,Sutton,E09000029,5,0,6,30.0,8,4,6,0,0.0,0.0,4,1,1,0,0,1,2,E01004088,3,1,13/05/2015,13/05/2015,1,9,0,7,0.0,8,0,0,0,0,3.0,1.0,6,Female,28,26 - 35,1998,2,11,-1,1,-1.0,2,1,1,1,12,3,3,0,0,0,0,0,1,1,1,,,,,,,,,,,,,,,,,2015,5,1,20