,accident_index,location_easting_osgr,location_northing_osgr,longitude,latitude,police_force,accident_severity,number_of_vehicles,number_of_casualties,date,day_of_week,time,local_authority_district,local_authority_highway,first_road_class,first_road_number,road_type,speed_limit,junction_detail,junction_control,second_road_class,second_road_number,pedestrian_crossing-human_control,pedestrian_crossing-physical_facilities,light_conditions,weather_conditions,road_surface_conditions,special_conditions_at_site,carriageway_hazards,urban_or_rural_area,did_police_officer_attend_scene_of_accident,lsoa_of_accident_location,accident_severity_num,accident_severity_inv,date2,date_original,vehicle_reference_x,vehicle_type,towing_and_articulation,vehicle_manoeuvre,vehicle_location-restricted_lane,junction_location,skidding_and_overturning,hit_object_in_carriageway,vehicle_leaving_carriageway,hit_object_off_carriageway,1st_point_of_impact,was_vehicle_left_hand_drive?,journey_purpose_of_driver,sex_of_driver,age_of_driver,age_band_of_driver,engine_capacity_cc,propulsion_code,age_of_vehicle,driver_imd_decile,driver_home_area_type,vehicle_imd_decile,vehicle_reference_y,casualty_reference,casualty_class,sex_of_casualty,age_of_casualty,age_band_of_casualty,casualty_severity,pedestrian_location,pedestrian_movement,car_passenger,bus_or_coach_passenger,pedestrian_road_maintenance_worker,casualty_type,casualty_home_area_type,casualty_imd_decile,accident_year_x,accident_reference_x,local_authority_ons_district,pedestrian_crossing_human_control,pedestrian_crossing_physical_facilities,trunk_road_flag,accident_year_y,accident_reference_y,vehicle_direction_from,vehicle_direction_to,vehicle_location_restricted_lane,first_point_of_impact,vehicle_left_hand_drive,generic_make_model,accident_year,accident_reference,year,month,severity,hours
24967,201501ZT80168,525600.0,165500.0,-0.196854,51.374672,1,Slight,2,1,2015-05-28,Thursday,18:36,Sutton,E09000029,6,0,6,30.0,3,4,4,279,0.0,0.0,1,1,1,0,0,1,1,E01004145,3,1,28/05/2015,28/05/2015,1,9,0,18,0.0,8,0,0,0,0,1.0,1.0,6,Male,17,16 - 20,1199,1,14,-1,1,-1.0,2,1,1,1,32,6,3,0,0,0,0,0,9,1,9,,,,,,,,,,,,,,,,,2015,5,1,18
24983,201501ZT80186,526560.0,166990.0,-0.182538,51.38785,1,Slight,2,1,2015-10-06,Tuesday,19:45,Sutton,E09000029,5,0,6,30.0,6,4,3,217,0.0,0.0,1,1,1,0,0,1,2,E01004129,3,1,10/06/2015,10/06/2015,1,9,0,3,0.0,1,0,0,0,0,2.0,1.0,6,Male,28,26 - 35,1988,1,12,-1,1,-1.0,1,1,1,1,28,6,3,0,0,0,0,0,9,1,10,,,,,,,,,,,,,,,,,2015,10,1,19
24998,201501ZT80205,527950.0,164490.0,-0.163472,51.365071,1,Slight,1,1,2015-06-26,Friday,20:55,Sutton,E09000029,3,232,6,30.0,3,4,4,277,0.0,0.0,1,1,1,0,0,1,1,E01004102,3,1,26/06/2015,26/06/2015,1,9,0,18,0.0,1,0,0,0,0,1.0,1.0,6,Female,33,26 - 35,2979,1,11,-1,1,-1.0,1,1,3,1,47,8,3,5,1,0,0,2,0,1,2,,,,,,,,,,,,,,,,,2015,6,1,20
25002,201501ZT80209,525730.0,164770.0,-0.195245,51.368083,1,Slight,1,1,2015-06-24,Wednesday,18:14,Sutton,E09000029,4,2230,6,30.0,3,4,4,2230,0.0,0.0,1,1,1,0,0,1,1,E01004142,3,1,24/06/2015,24/06/2015,1,9,0,18,0.0,1,0,0,0,0,1.0,1.0,6,Female,35,26 - 35,1598,1,3,-1,1,-1.0,1,1,3,1,15,3,3,5,1,0,0,2,0,1,2,,,,,,,,,,,,,,,,,2015,6,1,18
25008,201501ZT80219,528260.0,166860.0,-0.158167,51.3863,1,Slight,2,1,2015-04-07,Tuesday,01:15,Sutton,E09000029,3,237,1,30.0,2,4,6,0,0.0,0.0,4,2,2,0,0,1,1,E01004185,3,1,04/07/2015,04/07/2015,1,9,0,9,0.0,8,0,0,0,0,4.0,1.0,6,Female,25,21 - 25,1796,1,6,-1,1,-1.0,1,1,1,2,25,5,3,0,0,0,0,0,9,1,2,,,,,,,,,,,,,,,,,2015,4,1,1
25016,201501ZT80229,522580.0,165350.0,-0.240273,51.373983,1,Slight,2,1,2015-10-07,Wednesday,18:08,Sutton,E09000029,6,0,6,30.0,0,-1,-1,0,0.0,0.0,1,1,1,0,0,1,1,E01004122,3,1,10/07/2015,10/07/2015,1,9,0,18,0.0,0,5,0,0,0,1.0,1.0,6,Female,17,16 - 20,998,1,11,-1,1,-1.0,1,1,1,2,17,4,3,0,0,0,0,0,9,1,10,,,,,,,,,,,,,,,,,2015,10,1,18
25021,201501ZT80234,525610.0,166220.0,-0.196456,51.381141,1,Slight,2,1,2015-06-30,Tuesday,00:52,Sutton,E09000029,3,217,3,30.0,3,4,6,0,0.0,7.0,4,1,1,0,0,1,1,E01004124,3,1,30/06/2015,30/06/2015,1,9,0,18,0.0,1,0,7,0,0,1.0,1.0,6,Male,25,21 - 25,-1,-1,-1,-1,1,-1.0,1,1,1,1,25,5,3,0,0,0,0,0,9,1,10,,,,,,,,,,,,,,,,,2015,6,1,0
25025,201501ZT80239,527610.0,163220.0,-0.168809,51.353734,1,Slight,2,1,2015-07-07,Tuesday,22:45,Sutton,E09000029,5,0,6,30.0,3,4,6,0,0.0,0.0,4,1,1,0,0,1,1,E01004105,3,1,07/07/2015,07/07/2015,1,9,0,18,0.0,8,0,0,0,0,4.0,1.0,6,Male,28,26 - 35,1198,1,12,-1,1,-1.0,1,1,1,1,28,6,3,0,0,0,0,0,9,1,5,,,,,,,,,,,,,,,,,2015,7,1,22
25028,201501ZT80243,525740.0,165010.0,-0.195017,51.370237,1,Slight,1,1,2015-11-07,Saturday,01:03,Sutton,E09000029,4,2230,6,30.0,3,4,6,0,0.0,4.0,4,1,1,0,0,1,1,E01004146,3,1,11/07/2015,11/07/2015,1,8,0,18,0.0,1,0,0,0,0,1.0,1.0,1,Male,27,26 - 35,-1,-1,-1,-1,-1,-1.0,1,1,3,1,17,4,3,4,1,0,0,2,0,1,2,,,,,,,,,,,,,,,,,2015,11,1,1
25035,201501ZT80255,525780.0,163870.0,-0.194845,51.359983,1,Slight,2,1,2015-07-24,Friday,18:10,Sutton,E09000029,3,232,6,30.0,3,4,3,232,0.0,4.0,1,1,2,0,0,1,2,E01004156,3,1,24/07/2015,24/07/2015,1,9,0,3,0.0,2,0,0,0,0,2.0,1.0,6,Female,21,21 - 25,998,1,8,-1,1,-1.0,1,1,1,2,21,5,3,0,0,0,0,0,9,1,4,,,,,,,,,,,,,,,,,2015,7,1,18
25038,201501ZT80259,528920.0,164900.0,-0.149398,51.368536,1,Slight,2,1,2015-03-08,Sunday,22:52,Sutton,E09000029,3,232,6,30.0,3,4,6,0,0.0,0.0,4,2,2,0,0,1,1,E01004172,3,1,03/08/2015,03/08/2015,1,2,0,18,0.0,1,0,0,0,0,2.0,1.0,6,Male,16,16 - 20,-1,-1,-1,-1,1,-1.0,1,1,1,1,16,4,3,0,0,0,0,0,2,1,1,,,,,,,,,,,,,,,,,2015,3,1,22
25055,201501ZT80278,527500.0,165150.0,-0.169696,51.371104,1,Slight,1,1,2015-05-31,Sunday,18:44,Sutton,E09000029,4,278,6,30.0,3,4,5,0,0.0,0.0,1,1,1,0,0,1,1,E01004100,3,1,31/05/2015,31/05/2015,1,9,0,18,0.0,1,0,0,0,0,1.0,1.0,6,Female,23,21 - 25,996,1,1,-1,1,-1.0,1,1,3,1,12,3,3,5,1,0,0,2,0,1,3,,,,,,,,,,,,,,,,,2015,5,1,18
25056,201501ZT80279,529090.0,163710.0,-0.147389,51.357803,1,Slight,2,1,2015-07-29,Wednesday,22:00,Sutton,E09000029,4,271,6,30.0,3,4,6,0,0.0,0.0,1,1,1,0,0,1,1,E01004178,3,1,29/07/2015,29/07/2015,1,9,0,18,0.0,1,0,0,0,0,1.0,1.0,6,Male,24,21 - 25,1796,1,7,-1,1,-1.0,1,1,1,1,24,5,3,0,0,0,0,0,9,1,5,,,,,,,,,,,,,,,,,2015,7,1,22
25082,201501ZT80316,524510.0,166670.0,-0.212096,51.385427,1,Slight,2,1,2015-09-19,Saturday,20:45,Sutton,E09000029,3,24,6,30.0,0,-1,-1,0,0.0,0.0,4,1,1,0,0,1,2,E01004134,3,1,19/09/2015,19/09/2015,1,9,0,18,0.0,0,0,0,0,0,4.0,1.0,6,Female,35,26 - 35,-1,-1,-1,-1,1,-1.0,1,1,1,2,35,6,3,0,0,0,0,0,9,1,6,,,,,,,,,,,,,,,,,2015,9,1,20
25086,201501ZT80320,527410.0,165910.0,-0.170716,51.377954,1,Slight,1,1,2015-02-10,Tuesday,18:00,Sutton,E09000029,5,0,6,30.0,3,4,6,0,0.0,0.0,1,1,1,0,0,1,1,E01004127,3,1,02/10/2015,02/10/2015,1,9,0,18,0.0,1,0,0,0,0,4.0,1.0,6,Female,35,26 - 35,1596,1,13,-1,1,-1.0,1,1,3,1,9,2,3,5,2,0,0,2,0,1,5,,,,,,,,,,,,,,,,,2015,2,1,18
25114,201501ZT80353,525790.0,165270.0,-0.194207,51.372563,1,Slight,2,1,2015-10-21,Wednesday,21:00,Sutton,E09000029,4,2230,6,30.0,9,2,6,0,0.0,5.0,4,1,1,0,0,1,1,E01004149,3,1,21/10/2015,21/10/2015,1,9,0,5,0.0,1,0,0,0,0,1.0,1.0,6,Male,21,21 - 25,1796,1,1,-1,1,-1.0,2,1,2,2,17,4,3,0,0,1,0,0,9,1,3,,,,,,,,,,,,,,,,,2015,10,1,21
25116,201501ZT80356,526240.0,166550.0,-0.187291,51.383967,1,Slight,2,2,2015-11-15,Sunday,18:10,Sutton,E09000029,6,0,6,30.0,0,-1,-1,0,0.0,0.0,4,1,1,0,0,1,2,E01004123,3,1,15/11/2015,15/11/2015,1,9,0,18,0.0,0,0,0,0,0,3.0,1.0,6,Female,26,26 - 35,1395,1,-1,-1,1,-1.0,1,1,1,2,26,6,3,0,0,0,0,0,9,1,4,,,,,,,,,,,,,,,,,2015,11,2,18
25135,201501ZT80378,529140.0,162460.0,-0.147125,51.346558,1,Slight,2,1,2015-11-30,Monday,19:05,Sutton,E09000029,3,237,6,30.0,3,4,6,0,0.0,0.0,4,1,2,0,0,1,1,E01004084,3,1,30/11/2015,30/11/2015,1,9,0,18,0.0,1,0,0,0,0,1.0,1.0,6,Female,25,21 - 25,1242,1,3,-1,1,-1.0,1,1,1,2,25,5,3,0,0,0,0,0,9,1,6,,,,,,,,,,,,,,,,,2015,11,1,19
25141,201501ZT80387,528260.0,164580.0,-0.15899,51.36581,1,Slight,1,1,2015-11-12,Thursday,20:00,Sutton,E09000029,3,232,6,30.0,3,4,6,0,0.0,4.0,4,1,1,0,0,1,1,E01004099,3,1,11/12/2015,11/12/2015,1,9,0,9,0.0,8,0,0,0,0,1.0,1.0,6,Female,30,26 - 35,1229,1,3,-1,1,-1.0,1,1,3,1,25,5,3,4,1,0,0,2,0,1,8,,,,,,,,,,,,,,,,,2015,11,1,20
25144,201501ZT80390,528700.0,163540.0,-0.153049,51.356364,1,Slight,2,3,2015-12-16,Wednesday,19:30,Sutton,E09000029,4,271,6,30.0,6,4,6,0,0.0,0.0,4,1,1,0,0,1,1,E01004180,3,1,16/12/2015,16/12/2015,1,4,0,13,0.0,8,0,0,0,0,1.0,1.0,6,Male,17,16 - 20,124,1,16,-1,1,-1.0,1,1,1,1,17,4,3,0,0,0,0,0,4,1,3,,,,,,,,,,,,,,,,,2015,12,3,19
25150,201501ZT80400,528230.0,167160.0,-0.15849,51.389003,1,Slight,2,1,2015-12-17,Thursday,02:55,Sutton,E09000029,3,237,6,30.0,2,4,5,0,0.0,0.0,7,1,1,0,0,1,2,E01003375,3,1,17/12/2015,17/12/2015,1,9,0,9,0.0,8,0,0,0,0,0.0,1.0,6,Female,26,26 - 35,1796,1,10,-1,1,-1.0,1,1,1,2,26,6,3,0,0,0,0,0,9,1,2,,,,,,,,,,,,,,,,,2015,12,1,2
25157,201501ZT80409,524400.0,164450.0,-0.214453,51.365499,1,Slight,1,2,2015-12-20,Sunday,00:45,Sutton,E09000029,3,217,6,30.0,0,-1,-1,0,0.0,0.0,4,1,1,0,0,1,1,E01004115,3,1,20/12/2015,20/12/2015,1,9,0,18,0.0,0,5,0,0,0,0.0,1.0,6,Male,31,26 - 35,-1,-1,-1,-1,1,-1.0,1,1,1,1,31,6,3,0,0,0,0,0,9,1,4,,,,,,,,,,,,,,,,,2015,12,2,0
25159,201501ZT80415,529090.0,162600.0,-0.147792,51.347828,1,Slight,2,1,2015-12-31,Thursday,21:34,Sutton,E09000029,3,237,6,30.0,2,4,5,0,0.0,0.0,4,1,2,0,0,1,1,E01004181,3,1,31/12/2015,31/12/2015,1,9,0,9,0.0,8,0,0,0,0,4.0,1.0,6,Female,26,26 - 35,1596,1,5,-1,1,-1.0,1,1,1,2,26,6,3,0,0,0,0,0,9,1,2,,,,,,,,,,,,,,,,,2015,12,1,21
86242,20154100A0454,532288.0,212871.0,-0.082985,51.798847,41,Slight,1,1,2015-04-07,Tuesday,01:15,Hertsmere,E10000015,4,158,6,30.0,0,-1,-1,0,0.0,0.0,4,2,2,0,0,1,1,E01023474,3,1,04/07/2015,04/07/2015,1,9,0,18,0.0,0,1,0,1,10,1.0,1.0,2,Female,34,26 - 35,1596,1,14,-1,1,-1.0,1,1,2,1,48,8,3,0,0,2,0,0,9,1,10,,,,,,,,,,,,,,,,,2015,4,1,1
86828,20154100C0741,511977.0,196368.0,-0.382695,51.654957,41,Slight,2,1,2015-08-15,Saturday,18:45,Hertsmere,E10000015,6,308,6,20.0,3,4,6,32,0.0,4.0,1,1,1,0,0,1,1,E01023554,3,1,15/08/2015,15/08/2015,1,3,0,18,0.0,2,0,0,0,0,1.0,1.0,6,Male,27,26 - 35,124,1,1,-1,1,-1.0,1,1,1,1,27,6,3,0,0,0,0,0,3,1,10,,,,,,,,,,,,,,,,,2015,8,1,18
87120,20154100D0423,506238.0,204975.0,-0.463005,51.733429,41,Serious,3,1,2015-08-14,Friday,04:25,Hertsmere,E10000015,3,4251,6,30.0,0,-1,-1,0,0.0,0.0,4,8,2,0,0,1,1,E01033022,2,2,14/08/2015,14/08/2015,1,9,0,18,0.0,0,0,0,0,0,1.0,1.0,6,Male,18,16 - 20,1149,1,10,-1,1,-1.0,1,1,1,1,18,4,2,0,0,0,0,0,9,1,8,,,,,,,,,,,,,,,,,2015,8,2,4
87222,20154100E0003,525390.0,226270.0,-0.178105,51.920843,41,Slight,2,1,2015-09-01,Tuesday,19:00,Stevenage,E10000015,3,1072,3,40.0,1,4,3,1072,0.0,7.0,4,1,1,0,0,1,2,E01023789,3,1,09/01/2015,09/01/2015,1,9,0,4,0.0,1,0,0,0,0,1.0,1.0,6,Male,30,26 - 35,-1,-1,-1,-1,-1,-1.0,2,1,1,1,54,8,3,0,0,0,0,0,9,1,7,,,,,,,,,,,,,,,,,2015,9,1,19
87242,20154100E0072,525140.0,224630.0,-0.182334,51.906161,41,Slight,2,2,2015-05-02,Saturday,19:40,Stevenage,E10000015,6,26,6,30.0,0,-1,-1,0,0.0,0.0,4,1,2,0,0,1,1,E01023756,3,1,05/02/2015,05/02/2015,1,9,0,18,0.0,0,0,0,0,0,1.0,1.0,6,Male,24,21 - 25,1798,1,6,-1,1,-1.0,2,1,1,2,37,7,3,0,0,0,0,0,9,1,6,,,,,,,,,,,,,,,,,2015,5,2,19
87243,20154100E0073,523720.0,225230.0,-0.202749,51.91187,41,Slight,1,1,2015-06-02,Tuesday,21:04,Stevenage,E10000015,6,183,6,20.0,0,-1,-1,0,0.0,0.0,4,1,2,0,0,1,1,E01023777,3,1,06/02/2015,06/02/2015,1,9,0,18,0.0,0,0,0,1,2,1.0,1.0,6,Female,18,16 - 20,-1,-1,-1,-1,1,-1.0,1,1,1,2,18,4,3,0,0,0,0,0,9,1,5,,,,,,,,,,,,,,,,,2015,6,1,21
87248,20154100E0093,522782.0,226448.0,-0.215945,51.923023,41,Slight,3,1,2015-02-23,Monday,18:30,Stevenage,E10000015,3,602,3,40.0,1,4,3,602,0.0,0.0,4,2,2,0,0,1,2,E01023800,3,1,23/02/2015,23/02/2015,1,9,0,4,0.0,1,0,0,0,0,1.0,1.0,6,Male,30,26 - 35,-1,-1,-1,-1,-1,-1.0,2,1,1,2,20,4,3,0,0,0,0,0,9,1,3,,,,,,,,,,,,,,,,,2015,2,1,18
87251,20154100E0097,523278.0,225879.0,-0.20894,51.9178,41,Slight,3,1,2015-02-18,Wednesday,21:10,Stevenage,E10000015,3,1072,3,40.0,0,-1,-1,0,0.0,0.0,4,1,1,0,0,1,1,E01023776,3,1,18/02/2015,18/02/2015,1,9,0,18,0.0,0,1,0,6,1,1.0,1.0,6,Male,27,26 - 35,-1,-1,-1,-1,1,-1.0,1,1,1,1,27,6,3,0,0,0,0,0,9,1,5,,,,,,,,,,,,,,,,,2015,2,1,21
87253,20154100E0117,525270.0,223650.0,-0.180801,51.897326,41,Slight,2,3,2015-08-03,Monday,20:28,Stevenage,E10000015,6,302,6,40.0,2,4,6,332,0.0,7.0,4,1,1,0,0,1,1,E01023791,3,1,08/03/2015,08/03/2015,1,9,0,18,0.0,8,0,7,0,0,1.0,1.0,6,Male,24,21 - 25,-1,-1,-1,-1,1,-1.0,1,3,1,1,24,5,3,0,0,0,0,0,9,1,5,,,,,,,,,,,,,,,,,2015,8,3,20
87257,20154100E0155,525937.0,223641.0,-0.171116,51.897095,41,Slight,2,3,2015-03-04,Wednesday,23:00,Stevenage,E10000015,6,296,6,30.0,2,4,6,50,0.0,8.0,4,2,2,0,0,1,2,E01023792,3,1,03/04/2015,03/04/2015,1,9,0,4,0.0,1,0,0,0,0,2.0,1.0,6,Female,23,21 - 25,1198,1,10,-1,1,-1.0,1,1,2,2,19,4,3,0,0,1,0,0,9,1,5,,,,,,,,,,,,,,,,,2015,3,3,23
87258,20154100E0156,524720.0,226570.0,-0.187734,51.923689,41,Slight,2,4,2015-03-22,Sunday,20:45,Stevenage,E10000015,6,57,6,30.0,3,4,6,57,0.0,0.0,4,1,1,0,0,1,1,E01023788,3,1,22/03/2015,22/03/2015,1,9,0,18,0.0,1,0,0,0,0,1.0,1.0,6,Male,22,21 - 25,1999,1,10,-1,1,-1.0,2,1,1,1,42,7,3,0,0,0,0,0,8,1,4,,,,,,,,,,,,,,,,,2015,3,4,20
87269,20154100E0189,526348.0,223029.0,-0.16537,51.891502,41,Slight,2,2,2015-04-15,Wednesday,21:55,Stevenage,E10000015,6,20,6,30.0,3,4,6,130,0.0,0.0,4,1,1,0,0,1,1,E01023751,3,1,15/04/2015,15/04/2015,1,9,0,5,0.0,1,0,0,0,0,3.0,1.0,6,Male,22,21 - 25,1399,2,13,-1,1,-1.0,1,1,1,1,22,5,3,0,0,0,0,0,9,1,5,,,,,,,,,,,,,,,,,2015,4,2,21
87272,20154100E0225,523203.0,226751.0,-0.209718,51.925653,41,Serious,2,1,2015-01-05,Monday,19:15,Stevenage,E10000015,4,197,6,30.0,3,4,6,851,0.0,0.0,1,1,1,0,0,1,1,E01023800,2,2,01/05/2015,01/05/2015,1,3,0,18,0.0,8,0,0,0,0,1.0,1.0,6,Male,24,21 - 25,124,1,6,-1,1,-1.0,1,1,1,1,24,5,2,0,0,0,0,0,3,1,7,,,,,,,,,,,,,,,,,2015,1,2,19
87284,20154100E0297,526143.0,224173.0,-0.167929,51.901829,41,Slight,1,1,2015-11-06,Friday,19:05,Stevenage,E10000015,6,302,9,40.0,0,-1,-1,0,0.0,0.0,1,1,1,0,0,1,1,E01023761,3,1,11/06/2015,11/06/2015,1,3,0,18,5.0,0,0,0,0,0,4.0,1.0,2,Male,18,16 - 20,124,1,5,-1,1,-1.0,1,1,3,2,13,3,3,10,8,0,0,0,0,-1,-1,,,,,,,,,,,,,,,,,2015,11,1,19
87314,20154100E0402,524814.0,224580.0,-0.187088,51.905785,41,Slight,2,1,2015-08-17,Monday,19:29,Stevenage,E10000015,3,1155,6,30.0,2,4,6,199,0.0,7.0,1,1,1,0,0,1,1,E01023781,3,1,17/08/2015,17/08/2015,1,9,0,9,0.0,4,0,0,0,0,1.0,1.0,6,Male,23,21 - 25,1590,1,14,-1,1,-1.0,2,1,1,2,49,8,3,0,0,0,0,0,9,1,4,,,,,,,,,,,,,,,,,2015,8,1,19
87320,20154100E0422,524070.0,225744.0,-0.197479,51.916411,41,Slight,2,1,2015-08-25,Tuesday,18:50,Stevenage,E10000015,6,537,6,30.0,3,4,6,537,0.0,0.0,1,1,1,0,0,1,2,E01023777,3,1,25/08/2015,25/08/2015,1,4,0,10,0.0,1,0,0,0,0,1.0,1.0,6,Female,22,21 - 25,125,1,-1,-1,1,-1.0,1,1,1,2,22,5,3,0,0,0,0,0,4,1,7,,,,,,,,,,,,,,,,,2015,8,1,18
87323,20154100E0425,525162.0,224575.0,-0.182034,51.905662,41,Slight,2,1,2015-08-27,Thursday,23:10,Stevenage,E10000015,6,26,6,30.0,0,-1,-1,0,0.0,0.0,4,1,1,0,0,1,1,E01023756,3,1,27/08/2015,27/08/2015,1,3,0,18,0.0,0,0,0,0,0,3.0,1.0,6,Male,21,21 - 25,125,1,-1,-1,1,-1.0,1,1,1,1,21,5,3,0,0,0,0,0,3,1,5,,,,,,,,,,,,,,,,,2015,8,1,23
87324,20154100E0429,526053.0,222583.0,-0.169817,51.887561,41,Slight,1,1,2015-08-31,Monday,02:35,Stevenage,E10000015,3,602,1,40.0,1,4,6,296,0.0,7.0,4,2,2,0,0,1,1,E01023791,3,1,31/08/2015,31/08/2015,1,9,0,18,0.0,3,1,0,1,7,1.0,1.0,2,Male,20,16 - 20,998,1,7,-1,1,-1.0,1,1,1,1,20,4,3,0,0,0,0,0,9,1,9,,,,,,,,,,,,,,,,,2015,8,1,2
87325,20154100E0436,524444.0,223840.0,-0.192731,51.899218,41,Slight,2,2,2015-08-29,Saturday,20:28,Stevenage,E10000015,6,302,6,30.0,2,4,6,157,0.0,7.0,1,1,1,0,0,1,1,E01023755,3,1,29/08/2015,29/08/2015,1,9,0,18,0.0,3,1,10,1,4,1.0,1.0,6,Male,25,21 - 25,1796,1,15,-1,-1,-1.0,1,1,1,1,25,5,3,0,0,0,0,0,9,-1,-1,,,,,,,,,,,,,,,,,2015,8,2,20
87331,20154100E0470,524672.0,225673.0,-0.188756,51.915639,41,Slight,2,2,2015-09-15,Tuesday,20:17,Stevenage,E10000015,6,330,6,30.0,3,4,6,356,0.0,0.0,4,1,2,0,0,1,1,E01023781,3,1,15/09/2015,15/09/2015,1,9,0,10,0.0,1,0,0,0,0,2.0,1.0,6,Male,29,26 - 35,-1,-1,-1,-1,1,-1.0,1,1,2,2,0,1,3,0,0,2,0,0,9,1,5,,,,,,,,,,,,,,,,,2015,9,2,20
87344,20154100E0513,524853.0,225845.0,-0.186064,51.917144,41,Slight,4,2,2015-10-17,Saturday,04:16,Stevenage,E10000015,6,356,6,30.0,6,4,6,356,0.0,0.0,5,1,1,0,0,1,1,E01023772,3,1,17/10/2015,17/10/2015,1,9,0,18,0.0,1,2,4,0,0,1.0,1.0,6,Male,24,21 - 25,-1,-1,-1,-1,1,-1.0,1,1,2,1,24,5,3,0,0,1,0,0,9,1,5,,,,,,,,,,,,,,,,,2015,10,2,4
87347,20154100E0525,524869.0,222516.0,-0.187036,51.887225,41,Slight,1,1,2015-10-10,Saturday,18:30,Stevenage,E10000015,6,41,6,30.0,0,-1,-1,0,0.0,0.0,1,1,1,0,0,1,1,E01023786,3,1,10/10/2015,10/10/2015,1,9,0,18,0.0,0,0,0,0,0,1.0,1.0,6,Male,26,26 - 35,1598,2,3,-1,1,-1.0,1,1,3,1,9,2,3,9,5,0,0,0,0,1,6,,,,,,,,,,,,,,,,,2015,10,1,18
87370,20154100E0635,523870.0,222670.0,-0.201489,51.888832,41,Slight,2,1,2015-12-25,Friday,19:10,Stevenage,E10000015,3,602,1,40.0,1,4,3,602,0.0,7.0,4,1,2,0,0,1,2,E01023786,3,1,25/12/2015,25/12/2015,1,9,0,5,0.0,4,0,0,0,0,1.0,1.0,6,Male,20,16 - 20,1796,1,10,-1,-1,-1.0,2,1,2,1,55,8,3,0,0,1,0,0,9,1,3,,,,,,,,,,,,,,,,,2015,12,1,19
87371,20154100E0640,525898.0,224950.0,-0.171205,51.908866,41,Serious,1,1,2015-12-30,Wednesday,18:23,Stevenage,E10000015,6,66,6,30.0,3,4,6,775,0.0,0.0,4,2,2,0,0,1,1,E01023759,2,2,30/12/2015,30/12/2015,1,9,0,18,0.0,8,0,0,0,0,1.0,1.0,6,Male,35,26 - 35,1124,1,12,-1,1,-1.0,1,1,3,1,83,11,2,5,1,0,0,0,0,-1,-1,,,,,,,,,,,,,,,,,2015,12,2,18
87374,20154100E0645,525872.0,224982.0,-0.171571,51.90916,41,Slight,2,1,2015-12-21,Monday,22:00,Stevenage,E10000015,6,221,6,30.0,2,4,6,66,0.0,8.0,4,5,2,0,0,1,1,E01023759,3,1,21/12/2015,21/12/2015,1,9,0,10,0.0,1,0,0,0,0,1.0,1.0,6,Female,20,16 - 20,1242,1,9,-1,1,-1.0,2,1,1,2,25,5,3,0,0,0,0,0,9,1,2,,,,,,,,,,,,,,,,,2015,12,1,22
87375,20154100E0646,526054.0,222582.0,-0.169803,51.887552,41,Slight,1,3,2015-12-17,Thursday,22:41,Stevenage,E10000015,3,602,1,40.0,1,4,6,296,0.0,7.0,4,1,2,0,0,1,1,E01023791,3,1,17/12/2015,17/12/2015,1,9,0,18,0.0,8,1,0,1,7,1.0,1.0,6,Female,19,16 - 20,1398,2,12,-1,1,-1.0,1,1,1,2,19,4,3,0,0,0,0,0,9,1,4,,,,,,,,,,,,,,,,,2015,12,3,22
87935,20154100J0063,519110.0,195390.0,-0.279964,51.644703,41,Slight,2,1,2015-11-02,Monday,22:55,Hertsmere,E10000015,3,411,6,30.0,3,4,6,519,0.0,0.0,4,1,1,0,0,1,1,E01023566,3,1,11/02/2015,11/02/2015,1,9,0,17,0.0,1,0,0,0,0,1.0,2.0,6,Male,32,26 - 35,-1,-1,-1,-1,1,-1.0,2,1,2,1,27,6,3,0,0,1,0,0,9,1,5,,,,,,,,,,,,,,,,,2015,11,1,22
87940,20154100J0081,513980.0,195710.0,-0.353968,51.648641,41,Slight,2,1,2015-02-15,Sunday,18:50,Hertsmere,E10000015,6,86,6,30.0,3,4,6,131,0.0,0.0,4,1,2,0,0,1,1,E01023560,3,1,15/02/2015,15/02/2015,1,9,0,16,0.0,2,0,0,0,0,1.0,1.0,6,Female,21,21 - 25,998,1,4,-1,1,-1.0,1,1,2,2,18,4,3,0,0,1,0,0,9,1,7,,,,,,,,,,,,,,,,,2015,2,1,18
87971,20154100J0182,519724.0,198078.0,-0.270175,51.66873,41,Slight,2,1,2015-08-04,Tuesday,23:50,Hertsmere,E10000015,6,537,6,30.0,0,-1,-1,0,0.0,0.0,4,1,1,0,0,1,1,E01023537,3,1,08/04/2015,08/04/2015,1,9,0,2,0.0,0,0,0,0,0,3.0,1.0,1,Male,30,26 - 35,1248,2,8,-1,1,-1.0,2,1,3,1,30,6,3,9,5,0,0,0,0,1,8,,,,,,,,,,,,,,,,,2015,8,1,23
87992,20154100J0256,523922.0,201712.0,-0.208214,51.700479,41,Slight,1,1,2015-06-05,Friday,19:50,Hertsmere,E10000015,6,327,6,30.0,0,-1,-1,0,0.0,0.0,1,8,1,0,0,1,1,E01023570,3,1,06/05/2015,06/05/2015,1,9,0,1,0.0,0,0,0,0,0,1.0,1.0,2,Male,35,26 - 35,1598,2,1,-1,1,-1.0,1,1,3,1,37,7,3,10,9,0,0,0,0,1,3,,,,,,,,,,,,,,,,,2015,6,1,19
88003,20154100J0285,523914.0,201288.0,-0.208481,51.69667,41,Serious,2,1,2015-05-17,Sunday,20:20,Hertsmere,E10000015,6,327,6,30.0,3,4,6,346,0.0,0.0,1,1,1,0,0,1,1,E01023567,2,2,17/05/2015,17/05/2015,1,9,0,7,0.0,6,0,0,0,0,1.0,1.0,6,Male,19,16 - 20,-1,-1,-1,-1,3,-1.0,2,1,1,2,30,6,2,0,0,0,0,0,9,1,5,,,,,,,,,,,,,,,,,2015,5,2,20
88011,20154100J0305,519645.0,198454.0,-0.271189,51.672126,41,Slight,2,1,2015-06-17,Wednesday,23:51,Hertsmere,E10000015,4,5378,6,40.0,0,-1,-1,0,0.0,0.0,4,1,2,0,0,1,1,E01023534,3,1,17/06/2015,17/06/2015,1,9,0,18,0.0,0,0,0,0,0,1.0,1.0,6,Male,29,26 - 35,1388,1,12,-1,1,-1.0,2,1,1,1,46,8,3,0,0,0,0,0,9,1,4,,,,,,,,,,,,,,,,,2015,6,1,23
88013,20154100J0312,518676.0,197322.0,-0.285579,51.662158,41,Slight,1,1,2015-01-06,Tuesday,23:57,Hertsmere,E10000015,5,85,6,30.0,0,-1,-1,0,0.0,4.0,4,5,2,0,0,1,1,E01023531,3,1,01/06/2015,01/06/2015,1,9,0,4,0.0,0,0,0,0,0,0.0,1.0,6,Female,24,21 - 25,698,1,12,-1,1,-1.0,1,1,2,1,26,6,3,0,0,1,0,0,9,1,1,,,,,,,,,,,,,,,,,2015,1,1,23