,accident_index,location_easting_osgr,location_northing_osgr,longitude,latitude,police_force,accident_severity,number_of_vehicles,number_of_casualties,date,day_of_week,time,local_authority_district,local_authority_highway,first_road_class,first_road_number,road_type,speed_limit,junction_detail,junction_control,second_road_class,second_road_number,pedestrian_crossing-human_control,pedestrian_crossing-physical_facilities,light_conditions,weather_conditions,road_surface_conditions,special_conditions_at_site,carriageway_hazards,urban_or_rural_area,did_police_officer_attend_scene_of_accident,lsoa_of_accident_location,accident_severity_num,accident_severity_inv,date2,date_original,vehicle_reference_x,vehicle_type,towing_and_articulation,vehicle_manoeuvre,vehicle_location-restricted_lane,junction_location,skidding_and_overturning,hit_object_in_carriageway,vehicle_leaving_carriageway,hit_object_off_carriageway,1st_point_of_impact,was_vehicle_left_hand_drive?,journey_purpose_of_driver,sex_of_driver,age_of_driver,age_band_of_driver,engine_capacity_cc,propulsion_code,age_of_vehicle,driver_imd_decile,driver_home_area_type,vehicle_imd_decile,vehicle_reference_y,casualty_reference,casualty_class,sex_of_casualty,age_of_casualty,age_band_of_casualty,casualty_severity,pedestrian_location,pedestrian_movement,car_passenger,bus_or_coach_passenger,pedestrian_road_maintenance_worker,casualty_type,casualty_home_area_type,casualty_imd_decile,accident_year_x,accident_reference_x,local_authority_ons_district,pedestrian_crossing_human_control,pedestrian_crossing_physical_facilities,trunk_road_flag,accident_year_y,accident_reference_y,vehicle_direction_from,vehicle_direction_to,vehicle_location_restricted_lane,first_point_of_impact,vehicle_left_hand_drive,generic_make_model,accident_year,accident_reference,year,month,severity,hours
124594,2016010001452,529520.0,181330.0,-0.134758,51.516,1,Serious,2,1,2016-11-13,Sunday,00:20,Westminster,E09000033,3,40,6,30.0,3,2,6,0,,,4,1,1,0,0,1,1,E01004763,2,2,13/11/2016,13/11/2016,1,8,0,4,,2,0,0,0,0,,,1,Male,30,26 - 35,1968,2,1,1,1,,2,1,1,2,26,6,2,0,0,0,0,0,1,-1,-1,2016.0,010001452,E09000033,0.0,0.0,2.0,2016.0,010001452,7.0,3.0,0.0,4.0,2.0,-1,2016.0,010001452,2016,11,2,0
124596,2016010001454,522140.0,174860.0,-0.2433,51.459494,1,Serious,1,2,2016-12-11,Sunday,22:40,Wandsworth,E09000032,3,306,6,40.0,9,4,6,0,,,4,1,2,0,0,1,1,E01004575,2,2,12/11/2016,12/11/2016,1,3,0,18,,2,0,0,0,0,,,6,Male,19,16 - 20,124,1,1,8,1,,1,1,1,1,19,4,3,0,0,0,0,0,3,1,8,2016.0,010001454,E09000032,0.0,8.0,2.0,2016.0,010001454,5.0,1.0,0.0,1.0,1.0,-1,2016.0,010001454,2016,12,4,22
124597,2016010001455,542310.0,176830.0,0.047638,51.472488,1,Slight,2,2,2016-11-13,Sunday,19:55,Greenwich,E09000011,3,207,6,30.0,3,2,6,0,,,4,1,1,0,0,1,1,E01001646,3,1,13/11/2016,13/11/2016,1,9,0,9,,1,0,0,0,0,,,6,Female,28,26 - 35,-1,-1,-1,5,1,,1,1,1,2,28,6,3,0,0,0,0,0,9,1,5,2016.0,010001455,E09000011,0.0,4.0,2.0,2016.0,010001455,7.0,5.0,0.0,1.0,1.0,-1,2016.0,010001455,2016,11,2,19
124598,2016010001456,525660.0,179660.0,-0.190953,51.501862,1,Slight,2,1,2016-11-13,Sunday,22:00,Kensington and Chelsea,E09000020,3,315,3,30.0,9,2,3,4204,,,4,1,2,0,0,1,1,E01002889,3,1,13/11/2016,13/11/2016,1,9,0,3,,1,0,0,0,0,,,6,Male,26,26 - 35,1596,1,13,6,1,,1,1,1,1,26,6,3,0,0,0,0,0,9,1,6,2016.0,010001456,E09000020,0.0,4.0,2.0,2016.0,010001456,3.0,7.0,0.0,2.0,1.0,-1,2016.0,010001456,2016,11,1,22
124605,2016010001465,524570.0,187000.0,-0.204054,51.568069,1,Slight,2,1,2016-11-13,Sunday,23:39,Barnet,E09000003,6,0,6,30.0,3,4,6,0,,,4,1,1,0,2,1,1,E01000135,3,1,13/11/2016,13/11/2016,1,9,0,18,,1,0,0,0,0,,,6,Male,23,21 - 25,1198,1,13,2,1,,2,1,1,1,39,7,3,0,0,0,0,0,9,1,8,2016.0,010001465,E09000003,0.0,0.0,2.0,2016.0,010001465,1.0,5.0,0.0,1.0,1.0,-1,2016.0,010001465,2016,11,1,23
124613,2016010001475,537230.0,185430.0,-0.022114,51.551024,1,Slight,2,1,2016-11-13,Sunday,21:45,Hackney,E09000012,3,12,7,40.0,5,4,6,0,,,7,2,2,0,0,1,1,E01001846,3,1,13/11/2016,13/11/2016,1,4,0,18,,7,2,10,0,0,,,2,Male,24,21 - 25,689,1,0,5,1,,1,1,1,1,24,5,3,0,0,0,0,0,4,1,5,2016.0,010001475,E09000012,0.0,0.0,2.0,2016.0,010001475,7.0,3.0,0.0,3.0,1.0,-1,2016.0,010001475,2016,11,1,21
124614,2016010001476,533700.0,191370.0,-0.070736,51.605251,1,Serious,1,1,2016-11-14,Monday,05:30,Haringey,E09000014,5,0,6,20.0,3,4,6,0,,,4,1,2,0,0,1,1,E01002034,2,2,14/11/2016,14/11/2016,1,9,0,17,,2,0,0,0,0,,,2,Male,27,26 - 35,898,1,3,1,1,,1,1,3,2,45,7,2,5,1,0,0,2,0,1,1,2016.0,010001476,E09000014,0.0,0.0,2.0,2016.0,010001476,7.0,3.0,0.0,1.0,1.0,-1,2016.0,010001476,2016,11,2,5
124615,2016010001478,533510.0,184670.0,-0.076023,51.545087,1,Slight,1,1,2016-11-14,Monday,04:30,Hackney,E09000012,3,10,6,30.0,3,4,6,0,,,4,1,1,0,0,1,1,E01001756,3,1,14/11/2016,14/11/2016,1,9,0,4,,1,0,0,0,0,,,1,Male,29,26 - 35,-1,-1,-1,4,1,,1,1,3,1,32,6,3,9,7,0,0,2,0,1,2,2016.0,010001478,E09000012,0.0,4.0,2.0,2016.0,010001478,1.0,1.0,0.0,1.0,1.0,-1,2016.0,010001478,2016,11,1,4
124660,2016010001569,527240.0,181490.0,-0.167542,51.517955,1,Slight,2,1,2016-11-14,Monday,18:55,Westminster,E09000033,3,5,6,30.0,9,2,3,4209,,,4,1,2,0,0,1,1,E01004684,3,1,14/11/2016,14/11/2016,1,3,0,7,,2,0,0,0,0,,,6,Male,20,16 - 20,125,1,9,1,1,,1,1,1,1,20,4,3,0,0,0,0,0,3,1,1,2016.0,010001569,E09000033,0.0,4.0,2.0,2016.0,010001569,5.0,7.0,0.0,4.0,1.0,-1,2016.0,010001569,2016,11,1,18
124667,2016010001579,537590.0,189300.0,-0.01541,51.585713,1,Slight,2,2,2016-11-14,Monday,18:50,Waltham Forest,E09000031,6,0,6,30.0,3,4,6,0,,,4,2,2,0,0,1,1,E01004410,3,1,14/11/2016,14/11/2016,1,9,0,9,,1,0,0,0,0,,,6,Female,23,21 - 25,1242,1,3,2,1,,1,1,1,2,23,5,3,0,0,0,0,0,9,1,2,2016.0,010001579,E09000031,0.0,0.0,2.0,2016.0,010001579,3.0,1.0,0.0,2.0,1.0,-1,2016.0,010001579,2016,11,2,18
124670,2016010001582,537390.0,177080.0,-0.023059,51.47595,1,Serious,2,1,2016-11-14,Monday,19:56,Lewisham,E09000023,3,2209,3,30.0,1,2,6,0,,,4,1,1,0,0,1,1,E01032579,2,2,14/11/2016,14/11/2016,1,3,0,18,,2,0,0,0,0,,,6,Male,29,26 - 35,-1,-1,-1,3,1,,1,1,1,1,29,6,2,0,0,0,0,0,3,1,3,2016.0,010001582,E09000023,0.0,5.0,2.0,2016.0,010001582,1.0,5.0,0.0,1.0,1.0,-1,2016.0,010001582,2016,11,2,19
124676,2016010001591,526760.0,169750.0,-0.178663,51.412554,1,Slight,2,1,2016-11-14,Monday,18:10,Merton,E09000024,3,236,6,30.0,9,4,3,236,,,4,8,2,0,0,1,1,E01003408,3,1,14/11/2016,14/11/2016,1,5,0,18,,1,1,0,0,0,,,6,Male,24,21 - 25,600,1,10,7,1,,1,1,1,1,24,5,3,0,0,0,0,0,5,1,7,2016.0,010001591,E09000024,0.0,0.0,2.0,2016.0,010001591,1.0,5.0,0.0,1.0,1.0,-1,2016.0,010001591,2016,11,1,18
124679,2016010001594,530870.0,174900.0,-0.117695,51.457904,1,Slight,2,1,2016-11-13,Sunday,19:08,Lambeth,E09000022,3,23,6,30.0,9,4,6,0,,,4,1,2,0,0,1,1,E01003176,3,1,13/11/2016,13/11/2016,1,9,0,6,,8,0,0,0,0,,,6,Male,33,26 - 35,2792,1,14,1,1,,2,1,2,1,65,9,3,0,0,1,0,0,9,1,6,2016.0,010001594,E09000022,0.0,5.0,2.0,2016.0,010001594,1.0,5.0,2.0,3.0,2.0,-1,2016.0,010001594,2016,11,1,19
124680,2016010001596,515960.0,182950.0,-0.329558,51.533504,1,Serious,1,1,2016-11-14,Monday,21:32,Ealing,E09000009,3,40,7,30.0,6,2,4,452,,,4,1,1,4,0,1,1,E01001349,2,2,14/11/2016,14/11/2016,1,5,0,3,,1,0,0,0,0,,,6,Male,17,16 - 20,748,1,19,-1,-1,,1,1,1,1,17,4,2,0,0,0,0,0,5,-1,-1,2016.0,010001596,E09000009,0.0,5.0,2.0,2016.0,010001596,3.0,7.0,0.0,0.0,1.0,-1,2016.0,010001596,2016,11,2,21
124683,2016010001600,530760.0,186270.0,-0.115064,51.560109,1,Slight,2,1,2016-11-14,Monday,20:20,Islington,E09000019,3,103,6,30.0,6,2,3,503,,,4,1,2,0,0,1,1,E01002730,3,1,14/11/2016,14/11/2016,1,8,0,18,,8,0,0,0,0,,,1,Male,27,26 - 35,1997,2,5,2,1,,2,1,1,1,30,6,3,0,0,0,0,0,1,1,1,2016.0,010001600,E09000019,2.0,5.0,2.0,2016.0,010001600,1.0,5.0,0.0,1.0,1.0,-1,2016.0,010001600,2016,11,1,20
124684,2016010001602,542370.0,166070.0,0.044181,51.375784,1,Slight,2,2,2016-11-14,Monday,20:55,Bromley,E09000006,3,21,6,30.0,7,4,6,0,,,4,8,2,0,0,1,1,E01000665,3,1,14/11/2016,14/11/2016,1,9,0,18,,8,1,10,7,4,,,6,Female,18,16 - 20,1360,1,13,3,1,,1,1,1,2,18,4,3,0,0,0,0,0,9,1,3,2016.0,010001602,E09000006,0.0,8.0,2.0,2016.0,010001602,5.0,1.0,0.0,4.0,1.0,-1,2016.0,010001602,2016,11,2,20
124685,2016010001603,541600.0,189300.0,0.042432,51.584721,1,Slight,2,1,2016-11-14,Monday,22:19,Redbridge,E09000026,6,0,6,30.0,0,-1,-1,-1,,,4,8,2,0,2,1,1,E01003677,3,1,14/11/2016,14/11/2016,1,9,4,18,,0,0,4,1,0,,,6,Male,20,16 - 20,1248,2,12,7,1,,2,1,2,1,64,9,3,0,0,1,0,0,9,1,7,2016.0,010001603,E09000026,0.0,0.0,2.0,2016.0,010001603,1.0,1.0,0.0,1.0,1.0,-1,2016.0,010001603,2016,11,1,22
124686,2016010001604,532930.0,177810.0,-0.086967,51.483575,1,Serious,2,1,2016-11-14,Monday,23:38,Southwark,E09000028,4,214,3,30.0,0,-1,-1,-1,,,4,1,2,0,0,1,1,E01003969,2,2,14/11/2016,14/11/2016,1,3,0,18,,0,0,0,0,0,,,6,Male,20,16 - 20,125,1,7,2,1,,1,1,1,1,20,4,2,0,0,0,0,0,3,1,2,2016.0,010001604,E09000028,0.0,5.0,2.0,2016.0,010001604,3.0,7.0,0.0,1.0,1.0,-1,2016.0,010001604,2016,11,2,23
124687,2016010001606,533770.0,189580.0,-0.070408,51.589149,1,Slight,2,1,2016-11-14,Monday,22:30,Haringey,E09000014,3,10,3,20.0,7,2,3,1055,,,4,1,1,0,2,1,1,E01001979,3,1,14/11/2016,14/11/2016,1,9,0,9,,8,0,11,1,1,,,2,Male,25,21 - 25,1910,2,9,6,1,,1,1,1,1,25,5,3,0,0,0,0,0,9,1,6,2016.0,010001606,E09000014,0.0,4.0,2.0,2016.0,010001606,7.0,3.0,0.0,4.0,1.0,-1,2016.0,010001606,2016,11,1,22
124720,2016010001703,535740.0,183270.0,-0.044423,51.531974,1,Slight,1,1,2016-11-14,Monday,22:00,Tower Hamlets,E09000030,4,118,6,30.0,0,-1,-1,-1,,,4,2,2,6,0,1,1,E01004234,3,1,14/11/2016,14/11/2016,1,9,0,16,,0,1,0,1,2,,,6,Male,25,21 - 25,1596,1,14,-1,-1,,1,1,1,1,25,5,3,0,0,0,0,0,9,-1,-1,2016.0,010001703,E09000030,0.0,8.0,2.0,2016.0,010001703,7.0,3.0,0.0,1.0,1.0,-1,2016.0,010001703,2016,11,1,22
124730,2016010001721,550370.0,174920.0,0.162791,51.453243,1,Serious,3,1,2016-11-14,Monday,19:30,Bexley,E09000004,3,207,6,30.0,0,-1,-1,-1,,,4,1,2,0,0,1,1,E01000331,2,2,14/11/2016,14/11/2016,1,5,0,13,,0,2,0,0,0,,,2,Male,34,26 - 35,-1,-1,-1,-1,-1,,1,1,1,1,34,6,2,0,0,0,0,0,5,-1,-1,2016.0,010001721,E09000004,0.0,0.0,2.0,2016.0,010001721,1.0,5.0,0.0,4.0,1.0,-1,2016.0,010001721,2016,11,2,19
124738,2016010001744,527150.0,168120.0,-0.173641,51.397818,1,Slight,2,1,2016-11-14,Monday,18:15,Merton,E09000024,3,239,6,30.0,0,-1,-1,-1,,,4,1,1,0,0,1,1,E01003441,3,1,14/11/2016,14/11/2016,1,9,0,7,,0,0,0,0,0,,,6,Female,32,26 - 35,-1,-1,-1,5,1,,2,1,1,1,24,5,3,0,0,0,0,0,1,1,9,2016.0,010001744,E09000024,0.0,0.0,2.0,2016.0,010001744,1.0,5.0,9.0,4.0,1.0,-1,2016.0,010001744,2016,11,1,18
124748,2016010001763,537450.0,191100.0,-0.016725,51.601922,1,Slight,1,2,2016-11-15,Tuesday,18:04,Waltham Forest,E09000031,3,112,6,30.0,0,-1,-1,-1,,,4,2,2,0,0,1,1,E01004455,3,1,15/11/2016,15/11/2016,1,3,0,18,,0,0,0,0,0,,,6,Male,25,21 - 25,125,1,2,3,1,,1,1,1,1,25,5,3,0,0,0,0,0,3,1,3,2016.0,010001763,E09000031,0.0,0.0,2.0,2016.0,010001763,1.0,3.0,0.0,3.0,1.0,-1,2016.0,010001763,2016,11,2,18
124753,2016010001769,523250.0,180820.0,-0.225252,51.512818,1,Slight,2,1,2016-11-15,Tuesday,19:15,Hammersmith and Fulham,E09000013,3,219,6,30.0,6,2,6,0,,,4,2,2,0,0,1,1,E01001874,3,1,15/11/2016,15/11/2016,1,9,0,9,,8,0,0,0,0,,,6,Male,31,26 - 35,1229,1,2,-1,-1,,2,1,1,1,27,6,3,0,0,0,0,0,1,-1,-1,2016.0,010001769,E09000013,0.0,5.0,2.0,2016.0,010001769,1.0,7.0,0.0,3.0,1.0,-1,2016.0,010001769,2016,11,1,19
124757,2016010001774,527080.0,165140.0,-0.175713,51.371051,1,Slight,2,1,2016-11-15,Tuesday,19:20,Sutton,E09000029,5,0,6,30.0,9,4,6,0,,,4,2,2,0,0,1,1,E01004168,3,1,15/11/2016,15/11/2016,1,9,0,3,,8,0,0,0,0,,,6,Female,22,21 - 25,1229,1,2,6,1,,2,1,1,1,19,4,3,0,0,0,0,0,3,1,7,2016.0,010001774,E09000029,0.0,0.0,2.0,2016.0,010001774,3.0,7.0,0.0,2.0,1.0,-1,2016.0,010001774,2016,11,1,19
124764,2016010001784,547710.0,173290.0,0.123856,51.439297,1,Slight,1,1,2016-11-15,Tuesday,18:21,Bexley,E09000004,3,222,6,30.0,9,4,6,0,,,4,1,1,0,0,1,1,E01000445,3,1,15/11/2016,15/11/2016,1,9,0,16,,1,0,0,2,3,,,6,Male,35,26 - 35,1560,2,1,6,3,,1,1,1,1,35,6,3,0,0,0,0,0,9,3,6,2016.0,010001784,E09000004,0.0,0.0,2.0,2016.0,010001784,7.0,3.0,9.0,1.0,1.0,-1,2016.0,010001784,2016,11,1,18
124769,2016010001789,506840.0,182920.0,-0.461002,51.535032,1,Slight,1,1,2016-11-15,Tuesday,21:55,Hillingdon,E09000017,3,4020,3,40.0,3,2,5,0,,,4,2,2,0,0,1,1,E01002414,3,1,15/11/2016,15/11/2016,1,9,0,18,,1,0,10,1,10,,,6,Female,21,21 - 25,1596,1,7,6,2,,1,1,1,2,21,5,3,0,0,0,0,0,9,2,6,2016.0,010001789,E09000017,0.0,4.0,2.0,2016.0,010001789,3.0,7.0,0.0,1.0,1.0,-1,2016.0,010001789,2016,11,1,21
124774,2016010001797,528540.0,191570.0,-0.145133,51.608249,1,Slight,2,1,2016-11-15,Tuesday,22:50,Barnet,E09000003,3,406,3,50.0,0,-1,-1,-1,,,4,1,2,0,0,1,1,E01000163,3,1,15/11/2016,15/11/2016,1,9,0,18,,0,0,0,0,0,,,6,Male,29,26 - 35,2497,1,9,6,1,,2,1,1,2,26,6,3,0,0,0,0,0,9,1,2,2016.0,010001797,E09000003,0.0,0.0,2.0,2016.0,010001797,3.0,7.0,0.0,1.0,1.0,-1,2016.0,010001797,2016,11,1,22
124806,2016010001877,523200.0,169400.0,-0.229948,51.410193,1,Slight,1,1,2016-11-15,Tuesday,22:18,Merton,E09000024,3,238,2,30.0,0,-1,-1,-1,,,4,1,2,0,0,1,1,E01003446,3,1,15/11/2016,15/11/2016,1,9,0,9,,0,0,0,0,0,,,2,Male,29,26 - 35,998,1,13,9,1,,1,1,1,1,29,6,3,0,0,0,0,0,9,1,9,2016.0,010001877,E09000024,0.0,0.0,2.0,2016.0,010001877,4.0,3.0,0.0,1.0,1.0,-1,2016.0,010001877,2016,11,1,22
124816,2016010001914,541230.0,190360.0,0.037521,51.594338,1,Slight,2,1,2016-11-13,Sunday,18:25,Redbridge,E09000026,3,113,6,30.0,1,4,3,1400,,,4,1,1,0,0,1,1,E01003762,3,1,13/11/2016,13/11/2016,1,9,0,3,,1,0,0,0,0,,,6,Female,26,26 - 35,1968,2,8,10,3,,1,1,1,2,26,6,3,0,0,0,0,0,9,3,10,2016.0,010001914,E09000026,0.0,0.0,2.0,2016.0,010001914,1.0,5.0,0.0,3.0,1.0,-1,2016.0,010001914,2016,11,1,18
124825,2016010001926,521510.0,179410.0,-0.2508,51.500522,1,Slight,2,2,2016-11-16,Wednesday,18:07,Hammersmith and Fulham,E09000013,5,0,3,20.0,0,-1,-1,-1,,,4,2,2,0,0,1,1,E01001927,3,1,16/11/2016,16/11/2016,1,9,0,18,,0,2,4,0,0,,,6,Male,34,26 - 35,1998,2,11,4,1,,1,1,2,2,28,6,3,0,0,1,0,0,9,1,1,2016.0,010001926,E09000013,0.0,0.0,2.0,2016.0,010001926,1.0,5.0,0.0,1.0,1.0,-1,2016.0,010001926,2016,11,2,18
124828,2016010001931,544150.0,186480.0,0.078056,51.558735,1,Slight,1,2,2016-11-16,Wednesday,19:10,Redbridge,E09000026,3,118,3,30.0,0,-1,-1,-1,,,4,2,2,0,0,1,1,E01003688,3,1,16/11/2016,16/11/2016,1,9,0,12,,0,0,0,0,0,,,6,Male,24,21 - 25,1998,1,19,6,1,,1,1,3,2,13,3,3,1,3,0,0,2,0,-1,-1,2016.0,010001931,E09000026,0.0,4.0,2.0,2016.0,010001931,3.0,7.0,0.0,1.0,1.0,-1,2016.0,010001931,2016,11,2,19
124829,2016010001932,525580.0,178180.0,-0.192631,51.488579,1,Slight,1,1,2016-11-16,Wednesday,18:30,Kensington and Chelsea,E09000020,3,3218,6,30.0,6,2,3,3220,,,4,2,2,0,0,1,1,E01002849,3,1,16/11/2016,16/11/2016,1,9,0,7,,6,0,0,0,0,,,6,Male,26,26 - 35,1984,1,6,10,3,,1,1,3,2,16,4,3,5,1,0,0,2,0,1,2,2016.0,010001932,E09000020,0.0,5.0,2.0,2016.0,010001932,5.0,7.0,0.0,1.0,1.0,-1,2016.0,010001932,2016,11,1,18
124843,2016010001949,537760.0,186040.0,-0.014235,51.556377,1,Slight,2,1,2016-11-16,Wednesday,19:44,Waltham Forest,E09000031,3,1006,1,30.0,1,4,3,1006,,,4,2,2,0,0,1,1,E01004430,3,1,16/11/2016,16/11/2016,1,3,0,3,,4,0,0,0,0,,,6,Male,33,26 - 35,125,1,5,3,1,,1,1,1,1,33,6,3,0,0,0,0,0,3,1,3,2016.0,010001949,E09000031,0.0,0.0,2.0,2016.0,010001949,1.0,5.0,0.0,2.0,1.0,-1,2016.0,010001949,2016,11,1,19
124846,2016010001953,531180.0,175950.0,-0.112846,51.467268,1,Slight,2,1,2016-11-16,Wednesday,18:20,Lambeth,E09000022,3,23,6,30.0,3,4,6,0,,,4,2,2,0,0,1,1,E01003045,3,1,16/11/2016,16/11/2016,1,9,0,10,,6,0,0,0,0,,,6,Male,27,26 - 35,1364,1,7,3,1,,2,1,1,1,24,5,3,0,0,0,0,0,1,1,4,2016.0,010001953,E09000022,0.0,0.0,2.0,2016.0,010001953,3.0,1.0,3.0,1.0,1.0,-1,2016.0,010001953,2016,11,1,18
124850,2016010001958,524410.0,182360.0,-0.208001,51.526404,1,Slight,3,1,2016-11-16,Wednesday,18:25,Westminster,E09000033,3,404,6,30.0,3,4,6,0,,,4,1,2,0,0,1,1,E01004721,3,1,16/11/2016,16/11/2016,1,9,0,9,,6,0,0,0,0,,,6,Female,26,26 - 35,1685,2,3,3,1,,2,1,1,1,28,6,3,0,0,0,0,0,9,1,5,2016.0,010001958,E09000033,0.0,0.0,2.0,2016.0,010001958,1.0,5.0,0.0,1.0,1.0,-1,2016.0,010001958,2016,11,1,18
124851,2016010001959,537220.0,168230.0,-0.028933,51.396462,1,Slight,2,2,2016-11-16,Wednesday,21:56,Bromley,E09000006,5,0,6,30.0,6,2,5,0,,,4,1,2,0,0,1,1,E01000775,3,1,16/11/2016,16/11/2016,1,9,0,5,,8,0,0,0,0,,,6,Male,25,21 - 25,1995,2,10,7,1,,1,1,1,1,25,5,3,0,0,0,0,0,9,1,7,2016.0,010001959,E09000006,0.0,0.0,2.0,2016.0,010001959,5.0,1.0,0.0,1.0,1.0,-1,2016.0,010001959,2016,11,2,21
124852,2016010001960,537190.0,165930.0,-0.030252,51.3758,1,Slight,1,2,2016-11-16,Wednesday,22:50,Croydon,E09000008,6,0,6,30.0,0,-1,-1,-1,,,4,1,2,0,0,1,1,E01001135,3,1,16/11/2016,16/11/2016,1,9,0,18,,0,1,0,1,10,,,6,Male,24,21 - 25,-1,-1,-1,4,1,,1,1,1,1,24,5,3,0,0,0,0,0,9,1,4,2016.0,010001960,E09000008,0.0,0.0,2.0,2016.0,010001960,5.0,1.0,0.0,1.0,1.0,-1,2016.0,010001960,2016,11,2,22
124855,2016010001965,528260.0,189650.0,-0.149875,51.591058,1,Slight,2,1,2016-11-16,Wednesday,21:13,Haringey,E09000014,3,504,6,30.0,9,4,6,0,,,4,2,2,0,0,1,1,E01001991,3,1,16/11/2016,16/11/2016,1,3,0,18,,2,5,0,0,0,,,1,Male,17,16 - 20,125,1,9,5,1,,1,1,1,1,17,4,3,0,0,0,0,0,3,1,5,2016.0,010001965,E09000014,0.0,0.0,2.0,2016.0,010001965,3.0,3.0,0.0,1.0,1.0,-1,2016.0,010001965,2016,11,1,21
124857,2016010001969,529230.0,171020.0,-0.142702,51.423411,1,Slight,2,1,2016-11-17,Thursday,00:10,Wandsworth,E09000032,3,216,6,30.0,3,4,6,0,,,4,1,2,0,0,1,1,E01004518,3,1,17/11/2016,17/11/2016,1,9,0,5,,6,0,0,0,0,,,6,Male,21,21 - 25,1956,2,5,6,1,,2,1,1,1,31,6,3,0,0,0,0,0,3,1,6,2016.0,010001969,E09000032,0.0,0.0,2.0,2016.0,010001969,1.0,2.0,0.0,1.0,1.0,-1,2016.0,010001969,2016,11,1,0
124874,2016010001998,517400.0,188880.0,-0.306828,51.586503,1,Slight,2,2,2016-09-11,Sunday,19:00,Brent,E09000005,3,4006,9,30.0,6,2,5,0,,,4,9,1,9,0,1,3,E01002175,3,1,09/11/2016,09/11/2016,1,9,0,10,,1,0,0,0,0,,,6,Male,20,16 - 20,-1,-1,-1,4,1,,1,1,1,1,20,4,3,0,0,0,0,0,9,1,4,2016.0,010001998,E09000005,0.0,0.0,2.0,2016.0,010001998,9.0,9.0,0.0,2.0,9.0,-1,2016.0,010001998,2016,9,2,19
124889,2016010002052,517810.0,178300.0,-0.304451,51.491328,1,Slight,2,1,2016-11-16,Wednesday,21:23,Hounslow,E09000018,3,4,1,40.0,1,2,4,455,,,4,1,2,0,0,1,1,E01002564,3,1,16/11/2016,16/11/2016,1,3,0,9,,4,1,0,0,0,,,6,Male,15,11 - 15,-1,-1,-1,6,1,,1,1,1,1,15,3,3,0,0,0,0,0,3,1,6,2016.0,010002052,E09000018,0.0,4.0,2.0,2016.0,010002052,7.0,3.0,0.0,4.0,1.0,-1,2016.0,010002052,2016,11,1,21
124915,2016010002096,528270.0,185630.0,-0.151198,51.554928,1,Slight,1,1,2016-11-17,Thursday,18:00,Camden,E09000007,4,518,6,20.0,3,4,6,0,,,4,5,2,0,0,1,1,E01000886,3,1,17/11/2016,17/11/2016,1,9,0,9,,8,0,0,0,0,,,6,Male,32,26 - 35,2996,2,22,4,1,,1,1,1,1,32,6,3,0,0,0,0,0,9,1,4,2016.0,010002096,E09000007,0.0,4.0,2.0,2016.0,010002096,7.0,3.0,0.0,4.0,1.0,-1,2016.0,010002096,2016,11,1,18
124916,2016010002097,520100.0,190520.0,-0.267314,51.600674,1,Slight,1,1,2016-11-17,Thursday,19:20,Barnet,E09000003,5,0,3,30.0,3,2,3,5,,,4,1,1,0,0,1,1,E01000129,3,1,17/11/2016,17/11/2016,1,9,0,9,,1,0,0,0,0,,,6,Male,25,21 - 25,1995,2,4,6,1,,1,1,3,1,19,4,3,1,1,0,0,2,0,1,2,2016.0,010002097,E09000003,0.0,5.0,2.0,2016.0,010002097,2.0,8.0,0.0,1.0,1.0,-1,2016.0,010002097,2016,11,1,19
124935,2016010002123,529490.0,164230.0,-0.14144,51.362329,1,Slight,2,1,2016-11-17,Thursday,22:45,Sutton,E09000029,6,0,6,30.0,0,-1,-1,-1,,,4,9,2,0,0,1,1,E01004174,3,1,17/11/2016,17/11/2016,1,2,0,18,,0,0,0,0,0,,,6,Male,17,16 - 20,49,1,15,3,1,,1,1,1,1,17,4,3,0,0,0,0,0,2,1,3,2016.0,010002123,E09000029,0.0,0.0,2.0,2016.0,010002123,3.0,3.0,0.0,0.0,1.0,-1,2016.0,010002123,2016,11,1,22
124937,2016010002127,531470.0,179420.0,-0.107383,51.498385,1,Slight,2,1,2016-11-17,Thursday,23:50,Southwark,E09000028,3,3202,3,30.0,3,4,6,0,,,4,2,2,0,0,1,1,E01032584,3,1,17/11/2016,17/11/2016,1,3,0,18,,5,5,0,0,0,,,6,Male,27,26 - 35,125,1,7,3,1,,1,1,1,1,27,6,3,0,0,0,0,0,3,1,3,2016.0,010002127,E09000028,0.0,0.0,2.0,2016.0,010002127,7.0,3.0,2.0,1.0,1.0,-1,2016.0,010002127,2016,11,1,23