,accident_index,location_easting_osgr,location_northing_osgr,longitude,latitude,police_force,accident_severity,number_of_vehicles,number_of_casualties,date,day_of_week,time,local_authority_district,local_authority_highway,first_road_class,first_road_number,road_type,speed_limit,junction_detail,junction_control,second_road_class,second_road_number,pedestrian_crossing-human_control,pedestrian_crossing-physical_facilities,light_conditions,weather_conditions,road_surface_conditions,special_conditions_at_site,carriageway_hazards,urban_or_rural_area,did_police_officer_attend_scene_of_accident,lsoa_of_accident_location,accident_severity_num,accident_severity_inv,date2,date_original,vehicle_reference_x,vehicle_type,towing_and_articulation,vehicle_manoeuvre,vehicle_location-restricted_lane,junction_location,skidding_and_overturning,hit_object_in_carriageway,vehicle_leaving_carriageway,hit_object_off_carriageway,1st_point_of_impact,was_vehicle_left_hand_drive?,journey_purpose_of_driver,sex_of_driver,age_of_driver,age_band_of_driver,engine_capacity_cc,propulsion_code,age_of_vehicle,driver_imd_decile,driver_home_area_type,vehicle_imd_decile,vehicle_reference_y,casualty_reference,casualty_class,sex_of_casualty,age_of_casualty,age_band_of_casualty,casualty_severity,pedestrian_location,pedestrian_movement,car_passenger,bus_or_coach_passenger,pedestrian_road_maintenance_worker,casualty_type,casualty_home_area_type,casualty_imd_decile,accident_year_x,accident_reference_x,local_authority_ons_district,pedestrian_crossing_human_control,pedestrian_crossing_physical_facilities,trunk_road_flag,accident_year_y,accident_reference_y,vehicle_direction_from,vehicle_direction_to,vehicle_location_restricted_lane,first_point_of_impact,vehicle_left_hand_drive,generic_make_model,accident_year,accident_reference,year,month,severity,hours
125658,2016010003575,531530.0,184800.0,-0.104512,51.546719,1,Slight,1,2,2016-11-26,Saturday,21:35,Islington,E09000019,3,1,6,30.0,0,-1,-1,-1,,,4,1,1,0,0,1,1,E01002795,3,1,26/11/2016,26/11/2016,1,3,0,14,,0,5,0,0,0,,,1,Male,34,26 - 35,108,1,1,5,1,,1,1,1,1,34,6,3,0,0,0,0,0,3,1,5,2016.0,010003575,E09000019,0.0,4.0,2.0,2016.0,010003575,1.0,5.0,0.0,4.0,1.0,-1,2016.0,010003575,2016,11,2,21
125665,2016010003586,537310.0,185510.0,-0.020929,51.551724,1,Slight,3,1,2016-11-27,Sunday,00:30,Hackney,E09000012,3,106,3,30.0,7,2,4,112,,,4,1,1,0,2,1,1,E01001846,3,1,27/11/2016,27/11/2016,1,9,0,10,,1,0,0,0,0,,,6,Male,32,26 - 35,-1,-1,-1,3,1,,1,1,1,1,32,6,3,0,0,0,0,0,9,1,3,2016.0,010003586,E09000012,0.0,5.0,2.0,2016.0,010003586,3.0,1.0,0.0,2.0,1.0,-1,2016.0,010003586,2016,11,1,0
125667,2016010003590,548960.0,184910.0,0.146728,51.54338,1,Slight,2,1,2016-11-26,Saturday,23:30,Barking and Dagenham,E09000002,5,0,6,30.0,0,-1,-1,-1,,,4,1,1,0,0,1,1,E01000013,3,1,26/11/2016,26/11/2016,1,9,0,18,,0,0,4,1,4,,,6,Male,35,26 - 35,1997,1,9,2,1,,2,1,2,1,45,7,3,0,0,1,0,0,8,1,3,2016.0,010003590,E09000002,0.0,0.0,2.0,2016.0,010003590,7.0,3.0,0.0,1.0,1.0,-1,2016.0,010003590,2016,11,1,23
125672,2016010003597,533210.0,159690.0,-0.089736,51.320669,1,Slight,2,1,2016-11-27,Sunday,00:35,Croydon,E09000008,3,22,6,30.0,3,4,6,0,,,4,1,1,0,0,1,1,E01001071,3,1,27/11/2016,27/11/2016,1,9,0,18,,1,0,0,0,0,,,2,Male,33,26 - 35,2231,2,8,4,1,,1,1,1,1,33,6,3,0,0,0,0,0,9,1,4,2016.0,010003597,E09000008,0.0,0.0,2.0,2016.0,010003597,1.0,5.0,0.0,1.0,1.0,-1,2016.0,010003597,2016,11,1,0
125677,2016010003602,529250.0,184300.0,-0.137558,51.542752,1,Slight,2,1,2016-11-26,Saturday,21:15,Camden,E09000007,3,503,6,20.0,3,2,3,5202,,,4,1,2,0,0,1,1,E01000867,3,1,26/11/2016,26/11/2016,1,3,0,4,,1,5,0,0,0,,,1,Male,25,21 - 25,-1,-1,-1,4,1,,1,1,1,1,25,5,3,0,0,0,0,0,3,1,4,2016.0,010003602,E09000007,0.0,5.0,2.0,2016.0,010003602,7.0,3.0,0.0,4.0,1.0,-1,2016.0,010003602,2016,11,1,21
125678,2016010003604,529970.0,180840.0,-0.128457,51.511493,1,Slight,1,1,2016-11-27,Sunday,03:43,Westminster,E09000033,3,400,3,30.0,6,2,3,400,,,4,2,2,0,0,1,1,E01004734,3,1,27/11/2016,27/11/2016,1,8,0,18,,2,0,0,0,0,,,1,Male,33,26 - 35,1995,2,2,2,1,,1,1,3,1,28,6,3,4,1,0,0,2,0,-1,-1,2016.0,010003604,E09000033,0.0,5.0,2.0,2016.0,010003604,5.0,1.0,0.0,4.0,1.0,-1,2016.0,010003604,2016,11,1,3
125693,2016010003625,515320.0,180150.0,-0.339697,51.508469,1,Slight,2,1,2016-11-26,Saturday,18:40,Ealing,E09000009,3,4020,6,30.0,3,4,6,0,,,4,1,1,0,0,1,1,E01001254,3,1,26/11/2016,26/11/2016,1,8,0,18,,1,0,0,0,0,,,1,Male,31,26 - 35,1598,2,3,2,1,,1,1,1,1,31,6,3,0,0,0,0,0,8,1,2,2016.0,010003625,E09000009,0.0,0.0,2.0,2016.0,010003625,7.0,3.0,0.0,3.0,1.0,-1,2016.0,010003625,2016,11,1,18
125707,2016010003644,546810.0,174550.0,0.111438,51.450852,1,Slight,2,2,2016-11-27,Sunday,03:45,Bexley,E09000004,3,2,3,50.0,0,-1,-1,-1,,,4,2,2,0,0,1,1,E01000352,3,1,27/11/2016,27/11/2016,1,9,0,18,,0,0,0,0,0,,,6,Male,35,26 - 35,1968,2,8,6,1,,1,1,1,1,35,6,3,0,0,0,0,0,9,1,6,2016.0,010003644,E09000004,0.0,0.0,2.0,2016.0,010003644,3.0,7.0,0.0,2.0,1.0,-1,2016.0,010003644,2016,11,2,3
125709,2016010003646,525760.0,181640.0,-0.188807,51.519635,1,Slight,1,1,2016-11-27,Sunday,18:45,Westminster,E09000033,3,404,3,30.0,0,-1,-1,-1,,,4,1,1,0,0,1,1,E01032512,3,1,27/11/2016,27/11/2016,1,9,0,18,,0,0,0,0,0,,,1,Male,31,26 - 35,1995,2,3,7,1,,1,1,3,1,32,6,3,1,3,0,0,2,0,1,1,2016.0,010003646,E09000033,0.0,4.0,2.0,2016.0,010003646,8.0,4.0,0.0,1.0,1.0,-1,2016.0,010003646,2016,11,1,18
125710,2016010003647,537040.0,181460.0,-0.026396,51.515395,1,Slight,1,1,2016-11-27,Sunday,20:05,Tower Hamlets,E09000030,6,0,6,20.0,0,-1,-1,-1,,,4,1,1,0,0,1,1,E01004273,3,1,27/11/2016,27/11/2016,1,2,0,18,,0,0,0,0,0,,,6,Male,26,26 - 35,-1,-1,-1,-1,-1,,1,1,3,1,52,8,3,5,2,0,0,2,0,1,1,2016.0,010003647,E09000030,0.0,0.0,2.0,2016.0,010003647,7.0,3.0,0.0,2.0,1.0,-1,2016.0,010003647,2016,11,1,20
125711,2016010003648,540100.0,173840.0,0.014655,51.446171,1,Slight,2,2,2016-11-27,Sunday,19:18,Lewisham,E09000023,3,2212,3,30.0,7,2,3,205,,,4,1,1,0,0,1,1,E01003268,3,1,27/11/2016,27/11/2016,1,9,0,9,,1,0,0,0,0,,,6,Male,17,16 - 20,1299,1,15,3,1,,2,1,1,2,35,6,3,0,0,0,0,0,9,1,2,2016.0,010003648,E09000023,0.0,5.0,2.0,2016.0,010003648,5.0,3.0,0.0,4.0,1.0,-1,2016.0,010003648,2016,11,2,19
125713,2016010003650,537170.0,165900.0,-0.03055,51.375535,1,Slight,1,2,2016-11-27,Sunday,18:00,Croydon,E09000008,6,0,6,30.0,0,-1,-1,-1,,,4,1,1,0,0,1,1,E01001135,3,1,27/11/2016,27/11/2016,1,9,0,18,,0,5,0,8,10,,,6,Male,25,21 - 25,1734,1,11,2,1,,1,1,1,1,25,5,3,0,0,0,0,0,9,1,2,2016.0,010003650,E09000008,0.0,0.0,2.0,2016.0,010003650,5.0,1.0,0.0,1.0,1.0,-1,2016.0,010003650,2016,11,2,18
125716,2016010003653,534610.0,189240.0,-0.05842,51.585893,1,Slight,2,1,2016-11-27,Sunday,03:44,Haringey,E09000014,6,0,6,20.0,0,-1,-1,-1,,,4,2,2,0,0,1,1,E01002078,3,1,27/11/2016,27/11/2016,1,9,0,9,,0,1,4,7,4,,,6,Male,26,26 - 35,-1,-1,-1,2,1,,1,1,1,1,26,6,3,0,0,0,0,0,9,1,2,2016.0,010003653,E09000014,0.0,0.0,2.0,2016.0,010003653,1.0,5.0,0.0,1.0,1.0,-1,2016.0,010003653,2016,11,1,3
125719,2016010003657,542490.0,182070.0,0.052342,51.519529,1,Slight,2,1,2016-11-27,Sunday,03:48,Newham,E09000025,3,13,3,50.0,0,-1,-1,-1,,,4,2,2,0,0,1,1,E01003483,3,1,27/11/2016,27/11/2016,1,9,0,18,,0,0,0,0,0,,,6,Male,33,26 - 35,1950,2,0,3,1,,1,1,1,1,33,6,3,0,0,0,0,0,9,1,3,2016.0,010003657,E09000025,0.0,0.0,2.0,2016.0,010003657,7.0,3.0,0.0,2.0,1.0,-1,2016.0,010003657,2016,11,1,3
125731,2016010003691,536640.0,188700.0,-0.029347,51.580553,1,Slight,2,1,2016-12-11,Sunday,18:35,Waltham Forest,E09000031,5,0,6,30.0,0,-1,-1,-1,,,5,2,-1,0,9,1,3,E01004444,3,1,12/11/2016,12/11/2016,1,9,9,18,,0,0,0,0,0,,,6,Male,28,26 - 35,1560,2,2,4,1,,1,1,1,1,28,6,3,0,0,0,0,0,9,1,4,2016.0,010003691,E09000031,0.0,9.0,2.0,2016.0,010003691,9.0,9.0,0.0,3.0,9.0,-1,2016.0,010003691,2016,12,1,18
125779,2016010003818,527950.0,191000.0,-0.153856,51.60326,1,Serious,1,1,2016-11-28,Monday,18:14,Haringey,E09000014,6,0,1,30.0,1,4,6,0,,,4,1,1,0,0,1,1,E01000164,2,2,28/11/2016,28/11/2016,1,9,0,9,,4,0,0,0,0,,,6,Male,22,21 - 25,1299,1,8,2,1,,1,1,3,1,52,8,2,9,8,0,0,2,0,1,5,2016.0,010003818,E09000014,0.0,0.0,2.0,2016.0,010003818,1.0,7.0,0.0,1.0,1.0,-1,2016.0,010003818,2016,11,2,18
125780,2016010003819,525140.0,182040.0,-0.197597,51.523367,1,Slight,2,1,2016-11-28,Monday,19:25,Westminster,E09000033,3,404,6,30.0,9,2,6,0,,,4,1,1,0,0,1,1,E01004755,3,1,28/11/2016,28/11/2016,1,3,0,18,,1,0,0,0,0,,,1,Male,27,26 - 35,-1,-1,-1,4,1,,1,1,1,1,27,6,3,0,0,0,0,0,3,1,4,2016.0,010003819,E09000033,0.0,0.0,2.0,2016.0,010003819,7.0,3.0,0.0,0.0,1.0,-1,2016.0,010003819,2016,11,1,19
125802,2016010003847,532360.0,168360.0,-0.098702,51.398784,1,Slight,2,1,2016-11-28,Monday,23:14,Croydon,E09000008,4,266,3,30.0,9,2,4,273,,,4,1,1,0,0,1,1,E01001155,3,1,28/11/2016,28/11/2016,1,9,0,9,,8,0,0,0,0,,,6,Female,27,26 - 35,1596,1,10,3,1,,2,1,1,2,41,7,3,0,0,0,0,0,1,1,3,2016.0,010003847,E09000008,2.0,1.0,2.0,2016.0,010003847,2.0,8.0,0.0,1.0,1.0,-1,2016.0,010003847,2016,11,1,23
125805,2016010003850,528350.0,179750.0,-0.152186,51.502067,1,Slight,2,1,2016-11-29,Tuesday,05:20,Westminster,E09000033,3,4,2,30.0,3,4,4,310,,,4,1,1,0,0,1,1,E01004691,3,1,29/11/2016,29/11/2016,1,9,0,7,,6,0,0,0,0,,,1,Male,28,26 - 35,2987,2,3,9,1,,2,1,1,1,43,7,3,0,0,0,0,0,1,1,2,2016.0,010003850,E09000033,0.0,8.0,2.0,2016.0,010003850,7.0,1.0,0.0,1.0,1.0,-1,2016.0,010003850,2016,11,1,5
125808,2016010003854,533140.0,182600.0,-0.082138,51.526572,1,Slight,2,1,2016-11-23,Wednesday,20:15,Hackney,E09000012,3,5201,6,30.0,99,-1,6,0,,,4,1,1,0,0,1,3,E01033708,3,1,23/11/2016,23/11/2016,1,5,0,18,,9,9,99,9,0,,,6,Male,27,26 - 35,-1,-1,-1,7,1,,1,1,1,1,27,6,3,0,0,0,0,0,5,1,7,2016.0,010003854,E09000012,0.0,9.0,2.0,2016.0,010003854,9.0,9.0,99.0,9.0,1.0,-1,2016.0,010003854,2016,11,1,20
125845,2016010003968,540180.0,181730.0,0.018935,51.517052,1,Slight,4,3,2016-11-28,Monday,21:00,Newham,E09000025,3,13,3,50.0,0,-1,-1,-1,,,4,1,1,0,0,1,1,E01003508,3,1,28/11/2016,28/11/2016,1,9,0,15,,0,1,0,0,0,,,6,Male,19,16 - 20,-1,-1,-1,1,1,,3,1,1,1,60,9,3,0,0,0,0,0,10,1,2,2016.0,010003968,E09000025,0.0,0.0,2.0,2016.0,010003968,3.0,7.0,0.0,4.0,1.0,-1,2016.0,010003968,2016,11,3,21
125895,2016010004049,533650.0,178320.0,-0.076411,51.487989,1,Slight,2,1,2016-11-29,Tuesday,21:30,Southwark,E09000028,3,2,3,30.0,6,2,4,214,,,4,1,1,0,0,1,1,E01003966,3,1,29/11/2016,29/11/2016,1,3,0,9,,8,1,0,0,0,,,2,Male,22,21 - 25,125,1,8,2,1,,1,1,1,1,22,5,3,0,0,0,0,0,3,1,2,2016.0,010004049,E09000028,0.0,5.0,2.0,2016.0,010004049,5.0,4.0,0.0,4.0,1.0,-1,2016.0,010004049,2016,11,1,21
125899,2016010004057,531660.0,184190.0,-0.102866,51.541207,1,Slight,2,1,2016-11-29,Tuesday,21:40,Islington,E09000019,3,1,3,20.0,3,4,3,1,,,4,1,1,0,0,1,1,E01002790,3,1,29/11/2016,29/11/2016,1,9,0,9,,1,0,0,0,0,,,6,Male,22,21 - 25,1596,1,7,4,1,,2,1,1,1,20,4,3,0,0,0,0,0,1,1,1,2016.0,010004057,E09000019,0.0,0.0,2.0,2016.0,010004057,5.0,1.0,0.0,3.0,1.0,-1,2016.0,010004057,2016,11,1,21
125900,2016010004058,541670.0,188400.0,0.043079,51.576616,1,Slight,3,2,2016-11-29,Tuesday,23:15,Redbridge,E09000026,3,12,7,30.0,5,4,3,12,,,4,1,1,0,0,1,1,E01003675,3,1,29/11/2016,29/11/2016,1,9,0,16,,8,0,0,0,0,,,6,Male,23,21 - 25,1360,1,13,7,1,,1,1,1,1,23,5,3,0,0,0,0,0,9,1,7,2016.0,010004058,E09000026,0.0,0.0,2.0,2016.0,010004058,7.0,3.0,0.0,3.0,1.0,-1,2016.0,010004058,2016,11,2,23
125902,2016010004061,526170.0,179390.0,-0.183706,51.499322,1,Slight,2,1,2016-11-29,Tuesday,23:43,Kensington and Chelsea,E09000020,4,325,6,30.0,3,4,6,0,,,4,9,2,0,0,1,1,E01002892,3,1,29/11/2016,29/11/2016,1,8,0,7,,5,0,0,0,0,,,6,Male,32,26 - 35,-1,-1,-1,5,1,,2,1,1,1,35,6,3,0,0,0,0,0,1,1,7,2016.0,010004061,E09000020,0.0,0.0,2.0,2016.0,010004061,1.0,3.0,0.0,4.0,1.0,-1,2016.0,010004061,2016,11,1,23
125903,2016010004063,515020.0,183750.0,-0.342844,51.540886,1,Slight,1,1,2016-11-29,Tuesday,22:10,Ealing,E09000009,6,0,6,30.0,9,4,6,0,,,4,1,1,0,0,1,1,E01001266,3,1,29/11/2016,29/11/2016,1,9,0,18,,6,0,0,0,0,,,6,Male,18,16 - 20,1461,2,1,6,1,,1,1,3,2,37,7,3,5,1,0,0,2,0,1,7,2016.0,010004063,E09000009,0.0,0.0,2.0,2016.0,010004063,7.0,3.0,0.0,1.0,1.0,-1,2016.0,010004063,2016,11,1,22
125905,2016010004070,534350.0,181650.0,-0.065068,51.517748,1,Slight,2,1,2016-11-29,Tuesday,23:30,Tower Hamlets,E09000030,3,11,6,30.0,3,4,6,0,,,4,1,1,0,0,1,1,E01004309,3,1,29/11/2016,29/11/2016,1,9,0,7,,2,0,0,0,0,,,6,Female,31,26 - 35,1499,1,2,3,1,,2,1,1,1,21,5,3,0,0,0,0,0,3,1,3,2016.0,010004070,E09000030,0.0,1.0,2.0,2016.0,010004070,1.0,3.0,0.0,3.0,1.0,-1,2016.0,010004070,2016,11,1,23
125909,2016010004113,536190.0,176920.0,-0.040389,51.474802,1,Slight,2,1,2016-11-17,Thursday,00:25,Lewisham,E09000023,3,2,6,30.0,0,-1,-1,-1,,,4,9,-1,0,0,1,3,E01003340,3,1,17/11/2016,17/11/2016,1,3,0,3,,0,0,99,0,0,,,6,Male,35,26 - 35,124,1,7,-1,-1,,1,1,1,1,35,6,3,0,0,0,0,0,3,-1,-1,2016.0,010004113,E09000023,0.0,9.0,2.0,2016.0,010004113,9.0,9.0,0.0,9.0,1.0,-1,2016.0,010004113,2016,11,1,0
125974,2016010004282,527780.0,181140.0,-0.15989,51.514688,1,Slight,2,2,2016-11-30,Wednesday,20:15,Westminster,E09000033,3,5204,6,30.0,9,2,3,5204,,,4,1,1,0,0,1,1,E01004658,3,1,30/11/2016,30/11/2016,1,9,0,3,,1,0,0,0,0,,,6,Male,28,26 - 35,-1,-1,-1,5,1,,1,1,1,1,28,6,3,0,0,0,0,0,9,1,5,2016.0,010004282,E09000033,0.0,5.0,2.0,2016.0,010004282,1.0,5.0,0.0,2.0,2.0,-1,2016.0,010004282,2016,11,2,20
125975,2016010004283,537480.0,183930.0,-0.019096,51.537484,1,Slight,1,2,2016-11-30,Wednesday,19:40,Newham,E09000025,6,0,3,30.0,8,4,6,0,,,4,1,4,0,0,1,1,E01033579,3,1,30/11/2016,30/11/2016,1,9,0,5,,2,1,0,1,2,,,2,Male,25,21 - 25,2979,1,1,3,1,,1,1,1,1,25,5,3,0,0,0,0,0,9,1,3,2016.0,010004283,E09000025,0.0,0.0,2.0,2016.0,010004283,1.0,3.0,0.0,1.0,1.0,-1,2016.0,010004283,2016,11,2,19
125979,2016010004288,515570.0,173100.0,-0.338401,51.445053,1,Slight,1,1,2016-11-30,Wednesday,21:15,Richmond upon Thames,E09000027,3,305,6,30.0,3,4,6,0,,,4,1,4,0,0,1,1,E01003884,3,1,30/11/2016,30/11/2016,1,4,0,18,,1,1,0,0,0,,,6,Male,21,21 - 25,108,1,1,3,1,,1,1,1,1,21,5,3,0,0,0,0,0,4,1,3,2016.0,010004288,E09000027,0.0,7.0,2.0,2016.0,010004288,3.0,7.0,0.0,0.0,1.0,-1,2016.0,010004288,2016,11,1,21
125981,2016010004291,546130.0,180670.0,0.104189,51.50602,1,Slight,1,2,2016-11-30,Wednesday,21:00,Greenwich,E09000011,6,0,6,30.0,0,-1,-1,-1,,,4,1,1,1,0,1,1,E01033743,3,1,30/11/2016,30/11/2016,1,9,0,18,,0,0,7,0,0,,,6,Male,21,21 - 25,1242,1,7,6,1,,1,1,2,1,22,5,3,0,0,2,0,0,9,1,2,2016.0,010004291,E09000011,0.0,0.0,2.0,2016.0,010004291,6.0,4.0,0.0,4.0,1.0,-1,2016.0,010004291,2016,11,2,21
125983,2016010004293,513180.0,171880.0,-0.373167,51.43457,1,Slight,2,1,2016-11-30,Wednesday,20:55,Richmond upon Thames,E09000027,3,312,6,30.0,3,4,6,0,,,4,1,1,0,0,1,1,E01003829,3,1,30/11/2016,30/11/2016,1,9,0,10,,1,0,0,0,0,,,6,Female,20,16 - 20,1299,1,12,10,1,,1,1,1,2,20,4,3,0,0,0,0,0,9,1,10,2016.0,010004293,E09000027,0.0,0.0,2.0,2016.0,010004293,1.0,3.0,0.0,2.0,1.0,-1,2016.0,010004293,2016,11,1,20
125984,2016010004294,529710.0,180310.0,-0.132396,51.50679,1,Slight,2,2,2016-11-30,Wednesday,20:25,Westminster,E09000033,5,0,3,30.0,6,4,5,0,,,4,1,1,0,0,1,1,E01004736,3,1,30/11/2016,30/11/2016,1,3,0,18,,8,0,0,0,0,,,1,Male,21,21 - 25,-1,-1,-1,4,1,,1,1,1,1,21,5,3,0,0,0,0,0,3,1,4,2016.0,010004294,E09000033,0.0,4.0,2.0,2016.0,010004294,3.0,7.0,0.0,1.0,1.0,-1,2016.0,010004294,2016,11,2,20
125993,2016010004306,554770.0,186060.0,0.230952,51.55215,1,Slight,1,1,2016-11-30,Wednesday,22:42,Havering,E09000016,5,0,6,30.0,0,-1,-1,-1,,,4,1,1,0,0,1,1,E01002292,3,1,30/11/2016,30/11/2016,1,9,0,18,,0,1,7,8,10,,,6,Male,28,26 - 35,1968,2,8,6,1,,1,1,1,1,28,6,3,0,0,0,0,0,9,1,6,2016.0,010004306,E09000016,0.0,0.0,2.0,2016.0,010004306,5.0,1.0,0.0,1.0,1.0,-1,2016.0,010004306,2016,11,1,22
125994,2016010004307,541230.0,183120.0,0.034614,51.529281,1,Serious,2,1,2016-11-30,Wednesday,21:19,Newham,E09000025,3,124,6,30.0,3,4,6,0,,,4,1,1,0,0,1,1,E01003605,2,2,30/11/2016,30/11/2016,1,9,0,9,,5,0,0,0,0,,,2,Male,26,26 - 35,2993,2,3,2,1,,2,1,1,1,17,4,2,0,0,0,0,0,3,1,2,2016.0,010004307,E09000025,0.0,0.0,2.0,2016.0,010004307,3.0,1.0,0.0,3.0,1.0,-1,2016.0,010004307,2016,11,2,21
125998,2016010004313,536500.0,186920.0,-0.032058,51.564591,1,Fatal,3,1,2016-11-30,Wednesday,21:05,Waltham Forest,E09000031,3,1006,6,30.0,0,-1,-1,-1,,,4,1,2,0,0,1,1,E01004427,1,3,30/11/2016,30/11/2016,1,4,0,18,,0,0,0,0,0,,,6,Male,23,21 - 25,471,1,3,2,1,,1,1,1,1,23,5,1,0,0,0,0,0,4,1,2,2016.0,010004313,E09000031,0.0,0.0,2.0,2016.0,010004313,1.0,5.0,0.0,1.0,1.0,-1,2016.0,010004313,2016,11,3,21
126000,2016010004316,529020.0,170710.0,-0.145834,51.420672,1,Slight,2,2,2016-11-30,Wednesday,22:40,Wandsworth,E09000032,3,216,6,30.0,6,2,6,0,,,4,1,1,0,0,1,1,E01004522,3,1,30/11/2016,30/11/2016,1,9,0,13,,1,0,0,7,0,,,2,Male,32,26 - 35,1339,1,6,3,1,,1,1,1,1,32,6,3,0,0,0,0,0,9,1,3,2016.0,010004316,E09000032,0.0,0.0,2.0,2016.0,010004316,2.0,6.0,0.0,1.0,1.0,-1,2016.0,010004316,2016,11,2,22
126002,2016010004319,542290.0,177570.0,0.047648,51.479143,1,Serious,1,2,2016-11-30,Wednesday,22:40,Greenwich,E09000011,5,0,3,30.0,0,-1,-1,-1,,,4,1,1,0,0,1,1,E01001588,2,2,30/11/2016,30/11/2016,1,9,0,18,,0,1,10,2,10,,,6,Male,34,26 - 35,-1,-1,-1,4,1,,1,1,1,1,34,6,2,0,0,0,0,0,9,1,4,2016.0,010004319,E09000011,0.0,0.0,2.0,2016.0,010004319,3.0,7.0,0.0,4.0,1.0,-1,2016.0,010004319,2016,11,4,22
126009,2016010004345,533940.0,186120.0,-0.069274,51.558015,1,Serious,1,1,2016-11-25,Friday,22:00,Hackney,E09000012,5,0,6,30.0,6,4,3,10,,,4,1,1,0,0,1,3,E01001832,2,2,25/11/2016,25/11/2016,1,3,0,18,,1,2,0,0,0,,,6,Male,22,21 - 25,124,1,7,2,1,,1,1,1,1,22,5,2,0,0,0,0,0,3,1,2,2016.0,010004345,E09000012,0.0,8.0,2.0,2016.0,010004345,9.0,9.0,0.0,1.0,1.0,-1,2016.0,010004345,2016,11,2,22
126032,2016010004418,530180.0,170840.0,-0.129113,51.421576,1,Slight,2,1,2016-11-23,Wednesday,19:47,Lambeth,E09000022,3,23,3,30.0,3,2,4,272,,,1,1,1,9,9,1,3,E01003145,3,1,23/11/2016,23/11/2016,1,9,9,18,,9,9,99,0,0,,,6,Male,27,26 - 35,1598,1,7,9,1,,1,1,1,1,27,6,3,0,0,0,0,0,9,1,9,2016.0,010004418,E09000022,0.0,9.0,2.0,2016.0,010004418,9.0,9.0,0.0,9.0,9.0,-1,2016.0,010004418,2016,11,1,19
126041,2016010004440,538480.0,186670.0,-0.003608,51.561862,1,Slight,2,1,2016-11-15,Tuesday,01:04,Waltham Forest,E09000031,4,161,6,30.0,0,-1,-1,-1,,,1,8,1,0,0,1,1,E01004375,3,1,15/11/2016,15/11/2016,1,3,0,4,,0,0,0,0,0,,,6,Male,20,16 - 20,125,1,8,3,1,,1,1,1,1,20,4,3,0,0,0,0,0,3,1,3,2016.0,010004440,E09000031,0.0,4.0,2.0,2016.0,010004440,0.0,0.0,0.0,1.0,1.0,-1,2016.0,010004440,2016,11,1,1
126044,2016010004450,545510.0,164370.0,0.08857,51.359712,1,Serious,1,1,2016-11-30,Wednesday,20:53,Bromley,E09000006,3,223,6,30.0,3,4,3,223,,,4,7,2,0,0,1,1,E01000686,2,2,30/11/2016,30/11/2016,1,9,0,18,,1,0,0,0,0,,,6,Male,30,26 - 35,-1,-1,-1,3,1,,1,1,3,2,17,4,2,5,1,0,0,2,0,1,3,2016.0,010004450,E09000006,0.0,0.0,2.0,2016.0,010004450,3.0,5.0,0.0,1.0,1.0,-1,2016.0,010004450,2016,11,2,20
126065,2016010004491,536700.0,174240.0,-0.034086,51.450596,1,Slight,3,1,2016-01-12,Tuesday,18:15,Lewisham,E09000023,6,0,6,20.0,3,4,6,0,,,4,1,1,0,0,1,1,E01003227,3,1,01/12/2016,01/12/2016,1,9,0,15,,8,0,4,0,0,,,6,Female,23,21 - 25,1242,1,7,3,1,,2,1,1,1,30,6,3,0,0,0,0,0,1,1,6,2016.0,010004491,E09000023,0.0,0.0,2.0,2016.0,010004491,5.0,1.0,0.0,3.0,1.0,-1,2016.0,010004491,2016,1,1,18
126068,2016010004494,535900.0,181170.0,-0.042927,51.513064,1,Serious,2,1,2016-01-12,Tuesday,18:05,Tower Hamlets,E09000030,3,13,3,20.0,3,4,6,0,,,4,1,1,0,0,1,1,E01004288,2,2,01/12/2016,01/12/2016,1,9,0,10,,6,0,0,0,0,,,6,Male,31,26 - 35,1995,2,12,2,1,,2,1,1,1,35,6,2,0,0,0,0,0,5,1,10,2016.0,010004494,E09000030,0.0,0.0,2.0,2016.0,010004494,1.0,7.0,0.0,1.0,1.0,-1,2016.0,010004494,2016,1,2,18
126069,2016010004495,544090.0,185090.0,0.076622,51.54626,1,Slight,2,6,2016-01-12,Tuesday,18:30,Redbridge,E09000026,3,123,6,30.0,3,2,6,0,,,4,1,1,0,0,1,1,E01003734,3,1,01/12/2016,01/12/2016,1,9,0,18,,8,0,0,0,0,,,6,Male,31,26 - 35,1753,2,10,5,1,,1,1,1,1,31,6,3,0,0,0,0,0,9,1,5,2016.0,010004495,E09000026,0.0,1.0,2.0,2016.0,010004495,0.0,5.0,0.0,1.0,1.0,-1,2016.0,010004495,2016,1,6,18