,accident_index,location_easting_osgr,location_northing_osgr,longitude,latitude,police_force,accident_severity,number_of_vehicles,number_of_casualties,date,day_of_week,time,local_authority_district,local_authority_highway,first_road_class,first_road_number,road_type,speed_limit,junction_detail,junction_control,second_road_class,second_road_number,pedestrian_crossing-human_control,pedestrian_crossing-physical_facilities,light_conditions,weather_conditions,road_surface_conditions,special_conditions_at_site,carriageway_hazards,urban_or_rural_area,did_police_officer_attend_scene_of_accident,lsoa_of_accident_location,accident_severity_num,accident_severity_inv,date2,date_original,vehicle_reference_x,vehicle_type,towing_and_articulation,vehicle_manoeuvre,vehicle_location-restricted_lane,junction_location,skidding_and_overturning,hit_object_in_carriageway,vehicle_leaving_carriageway,hit_object_off_carriageway,1st_point_of_impact,was_vehicle_left_hand_drive?,journey_purpose_of_driver,sex_of_driver,age_of_driver,age_band_of_driver,engine_capacity_cc,propulsion_code,age_of_vehicle,driver_imd_decile,driver_home_area_type,vehicle_imd_decile,vehicle_reference_y,casualty_reference,casualty_class,sex_of_casualty,age_of_casualty,age_band_of_casualty,casualty_severity,pedestrian_location,pedestrian_movement,car_passenger,bus_or_coach_passenger,pedestrian_road_maintenance_worker,casualty_type,casualty_home_area_type,casualty_imd_decile,accident_year_x,accident_reference_x,local_authority_ons_district,pedestrian_crossing_human_control,pedestrian_crossing_physical_facilities,trunk_road_flag,accident_year_y,accident_reference_y,vehicle_direction_from,vehicle_direction_to,vehicle_location_restricted_lane,first_point_of_impact,vehicle_left_hand_drive,generic_make_model,accident_year,accident_reference,year,month,severity,hours
126074,2016010004501,522500.0,167530.0,-0.240654,51.393537,1,Slight,2,1,2016-01-12,Tuesday,18:34,Merton,E09000024,5,0,6,30.0,3,4,6,0,,,4,8,2,0,0,1,1,E01003469,3,1,01/12/2016,01/12/2016,1,9,0,18,,1,0,0,1,0,,,2,Male,20,16 - 20,1229,1,4,8,1,,1,1,1,1,20,4,3,0,0,0,0,0,9,1,8,2016.0,010004501,E09000024,0.0,1.0,2.0,2016.0,010004501,3.0,7.0,0.0,1.0,1.0,-1,2016.0,010004501,2016,1,1,18
126080,2016010004507,539410.0,187090.0,0.009966,51.565407,1,Slight,2,1,2016-01-12,Tuesday,18:38,Waltham Forest,E09000031,3,11,6,30.0,6,4,6,0,,,4,1,1,0,0,1,1,E01004440,3,1,01/12/2016,01/12/2016,1,9,0,9,,8,0,0,0,0,,,2,Male,28,26 - 35,1299,1,11,6,1,,2,1,1,2,30,6,3,0,0,0,0,0,1,1,7,2016.0,010004507,E09000031,0.0,0.0,2.0,2016.0,010004507,1.0,7.0,0.0,1.0,1.0,-1,2016.0,010004507,2016,1,1,18
126082,2016010004509,516590.0,176880.0,-0.322485,51.478818,1,Slight,2,1,2016-01-12,Tuesday,18:09,Hounslow,E09000018,3,315,3,30.0,3,4,6,0,,,4,1,1,0,0,1,1,E01002682,3,1,01/12/2016,01/12/2016,1,2,0,18,,1,0,0,0,0,,,2,Male,35,26 - 35,124,1,0,2,1,,1,1,1,1,35,6,3,0,0,0,0,0,2,1,2,2016.0,010004509,E09000018,0.0,0.0,2.0,2016.0,010004509,7.0,3.0,0.0,1.0,1.0,-1,2016.0,010004509,2016,1,1,18
126090,2016010004519,513210.0,184460.0,-0.368704,51.547633,1,Slight,1,1,2016-01-12,Tuesday,20:52,Ealing,E09000009,3,312,6,30.0,0,-1,-1,-1,,,4,1,1,0,0,1,1,E01001322,3,1,01/12/2016,01/12/2016,1,9,0,13,,0,0,0,0,0,,,2,Male,32,26 - 35,2148,2,9,9,1,,1,1,3,2,57,9,3,8,3,0,0,2,0,1,5,2016.0,010004519,E09000009,0.0,8.0,2.0,2016.0,010004519,1.0,5.0,0.0,1.0,1.0,-1,2016.0,010004519,2016,1,1,20
126091,2016010004520,529930.0,173980.0,-0.131555,51.449852,1,Slight,3,1,2016-11-30,Wednesday,20:25,Lambeth,E09000022,4,221,6,30.0,3,4,6,0,,,4,1,1,0,1,1,1,E01003159,3,1,30/11/2016,30/11/2016,1,9,0,18,,1,0,0,0,0,,,6,Female,21,21 - 25,1364,1,8,1,1,,1,1,1,2,21,5,3,0,0,0,0,0,9,1,1,2016.0,010004520,E09000022,1.0,5.0,2.0,2016.0,010004520,5.0,1.0,0.0,2.0,1.0,-1,2016.0,010004520,2016,11,1,20
126095,2016010004524,505690.0,176980.0,-0.479355,51.481857,1,Slight,1,1,2016-01-12,Tuesday,22:03,Hillingdon,E09000017,3,4,3,50.0,3,4,4,3378,,,4,1,1,0,0,1,1,E01002444,3,1,01/12/2016,01/12/2016,1,9,0,18,,8,0,0,0,0,,,6,Male,26,26 - 35,1995,2,13,7,1,,1,1,3,1,59,9,3,5,1,0,0,2,0,-1,-1,2016.0,010004524,E09000017,0.0,0.0,2.0,2016.0,010004524,3.0,7.0,8.0,4.0,1.0,-1,2016.0,010004524,2016,1,1,22
126096,2016010004526,525200.0,164940.0,-0.202778,51.369671,1,Slight,2,1,2016-01-12,Tuesday,22:05,Sutton,E09000029,6,0,6,30.0,3,4,6,0,,,4,8,2,0,0,1,1,E01004148,3,1,01/12/2016,01/12/2016,1,9,0,9,,6,0,0,0,0,,,2,Male,29,26 - 35,1339,1,7,8,1,,2,1,1,1,30,6,3,0,0,0,0,0,2,1,8,2016.0,010004526,E09000029,0.0,0.0,2.0,2016.0,010004526,3.0,1.0,0.0,3.0,1.0,-1,2016.0,010004526,2016,1,1,22
126097,2016010004527,525670.0,182190.0,-0.189908,51.524598,1,Fatal,2,1,2016-01-12,Tuesday,23:15,Westminster,E09000033,4,413,6,30.0,6,2,5,0,,,4,1,1,0,0,1,1,E01004756,1,3,01/12/2016,01/12/2016,1,8,0,9,,8,0,0,0,0,,,1,Male,22,21 - 25,-1,-1,-1,4,1,,2,1,1,1,24,5,1,0,0,0,0,0,4,1,1,2016.0,010004527,E09000033,0.0,8.0,2.0,2016.0,010004527,4.0,6.0,0.0,1.0,1.0,-1,2016.0,010004527,2016,1,3,23
126103,2016010004534,529970.0,180810.0,-0.128468,51.511223,1,Serious,1,1,2016-02-12,Friday,03:00,Westminster,E09000033,3,400,6,30.0,3,2,3,4201,,,4,1,1,0,0,1,1,E01004734,2,2,02/12/2016,02/12/2016,1,8,0,18,,8,0,0,0,0,,,1,Male,28,26 - 35,1798,8,4,6,1,,1,1,3,1,24,5,2,1,3,0,0,2,0,1,5,2016.0,010004534,E09000033,0.0,5.0,2.0,2016.0,010004534,1.0,5.0,0.0,1.0,1.0,-1,2016.0,010004534,2016,2,2,3
126104,2016010004535,530880.0,181920.0,-0.11495,51.520989,1,Slight,2,1,2016-01-12,Tuesday,22:44,Camden,E09000007,3,401,6,20.0,3,4,6,0,,,4,1,2,0,0,1,1,E01000914,3,1,01/12/2016,01/12/2016,1,8,0,3,,8,0,0,0,0,,,1,Male,27,26 - 35,1995,2,3,2,1,,2,1,1,2,18,4,3,0,0,0,0,0,1,1,2,2016.0,010004535,E09000007,0.0,0.0,2.0,2016.0,010004535,7.0,3.0,0.0,0.0,1.0,-1,2016.0,010004535,2016,1,1,22
126106,2016010004538,512430.0,183790.0,-0.380162,51.541767,1,Slight,1,1,2016-02-12,Friday,00:50,Ealing,E09000009,3,312,3,30.0,0,-1,-1,-1,,,4,1,1,0,0,1,1,E01001326,3,1,02/12/2016,02/12/2016,1,9,0,18,,0,0,10,6,6,,,6,Male,30,26 - 35,2143,2,2,3,1,,1,1,2,1,24,5,3,0,0,2,0,0,9,1,6,2016.0,010004538,E09000009,0.0,0.0,2.0,2016.0,010004538,1.0,5.0,0.0,1.0,1.0,-1,2016.0,010004538,2016,2,1,0
126109,2016010004543,526920.0,177500.0,-0.173586,51.482169,1,Slight,2,2,2016-01-12,Tuesday,05:30,Kensington and Chelsea,E09000020,3,3220,3,30.0,6,2,3,3212,,,4,1,1,0,0,1,1,E01002840,3,1,01/12/2016,01/12/2016,1,9,3,9,,1,0,0,1,2,,,2,Male,31,26 - 35,2656,1,14,4,1,,1,1,1,1,31,6,3,0,0,0,0,0,9,1,4,2016.0,010004543,E09000020,0.0,5.0,2.0,2016.0,010004543,7.0,5.0,0.0,1.0,1.0,-1,2016.0,010004543,2016,1,2,5
126118,2016010004581,537370.0,189700.0,-0.018427,51.589361,1,Slight,2,1,2016-11-23,Wednesday,18:00,Waltham Forest,E09000031,3,112,6,30.0,3,2,6,0,,,4,1,1,0,0,1,3,E01004408,3,1,23/11/2016,23/11/2016,1,9,9,9,,9,9,0,9,99,,,6,Male,19,16 - 20,-1,-1,-1,2,1,,2,1,1,2,48,8,3,0,0,0,0,0,1,1,4,2016.0,010004581,E09000031,0.0,1.0,2.0,2016.0,010004581,9.0,9.0,99.0,9.0,9.0,-1,2016.0,010004581,2016,11,1,18
126124,2016010004622,530170.0,181340.0,-0.125392,51.51594,1,Slight,2,1,2016-11-15,Tuesday,19:40,Camden,E09000007,3,401,2,20.0,3,4,6,0,,,4,2,2,0,0,1,3,E01000919,3,1,15/11/2016,15/11/2016,1,3,9,18,,1,0,99,0,0,,,6,Male,25,21 - 25,-1,-1,-1,-1,-1,,1,1,1,1,25,5,3,0,0,0,0,0,3,-1,-1,2016.0,010004622,E09000007,0.0,1.0,2.0,2016.0,010004622,9.0,9.0,0.0,2.0,1.0,-1,2016.0,010004622,2016,11,1,19
126141,2016010004659,531150.0,165200.0,-0.117252,51.370666,1,Slight,2,3,2016-11-24,Thursday,19:30,Croydon,E09000008,3,23,6,30.0,3,4,6,0,,,4,1,1,9,0,1,3,E01001165,3,1,24/11/2016,24/11/2016,1,9,0,3,,1,0,0,0,0,,,6,Female,33,26 - 35,1390,1,12,2,1,,1,1,1,2,33,6,3,0,0,0,0,0,9,1,2,2016.0,010004659,E09000008,2.0,4.0,2.0,2016.0,010004659,9.0,9.0,0.0,2.0,1.0,-1,2016.0,010004659,2016,11,3,19
126168,2016010004721,523210.0,169170.0,-0.229885,51.408123,1,Slight,2,1,2016-02-12,Friday,18:11,Merton,E09000024,4,279,6,30.0,8,4,6,0,,,4,2,2,0,0,1,1,E01003446,3,1,02/12/2016,02/12/2016,1,5,0,14,,6,0,0,0,0,,,1,Male,25,21 - 25,599,1,4,7,1,,1,1,1,1,25,5,3,0,0,0,0,0,5,1,7,2016.0,010004721,E09000024,0.0,0.0,2.0,2016.0,010004721,3.0,7.0,0.0,1.0,1.0,-1,2016.0,010004721,2016,2,1,18
126175,2016010004728,532500.0,184160.0,-0.090772,51.540741,1,Slight,1,1,2016-02-12,Friday,18:24,Islington,E09000019,6,0,3,20.0,6,4,6,0,,,4,1,2,0,0,1,1,E01002722,3,1,02/12/2016,02/12/2016,1,9,0,4,,5,0,0,0,0,,,6,Male,34,26 - 35,1498,1,5,3,1,,1,1,3,2,60,9,3,6,9,0,0,2,0,1,2,2016.0,010004728,E09000019,0.0,4.0,2.0,2016.0,010004728,7.0,3.0,0.0,1.0,1.0,-1,2016.0,010004728,2016,2,1,18
126187,2016010004741,529710.0,182670.0,-0.131529,51.527999,1,Serious,1,2,2016-02-12,Friday,18:20,Camden,E09000007,3,4200,6,20.0,3,1,6,0,,,4,1,2,0,0,1,1,E01000956,2,2,02/12/2016,02/12/2016,1,5,0,4,,1,1,0,0,0,,,6,Male,24,21 - 25,599,1,17,7,1,,1,1,1,1,24,5,2,0,0,0,0,0,5,1,7,2016.0,010004741,E09000007,0.0,5.0,2.0,2016.0,010004741,7.0,3.0,0.0,4.0,1.0,-1,2016.0,010004741,2016,2,4,18
126188,2016010004742,526550.0,181040.0,-0.177643,51.514066,1,Slight,2,1,2016-02-12,Friday,19:45,Westminster,E09000033,5,0,6,30.0,6,2,4,410,,,4,8,2,0,0,1,1,E01004681,3,1,02/12/2016,02/12/2016,1,3,0,4,,1,0,0,0,0,,,2,Male,20,16 - 20,125,1,5,1,1,,1,1,1,1,20,4,3,0,0,0,0,0,3,1,1,2016.0,010004742,E09000033,0.0,5.0,2.0,2016.0,010004742,1.0,5.0,0.0,2.0,1.0,-1,2016.0,010004742,2016,2,1,19
126190,2016010004746,532980.0,190790.0,-0.081347,51.600209,1,Slight,2,3,2016-02-12,Friday,20:40,Haringey,E09000014,3,10,6,30.0,0,-1,-1,-1,,,4,2,2,0,0,1,1,E01002095,3,1,02/12/2016,02/12/2016,1,9,0,16,,0,0,0,0,0,,,6,Male,22,21 - 25,2148,2,12,2,1,,1,1,1,1,22,5,3,0,0,0,0,0,9,1,2,2016.0,010004746,E09000014,0.0,0.0,2.0,2016.0,010004746,7.0,3.0,0.0,1.0,1.0,-1,2016.0,010004746,2016,2,3,20
126191,2016010004747,531320.0,163200.0,-0.115549,51.352653,1,Slight,2,1,2016-01-12,Tuesday,18:20,Croydon,E09000008,3,23,6,40.0,0,-1,-1,-1,,,4,1,1,0,0,1,1,E01001173,3,1,01/12/2016,01/12/2016,1,5,0,18,,0,0,0,0,0,,,6,Male,33,26 - 35,599,1,8,7,1,,1,1,1,1,33,6,3,0,0,0,0,0,5,1,7,2016.0,010004747,E09000008,0.0,0.0,2.0,2016.0,010004747,5.0,5.0,0.0,1.0,1.0,-1,2016.0,010004747,2016,1,1,18
126195,2016010004752,526350.0,193310.0,-0.176115,51.624381,1,Slight,2,1,2016-02-12,Friday,18:50,Barnet,E09000003,3,1000,6,30.0,0,-1,-1,-1,,,4,2,2,0,0,1,1,E01000284,3,1,02/12/2016,02/12/2016,1,4,0,13,,0,0,0,0,0,,,2,Male,26,26 - 35,125,1,0,5,1,,1,1,1,1,26,6,3,0,0,0,0,0,4,1,5,2016.0,010004752,E09000003,0.0,8.0,2.0,2016.0,010004752,1.0,5.0,0.0,1.0,1.0,-1,2016.0,010004752,2016,2,1,18
126199,2016010004757,529970.0,180740.0,-0.128494,51.510594,1,Slight,2,1,2016-02-12,Friday,20:56,Westminster,E09000033,3,400,6,30.0,3,4,6,0,,,4,1,1,0,0,1,1,E01004734,3,1,02/12/2016,02/12/2016,1,5,0,14,,8,0,0,7,10,,,2,Male,28,26 - 35,1299,1,11,2,1,,1,1,1,1,28,6,3,0,0,0,0,0,5,1,2,2016.0,010004757,E09000033,0.0,1.0,2.0,2016.0,010004757,5.0,1.0,0.0,4.0,1.0,-1,2016.0,010004757,2016,2,1,20
126205,2016010004767,525480.0,195780.0,-0.187791,51.646773,1,Slight,2,1,2016-03-12,Saturday,00:01,Barnet,E09000003,3,1000,3,30.0,3,4,3,1000,,,4,1,2,0,0,1,1,E01000268,3,1,03/12/2016,03/12/2016,1,9,0,9,,6,1,0,0,0,,,6,Female,24,21 - 25,1390,1,5,7,1,,1,1,1,2,24,5,3,0,0,0,0,0,9,1,7,2016.0,010004767,E09000003,0.0,0.0,2.0,2016.0,010004767,2.0,5.0,0.0,4.0,1.0,-1,2016.0,010004767,2016,3,1,0
126206,2016010004768,537890.0,180570.0,-0.014502,51.507191,1,Slight,2,2,2016-03-12,Saturday,01:39,Tower Hamlets,E09000030,3,1261,3,40.0,0,-1,-1,-1,,,4,1,1,0,0,1,1,E01004277,3,1,03/12/2016,03/12/2016,1,9,0,18,,0,0,0,0,0,,,6,Male,25,21 - 25,1995,2,9,2,1,,1,1,1,1,25,5,3,0,0,0,0,0,9,1,2,2016.0,010004768,E09000030,0.0,0.0,2.0,2016.0,010004768,7.0,3.0,0.0,1.0,1.0,-1,2016.0,010004768,2016,3,2,1
126209,2016010004775,536830.0,170490.0,-0.033664,51.416865,1,Slight,2,1,2016-03-12,Saturday,01:12,Bromley,E09000006,6,0,6,30.0,3,4,6,0,,,4,1,2,0,0,1,1,E01000711,3,1,03/12/2016,03/12/2016,1,3,0,18,,8,0,0,0,0,,,2,Male,18,16 - 20,108,1,0,3,1,,1,1,2,1,16,4,3,0,0,0,0,0,3,1,7,2016.0,010004775,E09000006,0.0,0.0,2.0,2016.0,010004775,5.0,5.0,0.0,2.0,1.0,-1,2016.0,010004775,2016,3,1,1
126210,2016010004776,509460.0,179240.0,-0.424384,51.501454,1,Slight,3,2,2016-03-12,Saturday,04:02,Hillingdon,E09000017,3,437,6,30.0,3,2,3,437,,,4,1,2,0,0,1,1,E01002407,3,1,03/12/2016,03/12/2016,1,8,0,3,,1,0,0,0,0,,,1,Male,32,26 - 35,1910,2,8,3,1,,1,1,1,1,32,6,3,0,0,0,0,0,8,1,3,2016.0,010004776,E09000017,0.0,4.0,2.0,2016.0,010004776,7.0,3.0,0.0,2.0,1.0,-1,2016.0,010004776,2016,3,2,4
126211,2016010004780,539040.0,178010.0,0.00105,51.483905,1,Slight,4,1,2016-03-12,Saturday,03:50,Greenwich,E09000011,3,206,6,30.0,3,1,3,206,,,4,1,1,0,0,1,1,E01001664,3,1,03/12/2016,03/12/2016,1,9,0,4,,1,0,0,0,0,,,6,Female,33,26 - 35,1598,1,10,3,1,,1,1,1,2,33,6,3,0,0,0,0,0,9,1,3,2016.0,010004780,E09000011,0.0,5.0,2.0,2016.0,010004780,3.0,7.0,0.0,2.0,1.0,-1,2016.0,010004780,2016,3,1,3
126214,2016010004785,520500.0,178250.0,-0.26574,51.490313,1,Slight,2,1,2016-11-28,Monday,18:55,Hounslow,E09000018,5,0,6,30.0,0,-1,-1,-1,,,4,8,4,0,0,1,1,E01002690,3,1,28/11/2016,28/11/2016,1,9,0,4,,0,0,0,0,0,,,6,Male,19,16 - 20,1796,1,12,4,1,,2,1,1,2,42,7,3,0,0,0,0,0,1,1,9,2016.0,010004785,E09000018,0.0,1.0,2.0,2016.0,010004785,0.0,0.0,0.0,3.0,1.0,-1,2016.0,010004785,2016,11,1,18
126219,2016010004866,530190.0,172340.0,-0.128418,51.435054,1,Slight,2,1,2016-02-12,Friday,19:35,Lambeth,E09000022,3,23,3,30.0,3,4,5,0,,,4,1,2,0,0,1,1,E01003117,3,1,02/12/2016,02/12/2016,1,3,0,4,,1,0,0,0,0,,,1,Male,26,26 - 35,108,1,4,4,1,,1,1,1,1,26,6,3,0,0,0,0,0,3,1,4,2016.0,010004866,E09000022,0.0,0.0,2.0,2016.0,010004866,5.0,1.0,0.0,3.0,1.0,-1,2016.0,010004866,2016,2,1,19
126236,2016010004926,536790.0,175710.0,-0.032223,51.463784,1,Serious,2,1,2016-02-12,Friday,19:55,Lewisham,E09000023,5,0,6,20.0,6,4,6,0,,,4,2,2,0,0,1,1,E01003213,2,2,02/12/2016,02/12/2016,1,3,0,18,,1,0,0,0,0,,,6,Male,21,21 - 25,125,1,4,3,1,,1,1,1,1,21,5,2,0,0,0,0,0,3,1,3,2016.0,010004926,E09000023,0.0,8.0,2.0,2016.0,010004926,1.0,1.0,0.0,1.0,1.0,-1,2016.0,010004926,2016,2,2,19
126239,2016010004930,520210.0,180960.0,-0.268992,51.514731,1,Slight,2,2,2016-02-12,Friday,18:59,Ealing,E09000009,3,4000,6,30.0,3,4,6,0,,,4,1,1,0,0,1,1,E01001199,3,1,02/12/2016,02/12/2016,1,9,0,5,,2,0,0,0,0,,,6,Female,19,16 - 20,1389,1,15,4,1,,2,1,1,1,46,8,3,0,0,0,0,0,9,1,10,2016.0,010004930,E09000009,0.0,0.0,2.0,2016.0,010004930,6.0,2.0,0.0,1.0,1.0,-1,2016.0,010004930,2016,2,2,18
126253,2016010004948,527470.0,179670.0,-0.164886,51.501547,1,Slight,2,1,2016-02-12,Friday,21:06,Westminster,E09000033,3,315,6,30.0,3,4,6,0,,,4,1,1,0,0,1,1,E01004689,3,1,02/12/2016,02/12/2016,1,8,0,9,,8,0,0,0,0,,,1,Male,30,26 - 35,1968,2,2,2,1,,2,1,1,1,50,8,3,0,0,0,0,0,8,1,1,2016.0,010004948,E09000033,0.0,0.0,2.0,2016.0,010004948,7.0,3.0,0.0,4.0,1.0,-1,2016.0,010004948,2016,2,1,21
126264,2016010004962,533970.0,180950.0,-0.070807,51.511548,1,Serious,2,1,2016-03-12,Saturday,19:45,Tower Hamlets,E09000030,4,139,2,30.0,3,4,6,0,,,4,1,1,0,2,1,1,E01032767,2,2,03/12/2016,03/12/2016,1,2,0,9,,8,0,11,0,0,,,1,Male,22,21 - 25,125,1,0,9,1,,1,1,1,1,22,5,2,0,0,0,0,0,2,1,9,2016.0,010004962,E09000030,0.0,0.0,2.0,2016.0,010004962,5.0,1.0,0.0,1.0,1.0,-1,2016.0,010004962,2016,3,2,19
126269,2016010004968,539120.0,173690.0,0.000503,51.445065,1,Slight,3,2,2016-03-12,Saturday,20:15,Lewisham,E09000023,3,205,6,30.0,0,-1,-1,-1,,,4,1,1,0,0,1,1,E01003220,3,1,03/12/2016,03/12/2016,1,9,0,4,,0,0,0,0,0,,,6,Male,34,26 - 35,2000,1,11,3,1,,2,1,1,1,49,8,3,0,0,0,0,0,9,1,5,2016.0,010004968,E09000023,0.0,0.0,2.0,2016.0,010004968,3.0,2.0,0.0,1.0,1.0,-1,2016.0,010004968,2016,3,2,20
126275,2016010004975,531870.0,171560.0,-0.104553,51.427656,1,Slight,3,1,2016-03-12,Saturday,20:43,Lambeth,E09000022,3,215,6,30.0,3,4,6,0,,,4,1,1,0,0,1,1,E01003082,3,1,03/12/2016,03/12/2016,1,9,0,18,,1,0,0,0,0,,,1,Male,31,26 - 35,-1,-1,-1,3,1,,2,1,1,2,46,8,3,0,0,0,0,0,9,1,7,2016.0,010004975,E09000022,0.0,0.0,2.0,2016.0,010004975,1.0,5.0,0.0,0.0,1.0,-1,2016.0,010004975,2016,3,1,20
126280,2016010004980,534790.0,182370.0,-0.058455,51.524114,1,Slight,2,1,2016-03-12,Saturday,23:25,Tower Hamlets,E09000030,4,135,6,30.0,9,4,6,0,,,4,1,1,0,0,1,1,E01004206,3,1,03/12/2016,03/12/2016,1,9,0,18,,6,0,0,0,0,,,6,Male,28,26 - 35,1596,1,6,1,1,,2,1,1,1,27,6,3,0,0,0,0,0,9,1,5,2016.0,010004980,E09000030,0.0,0.0,2.0,2016.0,010004980,5.0,5.0,0.0,1.0,1.0,-1,2016.0,010004980,2016,3,1,23
126285,2016010004989,542290.0,190110.0,0.052712,51.591825,1,Slight,2,3,2016-04-12,Tuesday,01:15,Redbridge,E09000026,5,0,6,30.0,3,4,6,0,,,4,8,2,0,0,1,1,E01003678,3,1,04/12/2016,04/12/2016,1,9,0,17,,6,0,0,0,0,,,6,Male,26,26 - 35,2143,2,2,2,1,,1,1,1,1,26,6,3,0,0,0,0,0,9,1,2,2016.0,010004989,E09000026,0.0,0.0,2.0,2016.0,010004989,3.0,7.0,0.0,1.0,1.0,-1,2016.0,010004989,2016,4,3,1
126286,2016010004990,543810.0,183360.0,0.071881,51.530787,1,Fatal,2,6,2016-03-12,Saturday,22:32,Newham,E09000025,3,406,3,50.0,0,-1,-1,-1,,,4,1,1,0,0,1,1,E01003623,1,3,03/12/2016,03/12/2016,1,9,0,11,,0,0,0,5,6,,,6,Male,19,16 - 20,-1,-1,-1,3,1,,1,1,1,1,19,4,2,0,0,0,0,0,9,1,3,2016.0,010004990,E09000025,0.0,0.0,2.0,2016.0,010004990,5.0,1.0,0.0,4.0,1.0,-1,2016.0,010004990,2016,3,18,22
126290,2016010004998,530490.0,160150.0,-0.128579,51.325433,1,Slight,1,2,2016-04-12,Tuesday,01:40,Croydon,E09000008,4,2030,6,30.0,0,-1,-1,-1,,,4,1,1,0,0,1,1,E01001016,3,1,04/12/2016,04/12/2016,1,9,0,16,,0,1,6,0,0,,,6,Female,24,21 - 25,1229,1,6,3,1,,1,1,2,2,22,5,3,0,0,1,0,0,9,1,1,2016.0,010004998,E09000008,0.0,0.0,2.0,2016.0,010004998,5.0,7.0,0.0,1.0,1.0,-1,2016.0,010004998,2016,4,2,1
126302,2016010005025,528950.0,184590.0,-0.141776,51.545427,1,Slight,2,1,2016-02-12,Friday,20:31,Camden,E09000007,3,400,6,20.0,6,4,6,0,,,4,1,2,0,0,1,1,E01000927,3,1,02/12/2016,02/12/2016,1,9,0,4,,1,0,0,0,0,,,6,Female,29,26 - 35,1995,1,5,3,1,,2,1,1,2,24,5,3,0,0,0,0,0,9,1,7,2016.0,010005025,E09000007,0.0,0.0,2.0,2016.0,010005025,5.0,1.0,0.0,1.0,1.0,-1,2016.0,010005025,2016,2,1,20
126323,2016010005057,540330.0,181760.0,0.021107,51.517284,1,Slight,1,1,2016-03-12,Saturday,18:56,Newham,E09000025,3,13,3,50.0,6,2,6,0,,,4,1,1,0,0,1,1,E01003508,3,1,03/12/2016,03/12/2016,1,9,0,18,,8,1,10,2,10,,,6,Male,23,21 - 25,1364,1,6,4,1,,1,1,1,1,23,5,3,0,0,0,0,0,9,1,4,2016.0,010005057,E09000025,0.0,0.0,2.0,2016.0,010005057,3.0,7.0,0.0,1.0,1.0,-1,2016.0,010005057,2016,3,1,18
126326,2016010005061,532260.0,190510.0,-0.091842,51.597862,1,Slight,2,1,2016-04-12,Tuesday,19:58,Haringey,E09000014,3,109,6,30.0,6,2,3,1080,,,4,1,1,0,0,1,1,E01002088,3,1,04/12/2016,04/12/2016,1,3,0,4,,1,0,0,0,0,,,2,Male,27,26 - 35,125,1,3,2,1,,1,1,1,1,27,6,3,0,0,0,0,0,3,1,2,2016.0,010005061,E09000014,0.0,5.0,2.0,2016.0,010005061,3.0,7.0,0.0,4.0,1.0,-1,2016.0,010005061,2016,4,1,19
126328,2016010005064,532770.0,179230.0,-0.088737,51.496374,1,Slight,2,1,2016-04-12,Tuesday,18:20,Southwark,E09000028,3,2,6,20.0,3,4,6,0,,,4,1,1,0,0,1,1,E01003942,3,1,04/12/2016,04/12/2016,1,3,0,4,,3,0,0,0,0,,,6,Female,23,21 - 25,-1,-1,-1,2,1,,1,1,1,2,23,5,3,0,0,0,0,0,3,1,2,2016.0,010005064,E09000028,1.0,4.0,2.0,2016.0,010005064,0.0,1.0,0.0,1.0,1.0,-1,2016.0,010005064,2016,4,1,18
126329,2016010005065,547400.0,173040.0,0.119295,51.437131,1,Slight,2,2,2016-04-12,Tuesday,21:21,Bexley,E09000004,5,0,6,30.0,3,4,6,0,,,4,1,1,0,0,1,1,E01000443,3,1,04/12/2016,04/12/2016,1,9,0,5,,2,0,0,0,0,,,6,Female,18,16 - 20,1198,1,8,7,1,,1,1,1,2,18,4,3,0,0,0,0,0,9,1,7,2016.0,010005065,E09000004,0.0,0.0,2.0,2016.0,010005065,3.0,1.0,0.0,4.0,1.0,-1,2016.0,010005065,2016,4,2,21
126331,2016010005070,532550.0,164860.0,-0.097278,51.367285,1,Slight,1,1,2016-04-12,Tuesday,22:25,Croydon,E09000008,4,271,6,30.0,6,2,6,0,,,4,8,2,3,0,1,1,E01001047,3,1,04/12/2016,04/12/2016,1,3,0,4,,1,1,0,0,0,,,6,Male,24,21 - 25,125,1,0,2,1,,1,1,1,1,24,5,3,0,0,0,0,0,3,1,2,2016.0,010005070,E09000008,0.0,4.0,2.0,2016.0,010005070,7.0,3.0,0.0,0.0,1.0,-1,2016.0,010005070,2016,4,1,22
126334,2016010005076,519200.0,169700.0,-0.287334,51.413743,1,Slight,2,1,2016-04-12,Tuesday,19:35,Kingston upon Thames,E09000021,3,308,6,30.0,1,4,3,308,,,4,8,2,0,0,1,1,E01002935,3,1,04/12/2016,04/12/2016,1,9,0,18,,3,0,0,0,0,,,6,Male,33,26 - 35,1240,1,13,7,1,,2,1,1,1,16,4,3,0,0,0,0,0,1,1,8,2016.0,010005076,E09000021,0.0,0.0,2.0,2016.0,010005076,7.0,3.0,0.0,2.0,1.0,-1,2016.0,010005076,2016,4,1,19