,accident_index,location_easting_osgr,location_northing_osgr,longitude,latitude,police_force,accident_severity,number_of_vehicles,number_of_casualties,date,day_of_week,time,local_authority_district,local_authority_highway,first_road_class,first_road_number,road_type,speed_limit,junction_detail,junction_control,second_road_class,second_road_number,pedestrian_crossing-human_control,pedestrian_crossing-physical_facilities,light_conditions,weather_conditions,road_surface_conditions,special_conditions_at_site,carriageway_hazards,urban_or_rural_area,did_police_officer_attend_scene_of_accident,lsoa_of_accident_location,accident_severity_num,accident_severity_inv,date2,date_original,vehicle_reference_x,vehicle_type,towing_and_articulation,vehicle_manoeuvre,vehicle_location-restricted_lane,junction_location,skidding_and_overturning,hit_object_in_carriageway,vehicle_leaving_carriageway,hit_object_off_carriageway,1st_point_of_impact,was_vehicle_left_hand_drive?,journey_purpose_of_driver,sex_of_driver,age_of_driver,age_band_of_driver,engine_capacity_cc,propulsion_code,age_of_vehicle,driver_imd_decile,driver_home_area_type,vehicle_imd_decile,vehicle_reference_y,casualty_reference,casualty_class,sex_of_casualty,age_of_casualty,age_band_of_casualty,casualty_severity,pedestrian_location,pedestrian_movement,car_passenger,bus_or_coach_passenger,pedestrian_road_maintenance_worker,casualty_type,casualty_home_area_type,casualty_imd_decile,accident_year_x,accident_reference_x,local_authority_ons_district,pedestrian_crossing_human_control,pedestrian_crossing_physical_facilities,trunk_road_flag,accident_year_y,accident_reference_y,vehicle_direction_from,vehicle_direction_to,vehicle_location_restricted_lane,first_point_of_impact,vehicle_left_hand_drive,generic_make_model,accident_year,accident_reference,year,month,severity,hours
126779,2016010006148,525300.0,174030.0,-0.198132,51.451344,1,Slight,2,1,2016-09-12,Monday,05:00,Wandsworth,E09000032,3,218,6,30.0,3,4,6,0,,,4,1,1,0,0,1,1,E01004601,3,1,09/12/2016,09/12/2016,1,9,0,18,,2,1,0,0,0,,,6,Male,25,21 - 25,-1,-1,-1,7,1,,2,1,1,1,26,6,3,0,0,0,0,0,8,1,6,2016.0,010006148,E09000032,0.0,0.0,2.0,2016.0,010006148,5.0,1.0,0.0,1.0,1.0,-1,2016.0,010006148,2016,9,1,5
126783,2016010006154,539790.0,175150.0,0.010714,51.458019,1,Serious,1,1,2016-09-12,Monday,21:28,Lewisham,E09000023,4,212,6,30.0,3,3,6,0,,,4,1,1,0,0,1,1,E01001657,2,2,09/12/2016,09/12/2016,1,9,0,18,,1,0,0,0,0,,,6,Male,25,21 - 25,1995,2,7,7,1,,1,1,3,1,90,11,2,1,2,0,0,2,0,1,9,2016.0,010006154,E09000023,0.0,4.0,2.0,2016.0,010006154,1.0,5.0,0.0,3.0,1.0,-1,2016.0,010006154,2016,9,2,21
126785,2016010006156,532390.0,178960.0,-0.094309,51.494037,1,Slight,1,1,2016-10-12,Wednesday,02:40,Southwark,E09000028,3,201,6,30.0,3,4,4,240,,,4,1,2,0,0,1,1,E01032720,3,1,10/12/2016,10/12/2016,1,9,0,4,,1,0,0,0,0,,,6,Female,35,26 - 35,1397,1,7,5,1,,1,1,3,1,19,4,3,5,1,0,0,2,0,1,10,2016.0,010006156,E09000028,0.0,0.0,2.0,2016.0,010006156,8.0,4.0,0.0,1.0,1.0,-1,2016.0,010006156,2016,10,1,2
126795,2016010006175,530900.0,178520.0,-0.115923,51.490429,1,Slight,3,1,2016-10-12,Wednesday,05:38,Lambeth,E09000022,6,0,3,20.0,0,-1,-1,-1,,,4,1,1,0,0,1,1,E01003105,3,1,10/12/2016,10/12/2016,1,9,0,18,,0,0,4,0,0,,,6,Female,30,26 - 35,2143,2,7,8,1,,1,1,1,2,30,6,3,0,0,0,0,0,9,1,8,2016.0,010006175,E09000022,0.0,0.0,2.0,2016.0,010006175,3.0,7.0,0.0,1.0,1.0,-1,2016.0,010006175,2016,10,1,5
126819,2016010006209,538720.0,171530.0,-0.006095,51.425752,1,Slight,3,2,2016-09-12,Monday,22:20,Lewisham,E09000023,3,21,6,30.0,7,3,6,0,,,4,1,1,0,0,1,1,E01003240,3,1,09/12/2016,09/12/2016,1,9,0,18,,8,0,0,0,0,,,6,Male,30,26 - 35,1198,1,13,-1,-1,,2,1,1,1,23,5,3,0,0,0,0,0,9,-1,-1,2016.0,010006209,E09000023,0.0,0.0,2.0,2016.0,010006209,3.0,7.0,0.0,3.0,1.0,-1,2016.0,010006209,2016,9,2,22
126829,2016010006221,509320.0,179310.0,-0.426379,51.50211,1,Slight,1,1,2016-10-12,Wednesday,18:17,Hillingdon,E09000017,3,437,2,30.0,3,4,6,0,,,4,2,2,0,0,1,1,E01002489,3,1,10/12/2016,10/12/2016,1,9,0,18,,8,5,7,0,0,,,6,Male,22,21 - 25,1896,2,12,3,1,,1,1,1,1,22,5,3,0,0,0,0,0,9,1,3,2016.0,010006221,E09000017,0.0,8.0,2.0,2016.0,010006221,7.0,3.0,0.0,1.0,1.0,-1,2016.0,010006221,2016,10,1,18
126835,2016010006227,537330.0,182830.0,-0.021686,51.527636,1,Slight,2,1,2016-10-12,Wednesday,19:45,Tower Hamlets,E09000030,5,0,6,20.0,3,2,3,11,,,4,2,2,0,0,1,1,E01004267,3,1,10/12/2016,10/12/2016,1,3,0,3,,1,0,0,0,0,,,6,Male,25,21 - 25,108,1,3,3,1,,1,1,1,1,25,5,3,0,0,0,0,0,3,1,3,2016.0,010006227,E09000030,0.0,5.0,2.0,2016.0,010006227,5.0,1.0,0.0,2.0,1.0,-1,2016.0,010006227,2016,10,1,19
126844,2016010006237,540490.0,172130.0,0.019585,51.430708,1,Slight,2,1,2016-09-12,Monday,21:00,Lewisham,E09000023,5,0,6,20.0,6,4,6,0,,,4,1,1,0,0,1,1,E01003236,3,1,09/12/2016,09/12/2016,1,9,0,3,,8,0,0,0,0,,,6,Male,21,21 - 25,1149,1,3,4,1,,1,1,1,1,21,5,3,0,0,0,0,0,9,1,4,2016.0,010006237,E09000023,0.0,0.0,2.0,2016.0,010006237,7.0,3.0,0.0,2.0,1.0,-1,2016.0,010006237,2016,9,1,21
126847,2016010006241,516580.0,185540.0,-0.319766,51.556654,1,Slight,5,2,2016-10-12,Wednesday,19:10,Brent,E09000005,6,0,6,30.0,3,4,3,4005,,,4,2,2,0,0,1,1,E01000608,3,1,10/12/2016,10/12/2016,1,9,0,4,,1,0,0,0,0,,,6,Female,25,21 - 25,2143,2,0,1,1,,1,1,1,2,25,5,3,0,0,0,0,0,9,1,1,2016.0,010006241,E09000005,0.0,0.0,2.0,2016.0,010006241,4.0,8.0,0.0,2.0,1.0,-1,2016.0,010006241,2016,10,2,19
126849,2016010006243,528740.0,173690.0,-0.148776,51.447517,1,Slight,2,1,2016-09-12,Monday,18:22,Wandsworth,E09000032,3,24,6,30.0,6,4,6,0,,,4,2,2,0,0,1,1,E01004474,3,1,09/12/2016,09/12/2016,1,5,0,13,,1,0,0,0,0,,,6,Male,34,26 - 35,689,1,1,5,1,,1,1,1,1,34,6,3,0,0,0,0,0,5,1,5,2016.0,010006243,E09000032,0.0,0.0,2.0,2016.0,010006243,2.0,2.0,0.0,1.0,1.0,-1,2016.0,010006243,2016,9,1,18
126852,2016010006246,536620.0,189790.0,-0.029212,51.590352,1,Slight,2,1,2016-10-12,Wednesday,19:40,Waltham Forest,E09000031,6,0,6,30.0,9,4,6,0,,,4,2,2,0,0,1,1,E01004458,3,1,10/12/2016,10/12/2016,1,4,0,18,,1,2,0,0,0,,,6,Male,34,26 - 35,125,1,0,2,1,,1,1,1,1,34,6,3,0,0,0,0,0,4,1,2,2016.0,010006246,E09000031,0.0,5.0,2.0,2016.0,010006246,7.0,3.0,0.0,1.0,1.0,-1,2016.0,010006246,2016,10,1,19
126854,2016010006248,532040.0,165010.0,-0.104544,51.368752,1,Slight,2,1,2016-10-12,Wednesday,19:15,Croydon,E09000008,3,236,1,30.0,1,4,4,271,,,4,2,2,0,0,1,1,E01001166,3,1,10/12/2016,10/12/2016,1,3,0,7,,3,0,0,0,0,,,1,Male,21,21 - 25,-1,-1,-1,4,1,,1,1,1,1,21,5,3,0,0,0,0,0,3,1,4,2016.0,010006248,E09000008,0.0,0.0,2.0,2016.0,010006248,5.0,1.0,0.0,4.0,1.0,-1,2016.0,010006248,2016,10,1,19
126858,2016010006252,518070.0,184890.0,-0.298502,51.550503,1,Slight,2,1,2016-10-12,Wednesday,20:20,Brent,E09000005,3,4089,6,30.0,3,4,3,4089,,,4,2,2,0,0,1,1,E01000633,3,1,10/12/2016,10/12/2016,1,3,0,10,,8,0,0,0,0,,,6,Female,35,26 - 35,125,1,1,4,1,,1,1,1,2,35,6,3,0,0,0,0,0,3,1,4,2016.0,010006252,E09000005,0.0,4.0,2.0,2016.0,010006252,5.0,1.0,0.0,2.0,1.0,-1,2016.0,010006252,2016,10,1,20
126862,2016010006257,534830.0,191670.0,-0.054314,51.607677,1,Slight,2,3,2016-10-12,Wednesday,18:20,Haringey,E09000014,4,137,6,30.0,1,4,5,0,,,7,2,2,0,0,1,1,E01002037,3,1,10/12/2016,10/12/2016,1,9,0,9,,3,0,0,0,0,,,6,Female,33,26 - 35,1399,2,12,7,3,,1,1,1,2,33,6,3,0,0,0,0,0,9,3,7,2016.0,010006257,E09000014,0.0,8.0,2.0,2016.0,010006257,3.0,5.0,0.0,4.0,1.0,-1,2016.0,010006257,2016,10,3,18
126863,2016010006259,519660.0,169620.0,-0.28075,51.412927,1,Slight,2,3,2016-10-12,Wednesday,21:41,Kingston upon Thames,E09000021,3,238,6,30.0,6,2,5,0,,,4,1,2,0,0,1,1,E01002954,3,1,10/12/2016,10/12/2016,1,9,0,18,,8,0,0,0,0,,,6,Female,20,16 - 20,1560,2,3,8,1,,1,1,1,2,20,4,3,0,0,0,0,0,9,1,8,2016.0,010006259,E09000021,0.0,4.0,2.0,2016.0,010006259,7.0,3.0,0.0,0.0,1.0,-1,2016.0,010006259,2016,10,3,21
126866,2016010006263,517400.0,182760.0,-0.30887,51.531499,1,Slight,2,1,2016-11-12,Saturday,00:10,Ealing,E09000009,3,40,3,40.0,3,4,6,0,,,4,1,2,0,0,1,1,E01001347,3,1,11/12/2016,11/12/2016,1,9,0,11,,2,0,0,0,0,,,6,Female,29,26 - 35,1595,1,7,7,1,,1,1,1,2,29,6,3,0,0,0,0,0,9,1,7,2016.0,010006263,E09000009,0.0,0.0,2.0,2016.0,010006263,3.0,7.0,0.0,2.0,1.0,-1,2016.0,010006263,2016,11,1,0
126870,2016010006269,530730.0,185720.0,-0.115701,51.555173,1,Slight,2,1,2016-11-12,Saturday,01:20,Islington,E09000019,3,1,3,30.0,3,4,6,0,,,4,1,2,0,0,1,1,E01002767,3,1,11/12/2016,11/12/2016,1,9,0,9,,8,0,4,0,0,,,6,Female,28,26 - 35,999,1,8,-1,-1,,1,1,1,2,28,6,3,0,0,0,0,0,9,-1,-1,2016.0,010006269,E09000019,0.0,0.0,2.0,2016.0,010006269,2.0,3.0,0.0,1.0,1.0,-1,2016.0,010006269,2016,11,1,1
126872,2016010006272,554670.0,191190.0,0.231768,51.598269,1,Slight,2,1,2016-10-12,Wednesday,22:48,Havering,E09000016,3,12,3,50.0,6,2,5,0,,,4,1,2,0,0,1,1,E01002300,3,1,10/12/2016,10/12/2016,1,9,0,18,,8,0,0,0,0,,,6,Male,31,26 - 35,2400,2,10,2,1,,2,1,1,1,63,9,3,0,0,0,0,0,11,3,8,2016.0,010006272,E09000016,0.0,0.0,2.0,2016.0,010006272,8.0,2.0,0.0,1.0,1.0,-1,2016.0,010006272,2016,10,1,22
126889,2016010006298,544440.0,170120.0,0.075549,51.411654,1,Slight,4,1,2016-10-12,Wednesday,21:13,Bromley,E09000006,3,208,6,30.0,0,-1,-1,-1,,,4,2,2,0,0,1,1,E01000693,3,1,10/12/2016,10/12/2016,1,9,0,18,,0,5,0,0,0,,,6,Female,26,26 - 35,1461,2,3,9,1,,1,1,1,2,26,6,3,0,0,0,0,0,9,1,9,2016.0,010006298,E09000006,0.0,0.0,2.0,2016.0,010006298,4.0,8.0,0.0,4.0,1.0,-1,2016.0,010006298,2016,10,1,21
126901,2016010006317,519830.0,184350.0,-0.273313,51.545279,1,Slight,2,1,2016-11-12,Saturday,18:09,Brent,E09000005,3,404,3,30.0,3,4,6,0,,,4,4,2,0,0,1,1,E01000621,3,1,11/12/2016,11/12/2016,1,9,0,18,,1,0,0,0,0,,,6,Male,28,26 - 35,1950,2,0,5,1,,2,1,1,1,21,5,3,0,0,0,0,0,3,1,1,2016.0,010006317,E09000005,0.0,4.0,2.0,2016.0,010006317,1.0,1.0,0.0,1.0,1.0,-1,2016.0,010006317,2016,11,1,18
126906,2016010006324,527480.0,168420.0,-0.168793,51.40044,1,Slight,2,1,2016-11-12,Saturday,19:45,Merton,E09000024,3,217,6,30.0,3,4,6,0,,,4,1,2,0,0,1,1,E01003374,3,1,11/12/2016,11/12/2016,1,3,0,14,,1,1,0,0,0,,,1,Male,17,16 - 20,109,1,3,4,1,,1,1,1,1,17,4,3,0,0,0,0,0,3,1,4,2016.0,010006324,E09000024,0.0,0.0,2.0,2016.0,010006324,1.0,5.0,0.0,1.0,1.0,-1,2016.0,010006324,2016,11,1,19
126915,2016010006335,520370.0,186710.0,-0.264723,51.566374,1,Slight,2,1,2016-11-12,Saturday,19:38,Brent,E09000005,4,454,6,30.0,0,-1,-1,-1,,,4,1,2,0,0,1,1,E01000625,3,1,11/12/2016,11/12/2016,1,2,0,18,,0,0,0,0,0,,,1,Male,22,21 - 25,125,1,4,5,1,,1,1,1,1,22,5,3,0,0,0,0,0,2,1,5,2016.0,010006335,E09000005,0.0,0.0,2.0,2016.0,010006335,2.0,6.0,0.0,3.0,1.0,-1,2016.0,010006335,2016,11,1,19
126917,2016010006338,521130.0,191300.0,-0.25218,51.607464,1,Slight,2,1,2016-11-12,Saturday,18:10,Barnet,E09000003,5,0,6,30.0,3,4,6,0,,,4,1,2,0,0,1,1,E01000133,3,1,11/12/2016,11/12/2016,1,3,0,18,,8,0,0,0,0,,,6,Male,21,21 - 25,108,1,3,1,1,,1,1,1,1,21,5,3,0,0,0,0,0,3,1,1,2016.0,010006338,E09000003,0.0,8.0,2.0,2016.0,010006338,3.0,3.0,0.0,1.0,1.0,-1,2016.0,010006338,2016,11,1,18
126921,2016010006345,511480.0,176390.0,-0.396193,51.475444,1,Slight,3,1,2016-11-12,Saturday,20:05,Hounslow,E09000018,3,4,1,30.0,1,4,3,30,,,4,1,2,0,0,1,1,E01002587,3,1,11/12/2016,11/12/2016,1,9,0,5,,2,0,0,0,0,,,6,Male,33,26 - 35,-1,-1,-1,3,1,,1,1,1,1,33,6,3,0,0,0,0,0,9,1,3,2016.0,010006345,E09000018,0.0,1.0,2.0,2016.0,010006345,0.0,0.0,6.0,2.0,1.0,-1,2016.0,010006345,2016,11,1,20
126922,2016010006346,525370.0,185620.0,-0.193009,51.55549,1,Serious,3,1,2016-11-12,Saturday,18:27,Camden,E09000007,3,41,3,20.0,3,4,6,0,,,4,1,1,0,0,1,1,E01000878,2,2,11/12/2016,11/12/2016,1,9,0,9,,8,0,0,0,0,,,6,Female,23,21 - 25,1998,1,13,7,1,,2,1,1,1,39,7,2,0,0,0,0,0,3,1,5,2016.0,010006346,E09000007,0.0,0.0,2.0,2016.0,010006346,5.0,3.0,0.0,4.0,1.0,-1,2016.0,010006346,2016,11,2,18
126925,2016010006349,525500.0,189080.0,-0.1899,51.586556,1,Slight,1,1,2016-11-12,Saturday,23:16,Barnet,E09000003,3,1,3,30.0,9,4,6,0,,,4,7,2,0,0,1,1,E01000205,3,1,11/12/2016,11/12/2016,1,9,0,18,,2,1,4,0,0,,,6,Male,29,26 - 35,-1,-1,-1,5,1,,1,1,1,1,29,6,3,0,0,0,0,0,9,1,5,2016.0,010006349,E09000003,0.0,0.0,2.0,2016.0,010006349,7.0,3.0,0.0,1.0,1.0,-1,2016.0,010006349,2016,11,1,23
126928,2016010006352,529570.0,187720.0,-0.131687,51.573414,1,Serious,1,3,2016-12-12,Monday,00:20,Haringey,E09000014,4,540,6,20.0,8,4,6,0,,,4,7,2,0,7,1,1,E01001984,2,2,12/12/2016,12/12/2016,1,9,0,18,,2,1,11,7,10,,,6,Male,26,26 - 35,1560,2,5,2,1,,1,1,1,1,26,6,2,0,0,0,0,0,9,1,2,2016.0,010006352,E09000014,0.0,0.0,2.0,2016.0,010006352,3.0,7.0,0.0,1.0,1.0,-1,2016.0,010006352,2016,12,6,0
126929,2016010006353,535140.0,191200.0,-0.050021,51.60338,1,Serious,4,1,2016-11-12,Saturday,20:35,Haringey,E09000014,3,1055,3,40.0,5,4,6,0,,,4,1,1,0,0,1,1,E01002037,2,2,11/12/2016,11/12/2016,1,9,0,13,,8,2,10,0,0,,,6,Male,32,26 - 35,2987,2,8,4,1,,1,1,1,1,32,6,2,0,0,0,0,0,9,1,4,2016.0,010006353,E09000014,0.0,0.0,2.0,2016.0,010006353,1.0,5.0,0.0,1.0,1.0,-1,2016.0,010006353,2016,11,2,20
126930,2016010006354,525070.0,186030.0,-0.197189,51.559241,1,Slight,2,3,2016-11-12,Saturday,19:45,Camden,E09000007,3,41,6,30.0,3,2,3,598,,,4,1,2,0,0,1,1,E01000139,3,1,11/12/2016,11/12/2016,1,9,0,9,,6,0,0,1,0,,,6,Male,34,26 - 35,1229,1,9,5,1,,1,1,1,1,34,6,3,0,0,0,0,0,9,1,5,2016.0,010006354,E09000007,0.0,0.0,2.0,2016.0,010006354,1.0,7.0,0.0,1.0,1.0,-1,2016.0,010006354,2016,11,3,19
126932,2016010006356,535500.0,177130.0,-0.050238,51.476855,1,Serious,3,2,2016-11-12,Saturday,18:00,Lewisham,E09000023,3,2,6,30.0,0,-1,-1,-1,,,4,1,1,0,0,1,1,E01003338,2,2,11/12/2016,11/12/2016,1,8,0,18,,0,0,0,0,0,,,2,Male,33,26 - 35,1798,8,2,4,1,,1,1,1,1,33,6,3,0,0,0,0,0,8,1,4,2016.0,010006356,E09000023,0.0,4.0,2.0,2016.0,010006356,3.0,7.0,0.0,4.0,1.0,-1,2016.0,010006356,2016,11,4,18
126937,2016010006364,506010.0,181990.0,-0.473244,51.526829,1,Slight,1,1,2016-12-12,Monday,00:40,Hillingdon,E09000017,5,0,6,30.0,2,4,6,0,,,4,7,2,0,0,1,1,E01002411,3,1,12/12/2016,12/12/2016,1,9,0,18,,3,1,0,7,2,,,6,Male,22,21 - 25,1398,1,0,3,1,,1,1,1,1,22,5,3,0,0,0,0,0,9,1,3,2016.0,010006364,E09000017,0.0,0.0,2.0,2016.0,010006364,7.0,3.0,0.0,1.0,1.0,-1,2016.0,010006364,2016,12,1,0
126938,2016010006366,545620.0,170840.0,0.0928,51.417822,1,Serious,1,5,2016-08-12,Friday,02:50,Bromley,E09000006,3,222,6,30.0,0,-1,-1,-1,,,4,1,2,0,0,1,1,E01000693,2,2,08/12/2016,08/12/2016,1,9,0,18,,0,0,7,1,4,,,6,Female,24,21 - 25,2143,2,1,3,1,,1,1,1,2,24,5,3,0,0,0,0,0,9,1,3,2016.0,010006366,E09000006,0.0,0.0,2.0,2016.0,010006366,2.0,6.0,0.0,1.0,1.0,-1,2016.0,010006366,2016,8,10,2
126946,2016010006394,533940.0,184770.0,-0.069788,51.545883,1,Slight,2,1,2016-01-12,Tuesday,18:30,Hackney,E09000012,4,108,6,20.0,7,2,3,104,,,4,1,1,0,0,1,3,E01001744,3,1,01/12/2016,01/12/2016,1,3,9,18,,1,0,0,0,0,,,6,Male,17,16 - 20,125,1,1,2,1,,1,1,1,1,17,4,3,0,0,0,0,0,3,1,2,2016.0,010006394,E09000012,0.0,4.0,2.0,2016.0,010006394,9.0,9.0,0.0,1.0,1.0,-1,2016.0,010006394,2016,1,1,18
126953,2016010006418,531070.0,190400.0,-0.109054,51.597152,1,Slight,1,1,2016-11-16,Wednesday,18:00,Haringey,E09000014,3,109,9,30.0,3,2,6,0,,,4,2,2,9,9,1,3,E01002029,3,1,16/11/2016,16/11/2016,1,9,9,3,,1,9,99,9,99,,,6,Male,23,21 - 25,1995,2,1,6,1,,1,1,1,1,23,5,3,0,0,0,0,0,9,1,6,2016.0,010006418,E09000014,0.0,9.0,2.0,2016.0,010006418,3.0,7.0,0.0,2.0,9.0,-1,2016.0,010006418,2016,11,1,18
126954,2016010006420,531090.0,186890.0,-0.110075,51.565604,1,Serious,2,1,2016-11-30,Wednesday,20:30,Islington,E09000019,6,0,6,30.0,6,4,6,0,,,4,1,1,0,0,1,1,E01002735,2,2,30/11/2016,30/11/2016,1,3,0,18,,1,0,0,0,0,,,2,Male,24,21 - 25,125,1,9,5,1,,1,1,1,1,24,5,2,0,0,0,0,0,3,1,5,2016.0,010006420,E09000019,0.0,1.0,2.0,2016.0,010006420,5.0,1.0,0.0,1.0,1.0,-1,2016.0,010006420,2016,11,2,20
126967,2016010006457,542150.0,180890.0,0.04697,51.509011,1,Slight,2,2,2016-11-24,Thursday,18:45,Newham,E09000025,3,1020,1,30.0,1,2,5,0,,,4,1,1,9,0,1,3,E01003513,3,1,24/11/2016,24/11/2016,1,9,9,3,,1,0,0,0,0,,,6,Female,28,26 - 35,1995,2,5,2,1,,1,1,1,2,28,6,3,0,0,0,0,0,9,1,2,2016.0,010006457,E09000025,0.0,9.0,2.0,2016.0,010006457,7.0,3.0,0.0,2.0,9.0,-1,2016.0,010006457,2016,11,2,18
126989,2016010006508,530950.0,181950.0,-0.113931,51.521242,1,Slight,2,1,2016-12-12,Monday,18:05,Camden,E09000007,3,401,6,20.0,3,4,6,0,,,4,1,1,0,0,1,1,E01000914,3,1,12/12/2016,12/12/2016,1,3,0,13,,1,1,0,0,0,,,1,Male,21,21 - 25,108,1,2,2,1,,1,1,1,1,21,5,3,0,0,0,0,0,3,1,2,2016.0,010006508,E09000007,0.0,0.0,2.0,2016.0,010006508,6.0,2.0,0.0,1.0,1.0,-1,2016.0,010006508,2016,12,1,18
127000,2016010006520,512860.0,172020.0,-0.377724,51.435892,1,Slight,1,1,2016-11-12,Saturday,21:49,Hounslow,E09000018,3,312,6,30.0,1,4,3,316,,,4,1,2,0,2,1,1,E01002605,3,1,11/12/2016,11/12/2016,1,9,0,7,,3,1,11,0,0,,,6,Male,22,21 - 25,-1,-1,-1,4,1,,1,1,2,1,21,5,3,0,0,2,0,0,9,-1,-1,2016.0,010006520,E09000018,0.0,1.0,2.0,2016.0,010006520,1.0,5.0,0.0,1.0,1.0,-1,2016.0,010006520,2016,11,1,21
127005,2016010006525,519230.0,191610.0,-0.279499,51.610655,1,Slight,2,1,2016-12-12,Monday,20:45,Barnet,E09000003,3,5,6,40.0,6,2,3,5100,,,4,2,2,0,0,1,1,E01002118,3,1,12/12/2016,12/12/2016,1,3,0,4,,2,0,0,0,0,,,1,Male,28,26 - 35,108,1,0,4,1,,1,1,1,1,28,6,3,0,0,0,0,0,3,1,4,2016.0,010006525,E09000003,0.0,5.0,2.0,2016.0,010006525,5.0,1.0,0.0,2.0,1.0,-1,2016.0,010006525,2016,12,1,20
127008,2016010006531,536410.0,174580.0,-0.038126,51.453721,1,Slight,2,1,2016-12-12,Monday,22:00,Lewisham,E09000023,4,218,6,20.0,2,4,4,218,,,1,1,1,0,0,1,1,E01003232,3,1,12/12/2016,12/12/2016,1,9,0,18,,4,0,0,0,0,,,6,Male,25,21 - 25,1400,1,9,2,1,,2,1,1,1,21,5,3,0,0,0,0,0,4,1,2,2016.0,010006531,E09000023,0.0,0.0,2.0,2016.0,010006531,5.0,1.0,0.0,1.0,1.0,-1,2016.0,010006531,2016,12,1,22
127010,2016010006533,540340.0,188830.0,0.024069,51.580812,1,Slight,3,1,2016-12-13,Tuesday,00:42,Redbridge,E09000026,3,113,6,30.0,0,-1,-1,-1,,,4,1,2,0,0,1,1,E01003777,3,1,13/12/2016,13/12/2016,1,3,0,18,,0,1,0,0,0,,,6,Male,18,16 - 20,124,1,2,4,1,,1,1,1,1,18,4,3,0,0,0,0,0,3,1,4,2016.0,010006533,E09000026,0.0,0.0,2.0,2016.0,010006533,5.0,1.0,0.0,1.0,1.0,-1,2016.0,010006533,2016,12,1,0
127014,2016010006540,537830.0,186890.0,-0.012893,51.563998,1,Serious,1,1,2016-12-13,Tuesday,01:46,Waltham Forest,E09000031,3,1006,6,30.0,6,4,5,0,,,4,1,2,0,0,1,1,E01004435,2,2,13/12/2016,13/12/2016,1,2,0,18,,8,5,10,1,10,,,6,Male,23,21 - 25,125,1,13,4,1,,1,1,1,1,23,5,2,0,0,0,0,0,2,1,4,2016.0,010006540,E09000031,0.0,1.0,2.0,2016.0,010006540,4.0,8.0,0.0,1.0,1.0,-1,2016.0,010006540,2016,12,2,1
127018,2016010006557,529490.0,185440.0,-0.13368,51.552942,1,Slight,2,1,2016-11-27,Sunday,20:00,Islington,E09000019,3,5200,6,20.0,0,-1,-1,-1,,,4,1,1,0,0,1,3,E01000924,3,1,27/11/2016,27/11/2016,1,3,0,99,,0,9,0,0,0,,,6,Male,19,16 - 20,114,1,3,1,1,,1,1,1,1,19,4,3,0,0,0,0,0,3,1,1,2016.0,010006557,E09000019,0.0,0.0,2.0,2016.0,010006557,1.0,5.0,0.0,4.0,1.0,-1,2016.0,010006557,2016,11,1,20
127020,2016010006573,514720.0,176050.0,-0.34967,51.47174,1,Slight,2,1,2016-11-26,Saturday,19:00,Hounslow,E09000018,3,315,9,30.0,99,-1,6,0,,,5,1,1,0,9,1,3,E01002643,3,1,26/11/2016,26/11/2016,1,9,0,18,,9,0,0,9,0,,,6,Male,29,26 - 35,-1,-1,-1,5,1,,1,1,1,1,29,6,3,0,0,0,0,0,9,1,5,2016.0,010006573,E09000018,0.0,1.0,2.0,2016.0,010006573,9.0,9.0,99.0,4.0,9.0,-1,2016.0,010006573,2016,11,1,19
127060,2016010006741,525000.0,196120.0,-0.194604,51.649936,1,Slight,2,1,2016-12-12,Monday,21:25,Barnet,E09000003,3,1000,6,30.0,3,4,6,0,,,4,2,2,0,0,1,1,E01000293,3,1,12/12/2016,12/12/2016,1,3,0,18,,1,1,0,0,0,,,6,Male,17,16 - 20,125,1,0,6,1,,1,1,1,1,17,4,3,0,0,0,0,0,3,1,6,2016.0,010006741,E09000003,0.0,0.0,2.0,2016.0,010006741,8.0,4.0,0.0,1.0,1.0,-1,2016.0,010006741,2016,12,1,21
127077,2016010006763,521120.0,184060.0,-0.254819,51.542397,1,Slight,2,1,2016-12-13,Tuesday,19:07,Brent,E09000005,3,407,3,30.0,3,4,3,407,,,4,1,1,0,0,1,1,E01000521,3,1,13/12/2016,13/12/2016,1,9,0,8,,8,0,0,0,0,,,6,Male,20,16 - 20,1242,1,2,2,1,,2,1,1,1,33,6,3,0,0,0,0,0,1,1,3,2016.0,010006763,E09000005,0.0,0.0,2.0,2016.0,010006763,7.0,1.0,0.0,4.0,1.0,-1,2016.0,010006763,2016,12,1,19