,accident_index,location_easting_osgr,location_northing_osgr,longitude,latitude,police_force,accident_severity,number_of_vehicles,number_of_casualties,date,day_of_week,time,local_authority_district,local_authority_highway,first_road_class,first_road_number,road_type,speed_limit,junction_detail,junction_control,second_road_class,second_road_number,pedestrian_crossing-human_control,pedestrian_crossing-physical_facilities,light_conditions,weather_conditions,road_surface_conditions,special_conditions_at_site,carriageway_hazards,urban_or_rural_area,did_police_officer_attend_scene_of_accident,lsoa_of_accident_location,accident_severity_num,accident_severity_inv,date2,date_original,vehicle_reference_x,vehicle_type,towing_and_articulation,vehicle_manoeuvre,vehicle_location-restricted_lane,junction_location,skidding_and_overturning,hit_object_in_carriageway,vehicle_leaving_carriageway,hit_object_off_carriageway,1st_point_of_impact,was_vehicle_left_hand_drive?,journey_purpose_of_driver,sex_of_driver,age_of_driver,age_band_of_driver,engine_capacity_cc,propulsion_code,age_of_vehicle,driver_imd_decile,driver_home_area_type,vehicle_imd_decile,vehicle_reference_y,casualty_reference,casualty_class,sex_of_casualty,age_of_casualty,age_band_of_casualty,casualty_severity,pedestrian_location,pedestrian_movement,car_passenger,bus_or_coach_passenger,pedestrian_road_maintenance_worker,casualty_type,casualty_home_area_type,casualty_imd_decile,accident_year_x,accident_reference_x,local_authority_ons_district,pedestrian_crossing_human_control,pedestrian_crossing_physical_facilities,trunk_road_flag,accident_year_y,accident_reference_y,vehicle_direction_from,vehicle_direction_to,vehicle_location_restricted_lane,first_point_of_impact,vehicle_left_hand_drive,generic_make_model,accident_year,accident_reference,year,month,severity,hours
127086,2016010006777,531030.0,169420.0,-0.117419,51.408619,1,Slight,2,1,2016-12-13,Tuesday,21:30,Croydon,E09000008,5,0,6,30.0,0,-1,-1,-1,,,4,1,1,0,0,1,1,E01001087,3,1,13/12/2016,13/12/2016,1,2,0,18,,0,0,0,0,0,,,6,Male,27,26 - 35,108,1,2,-1,-1,,1,1,1,1,27,6,3,0,0,0,0,0,2,-1,-1,2016.0,010006777,E09000008,0.0,0.0,2.0,2016.0,010006777,5.0,1.0,0.0,1.0,1.0,-1,2016.0,010006777,2016,12,1,21
127087,2016010006778,525020.0,178600.0,-0.200544,51.492478,1,Fatal,1,1,2016-12-13,Tuesday,21:15,Kensington and Chelsea,E09000020,3,4,3,30.0,6,2,3,3220,,,4,8,2,0,0,1,1,E01002848,1,3,13/12/2016,13/12/2016,1,9,0,18,,2,0,0,0,0,,,6,Female,33,26 - 35,-1,-1,-1,8,1,,1,1,3,1,63,9,1,1,3,0,0,2,0,1,5,2016.0,010006778,E09000020,0.0,5.0,2.0,2016.0,010006778,3.0,7.0,0.0,3.0,1.0,-1,2016.0,010006778,2016,12,3,21
127088,2016010006779,522650.0,178860.0,-0.234575,51.495333,1,Slight,3,1,2016-12-14,Wednesday,01:58,Hammersmith and Fulham,E09000013,4,408,3,30.0,3,4,6,0,,,4,1,2,0,0,1,1,E01001932,3,1,14/12/2016,14/12/2016,1,9,0,13,,1,0,0,0,0,,,1,Male,28,26 - 35,1797,8,6,3,1,,1,1,1,1,28,6,3,0,0,0,0,0,9,1,3,2016.0,010006779,E09000013,0.0,0.0,2.0,2016.0,010006779,5.0,1.0,0.0,1.0,1.0,-1,2016.0,010006779,2016,12,1,1
127099,2016010006809,525500.0,184520.0,-0.191527,51.545575,1,Slight,2,1,2016-11-21,Monday,19:40,Camden,E09000007,4,510,6,30.0,0,-1,-1,-1,,,4,9,2,9,9,1,3,E01000968,3,1,21/11/2016,21/11/2016,1,3,9,99,,0,9,99,9,99,,,6,Male,34,26 - 35,-1,-1,-1,3,1,,1,1,1,1,34,6,3,0,0,0,0,0,3,1,3,2016.0,010006809,E09000007,0.0,0.0,2.0,2016.0,010006809,9.0,9.0,99.0,9.0,1.0,-1,2016.0,010006809,2016,11,1,19
127142,2016010006929,552640.0,187390.0,0.200831,51.56468,1,Slight,2,1,2016-07-12,Tuesday,02:10,Havering,E09000016,3,124,6,30.0,0,-1,-1,-1,,,1,1,1,9,0,1,3,E01002321,3,1,07/12/2016,07/12/2016,1,9,0,18,,0,0,0,0,0,,,6,Female,27,26 - 35,1461,2,0,-1,-1,,1,1,1,2,27,6,3,0,0,0,0,0,9,-1,-1,2016.0,010006929,E09000016,0.0,9.0,2.0,2016.0,010006929,9.0,9.0,0.0,2.0,9.0,-1,2016.0,010006929,2016,7,1,2
127153,2016010006957,506230.0,180910.0,-0.470399,51.517081,1,Slight,2,2,2016-03-12,Saturday,18:15,Hillingdon,E09000017,3,408,6,40.0,3,4,6,0,,,1,1,1,0,0,1,3,E01002552,3,1,03/12/2016,03/12/2016,1,9,9,18,,1,0,0,0,0,,,6,Male,32,26 - 35,1339,8,6,-1,-1,,1,1,1,1,32,6,3,0,0,0,0,0,9,-1,-1,2016.0,010006957,E09000017,0.0,0.0,2.0,2016.0,010006957,5.0,1.0,0.0,2.0,9.0,-1,2016.0,010006957,2016,3,2,18
127159,2016010006966,536740.0,187420.0,-0.028403,51.569026,1,Slight,2,1,2016-12-14,Wednesday,18:00,Waltham Forest,E09000031,3,104,6,30.0,3,4,6,0,,,1,1,2,0,0,1,1,E01004427,3,1,14/12/2016,14/12/2016,1,9,0,18,,2,0,0,7,0,,,6,Male,34,26 - 35,1596,1,12,2,1,,2,1,1,2,24,5,3,0,0,0,0,0,1,1,2,2016.0,010006966,E09000031,0.0,0.0,2.0,2016.0,010006966,2.0,6.0,0.0,1.0,1.0,-1,2016.0,010006966,2016,12,1,18
127164,2016010006972,527350.0,182250.0,-0.165683,51.524761,1,Slight,2,1,2016-12-14,Wednesday,19:30,Westminster,E09000033,5,0,6,30.0,6,4,6,0,,,4,1,1,0,0,1,1,E01004659,3,1,14/12/2016,14/12/2016,1,4,0,18,,1,0,0,0,0,,,1,Male,29,26 - 35,108,1,1,3,1,,1,1,1,1,29,6,3,0,0,0,0,0,4,1,3,2016.0,010006972,E09000033,0.0,8.0,2.0,2016.0,010006972,7.0,3.0,0.0,1.0,1.0,-1,2016.0,010006972,2016,12,1,19
127166,2016010006974,532180.0,165150.0,-0.102482,51.369978,1,Slight,2,1,2016-12-14,Wednesday,18:36,Croydon,E09000008,3,232,3,40.0,0,-1,-1,-1,,,4,1,1,0,0,1,1,E01001042,3,1,14/12/2016,14/12/2016,1,9,0,11,,0,0,0,0,0,,,6,Male,22,21 - 25,1390,1,3,7,1,,1,1,1,1,22,5,3,0,0,0,0,0,9,1,7,2016.0,010006974,E09000008,0.0,0.0,2.0,2016.0,010006974,6.0,2.0,0.0,4.0,1.0,-1,2016.0,010006974,2016,12,1,18
127171,2016010006979,512640.0,180410.0,-0.378215,51.511346,1,Slight,1,1,2016-12-13,Tuesday,18:55,Ealing,E09000009,3,4020,6,20.0,0,-1,-1,-1,,,4,1,1,0,0,1,1,E01001361,3,1,13/12/2016,13/12/2016,1,9,0,18,,0,0,0,0,0,,,6,Female,28,26 - 35,-1,-1,-1,-1,-1,,1,1,3,2,18,4,3,5,1,0,0,2,0,1,3,2016.0,010006979,E09000009,0.0,8.0,2.0,2016.0,010006979,7.0,3.0,0.0,1.0,1.0,-1,2016.0,010006979,2016,12,1,18
127178,2016010006992,530140.0,172000.0,-0.129262,51.43201,1,Serious,2,1,2016-12-13,Tuesday,20:05,Lambeth,E09000022,3,23,3,30.0,6,2,6,0,,,4,1,1,0,0,1,1,E01003118,2,2,13/12/2016,13/12/2016,1,9,0,9,,8,0,0,0,0,,,6,Female,28,26 - 35,2143,2,5,5,1,,1,1,1,2,28,6,2,0,0,0,0,0,9,1,5,2016.0,010006992,E09000022,0.0,5.0,2.0,2016.0,010006992,1.0,5.0,0.0,4.0,1.0,-1,2016.0,010006992,2016,12,2,20
127179,2016010006995,543800.0,178480.0,0.069748,51.486939,1,Slight,2,2,2016-12-13,Tuesday,19:42,Greenwich,E09000011,5,0,6,30.0,2,4,6,0,,,4,1,2,0,0,1,1,E01001697,3,1,13/12/2016,13/12/2016,1,90,0,18,,8,0,0,0,0,,,6,Male,33,26 - 35,-1,-1,-1,4,1,,1,1,1,1,33,6,3,0,0,0,0,0,90,1,4,2016.0,010006995,E09000011,0.0,0.0,2.0,2016.0,010006995,7.0,3.0,0.0,1.0,1.0,-1,2016.0,010006995,2016,12,2,19
127181,2016010006998,504900.0,175560.0,-0.491149,51.46924,1,Slight,2,1,2016-12-15,Thursday,05:15,London Airport (Heathrow),EHEATHROW,6,0,6,30.0,3,2,6,0,,,4,1,2,0,0,1,1,E01002444,3,1,15/12/2016,15/12/2016,1,3,0,18,,8,5,0,0,0,,,2,Male,25,21 - 25,124,1,3,8,1,,1,1,1,1,25,5,3,0,0,0,0,0,3,1,8,2016.0,010006998,EHEATHROW,0.0,0.0,2.0,2016.0,010006998,5.0,1.0,0.0,1.0,1.0,-1,2016.0,010006998,2016,12,1,5
127198,2016010007057,530690.0,183040.0,-0.117272,51.531098,1,Slight,2,1,2016-06-12,Sunday,23:55,Islington,E09000019,3,501,6,30.0,3,4,6,0,,,7,1,1,0,0,1,3,E01002711,3,1,06/12/2016,06/12/2016,1,9,0,18,,8,0,0,0,0,,,6,Male,23,21 - 25,1796,1,14,2,1,,1,1,1,1,23,5,3,0,0,0,0,0,9,1,2,2016.0,010007057,E09000019,0.0,0.0,2.0,2016.0,010007057,6.0,2.0,0.0,3.0,1.0,-1,2016.0,010007057,2016,6,1,23
127236,2016010007155,532760.0,182900.0,-0.0875,51.529357,1,Slight,2,1,2016-12-15,Thursday,19:28,Hackney,E09000012,3,1200,2,30.0,7,4,3,1200,,,4,1,1,0,0,1,1,E01033709,3,1,15/12/2016,15/12/2016,1,9,0,4,,8,0,0,0,0,,,6,Male,25,21 - 25,2143,2,0,2,1,,2,1,1,1,43,7,3,0,0,0,0,0,1,1,3,2016.0,010007155,E09000012,0.0,0.0,2.0,2016.0,010007155,7.0,3.0,0.0,1.0,1.0,-1,2016.0,010007155,2016,12,1,19
127239,2016010007159,520180.0,184470.0,-0.268228,51.546283,1,Serious,2,1,2016-12-15,Thursday,18:55,Brent,E09000005,3,406,3,40.0,0,-1,-1,-1,,,4,1,1,0,0,1,1,E01000604,2,2,15/12/2016,15/12/2016,1,9,0,11,,0,0,0,0,0,,,6,Male,22,21 - 25,1390,1,7,3,1,,2,1,1,1,23,5,2,0,0,0,0,0,4,1,3,2016.0,010007159,E09000005,0.0,0.0,2.0,2016.0,010007159,3.0,7.0,0.0,4.0,1.0,-1,2016.0,010007159,2016,12,2,18
127240,2016010007160,530760.0,172770.0,-0.120064,51.438787,1,Slight,2,1,2016-12-12,Monday,18:00,Lambeth,E09000022,6,0,6,20.0,6,4,6,0,,,7,1,1,0,0,1,1,E01003130,3,1,12/12/2016,12/12/2016,1,3,0,18,,1,0,0,0,0,,,6,Male,27,26 - 35,-1,-1,-1,3,1,,1,1,1,1,27,6,3,0,0,0,0,0,3,1,3,2016.0,010007160,E09000022,0.0,0.0,2.0,2016.0,010007160,6.0,2.0,0.0,1.0,1.0,-1,2016.0,010007160,2016,12,1,18
127241,2016010007161,548050.0,187460.0,0.134687,51.566531,1,Slight,2,1,2016-12-15,Thursday,00:03,Barking and Dagenham,E09000002,5,0,3,30.0,0,-1,-1,-1,,,4,1,1,0,0,1,1,E01000099,3,1,15/12/2016,15/12/2016,1,9,0,18,,0,0,10,1,10,,,6,Male,32,26 - 35,1968,2,4,4,1,,1,1,1,1,32,6,3,0,0,0,0,0,9,1,4,2016.0,010007161,E09000002,0.0,0.0,2.0,2016.0,010007161,7.0,3.0,0.0,3.0,1.0,-1,2016.0,010007161,2016,12,1,0
127242,2016010007162,546700.0,175910.0,0.11042,51.463101,1,Slight,1,1,2016-12-15,Thursday,18:09,Bexley,E09000004,6,0,2,30.0,9,4,6,0,,,4,1,1,0,0,1,1,E01000392,3,1,15/12/2016,15/12/2016,1,9,0,9,,2,0,0,0,0,,,1,Male,33,26 - 35,998,1,12,4,1,,1,1,3,1,60,9,3,5,1,0,0,2,0,1,8,2016.0,010007162,E09000004,0.0,0.0,2.0,2016.0,010007162,7.0,4.0,0.0,4.0,1.0,-1,2016.0,010007162,2016,12,1,18
127246,2016010007166,551680.0,188520.0,0.187479,51.575091,1,Slight,2,1,2016-12-14,Wednesday,19:50,Havering,E09000016,5,0,3,30.0,6,2,5,0,,,4,1,2,0,0,1,1,E01002358,3,1,14/12/2016,14/12/2016,1,8,0,18,,8,0,0,0,0,,,6,Female,32,26 - 35,1598,2,5,6,1,,1,1,1,2,32,6,3,0,0,0,0,0,8,1,6,2016.0,010007166,E09000016,0.0,5.0,2.0,2016.0,010007166,1.0,5.0,0.0,1.0,1.0,-1,2016.0,010007166,2016,12,1,19
127249,2016010007169,521020.0,189330.0,-0.254447,51.589782,1,Serious,2,1,2016-12-15,Thursday,20:45,Barnet,E09000003,3,5,6,30.0,3,4,5,0,,,4,8,1,0,0,1,1,E01000516,2,2,15/12/2016,15/12/2016,1,3,0,18,,8,5,0,0,0,,,6,Male,24,21 - 25,125,1,7,6,1,,1,1,1,1,24,5,2,0,0,0,0,0,3,1,6,2016.0,010007169,E09000003,0.0,0.0,2.0,2016.0,010007169,5.0,1.0,0.0,1.0,1.0,-1,2016.0,010007169,2016,12,2,20
127259,2016010007185,524580.0,187770.0,-0.203637,51.574987,1,Slight,1,1,2016-12-15,Thursday,23:14,Barnet,E09000003,6,0,6,30.0,3,4,3,502,,,4,1,2,0,0,1,1,E01000145,3,1,15/12/2016,15/12/2016,1,9,0,18,,2,0,0,0,0,,,6,Female,20,16 - 20,1396,1,13,7,1,,1,1,3,1,49,8,3,5,1,0,0,2,0,1,5,2016.0,010007185,E09000003,0.0,0.0,2.0,2016.0,010007185,1.0,5.0,0.0,1.0,1.0,-1,2016.0,010007185,2016,12,1,23
127261,2016010007187,519190.0,182280.0,-0.283239,51.52681,1,Serious,1,1,2016-12-16,Friday,00:45,Ealing,E09000009,3,40,3,40.0,5,4,6,0,,,4,1,1,0,0,1,1,E01001247,2,2,16/12/2016,16/12/2016,1,3,0,18,,2,0,0,0,0,,,6,Male,28,26 - 35,125,1,0,1,1,,1,1,1,1,28,6,2,0,0,0,0,0,3,1,1,2016.0,010007187,E09000009,0.0,0.0,2.0,2016.0,010007187,3.0,7.0,0.0,4.0,1.0,-1,2016.0,010007187,2016,12,2,0
127262,2016010007188,527910.0,179040.0,-0.158779,51.495786,1,Slight,2,1,2016-12-16,Friday,03:10,Kensington and Chelsea,E09000020,3,3216,6,30.0,0,-1,-1,-1,,,4,1,1,0,0,1,1,E01002863,3,1,16/12/2016,16/12/2016,1,9,0,13,,0,1,0,0,0,,,6,Male,26,26 - 35,2979,1,2,4,1,,1,1,2,1,26,6,3,0,0,1,0,0,9,1,4,2016.0,010007188,E09000020,0.0,0.0,2.0,2016.0,010007188,1.0,5.0,0.0,1.0,1.0,-1,2016.0,010007188,2016,12,1,3
127274,2016010007223,534550.0,185190.0,-0.060835,51.549513,1,Slight,2,1,2016-11-12,Saturday,18:16,Hackney,E09000012,5,0,6,30.0,3,4,6,0,,,4,1,1,0,0,1,3,E01001758,3,1,11/12/2016,11/12/2016,1,3,0,99,,8,0,0,0,0,,,6,Male,22,21 - 25,125,1,6,4,1,,1,1,1,1,22,5,3,0,0,0,0,0,3,1,4,2016.0,010007223,E09000012,0.0,0.0,2.0,2016.0,010007223,3.0,1.0,0.0,1.0,1.0,-1,2016.0,010007223,2016,11,1,18
127326,2016010007348,525820.0,182200.0,-0.187743,51.524654,1,Slight,2,1,2016-12-16,Friday,18:36,Westminster,E09000033,6,0,2,30.0,9,4,6,0,,,4,1,1,0,0,1,1,E01033608,3,1,16/12/2016,16/12/2016,1,9,0,4,,2,0,0,0,0,,,6,Male,31,26 - 35,5439,1,10,7,3,,2,1,1,1,36,7,3,0,0,0,0,0,3,1,5,2016.0,010007348,E09000033,0.0,0.0,2.0,2016.0,010007348,3.0,7.0,0.0,3.0,1.0,-1,2016.0,010007348,2016,12,1,18
127333,2016010007358,528230.0,189640.0,-0.150312,51.590975,1,Slight,3,1,2016-12-16,Friday,18:15,Haringey,E09000014,3,504,7,20.0,9,4,6,0,,,4,1,1,0,0,1,1,E01001991,3,1,16/12/2016,16/12/2016,1,3,0,18,,2,0,0,0,0,,,2,Male,24,21 - 25,124,1,2,2,1,,1,1,1,1,24,5,3,0,0,0,0,0,3,1,2,2016.0,010007358,E09000014,0.0,0.0,2.0,2016.0,010007358,7.0,3.0,0.0,3.0,1.0,-1,2016.0,010007358,2016,12,1,18
127334,2016010007359,531240.0,178920.0,-0.11088,51.493945,1,Slight,2,1,2016-12-16,Friday,18:45,Lambeth,E09000022,3,23,6,20.0,3,4,6,0,,,4,1,1,0,0,1,1,E01003015,3,1,16/12/2016,16/12/2016,1,9,0,10,,5,0,10,0,0,,,1,Male,29,26 - 35,1242,1,0,2,1,,2,1,1,1,32,6,3,0,0,0,0,0,1,1,3,2016.0,010007359,E09000022,0.0,0.0,2.0,2016.0,010007359,5.0,2.0,0.0,0.0,1.0,-1,2016.0,010007359,2016,12,1,18
127342,2016010007369,532400.0,183560.0,-0.092438,51.535373,1,Slight,2,1,2016-12-16,Friday,18:26,Islington,E09000019,6,0,6,20.0,6,4,6,0,,,4,1,1,0,0,1,1,E01002798,3,1,16/12/2016,16/12/2016,1,3,0,18,,8,0,0,0,0,,,6,Male,23,21 - 25,125,1,7,1,1,,1,1,1,1,23,5,3,0,0,0,0,0,3,1,1,2016.0,010007369,E09000019,0.0,0.0,2.0,2016.0,010007369,3.0,7.0,0.0,2.0,1.0,-1,2016.0,010007369,2016,12,1,18
127343,2016010007371,531510.0,185770.0,-0.104438,51.555441,1,Slight,2,1,2016-12-16,Friday,19:45,Islington,E09000019,5,0,3,20.0,3,4,6,0,,,4,8,1,0,0,1,1,E01033494,3,1,16/12/2016,16/12/2016,1,3,0,18,,2,0,0,0,0,,,6,Male,25,21 - 25,125,1,9,1,1,,1,1,1,1,25,5,3,0,0,0,0,0,3,1,1,2016.0,010007371,E09000019,0.0,0.0,2.0,2016.0,010007371,7.0,3.0,0.0,1.0,1.0,-1,2016.0,010007371,2016,12,1,19
127346,2016010007374,521410.0,178540.0,-0.252539,51.492725,1,Slight,2,1,2016-12-16,Friday,18:20,Hounslow,E09000018,3,315,6,30.0,3,4,6,0,,,4,1,1,0,0,1,1,E01002570,3,1,16/12/2016,16/12/2016,1,9,0,9,,1,0,0,0,0,,,1,Male,21,21 - 25,-1,-1,-1,9,1,,2,1,1,1,19,4,3,0,0,0,0,0,3,1,3,2016.0,010007374,E09000018,0.0,0.0,2.0,2016.0,010007374,1.0,2.0,0.0,3.0,1.0,-1,2016.0,010007374,2016,12,1,18
127347,2016010007375,545100.0,174750.0,0.086928,51.45309,1,Slight,2,2,2016-12-16,Friday,18:53,Bexley,E09000004,6,0,6,30.0,0,-1,-1,-1,,,4,1,1,0,0,1,1,E01000340,3,1,16/12/2016,16/12/2016,1,9,0,6,,0,5,0,7,4,,,6,Female,22,21 - 25,1299,1,12,8,1,,1,1,1,2,22,5,3,0,0,0,0,0,9,1,8,2016.0,010007375,E09000004,0.0,0.0,2.0,2016.0,010007375,1.0,3.0,0.0,1.0,1.0,-1,2016.0,010007375,2016,12,2,18
127348,2016010007376,534550.0,183270.0,-0.061569,51.532259,1,Slight,1,1,2016-12-16,Friday,20:25,Tower Hamlets,E09000030,5,0,6,30.0,6,4,6,0,,,4,1,1,0,0,1,1,E01004202,3,1,16/12/2016,16/12/2016,1,9,0,18,,5,0,0,0,0,,,6,Male,33,26 - 35,1997,2,1,2,1,,1,1,3,1,24,5,3,5,1,0,0,2,0,1,2,2016.0,010007376,E09000030,0.0,0.0,2.0,2016.0,010007376,3.0,1.0,0.0,1.0,1.0,-1,2016.0,010007376,2016,12,1,20
127356,2016010007386,517450.0,177320.0,-0.30996,51.482595,1,Slight,2,1,2016-12-16,Friday,18:44,Hounslow,E09000018,3,315,6,30.0,0,-1,-1,-1,,,4,1,1,0,0,1,1,E01002684,3,1,16/12/2016,16/12/2016,1,90,0,3,,0,0,0,0,0,,,6,Male,20,16 - 20,-1,-1,-1,4,1,,1,1,1,1,20,4,3,0,0,0,0,0,90,1,4,2016.0,010007386,E09000018,0.0,0.0,2.0,2016.0,010007386,0.0,0.0,0.0,0.0,1.0,-1,2016.0,010007386,2016,12,1,18
127357,2016010007387,521620.0,185710.0,-0.247042,51.557119,1,Slight,2,1,2016-12-16,Friday,18:45,Brent,E09000005,3,4088,6,30.0,0,-1,-1,-1,,,4,1,1,0,0,1,1,E01000511,3,1,16/12/2016,16/12/2016,1,9,0,5,,0,0,0,0,0,,,6,Male,22,21 - 25,1998,1,11,4,1,,2,1,1,1,49,8,3,0,0,0,0,0,9,1,3,2016.0,010007387,E09000005,0.0,0.0,2.0,2016.0,010007387,1.0,5.0,0.0,1.0,1.0,-1,2016.0,010007387,2016,12,1,18
127362,2016010007393,536660.0,181960.0,-0.031675,51.51998,1,Slight,2,2,2016-12-16,Friday,21:25,Tower Hamlets,E09000030,3,1205,6,20.0,9,4,6,0,,,4,1,1,0,0,1,1,E01004270,3,1,16/12/2016,16/12/2016,1,9,0,18,,1,0,4,0,0,,,6,Male,33,26 - 35,1956,2,6,2,1,,2,1,1,1,25,5,3,0,0,0,0,0,9,1,2,2016.0,010007393,E09000030,0.0,0.0,2.0,2016.0,010007393,8.0,4.0,0.0,1.0,1.0,-1,2016.0,010007393,2016,12,2,21
127363,2016010007394,546130.0,171810.0,0.100529,51.426407,1,Slight,2,1,2016-12-16,Friday,19:45,Bexley,E09000004,3,222,6,30.0,6,2,3,211,,,4,1,1,0,0,1,1,E01000428,3,1,16/12/2016,16/12/2016,1,9,0,9,,8,0,0,0,0,,,6,Male,17,16 - 20,1229,1,3,9,1,,1,1,2,1,18,4,3,0,0,1,0,0,9,1,7,2016.0,010007394,E09000004,0.0,5.0,2.0,2016.0,010007394,5.0,3.0,0.0,4.0,1.0,-1,2016.0,010007394,2016,12,1,19
127365,2016010007397,527170.0,165100.0,-0.174435,51.370672,1,Slight,4,1,2016-12-16,Friday,23:15,Sutton,E09000029,6,0,6,30.0,0,-1,-1,-1,,,4,1,1,0,0,1,1,E01004101,3,1,16/12/2016,16/12/2016,1,9,0,18,,0,0,4,0,0,,,6,Male,20,16 - 20,1995,2,3,10,1,,1,1,1,1,20,4,3,0,0,0,0,0,9,1,10,2016.0,010007397,E09000029,0.0,0.0,2.0,2016.0,010007397,5.0,7.0,0.0,4.0,1.0,-1,2016.0,010007397,2016,12,1,23
127367,2016010007399,518410.0,192540.0,-0.291022,51.619186,1,Slight,2,1,2016-12-16,Friday,22:45,Harrow,E09000015,5,0,6,30.0,0,-1,-1,-1,,,4,1,1,0,0,1,1,E01002112,3,1,16/12/2016,16/12/2016,1,3,0,18,,0,0,0,0,0,,,1,Male,20,16 - 20,108,1,1,3,1,,1,1,1,1,20,4,3,0,0,0,0,0,3,1,3,2016.0,010007399,E09000015,0.0,0.0,2.0,2016.0,010007399,2.0,8.0,0.0,1.0,1.0,-1,2016.0,010007399,2016,12,1,22
127382,2016010007476,540470.0,180180.0,0.022495,51.503051,1,Slight,1,1,2016-12-12,Monday,21:30,Newham,E09000025,3,1011,6,30.0,0,-1,-1,-1,,,7,9,-1,9,0,1,3,E01033577,3,1,12/12/2016,12/12/2016,1,9,0,18,,0,0,0,0,0,,,6,Male,29,26 - 35,1968,2,1,-1,-1,,1,1,3,2,74,10,3,1,9,0,0,2,0,1,5,2016.0,010007476,E09000025,0.0,4.0,2.0,2016.0,010007476,9.0,9.0,0.0,4.0,1.0,-1,2016.0,010007476,2016,12,1,21
127395,2016010007496,529270.0,184930.0,-0.137039,51.54841,1,Slight,3,1,2016-12-16,Friday,22:00,Camden,E09000007,6,0,2,20.0,0,-1,-1,-1,,,4,1,1,0,0,1,1,E01000870,3,1,16/12/2016,16/12/2016,1,9,0,18,,0,5,0,0,0,,,6,Female,32,26 - 35,1598,2,1,4,1,,1,1,1,2,32,6,3,0,0,0,0,0,9,1,4,2016.0,010007496,E09000007,0.0,0.0,2.0,2016.0,010007496,3.0,7.0,0.0,1.0,1.0,-1,2016.0,010007496,2016,12,1,22
127406,2016010007510,510390.0,182950.0,-0.40983,51.53462,1,Slight,2,1,2016-12-16,Friday,19:27,Ealing,E09000009,5,0,6,30.0,3,4,6,0,,,4,1,1,0,0,1,1,E01001325,3,1,16/12/2016,16/12/2016,1,9,0,3,,2,0,0,0,0,,,6,Female,31,26 - 35,998,1,0,1,1,,1,1,1,2,31,6,3,0,0,0,0,0,9,1,1,2016.0,010007510,E09000009,0.0,0.0,2.0,2016.0,010007510,5.0,1.0,0.0,2.0,1.0,-1,2016.0,010007510,2016,12,1,19
127412,2016010007516,534490.0,187180.0,-0.06094,51.56741,1,Slight,2,1,2016-12-17,Saturday,20:44,Hackney,E09000012,3,107,3,30.0,3,4,6,0,,,4,1,1,0,0,1,1,E01001728,3,1,17/12/2016,17/12/2016,1,3,0,13,,6,0,0,0,0,,,1,Male,29,26 - 35,-1,-1,-1,-1,-1,,1,1,1,1,29,6,3,0,0,0,0,0,3,-1,-1,2016.0,010007516,E09000012,0.0,0.0,2.0,2016.0,010007516,5.0,1.0,0.0,4.0,1.0,-1,2016.0,010007516,2016,12,1,20
127418,2016010007526,518630.0,180450.0,-0.291923,51.510481,1,Slight,2,1,2016-12-16,Friday,20:12,Ealing,E09000009,3,406,6,30.0,0,-1,-1,-1,,,4,1,2,0,0,1,1,E01001234,3,1,16/12/2016,16/12/2016,1,3,0,18,,0,1,0,0,0,,,6,Male,24,21 - 25,599,1,17,3,1,,1,1,1,1,24,5,3,0,0,0,0,0,3,1,3,2016.0,010007526,E09000009,0.0,0.0,2.0,2016.0,010007526,1.0,5.0,0.0,2.0,1.0,-1,2016.0,010007526,2016,12,1,20
127421,2016010007530,533370.0,189580.0,-0.076179,51.589243,1,Slight,1,1,2016-12-17,Saturday,22:40,Haringey,E09000014,4,153,6,20.0,3,-1,6,0,,,4,1,1,0,0,1,3,E01002069,3,1,17/12/2016,17/12/2016,1,9,0,5,,1,0,0,0,0,,,6,Female,27,26 - 35,1598,1,8,1,1,,1,1,2,2,32,6,3,0,0,2,0,0,9,1,3,2016.0,010007530,E09000014,0.0,0.0,2.0,2016.0,010007530,3.0,7.0,0.0,4.0,1.0,-1,2016.0,010007530,2016,12,1,22
127422,2016010007531,530960.0,185430.0,-0.112493,51.552514,1,Slight,2,1,2016-12-17,Saturday,21:51,Islington,E09000019,3,1,3,30.0,6,2,3,1,,,4,1,1,0,0,1,1,E01033488,3,1,17/12/2016,17/12/2016,1,9,0,7,,5,0,0,0,0,,,1,Male,35,26 - 35,1797,8,7,5,1,,2,1,1,2,28,6,3,0,0,0,0,0,1,1,1,2016.0,010007531,E09000019,0.0,5.0,2.0,2016.0,010007531,3.0,1.0,0.0,3.0,1.0,-1,2016.0,010007531,2016,12,1,21
127424,2016010007535,519790.0,180230.0,-0.27529,51.508259,1,Slight,1,1,2016-12-18,Sunday,02:21,Ealing,E09000009,3,4020,6,30.0,0,-1,-1,-1,,,4,1,1,0,0,1,1,E01001351,3,1,18/12/2016,18/12/2016,1,8,0,18,,0,0,0,0,0,,,1,Male,23,21 - 25,1797,8,7,1,1,,1,1,3,1,21,5,3,4,1,0,0,2,0,1,4,2016.0,010007535,E09000009,0.0,4.0,2.0,2016.0,010007535,6.0,3.0,0.0,1.0,1.0,-1,2016.0,010007535,2016,12,1,2