,accident_index,location_easting_osgr,location_northing_osgr,longitude,latitude,police_force,accident_severity,number_of_vehicles,number_of_casualties,date,day_of_week,time,local_authority_district,local_authority_highway,first_road_class,first_road_number,road_type,speed_limit,junction_detail,junction_control,second_road_class,second_road_number,pedestrian_crossing-human_control,pedestrian_crossing-physical_facilities,light_conditions,weather_conditions,road_surface_conditions,special_conditions_at_site,carriageway_hazards,urban_or_rural_area,did_police_officer_attend_scene_of_accident,lsoa_of_accident_location,accident_severity_num,accident_severity_inv,date2,date_original,vehicle_reference_x,vehicle_type,towing_and_articulation,vehicle_manoeuvre,vehicle_location-restricted_lane,junction_location,skidding_and_overturning,hit_object_in_carriageway,vehicle_leaving_carriageway,hit_object_off_carriageway,1st_point_of_impact,was_vehicle_left_hand_drive?,journey_purpose_of_driver,sex_of_driver,age_of_driver,age_band_of_driver,engine_capacity_cc,propulsion_code,age_of_vehicle,driver_imd_decile,driver_home_area_type,vehicle_imd_decile,vehicle_reference_y,casualty_reference,casualty_class,sex_of_casualty,age_of_casualty,age_band_of_casualty,casualty_severity,pedestrian_location,pedestrian_movement,car_passenger,bus_or_coach_passenger,pedestrian_road_maintenance_worker,casualty_type,casualty_home_area_type,casualty_imd_decile,accident_year_x,accident_reference_x,local_authority_ons_district,pedestrian_crossing_human_control,pedestrian_crossing_physical_facilities,trunk_road_flag,accident_year_y,accident_reference_y,vehicle_direction_from,vehicle_direction_to,vehicle_location_restricted_lane,first_point_of_impact,vehicle_left_hand_drive,generic_make_model,accident_year,accident_reference,year,month,severity,hours
127425,2016010007536,534720.0,183860.0,-0.058894,51.53752,1,Slight,1,1,2016-12-17,Saturday,23:35,Hackney,E09000012,5,0,6,30.0,3,4,6,0,,,4,1,1,0,0,1,1,E01033712,3,1,17/12/2016,17/12/2016,1,9,0,1,,8,0,0,0,0,,,6,Female,22,21 - 25,-1,-1,-1,2,1,,1,1,3,2,30,6,3,4,1,0,0,2,0,1,7,2016.0,010007536,E09000012,0.0,1.0,2.0,2016.0,010007536,3.0,7.0,0.0,2.0,1.0,-1,2016.0,010007536,2016,12,1,23
127428,2016010007541,531510.0,167100.0,-0.111381,51.387658,1,Slight,2,1,2016-12-17,Saturday,21:53,Croydon,E09000008,3,235,6,30.0,3,4,6,0,,,4,1,1,0,0,1,1,E01001181,3,1,17/12/2016,17/12/2016,1,9,0,9,,5,0,0,0,0,,,6,Male,21,21 - 25,1390,1,5,3,1,,2,1,1,1,59,9,3,0,0,0,0,0,5,1,5,2016.0,010007541,E09000008,0.0,0.0,2.0,2016.0,010007541,5.0,3.0,0.0,3.0,1.0,-1,2016.0,010007541,2016,12,1,21
127430,2016010007543,536940.0,181230.0,-0.027926,51.513353,1,Slight,1,1,2016-12-18,Sunday,02:25,Tower Hamlets,E09000030,3,1205,6,30.0,3,4,6,0,,,4,1,1,0,0,1,1,E01004252,3,1,18/12/2016,18/12/2016,1,3,0,18,,2,0,7,0,0,,,1,Male,35,26 - 35,108,1,1,-1,-1,,1,1,1,1,35,6,3,0,0,0,0,0,3,-1,-1,2016.0,010007543,E09000030,0.0,4.0,2.0,2016.0,010007543,5.0,1.0,0.0,1.0,1.0,-1,2016.0,010007543,2016,12,1,2
127431,2016010007544,546440.0,179040.0,0.107977,51.491294,1,Slight,1,1,2016-12-18,Sunday,03:00,Greenwich,E09000011,6,0,6,30.0,0,-1,-1,-1,,,4,1,1,0,0,1,1,E01001579,3,1,18/12/2016,18/12/2016,1,9,0,18,,0,0,7,0,0,,,6,Male,34,26 - 35,2400,2,0,2,1,,1,1,1,1,34,6,3,0,0,0,0,0,9,1,2,2016.0,010007544,E09000011,0.0,4.0,2.0,2016.0,010007544,5.0,1.0,0.0,1.0,1.0,-1,2016.0,010007544,2016,12,1,3
127432,2016010007546,538560.0,177760.0,-0.005956,51.481776,1,Serious,1,1,2016-12-18,Sunday,00:19,Greenwich,E09000011,3,206,6,30.0,0,-1,-1,-1,,,4,8,1,0,0,1,1,E01001641,2,2,18/12/2016,18/12/2016,1,5,0,18,,0,1,10,0,0,,,6,Male,30,26 - 35,-1,-1,-1,6,1,,1,1,1,1,30,6,2,0,0,0,0,0,5,1,6,2016.0,010007546,E09000011,0.0,4.0,2.0,2016.0,010007546,7.0,7.0,2.0,1.0,1.0,-1,2016.0,010007546,2016,12,2,0
127433,2016010007548,543590.0,172080.0,0.064129,51.429482,1,Slight,2,1,2016-12-17,Saturday,23:37,Greenwich,E09000011,4,263,6,30.0,3,4,6,0,,,4,7,2,0,0,1,1,E01001596,3,1,17/12/2016,17/12/2016,1,9,0,9,,1,0,0,0,0,,,6,Female,18,16 - 20,998,1,10,6,1,,2,1,1,1,17,4,3,0,0,0,0,0,3,1,3,2016.0,010007548,E09000011,0.0,4.0,2.0,2016.0,010007548,5.0,3.0,0.0,1.0,1.0,-1,2016.0,010007548,2016,12,1,23
127437,2016010007553,532350.0,191470.0,-0.090182,51.606468,1,Slight,5,1,2016-12-18,Sunday,05:26,Haringey,E09000014,5,0,6,30.0,3,4,6,0,,,4,9,1,0,0,1,1,E01002093,3,1,18/12/2016,18/12/2016,1,9,0,14,,2,5,4,0,0,,,6,Female,34,26 - 35,2993,2,7,1,1,,1,1,1,2,34,6,3,0,0,0,0,0,9,1,1,2016.0,010007553,E09000014,0.0,0.0,2.0,2016.0,010007553,3.0,1.0,0.0,1.0,1.0,-1,2016.0,010007553,2016,12,1,5
127443,2016010007564,537390.0,188960.0,-0.018428,51.582707,1,Slight,2,1,2016-08-12,Friday,21:10,Waltham Forest,E09000031,3,112,2,30.0,9,4,6,0,,,4,1,1,4,0,1,1,E01004411,3,1,08/12/2016,08/12/2016,1,9,0,17,,1,0,0,0,0,,,6,Male,33,26 - 35,1390,1,12,6,1,,1,1,2,2,30,6,3,0,0,1,0,0,9,1,6,2016.0,010007564,E09000031,0.0,0.0,2.0,2016.0,010007564,1.0,5.0,0.0,1.0,1.0,-1,2016.0,010007564,2016,8,1,21
127444,2016010007565,539310.0,179190.0,0.005402,51.494442,1,Slight,2,1,2016-12-17,Saturday,21:30,Greenwich,E09000011,3,102,3,30.0,0,-1,-1,-1,,,4,7,1,0,0,1,1,E01001667,3,1,17/12/2016,17/12/2016,1,9,0,4,,0,0,0,0,0,,,6,Male,29,26 - 35,1598,1,1,5,1,,2,1,1,1,44,7,3,0,0,0,0,0,9,1,5,2016.0,010007565,E09000011,0.0,7.0,2.0,2016.0,010007565,1.0,5.0,0.0,2.0,1.0,-1,2016.0,010007565,2016,12,1,21
127459,2016010007586,526220.0,182580.0,-0.181844,51.52798,1,Slight,2,1,2016-12-18,Sunday,19:20,Westminster,E09000033,3,5,6,30.0,8,4,5,0,,,4,1,1,0,0,1,1,E01004701,3,1,18/12/2016,18/12/2016,1,3,0,18,,1,0,0,0,0,,,1,Male,23,21 - 25,108,1,7,1,1,,1,1,1,1,23,5,3,0,0,0,0,0,3,1,1,2016.0,010007586,E09000033,0.0,0.0,2.0,2016.0,010007586,7.0,3.0,0.0,1.0,1.0,-1,2016.0,010007586,2016,12,1,19
127460,2016010007587,550630.0,189750.0,0.172865,51.586424,1,Slight,2,2,2016-12-18,Sunday,18:32,Havering,E09000016,3,12,3,30.0,6,2,3,125,,,4,1,1,0,0,1,1,E01002338,3,1,18/12/2016,18/12/2016,1,9,0,9,,8,0,0,0,0,,,6,Female,34,26 - 35,1598,1,11,7,1,,2,1,2,1,6,2,3,0,0,0,0,0,19,1,6,2016.0,010007587,E09000016,0.0,4.0,2.0,2016.0,010007587,1.0,6.0,0.0,1.0,1.0,-1,2016.0,010007587,2016,12,2,18
127464,2016010007591,525600.0,178860.0,-0.192102,51.494686,1,Slight,2,1,2016-12-18,Sunday,20:00,Kensington and Chelsea,E09000020,3,4,3,30.0,3,2,5,0,,,4,1,1,0,0,1,1,E01002850,3,1,18/12/2016,18/12/2016,1,3,0,9,,1,0,10,0,0,,,1,Male,25,21 - 25,-1,-1,-1,1,1,,1,1,1,1,25,5,3,0,0,0,0,0,3,1,1,2016.0,010007591,E09000020,0.0,5.0,2.0,2016.0,010007591,3.0,1.0,0.0,0.0,1.0,-1,2016.0,010007591,2016,12,1,20
127466,2016010007594,526060.0,179660.0,-0.185193,51.501773,1,Slight,2,1,2016-12-18,Sunday,19:50,Kensington and Chelsea,E09000020,3,315,6,30.0,9,4,6,0,,,4,1,1,0,0,1,1,E01002889,3,1,18/12/2016,18/12/2016,1,3,0,18,,1,0,0,0,0,,,6,Male,27,26 - 35,102,1,1,5,1,,1,1,1,1,27,6,3,0,0,0,0,0,3,1,5,2016.0,010007594,E09000020,0.0,0.0,2.0,2016.0,010007594,7.0,3.0,0.0,3.0,1.0,-1,2016.0,010007594,2016,12,1,19
127470,2016010007600,527670.0,165250.0,-0.167202,51.371908,1,Slight,2,1,2016-12-18,Sunday,19:11,Sutton,E09000029,5,0,2,30.0,3,4,5,0,,,4,1,1,0,0,1,1,E01004165,3,1,18/12/2016,18/12/2016,1,9,0,9,,7,0,0,0,0,,,6,Male,30,26 - 35,1390,1,10,2,1,,2,1,1,1,20,4,3,0,0,0,0,0,3,1,6,2016.0,010007600,E09000029,0.0,0.0,2.0,2016.0,010007600,2.0,6.0,0.0,2.0,1.0,-1,2016.0,010007600,2016,12,1,19
127479,2016010007613,531160.0,164050.0,-0.117533,51.360328,1,Slight,1,1,2016-12-19,Monday,01:43,Croydon,E09000008,3,23,6,30.0,3,2,6,0,,,4,1,2,0,0,1,1,E01001172,3,1,19/12/2016,19/12/2016,1,9,0,18,,2,0,0,1,0,,,6,Female,28,26 - 35,1598,1,13,8,1,,1,1,1,2,28,6,3,0,0,0,0,0,9,1,8,2016.0,010007613,E09000008,0.0,4.0,2.0,2016.0,010007613,1.0,5.0,9.0,1.0,1.0,-1,2016.0,010007613,2016,12,1,1
127480,2016010007614,511950.0,180520.0,-0.388119,51.512472,1,Slight,4,1,2016-12-19,Monday,01:09,Ealing,E09000009,6,0,6,30.0,0,-1,-1,-1,,,4,1,1,0,0,1,1,E01001363,3,1,19/12/2016,19/12/2016,1,9,0,18,,0,1,0,0,0,,,6,Male,26,26 - 35,1969,2,0,1,1,,1,1,2,1,21,5,3,0,0,1,0,0,9,1,7,2016.0,010007614,E09000009,0.0,0.0,2.0,2016.0,010007614,5.0,1.0,0.0,1.0,1.0,-1,2016.0,010007614,2016,12,1,1
127481,2016010007617,535610.0,173310.0,-0.050119,51.4425,1,Slight,2,1,2016-12-19,Monday,02:21,Lewisham,E09000023,6,0,6,20.0,3,4,6,0,,,4,1,1,0,2,1,1,E01003229,3,1,19/12/2016,19/12/2016,1,9,0,18,,1,0,11,0,0,,,6,Male,20,16 - 20,998,1,7,4,1,,1,1,2,2,21,5,3,0,0,1,0,0,9,1,2,2016.0,010007617,E09000023,0.0,0.0,2.0,2016.0,010007617,5.0,5.0,0.0,1.0,1.0,-1,2016.0,010007617,2016,12,1,2
127504,2016010007725,535340.0,186450.0,-0.048964,51.560647,1,Slight,2,1,2016-12-18,Sunday,19:20,Hackney,E09000012,3,104,6,20.0,3,2,5,0,,,4,1,1,0,0,1,1,E01001793,3,1,18/12/2016,18/12/2016,1,9,0,12,,1,0,0,0,0,,,6,Male,19,16 - 20,1595,2,6,3,1,,2,1,1,2,26,6,3,0,0,0,0,0,1,1,2,2016.0,010007725,E09000012,0.0,5.0,2.0,2016.0,010007725,7.0,3.0,0.0,3.0,1.0,-1,2016.0,010007725,2016,12,1,19
127506,2016010007735,527530.0,171410.0,-0.167,51.4273,1,Slight,1,1,2016-12-18,Sunday,21:06,Wandsworth,E09000032,3,217,6,30.0,7,4,6,0,,,4,1,2,0,0,1,1,E01004525,3,1,18/12/2016,18/12/2016,1,8,0,7,,5,0,0,7,0,,,1,Male,24,21 - 25,1797,8,5,3,1,,1,1,3,2,48,8,3,5,1,0,0,2,0,1,9,2016.0,010007735,E09000032,0.0,0.0,2.0,2016.0,010007735,3.0,7.0,0.0,1.0,1.0,-1,2016.0,010007735,2016,12,1,21
127532,2016010007796,518590.0,185270.0,-0.290877,51.553809,1,Slight,1,1,2016-12-19,Monday,19:40,Brent,E09000005,3,404,6,30.0,3,4,6,0,,,4,1,1,0,0,1,1,E01000635,3,1,19/12/2016,19/12/2016,1,3,0,14,,1,0,0,0,0,,,6,Male,22,21 - 25,124,1,0,7,1,,1,1,3,1,60,9,3,5,1,0,0,2,0,1,3,2016.0,010007796,E09000005,0.0,0.0,2.0,2016.0,010007796,3.0,7.0,0.0,1.0,1.0,-1,2016.0,010007796,2016,12,1,19
127535,2016010007799,526050.0,182180.0,-0.184437,51.524423,1,Slight,2,1,2016-12-18,Sunday,20:20,Westminster,E09000033,5,0,6,30.0,3,4,6,0,,,4,1,1,0,0,1,1,E01033600,3,1,18/12/2016,18/12/2016,1,3,0,15,,1,1,0,0,0,,,6,Male,22,21 - 25,125,1,1,7,1,,1,1,1,1,22,5,3,0,0,0,0,0,3,1,7,2016.0,010007799,E09000033,0.0,0.0,2.0,2016.0,010007799,1.0,5.0,0.0,1.0,1.0,-1,2016.0,010007799,2016,12,1,20
127536,2016010007800,548040.0,183550.0,0.132899,51.531401,1,Serious,2,1,2016-12-19,Monday,20:00,Barking and Dagenham,E09000002,3,13,3,50.0,0,-1,-1,-1,,,4,1,1,0,0,1,1,E01000095,2,2,19/12/2016,19/12/2016,1,9,0,18,,0,5,0,0,0,,,6,Male,19,16 - 20,698,1,12,3,1,,1,1,1,1,19,4,2,0,0,0,0,0,9,1,3,2016.0,010007800,E09000002,0.0,0.0,2.0,2016.0,010007800,7.0,3.0,0.0,3.0,1.0,-1,2016.0,010007800,2016,12,2,20
127544,2016010007810,511290.0,182810.0,-0.396903,51.533185,1,Slight,2,1,2016-12-19,Monday,22:05,Ealing,E09000009,4,312,6,30.0,3,2,5,0,,,4,1,1,0,0,1,1,E01001331,3,1,19/12/2016,19/12/2016,1,9,0,9,,1,0,0,0,0,,,6,Male,18,16 - 20,1398,1,6,3,1,,1,1,2,1,18,4,3,0,0,1,0,0,9,1,3,2016.0,010007810,E09000009,0.0,1.0,2.0,2016.0,010007810,1.0,5.0,0.0,4.0,1.0,-1,2016.0,010007810,2016,12,1,22
127545,2016010007815,532640.0,165340.0,-0.095807,51.371578,1,Slight,2,1,2016-12-20,Tuesday,22:15,Croydon,E09000008,3,232,1,30.0,1,4,5,0,,,4,1,1,0,0,1,1,E01001045,3,1,20/12/2016,20/12/2016,1,9,0,16,,1,0,0,0,0,,,6,Female,35,26 - 35,1229,1,5,6,1,,1,1,2,2,12,3,3,0,0,1,0,0,9,1,6,2016.0,010007815,E09000008,0.0,0.0,2.0,2016.0,010007815,2.0,3.0,0.0,1.0,1.0,-1,2016.0,010007815,2016,12,1,22
127547,2016010007818,532650.0,191350.0,-0.085897,51.605319,1,Slight,3,4,2016-12-19,Monday,23:35,Haringey,E09000014,3,10,3,40.0,6,2,5,0,,,4,1,1,0,0,1,1,E01002093,3,1,19/12/2016,19/12/2016,1,9,0,10,,1,0,0,0,0,,,6,Male,26,26 - 35,1798,8,0,2,1,,1,1,1,1,26,6,3,0,0,0,0,0,9,1,2,2016.0,010007818,E09000014,0.0,5.0,2.0,2016.0,010007818,1.0,7.0,0.0,2.0,1.0,-1,2016.0,010007818,2016,12,4,23
127555,2016010007853,532160.0,174640.0,-0.099235,51.455268,1,Slight,2,1,2016-12-13,Tuesday,18:30,Lambeth,E09000022,3,215,9,20.0,6,-1,6,0,,,4,2,-1,0,0,1,3,E01003072,3,1,13/12/2016,13/12/2016,1,9,0,99,,2,0,0,0,0,,,6,Female,24,21 - 25,-1,-1,-1,3,1,,1,1,1,2,24,5,3,0,0,0,0,0,9,1,3,2016.0,010007853,E09000022,0.0,1.0,2.0,2016.0,010007853,6.0,4.0,0.0,2.0,9.0,-1,2016.0,010007853,2016,12,1,18
127572,2016010007927,546070.0,178370.0,0.102374,51.485369,1,Slight,2,1,2016-12-17,Saturday,01:00,Greenwich,E09000011,3,209,1,30.0,1,4,3,206,,,4,1,1,0,0,1,1,E01001676,3,1,17/12/2016,17/12/2016,1,9,0,18,,4,0,0,0,0,,,6,Male,29,26 - 35,1798,1,8,2,1,,2,1,1,1,38,7,3,0,0,0,0,0,8,1,1,2016.0,010007927,E09000011,0.0,5.0,2.0,2016.0,010007927,7.0,3.0,0.0,4.0,1.0,-1,2016.0,010007927,2016,12,1,1
127612,2016010008024,549400.0,174350.0,0.148601,51.448378,1,Slight,4,1,2016-12-20,Tuesday,18:00,Bexley,E09000004,3,2,3,50.0,0,-1,-1,-1,,,4,1,1,0,0,1,1,E01000447,3,1,20/12/2016,20/12/2016,1,9,0,4,,0,0,4,0,0,,,6,Female,34,26 - 35,1396,1,12,8,1,,2,1,1,2,47,8,3,0,0,0,0,0,9,1,5,2016.0,010008024,E09000004,0.0,0.0,2.0,2016.0,010008024,7.0,3.0,0.0,2.0,2.0,-1,2016.0,010008024,2016,12,1,18
127620,2016010008033,509080.0,173850.0,-0.43152,51.453081,1,Slight,2,1,2016-12-20,Tuesday,20:00,Hounslow,E09000018,3,315,6,30.0,1,4,6,0,,,4,1,1,0,0,1,1,E01002558,3,1,20/12/2016,20/12/2016,1,4,0,13,,4,0,0,0,0,,,6,Male,21,21 - 25,50,1,2,3,1,,1,1,1,1,21,5,3,0,0,0,0,0,4,1,3,2016.0,010008033,E09000018,0.0,0.0,2.0,2016.0,010008033,1.0,2.0,0.0,1.0,1.0,-1,2016.0,010008033,2016,12,1,20
127625,2016010008039,535300.0,186420.0,-0.049552,51.560387,1,Slight,1,2,2016-12-20,Tuesday,18:36,Hackney,E09000012,3,104,6,30.0,0,-1,-1,-1,,,4,1,1,0,0,1,1,E01001793,3,1,20/12/2016,20/12/2016,1,3,0,18,,0,0,0,0,0,,,6,Male,27,26 - 35,102,1,12,4,1,,1,1,3,2,9,2,3,5,1,0,0,2,0,1,2,2016.0,010008039,E09000012,0.0,0.0,2.0,2016.0,010008039,3.0,7.0,0.0,1.0,1.0,-1,2016.0,010008039,2016,12,2,18
127627,2016010008045,534450.0,187260.0,-0.061486,51.568138,1,Slight,2,1,2016-12-20,Tuesday,23:58,Hackney,E09000012,3,107,6,20.0,3,4,6,0,,,4,1,1,0,0,1,1,E01001727,3,1,20/12/2016,20/12/2016,1,3,0,18,,1,0,0,0,0,,,1,Male,18,16 - 20,114,1,2,1,1,,1,1,1,1,18,4,3,0,0,0,0,0,3,1,1,2016.0,010008045,E09000012,0.0,1.0,2.0,2016.0,010008045,1.0,1.0,0.0,1.0,1.0,-1,2016.0,010008045,2016,12,1,23
127630,2016010008051,530870.0,191370.0,-0.111579,51.605915,1,Slight,2,2,2016-12-21,Wednesday,01:10,Haringey,E09000014,3,105,6,20.0,3,4,6,0,,,4,2,2,0,0,1,1,E01001969,3,1,21/12/2016,21/12/2016,1,9,0,5,,2,0,0,0,0,,,2,Male,31,26 - 35,1896,2,9,4,1,,1,1,1,1,31,6,3,0,0,0,0,0,9,1,4,2016.0,010008051,E09000014,0.0,0.0,2.0,2016.0,010008051,0.0,0.0,0.0,4.0,1.0,-1,2016.0,010008051,2016,12,2,1
127631,2016010008053,518950.0,175670.0,-0.288923,51.467452,1,Slight,2,1,2016-12-20,Tuesday,23:59,Richmond upon Thames,E09000027,3,316,3,30.0,1,4,4,353,,,4,1,1,0,0,1,1,E01003864,3,1,20/12/2016,20/12/2016,1,9,0,3,,1,0,0,0,0,,,6,Male,33,26 - 35,2295,1,14,8,1,,1,1,1,1,33,6,3,0,0,0,0,0,9,1,8,2016.0,010008053,E09000027,0.0,0.0,2.0,2016.0,010008053,7.0,3.0,0.0,0.0,1.0,-1,2016.0,010008053,2016,12,1,23
127632,2016010008054,533840.0,181430.0,-0.072497,51.515892,1,Slight,2,1,2016-12-20,Tuesday,23:27,Tower Hamlets,E09000030,3,1202,6,30.0,3,4,6,0,,,7,1,1,0,0,1,1,E01004310,3,1,20/12/2016,20/12/2016,1,4,0,18,,1,0,0,0,0,,,6,Male,28,26 - 35,125,1,1,2,1,,1,1,1,1,28,6,3,0,0,0,0,0,4,1,2,2016.0,010008054,E09000030,0.0,0.0,2.0,2016.0,010008054,3.0,1.0,0.0,1.0,1.0,-1,2016.0,010008054,2016,12,1,23
127633,2016010008056,543090.0,186380.0,0.062735,51.558106,1,Slight,2,2,2016-12-21,Wednesday,00:15,Redbridge,E09000026,3,406,3,50.0,0,-1,-1,-1,,,4,1,1,0,0,1,1,E01003785,3,1,21/12/2016,21/12/2016,1,9,0,4,,0,0,0,0,0,,,6,Male,20,16 - 20,2993,2,12,3,1,,1,1,1,1,20,4,3,0,0,0,0,0,9,1,3,2016.0,010008056,E09000026,0.0,0.0,2.0,2016.0,010008056,1.0,5.0,0.0,0.0,1.0,-1,2016.0,010008056,2016,12,2,0
127634,2016010008057,520960.0,169290.0,-0.262178,51.409686,1,Slight,1,1,2016-12-21,Wednesday,02:30,Kingston upon Thames,E09000021,5,0,6,30.0,0,-1,-1,-1,,,4,2,2,0,0,1,1,E01002961,3,1,21/12/2016,21/12/2016,1,9,0,18,,0,0,0,1,4,,,6,Male,26,26 - 35,2000,1,11,-1,-1,,1,1,1,1,26,6,3,0,0,0,0,0,9,-1,-1,2016.0,010008057,E09000021,0.0,0.0,2.0,2016.0,010008057,2.0,6.0,0.0,1.0,1.0,-1,2016.0,010008057,2016,12,1,2
127643,2016010008083,529440.0,181690.0,-0.135778,51.519253,1,Slight,1,2,2016-12-21,Wednesday,03:05,Camden,E09000007,4,506,2,20.0,6,2,6,0,,,4,8,2,0,0,1,1,E01000850,3,1,21/12/2016,21/12/2016,1,9,0,18,,1,5,7,0,0,,,6,Male,18,16 - 20,1229,1,9,6,1,,1,1,1,1,18,4,3,0,0,0,0,0,9,1,6,2016.0,010008083,E09000007,0.0,5.0,2.0,2016.0,010008083,7.0,3.0,0.0,1.0,1.0,-1,2016.0,010008083,2016,12,2,3
127644,2016010008085,544840.0,178820.0,0.084856,51.489729,1,Slight,2,1,2016-11-18,Friday,20:15,Greenwich,E09000011,3,206,9,30.0,99,-1,6,0,,,4,1,1,9,9,1,3,E01001631,3,1,18/11/2016,18/11/2016,1,9,9,99,,9,9,99,9,99,,,6,Female,34,26 - 35,-1,-1,-1,2,1,,1,1,1,2,34,6,3,0,0,0,0,0,9,1,2,2016.0,010008085,E09000011,0.0,9.0,2.0,2016.0,010008085,9.0,9.0,99.0,2.0,9.0,-1,2016.0,010008085,2016,11,1,20
127677,2016010008184,522980.0,196160.0,-0.223773,51.65074,1,Slight,1,1,2016-11-20,Sunday,23:00,Barnet,E09000003,6,0,1,50.0,2,4,6,0,,,4,1,1,9,9,1,3,E01000253,3,1,20/11/2016,20/11/2016,1,9,9,99,,9,9,99,9,99,,,6,Female,21,21 - 25,-1,-1,-1,-1,-1,,1,1,1,2,21,5,3,0,0,0,0,0,9,-1,-1,2016.0,010008184,E09000003,0.0,9.0,2.0,2016.0,010008184,9.0,9.0,99.0,9.0,9.0,-1,2016.0,010008184,2016,11,1,23
127707,2016010008246,531170.0,176500.0,-0.112786,51.472213,1,Slight,2,1,2016-12-21,Wednesday,19:08,Lambeth,E09000022,3,23,3,30.0,3,4,6,0,,,4,8,2,0,0,1,1,E01003186,3,1,21/12/2016,21/12/2016,1,9,0,9,,5,0,0,0,0,,,6,Male,22,21 - 25,1248,1,2,2,1,,2,1,1,1,31,6,3,0,0,0,0,0,1,1,3,2016.0,010008246,E09000022,0.0,0.0,2.0,2016.0,010008246,5.0,3.0,0.0,4.0,1.0,-1,2016.0,010008246,2016,12,1,19
127709,2016010008249,548220.0,175930.0,0.132294,51.462885,1,Slight,1,1,2016-12-20,Tuesday,18:50,Bexley,E09000004,5,0,6,30.0,3,4,6,0,,,4,1,1,0,2,1,3,E01000394,3,1,20/12/2016,20/12/2016,1,9,9,18,,9,0,11,0,0,,,6,Male,18,16 - 20,1329,1,6,5,1,,1,1,3,1,24,5,3,1,1,0,0,2,0,1,4,2016.0,010008249,E09000004,0.0,1.0,2.0,2016.0,010008249,1.0,5.0,0.0,1.0,1.0,-1,2016.0,010008249,2016,12,1,18
127710,2016010008250,538130.0,170020.0,-0.015164,51.412327,1,Slight,2,1,2016-12-21,Wednesday,20:35,Bromley,E09000006,6,0,6,30.0,6,4,6,0,,,4,1,1,0,0,1,1,E01000713,3,1,21/12/2016,21/12/2016,1,9,0,18,,1,0,0,0,0,,,6,Female,22,21 - 25,1229,1,6,8,1,,1,1,1,2,22,5,3,0,0,0,0,0,9,1,8,2016.0,010008250,E09000006,0.0,0.0,2.0,2016.0,010008250,3.0,7.0,0.0,4.0,1.0,-1,2016.0,010008250,2016,12,1,20
127718,2016010008261,539310.0,185640.0,0.00795,51.552402,1,Slight,2,1,2016-12-21,Wednesday,22:25,Waltham Forest,E09000031,6,0,6,30.0,3,4,6,0,,,4,1,1,0,0,1,1,E01004332,3,1,21/12/2016,21/12/2016,1,9,0,18,,6,0,0,0,0,,,6,Male,25,21 - 25,1390,1,15,-1,-1,,1,1,3,1,57,9,3,6,9,0,0,2,0,1,1,2016.0,010008261,E09000031,0.0,0.0,2.0,2016.0,010008261,3.0,7.0,0.0,1.0,1.0,-1,2016.0,010008261,2016,12,1,22
127722,2016010008265,523870.0,174710.0,-0.218464,51.45777,1,Serious,1,1,2016-12-21,Wednesday,18:57,Wandsworth,E09000032,3,219,6,30.0,3,4,6,0,,,4,1,1,0,0,1,1,E01004500,2,2,21/12/2016,21/12/2016,1,3,0,4,,1,1,0,0,0,,,6,Male,24,21 - 25,124,1,5,6,1,,1,1,3,2,39,7,2,4,3,0,0,2,0,1,3,2016.0,010008265,E09000032,0.0,4.0,2.0,2016.0,010008265,5.0,1.0,0.0,4.0,1.0,-1,2016.0,010008265,2016,12,2,18
127723,2016010008266,520920.0,192120.0,-0.254929,51.614878,1,Slight,3,1,2016-12-21,Wednesday,23:10,Barnet,E09000003,3,5100,6,30.0,3,4,6,0,,,4,1,1,0,0,1,1,E01000234,3,1,21/12/2016,21/12/2016,1,9,0,17,,1,1,10,2,2,,,6,Male,27,26 - 35,2143,2,2,-1,-1,,1,1,1,1,27,6,3,0,0,0,0,0,9,-1,-1,2016.0,010008266,E09000003,0.0,0.0,2.0,2016.0,010008266,5.0,1.0,0.0,1.0,1.0,-1,2016.0,010008266,2016,12,1,23
127725,2016010008270,531870.0,175780.0,-0.102981,51.46558,1,Slight,2,1,2016-12-21,Wednesday,23:45,Lambeth,E09000022,3,2217,7,20.0,6,2,4,222,,,4,1,1,0,0,1,1,E01003048,3,1,21/12/2016,21/12/2016,1,8,0,18,,1,0,0,0,0,,,1,Male,33,26 - 35,1968,2,4,2,1,,1,1,2,2,24,5,3,0,0,2,0,0,8,1,2,2016.0,010008270,E09000022,0.0,4.0,2.0,2016.0,010008270,7.0,3.0,0.0,4.0,1.0,-1,2016.0,010008270,2016,12,1,23
127729,2016010008278,534440.0,175490.0,-0.066116,51.46237,1,Slight,2,1,2016-11-30,Wednesday,19:00,Southwark,E09000028,3,2214,6,30.0,0,-1,-1,-1,,,4,9,-1,9,9,1,3,E01004015,3,1,30/11/2016,30/11/2016,1,3,9,18,,0,9,99,0,0,,,6,Male,21,21 - 25,-1,-1,-1,3,1,,1,1,1,1,21,5,3,0,0,0,0,0,3,1,3,2016.0,010008278,E09000028,0.0,0.0,2.0,2016.0,010008278,9.0,9.0,0.0,9.0,1.0,-1,2016.0,010008278,2016,11,1,19