,accident_index,location_easting_osgr,location_northing_osgr,longitude,latitude,police_force,accident_severity,number_of_vehicles,number_of_casualties,date,day_of_week,time,local_authority_district,local_authority_highway,first_road_class,first_road_number,road_type,speed_limit,junction_detail,junction_control,second_road_class,second_road_number,pedestrian_crossing-human_control,pedestrian_crossing-physical_facilities,light_conditions,weather_conditions,road_surface_conditions,special_conditions_at_site,carriageway_hazards,urban_or_rural_area,did_police_officer_attend_scene_of_accident,lsoa_of_accident_location,accident_severity_num,accident_severity_inv,date2,date_original,vehicle_reference_x,vehicle_type,towing_and_articulation,vehicle_manoeuvre,vehicle_location-restricted_lane,junction_location,skidding_and_overturning,hit_object_in_carriageway,vehicle_leaving_carriageway,hit_object_off_carriageway,1st_point_of_impact,was_vehicle_left_hand_drive?,journey_purpose_of_driver,sex_of_driver,age_of_driver,age_band_of_driver,engine_capacity_cc,propulsion_code,age_of_vehicle,driver_imd_decile,driver_home_area_type,vehicle_imd_decile,vehicle_reference_y,casualty_reference,casualty_class,sex_of_casualty,age_of_casualty,age_band_of_casualty,casualty_severity,pedestrian_location,pedestrian_movement,car_passenger,bus_or_coach_passenger,pedestrian_road_maintenance_worker,casualty_type,casualty_home_area_type,casualty_imd_decile,accident_year_x,accident_reference_x,local_authority_ons_district,pedestrian_crossing_human_control,pedestrian_crossing_physical_facilities,trunk_road_flag,accident_year_y,accident_reference_y,vehicle_direction_from,vehicle_direction_to,vehicle_location_restricted_lane,first_point_of_impact,vehicle_left_hand_drive,generic_make_model,accident_year,accident_reference,year,month,severity,hours
128007,2016010008831,538580.0,181110.0,-0.004354,51.511875,1,Serious,1,1,2016-12-26,Monday,22:55,Tower Hamlets,E09000030,3,13,3,30.0,3,2,6,0,,,4,1,1,0,0,1,1,E01032778,2,2,26/12/2016,26/12/2016,1,9,0,18,,1,0,0,0,0,,,6,Male,35,26 - 35,1999,2,1,4,1,,1,1,3,2,29,6,2,1,1,0,0,2,0,-1,-1,2016.0,010008831,E09000030,2.0,4.0,2.0,2016.0,010008831,3.0,7.0,0.0,1.0,1.0,-1,2016.0,010008831,2016,12,2,22
128008,2016010008832,547570.0,189110.0,0.12846,51.581483,1,Slight,1,2,2016-12-27,Tuesday,02:39,Redbridge,E09000026,3,12,3,50.0,0,-1,-1,-1,,,4,1,1,0,0,1,1,E01003663,3,1,27/12/2016,27/12/2016,1,9,0,18,,0,1,10,2,1,,,6,Male,18,16 - 20,1995,1,10,4,1,,1,1,1,1,18,4,3,0,0,0,0,0,9,1,4,2016.0,010008832,E09000026,0.0,0.0,2.0,2016.0,010008832,3.0,7.0,0.0,1.0,1.0,-1,2016.0,010008832,2016,12,2,2
128040,2016010008876,542600.0,183570.0,0.054533,51.53298,1,Slight,2,2,2016-12-26,Monday,23:24,Newham,E09000025,3,124,6,30.0,6,2,3,117,,,4,1,1,0,0,1,1,E01003523,3,1,26/12/2016,26/12/2016,1,9,0,18,,8,0,10,0,0,,,6,Male,24,21 - 25,1596,1,1,4,1,,1,1,1,1,24,5,3,0,0,0,0,0,9,1,4,2016.0,010008876,E09000025,0.0,5.0,2.0,2016.0,010008876,3.0,7.0,0.0,3.0,1.0,-1,2016.0,010008876,2016,12,2,23
128041,2016010008877,529920.0,170590.0,-0.132941,51.419389,1,Serious,2,1,2016-12-27,Tuesday,18:35,Lambeth,E09000022,4,272,6,30.0,3,4,6,0,,,4,1,2,0,0,1,1,E01003145,2,2,27/12/2016,27/12/2016,1,4,0,18,,8,0,0,0,0,,,6,Male,20,16 - 20,124,1,0,3,1,,1,1,1,1,20,4,2,0,0,0,0,0,4,1,3,2016.0,010008877,E09000022,0.0,1.0,2.0,2016.0,010008877,2.0,6.0,0.0,3.0,1.0,-1,2016.0,010008877,2016,12,2,18
128043,2016010008879,533590.0,186120.0,-0.07432,51.558098,1,Serious,1,1,2016-12-27,Tuesday,18:20,Hackney,E09000012,3,10,2,30.0,3,4,6,0,,,4,1,1,0,0,1,1,E01001832,2,2,27/12/2016,27/12/2016,1,9,0,18,,1,0,0,0,0,,,6,Male,28,26 - 35,3311,8,8,2,1,,1,1,3,1,13,3,2,9,9,0,0,2,0,1,2,2016.0,010008879,E09000012,0.0,5.0,2.0,2016.0,010008879,5.0,1.0,0.0,1.0,1.0,-1,2016.0,010008879,2016,12,2,18
128045,2016010008883,520970.0,189700.0,-0.255041,51.593118,1,Serious,2,1,2016-12-27,Tuesday,20:20,Barnet,E09000003,5,0,6,30.0,3,4,6,0,,,4,1,2,0,0,1,1,E01000148,2,2,27/12/2016,27/12/2016,1,3,0,18,,1,0,0,0,0,,,6,Male,20,16 - 20,124,1,2,7,1,,1,1,1,1,20,4,2,0,0,0,0,0,3,1,7,2016.0,010008883,E09000003,0.0,0.0,2.0,2016.0,010008883,7.0,3.0,0.0,3.0,1.0,-1,2016.0,010008883,2016,12,2,20
128049,2016010008891,525150.0,180530.0,-0.197989,51.509794,1,Slight,2,1,2016-12-27,Tuesday,23:26,Kensington and Chelsea,E09000020,4,415,6,30.0,3,4,6,0,,,7,8,2,0,0,1,1,E01002883,3,1,27/12/2016,27/12/2016,1,4,0,18,,8,1,0,0,0,,,1,Male,24,21 - 25,125,1,9,1,1,,1,1,1,1,24,5,3,0,0,0,0,0,4,1,1,2016.0,010008891,E09000020,0.0,1.0,2.0,2016.0,010008891,5.0,1.0,0.0,1.0,1.0,-1,2016.0,010008891,2016,12,1,23
128051,2016010008893,532720.0,172790.0,-0.091873,51.438511,1,Slight,3,1,2016-12-27,Tuesday,23:50,Southwark,E09000028,3,2199,6,20.0,3,4,6,0,,,4,7,4,0,0,1,1,E01003165,3,1,27/12/2016,27/12/2016,1,9,0,18,,1,0,4,0,0,,,6,Male,21,21 - 25,1364,1,7,3,1,,1,1,1,1,21,5,3,0,0,0,0,0,9,1,3,2016.0,010008893,E09000028,0.0,0.0,2.0,2016.0,010008893,5.0,1.0,0.0,1.0,1.0,-1,2016.0,010008893,2016,12,1,23
128052,2016010008894,533650.0,178320.0,-0.076411,51.487989,1,Slight,2,1,2016-12-28,Wednesday,01:06,Southwark,E09000028,3,2,6,30.0,6,2,4,214,,,4,1,1,0,0,1,1,E01003966,3,1,28/12/2016,28/12/2016,1,9,0,3,,1,0,0,0,0,,,6,Male,28,26 - 35,1595,1,0,9,1,,1,1,1,1,28,6,3,0,0,0,0,0,9,1,9,2016.0,010008894,E09000028,0.0,4.0,2.0,2016.0,010008894,7.0,3.0,0.0,2.0,1.0,-1,2016.0,010008894,2016,12,1,1
128054,2016010008898,552310.0,175110.0,0.190773,51.454432,1,Slight,4,2,2016-12-28,Wednesday,00:30,Bexley,E09000004,4,2186,6,30.0,0,-1,-1,-1,,,4,8,4,0,2,1,1,E01000376,3,1,28/12/2016,28/12/2016,1,9,0,3,,0,0,11,0,0,,,6,Male,30,26 - 35,-1,-1,-1,3,1,,1,1,1,1,30,6,3,0,0,0,0,0,9,1,3,2016.0,010008898,E09000004,0.0,0.0,2.0,2016.0,010008898,3.0,7.0,0.0,2.0,1.0,-1,2016.0,010008898,2016,12,2,0
128070,2016010008955,535930.0,176850.0,-0.044158,51.474236,1,Slight,2,1,2016-11-12,Saturday,18:58,Lewisham,E09000023,3,2,3,30.0,0,-1,-1,-1,,,4,9,1,9,0,1,3,E01003299,3,1,11/12/2016,11/12/2016,1,9,0,18,,0,0,0,0,0,,,6,Female,26,26 - 35,1995,2,2,2,1,,1,1,1,2,26,6,3,0,0,0,0,0,9,1,2,2016.0,010008955,E09000023,0.0,0.0,2.0,2016.0,010008955,9.0,9.0,0.0,2.0,1.0,-1,2016.0,010008955,2016,11,1,18
128091,2016010008987,529880.0,187760.0,-0.127201,51.573702,1,Slight,2,1,2016-03-12,Saturday,19:15,Islington,E09000019,3,103,6,20.0,0,-1,-1,-1,,,4,1,1,0,0,1,3,E01002757,3,1,03/12/2016,03/12/2016,1,9,0,3,,0,0,0,0,0,,,6,Male,33,26 - 35,1242,1,13,2,1,,1,1,1,1,33,6,3,0,0,0,0,0,9,1,2,2016.0,010008987,E09000019,0.0,1.0,2.0,2016.0,010008987,9.0,9.0,0.0,2.0,9.0,-1,2016.0,010008987,2016,3,1,19
128106,2016010009009,535650.0,177040.0,-0.048114,51.47601,1,Slight,2,1,2016-12-28,Wednesday,18:05,Lewisham,E09000023,3,2,6,20.0,3,4,6,0,,,4,7,1,0,0,1,1,E01003338,3,1,28/12/2016,28/12/2016,1,3,0,18,,8,0,0,0,0,,,2,Male,26,26 - 35,125,1,0,9,1,,1,1,1,1,26,6,3,0,0,0,0,0,3,1,9,2016.0,010009009,E09000023,0.0,0.0,2.0,2016.0,010009009,1.0,5.0,0.0,3.0,1.0,-1,2016.0,010009009,2016,12,1,18
128109,2016010009012,534570.0,181310.0,-0.062029,51.514641,1,Slight,2,1,2016-12-27,Tuesday,18:30,Tower Hamlets,E09000030,3,13,6,30.0,6,2,4,108,,,4,1,1,0,0,1,1,E01004319,3,1,27/12/2016,27/12/2016,1,9,0,18,,8,0,0,0,0,,,1,Male,25,21 - 25,1968,2,10,2,1,,2,1,1,1,21,5,3,0,0,0,0,0,9,1,2,2016.0,010009012,E09000030,0.0,5.0,2.0,2016.0,010009012,3.0,7.0,0.0,4.0,1.0,-1,2016.0,010009012,2016,12,1,18
128110,2016010009013,508950.0,176730.0,-0.432503,51.478992,1,Slight,2,1,2016-12-28,Wednesday,18:44,London Airport (Heathrow),EHEATHROW,6,0,6,40.0,7,2,6,0,,,4,1,1,0,0,1,1,E01002444,3,1,28/12/2016,28/12/2016,1,9,0,9,,1,0,0,0,0,,,6,Female,22,21 - 25,1242,1,3,9,1,,2,1,2,2,25,5,3,0,0,1,0,0,9,1,3,2016.0,010009013,EHEATHROW,0.0,0.0,2.0,2016.0,010009013,3.0,7.0,0.0,4.0,1.0,-1,2016.0,010009013,2016,12,1,18
128112,2016010009016,535100.0,173040.0,-0.057556,51.440196,1,Slight,2,2,2016-12-28,Wednesday,21:00,Lewisham,E09000023,3,205,6,30.0,3,4,6,0,,,4,1,2,0,0,1,1,E01003255,3,1,28/12/2016,28/12/2016,1,9,0,16,,2,0,10,1,0,,,6,Female,27,26 - 35,1598,1,11,1,1,,1,1,1,2,27,6,3,0,0,0,0,0,9,1,1,2016.0,010009016,E09000023,0.0,0.0,2.0,2016.0,010009016,3.0,7.0,0.0,1.0,1.0,-1,2016.0,010009016,2016,12,2,21
128113,2016010009018,534900.0,170610.0,-0.061356,51.418406,1,Serious,1,1,2016-12-27,Tuesday,20:05,Bromley,E09000006,3,234,6,30.0,3,4,5,0,,,4,7,4,0,0,1,1,E01000745,2,2,27/12/2016,27/12/2016,1,9,0,16,,5,0,10,7,10,,,6,Male,17,16 - 20,1199,1,12,1,1,,1,1,2,1,23,5,2,0,0,1,0,0,9,1,3,2016.0,010009018,E09000006,0.0,0.0,2.0,2016.0,010009018,1.0,5.0,9.0,1.0,1.0,-1,2016.0,010009018,2016,12,2,20
128115,2016010009023,520400.0,180050.0,-0.266566,51.506512,1,Slight,1,1,2016-12-28,Wednesday,23:05,Ealing,E09000009,3,4020,1,30.0,2,4,6,0,,,4,1,4,0,0,1,1,E01001355,3,1,28/12/2016,28/12/2016,1,9,0,9,,8,0,0,0,0,,,2,Male,26,26 - 35,1596,1,9,8,1,,1,1,3,1,22,5,3,5,3,0,0,2,0,1,5,2016.0,010009023,E09000009,0.0,0.0,2.0,2016.0,010009023,1.0,5.0,0.0,3.0,1.0,-1,2016.0,010009023,2016,12,1,23
128116,2016010009025,512220.0,180000.0,-0.384395,51.507744,1,Slight,2,1,2016-12-27,Tuesday,20:15,Ealing,E09000009,6,0,6,30.0,3,4,6,0,,,4,1,1,0,0,1,1,E01001362,3,1,27/12/2016,27/12/2016,1,9,0,18,,8,0,0,0,0,,,6,Male,30,26 - 35,1339,8,5,3,1,,1,1,2,2,4,1,3,0,0,2,0,0,9,1,3,2016.0,010009025,E09000009,0.0,0.0,2.0,2016.0,010009025,7.0,3.0,0.0,4.0,1.0,-1,2016.0,010009025,2016,12,1,20
128156,2016010009159,511020.0,171130.0,-0.404463,51.428256,1,Slight,1,1,2016-12-29,Thursday,18:45,Hounslow,E09000018,3,316,7,50.0,0,-1,-1,-1,,,4,7,4,0,0,1,1,E01002610,3,1,29/12/2016,29/12/2016,1,9,0,18,,0,5,10,0,0,,,6,Male,21,21 - 25,1390,1,14,2,1,,1,1,1,1,21,5,3,0,0,0,0,0,9,1,2,2016.0,010009159,E09000018,0.0,0.0,2.0,2016.0,010009159,6.0,2.0,0.0,1.0,1.0,-1,2016.0,010009159,2016,12,1,18
128158,2016010009161,530870.0,180340.0,-0.11568,51.506792,1,Slight,1,3,2016-12-29,Thursday,01:25,Lambeth,E09000022,3,301,3,30.0,0,-1,-1,-1,,,4,8,2,0,0,1,1,E01032582,3,1,29/12/2016,29/12/2016,1,9,0,18,,0,1,0,2,2,,,6,Male,31,26 - 35,1995,2,0,-1,-1,,1,1,2,2,22,5,3,0,0,1,0,0,9,1,1,2016.0,010009161,E09000022,0.0,0.0,2.0,2016.0,010009161,4.0,8.0,0.0,1.0,1.0,-1,2016.0,010009161,2016,12,3,1
128160,2016010009163,549800.0,192220.0,0.161948,51.608839,1,Slight,2,1,2016-12-29,Thursday,20:02,Havering,E09000016,6,0,6,30.0,3,4,6,0,,,4,7,4,0,0,1,1,E01002305,3,1,29/12/2016,29/12/2016,1,9,0,18,,8,0,0,0,0,,,6,Female,23,21 - 25,1781,1,12,6,1,,1,1,2,2,50,8,3,0,0,1,0,0,9,1,6,2016.0,010009163,E09000016,0.0,0.0,2.0,2016.0,010009163,3.0,3.0,0.0,4.0,1.0,-1,2016.0,010009163,2016,12,1,20
128161,2016010009164,505360.0,184390.0,-0.481893,51.548523,1,Slight,1,1,2016-12-28,Wednesday,22:40,Hillingdon,E09000017,4,467,2,30.0,6,4,3,4020,,,4,7,4,0,0,1,1,E01002521,3,1,28/12/2016,28/12/2016,1,9,0,18,,6,0,10,1,0,,,6,Male,19,16 - 20,-1,-1,-1,9,3,,1,1,2,1,18,4,3,0,0,1,0,0,9,1,7,2016.0,010009164,E09000017,0.0,0.0,2.0,2016.0,010009164,1.0,5.0,9.0,4.0,1.0,-1,2016.0,010009164,2016,12,1,22
128181,2016010009229,519130.0,175480.0,-0.286397,51.465707,1,Slight,1,1,2016-12-15,Thursday,19:15,Richmond upon Thames,E09000027,6,0,9,30.0,0,-1,-1,-1,,,4,9,1,9,0,1,3,E01003862,3,1,15/12/2016,15/12/2016,1,9,9,1,,0,9,99,9,99,,,6,Female,17,16 - 20,1968,2,1,-1,-1,,1,1,3,2,52,8,3,10,9,0,0,2,0,1,6,2016.0,010009229,E09000027,0.0,9.0,2.0,2016.0,010009229,9.0,9.0,99.0,2.0,1.0,-1,2016.0,010009229,2016,12,1,19
128200,2016010009260,523300.0,180450.0,-0.224661,51.509482,1,Slight,3,2,2016-12-30,Friday,18:40,Hammersmith and Fulham,E09000013,3,219,3,30.0,3,2,6,0,,,4,7,2,0,0,1,1,E01001943,3,1,30/12/2016,30/12/2016,1,9,0,18,,1,0,0,0,0,,,6,Male,29,26 - 35,1998,2,13,3,1,,1,1,1,1,29,6,3,0,0,0,0,0,9,1,3,2016.0,010009260,E09000013,0.0,0.0,2.0,2016.0,010009260,1.0,5.0,0.0,1.0,1.0,-1,2016.0,010009260,2016,12,2,18
128203,2016010009263,519640.0,168850.0,-0.281297,51.406011,1,Slight,3,1,2016-12-30,Friday,19:30,Kingston upon Thames,E09000021,3,2043,6,30.0,0,-1,-1,-1,,,4,7,2,0,0,1,1,E01002970,3,1,30/12/2016,30/12/2016,1,9,0,3,,0,0,0,0,0,,,6,Male,24,21 - 25,2143,12,3,9,1,,2,1,1,2,30,6,3,0,0,0,0,0,9,1,9,2016.0,010009263,E09000021,0.0,0.0,2.0,2016.0,010009263,4.0,8.0,0.0,2.0,1.0,-1,2016.0,010009263,2016,12,1,19
128205,2016010009265,545260.0,165370.0,0.08539,51.368762,1,Slight,3,2,2016-12-30,Friday,20:15,Bromley,E09000006,5,0,6,30.0,3,4,6,0,,,4,7,2,0,0,1,1,E01000758,3,1,30/12/2016,30/12/2016,1,9,0,18,,8,0,0,0,0,,,6,Female,29,26 - 35,1968,2,9,10,1,,1,1,1,2,29,6,3,0,0,0,0,0,9,1,10,2016.0,010009265,E09000006,0.0,0.0,2.0,2016.0,010009265,7.0,3.0,0.0,4.0,1.0,-1,2016.0,010009265,2016,12,2,20
128206,2016010009266,530500.0,178940.0,-0.121526,51.494296,1,Serious,1,1,2016-12-30,Friday,18:15,Lambeth,E09000022,3,3203,6,20.0,0,-1,-1,-1,,,4,8,2,0,0,1,1,E01003112,2,2,30/12/2016,30/12/2016,1,9,0,16,,0,0,0,0,0,,,2,Male,30,26 - 35,-1,-1,-1,-1,-1,,1,1,3,2,29,6,2,4,3,0,0,2,0,-1,-1,2016.0,010009266,E09000022,0.0,5.0,2.0,2016.0,010009266,7.0,1.0,0.0,1.0,1.0,-1,2016.0,010009266,2016,12,2,18
128209,2016010009269,531220.0,178320.0,-0.111391,51.488558,1,Slight,2,1,2016-12-30,Friday,21:00,Lambeth,E09000022,3,23,3,30.0,6,2,3,3204,,,4,1,1,0,0,1,1,E01003107,3,1,30/12/2016,30/12/2016,1,9,0,3,,8,0,0,0,0,,,6,Male,28,26 - 35,1590,1,13,6,1,,1,1,1,1,28,6,3,0,0,0,0,0,9,1,6,2016.0,010009269,E09000022,0.0,4.0,2.0,2016.0,010009269,1.0,5.0,0.0,2.0,1.0,-1,2016.0,010009269,2016,12,1,21
128214,2016010009275,535050.0,186250.0,-0.053222,51.558919,1,Slight,2,1,2016-12-30,Friday,20:30,Hackney,E09000012,3,104,6,20.0,9,4,6,0,,,4,7,1,0,0,1,1,E01001792,3,1,30/12/2016,30/12/2016,1,3,0,18,,1,2,0,0,0,,,1,Male,30,26 - 35,108,1,1,4,1,,1,1,1,1,30,6,3,0,0,0,0,0,3,1,4,2016.0,010009275,E09000012,0.0,4.0,2.0,2016.0,010009275,3.0,7.0,0.0,1.0,1.0,-1,2016.0,010009275,2016,12,1,20
128215,2016010009276,532170.0,189160.0,-0.093649,51.585751,1,Slight,2,1,2016-12-30,Friday,21:22,Haringey,E09000014,3,504,6,20.0,3,4,6,0,,,4,8,2,0,0,1,1,E01002048,3,1,30/12/2016,30/12/2016,1,9,0,18,,2,0,0,0,0,,,6,Male,32,26 - 35,1995,2,2,2,1,,2,1,1,1,37,7,3,0,0,0,0,0,3,1,1,2016.0,010009276,E09000014,0.0,8.0,2.0,2016.0,010009276,0.0,1.0,0.0,1.0,1.0,-1,2016.0,010009276,2016,12,1,21
128216,2016010009278,524050.0,185200.0,-0.212188,51.552007,1,Slight,2,1,2016-12-30,Friday,19:27,Brent,E09000005,6,0,6,30.0,0,-1,-1,-1,,,4,7,2,0,0,1,1,E01000558,3,1,30/12/2016,30/12/2016,1,9,0,18,,0,1,4,0,0,,,6,Male,32,26 - 35,2191,2,1,4,1,,1,1,1,1,32,6,3,0,0,0,0,0,9,1,4,2016.0,010009278,E09000005,0.0,0.0,2.0,2016.0,010009278,7.0,3.0,0.0,1.0,1.0,-1,2016.0,010009278,2016,12,1,19
128218,2016010009280,533210.0,182400.0,-0.081205,51.524758,1,Serious,1,1,2016-12-30,Friday,21:00,Hackney,E09000012,3,1202,6,30.0,3,4,6,0,,,4,1,1,0,0,1,1,E01033708,2,2,30/12/2016,30/12/2016,1,9,0,18,,1,0,0,0,0,,,6,Male,25,21 - 25,2993,2,3,7,3,,1,1,3,1,43,7,2,5,1,0,0,2,0,3,3,2016.0,010009280,E09000012,0.0,0.0,2.0,2016.0,010009280,7.0,3.0,0.0,1.0,1.0,-1,2016.0,010009280,2016,12,2,21
128225,2016010009293,529700.0,180350.0,-0.132526,51.507151,1,Slight,2,1,2016-12-28,Wednesday,21:28,Westminster,E09000033,3,4,6,30.0,6,4,3,4,,,4,1,1,0,0,1,1,E01004736,3,1,28/12/2016,28/12/2016,1,9,0,13,,1,0,0,0,0,,,6,Male,30,26 - 35,1248,2,8,9,1,,2,1,1,1,39,7,3,0,0,0,0,0,4,1,2,2016.0,010009293,E09000033,0.0,4.0,2.0,2016.0,010009293,7.0,3.0,0.0,4.0,1.0,-1,2016.0,010009293,2016,12,1,21
128228,2016010009298,526090.0,177590.0,-0.1855,51.483163,1,Slight,1,1,2016-12-31,Saturday,04:20,Kensington and Chelsea,E09000020,3,3220,6,30.0,6,2,3,308,,,4,1,1,0,0,1,1,E01002912,3,1,31/12/2016,31/12/2016,1,3,0,4,,2,1,0,1,0,,,6,Male,23,21 - 25,124,1,1,2,1,,1,1,1,1,23,5,3,0,0,0,0,0,3,1,2,2016.0,010009298,E09000020,0.0,5.0,2.0,2016.0,010009298,1.0,5.0,0.0,0.0,1.0,-1,2016.0,010009298,2016,12,1,4
128242,2016010009315,525650.0,178850.0,-0.191385,51.494585,1,Serious,2,1,2016-12-30,Friday,20:37,Kensington and Chelsea,E09000020,3,4,3,30.0,3,2,3,4,,,4,1,2,0,0,1,1,E01002850,2,2,30/12/2016,30/12/2016,1,8,0,11,,2,0,0,0,0,,,1,Male,34,26 - 35,1598,2,1,4,1,,2,1,1,1,33,6,2,0,0,0,0,0,3,1,5,2016.0,010009315,E09000020,0.0,0.0,2.0,2016.0,010009315,3.0,7.0,0.0,2.0,1.0,-1,2016.0,010009315,2016,12,2,20
128249,2016010009325,526820.0,179270.0,-0.17439,51.498098,1,Slight,2,1,2016-12-31,Saturday,18:20,Westminster,E09000033,5,0,3,20.0,6,4,5,0,,,4,1,1,0,0,1,1,E01002820,3,1,31/12/2016,31/12/2016,1,3,0,4,,1,1,0,0,0,,,6,Male,26,26 - 35,124,1,7,7,1,,1,1,1,1,26,6,3,0,0,0,0,0,3,1,7,2016.0,010009325,E09000033,0.0,0.0,2.0,2016.0,010009325,1.0,5.0,0.0,1.0,1.0,-1,2016.0,010009325,2016,12,1,18
128250,2016010009326,516570.0,180970.0,-0.321423,51.515583,1,Slight,2,1,2016-12-31,Saturday,21:00,Ealing,E09000009,4,452,6,30.0,0,-1,-1,-1,,,4,1,1,0,0,1,1,E01001207,3,1,31/12/2016,31/12/2016,1,2,0,18,,0,0,0,0,0,,,1,Male,25,21 - 25,49,1,11,6,1,,1,1,1,1,25,5,3,0,0,0,0,0,2,1,6,2016.0,010009326,E09000009,0.0,1.0,2.0,2016.0,010009326,1.0,5.0,0.0,1.0,1.0,-1,2016.0,010009326,2016,12,1,21
128252,2016010009331,534260.0,165650.0,-0.07243,51.373984,1,Serious,1,1,2016-12-31,Saturday,20:27,Croydon,E09000008,6,0,6,30.0,9,4,6,0,,,4,1,2,0,2,1,1,E01001049,2,2,31/12/2016,31/12/2016,1,9,0,18,,1,0,11,1,4,,,6,Male,20,16 - 20,1149,1,7,6,1,,1,1,2,1,20,4,2,0,0,1,0,0,9,1,4,2016.0,010009331,E09000008,0.0,0.0,2.0,2016.0,010009331,2.0,4.0,0.0,4.0,1.0,-1,2016.0,010009331,2016,12,2,20
128255,2016010009336,532420.0,177390.0,-0.094465,51.47992,1,Slight,2,1,2016-12-31,Saturday,21:12,Southwark,E09000028,3,215,6,20.0,0,-1,-1,-1,,,4,1,2,0,0,1,1,E01003924,3,1,31/12/2016,31/12/2016,1,3,0,5,,0,0,4,0,0,,,6,Male,24,21 - 25,-1,-1,-1,3,1,,1,1,1,1,24,5,3,0,0,0,0,0,3,1,3,2016.0,010009336,E09000028,0.0,0.0,2.0,2016.0,010009336,5.0,1.0,0.0,1.0,1.0,-1,2016.0,010009336,2016,12,1,21
128256,2016010009337,531100.0,168360.0,-0.116805,51.399076,1,Slight,2,1,2016-12-31,Saturday,18:23,Croydon,E09000008,6,0,6,30.0,3,4,3,23,,,5,1,1,0,2,1,1,E01000995,3,1,31/12/2016,31/12/2016,1,9,0,7,,1,0,11,0,0,,,6,Male,33,26 - 35,-1,-1,-1,4,1,,2,1,2,1,13,3,3,0,0,0,0,0,2,1,6,2016.0,010009337,E09000008,0.0,0.0,2.0,2016.0,010009337,2.0,4.0,0.0,1.0,2.0,-1,2016.0,010009337,2016,12,1,18
128257,2016010009338,525180.0,183930.0,-0.196349,51.540344,1,Serious,1,1,2016-12-31,Saturday,18:36,Camden,E09000007,3,5,3,30.0,3,4,6,0,,,4,1,2,0,0,1,1,E01000548,2,2,31/12/2016,31/12/2016,1,2,0,18,,1,0,0,0,0,,,1,Male,34,26 - 35,108,1,3,3,1,,1,1,3,1,28,6,2,4,3,0,0,2,0,-1,-1,2016.0,010009338,E09000007,0.0,4.0,2.0,2016.0,010009338,5.0,1.0,0.0,1.0,1.0,-1,2016.0,010009338,2016,12,2,18
128260,2016010009345,532050.0,179670.0,-0.098938,51.500497,1,Slight,2,1,2016-12-31,Saturday,22:32,Southwark,E09000028,3,300,6,20.0,6,2,5,0,,,4,1,2,0,0,1,1,E01003927,3,1,31/12/2016,31/12/2016,1,9,0,5,,8,0,0,0,0,,,6,Male,29,26 - 35,2143,2,3,2,1,,2,1,1,1,31,6,3,0,0,0,0,0,3,1,1,2016.0,010009345,E09000028,0.0,5.0,2.0,2016.0,010009345,5.0,3.0,0.0,1.0,1.0,-1,2016.0,010009345,2016,12,1,22
128261,2016010009349,525620.0,183370.0,-0.190208,51.535213,1,Slight,1,1,2016-12-31,Saturday,21:45,Camden,E09000007,6,0,6,30.0,3,4,3,5,,,4,1,1,0,0,1,1,E01004710,3,1,31/12/2016,31/12/2016,1,9,0,7,,2,0,0,0,0,,,2,Male,33,26 - 35,1598,1,16,3,1,,1,1,3,2,33,6,3,5,1,0,0,2,0,1,2,2016.0,010009349,E09000007,0.0,8.0,2.0,2016.0,010009349,3.0,7.0,0.0,4.0,1.0,-1,2016.0,010009349,2016,12,1,21
128278,2016010009585,532840.0,188600.0,-0.084196,51.580562,1,Slight,2,1,2016-12-20,Tuesday,18:11,Haringey,E09000014,4,152,6,20.0,3,4,6,0,,,4,1,2,9,9,1,3,E01002046,3,1,20/12/2016,20/12/2016,1,9,9,4,,9,0,99,9,99,,,2,Male,25,21 - 25,1149,1,12,-1,-1,,1,1,1,1,25,5,3,0,0,0,0,0,9,-1,-1,2016.0,010009585,E09000014,0.0,1.0,2.0,2016.0,010009585,9.0,9.0,99.0,2.0,9.0,-1,2016.0,010009585,2016,12,1,18
128292,2016010009692,532360.0,166050.0,-0.099563,51.378024,1,Slight,1,1,2016-12-19,Monday,19:14,Croydon,E09000008,3,212,9,30.0,3,-1,5,0,,,4,9,-1,9,9,1,3,E01001045,3,1,19/12/2016,19/12/2016,1,9,9,99,,9,9,99,9,99,,,6,Male,17,16 - 20,1798,8,4,-1,-1,,1,1,1,1,17,4,3,0,0,0,0,0,9,-1,-1,2016.0,010009692,E09000008,0.0,9.0,2.0,2016.0,010009692,9.0,9.0,99.0,9.0,9.0,-1,2016.0,010009692,2016,12,1,19
128293,2016010009698,522560.0,180090.0,-0.235444,51.506407,1,Slight,2,1,2016-08-12,Friday,18:30,Hammersmith and Fulham,E09000013,3,4020,6,40.0,3,4,5,0,,,4,9,2,9,0,1,3,E01001960,3,1,08/12/2016,08/12/2016,1,9,0,99,,8,0,0,0,0,,,6,Male,26,26 - 35,-1,-1,-1,-1,-1,,2,1,1,1,39,7,3,0,0,0,0,0,90,1,9,2016.0,010009698,E09000013,0.0,9.0,2.0,2016.0,010009698,9.0,9.0,0.0,1.0,1.0,-1,2016.0,010009698,2016,8,1,18