,accident_index,location_easting_osgr,location_northing_osgr,longitude,latitude,police_force,accident_severity,number_of_vehicles,number_of_casualties,date,day_of_week,time,local_authority_district,local_authority_highway,first_road_class,first_road_number,road_type,speed_limit,junction_detail,junction_control,second_road_class,second_road_number,pedestrian_crossing-human_control,pedestrian_crossing-physical_facilities,light_conditions,weather_conditions,road_surface_conditions,special_conditions_at_site,carriageway_hazards,urban_or_rural_area,did_police_officer_attend_scene_of_accident,lsoa_of_accident_location,accident_severity_num,accident_severity_inv,date2,date_original,vehicle_reference_x,vehicle_type,towing_and_articulation,vehicle_manoeuvre,vehicle_location-restricted_lane,junction_location,skidding_and_overturning,hit_object_in_carriageway,vehicle_leaving_carriageway,hit_object_off_carriageway,1st_point_of_impact,was_vehicle_left_hand_drive?,journey_purpose_of_driver,sex_of_driver,age_of_driver,age_band_of_driver,engine_capacity_cc,propulsion_code,age_of_vehicle,driver_imd_decile,driver_home_area_type,vehicle_imd_decile,vehicle_reference_y,casualty_reference,casualty_class,sex_of_casualty,age_of_casualty,age_band_of_casualty,casualty_severity,pedestrian_location,pedestrian_movement,car_passenger,bus_or_coach_passenger,pedestrian_road_maintenance_worker,casualty_type,casualty_home_area_type,casualty_imd_decile,accident_year_x,accident_reference_x,local_authority_ons_district,pedestrian_crossing_human_control,pedestrian_crossing_physical_facilities,trunk_road_flag,accident_year_y,accident_reference_y,vehicle_direction_from,vehicle_direction_to,vehicle_location_restricted_lane,first_point_of_impact,vehicle_left_hand_drive,generic_make_model,accident_year,accident_reference,year,month,severity,hours
128302,2016010009749,537630.0,179800.0,-0.018546,51.500335,1,Slight,2,1,2016-12-22,Thursday,18:55,Tower Hamlets,E09000030,5,0,2,30.0,3,2,5,0,,,4,1,1,0,9,1,3,E01032772,3,1,22/12/2016,22/12/2016,1,5,0,10,,1,0,0,0,0,,,6,Male,33,26 - 35,955,1,13,8,1,,1,1,1,1,33,6,3,0,0,0,0,0,5,1,8,2016.0,010009749,E09000030,0.0,5.0,2.0,2016.0,010009749,9.0,9.0,0.0,3.0,1.0,-1,2016.0,010009749,2016,12,1,18
128304,2016010009790,539620.0,177000.0,0.008999,51.474686,1,Slight,2,1,2016-12-27,Tuesday,05:25,Greenwich,E09000011,4,210,3,30.0,0,-1,-1,-1,,,4,7,2,0,0,1,1,E01001642,3,1,27/12/2016,27/12/2016,1,9,0,18,,0,0,4,0,0,,,6,Female,33,26 - 35,2995,1,12,2,1,,1,1,1,2,33,6,3,0,0,0,0,0,9,1,2,2016.0,010009790,E09000011,0.0,0.0,2.0,2016.0,010009790,1.0,5.0,0.0,1.0,1.0,-1,2016.0,010009790,2016,12,1,5
128315,2016010010078,527620.0,192210.0,-0.158178,51.614209,1,Slight,2,1,2016-12-29,Thursday,21:30,Barnet,E09000003,6,0,9,30.0,3,4,6,0,,,7,9,-1,9,9,1,3,E01000161,3,1,29/12/2016,29/12/2016,1,9,9,99,,9,9,99,9,99,,,6,Female,25,21 - 25,1390,1,14,6,1,,1,1,1,2,25,5,3,0,0,0,0,0,9,1,6,2016.0,010010078,E09000003,0.0,9.0,2.0,2016.0,010010078,9.0,9.0,99.0,9.0,1.0,-1,2016.0,010010078,2016,12,1,21
128325,2016010010195,535920.0,183390.0,-0.041783,51.533009,1,Slight,1,1,2016-12-24,Saturday,18:45,Tower Hamlets,E09000030,4,118,6,20.0,2,4,3,1205,,,1,1,1,9,0,1,3,E01004234,3,1,24/12/2016,24/12/2016,1,3,0,18,,3,0,0,0,0,,,1,Male,33,26 - 35,125,1,5,4,1,,1,1,1,1,33,6,3,0,0,0,0,0,3,1,4,2016.0,010010195,E09000030,0.0,0.0,2.0,2016.0,010010195,4.0,8.0,0.0,2.0,1.0,-1,2016.0,010010195,2016,12,1,18
128326,2016010010364,551350.0,177870.0,0.178147,51.479489,1,Slight,2,1,2016-12-19,Monday,19:58,Bexley,E09000004,3,206,3,50.0,0,-1,-1,-1,,,7,1,1,0,0,1,3,E01000403,3,1,19/12/2016,19/12/2016,1,9,0,18,,0,0,0,0,0,,,6,Female,28,26 - 35,1461,2,1,5,1,,1,1,1,2,28,6,3,0,0,0,0,0,9,1,5,2016.0,010010364,E09000004,0.0,0.0,2.0,2016.0,010010364,1.0,1.0,0.0,1.0,1.0,-1,2016.0,010010364,2016,12,1,19
128329,2016010010385,538160.0,189060.0,-0.007283,51.583417,1,Slight,3,1,2016-12-31,Saturday,21:50,Waltham Forest,E09000031,5,0,6,30.0,3,-1,6,0,,,4,8,1,9,9,1,3,E01004464,3,1,31/12/2016,31/12/2016,1,9,0,4,,9,0,99,9,99,,,6,Female,33,26 - 35,2148,2,9,3,1,,2,1,1,1,-1,-1,3,0,0,0,0,0,2,-1,-1,2016.0,010010385,E09000031,0.0,9.0,2.0,2016.0,010010385,9.0,9.0,0.0,1.0,9.0,-1,2016.0,010010385,2016,12,1,21
128333,2016010010406,533670.0,178610.0,-0.076014,51.49059,1,Slight,2,1,2016-12-17,Saturday,20:50,Southwark,E09000028,4,203,6,30.0,0,-1,-1,-1,,,7,9,-1,9,9,1,3,E01003980,3,1,17/12/2016,17/12/2016,1,9,9,99,,0,9,99,9,99,,,6,Female,34,26 - 35,1956,2,5,3,1,,1,1,1,2,34,6,3,0,0,0,0,0,9,1,3,2016.0,010010406,E09000028,0.0,8.0,2.0,2016.0,010010406,9.0,9.0,99.0,9.0,9.0,-1,2016.0,010010406,2016,12,1,20
128334,2016010010410,539510.0,165360.0,0.002837,51.370113,1,Slight,2,2,2016-12-24,Saturday,19:00,Bromley,E09000006,3,232,6,30.0,0,-1,-1,-1,,,4,1,-1,0,0,1,3,E01000760,3,1,24/12/2016,24/12/2016,1,9,9,18,,0,1,0,0,0,,,6,Female,23,21 - 25,1598,1,3,-1,-1,,1,1,1,2,23,5,3,0,0,0,0,0,9,-1,-1,2016.0,010010410,E09000006,0.0,8.0,2.0,2016.0,010010410,8.0,2.0,0.0,2.0,9.0,-1,2016.0,010010410,2016,12,2,19
128336,2016010010417,532410.0,166570.0,-0.098651,51.382686,1,Slight,2,1,2016-12-17,Saturday,18:03,Croydon,E09000008,3,212,1,30.0,1,2,3,222,,,4,9,1,9,9,1,3,E01001012,3,1,17/12/2016,17/12/2016,1,3,9,3,,4,9,0,0,0,,,6,Male,30,26 - 35,108,1,0,6,1,,1,1,1,1,30,6,3,0,0,0,0,0,3,1,6,2016.0,010010417,E09000008,0.0,0.0,2.0,2016.0,010010417,9.0,9.0,0.0,2.0,1.0,-1,2016.0,010010417,2016,12,1,18
128352,2016010010606,514720.0,183200.0,-0.347347,51.536004,1,Slight,2,2,2016-12-21,Wednesday,18:35,Ealing,E09000009,3,40,9,30.0,1,4,3,4127,,,4,9,-1,9,9,1,3,E01001267,3,1,21/12/2016,21/12/2016,1,9,9,18,,8,9,99,0,0,,,6,Female,25,21 - 25,1229,1,2,1,1,,1,1,1,2,25,5,3,0,0,0,0,0,9,1,1,2016.0,010010606,E09000009,0.0,9.0,2.0,2016.0,010010606,9.0,9.0,0.0,9.0,1.0,-1,2016.0,010010606,2016,12,2,18
128365,2016010010732,523330.0,187610.0,-0.221722,51.573824,1,Slight,2,1,2016-12-14,Wednesday,20:50,Barnet,E09000003,3,406,9,30.0,5,-1,6,0,,,4,9,-1,9,9,1,3,E01000221,3,1,14/12/2016,14/12/2016,1,9,9,99,,9,9,99,9,99,,,6,Female,26,26 - 35,1796,1,7,-1,-1,,1,1,1,2,26,6,3,0,0,0,0,0,9,-1,-1,2016.0,010010732,E09000003,0.0,9.0,2.0,2016.0,010010732,9.0,9.0,99.0,9.0,9.0,-1,2016.0,010010732,2016,12,1,20
128367,2016010010757,524460.0,181920.0,-0.207436,51.522439,1,Slight,2,1,2016-12-23,Friday,20:10,Kensington and Chelsea,E09000020,5,0,6,30.0,3,4,6,0,,,4,1,2,0,0,1,1,E01002855,3,1,23/12/2016,23/12/2016,1,9,0,15,,2,0,0,0,0,,,6,Male,29,26 - 35,1349,1,5,1,1,,1,1,1,1,29,6,3,0,0,0,0,0,9,1,1,2016.0,010010757,E09000020,0.0,1.0,2.0,2016.0,010010757,3.0,7.0,0.0,2.0,1.0,-1,2016.0,010010757,2016,12,1,20
128373,2016010010913,534450.0,187260.0,-0.061486,51.568138,1,Slight,2,1,2016-12-23,Friday,20:40,Hackney,E09000012,3,107,6,30.0,0,-1,-1,-1,,,4,9,1,0,0,1,3,E01001727,3,1,23/12/2016,23/12/2016,1,9,0,3,,0,0,0,0,0,,,6,Male,30,26 - 35,1598,1,9,2,1,,1,1,1,1,30,6,3,0,0,0,0,0,9,1,2,2016.0,010010913,E09000012,0.0,0.0,2.0,2016.0,010010913,9.0,9.0,0.0,2.0,9.0,-1,2016.0,010010913,2016,12,1,20
128376,2016010010929,539310.0,179230.0,0.005417,51.494801,1,Slight,2,1,2016-12-25,Sunday,22:46,Greenwich,E09000011,6,0,9,30.0,3,-1,6,0,,,7,9,-1,9,9,1,3,E01001667,3,1,25/12/2016,25/12/2016,1,9,9,99,,9,9,99,9,99,,,6,Male,23,21 - 25,2993,2,3,3,1,,1,1,1,1,23,5,3,0,0,0,0,0,9,1,3,2016.0,010010929,E09000011,0.0,9.0,2.0,2016.0,010010929,9.0,9.0,99.0,9.0,1.0,-1,2016.0,010010929,2016,12,1,22
128389,2016010011139,532820.0,189160.0,-0.084272,51.585599,1,Slight,2,2,2016-12-25,Sunday,21:30,Haringey,E09000014,3,504,9,20.0,99,-1,6,0,,,4,4,-1,9,9,1,3,E01002049,3,1,25/12/2016,25/12/2016,1,9,9,18,,9,9,99,9,99,,,6,Female,32,26 - 35,1595,1,5,2,1,,1,1,1,2,32,6,3,0,0,0,0,0,9,1,2,2016.0,010011139,E09000014,0.0,9.0,2.0,2016.0,010011139,5.0,1.0,0.0,1.0,9.0,-1,2016.0,010011139,2016,12,2,21
128392,2016010011149,518530.0,182550.0,-0.292658,51.529376,1,Slight,2,1,2016-12-20,Tuesday,18:00,Ealing,E09000009,3,406,9,30.0,6,2,3,40,,,4,9,-1,9,9,1,3,E01001278,3,1,20/12/2016,20/12/2016,1,5,9,99,,9,9,99,9,0,,,6,Male,25,21 - 25,599,1,4,6,1,,1,1,1,1,25,5,3,0,0,0,0,0,5,1,6,2016.0,010011149,E09000009,0.0,9.0,2.0,2016.0,010011149,9.0,9.0,99.0,9.0,1.0,-1,2016.0,010011149,2016,12,1,18
128394,2016010011166,541770.0,188390.0,0.044517,51.576501,1,Slight,2,1,2016-12-31,Saturday,01:00,Redbridge,E09000026,3,12,6,30.0,1,2,3,12,,,4,1,1,0,0,1,3,E01003675,3,1,31/12/2016,31/12/2016,1,9,9,3,,1,0,0,0,0,,,6,Male,21,21 - 25,1149,1,16,5,1,,1,1,1,1,21,5,3,0,0,0,0,0,9,1,5,2016.0,010011166,E09000026,0.0,0.0,2.0,2016.0,010011166,5.0,1.0,0.0,2.0,9.0,-1,2016.0,010011166,2016,12,1,1
128402,2016010011249,532550.0,164640.0,-0.09736,51.365308,1,Slight,2,1,2016-12-26,Monday,18:20,Croydon,E09000008,4,274,6,30.0,3,4,6,0,,,7,8,1,0,0,1,3,E01001043,3,1,26/12/2016,26/12/2016,1,9,0,18,,8,1,0,0,0,,,6,Female,22,21 - 25,1390,1,12,-1,-1,,1,1,1,2,22,5,3,0,0,0,0,0,9,-1,-1,2016.0,010011249,E09000008,0.0,0.0,2.0,2016.0,010011249,1.0,5.0,0.0,3.0,1.0,-1,2016.0,010011249,2016,12,1,18
128413,2016010011441,531170.0,176410.0,-0.112819,51.471404,1,Slight,2,1,2016-12-30,Friday,23:15,Lambeth,E09000022,3,23,3,20.0,0,-1,-1,-1,,,4,1,1,0,0,1,1,E01003186,3,1,30/12/2016,30/12/2016,1,8,0,4,,0,0,0,0,0,,,1,Male,33,26 - 35,1797,8,7,4,1,,2,1,1,1,41,7,3,0,0,0,0,0,1,1,5,2016.0,010011441,E09000022,0.0,0.0,2.0,2016.0,010011441,0.0,0.0,0.0,3.0,1.0,-1,2016.0,010011441,2016,12,1,23
128435,2016010011933,543640.0,184000.0,0.069692,51.536581,1,Slight,2,1,2016-12-21,Wednesday,23:53,Barking and Dagenham,E09000002,3,124,1,30.0,1,2,3,406,,,4,9,-1,9,9,1,3,E01033587,3,1,21/12/2016,21/12/2016,1,9,9,18,,1,0,0,0,0,,,6,Male,27,26 - 35,-1,-1,-1,4,1,,1,1,1,1,27,6,3,0,0,0,0,0,9,1,4,2016.0,010011933,E09000002,0.0,9.0,2.0,2016.0,010011933,9.0,9.0,0.0,1.0,9.0,-1,2016.0,010011933,2016,12,1,23
128443,2016010011992,534870.0,183240.0,-0.05697,51.531913,1,Slight,2,1,2016-09-26,Monday,19:45,Tower Hamlets,E09000030,3,107,6,30.0,3,4,6,0,,,1,1,1,0,0,1,1,E01004197,3,1,26/09/2016,26/09/2016,1,3,0,4,,2,0,0,0,0,,,6,Male,21,21 - 25,125,1,12,2,1,,1,1,1,1,21,5,3,0,0,0,0,0,3,1,2,2016.0,010011992,E09000030,0.0,0.0,2.0,2016.0,010011992,5.0,1.0,0.0,2.0,1.0,-1,2016.0,010011992,2016,9,1,19
128453,2016010012100,510620.0,178890.0,-0.407788,51.498083,1,Slight,2,2,2016-12-28,Wednesday,19:20,Hounslow,E09000018,5,0,6,30.0,0,-1,-1,-1,,,4,1,1,9,0,1,3,E01002637,3,1,28/12/2016,28/12/2016,1,9,0,18,,0,0,99,0,0,,,6,Female,28,26 - 35,1364,1,7,4,1,,1,1,1,2,28,6,3,0,0,0,0,0,9,1,4,2016.0,010012100,E09000018,0.0,9.0,2.0,2016.0,010012100,9.0,9.0,0.0,1.0,9.0,-1,2016.0,010012100,2016,12,2,19
128457,2016010012121,537250.0,181800.0,-0.023239,51.5184,1,Slight,2,1,2016-09-28,Wednesday,20:35,Tower Hamlets,E09000030,4,140,6,30.0,6,2,5,0,,,4,1,1,1,0,1,1,E01004272,3,1,28/09/2016,28/09/2016,1,9,0,18,,8,0,0,0,0,,,6,Male,22,21 - 25,1596,1,11,1,1,,2,1,1,1,22,5,3,0,0,0,0,0,3,1,5,2016.0,010012121,E09000030,0.0,5.0,2.0,2016.0,010012121,6.0,2.0,0.0,3.0,1.0,-1,2016.0,010012121,2016,9,1,20
128465,2016010012159,537310.0,181830.0,-0.022363,51.518655,1,Serious,1,1,2016-09-19,Monday,21:37,Tower Hamlets,E09000030,4,140,6,30.0,3,4,6,0,,,4,1,1,0,0,1,1,E01004242,2,2,19/09/2016,19/09/2016,1,3,0,18,,2,0,10,1,2,,,6,Male,19,16 - 20,124,1,8,1,1,,1,1,1,1,19,4,2,0,0,0,0,0,3,1,1,2016.0,010012159,E09000030,0.0,0.0,2.0,2016.0,010012159,2.0,6.0,0.0,1.0,1.0,-1,2016.0,010012159,2016,9,2,21
128466,2016010012160,528310.0,184690.0,-0.150964,51.546472,1,Slight,3,1,2016-12-09,Friday,19:10,Camden,E09000007,6,0,6,30.0,3,4,4,517,,,1,9,1,0,0,1,1,E01000905,3,1,12/09/2016,12/09/2016,1,3,0,18,,2,0,4,0,0,,,2,Male,22,21 - 25,125,1,6,4,1,,1,1,1,1,22,5,3,0,0,0,0,0,3,1,4,2016.0,010012160,E09000007,0.0,0.0,2.0,2016.0,010012160,7.0,3.0,0.0,1.0,1.0,-1,2016.0,010012160,2016,12,1,19
128484,2016010012390,535680.0,183200.0,-0.045315,51.531359,1,Slight,1,1,2016-03-09,Wednesday,21:24,Tower Hamlets,E09000030,4,118,6,20.0,3,4,6,0,,,4,2,2,0,0,1,1,E01032786,3,1,03/09/2016,03/09/2016,1,9,0,18,,1,1,10,7,10,,,6,Male,31,26 - 35,1124,1,15,4,1,,1,1,1,1,31,6,3,0,0,0,0,0,9,1,4,2016.0,010012390,E09000030,0.0,0.0,2.0,2016.0,010012390,2.0,6.0,9.0,1.0,1.0,-1,2016.0,010012390,2016,3,1,21
128518,2016010012526,534350.0,182610.0,-0.064702,51.526375,1,Serious,2,2,2016-03-09,Wednesday,04:20,Tower Hamlets,E09000030,3,1209,6,20.0,6,2,4,108,,,4,1,2,0,0,1,1,E01004313,2,2,03/09/2016,03/09/2016,1,9,0,18,,8,0,0,0,0,,,6,Male,25,21 - 25,1910,2,11,2,1,,1,1,1,1,25,5,3,0,0,0,0,0,9,1,2,2016.0,010012526,E09000030,0.0,5.0,2.0,2016.0,010012526,1.0,5.0,0.0,3.0,1.0,-1,2016.0,010012526,2016,3,4,4
128519,2016010012532,534680.0,181310.0,-0.060444,51.514614,1,Slight,2,1,2016-01-09,Saturday,03:00,Tower Hamlets,E09000030,3,13,6,30.0,6,4,6,0,,,4,1,1,0,0,1,1,E01004304,3,1,01/09/2016,01/09/2016,1,3,0,18,,8,0,0,0,0,,,6,Male,28,26 - 35,125,1,0,2,1,,1,1,1,1,28,6,3,0,0,0,0,0,3,1,2,2016.0,010012532,E09000030,0.0,0.0,2.0,2016.0,010012532,3.0,7.0,0.0,3.0,1.0,-1,2016.0,010012532,2016,1,1,3
128525,2016010012641,530690.0,181840.0,-0.117717,51.520314,1,Slight,2,1,2016-05-09,Monday,21:40,Camden,E09000007,3,401,6,30.0,6,2,5,0,,,4,1,1,0,0,1,1,E01000914,3,1,05/09/2016,05/09/2016,1,3,0,9,,8,0,0,0,0,,,6,Male,21,21 - 25,-1,-1,-1,1,1,,1,1,1,1,21,5,3,0,0,0,0,0,3,1,1,2016.0,010012641,E09000007,0.0,5.0,2.0,2016.0,010012641,6.0,5.0,0.0,3.0,1.0,-1,2016.0,010012641,2016,5,1,21
128542,2016010012680,531580.0,166910.0,-0.110446,51.385934,1,Slight,2,1,2016-09-23,Friday,20:25,Croydon,E09000008,3,235,6,30.0,3,4,6,0,,,1,1,1,0,0,1,1,E01001009,3,1,23/09/2016,23/09/2016,1,2,0,18,,8,0,0,0,0,,,6,Male,20,16 - 20,124,1,15,3,1,,1,1,1,1,20,4,3,0,0,0,0,0,2,1,3,2016.0,010012680,E09000008,0.0,0.0,2.0,2016.0,010012680,5.0,1.0,0.0,1.0,1.0,-1,2016.0,010012680,2016,9,1,20
128543,2016010012682,522260.0,187980.0,-0.237026,51.577382,1,Slight,2,1,2016-12-09,Friday,21:18,Barnet,E09000003,1,1,3,70.0,0,-1,-1,-1,,,4,1,1,0,0,1,1,E01000306,3,1,12/09/2016,12/09/2016,1,9,0,18,,0,0,0,5,6,,,6,Female,24,21 - 25,1900,2,11,6,1,,1,1,1,2,24,5,3,0,0,0,0,0,9,1,6,2016.0,010012682,E09000003,0.0,0.0,1.0,2016.0,010012682,4.0,8.0,0.0,3.0,1.0,-1,2016.0,010012682,2016,12,1,21
128545,2016010012688,526710.0,176380.0,-0.17701,51.47215,1,Slight,2,1,2016-03-09,Wednesday,19:24,Wandsworth,E09000032,4,305,6,30.0,0,-1,-1,-1,,,1,2,2,0,0,1,1,E01033133,3,1,03/09/2016,03/09/2016,1,4,0,18,,0,0,0,0,0,,,1,Male,21,21 - 25,125,1,9,5,1,,1,1,1,1,21,5,3,0,0,0,0,0,4,1,5,2016.0,010012688,E09000032,0.0,4.0,2.0,2016.0,010012688,5.0,1.0,0.0,4.0,1.0,-1,2016.0,010012688,2016,3,1,19
128548,2016010012698,520900.0,183970.0,-0.258021,51.541636,1,Slight,2,1,2016-09-15,Thursday,18:10,Brent,E09000005,3,407,6,30.0,3,4,6,0,,,1,2,2,0,0,1,1,E01000595,3,1,15/09/2016,15/09/2016,1,9,0,9,,8,0,0,0,0,,,6,Male,27,26 - 35,999,1,0,1,1,,2,1,1,2,25,5,3,0,0,0,0,0,1,1,5,2016.0,010012698,E09000005,0.0,0.0,2.0,2016.0,010012698,2.0,8.0,0.0,1.0,1.0,-1,2016.0,010012698,2016,9,1,18
128569,2016010012759,520150.0,184080.0,-0.268793,51.542784,1,Serious,1,2,2016-09-09,Friday,21:07,Brent,E09000005,3,404,6,30.0,3,4,6,0,,,1,1,1,0,0,1,1,E01033456,2,2,09/09/2016,09/09/2016,1,3,0,18,,2,0,0,0,0,,,6,Male,20,16 - 20,125,1,7,8,1,,1,1,1,1,20,4,3,0,0,0,0,0,3,1,8,2016.0,010012759,E09000005,0.0,0.0,2.0,2016.0,010012759,4.0,8.0,0.0,1.0,1.0,-1,2016.0,010012759,2016,9,4,21
128571,2016010012764,524240.0,185170.0,-0.209459,51.551696,1,Slight,2,1,2016-01-09,Saturday,21:26,Brent,E09000005,3,5,6,30.0,0,-1,-1,-1,,,1,1,1,0,0,1,3,E01000558,3,1,01/09/2016,01/09/2016,1,3,0,18,,0,0,0,0,0,,,6,Male,24,21 - 25,125,1,8,-1,-1,,1,1,1,1,24,5,3,0,0,0,0,0,3,-1,-1,2016.0,010012764,E09000005,0.0,0.0,2.0,2016.0,010012764,8.0,4.0,0.0,1.0,1.0,-1,2016.0,010012764,2016,1,1,21
128594,2016010012923,536610.0,189680.0,-0.029399,51.589366,1,Slight,2,1,2016-02-09,Tuesday,02:04,Waltham Forest,E09000031,3,503,6,30.0,3,4,6,0,,,4,1,1,0,0,1,1,E01004458,3,1,02/09/2016,02/09/2016,1,9,0,18,,1,0,0,0,0,,,6,Male,29,26 - 35,2616,1,12,2,1,,2,1,1,1,25,5,3,0,0,0,0,0,3,1,3,2016.0,010012923,E09000031,0.0,0.0,2.0,2016.0,010012923,6.0,2.0,0.0,3.0,1.0,-1,2016.0,010012923,2016,2,1,2
128603,2016010012953,537930.0,194580.0,-0.00843,51.633077,1,Slight,1,1,2016-09-26,Monday,03:20,Waltham Forest,E09000031,3,110,3,30.0,6,2,6,0,,,4,1,1,0,0,1,1,E01004350,3,1,26/09/2016,26/09/2016,1,9,0,18,,2,0,0,1,1,,,1,Male,21,21 - 25,1199,2,1,2,1,,1,1,2,1,20,4,3,0,0,1,0,0,9,1,1,2016.0,010012953,E09000031,0.0,4.0,2.0,2016.0,010012953,4.0,8.0,0.0,1.0,1.0,-1,2016.0,010012953,2016,9,1,3
128614,2016010012999,535020.0,180750.0,-0.055762,51.509501,1,Slight,2,1,2016-11-09,Wednesday,21:50,Tower Hamlets,E09000030,3,1203,6,30.0,0,-1,-1,-1,,,4,1,1,0,0,1,3,E01004297,3,1,11/09/2016,11/09/2016,1,3,0,18,,0,0,0,0,0,,,6,Male,17,16 - 20,124,1,0,6,1,,1,1,1,1,17,4,3,0,0,0,0,0,3,1,6,2016.0,010012999,E09000030,0.0,0.0,2.0,2016.0,010012999,7.0,3.0,0.0,4.0,1.0,-1,2016.0,010012999,2016,11,1,21
128623,2016010013112,527510.0,176390.0,-0.165494,51.472061,1,Slight,2,1,2016-09-30,Friday,23:00,Wandsworth,E09000032,3,3220,6,30.0,6,2,3,3205,,,1,1,1,0,0,1,1,E01004540,3,1,30/09/2016,30/09/2016,1,3,0,18,,8,0,0,0,0,,,6,Male,31,26 - 35,125,1,2,3,1,,1,1,1,1,31,6,3,0,0,0,0,0,3,1,3,2016.0,010013112,E09000032,0.0,5.0,2.0,2016.0,010013112,6.0,2.0,0.0,1.0,1.0,-1,2016.0,010013112,2016,9,1,23
128635,2016010013133,539770.0,190400.0,0.016473,51.595062,1,Serious,1,3,2016-09-25,Sunday,00:01,Redbridge,E09000026,3,406,3,50.0,5,4,6,0,,,1,1,1,0,0,1,1,E01003673,2,2,25/09/2016,25/09/2016,1,9,0,11,,5,1,0,5,6,,,6,Male,21,21 - 25,2967,1,15,-1,-1,,1,1,1,1,21,5,2,0,0,0,0,0,9,-1,-1,2016.0,010013133,E09000026,0.0,0.0,2.0,2016.0,010013133,3.0,7.0,0.0,1.0,1.0,-1,2016.0,010013133,2016,9,6,0
128638,2016010013142,539420.0,187180.0,0.010146,51.566214,1,Slight,2,1,2016-09-29,Thursday,20:36,Waltham Forest,E09000031,3,11,6,30.0,6,4,6,0,,,4,1,1,0,0,1,1,E01004440,3,1,29/09/2016,29/09/2016,1,3,0,13,,1,0,0,0,0,,,6,Male,30,26 - 35,-1,-1,-1,3,1,,1,1,1,1,30,6,3,0,0,0,0,0,3,1,3,2016.0,010013142,E09000031,0.0,0.0,2.0,2016.0,010013142,5.0,1.0,0.0,1.0,1.0,-1,2016.0,010013142,2016,9,1,20
128641,2016010013154,538380.0,185940.0,-0.005337,51.555327,1,Slight,1,2,2016-04-09,Saturday,05:20,Waltham Forest,E09000031,6,0,6,30.0,6,4,3,112,,,4,8,2,0,0,1,1,E01004336,3,1,04/09/2016,04/09/2016,1,9,0,7,,6,0,10,7,3,,,6,Male,30,26 - 35,1386,1,6,-1,-1,,1,1,2,2,26,6,3,0,0,2,0,0,9,1,2,2016.0,010013154,E09000031,0.0,1.0,2.0,2016.0,010013154,2.0,5.0,0.0,1.0,1.0,-1,2016.0,010013154,2016,4,2,5
128647,2016010013183,538660.0,180820.0,-0.003316,51.509249,1,Slight,2,1,2016-03-09,Wednesday,21:30,Tower Hamlets,E09000030,3,1261,3,50.0,0,-1,-1,-1,,,1,2,2,0,0,1,1,E01032777,3,1,03/09/2016,03/09/2016,1,9,0,18,,0,0,0,0,0,,,6,Female,30,26 - 35,1995,2,3,3,1,,2,1,1,1,17,4,3,0,0,0,0,0,9,1,4,2016.0,010013183,E09000030,0.0,0.0,2.0,2016.0,010013183,6.0,2.0,0.0,1.0,1.0,-1,2016.0,010013183,2016,3,1,21
128648,2016010013185,531090.0,164540.0,-0.118357,51.364748,1,Slight,2,1,2016-12-22,Thursday,20:30,Croydon,E09000008,3,232,7,30.0,7,2,3,23,,,7,1,1,0,0,1,3,E01001167,3,1,22/12/2016,22/12/2016,1,8,0,9,,8,0,0,0,0,,,1,Male,27,26 - 35,1798,8,3,3,1,,1,1,1,1,27,6,3,0,0,0,0,0,8,1,3,2016.0,010013185,E09000008,0.0,1.0,2.0,2016.0,010013185,3.0,4.0,0.0,1.0,9.0,-1,2016.0,010013185,2016,12,1,20
128650,2016010013193,537310.0,189000.0,-0.019567,51.583086,1,Slight,2,1,2016-04-09,Saturday,01:20,Waltham Forest,E09000031,5,0,6,30.0,0,-1,-1,-1,,,4,2,2,0,0,1,3,E01004397,3,1,04/09/2016,04/09/2016,1,3,0,18,,0,0,0,0,0,,,6,Male,19,16 - 20,-1,-1,-1,3,1,,1,1,1,1,19,4,3,0,0,0,0,0,3,1,3,2016.0,010013193,E09000031,0.0,5.0,2.0,2016.0,010013193,3.0,7.0,0.0,1.0,1.0,-1,2016.0,010013193,2016,4,1,1
128656,2016010013234,538440.0,191450.0,-0.002302,51.604825,1,Slight,3,3,2016-01-09,Saturday,23:11,Waltham Forest,E09000031,4,160,6,30.0,0,-1,-1,-1,,,4,1,1,0,0,1,1,E01004381,3,1,01/09/2016,01/09/2016,1,9,0,18,,0,0,0,0,0,,,6,Male,29,26 - 35,-1,-1,-1,6,1,,1,1,2,1,20,4,3,0,0,1,0,0,9,-1,-1,2016.0,010013234,E09000031,0.0,0.0,2.0,2016.0,010013234,1.0,5.0,0.0,1.0,1.0,-1,2016.0,010013234,2016,1,3,23