,accident_index,location_easting_osgr,location_northing_osgr,longitude,latitude,police_force,accident_severity,number_of_vehicles,number_of_casualties,date,day_of_week,time,local_authority_district,local_authority_highway,first_road_class,first_road_number,road_type,speed_limit,junction_detail,junction_control,second_road_class,second_road_number,pedestrian_crossing-human_control,pedestrian_crossing-physical_facilities,light_conditions,weather_conditions,road_surface_conditions,special_conditions_at_site,carriageway_hazards,urban_or_rural_area,did_police_officer_attend_scene_of_accident,lsoa_of_accident_location,accident_severity_num,accident_severity_inv,date2,date_original,vehicle_reference_x,vehicle_type,towing_and_articulation,vehicle_manoeuvre,vehicle_location-restricted_lane,junction_location,skidding_and_overturning,hit_object_in_carriageway,vehicle_leaving_carriageway,hit_object_off_carriageway,1st_point_of_impact,was_vehicle_left_hand_drive?,journey_purpose_of_driver,sex_of_driver,age_of_driver,age_band_of_driver,engine_capacity_cc,propulsion_code,age_of_vehicle,driver_imd_decile,driver_home_area_type,vehicle_imd_decile,vehicle_reference_y,casualty_reference,casualty_class,sex_of_casualty,age_of_casualty,age_band_of_casualty,casualty_severity,pedestrian_location,pedestrian_movement,car_passenger,bus_or_coach_passenger,pedestrian_road_maintenance_worker,casualty_type,casualty_home_area_type,casualty_imd_decile,accident_year_x,accident_reference_x,local_authority_ons_district,pedestrian_crossing_human_control,pedestrian_crossing_physical_facilities,trunk_road_flag,accident_year_y,accident_reference_y,vehicle_direction_from,vehicle_direction_to,vehicle_location_restricted_lane,first_point_of_impact,vehicle_left_hand_drive,generic_make_model,accident_year,accident_reference,year,month,severity,hours
128673,2016010013315,536110.0,190730.0,-0.036205,51.598923,1,Slight,2,1,2016-09-23,Friday,22:35,Waltham Forest,E09000031,4,179,6,30.0,1,4,5,0,,,1,1,1,0,0,1,1,E01004398,3,1,23/09/2016,23/09/2016,1,3,0,18,,1,1,0,0,0,,,6,Male,31,26 - 35,124,1,13,5,1,,1,1,1,1,31,6,3,0,0,0,0,0,3,1,5,2016.0,010013315,E09000031,0.0,1.0,2.0,2016.0,010013315,7.0,3.0,0.0,4.0,1.0,-1,2016.0,010013315,2016,9,1,22
128674,2016010013324,536620.0,189360.0,-0.029379,51.586488,1,Slight,2,1,2016-09-26,Monday,03:34,Waltham Forest,E09000031,5,0,2,30.0,3,4,6,0,,,4,1,1,0,0,1,1,E01004462,3,1,26/09/2016,26/09/2016,1,9,0,18,,2,0,0,0,0,,,6,Male,23,21 - 25,1984,1,9,2,1,,1,1,1,1,23,5,3,0,0,0,0,0,9,1,2,2016.0,010013324,E09000031,0.0,0.0,2.0,2016.0,010013324,7.0,3.0,0.0,1.0,1.0,-1,2016.0,010013324,2016,9,1,3
128679,2016010013441,534320.0,186180.0,-0.063773,51.558464,1,Serious,2,1,2016-12-27,Tuesday,19:00,Hackney,E09000012,5,0,6,20.0,6,1,6,0,,,4,1,2,0,0,1,3,E01001764,2,2,27/12/2016,27/12/2016,1,3,0,18,,9,0,4,9,0,,,1,Male,21,21 - 25,108,1,4,1,1,,1,1,1,1,21,5,2,0,0,0,0,0,3,1,1,2016.0,010013441,E09000012,0.0,0.0,2.0,2016.0,010013441,1.0,5.0,0.0,3.0,1.0,-1,2016.0,010013441,2016,12,2,19
128683,2016010013475,527580.0,176200.0,-0.164555,51.470337,1,Slight,1,1,2016-09-26,Monday,19:16,Wandsworth,E09000032,3,3220,6,30.0,3,4,6,0,,,1,1,1,0,0,1,3,E01004534,3,1,26/09/2016,26/09/2016,1,3,0,18,,1,0,0,0,0,,,6,Female,31,26 - 35,125,1,5,8,1,,1,1,1,2,31,6,3,0,0,0,0,0,3,1,8,2016.0,010013475,E09000032,0.0,0.0,2.0,2016.0,010013475,5.0,1.0,0.0,4.0,1.0,-1,2016.0,010013475,2016,9,1,19
128688,2016010013482,538380.0,186370.0,-0.005168,51.559191,1,Serious,3,3,2016-01-09,Saturday,20:37,Waltham Forest,E09000031,3,106,2,30.0,0,-1,-1,-1,,,4,1,1,0,0,1,1,E01004376,2,2,01/09/2016,01/09/2016,1,9,0,18,,0,5,4,0,0,,,6,Female,19,16 - 20,1197,1,5,4,1,,1,1,1,2,19,4,3,0,0,0,0,0,9,1,4,2016.0,010013482,E09000031,0.0,0.0,2.0,2016.0,010013482,2.0,6.0,0.0,3.0,1.0,-1,2016.0,010013482,2016,1,6,20
128692,2016010013488,525250.0,178430.0,-0.197293,51.490899,1,Slight,2,1,2016-04-09,Saturday,01:49,Kensington and Chelsea,E09000020,3,3220,6,30.0,3,4,6,0,,,4,1,1,0,0,1,1,E01002847,3,1,04/09/2016,04/09/2016,1,8,0,9,,1,0,0,0,0,,,1,Male,28,26 - 35,1968,2,3,5,1,,2,1,1,1,21,5,3,0,0,0,0,0,4,1,6,2016.0,010013488,E09000020,0.0,0.0,2.0,2016.0,010013488,4.0,2.0,0.0,3.0,2.0,-1,2016.0,010013488,2016,4,1,1
128693,2016010013489,537960.0,187010.0,-0.010972,51.565045,1,Slight,2,1,2016-09-21,Wednesday,18:40,Waltham Forest,E09000031,3,112,3,30.0,3,4,6,0,,,1,1,1,0,0,1,1,E01004435,3,1,21/09/2016,21/09/2016,1,9,0,9,,5,0,0,0,0,,,6,Male,33,26 - 35,2993,2,9,4,1,,2,1,1,1,45,7,3,0,0,0,0,0,1,1,7,2016.0,010013489,E09000031,0.0,0.0,2.0,2016.0,010013489,5.0,3.0,0.0,0.0,1.0,-1,2016.0,010013489,2016,9,1,18
128695,2016010013491,539630.0,187590.0,0.013337,51.569846,1,Slight,2,1,2016-09-16,Friday,21:27,Waltham Forest,E09000031,3,106,6,30.0,3,1,3,106,,,4,1,1,0,0,1,1,E01004436,3,1,16/09/2016,16/09/2016,1,2,0,18,,1,0,0,0,0,,,1,Male,18,16 - 20,49,1,6,-1,-1,,1,1,1,1,18,4,3,0,0,0,0,0,2,-1,-1,2016.0,010013491,E09000031,0.0,5.0,2.0,2016.0,010013491,2.0,6.0,0.0,1.0,1.0,-1,2016.0,010013491,2016,9,1,21
128696,2016010013493,534860.0,186070.0,-0.05603,51.557347,1,Slight,2,1,2016-04-09,Saturday,22:00,Hackney,E09000012,3,107,6,30.0,3,4,6,0,,,4,1,1,0,0,1,1,E01001770,3,1,04/09/2016,04/09/2016,1,9,0,9,,8,0,0,0,0,,,6,Male,24,21 - 25,998,1,1,2,1,,2,1,1,1,32,6,3,0,0,0,0,0,3,1,2,2016.0,010013493,E09000012,0.0,0.0,2.0,2016.0,010013493,2.0,1.0,0.0,3.0,1.0,-1,2016.0,010013493,2016,4,1,22
128707,2016010013505,539980.0,191770.0,0.020049,51.60732,1,Slight,2,1,2016-05-09,Monday,18:00,Redbridge,E09000026,3,1009,3,30.0,3,2,3,104,,,1,1,1,0,0,1,1,E01003750,3,1,05/09/2016,05/09/2016,1,9,0,9,,8,0,0,0,0,,,6,Female,20,16 - 20,1229,1,2,8,2,,2,1,1,2,29,6,3,0,0,0,0,0,1,1,4,2016.0,010013505,E09000026,0.0,5.0,2.0,2016.0,010013505,8.0,6.0,0.0,1.0,2.0,-1,2016.0,010013505,2016,5,1,18
128711,2016010013509,536790.0,191530.0,-0.026082,51.605947,1,Slight,2,3,2016-03-09,Wednesday,22:24,Waltham Forest,E09000031,3,406,3,50.0,9,4,6,0,,,4,9,1,0,0,1,3,E01004399,3,1,03/09/2016,03/09/2016,1,9,0,18,,1,0,0,0,0,,,6,Male,26,26 - 35,1598,1,14,2,1,,1,1,1,1,26,6,3,0,0,0,0,0,9,1,2,2016.0,010013509,E09000031,0.0,0.0,2.0,2016.0,010013509,8.0,4.0,0.0,2.0,1.0,-1,2016.0,010013509,2016,3,3,22
128741,2016010013664,539730.0,172050.0,0.008628,51.430177,1,Slight,2,1,2016-11-17,Thursday,18:30,Lewisham,E09000023,6,0,6,20.0,6,4,6,0,,,4,1,1,0,0,1,3,E01003351,3,1,17/11/2016,17/11/2016,1,9,9,18,,8,0,0,0,0,,,6,Female,17,16 - 20,1598,2,6,-1,-1,,2,1,1,2,45,7,3,0,0,0,0,0,9,1,2,2016.0,010013664,E09000023,0.0,0.0,2.0,2016.0,010013664,3.0,7.0,0.0,4.0,9.0,-1,2016.0,010013664,2016,11,1,18
128753,2016010013775,547700.0,187430.0,0.129629,51.566354,1,Slight,2,1,2016-09-30,Friday,20:10,Barking and Dagenham,E09000002,5,0,3,30.0,6,2,5,0,,,4,2,2,0,0,1,1,E01000097,3,1,30/09/2016,30/09/2016,1,9,0,18,,8,0,0,0,0,,,6,Male,29,26 - 35,1997,1,7,2,1,,1,1,1,1,29,6,3,0,0,0,0,0,9,1,2,2016.0,010013775,E09000002,0.0,5.0,2.0,2016.0,010013775,1.0,5.0,0.0,1.0,1.0,-1,2016.0,010013775,2016,9,1,20
128771,2016010013911,519800.0,186590.0,-0.272983,51.565417,1,Slight,2,1,2016-07-09,Saturday,20:46,Brent,E09000005,3,4088,6,30.0,3,2,5,0,,,4,1,1,0,0,1,1,E01000481,3,1,07/09/2016,07/09/2016,1,9,0,3,,1,0,0,0,0,,,6,Female,30,26 - 35,1598,1,5,1,1,,1,1,1,2,30,6,3,0,0,0,0,0,9,1,1,2016.0,010013911,E09000005,0.0,5.0,2.0,2016.0,010013911,7.0,3.0,0.0,2.0,1.0,-1,2016.0,010013911,2016,7,1,20
128776,2016010013927,548450.0,189040.0,0.141122,51.580623,1,Slight,2,1,2016-09-13,Tuesday,20:45,Barking and Dagenham,E09000002,3,1112,7,50.0,5,4,3,12,,,4,1,1,0,0,1,1,E01000030,3,1,13/09/2016,13/09/2016,1,9,0,9,,1,0,0,0,0,,,6,Male,31,26 - 35,1798,1,4,1,1,,2,1,1,1,26,6,3,0,0,0,0,0,9,-1,-1,2016.0,010013927,E09000002,0.0,0.0,2.0,2016.0,010013927,2.0,5.0,0.0,1.0,1.0,-1,2016.0,010013927,2016,9,1,20
128793,2016010014023,530090.0,182810.0,-0.126002,51.529169,1,Slight,1,1,2016-12-14,Wednesday,23:04,Camden,E09000007,3,501,3,30.0,6,2,5,0,,,4,1,2,0,0,1,3,E01000956,3,1,14/12/2016,14/12/2016,1,4,0,18,,2,5,99,9,99,,,6,Male,32,26 - 35,-1,-1,-1,3,1,,1,1,1,1,32,6,3,0,0,0,0,0,4,1,3,2016.0,010014023,E09000007,0.0,0.0,2.0,2016.0,010014023,7.0,3.0,0.0,9.0,1.0,-1,2016.0,010014023,2016,12,1,23
128809,2016010014249,532430.0,177810.0,-0.094164,51.483692,1,Slight,2,1,2016-12-20,Tuesday,20:35,Southwark,E09000028,3,215,6,30.0,0,-1,-1,-1,,,4,1,1,9,0,1,3,E01003969,3,1,20/12/2016,20/12/2016,1,9,0,18,,0,0,99,9,99,,,6,Female,22,21 - 25,-1,-1,-1,2,1,,1,1,1,2,22,5,3,0,0,0,0,0,9,1,2,2016.0,010014249,E09000028,0.0,0.0,2.0,2016.0,010014249,9.0,9.0,0.0,9.0,1.0,-1,2016.0,010014249,2016,12,1,20
128846,2016010016746,537610.0,194890.0,-0.012929,51.635941,1,Slight,2,1,2016-09-14,Wednesday,06:00,Waltham Forest,E09000031,3,112,3,30.0,6,2,3,110,,,1,1,1,0,0,1,1,E01004350,3,1,14/09/2016,14/09/2016,1,9,0,18,,8,0,0,0,0,,,6,Male,24,21 - 25,1388,1,9,-1,-1,,2,1,1,1,26,6,3,0,0,0,0,0,9,1,6,2016.0,010016746,E09000031,0.0,5.0,2.0,2016.0,010016746,1.0,5.0,0.0,1.0,1.0,-1,2016.0,010016746,2016,9,1,6
128856,2016010016775,538430.0,185570.0,-0.004762,51.55199,1,Slight,2,1,2016-09-14,Wednesday,18:33,Waltham Forest,E09000031,3,112,6,30.0,3,4,6,0,,,1,1,1,0,0,1,1,E01004336,3,1,14/09/2016,14/09/2016,1,9,0,9,,8,0,0,0,0,,,6,Male,30,26 - 35,2967,2,3,4,1,,2,1,1,1,20,4,3,0,0,0,0,0,3,1,1,2016.0,010016775,E09000031,0.0,0.0,2.0,2016.0,010016775,4.0,2.0,0.0,1.0,1.0,-1,2016.0,010016775,2016,9,1,18
128866,2016010016815,532550.0,163320.0,-0.097851,51.353446,1,Slight,2,2,2016-09-21,Wednesday,21:00,Croydon,E09000008,3,235,6,30.0,3,4,3,235,,,4,1,1,0,0,1,1,E01001041,3,1,21/09/2016,21/09/2016,1,9,0,4,,8,0,0,0,0,,,6,Male,28,26 - 35,1461,2,6,6,1,,1,1,1,1,28,6,3,0,0,0,0,0,9,1,6,2016.0,010016815,E09000008,0.0,1.0,2.0,2016.0,010016815,1.0,5.0,0.0,2.0,1.0,-1,2016.0,010016815,2016,9,2,21
128886,2016010016873,535460.0,185040.0,-0.047777,51.547947,1,Slight,1,1,2016-09-25,Sunday,22:05,Hackney,E09000012,3,102,6,30.0,3,2,5,0,,,1,1,1,0,0,1,1,E01001730,3,1,25/09/2016,25/09/2016,1,9,0,7,,2,1,7,0,0,,,6,Male,19,16 - 20,1242,1,6,2,1,,1,1,2,2,43,7,3,0,0,1,0,0,9,1,2,2016.0,010016873,E09000012,0.0,5.0,2.0,2016.0,010016873,5.0,7.0,0.0,3.0,1.0,-1,2016.0,010016873,2016,9,1,22
128899,2016010016933,534500.0,181720.0,-0.062881,51.518342,1,Serious,2,1,2016-09-19,Monday,02:45,Tower Hamlets,E09000030,3,11,6,30.0,6,2,4,108,,,4,1,1,0,0,1,1,E01004309,2,2,19/09/2016,19/09/2016,1,9,0,18,,8,0,0,0,0,,,6,Male,23,21 - 25,1598,1,17,4,1,,1,1,1,1,23,5,2,0,0,0,0,0,9,1,4,2016.0,010016933,E09000030,0.0,0.0,2.0,2016.0,010016933,6.0,2.0,0.0,1.0,1.0,-1,2016.0,010016933,2016,9,2,2
128921,2016010017067,542630.0,185860.0,0.055893,51.55355,1,Slight,2,1,2016-09-24,Saturday,21:20,Newham,E09000025,3,118,6,30.0,3,4,6,0,,,1,1,1,0,0,1,1,E01003576,3,1,24/09/2016,24/09/2016,1,9,0,18,,8,0,0,0,0,,,6,Male,23,21 - 25,998,1,0,2,1,,2,1,1,1,15,3,3,0,0,0,0,0,1,-1,-1,2016.0,010017067,E09000025,0.0,4.0,2.0,2016.0,010017067,6.0,2.0,0.0,3.0,1.0,-1,2016.0,010017067,2016,9,1,21
128924,2016010017074,523580.0,164810.0,-0.226084,51.368857,1,Slight,1,1,2016-09-18,Sunday,05:25,Sutton,E09000029,3,2043,6,30.0,3,4,6,0,,,1,1,1,0,0,1,1,E01004118,3,1,18/09/2016,18/09/2016,1,9,0,18,,8,1,10,1,1,,,6,Male,27,26 - 35,-1,-1,-1,8,1,,1,1,1,1,27,6,3,0,0,0,0,0,9,1,8,2016.0,010017074,E09000029,0.0,0.0,2.0,2016.0,010017074,4.0,8.0,0.0,1.0,1.0,-1,2016.0,010017074,2016,9,1,5
128928,2016010017087,540510.0,185610.0,0.025235,51.551835,1,Slight,2,1,2016-09-24,Saturday,18:12,Newham,E09000025,3,114,6,30.0,0,-1,-1,-1,,,1,1,1,4,0,1,3,E01003543,3,1,24/09/2016,24/09/2016,1,8,0,3,,0,0,0,0,0,,,1,Male,34,26 - 35,2143,2,4,3,1,,1,1,1,1,34,6,3,0,0,0,0,0,8,1,3,2016.0,010017087,E09000025,0.0,0.0,2.0,2016.0,010017087,1.0,5.0,0.0,2.0,1.0,-1,2016.0,010017087,2016,9,1,18
128941,2016010017137,511250.0,173100.0,-0.400537,51.445918,1,Slight,1,1,2016-04-09,Saturday,22:25,Hounslow,E09000018,3,312,6,30.0,6,2,4,3377,,,1,2,2,0,0,1,1,E01002611,3,1,04/09/2016,04/09/2016,1,9,0,5,,1,0,0,0,0,,,6,Male,27,26 - 35,1329,1,3,3,1,,1,1,3,1,43,7,3,1,9,0,0,2,0,1,4,2016.0,010017137,E09000018,0.0,5.0,2.0,2016.0,010017137,8.0,4.0,0.0,1.0,1.0,-1,2016.0,010017137,2016,4,1,22
128950,2016010017169,533210.0,182620.0,-0.081122,51.526735,1,Slight,1,2,2016-09-15,Thursday,22:27,Hackney,E09000012,3,5201,6,20.0,3,2,6,0,,,4,1,1,0,0,1,1,E01033708,3,1,15/09/2016,15/09/2016,1,9,0,18,,1,0,0,0,0,,,6,Male,26,26 - 35,1098,1,-1,1,1,,1,1,3,2,27,6,3,4,1,0,0,2,0,1,1,2016.0,010017169,E09000012,0.0,5.0,2.0,2016.0,010017169,2.0,6.0,0.0,1.0,1.0,-1,2016.0,010017169,2016,9,2,22
128951,2016010017177,541680.0,185290.0,0.04197,51.548667,1,Slight,2,1,2016-03-09,Wednesday,23:40,Newham,E09000025,3,118,6,30.0,3,4,5,0,,,4,1,1,0,0,1,1,E01003586,3,1,03/09/2016,03/09/2016,1,2,0,18,,8,0,0,0,0,,,2,Male,28,26 - 35,125,1,1,4,1,,1,1,1,1,28,6,3,0,0,0,0,0,2,1,4,2016.0,010017177,E09000025,0.0,0.0,2.0,2016.0,010017177,6.0,2.0,0.0,1.0,1.0,-1,2016.0,010017177,2016,3,1,23
128957,2016010017207,532210.0,168280.0,-0.100887,51.3981,1,Serious,2,1,2016-08-09,Tuesday,20:00,Croydon,E09000008,4,266,6,30.0,6,4,5,0,,,1,1,1,0,0,1,3,E01001000,2,2,08/09/2016,08/09/2016,1,3,0,4,,8,0,0,0,0,,,6,Male,28,26 - 35,125,1,4,-1,-1,,1,1,1,1,28,6,2,0,0,0,0,0,3,-1,-1,2016.0,010017207,E09000008,0.0,0.0,2.0,2016.0,010017207,2.0,6.0,0.0,4.0,1.0,-1,2016.0,010017207,2016,8,2,20
128958,2016010017215,540580.0,184890.0,0.025956,51.545348,1,Serious,2,1,2016-10-09,Sunday,20:20,Newham,E09000025,3,114,6,20.0,6,4,6,0,,,1,1,1,0,0,1,3,E01003558,2,2,10/09/2016,10/09/2016,1,9,0,18,,8,0,0,0,0,,,6,Male,26,26 - 35,1968,2,11,2,1,,2,1,1,1,28,6,2,0,0,0,0,0,3,1,2,2016.0,010017215,E09000025,0.0,0.0,2.0,2016.0,010017215,7.0,3.0,0.0,3.0,1.0,-1,2016.0,010017215,2016,10,2,20
128973,2016010017330,540500.0,182810.0,0.023974,51.526677,1,Slight,2,1,2016-09-14,Wednesday,18:45,Newham,E09000025,4,166,6,30.0,3,4,6,0,,,1,1,1,0,0,1,1,E01003594,3,1,14/09/2016,14/09/2016,1,4,0,18,,1,0,0,0,0,,,6,Male,27,26 - 35,125,1,9,2,1,,1,1,1,1,27,6,3,0,0,0,0,0,4,1,2,2016.0,010017330,E09000025,0.0,1.0,2.0,2016.0,010017330,5.0,1.0,0.0,1.0,1.0,-1,2016.0,010017330,2016,9,1,18
128983,2016010017357,511050.0,173450.0,-0.403304,51.449103,1,Slight,2,1,2016-11-09,Wednesday,20:45,Hounslow,E09000018,3,312,6,30.0,0,-1,-1,-1,,,7,1,1,0,0,1,1,E01002612,3,1,11/09/2016,11/09/2016,1,9,0,4,,0,0,0,0,0,,,2,Male,31,26 - 35,1497,8,7,10,1,,1,1,1,1,31,6,3,0,0,0,0,0,9,1,10,2016.0,010017357,E09000018,0.0,0.0,2.0,2016.0,010017357,4.0,8.0,0.0,2.0,1.0,-1,2016.0,010017357,2016,11,1,20
128986,2016010017364,549030.0,175110.0,0.1436,51.455305,1,Slight,2,2,2016-09-22,Thursday,20:40,Bexley,E09000004,3,207,1,30.0,1,4,5,0,,,4,1,1,0,0,1,1,E01000362,3,1,22/09/2016,22/09/2016,1,9,0,18,,8,0,0,0,0,,,6,Female,21,21 - 25,973,1,13,8,1,,1,1,1,2,21,5,3,0,0,0,0,0,9,1,8,2016.0,010017364,E09000004,0.0,4.0,2.0,2016.0,010017364,4.0,8.0,0.0,4.0,1.0,-1,2016.0,010017364,2016,9,2,20
128991,2016010017383,541510.0,182940.0,0.038576,51.527593,1,Slight,2,1,2016-09-13,Tuesday,21:45,Newham,E09000025,5,0,6,30.0,3,4,6,0,,,4,1,1,0,0,1,1,E01003603,3,1,13/09/2016,13/09/2016,1,9,0,18,,8,0,0,0,0,,,6,Male,28,26 - 35,1598,1,1,4,1,,2,1,1,1,60,9,3,0,0,0,0,0,9,1,3,2016.0,010017383,E09000025,0.0,0.0,2.0,2016.0,010017383,1.0,5.0,0.0,4.0,1.0,-1,2016.0,010017383,2016,9,1,21
128993,2016010017391,536410.0,182520.0,-0.03506,51.525073,1,Serious,1,1,2016-09-29,Thursday,00:13,Tower Hamlets,E09000030,3,1205,6,30.0,6,2,3,11,,,4,1,1,0,0,1,1,E01004232,2,2,29/09/2016,29/09/2016,1,9,0,5,,1,0,0,0,0,,,6,Male,19,16 - 20,1598,2,1,6,1,,1,1,3,1,19,4,2,4,2,0,0,2,0,2,9,2016.0,010017391,E09000030,0.0,5.0,2.0,2016.0,010017391,5.0,1.0,0.0,1.0,1.0,-1,2016.0,010017391,2016,9,2,0
129007,2016010017456,545260.0,176110.0,0.089788,51.46527,1,Slight,1,1,2016-09-09,Friday,18:27,Bexley,E09000004,3,207,6,30.0,0,-1,-1,-1,,,1,1,1,0,0,1,1,E01000395,3,1,09/09/2016,09/09/2016,1,9,0,18,,0,0,7,0,0,,,6,Female,29,26 - 35,1360,1,9,4,1,,1,1,1,2,29,6,3,0,0,0,0,0,9,1,4,2016.0,010017456,E09000004,0.0,8.0,2.0,2016.0,010017456,4.0,8.0,0.0,1.0,1.0,-1,2016.0,010017456,2016,9,1,18
129019,2016010017599,512420.0,176840.0,-0.38252,51.479302,1,Slight,2,1,2016-09-17,Saturday,23:31,Hounslow,E09000018,5,0,6,30.0,0,-1,-1,-1,,,4,1,1,0,0,1,1,E01002619,3,1,17/09/2016,17/09/2016,1,9,0,18,,0,0,10,7,2,,,6,Female,22,21 - 25,-1,-1,-1,2,1,,1,1,2,1,25,5,3,0,0,1,0,0,9,1,2,2016.0,010017599,E09000018,0.0,0.0,2.0,2016.0,010017599,1.0,5.0,0.0,1.0,1.0,-1,2016.0,010017599,2016,9,1,23
129029,2016010017653,533600.0,186330.0,-0.074096,51.559983,1,Slight,1,1,2016-09-29,Thursday,19:10,Hackney,E09000012,3,10,2,30.0,0,-1,-1,-1,,,1,1,1,0,0,1,1,E01001830,3,1,29/09/2016,29/09/2016,1,9,0,18,,0,0,0,0,0,,,6,Male,31,26 - 35,1598,1,8,3,1,,1,1,3,1,51,8,3,4,3,0,0,2,0,1,1,2016.0,010017653,E09000012,0.0,4.0,2.0,2016.0,010017653,5.0,1.0,0.0,1.0,1.0,-1,2016.0,010017653,2016,9,1,19
129037,2016010017690,508400.0,173550.0,-0.441394,51.450515,1,Serious,2,1,2016-09-13,Tuesday,18:18,Hounslow,E09000018,3,315,6,30.0,9,4,5,0,,,1,9,1,0,0,1,1,E01002557,2,2,13/09/2016,13/09/2016,1,3,0,18,,1,0,0,0,0,,,6,Male,22,21 - 25,125,1,15,6,1,,1,1,1,1,22,5,2,0,0,0,0,0,3,1,6,2016.0,010017690,E09000018,0.0,0.0,2.0,2016.0,010017690,2.0,6.0,0.0,1.0,1.0,-1,2016.0,010017690,2016,9,2,18
129045,2016010017739,533940.0,186110.0,-0.069278,51.557925,1,Slight,3,1,2016-09-25,Sunday,05:23,Hackney,E09000012,3,10,2,30.0,6,2,5,0,,,4,1,1,0,0,1,1,E01001832,3,1,25/09/2016,25/09/2016,1,9,0,18,,2,2,4,0,0,,,6,Male,20,16 - 20,1598,1,5,5,1,,1,1,1,1,20,4,3,0,0,0,0,0,9,1,5,2016.0,010017739,E09000012,0.0,5.0,2.0,2016.0,010017739,2.0,4.0,0.0,3.0,1.0,-1,2016.0,010017739,2016,9,1,5
129047,2016010017870,514260.0,175840.0,-0.356358,51.469946,1,Slight,2,1,2016-09-17,Saturday,22:30,Hounslow,E09000018,3,315,3,40.0,0,-1,-1,-1,,,1,1,1,0,0,1,3,E01002645,3,1,17/09/2016,17/09/2016,1,9,0,18,,0,0,10,1,0,,,6,Male,26,26 - 35,1984,1,8,3,1,,1,1,1,1,26,6,3,0,0,0,0,0,9,1,3,2016.0,010017870,E09000018,0.0,0.0,2.0,2016.0,010017870,2.0,6.0,0.0,3.0,1.0,-1,2016.0,010017870,2016,9,1,22
129079,2016010017955,541440.0,183100.0,0.037632,51.529048,1,Slight,2,1,2016-09-16,Friday,01:01,Newham,E09000025,5,0,6,30.0,6,4,6,0,,,4,1,1,0,0,1,1,E01003605,3,1,16/09/2016,16/09/2016,1,9,0,18,,2,0,4,0,0,,,6,Male,31,26 - 35,2171,1,12,4,1,,1,1,2,2,30,6,3,0,0,1,0,0,9,1,3,2016.0,010017955,E09000025,0.0,0.0,2.0,2016.0,010017955,1.0,5.0,0.0,1.0,1.0,-1,2016.0,010017955,2016,9,1,1
129084,2016010017966,539050.0,184510.0,0.003756,51.542312,1,Slight,2,1,2016-02-09,Tuesday,18:00,Newham,E09000025,3,118,2,20.0,3,4,6,0,,,1,1,1,0,0,1,3,E01003619,3,1,02/09/2016,02/09/2016,1,3,0,4,,2,0,0,0,0,,,6,Male,21,21 - 25,125,1,3,3,1,,1,1,1,1,21,5,3,0,0,0,0,0,3,1,3,2016.0,010017966,E09000025,0.0,0.0,2.0,2016.0,010017966,1.0,5.0,0.0,2.0,1.0,-1,2016.0,010017966,2016,2,1,18
129090,2016010017979,520990.0,186160.0,-0.255971,51.561299,1,Slight,2,1,2016-01-09,Saturday,01:09,Brent,E09000005,3,4088,1,30.0,1,4,3,4088,,,4,1,1,0,0,1,1,E01000627,3,1,01/09/2016,01/09/2016,1,9,0,7,,8,0,0,0,0,,,6,Male,23,21 - 25,2401,2,9,6,1,,2,1,1,1,28,6,3,0,0,0,0,0,9,1,4,2016.0,010017979,E09000005,0.0,0.0,2.0,2016.0,010017979,4.0,6.0,0.0,3.0,1.0,-1,2016.0,010017979,2016,1,1,1
129091,2016010017981,539140.0,184930.0,0.005219,51.546064,1,Slight,2,1,2016-07-09,Saturday,18:00,Newham,E09000025,3,11,6,30.0,3,4,6,0,,,1,1,1,0,0,1,3,E01003616,3,1,07/09/2016,07/09/2016,1,9,0,3,,1,0,0,0,0,,,2,Female,19,16 - 20,1598,1,9,-1,-1,,1,1,1,2,19,4,3,0,0,0,0,0,9,-1,-1,2016.0,010017981,E09000025,0.0,1.0,2.0,2016.0,010017981,2.0,6.0,0.0,2.0,1.0,-1,2016.0,010017981,2016,7,1,18
129096,2016010017992,536900.0,168560.0,-0.033402,51.399505,1,Slight,2,2,2016-09-28,Wednesday,18:24,Bromley,E09000006,6,0,6,30.0,3,4,6,0,,,1,1,1,0,0,1,1,E01000773,3,1,28/09/2016,28/09/2016,1,9,0,18,,8,0,0,0,0,,,6,Male,28,26 - 35,1395,1,0,1,1,,1,1,1,1,28,6,3,0,0,0,0,0,9,1,1,2016.0,010017992,E09000006,0.0,0.0,2.0,2016.0,010017992,2.0,6.0,0.0,1.0,1.0,-1,2016.0,010017992,2016,9,2,18
129098,2016010017995,510470.0,178300.0,-0.410133,51.492809,1,Slight,2,2,2016-09-28,Wednesday,19:26,Hounslow,E09000018,3,312,6,30.0,1,2,1,4,,,1,1,1,0,0,1,3,E01002637,3,1,28/09/2016,28/09/2016,1,9,0,3,,1,0,0,0,0,,,6,Male,28,26 - 35,2143,2,2,-1,-1,,1,1,1,1,28,6,3,0,0,0,0,0,9,-1,-1,2016.0,010017995,E09000018,0.0,0.0,1.0,2016.0,010017995,1.0,5.0,0.0,2.0,1.0,-1,2016.0,010017995,2016,9,2,19