,accident_index,location_easting_osgr,location_northing_osgr,longitude,latitude,police_force,accident_severity,number_of_vehicles,number_of_casualties,date,day_of_week,time,local_authority_district,local_authority_highway,first_road_class,first_road_number,road_type,speed_limit,junction_detail,junction_control,second_road_class,second_road_number,pedestrian_crossing-human_control,pedestrian_crossing-physical_facilities,light_conditions,weather_conditions,road_surface_conditions,special_conditions_at_site,carriageway_hazards,urban_or_rural_area,did_police_officer_attend_scene_of_accident,lsoa_of_accident_location,accident_severity_num,accident_severity_inv,date2,date_original,vehicle_reference_x,vehicle_type,towing_and_articulation,vehicle_manoeuvre,vehicle_location-restricted_lane,junction_location,skidding_and_overturning,hit_object_in_carriageway,vehicle_leaving_carriageway,hit_object_off_carriageway,1st_point_of_impact,was_vehicle_left_hand_drive?,journey_purpose_of_driver,sex_of_driver,age_of_driver,age_band_of_driver,engine_capacity_cc,propulsion_code,age_of_vehicle,driver_imd_decile,driver_home_area_type,vehicle_imd_decile,vehicle_reference_y,casualty_reference,casualty_class,sex_of_casualty,age_of_casualty,age_band_of_casualty,casualty_severity,pedestrian_location,pedestrian_movement,car_passenger,bus_or_coach_passenger,pedestrian_road_maintenance_worker,casualty_type,casualty_home_area_type,casualty_imd_decile,accident_year_x,accident_reference_x,local_authority_ons_district,pedestrian_crossing_human_control,pedestrian_crossing_physical_facilities,trunk_road_flag,accident_year_y,accident_reference_y,vehicle_direction_from,vehicle_direction_to,vehicle_location_restricted_lane,first_point_of_impact,vehicle_left_hand_drive,generic_make_model,accident_year,accident_reference,year,month,severity,hours
129395,2016010018980,526800.0,170500.0,-0.17782,51.419286,1,Slight,2,2,2016-05-09,Monday,19:20,Merton,E09000024,6,0,6,20.0,0,-1,-1,-1,,,1,9,1,0,0,1,1,E01003367,3,1,05/09/2016,05/09/2016,1,3,0,18,,0,1,0,0,0,,,6,Male,21,21 - 25,806,1,2,7,1,,1,1,1,1,21,5,3,0,0,0,0,0,3,1,7,2016.0,010018980,E09000024,0.0,0.0,2.0,2016.0,010018980,8.0,4.0,0.0,2.0,1.0,-1,2016.0,010018980,2016,5,2,19
129399,2016010018989,539960.0,174190.0,0.01278,51.449351,1,Slight,2,1,2016-09-20,Tuesday,20:05,Lewisham,E09000023,3,2212,6,30.0,3,4,6,0,,,1,1,1,0,0,1,1,E01003285,3,1,20/09/2016,20/09/2016,1,2,0,18,,8,5,0,0,0,,,6,Male,18,16 - 20,124,1,1,6,1,,1,1,1,1,18,4,3,0,0,0,0,0,2,1,6,2016.0,010018989,E09000023,0.0,5.0,2.0,2016.0,010018989,5.0,1.0,0.0,1.0,1.0,-1,2016.0,010018989,2016,9,1,20
129410,2016010019014,522720.0,168430.0,-0.237182,51.401579,1,Slight,2,1,2016-09-14,Wednesday,19:00,Merton,E09000024,4,282,6,30.0,0,-1,-1,-1,,,1,9,-1,0,0,1,3,E01003471,3,1,14/09/2016,14/09/2016,1,9,0,3,,0,0,0,0,0,,,6,Female,25,21 - 25,1149,1,11,8,1,,1,1,2,1,27,6,3,0,0,1,0,0,9,1,4,2016.0,010019014,E09000024,0.0,0.0,2.0,2016.0,010019014,4.0,1.0,0.0,2.0,1.0,-1,2016.0,010019014,2016,9,1,19
129413,2016010019020,529080.0,169770.0,-0.145313,51.412211,1,Serious,2,1,2016-09-14,Wednesday,18:44,Merton,E09000024,5,0,6,30.0,3,4,6,0,,,1,1,1,6,0,1,1,E01003411,2,2,14/09/2016,14/09/2016,1,9,0,17,,1,0,7,0,0,,,6,Female,25,21 - 25,1390,1,10,4,1,,2,1,1,1,56,9,2,0,0,0,0,0,3,-1,-1,2016.0,010019020,E09000024,0.0,8.0,2.0,2016.0,010019020,5.0,2.0,0.0,3.0,1.0,-1,2016.0,010019020,2016,9,2,18
129435,2016010019112,536130.0,173290.0,-0.042649,51.442196,1,Slight,2,1,2016-09-19,Monday,19:21,Lewisham,E09000023,4,218,6,30.0,6,2,3,205,,,4,1,1,0,0,1,1,E01003316,3,1,19/09/2016,19/09/2016,1,9,0,18,,1,0,0,0,0,,,6,Male,32,26 - 35,1368,1,0,5,1,,1,1,1,1,32,6,3,0,0,0,0,0,9,1,5,2016.0,010019112,E09000023,0.0,5.0,2.0,2016.0,010019112,1.0,5.0,0.0,2.0,1.0,-1,2016.0,010019112,2016,9,1,19
129442,2016010019204,547330.0,187750.0,0.124428,51.569326,1,Serious,2,1,2016-08-09,Tuesday,18:30,Redbridge,E09000026,3,118,6,30.0,3,4,6,0,,,1,1,1,0,0,1,1,E01003662,2,2,08/09/2016,08/09/2016,1,9,0,18,,2,0,0,0,0,,,6,Female,22,21 - 25,1229,1,1,6,1,,2,1,1,1,12,3,2,0,0,0,0,0,1,1,4,2016.0,010019204,E09000026,0.0,8.0,2.0,2016.0,010019204,6.0,2.0,0.0,1.0,1.0,-1,2016.0,010019204,2016,8,2,18
129445,2016010019215,544550.0,186510.0,0.083835,51.558902,1,Serious,2,4,2016-09-29,Thursday,19:25,Redbridge,E09000026,3,1083,6,30.0,0,-1,-1,-1,,,1,1,1,0,0,1,1,E01003686,2,2,29/09/2016,29/09/2016,1,9,0,18,,0,0,0,0,0,,,6,Male,21,21 - 25,1598,1,10,2,1,,1,1,1,1,21,5,3,0,0,0,0,0,9,1,2,2016.0,010019215,E09000026,0.0,0.0,2.0,2016.0,010019215,3.0,7.0,0.0,3.0,1.0,-1,2016.0,010019215,2016,9,8,19
129449,2016010019224,531100.0,175710.0,-0.114086,51.46513,1,Slight,1,1,2016-06-09,Thursday,22:56,Lambeth,E09000022,3,23,6,30.0,3,4,5,0,,,1,1,1,0,0,1,1,E01003061,3,1,06/09/2016,06/09/2016,1,9,0,18,,1,0,0,0,0,,,6,Male,28,26 - 35,1798,8,4,-1,-1,,1,1,3,2,19,4,3,5,3,0,0,2,0,1,4,2016.0,010019224,E09000022,0.0,0.0,2.0,2016.0,010019224,1.0,5.0,0.0,3.0,1.0,-1,2016.0,010019224,2016,6,1,22
129457,2016010019249,530550.0,174030.0,-0.122619,51.450159,1,Slight,2,1,2016-09-15,Thursday,20:45,Lambeth,E09000022,3,23,6,30.0,3,4,6,0,,,4,1,1,0,0,1,1,E01003024,3,1,15/09/2016,15/09/2016,1,9,0,7,,8,0,0,0,0,,,6,Male,26,26 - 35,1390,1,7,5,1,,2,1,1,1,27,6,3,0,0,0,0,0,5,1,10,2016.0,010019249,E09000022,0.0,0.0,2.0,2016.0,010019249,6.0,8.0,0.0,4.0,1.0,-1,2016.0,010019249,2016,9,1,20
129468,2016010019285,544010.0,187520.0,0.076464,51.568116,1,Slight,2,4,2016-09-19,Monday,23:55,Redbridge,E09000026,6,0,1,30.0,2,4,6,0,,,4,1,1,0,0,1,1,E01003786,3,1,19/09/2016,19/09/2016,1,9,0,18,,8,0,0,0,0,,,6,Male,28,26 - 35,1364,1,0,6,1,,2,1,1,1,24,5,3,0,0,0,0,0,9,1,6,2016.0,010019285,E09000026,0.0,0.0,2.0,2016.0,010019285,4.0,8.0,0.0,1.0,1.0,-1,2016.0,010019285,2016,9,4,23
129486,2016010019412,552660.0,186940.0,0.200924,51.560631,1,Slight,2,1,2016-11-09,Wednesday,04:57,Havering,E09000016,6,0,6,30.0,3,4,6,0,,,4,1,2,0,0,1,1,E01002321,3,1,11/09/2016,11/09/2016,1,9,0,18,,8,0,4,0,0,,,6,Male,27,26 - 35,1596,1,10,4,1,,1,1,1,1,27,6,3,0,0,0,0,0,9,1,4,2016.0,010019412,E09000016,0.0,0.0,2.0,2016.0,010019412,8.0,4.0,0.0,1.0,1.0,-1,2016.0,010019412,2016,11,1,4
129495,2016010019423,525080.0,177440.0,-0.200091,51.482039,1,Slight,2,1,2016-01-09,Saturday,20:30,Hammersmith and Fulham,E09000013,6,0,6,30.0,3,4,4,317,,,1,1,1,0,0,1,1,E01001881,3,1,01/09/2016,01/09/2016,1,9,0,13,,1,0,0,0,0,,,6,Male,31,26 - 35,1791,8,5,2,1,,2,1,1,2,25,5,3,0,0,0,0,0,1,1,5,2016.0,010019423,E09000013,0.0,0.0,2.0,2016.0,010019423,6.0,2.0,0.0,4.0,1.0,-1,2016.0,010019423,2016,1,1,20
129509,2016010019437,524350.0,176260.0,-0.211014,51.471595,1,Slight,2,1,2016-09-30,Friday,20:50,Hammersmith and Fulham,E09000013,3,304,6,30.0,2,4,3,219,,,4,1,2,0,0,1,1,E01001952,3,1,30/09/2016,30/09/2016,1,9,0,7,,2,0,0,1,0,,,6,Female,30,26 - 35,1397,1,8,2,1,,1,1,1,2,30,6,3,0,0,0,0,0,9,1,2,2016.0,010019437,E09000013,0.0,1.0,2.0,2016.0,010019437,4.0,6.0,0.0,2.0,1.0,-1,2016.0,010019437,2016,9,1,20
129515,2016010019444,528980.0,181360.0,-0.142525,51.516393,1,Slight,1,2,2016-09-14,Wednesday,18:15,Westminster,E09000033,3,4201,6,30.0,6,2,3,4201,,,1,1,1,0,0,1,1,E01004765,3,1,14/09/2016,14/09/2016,1,3,0,7,,8,0,0,0,0,,,2,Male,29,26 - 35,124,1,20,7,1,,1,1,1,1,29,6,3,0,0,0,0,0,3,1,7,2016.0,010019444,E09000033,0.0,5.0,2.0,2016.0,010019444,2.0,4.0,0.0,1.0,1.0,-1,2016.0,010019444,2016,9,2,18
129527,2016010019514,553930.0,187910.0,0.219655,51.569001,1,Slight,2,1,2016-03-09,Wednesday,21:00,Havering,E09000016,5,0,6,30.0,3,4,6,0,,,4,1,1,0,0,1,3,E01002274,3,1,03/09/2016,03/09/2016,1,9,0,18,,8,0,0,0,0,,,6,Male,25,21 - 25,1798,1,1,9,1,,1,1,1,1,25,5,3,0,0,0,0,0,9,1,9,2016.0,010019514,E09000016,0.0,0.0,2.0,2016.0,010019514,1.0,5.0,0.0,4.0,1.0,-1,2016.0,010019514,2016,3,1,21
129534,2016010019529,525820.0,170060.0,-0.192062,51.415549,1,Slight,1,2,2016-09-24,Saturday,18:30,Merton,E09000024,3,238,6,30.0,6,2,3,219,,,1,1,1,0,0,1,1,E01003355,3,1,24/09/2016,24/09/2016,1,5,0,18,,1,0,0,0,0,,,6,Male,33,26 - 35,-1,-1,-1,3,1,,1,1,1,1,33,6,3,0,0,0,0,0,5,1,3,2016.0,010019529,E09000024,0.0,5.0,2.0,2016.0,010019529,3.0,7.0,0.0,4.0,1.0,-1,2016.0,010019529,2016,9,2,18
129544,2016010019544,541970.0,189930.0,0.048023,51.590289,1,Slight,2,2,2016-04-09,Saturday,00:39,Redbridge,E09000026,3,1400,3,40.0,0,-1,-1,-1,,,4,1,1,0,0,1,1,E01003681,3,1,04/09/2016,04/09/2016,1,9,0,12,,0,0,0,0,0,,,6,Male,29,26 - 35,2143,2,0,8,1,,1,1,1,1,29,6,3,0,0,0,0,0,9,1,8,2016.0,010019544,E09000026,0.0,0.0,2.0,2016.0,010019544,4.0,8.0,0.0,2.0,1.0,-1,2016.0,010019544,2016,4,2,0
129554,2016010019569,526780.0,170090.0,-0.178254,51.415605,1,Slight,2,1,2016-09-25,Sunday,05:27,Merton,E09000024,3,24,6,30.0,3,4,6,0,,,4,1,1,0,0,1,3,E01003367,3,1,25/09/2016,25/09/2016,1,9,0,18,,8,0,0,0,0,,,6,Male,25,21 - 25,-1,-1,-1,4,1,,1,1,1,1,25,5,3,0,0,0,0,0,9,1,4,2016.0,010019569,E09000024,0.0,0.0,2.0,2016.0,010019569,1.0,5.0,0.0,3.0,1.0,-1,2016.0,010019569,2016,9,1,5
129568,2016010019601,530370.0,170360.0,-0.126558,51.417218,1,Serious,1,1,2016-09-22,Thursday,18:38,Lambeth,E09000022,3,23,3,30.0,3,4,6,0,,,4,1,1,0,0,1,1,E01003147,2,2,22/09/2016,22/09/2016,1,9,0,18,,2,0,0,0,0,,,6,Male,22,21 - 25,2143,2,2,4,1,,1,1,3,1,81,11,2,1,3,0,0,2,0,-1,-1,2016.0,010019601,E09000022,0.0,4.0,2.0,2016.0,010019601,4.0,8.0,0.0,1.0,1.0,-1,2016.0,010019601,2016,9,2,18
129579,2016010019616,532050.0,182220.0,-0.097984,51.523413,1,Serious,2,1,2016-09-09,Friday,00:15,Islington,E09000019,3,5201,6,20.0,3,4,6,0,,,4,1,1,0,0,1,1,E01033490,2,2,09/09/2016,09/09/2016,1,3,0,14,,8,0,0,0,0,,,1,Male,20,16 - 20,108,1,4,3,1,,1,1,1,1,20,4,2,0,0,0,0,0,3,1,3,2016.0,010019616,E09000019,0.0,0.0,2.0,2016.0,010019616,2.0,6.0,0.0,1.0,1.0,-1,2016.0,010019616,2016,9,2,0
129581,2016010019622,524240.0,175760.0,-0.212772,51.467126,1,Slight,2,1,2016-11-09,Wednesday,21:30,Hammersmith and Fulham,E09000013,3,219,6,30.0,0,-1,-1,-1,,,4,1,1,0,0,1,1,E01001915,3,1,11/09/2016,11/09/2016,1,9,0,3,,0,0,0,0,0,,,6,Male,32,26 - 35,1560,2,2,10,1,,2,1,1,1,-1,-1,3,0,0,0,0,0,4,-1,-1,2016.0,010019622,E09000013,0.0,0.0,2.0,2016.0,010019622,1.0,5.0,0.0,1.0,1.0,-1,2016.0,010019622,2016,11,1,21
129582,2016010019626,524980.0,163830.0,-0.206326,51.359744,1,Slight,2,1,2016-05-09,Monday,21:15,Sutton,E09000029,3,232,1,30.0,2,4,5,0,,,4,1,1,0,0,1,1,E01004158,3,1,05/09/2016,05/09/2016,1,9,0,5,,4,0,0,0,0,,,6,Male,25,21 - 25,1796,1,9,9,1,,2,1,1,2,20,4,3,0,0,0,0,0,1,1,9,2016.0,010019626,E09000029,0.0,8.0,2.0,2016.0,010019626,2.0,6.0,0.0,1.0,1.0,-1,2016.0,010019626,2016,5,1,21
129587,2016010019640,531100.0,185280.0,-0.110531,51.551133,1,Slight,2,1,2016-02-09,Tuesday,18:30,Islington,E09000019,3,1,6,30.0,3,4,6,0,,,1,1,1,0,0,1,1,E01033486,3,1,02/09/2016,02/09/2016,1,9,0,9,,5,0,0,0,0,,,6,Female,22,21 - 25,1995,1,6,1,1,,2,1,1,1,60,9,3,0,0,0,0,0,1,-1,-1,2016.0,010019640,E09000019,0.0,4.0,2.0,2016.0,010019640,8.0,6.0,0.0,4.0,1.0,-1,2016.0,010019640,2016,2,1,18
129595,2016010019666,543830.0,177940.0,0.06996,51.482079,1,Slight,1,1,2016-08-09,Tuesday,22:07,Greenwich,E09000011,5,0,6,30.0,6,2,5,0,,,4,1,1,0,0,1,1,E01001700,3,1,08/09/2016,08/09/2016,1,8,0,18,,8,0,0,0,0,,,1,Male,34,26 - 35,-1,-1,-1,3,1,,1,1,3,2,17,4,3,1,1,0,0,2,0,-1,-1,2016.0,010019666,E09000011,0.0,5.0,2.0,2016.0,010019666,5.0,1.0,0.0,4.0,1.0,-1,2016.0,010019666,2016,8,1,22
129603,2016010019684,551720.0,185360.0,0.186693,51.546688,1,Slight,1,1,2016-09-25,Sunday,01:14,Havering,E09000016,3,125,6,30.0,0,-1,-1,-1,,,4,1,1,0,0,1,1,E01002260,3,1,25/09/2016,25/09/2016,1,9,0,17,,0,0,10,1,2,,,6,Male,18,16 - 20,1229,1,3,5,1,,1,1,1,1,18,4,3,0,0,0,0,0,9,1,5,2016.0,010019684,E09000016,0.0,0.0,2.0,2016.0,010019684,4.0,1.0,9.0,1.0,1.0,-1,2016.0,010019684,2016,9,1,1
129605,2016010019690,530190.0,170870.0,-0.128958,51.421843,1,Serious,3,1,2016-09-15,Thursday,00:36,Lambeth,E09000022,3,23,3,30.0,3,2,4,272,,,4,1,1,0,0,1,1,E01003144,2,2,15/09/2016,15/09/2016,1,9,0,18,,1,0,0,0,0,,,6,Male,30,26 - 35,-1,-1,-1,2,1,,3,1,1,1,25,5,2,0,0,0,0,0,3,-1,-1,2016.0,010019690,E09000022,0.0,5.0,2.0,2016.0,010019690,1.0,5.0,0.0,1.0,1.0,-1,2016.0,010019690,2016,9,2,0
129607,2016010019695,531010.0,177020.0,-0.114896,51.476923,1,Slight,2,1,2016-09-09,Friday,23:40,Lambeth,E09000022,5,0,6,20.0,6,4,6,0,,,1,1,1,0,0,1,1,E01003181,3,1,09/09/2016,09/09/2016,1,9,0,18,,8,0,0,0,0,,,6,Male,35,26 - 35,1796,1,11,4,1,,2,1,1,1,29,6,3,0,0,0,0,0,2,1,2,2016.0,010019695,E09000022,0.0,1.0,2.0,2016.0,010019695,7.0,3.0,0.0,1.0,1.0,-1,2016.0,010019695,2016,9,1,23
129612,2016010019761,543240.0,177950.0,0.061473,51.482318,1,Slight,2,1,2016-02-09,Tuesday,19:37,Greenwich,E09000011,5,0,6,30.0,7,2,3,205,,,1,1,1,0,0,1,1,E01001701,3,1,02/09/2016,02/09/2016,1,9,0,18,,8,0,0,0,0,,,6,Female,24,21 - 25,998,1,0,8,1,,2,1,1,1,-1,-1,3,0,0,0,0,0,1,-1,-1,2016.0,010019761,E09000011,0.0,5.0,2.0,2016.0,010019761,6.0,2.0,0.0,4.0,1.0,-1,2016.0,010019761,2016,2,1,19
129615,2016010019776,528350.0,193280.0,-0.147249,51.623659,1,Slight,2,1,2016-09-26,Monday,18:29,Barnet,E09000003,5,0,6,30.0,0,-1,-1,-1,,,1,1,1,0,0,1,1,E01000123,3,1,26/09/2016,26/09/2016,1,9,0,3,,0,0,0,0,0,,,6,Male,27,26 - 35,1149,1,8,1,1,,1,1,2,1,48,8,3,0,0,1,0,0,9,1,1,2016.0,010019776,E09000003,0.0,0.0,2.0,2016.0,010019776,5.0,1.0,0.0,2.0,1.0,-1,2016.0,010019776,2016,9,1,18
129622,2016010019797,531080.0,174600.0,-0.114785,51.455159,1,Slight,2,1,2016-09-21,Wednesday,19:22,Lambeth,E09000022,5,0,6,30.0,6,4,6,0,,,1,1,1,0,0,1,1,E01003177,3,1,21/09/2016,21/09/2016,1,9,0,9,,8,0,0,0,0,,,6,Female,21,21 - 25,1197,1,0,-1,-1,,2,1,2,2,10,2,3,0,0,2,0,0,9,-1,-1,2016.0,010019797,E09000022,0.0,0.0,2.0,2016.0,010019797,5.0,3.0,0.0,1.0,1.0,-1,2016.0,010019797,2016,9,1,19
129646,2016010019881,530450.0,173450.0,-0.124271,51.44497,1,Slight,2,1,2016-09-24,Saturday,00:44,Lambeth,E09000022,3,205,3,30.0,6,2,3,23,,,4,1,1,0,0,1,1,E01003137,3,1,24/09/2016,24/09/2016,1,9,0,4,,1,0,0,0,0,,,6,Male,32,26 - 35,1363,2,11,2,1,,1,1,1,1,32,6,3,0,0,0,0,0,9,1,2,2016.0,010019881,E09000022,0.0,5.0,2.0,2016.0,010019881,4.0,8.0,0.0,2.0,1.0,-1,2016.0,010019881,2016,9,1,0
129647,2016010019882,531710.0,173030.0,-0.106307,51.440904,1,Slight,2,1,2016-09-15,Thursday,18:07,Lambeth,E09000022,3,205,6,30.0,6,2,3,215,,,1,1,1,0,0,1,1,E01003164,3,1,15/09/2016,15/09/2016,1,9,0,11,,1,0,0,0,0,,,6,Female,32,26 - 35,1596,1,11,1,1,,1,1,1,2,32,6,3,0,0,0,0,0,9,1,1,2016.0,010019882,E09000022,0.0,0.0,2.0,2016.0,010019882,5.0,1.0,0.0,2.0,1.0,-1,2016.0,010019882,2016,9,1,18
129652,2016010019891,526180.0,189550.0,-0.179921,51.590628,1,Slight,2,1,2016-09-19,Monday,22:45,Barnet,E09000003,5,0,6,30.0,3,4,6,0,,,4,2,2,0,0,1,1,E01000210,3,1,19/09/2016,19/09/2016,1,9,5,18,,8,0,0,0,0,,,6,Male,31,26 - 35,2143,2,3,-1,-1,,1,1,2,2,60,9,3,0,0,1,0,0,9,-1,-1,2016.0,010019891,E09000003,0.0,0.0,2.0,2016.0,010019891,1.0,5.0,0.0,4.0,1.0,-1,2016.0,010019891,2016,9,1,22
129655,2016010019902,539170.0,182710.0,0.004775,51.526108,1,Slight,2,4,2016-09-30,Friday,22:00,Newham,E09000025,3,1011,6,30.0,0,-1,-1,-1,,,4,1,1,0,0,1,1,E01003500,3,1,30/09/2016,30/09/2016,1,9,0,18,,0,0,0,0,0,,,6,Male,31,26 - 35,2987,2,0,3,1,,1,1,1,1,31,6,3,0,0,0,0,0,9,1,3,2016.0,010019902,E09000025,0.0,0.0,2.0,2016.0,010019902,1.0,5.0,0.0,1.0,1.0,-1,2016.0,010019902,2016,9,4,22
129658,2016010019912,543320.0,178630.0,0.0629,51.488408,1,Slight,3,3,2016-11-09,Wednesday,20:15,Greenwich,E09000011,3,205,6,30.0,6,2,4,210,,,4,1,1,0,0,1,1,E01001696,3,1,11/09/2016,11/09/2016,1,9,0,10,,8,0,0,0,0,,,6,Female,25,21 - 25,1598,1,10,2,1,,2,1,2,1,18,4,3,0,0,0,4,0,11,1,2,2016.0,010019912,E09000011,0.0,5.0,2.0,2016.0,010019912,2.0,8.0,0.0,1.0,1.0,-1,2016.0,010019912,2016,11,3,20
129664,2016010019930,544770.0,177760.0,0.083414,51.480222,1,Slight,1,1,2016-09-26,Monday,19:46,Greenwich,E09000011,5,0,6,30.0,0,-1,-1,-1,,,1,1,1,0,0,1,1,E01001683,3,1,26/09/2016,26/09/2016,1,9,0,18,,0,0,0,0,0,,,6,Male,30,26 - 35,1753,2,13,3,1,,1,1,3,2,24,5,3,5,1,0,0,2,0,1,5,2016.0,010019930,E09000011,0.0,0.0,2.0,2016.0,010019930,4.0,8.0,0.0,4.0,1.0,-1,2016.0,010019930,2016,9,1,19
129669,2016010019947,530040.0,175460.0,-0.129429,51.463127,1,Slight,2,1,2016-09-18,Sunday,03:25,Lambeth,E09000022,4,221,6,20.0,3,4,6,0,,,1,1,1,0,0,1,1,E01003054,3,1,18/09/2016,18/09/2016,1,9,0,7,,8,0,0,0,0,,,6,Male,21,21 - 25,1560,2,4,5,1,,2,1,1,1,30,6,3,0,0,0,0,0,9,1,4,2016.0,010019947,E09000022,0.0,0.0,2.0,2016.0,010019947,7.0,1.0,0.0,1.0,1.0,-1,2016.0,010019947,2016,9,1,3
129675,2016010019966,529810.0,175510.0,-0.13272,51.46363,1,Slight,2,1,2016-09-16,Friday,18:25,Lambeth,E09000022,3,3,6,30.0,3,4,6,0,,,1,1,1,0,0,1,1,E01003054,3,1,16/09/2016,16/09/2016,1,9,0,7,,8,0,0,0,0,,,6,Female,35,26 - 35,999,1,0,2,1,,2,1,1,1,35,6,3,0,0,0,0,0,1,1,5,2016.0,010019966,E09000022,0.0,5.0,2.0,2016.0,010019966,6.0,1.0,0.0,1.0,1.0,-1,2016.0,010019966,2016,9,1,18
129678,2016010019984,531040.0,186190.0,-0.111057,51.559325,1,Slight,1,1,2016-09-26,Monday,02:22,Islington,E09000019,3,503,2,30.0,3,4,6,0,,,4,1,1,0,0,1,1,E01002730,3,1,26/09/2016,26/09/2016,1,9,0,18,,1,0,10,7,2,,,6,Male,24,21 - 25,1229,1,10,2,1,,1,1,1,1,24,5,3,0,0,0,0,0,9,1,2,2016.0,010019984,E09000019,0.0,4.0,2.0,2016.0,010019984,2.0,6.0,0.0,1.0,1.0,-1,2016.0,010019984,2016,9,1,2
129686,2016010020068,519410.0,191400.0,-0.276973,51.60873,1,Slight,2,1,2016-09-18,Sunday,18:15,Barnet,E09000003,3,5,3,30.0,3,4,6,0,,,1,1,1,0,0,1,1,E01000194,3,1,18/09/2016,18/09/2016,1,9,0,12,,1,0,0,0,0,,,6,Female,24,21 - 25,1995,2,0,10,1,,2,1,1,1,19,4,3,0,0,0,0,0,9,1,7,2016.0,010020068,E09000003,0.0,0.0,2.0,2016.0,010020068,1.0,5.0,0.0,2.0,1.0,-1,2016.0,010020068,2016,9,1,18
129687,2016010020070,554020.0,186780.0,0.220458,51.558824,1,Slight,2,2,2016-04-09,Saturday,22:40,Havering,E09000016,5,0,6,30.0,0,-1,-1,-1,,,4,2,2,0,0,1,1,E01002364,3,1,04/09/2016,04/09/2016,1,9,0,18,,0,0,4,0,0,,,6,Male,25,21 - 25,-1,-1,-1,8,1,,1,1,2,1,24,5,3,0,0,1,0,0,9,1,4,2016.0,010020070,E09000016,0.0,0.0,2.0,2016.0,010020070,5.0,1.0,0.0,1.0,1.0,-1,2016.0,010020070,2016,4,2,22
129691,2016010020080,553930.0,189600.0,0.220395,51.584186,1,Slight,3,1,2016-11-09,Wednesday,03:21,Havering,E09000016,5,0,6,30.0,0,-1,-1,-1,,,4,1,2,0,0,1,1,E01002377,3,1,11/09/2016,11/09/2016,1,9,0,18,,0,0,4,0,0,,,6,Male,21,21 - 25,1242,1,14,2,1,,1,1,2,2,19,4,3,0,0,1,0,0,9,1,2,2016.0,010020080,E09000016,0.0,4.0,2.0,2016.0,010020080,5.0,1.0,0.0,1.0,1.0,-1,2016.0,010020080,2016,11,1,3
129692,2016010020081,531980.0,182190.0,-0.099003,51.523159,1,Slight,2,2,2016-09-30,Friday,18:03,Islington,E09000019,3,5201,6,20.0,0,-1,-1,-1,,,1,1,1,0,0,1,1,E01033489,3,1,30/09/2016,30/09/2016,1,3,0,14,,0,0,0,0,0,,,2,Male,34,26 - 35,124,1,1,4,1,,1,1,1,1,34,6,3,0,0,0,0,0,3,1,4,2016.0,010020081,E09000019,0.0,5.0,2.0,2016.0,010020081,6.0,2.0,0.0,4.0,1.0,-1,2016.0,010020081,2016,9,2,18
129705,2016010020117,514390.0,180190.0,-0.353079,51.509017,1,Slight,2,1,2016-03-09,Wednesday,03:25,Ealing,E09000009,3,4020,6,30.0,0,-1,-1,-1,,,4,1,1,0,0,1,1,E01001337,3,1,03/09/2016,03/09/2016,1,90,0,11,,0,0,0,0,0,,,1,Male,23,21 - 25,-1,-1,-1,9,1,,2,1,1,2,66,10,3,0,0,0,0,0,9,1,7,2016.0,010020117,E09000009,0.0,0.0,2.0,2016.0,010020117,3.0,7.0,0.0,4.0,1.0,-1,2016.0,010020117,2016,3,1,3
129710,2016010020131,522680.0,182080.0,-0.233024,51.524266,1,Serious,1,1,2016-09-27,Tuesday,00:55,Hammersmith and Fulham,E09000013,3,219,6,30.0,0,-1,-1,-1,,,1,1,1,0,0,1,1,E01001874,2,2,27/09/2016,27/09/2016,1,3,0,18,,0,2,7,0,0,,,6,Male,18,16 - 20,124,1,0,2,1,,1,1,1,1,18,4,2,0,0,0,0,0,3,1,2,2016.0,010020131,E09000013,0.0,0.0,2.0,2016.0,010020131,1.0,5.0,0.0,1.0,1.0,-1,2016.0,010020131,2016,9,2,0
129712,2016010020136,542820.0,176680.0,0.054915,51.471012,1,Slight,2,3,2016-11-09,Wednesday,22:01,Greenwich,E09000011,3,207,6,30.0,6,2,3,205,,,4,1,1,0,0,1,1,E01001648,3,1,11/09/2016,11/09/2016,1,9,0,9,,8,0,0,0,0,,,6,Male,28,26 - 35,1229,1,6,2,1,,1,1,1,1,28,6,3,0,0,0,0,0,9,1,2,2016.0,010020136,E09000011,0.0,5.0,2.0,2016.0,010020136,6.0,4.0,0.0,4.0,1.0,-1,2016.0,010020136,2016,11,3,22