,accident_index,location_easting_osgr,location_northing_osgr,longitude,latitude,police_force,accident_severity,number_of_vehicles,number_of_casualties,date,day_of_week,time,local_authority_district,local_authority_highway,first_road_class,first_road_number,road_type,speed_limit,junction_detail,junction_control,second_road_class,second_road_number,pedestrian_crossing-human_control,pedestrian_crossing-physical_facilities,light_conditions,weather_conditions,road_surface_conditions,special_conditions_at_site,carriageway_hazards,urban_or_rural_area,did_police_officer_attend_scene_of_accident,lsoa_of_accident_location,accident_severity_num,accident_severity_inv,date2,date_original,vehicle_reference_x,vehicle_type,towing_and_articulation,vehicle_manoeuvre,vehicle_location-restricted_lane,junction_location,skidding_and_overturning,hit_object_in_carriageway,vehicle_leaving_carriageway,hit_object_off_carriageway,1st_point_of_impact,was_vehicle_left_hand_drive?,journey_purpose_of_driver,sex_of_driver,age_of_driver,age_band_of_driver,engine_capacity_cc,propulsion_code,age_of_vehicle,driver_imd_decile,driver_home_area_type,vehicle_imd_decile,vehicle_reference_y,casualty_reference,casualty_class,sex_of_casualty,age_of_casualty,age_band_of_casualty,casualty_severity,pedestrian_location,pedestrian_movement,car_passenger,bus_or_coach_passenger,pedestrian_road_maintenance_worker,casualty_type,casualty_home_area_type,casualty_imd_decile,accident_year_x,accident_reference_x,local_authority_ons_district,pedestrian_crossing_human_control,pedestrian_crossing_physical_facilities,trunk_road_flag,accident_year_y,accident_reference_y,vehicle_direction_from,vehicle_direction_to,vehicle_location_restricted_lane,first_point_of_impact,vehicle_left_hand_drive,generic_make_model,accident_year,accident_reference,year,month,severity,hours
129722,2016010020162,530290.0,186160.0,-0.121881,51.559229,1,Slight,2,1,2016-09-13,Tuesday,21:40,Islington,E09000019,3,1,6,30.0,3,4,6,0,,,4,1,1,0,0,1,1,E01002786,3,1,13/09/2016,13/09/2016,1,9,0,7,,6,0,0,0,0,,,6,Female,27,26 - 35,1349,1,5,2,1,,2,1,1,1,32,6,3,0,0,0,0,0,3,1,3,2016.0,010020162,E09000019,0.0,0.0,2.0,2016.0,010020162,2.0,4.0,0.0,3.0,1.0,-1,2016.0,010020162,2016,9,1,21
129723,2016010020163,519480.0,192030.0,-0.275748,51.614377,1,Slight,2,2,2016-08-09,Tuesday,03:10,Barnet,E09000003,3,5100,6,30.0,0,-1,-1,-1,,,4,1,1,0,0,1,1,E01000192,3,1,08/09/2016,08/09/2016,1,9,0,6,,0,0,0,0,0,,,6,Female,26,26 - 35,2143,2,1,4,1,,1,1,1,2,26,6,3,0,0,0,0,0,9,1,4,2016.0,010020163,E09000003,0.0,0.0,2.0,2016.0,010020163,5.0,5.0,0.0,3.0,1.0,-1,2016.0,010020163,2016,8,2,3
129724,2016010020166,530310.0,183670.0,-0.122514,51.536847,1,Slight,2,1,2016-09-15,Thursday,20:55,Camden,E09000007,3,5200,6,30.0,9,2,4,154,,,4,1,1,0,0,1,1,E01000953,3,1,15/09/2016,15/09/2016,1,9,0,9,,8,0,0,0,0,,,6,Male,19,16 - 20,1388,1,14,10,1,,2,1,1,1,51,8,3,0,0,0,0,0,1,1,1,2016.0,010020166,E09000007,0.0,5.0,2.0,2016.0,010020166,5.0,3.0,0.0,1.0,1.0,-1,2016.0,010020166,2016,9,1,20
129734,2016010020194,521980.0,188110.0,-0.24102,51.578611,1,Slight,2,1,2016-09-13,Tuesday,18:53,Barnet,E09000003,3,5,6,30.0,3,4,3,504,,,1,1,1,0,0,1,1,E01000313,3,1,13/09/2016,13/09/2016,1,9,0,7,,8,0,0,0,0,,,6,Male,22,21 - 25,1398,2,9,6,1,,2,1,1,1,38,7,3,0,0,0,0,0,1,1,7,2016.0,010020194,E09000003,0.0,0.0,2.0,2016.0,010020194,1.0,2.0,0.0,4.0,1.0,-1,2016.0,010020194,2016,9,1,18
129740,2016010020217,530290.0,173920.0,-0.126399,51.44923,1,Slight,1,1,2016-09-09,Friday,20:02,Lambeth,E09000022,5,0,6,30.0,3,4,6,0,,,4,1,1,0,0,1,1,E01003023,3,1,09/09/2016,09/09/2016,1,9,0,18,,1,0,0,0,0,,,6,Male,25,21 - 25,-1,-1,-1,-1,-1,,1,1,3,1,4,1,3,5,1,0,0,2,0,-1,-1,2016.0,010020217,E09000022,0.0,0.0,2.0,2016.0,010020217,7.0,3.0,0.0,4.0,1.0,-1,2016.0,010020217,2016,9,1,20
129745,2016010020228,541020.0,174250.0,0.028048,51.449627,1,Slight,2,2,2016-09-13,Tuesday,20:07,Greenwich,E09000011,3,205,3,40.0,3,4,6,0,,,4,1,1,0,0,1,1,E01001660,3,1,13/09/2016,13/09/2016,1,9,0,4,,8,0,0,0,0,,,6,Male,34,26 - 35,1997,2,5,2,1,,1,1,1,1,34,6,3,0,0,0,0,0,9,1,2,2016.0,010020228,E09000011,0.0,0.0,2.0,2016.0,010020228,2.0,6.0,0.0,1.0,1.0,-1,2016.0,010020228,2016,9,2,20
129754,2016010020254,522620.0,180090.0,-0.23458,51.506394,1,Slight,2,2,2016-09-24,Saturday,18:00,Hammersmith and Fulham,E09000013,3,4020,6,30.0,3,2,5,0,,,1,1,1,0,0,1,1,E01001960,3,1,24/09/2016,24/09/2016,1,9,0,7,,8,0,0,0,0,,,6,Female,31,26 - 35,1595,1,3,2,1,,1,1,1,2,31,6,3,0,0,0,0,0,9,1,2,2016.0,010020254,E09000013,0.0,5.0,2.0,2016.0,010020254,7.0,1.0,0.0,1.0,1.0,-1,2016.0,010020254,2016,9,2,18
129765,2016010020334,529850.0,186590.0,-0.128066,51.563195,1,Slight,2,1,2016-03-09,Wednesday,23:45,Islington,E09000019,3,1,6,30.0,3,4,6,0,,,4,2,2,0,0,1,3,E01002774,3,1,03/09/2016,03/09/2016,1,9,0,18,,8,1,0,0,0,,,6,Male,22,21 - 25,1364,1,10,6,1,,1,1,1,1,22,5,3,0,0,0,0,0,9,1,6,2016.0,010020334,E09000019,0.0,5.0,2.0,2016.0,010020334,4.0,8.0,0.0,2.0,1.0,-1,2016.0,010020334,2016,3,1,23
129773,2016010020353,530630.0,185800.0,-0.117113,51.555915,1,Slight,3,1,2016-05-09,Monday,22:20,Islington,E09000019,3,1,3,30.0,9,2,3,503,,,4,1,1,0,0,1,3,E01002767,3,1,05/09/2016,05/09/2016,1,9,0,8,,1,0,0,0,0,,,2,Female,20,16 - 20,1689,2,12,3,1,,1,1,1,2,20,4,3,0,0,0,0,0,9,1,3,2016.0,010020353,E09000019,0.0,5.0,2.0,2016.0,010020353,4.0,6.0,0.0,2.0,1.0,-1,2016.0,010020353,2016,5,1,22
129775,2016010020357,530580.0,171040.0,-0.123289,51.423281,1,Serious,1,1,2016-05-09,Monday,18:30,Lambeth,E09000022,3,214,6,30.0,0,-1,-1,-1,,,1,1,1,0,0,1,1,E01003149,2,2,05/09/2016,05/09/2016,1,5,0,16,,0,1,10,1,0,,,6,Male,29,26 - 35,645,1,6,4,1,,1,1,1,1,29,6,2,0,0,0,0,0,5,1,4,2016.0,010020357,E09000022,0.0,0.0,2.0,2016.0,010020357,3.0,7.0,0.0,4.0,1.0,-1,2016.0,010020357,2016,5,2,18
129777,2016010020363,510430.0,178890.0,-0.410524,51.49812,1,Slight,3,3,2016-01-09,Saturday,20:25,Hounslow,E09000018,3,312,6,40.0,0,-1,-1,-1,,,4,1,1,0,0,1,1,E01002637,3,1,01/09/2016,01/09/2016,1,9,0,18,,0,0,0,0,0,,,6,Male,25,21 - 25,3246,1,11,2,1,,1,1,1,1,25,5,3,0,0,0,0,0,9,1,2,2016.0,010020363,E09000018,0.0,5.0,2.0,2016.0,010020363,4.0,8.0,0.0,1.0,1.0,-1,2016.0,010020363,2016,1,3,20
129793,2016010020405,547180.0,184980.0,0.121107,51.544475,1,Slight,3,1,2016-06-09,Thursday,18:59,Barking and Dagenham,E09000002,3,1153,6,30.0,0,-1,-1,-1,,,1,1,1,0,0,1,1,E01000074,3,1,06/09/2016,06/09/2016,1,9,0,18,,0,0,4,0,0,,,2,Female,27,26 - 35,1587,1,9,2,1,,1,1,1,2,27,6,3,0,0,0,0,0,9,1,2,2016.0,010020405,E09000002,0.0,0.0,2.0,2016.0,010020405,2.0,6.0,0.0,1.0,1.0,-1,2016.0,010020405,2016,6,1,18
129794,2016010020407,534810.0,177450.0,-0.060046,51.479895,1,Slight,2,1,2016-09-21,Wednesday,19:42,Southwark,E09000028,5,0,6,30.0,0,-1,-1,-1,,,4,1,1,0,0,1,1,E01003988,3,1,21/09/2016,21/09/2016,1,9,0,9,,0,0,0,0,0,,,6,Male,31,26 - 35,2497,2,4,2,1,,2,1,1,1,33,6,3,0,0,0,0,0,1,1,5,2016.0,010020407,E09000028,0.0,0.0,2.0,2016.0,010020407,4.0,2.0,0.0,1.0,1.0,-1,2016.0,010020407,2016,9,1,19
129809,2016010020470,532460.0,176760.0,-0.094126,51.474249,1,Slight,2,1,2016-11-09,Wednesday,04:58,Southwark,E09000028,3,202,6,30.0,3,4,6,0,,,1,1,1,0,0,1,1,E01003921,3,1,11/09/2016,11/09/2016,1,9,0,18,,8,0,4,0,0,,,6,Male,23,21 - 25,2993,2,2,5,1,,1,1,2,2,-1,-1,3,0,0,2,0,0,9,1,4,2016.0,010020470,E09000028,0.0,0.0,2.0,2016.0,010020470,4.0,8.0,0.0,4.0,1.0,-1,2016.0,010020470,2016,11,1,4
129810,2016010020475,546330.0,183690.0,0.108322,51.533105,1,Slight,2,1,2016-10-09,Sunday,06:00,Barking and Dagenham,E09000002,3,123,6,30.0,1,2,3,13,,,1,1,1,0,0,1,1,E01000045,3,1,10/09/2016,10/09/2016,1,9,0,3,,1,0,0,0,0,,,6,Female,23,21 - 25,1596,1,6,2,1,,1,1,1,2,23,5,3,0,0,0,0,0,9,1,2,2016.0,010020475,E09000002,0.0,0.0,2.0,2016.0,010020475,7.0,3.0,0.0,3.0,1.0,-1,2016.0,010020475,2016,10,1,6
129811,2016010020476,504800.0,183970.0,-0.490091,51.544852,1,Slight,2,1,2016-09-29,Thursday,21:50,Hillingdon,E09000017,6,0,6,30.0,0,-1,-1,-1,,,4,1,1,0,0,1,1,E01002521,3,1,29/09/2016,29/09/2016,1,3,0,16,,0,0,4,0,0,,,6,Male,18,16 - 20,124,1,2,6,1,,1,1,1,1,18,4,3,0,0,0,0,0,3,1,6,2016.0,010020476,E09000017,0.0,0.0,2.0,2016.0,010020476,3.0,5.0,0.0,1.0,1.0,-1,2016.0,010020476,2016,9,1,21
129834,2016010020605,530060.0,171230.0,-0.130694,51.425108,1,Slight,3,2,2016-09-26,Monday,18:23,Lambeth,E09000022,3,23,3,30.0,3,4,6,0,,,1,1,1,0,0,1,1,E01003150,3,1,26/09/2016,26/09/2016,1,9,0,18,,8,0,0,0,0,,,6,Female,26,26 - 35,1198,1,6,1,1,,1,1,1,2,26,6,3,0,0,0,0,0,9,1,1,2016.0,010020605,E09000022,0.0,5.0,2.0,2016.0,010020605,5.0,1.0,0.0,0.0,1.0,-1,2016.0,010020605,2016,9,2,18
129836,2016010020607,516860.0,179900.0,-0.317599,51.505906,1,Slight,2,1,2016-04-09,Saturday,22:10,Ealing,E09000009,6,0,6,30.0,3,4,6,0,,,4,2,2,0,0,1,1,E01001384,3,1,04/09/2016,04/09/2016,1,9,0,18,,1,0,4,0,0,,,6,Male,19,16 - 20,698,1,13,4,1,,1,1,1,1,19,4,3,0,0,0,0,0,9,1,4,2016.0,010020607,E09000009,0.0,0.0,2.0,2016.0,010020607,5.0,1.0,0.0,0.0,1.0,-1,2016.0,010020607,2016,4,1,22
129841,2016010020621,531210.0,168030.0,-0.115346,51.396085,1,Slight,2,1,2016-06-09,Thursday,19:30,Croydon,E09000008,3,23,6,30.0,3,4,6,0,,,1,1,1,0,0,1,1,E01001183,3,1,06/09/2016,06/09/2016,1,3,0,18,,8,0,0,0,0,,,6,Male,31,26 - 35,125,1,0,3,1,,1,1,1,1,31,6,3,0,0,0,0,0,3,1,3,2016.0,010020621,E09000008,0.0,0.0,2.0,2016.0,010020621,1.0,5.0,0.0,1.0,1.0,-1,2016.0,010020621,2016,6,1,19
129849,2016010020637,533810.0,178120.0,-0.074184,51.486154,1,Slight,2,1,2016-10-09,Sunday,21:45,Southwark,E09000028,4,215,3,30.0,3,4,6,0,,,4,1,1,0,0,1,1,E01003964,3,1,10/09/2016,10/09/2016,1,3,0,18,,8,0,0,0,0,,,6,Male,33,26 - 35,125,1,3,2,1,,1,1,1,1,33,6,3,0,0,0,0,0,3,1,2,2016.0,010020637,E09000028,0.0,0.0,2.0,2016.0,010020637,1.0,5.0,0.0,1.0,1.0,-1,2016.0,010020637,2016,10,1,21
129851,2016010020641,516350.0,184960.0,-0.323274,51.551489,1,Slight,1,1,2016-08-09,Tuesday,22:20,Ealing,E09000009,3,4090,6,30.0,0,-1,-1,-1,,,7,9,1,0,0,1,1,E01001313,3,1,08/09/2016,08/09/2016,1,5,0,18,,0,0,0,0,0,,,6,Male,35,26 - 35,-1,-1,-1,-1,-1,,1,1,1,1,35,6,3,0,0,0,0,0,5,-1,-1,2016.0,010020641,E09000009,0.0,0.0,2.0,2016.0,010020641,4.0,8.0,0.0,3.0,1.0,-1,2016.0,010020641,2016,8,1,22
129881,2016010020837,535280.0,172940.0,-0.055006,51.439254,1,Slight,2,1,2016-09-13,Tuesday,00:40,Lewisham,E09000023,3,205,6,30.0,0,-1,-1,-1,,,4,1,1,0,0,1,1,E01003255,3,1,13/09/2016,13/09/2016,1,9,0,5,,0,0,0,0,0,,,6,Male,26,26 - 35,2993,2,2,6,1,,2,1,1,1,22,5,3,0,0,0,0,0,1,-1,-1,2016.0,010020837,E09000023,0.0,0.0,2.0,2016.0,010020837,4.0,8.0,0.0,1.0,1.0,-1,2016.0,010020837,2016,9,1,0
129893,2016010020876,547100.0,183050.0,0.119148,51.527154,1,Serious,2,1,2016-09-25,Sunday,00:01,Barking and Dagenham,E09000002,6,0,6,30.0,3,4,6,0,,,4,1,1,0,0,1,1,E01000095,2,2,25/09/2016,25/09/2016,1,3,0,18,,8,1,0,0,0,,,6,Male,18,16 - 20,124,1,23,8,3,,1,1,1,1,18,4,2,0,0,0,0,0,3,3,8,2016.0,010020876,E09000002,0.0,0.0,2.0,2016.0,010020876,7.0,3.0,0.0,1.0,1.0,-1,2016.0,010020876,2016,9,2,0
129908,2016010020914,530620.0,180800.0,-0.11911,51.510984,1,Slight,2,1,2016-07-09,Saturday,22:05,Westminster,E09000033,3,301,6,30.0,0,-1,-1,-1,,,1,1,1,0,0,1,3,E01004735,3,1,07/09/2016,07/09/2016,1,9,0,18,,0,0,10,0,0,,,6,Female,27,26 - 35,-1,-1,-1,9,2,,1,1,1,2,27,6,3,0,0,0,0,0,9,2,9,2016.0,010020914,E09000033,0.0,0.0,2.0,2016.0,010020914,4.0,8.0,0.0,4.0,1.0,-1,2016.0,010020914,2016,7,1,22
129912,2016010020922,548310.0,182620.0,0.136397,51.522974,1,Serious,2,1,2016-09-28,Wednesday,22:30,Barking and Dagenham,E09000002,6,0,6,30.0,3,4,6,0,,,4,1,1,0,0,1,3,E01000095,2,2,28/09/2016,28/09/2016,1,3,0,18,,1,0,0,0,0,,,6,Male,19,16 - 20,124,1,8,5,1,,1,1,1,1,19,4,2,0,0,0,0,0,3,1,5,2016.0,010020922,E09000002,0.0,0.0,2.0,2016.0,010020922,4.0,8.0,0.0,4.0,1.0,-1,2016.0,010020922,2016,9,2,22
129922,2016010020952,520650.0,181500.0,-0.26247,51.51949,1,Slight,2,1,2016-04-09,Saturday,19:57,Ealing,E09000009,3,40,3,40.0,6,2,3,4000,,,4,1,1,0,0,1,1,E01001238,3,1,04/09/2016,04/09/2016,1,3,0,5,,8,0,0,0,0,,,1,Male,28,26 - 35,108,1,1,3,1,,1,1,1,1,28,6,3,0,0,0,0,0,3,1,3,2016.0,010020952,E09000009,0.0,5.0,2.0,2016.0,010020952,3.0,7.0,0.0,3.0,1.0,-1,2016.0,010020952,2016,4,1,19
129939,2016010021012,527590.0,181480.0,-0.162504,51.517787,1,Slight,2,1,2016-10-09,Sunday,19:08,Westminster,E09000033,5,0,6,30.0,3,4,6,0,,,4,1,2,0,0,1,1,E01004663,3,1,10/09/2016,10/09/2016,1,3,0,18,,8,0,0,0,0,,,6,Male,19,16 - 20,125,1,12,2,1,,1,1,1,1,19,4,3,0,0,0,0,0,3,1,2,2016.0,010021012,E09000033,0.0,0.0,2.0,2016.0,010021012,4.0,8.0,0.0,1.0,1.0,-1,2016.0,010021012,2016,10,1,19
129940,2016010021014,516830.0,180470.0,-0.317843,51.511035,1,Slight,2,1,2016-09-18,Sunday,20:20,Ealing,E09000009,3,4020,6,30.0,3,4,6,0,,,4,1,1,0,0,1,1,E01001388,3,1,18/09/2016,18/09/2016,1,9,0,3,,1,0,0,0,0,,,6,Male,30,26 - 35,998,1,15,-1,-1,,1,1,1,1,30,6,3,0,0,0,0,0,9,-1,-1,2016.0,010021014,E09000009,0.0,4.0,2.0,2016.0,010021014,6.0,2.0,0.0,2.0,1.0,-1,2016.0,010021014,2016,9,1,20
129962,2016010021123,531650.0,179840.0,-0.104634,51.502118,1,Slight,2,1,2016-09-15,Thursday,18:25,Southwark,E09000028,3,201,6,30.0,6,2,6,0,,,1,1,1,0,0,1,1,E01032583,3,1,15/09/2016,15/09/2016,1,5,0,18,,8,0,0,0,0,,,2,Male,28,26 - 35,599,1,6,-1,-1,,1,1,1,1,28,6,3,0,0,0,0,0,5,-1,-1,2016.0,010021123,E09000028,0.0,0.0,2.0,2016.0,010021123,1.0,5.0,0.0,1.0,1.0,-1,2016.0,010021123,2016,9,1,18
129964,2016010021125,510570.0,182870.0,-0.407261,51.533865,1,Slight,3,1,2016-09-15,Thursday,21:00,Ealing,E09000009,5,0,6,30.0,0,-1,-1,-1,,,4,1,1,0,0,1,1,E01001325,3,1,15/09/2016,15/09/2016,1,9,0,18,,0,0,4,0,0,,,6,Male,24,21 - 25,1590,1,12,4,1,,2,1,1,1,60,9,3,0,0,0,0,0,9,1,7,2016.0,010021125,E09000009,0.0,0.0,2.0,2016.0,010021125,8.0,4.0,0.0,3.0,1.0,-1,2016.0,010021125,2016,9,1,21
129978,2016010021139,517290.0,180610.0,-0.311171,51.512198,1,Slight,2,2,2016-09-19,Monday,23:35,Ealing,E09000009,3,4020,6,30.0,3,4,6,0,,,4,9,1,0,0,1,1,E01001222,3,1,19/09/2016,19/09/2016,1,3,0,18,,1,0,0,0,0,,,6,Male,22,21 - 25,125,1,0,5,1,,1,1,1,1,22,5,3,0,0,0,0,0,3,1,5,2016.0,010021139,E09000009,0.0,0.0,2.0,2016.0,010021139,6.0,2.0,2.0,1.0,1.0,-1,2016.0,010021139,2016,9,2,23
129980,2016010021141,516630.0,188300.0,-0.31813,51.58145,1,Slight,2,2,2016-05-09,Monday,20:22,Brent,E09000005,3,4006,3,30.0,6,4,6,0,,,4,9,1,0,0,1,1,E01002127,3,1,05/09/2016,05/09/2016,1,9,0,11,,1,0,0,0,0,,,6,Male,34,26 - 35,2393,1,11,7,1,,1,1,1,1,34,6,3,0,0,0,0,0,9,1,7,2016.0,010021141,E09000005,0.0,0.0,2.0,2016.0,010021141,6.0,2.0,0.0,4.0,1.0,-1,2016.0,010021141,2016,5,2,20
129984,2016010021147,513330.0,180830.0,-0.368141,51.514983,1,Slight,2,1,2016-09-23,Friday,19:00,Ealing,E09000009,6,0,6,30.0,3,4,6,0,,,4,1,1,0,0,1,1,E01001214,3,1,23/09/2016,23/09/2016,1,3,0,13,,1,0,0,0,0,,,6,Male,24,21 - 25,124,1,0,6,1,,1,1,1,1,24,5,3,0,0,0,0,0,3,1,6,2016.0,010021147,E09000009,0.0,0.0,2.0,2016.0,010021147,7.0,3.0,0.0,1.0,1.0,-1,2016.0,010021147,2016,9,1,19
129992,2016010021156,526020.0,178870.0,-0.186051,51.494682,1,Slight,2,1,2016-09-24,Saturday,22:10,Kensington and Chelsea,E09000020,3,4,6,30.0,6,2,6,0,,,4,1,1,0,0,1,1,E01002839,3,1,24/09/2016,24/09/2016,1,2,0,18,,8,0,0,0,0,,,1,Male,19,16 - 20,-1,-1,-1,7,1,,1,1,1,1,19,4,3,0,0,0,0,0,2,1,7,2016.0,010021156,E09000020,0.0,5.0,2.0,2016.0,010021156,3.0,7.0,0.0,1.0,1.0,-1,2016.0,010021156,2016,9,1,22
129994,2016010021158,519720.0,182250.0,-0.275613,51.526428,1,Slight,2,1,2016-09-21,Wednesday,19:52,Ealing,E09000009,3,40,3,40.0,0,-1,-1,-1,,,4,1,1,0,0,1,1,E01001247,3,1,21/09/2016,21/09/2016,1,9,0,4,,0,0,0,0,0,,,6,Male,34,26 - 35,1798,8,1,3,1,,1,1,1,1,34,6,3,0,0,0,0,0,9,1,3,2016.0,010021158,E09000009,0.0,0.0,2.0,2016.0,010021158,2.0,4.0,0.0,2.0,1.0,-1,2016.0,010021158,2016,9,1,19
130000,2016010021165,530090.0,180180.0,-0.126972,51.505534,1,Slight,3,1,2016-09-24,Saturday,01:00,Westminster,E09000033,3,3212,3,30.0,3,4,6,0,,,1,1,1,0,0,1,1,E01004736,3,1,24/09/2016,24/09/2016,1,9,0,18,,1,0,0,0,0,,,6,Male,30,26 - 35,1596,1,13,5,1,,1,1,1,1,30,6,3,0,0,0,0,0,9,1,5,2016.0,010021165,E09000033,0.0,0.0,2.0,2016.0,010021165,5.0,1.0,0.0,1.0,1.0,-1,2016.0,010021165,2016,9,1,1
130007,2016010021172,525410.0,178070.0,-0.195118,51.487628,1,Slight,2,1,2016-09-27,Tuesday,20:50,Kensington and Chelsea,E09000020,3,3218,6,30.0,3,4,6,0,,,4,1,1,0,0,1,1,E01002846,3,1,27/09/2016,27/09/2016,1,2,0,13,,8,0,0,0,0,,,6,Male,19,16 - 20,109,1,2,4,1,,1,1,1,1,19,4,3,0,0,0,0,0,2,1,4,2016.0,010021172,E09000020,0.0,0.0,2.0,2016.0,010021172,2.0,6.0,0.0,4.0,1.0,-1,2016.0,010021172,2016,9,1,20
130014,2016010021180,512720.0,180410.0,-0.377063,51.51133,1,Slight,2,1,2016-09-22,Thursday,23:05,Ealing,E09000009,3,4020,6,30.0,3,4,6,0,,,4,1,1,0,0,1,1,E01001361,3,1,22/09/2016,22/09/2016,1,9,0,18,,1,0,0,0,0,,,6,Male,28,26 - 35,1791,8,5,3,1,,1,1,1,1,28,6,3,0,0,0,0,0,9,1,3,2016.0,010021180,E09000009,0.0,0.0,2.0,2016.0,010021180,3.0,7.0,0.0,1.0,1.0,-1,2016.0,010021180,2016,9,1,23
130021,2016010021271,527450.0,181810.0,-0.164401,51.520784,1,Slight,2,1,2016-09-23,Friday,23:20,Westminster,E09000033,3,501,6,30.0,0,-1,-1,-1,,,4,1,1,0,0,1,1,E01004661,3,1,23/09/2016,23/09/2016,1,8,0,3,,0,0,0,0,0,,,1,Male,26,26 - 35,2143,2,0,6,1,,2,1,1,1,18,4,3,0,0,0,0,0,3,1,8,2016.0,010021271,E09000033,0.0,5.0,2.0,2016.0,010021271,3.0,7.0,0.0,2.0,1.0,-1,2016.0,010021271,2016,9,1,23
130040,2016010021311,520400.0,181330.0,-0.266129,51.518016,1,Slight,2,2,2016-09-28,Wednesday,19:15,Ealing,E09000009,3,4000,6,30.0,3,4,6,0,,,4,1,1,0,0,1,1,E01001196,3,1,28/09/2016,28/09/2016,1,9,0,9,,5,0,0,0,0,,,2,Male,28,26 - 35,1086,1,11,3,1,,1,1,1,1,28,6,3,0,0,0,0,0,9,1,3,2016.0,010021311,E09000009,0.0,0.0,2.0,2016.0,010021311,5.0,2.0,0.0,4.0,1.0,-1,2016.0,010021311,2016,9,2,19
130044,2016010021320,518400.0,182780.0,-0.294454,51.53147,1,Slight,2,2,2016-09-18,Sunday,19:20,Ealing,E09000009,3,4005,1,30.0,1,2,3,406,,,1,1,1,0,0,1,3,E01001277,3,1,18/09/2016,18/09/2016,1,9,0,3,,1,0,0,0,0,,,6,Male,35,26 - 35,1396,1,18,2,1,,1,1,1,1,35,6,3,0,0,0,0,0,9,1,2,2016.0,010021320,E09000009,0.0,5.0,2.0,2016.0,010021320,8.0,4.0,0.0,2.0,1.0,-1,2016.0,010021320,2016,9,2,19
130049,2016010021333,507820.0,178660.0,-0.44818,51.496556,1,Slight,2,2,2016-03-09,Wednesday,18:08,Hillingdon,E09000017,5,0,6,30.0,0,-1,-1,-1,,,1,2,2,0,0,1,1,E01002486,3,1,03/09/2016,03/09/2016,1,9,0,18,,0,0,0,0,0,,,6,Male,30,26 - 35,2497,2,11,5,1,,1,1,1,1,30,6,3,0,0,0,0,0,9,1,5,2016.0,010021333,E09000017,0.0,0.0,2.0,2016.0,010021333,8.0,4.0,0.0,1.0,1.0,-1,2016.0,010021333,2016,3,2,18
130051,2016010021338,509930.0,186630.0,-0.41531,51.567786,1,Slight,2,3,2016-09-19,Monday,18:12,Hillingdon,E09000017,6,0,6,30.0,0,-1,-1,-1,,,1,1,1,0,0,1,1,E01002465,3,1,19/09/2016,19/09/2016,1,5,0,18,,0,0,0,0,0,,,6,Male,26,26 - 35,649,1,10,10,1,,1,1,1,1,26,6,3,0,0,0,0,0,5,1,10,2016.0,010021338,E09000017,0.0,0.0,2.0,2016.0,010021338,5.0,1.0,0.0,4.0,1.0,-1,2016.0,010021338,2016,9,3,18
130058,2016010021353,514410.0,180190.0,-0.352791,51.509013,1,Slight,2,1,2016-03-09,Wednesday,21:06,Ealing,E09000009,3,4020,3,40.0,0,-1,-1,-1,,,4,2,2,0,0,1,1,E01001337,3,1,03/09/2016,03/09/2016,1,9,0,18,,0,0,0,0,0,,,6,Male,19,16 - 20,1995,2,5,1,1,,2,1,2,2,62,9,3,0,0,1,0,0,9,1,3,2016.0,010021353,E09000009,0.0,0.0,2.0,2016.0,010021353,3.0,7.0,0.0,3.0,1.0,-1,2016.0,010021353,2016,3,1,21
130062,2016010021371,528430.0,180310.0,-0.15083,51.507082,1,Slight,1,2,2016-09-21,Wednesday,00:15,Westminster,E09000033,5,0,6,30.0,3,4,6,0,,,4,1,1,0,0,1,1,E01004762,3,1,21/09/2016,21/09/2016,1,8,0,9,,8,0,0,0,0,,,1,Male,28,26 - 35,-1,-1,-1,2,1,,1,1,3,1,31,6,3,5,1,0,0,2,0,-1,-1,2016.0,010021371,E09000033,0.0,0.0,2.0,2016.0,010021371,6.0,4.0,0.0,1.0,1.0,-1,2016.0,010021371,2016,9,2,0
130074,2016010021402,507870.0,177890.0,-0.447695,51.489625,1,Slight,2,2,2016-07-09,Saturday,05:54,Hillingdon,E09000017,6,0,6,30.0,0,-1,-1,-1,,,4,1,1,0,0,1,1,E01002447,3,1,07/09/2016,07/09/2016,1,9,0,18,,0,0,0,0,0,,,2,Female,33,26 - 35,1490,1,8,3,1,,1,1,1,2,33,6,3,0,0,0,0,0,9,1,3,2016.0,010021402,E09000017,0.0,0.0,2.0,2016.0,010021402,3.0,7.0,0.0,3.0,1.0,-1,2016.0,010021402,2016,7,2,5
130081,2016010021418,535170.0,176690.0,-0.055155,51.47298,1,Slight,3,1,2016-09-15,Thursday,19:55,Southwark,E09000028,3,202,6,30.0,3,4,6,0,,,4,1,1,0,0,1,1,E01004004,3,1,15/09/2016,15/09/2016,1,9,0,9,,8,0,0,0,0,,,6,Male,32,26 - 35,1242,1,10,3,1,,3,1,1,1,27,6,3,0,0,0,0,0,2,1,1,2016.0,010021418,E09000028,0.0,0.0,2.0,2016.0,010021418,6.0,4.0,0.0,3.0,1.0,-1,2016.0,010021418,2016,9,1,19