,accident_index,location_easting_osgr,location_northing_osgr,longitude,latitude,police_force,accident_severity,number_of_vehicles,number_of_casualties,date,day_of_week,time,local_authority_district,local_authority_highway,first_road_class,first_road_number,road_type,speed_limit,junction_detail,junction_control,second_road_class,second_road_number,pedestrian_crossing-human_control,pedestrian_crossing-physical_facilities,light_conditions,weather_conditions,road_surface_conditions,special_conditions_at_site,carriageway_hazards,urban_or_rural_area,did_police_officer_attend_scene_of_accident,lsoa_of_accident_location,accident_severity_num,accident_severity_inv,date2,date_original,vehicle_reference_x,vehicle_type,towing_and_articulation,vehicle_manoeuvre,vehicle_location-restricted_lane,junction_location,skidding_and_overturning,hit_object_in_carriageway,vehicle_leaving_carriageway,hit_object_off_carriageway,1st_point_of_impact,was_vehicle_left_hand_drive?,journey_purpose_of_driver,sex_of_driver,age_of_driver,age_band_of_driver,engine_capacity_cc,propulsion_code,age_of_vehicle,driver_imd_decile,driver_home_area_type,vehicle_imd_decile,vehicle_reference_y,casualty_reference,casualty_class,sex_of_casualty,age_of_casualty,age_band_of_casualty,casualty_severity,pedestrian_location,pedestrian_movement,car_passenger,bus_or_coach_passenger,pedestrian_road_maintenance_worker,casualty_type,casualty_home_area_type,casualty_imd_decile,accident_year_x,accident_reference_x,local_authority_ons_district,pedestrian_crossing_human_control,pedestrian_crossing_physical_facilities,trunk_road_flag,accident_year_y,accident_reference_y,vehicle_direction_from,vehicle_direction_to,vehicle_location_restricted_lane,first_point_of_impact,vehicle_left_hand_drive,generic_make_model,accident_year,accident_reference,year,month,severity,hours
130088,2016010021434,524140.0,175610.0,-0.214264,51.465799,1,Slight,2,1,2016-09-25,Sunday,18:30,Wandsworth,E09000032,3,219,6,30.0,3,2,4,306,,,1,1,1,0,0,1,1,E01004609,3,1,25/09/2016,25/09/2016,1,9,0,7,,8,0,0,0,0,,,2,Female,34,26 - 35,1995,1,11,6,1,,1,1,1,2,34,6,3,0,0,0,0,0,9,1,6,2016.0,010021434,E09000032,0.0,5.0,2.0,2016.0,010021434,7.0,1.0,0.0,3.0,1.0,-1,2016.0,010021434,2016,9,1,18
130093,2016010021449,523480.0,179200.0,-0.222506,51.498208,1,Slight,2,1,2016-09-27,Tuesday,18:30,Hammersmith and Fulham,E09000013,3,219,6,30.0,3,4,6,0,,,1,1,1,0,0,1,1,E01001856,3,1,27/09/2016,27/09/2016,1,9,0,14,,8,0,0,0,0,,,2,Male,21,21 - 25,1198,1,4,10,1,,2,1,2,2,31,6,3,0,0,0,4,0,11,1,3,2016.0,010021449,E09000013,0.0,0.0,2.0,2016.0,010021449,5.0,1.0,0.0,4.0,1.0,-1,2016.0,010021449,2016,9,1,18
130103,2016010021527,507680.0,182260.0,-0.449097,51.528941,1,Slight,2,1,2016-09-24,Saturday,18:45,Hillingdon,E09000017,5,0,6,30.0,3,4,6,0,,,1,1,1,0,0,1,1,E01002410,3,1,24/09/2016,24/09/2016,1,9,0,9,,8,0,0,0,0,,,6,Male,20,16 - 20,1388,1,11,3,1,,1,1,1,1,20,4,3,0,0,0,0,0,9,1,3,2016.0,010021527,E09000017,0.0,0.0,2.0,2016.0,010021527,3.0,1.0,0.0,3.0,1.0,-1,2016.0,010021527,2016,9,1,18
130115,2016010021554,531700.0,166510.0,-0.10887,51.382312,1,Slight,2,1,2016-10-09,Sunday,19:57,Croydon,E09000008,3,213,6,30.0,6,2,5,0,,,4,1,1,0,0,1,1,E01001011,3,1,10/09/2016,10/09/2016,1,9,0,9,,8,0,0,0,0,,,6,Male,32,26 - 35,-1,-1,-1,3,1,,2,1,1,1,38,7,3,0,0,0,0,0,3,1,4,2016.0,010021554,E09000008,0.0,5.0,2.0,2016.0,010021554,6.0,5.0,0.0,3.0,1.0,-1,2016.0,010021554,2016,10,1,19
130120,2016010021565,534660.0,179160.0,-0.061553,51.495298,1,Slight,1,1,2016-09-28,Wednesday,19:37,Southwark,E09000028,6,0,6,30.0,6,4,6,0,,,4,1,1,0,0,1,1,E01004024,3,1,28/09/2016,28/09/2016,1,9,0,7,,8,0,0,0,0,,,6,Male,31,26 - 35,2143,2,1,9,1,,1,1,3,2,31,6,3,5,1,0,0,2,0,-1,-1,2016.0,010021565,E09000028,0.0,0.0,2.0,2016.0,010021565,2.0,4.0,0.0,1.0,1.0,-1,2016.0,010021565,2016,9,1,19
130122,2016010021570,510740.0,188550.0,-0.403023,51.584884,1,Serious,2,1,2016-09-28,Wednesday,19:09,Hillingdon,E09000017,5,0,6,30.0,3,4,6,0,,,4,1,1,0,0,1,1,E01002433,2,2,28/09/2016,28/09/2016,1,9,5,9,,2,0,0,0,0,,,6,Female,19,16 - 20,1329,1,4,6,1,,2,1,1,1,18,4,2,0,0,0,0,0,3,1,8,2016.0,010021570,E09000017,0.0,0.0,2.0,2016.0,010021570,2.0,8.0,0.0,3.0,1.0,-1,2016.0,010021570,2016,9,2,19
130126,2016010021576,532170.0,168270.0,-0.101466,51.398019,1,Slight,2,1,2016-07-09,Saturday,18:05,Croydon,E09000008,4,266,1,30.0,1,4,5,0,,,1,1,1,0,0,1,1,E01001000,3,1,07/09/2016,07/09/2016,1,3,0,18,,8,0,0,0,0,,,6,Male,21,21 - 25,-1,-1,-1,-1,-1,,1,1,1,1,21,5,3,0,0,0,0,0,3,-1,-1,2016.0,010021576,E09000008,0.0,0.0,2.0,2016.0,010021576,6.0,2.0,0.0,1.0,1.0,-1,2016.0,010021576,2016,7,1,18
130131,2016010021587,505190.0,183950.0,-0.484475,51.5446,1,Serious,2,1,2016-12-09,Friday,22:46,Hillingdon,E09000017,3,4007,6,30.0,3,4,6,0,,,4,9,1,0,0,1,1,E01002521,2,2,12/09/2016,12/09/2016,1,2,0,13,,1,0,0,0,0,,,6,Male,17,16 - 20,125,1,1,2,1,,1,1,1,1,17,4,2,0,0,0,0,0,2,1,2,2016.0,010021587,E09000017,0.0,1.0,2.0,2016.0,010021587,7.0,3.0,0.0,1.0,1.0,-1,2016.0,010021587,2016,12,2,22
130140,2016010021613,528130.0,178350.0,-0.155861,51.489535,1,Serious,3,1,2016-09-23,Friday,19:00,Kensington and Chelsea,E09000020,3,3216,6,30.0,6,2,3,3214,,,1,1,1,0,0,1,1,E01002902,2,2,23/09/2016,23/09/2016,1,9,0,9,,8,0,0,0,0,,,6,Male,25,21 - 25,1499,2,1,8,3,,3,1,1,1,54,8,2,0,0,0,0,0,1,1,9,2016.0,010021613,E09000020,0.0,0.0,2.0,2016.0,010021613,4.0,2.0,0.0,1.0,1.0,-1,2016.0,010021613,2016,9,2,19
130148,2016010021655,545820.0,183950.0,0.101082,51.535573,1,Slight,4,2,2016-09-22,Thursday,23:23,Barking and Dagenham,E09000002,3,123,6,30.0,0,-1,-1,-1,,,4,1,1,0,0,1,1,E01000043,3,1,22/09/2016,22/09/2016,1,9,0,18,,0,1,4,0,0,,,6,Male,19,16 - 20,1796,1,13,2,1,,1,1,1,1,19,4,3,0,0,0,0,0,9,1,2,2016.0,010021655,E09000002,0.0,0.0,2.0,2016.0,010021655,3.0,7.0,0.0,1.0,1.0,-1,2016.0,010021655,2016,9,2,23
130173,2016010021828,514610.0,174040.0,-0.351904,51.453697,1,Slight,1,1,2016-09-25,Sunday,18:30,Richmond upon Thames,E09000027,5,0,6,30.0,3,4,6,0,,,1,1,1,0,0,1,1,E01003905,3,1,25/09/2016,25/09/2016,1,9,0,18,,1,0,0,0,0,,,6,Male,19,16 - 20,1240,1,10,5,1,,1,1,3,1,56,9,3,5,1,0,0,2,0,-1,-1,2016.0,010021828,E09000027,0.0,0.0,2.0,2016.0,010021828,3.0,7.0,0.0,1.0,1.0,-1,2016.0,010021828,2016,9,1,18
130202,2016010021917,532040.0,167050.0,-0.103787,51.387086,1,Slight,2,1,2016-10-09,Sunday,04:00,Croydon,E09000008,6,0,6,30.0,3,4,6,0,,,4,1,1,0,0,1,1,E01001117,3,1,10/09/2016,10/09/2016,1,9,0,18,,8,0,4,0,0,,,6,Female,30,26 - 35,1968,2,3,1,1,,1,1,1,2,30,6,3,0,0,0,0,0,9,1,1,2016.0,010021917,E09000008,0.0,0.0,2.0,2016.0,010021917,8.0,4.0,0.0,1.0,1.0,-1,2016.0,010021917,2016,10,1,4
130209,2016010021949,532620.0,169240.0,-0.094638,51.406632,1,Slight,2,1,2016-09-29,Thursday,22:17,Croydon,E09000008,6,0,6,30.0,0,-1,-1,-1,,,4,1,1,0,0,1,1,E01001146,3,1,29/09/2016,29/09/2016,1,9,0,18,,0,5,4,0,0,,,6,Male,29,26 - 35,-1,-1,-1,2,1,,1,1,1,1,29,6,3,0,0,0,0,0,9,1,2,2016.0,010021949,E09000008,0.0,0.0,2.0,2016.0,010021949,2.0,6.0,0.0,1.0,1.0,-1,2016.0,010021949,2016,9,1,22
130224,2016010021992,509900.0,178980.0,-0.418128,51.499032,1,Slight,2,1,2016-12-09,Friday,22:10,Hillingdon,E09000017,3,312,6,30.0,3,4,3,312,,,4,1,1,0,0,1,1,E01002489,3,1,12/09/2016,12/09/2016,1,9,0,18,,1,0,0,0,0,,,2,Female,22,21 - 25,1685,2,0,6,1,,2,1,1,2,68,10,3,0,0,0,0,0,9,1,5,2016.0,010021992,E09000017,0.0,4.0,2.0,2016.0,010021992,8.0,4.0,0.0,1.0,1.0,-1,2016.0,010021992,2016,12,1,22
130249,2016010022181,526680.0,177360.0,-0.17709,51.480964,1,Slight,2,2,2016-09-13,Tuesday,18:26,Kensington and Chelsea,E09000020,6,0,6,30.0,3,4,3,3220,,,1,1,1,0,0,1,1,E01002840,3,1,13/09/2016,13/09/2016,1,9,0,7,,8,0,0,0,0,,,6,Male,27,26 - 35,-1,-1,-1,2,1,,1,1,1,1,27,6,3,0,0,0,0,0,9,1,2,2016.0,010022181,E09000020,0.0,0.0,2.0,2016.0,010022181,8.0,2.0,0.0,2.0,1.0,-1,2016.0,010022181,2016,9,2,18
130253,2016010022187,528490.0,188150.0,-0.147106,51.577525,1,Slight,2,1,2016-06-09,Thursday,18:10,Haringey,E09000014,3,1,6,30.0,6,2,4,550,,,1,1,1,0,0,1,1,E01002007,3,1,06/09/2016,06/09/2016,1,3,0,18,,2,0,0,0,0,,,6,Male,35,26 - 35,125,1,3,3,1,,1,1,1,1,35,6,3,0,0,0,0,0,3,1,3,2016.0,010022187,E09000014,0.0,5.0,2.0,2016.0,010022187,8.0,4.0,0.0,1.0,1.0,-1,2016.0,010022187,2016,6,1,18
130254,2016010022189,511660.0,180620.0,-0.392265,51.513428,1,Serious,1,1,2016-09-17,Saturday,02:38,Hillingdon,E09000017,3,4020,3,40.0,3,4,6,0,,,7,1,1,0,0,1,1,E01002547,2,2,17/09/2016,17/09/2016,1,3,0,13,,8,0,10,1,0,,,6,Male,21,21 - 25,125,1,4,3,1,,1,1,1,1,21,5,2,0,0,0,0,0,3,1,3,2016.0,010022189,E09000017,0.0,0.0,2.0,2016.0,010022189,7.0,3.0,0.0,1.0,1.0,-1,2016.0,010022189,2016,9,2,2
130272,2016010022227,534880.0,166470.0,-0.063216,51.381206,1,Slight,4,1,2016-09-30,Friday,23:30,Croydon,E09000008,3,215,6,30.0,3,4,6,0,,,4,1,1,0,0,1,1,E01000987,3,1,30/09/2016,30/09/2016,1,9,0,9,,8,0,4,1,10,,,6,Male,30,26 - 35,1995,1,9,3,1,,1,1,1,1,30,6,3,0,0,0,0,0,9,1,3,2016.0,010022227,E09000008,0.0,1.0,2.0,2016.0,010022227,6.0,4.0,0.0,1.0,1.0,-1,2016.0,010022227,2016,9,1,23
130287,2016010022264,529860.0,191540.0,-0.126092,51.607676,1,Slight,2,1,2016-09-15,Thursday,18:28,Haringey,E09000014,3,109,6,30.0,3,4,6,0,,,1,1,1,0,0,1,3,E01001973,3,1,15/09/2016,15/09/2016,1,9,0,18,,8,0,0,0,0,,,6,Male,20,16 - 20,1896,2,10,8,1,,1,1,1,1,20,4,3,0,0,0,0,0,9,1,8,2016.0,010022264,E09000014,0.0,0.0,2.0,2016.0,010022264,8.0,4.0,0.0,2.0,1.0,-1,2016.0,010022264,2016,9,1,18
130297,2016010022294,528130.0,179390.0,-0.155484,51.498882,1,Slight,2,2,2016-09-16,Friday,03:33,Westminster,E09000033,4,310,6,30.0,3,4,4,310,,,4,2,2,0,0,1,1,E01004691,3,1,16/09/2016,16/09/2016,1,9,0,18,,8,0,0,0,0,,,6,Male,34,26 - 35,2987,2,1,7,1,,1,1,1,1,34,6,3,0,0,0,0,0,9,1,7,2016.0,010022294,E09000033,0.0,0.0,2.0,2016.0,010022294,2.0,6.0,0.0,3.0,1.0,-1,2016.0,010022294,2016,9,2,3
130299,2016010022297,531850.0,188120.0,-0.098655,51.57648,1,Slight,2,1,2016-04-09,Saturday,18:00,Haringey,E09000014,3,105,6,30.0,3,2,6,0,,,1,1,1,0,0,1,3,E01002002,3,1,04/09/2016,04/09/2016,1,3,0,18,,8,0,0,0,0,,,6,Male,32,26 - 35,124,1,1,4,1,,1,1,1,1,32,6,3,0,0,0,0,0,3,1,4,2016.0,010022297,E09000014,0.0,5.0,2.0,2016.0,010022297,1.0,5.0,0.0,1.0,1.0,-1,2016.0,010022297,2016,4,1,18
130304,2016010022316,525670.0,178850.0,-0.191097,51.49458,1,Slight,1,1,2016-03-09,Wednesday,23:15,Kensington and Chelsea,E09000020,3,4,3,30.0,3,2,3,4,,,4,1,1,0,0,1,1,E01002839,3,1,03/09/2016,03/09/2016,1,9,0,9,,8,0,0,0,0,,,6,Male,34,26 - 35,1461,2,6,9,1,,1,1,3,2,41,7,3,4,1,0,0,2,0,-1,-1,2016.0,010022316,E09000020,0.0,4.0,2.0,2016.0,010022316,7.0,5.0,0.0,1.0,1.0,-1,2016.0,010022316,2016,3,1,23
130314,2016010022350,534010.0,189910.0,-0.06682,51.592057,1,Slight,2,1,2016-09-25,Sunday,01:16,Haringey,E09000014,6,0,6,30.0,3,4,6,0,,,4,1,1,0,0,1,1,E01002077,3,1,25/09/2016,25/09/2016,1,9,0,18,,1,0,0,0,0,,,6,Male,23,21 - 25,1398,1,0,3,1,,1,1,2,1,24,5,3,0,0,1,0,0,9,1,1,2016.0,010022350,E09000014,0.0,0.0,2.0,2016.0,010022350,5.0,1.0,0.0,1.0,1.0,-1,2016.0,010022350,2016,9,1,1
130319,2016010022368,545250.0,183330.0,0.092614,51.530149,1,Slight,3,3,2016-09-23,Friday,19:15,Barking and Dagenham,E09000002,5,0,3,30.0,5,2,3,13,,,1,1,1,0,0,1,1,E01000052,3,1,23/09/2016,23/09/2016,1,9,0,3,,2,0,0,0,0,,,6,Female,28,26 - 35,-1,-1,-1,-1,-1,,1,1,1,2,28,6,3,0,0,0,0,0,9,-1,-1,2016.0,010022368,E09000002,0.0,5.0,2.0,2016.0,010022368,5.0,1.0,0.0,2.0,1.0,-1,2016.0,010022368,2016,9,3,19
130323,2016010022377,550290.0,184930.0,0.165902,51.543207,1,Slight,3,2,2016-09-18,Sunday,20:34,Barking and Dagenham,E09000002,3,1112,3,30.0,3,4,6,0,,,4,1,1,1,0,1,1,E01000108,3,1,18/09/2016,18/09/2016,1,9,0,3,,1,0,0,0,0,,,6,Male,18,16 - 20,-1,-1,-1,-1,-1,,1,1,1,1,18,4,3,0,0,0,0,0,9,-1,-1,2016.0,010022377,E09000002,0.0,1.0,2.0,2016.0,010022377,1.0,5.0,0.0,2.0,1.0,-1,2016.0,010022377,2016,9,2,20
130325,2016010022384,524050.0,179690.0,-0.214127,51.502487,1,Slight,1,1,2016-09-27,Tuesday,23:53,Kensington and Chelsea,E09000020,3,3220,2,30.0,3,4,5,0,,,4,1,1,5,0,1,1,E01002866,3,1,27/09/2016,27/09/2016,1,3,0,7,,8,1,0,0,0,,,2,Male,17,16 - 20,-1,-1,-1,3,1,,1,1,1,1,17,4,3,0,0,0,0,0,3,1,3,2016.0,010022384,E09000020,0.0,0.0,2.0,2016.0,010022384,5.0,7.0,0.0,0.0,1.0,-1,2016.0,010022384,2016,9,1,23
130328,2016010022394,525170.0,180850.0,-0.197587,51.512666,1,Slight,3,1,2016-09-17,Saturday,21:56,Kensington and Chelsea,E09000020,3,4206,6,30.0,3,4,6,0,,,4,1,1,0,0,1,1,E01002886,3,1,17/09/2016,17/09/2016,1,9,0,18,,1,0,0,0,0,,,6,Male,25,21 - 25,3999,1,7,-1,-1,,3,1,1,1,18,4,3,0,0,0,0,0,5,1,4,2016.0,010022394,E09000020,0.0,0.0,2.0,2016.0,010022394,5.0,1.0,0.0,3.0,1.0,-1,2016.0,010022394,2016,9,1,21
130330,2016010022449,531840.0,188220.0,-0.098762,51.577381,1,Slight,2,1,2016-09-13,Tuesday,23:35,Haringey,E09000014,3,105,6,30.0,3,4,6,0,,,4,1,1,0,0,1,1,E01002047,3,1,13/09/2016,13/09/2016,1,9,0,6,,8,0,0,0,0,,,6,Male,29,26 - 35,1968,2,2,1,1,,2,1,1,1,26,6,3,0,0,0,0,0,3,1,1,2016.0,010022449,E09000014,0.0,0.0,2.0,2016.0,010022449,1.0,1.0,0.0,3.0,1.0,-1,2016.0,010022449,2016,9,1,23
130336,2016010022467,521720.0,170000.0,-0.251012,51.415905,1,Fatal,2,1,2016-09-30,Friday,18:27,Kingston upon Thames,E09000021,3,3,7,30.0,0,-1,-1,-1,,,1,1,1,0,0,1,1,E01002953,1,3,30/09/2016,30/09/2016,1,5,0,12,,0,0,10,7,0,,,6,Male,35,26 - 35,471,1,3,1,1,,1,1,1,1,35,6,1,0,0,0,0,0,5,1,1,2016.0,010022467,E09000021,0.0,0.0,2.0,2016.0,010022467,5.0,1.0,0.0,3.0,1.0,-1,2016.0,010022467,2016,9,3,18
130364,2016010022543,534230.0,189610.0,-0.063761,51.589309,1,Slight,3,2,2016-11-09,Wednesday,00:31,Haringey,E09000014,3,1055,6,30.0,6,2,3,503,,,4,1,1,0,0,1,1,E01002066,3,1,11/09/2016,11/09/2016,1,9,0,5,,8,0,0,0,0,,,6,Male,23,21 - 25,998,1,3,-1,-1,,1,1,1,1,23,5,3,0,0,0,0,0,9,-1,-1,2016.0,010022543,E09000014,0.0,5.0,2.0,2016.0,010022543,5.0,1.0,0.0,1.0,1.0,-1,2016.0,010022543,2016,11,2,0
130372,2016010022562,526920.0,181430.0,-0.172173,51.517488,1,Slight,2,1,2016-07-09,Saturday,20:20,Westminster,E09000033,3,4205,2,30.0,3,4,6,0,,,4,1,1,0,0,1,3,E01033593,3,1,07/09/2016,07/09/2016,1,8,0,3,,8,0,0,0,0,,,1,Male,35,26 - 35,2143,2,1,2,1,,1,1,1,1,35,6,3,0,0,0,0,0,8,1,2,2016.0,010022562,E09000033,0.0,0.0,2.0,2016.0,010022562,6.0,2.0,0.0,1.0,1.0,-1,2016.0,010022562,2016,7,1,20
130379,2016010022582,516070.0,189340.0,-0.325865,51.590913,1,Slight,1,1,2016-09-24,Saturday,01:19,Harrow,E09000015,5,0,1,30.0,2,4,6,0,,,4,1,1,0,0,1,1,E01002180,3,1,24/09/2016,24/09/2016,1,9,0,16,,8,0,10,1,0,,,6,Female,34,26 - 35,1598,1,5,4,1,,1,1,2,2,32,6,3,0,0,1,0,0,9,1,4,2016.0,010022582,E09000015,0.0,0.0,2.0,2016.0,010022582,8.0,3.0,0.0,4.0,1.0,-1,2016.0,010022582,2016,9,1,1
130392,2016010022642,524680.0,182260.0,-0.204146,51.525446,1,Slight,2,1,2016-02-09,Tuesday,18:52,Westminster,E09000033,3,404,6,30.0,3,4,6,0,,,1,1,1,0,0,1,1,E01004679,3,1,02/09/2016,02/09/2016,1,3,0,9,,8,0,0,0,0,,,1,Male,16,16 - 20,-1,-1,-1,1,1,,1,1,1,1,16,4,3,0,0,0,0,0,3,1,1,2016.0,010022642,E09000033,0.0,4.0,2.0,2016.0,010022642,8.0,4.0,0.0,4.0,1.0,-1,2016.0,010022642,2016,2,1,18
130396,2016010022705,527010.0,181750.0,-0.170761,51.520344,1,Slight,2,1,2016-08-09,Tuesday,01:34,Westminster,E09000033,3,5,2,30.0,3,2,6,0,,,7,1,1,0,0,1,3,E01033604,3,1,08/09/2016,08/09/2016,1,9,0,3,,8,0,0,0,0,,,6,Male,29,26 - 35,2143,2,4,4,1,,1,1,1,1,29,6,3,0,0,0,0,0,9,1,4,2016.0,010022705,E09000033,0.0,0.0,2.0,2016.0,010022705,1.0,5.0,0.0,2.0,1.0,-1,2016.0,010022705,2016,8,1,1
130398,2016010022707,529550.0,181100.0,-0.134411,51.513926,1,Slight,1,1,2016-05-09,Monday,22:44,Westminster,E09000033,5,0,2,30.0,3,4,6,0,,,4,1,4,0,0,1,1,E01033595,3,1,05/09/2016,05/09/2016,1,9,0,18,,1,0,0,0,0,,,6,Female,29,26 - 35,1332,1,5,6,1,,1,1,1,2,29,6,3,0,0,0,0,0,9,1,6,2016.0,010022707,E09000033,0.0,0.0,2.0,2016.0,010022707,5.0,1.0,0.0,4.0,1.0,-1,2016.0,010022707,2016,5,1,22
130424,2016010022778,513640.0,185550.0,-0.362153,51.557344,1,Slight,2,1,2016-06-09,Thursday,23:43,Ealing,E09000009,3,312,6,30.0,3,2,3,4090,,,4,1,1,0,0,1,1,E01002221,3,1,06/09/2016,06/09/2016,1,9,0,9,,8,0,0,0,0,,,6,Female,19,16 - 20,1242,1,4,-1,-1,,2,1,2,2,19,4,3,0,0,1,0,0,9,-1,-1,2016.0,010022778,E09000009,0.0,5.0,2.0,2016.0,010022778,2.0,8.0,0.0,4.0,1.0,-1,2016.0,010022778,2016,6,1,23
130428,2016010022790,513930.0,187520.0,-0.357334,51.574991,1,Slight,2,1,2016-08-09,Tuesday,23:25,Harrow,E09000015,5,0,1,30.0,2,4,5,0,,,4,1,1,0,0,1,1,E01002136,3,1,08/09/2016,08/09/2016,1,9,0,9,,4,0,0,0,0,,,6,Male,22,21 - 25,1686,2,11,3,1,,1,1,1,1,22,5,3,0,0,0,0,0,9,1,3,2016.0,010022790,E09000015,0.0,0.0,2.0,2016.0,010022790,4.0,2.0,0.0,1.0,1.0,-1,2016.0,010022790,2016,8,1,23
130436,2016010022807,529460.0,177910.0,-0.136876,51.485278,1,Slight,2,1,2016-09-09,Friday,19:08,Westminster,E09000033,3,3212,6,30.0,3,4,6,0,,,1,1,1,0,0,1,1,E01004738,3,1,09/09/2016,09/09/2016,1,9,0,9,,8,0,0,0,0,,,6,Male,26,26 - 35,1339,8,2,2,1,,2,1,1,2,27,6,3,0,0,0,0,0,2,1,3,2016.0,010022807,E09000033,0.0,0.0,2.0,2016.0,010022807,2.0,8.0,0.0,1.0,1.0,-1,2016.0,010022807,2016,9,1,19
130447,2016010022849,513370.0,187130.0,-0.365537,51.571599,1,Serious,2,1,2016-09-16,Friday,20:16,Harrow,E09000015,6,0,6,30.0,6,4,6,0,,,1,1,1,0,0,1,1,E01002206,2,2,16/09/2016,16/09/2016,1,2,0,18,,2,0,4,0,0,,,1,Male,32,26 - 35,49,1,10,6,1,,1,1,1,1,32,6,2,0,0,0,0,0,2,1,6,2016.0,010022849,E09000015,0.0,0.0,2.0,2016.0,010022849,1.0,5.0,0.0,1.0,1.0,-1,2016.0,010022849,2016,9,2,20
130454,2016010022926,529910.0,180470.0,-0.129457,51.508182,1,Slight,1,1,2016-10-13,Thursday,00:31,Westminster,E09000033,3,4,2,30.0,9,2,3,4,,,4,2,2,0,0,1,1,E01004736,3,1,13/10/2016,13/10/2016,1,4,0,18,,1,0,0,0,0,,,2,Male,24,21 - 25,125,1,9,2,1,,1,1,3,1,57,9,3,4,3,0,0,2,0,1,2,2016.0,010022926,E09000033,0.0,4.0,2.0,2016.0,010022926,6.0,2.0,0.0,1.0,1.0,-1,2016.0,010022926,2016,10,1,0
130461,2016010022935,524550.0,181360.0,-0.206337,51.517386,1,Slight,2,1,2016-10-24,Monday,21:25,Kensington and Chelsea,E09000020,5,0,6,30.0,6,4,6,0,,,4,1,1,0,0,1,1,E01002831,3,1,24/10/2016,24/10/2016,1,3,0,18,,8,0,0,0,0,,,6,Male,29,26 - 35,-1,-1,-1,1,1,,1,1,1,1,29,6,3,0,0,0,0,0,3,1,1,2016.0,010022935,E09000020,0.0,0.0,2.0,2016.0,010022935,5.0,1.0,0.0,4.0,1.0,-1,2016.0,010022935,2016,10,1,21
130465,2016010022939,528870.0,180190.0,-0.144537,51.505903,1,Slight,3,1,2016-08-10,Wednesday,04:10,Westminster,E09000033,3,4,6,30.0,6,2,6,0,,,4,1,1,0,0,1,1,E01004761,3,1,08/10/2016,08/10/2016,1,9,0,18,,2,0,4,0,0,,,6,Male,33,26 - 35,-1,-1,-1,-1,-1,,1,1,2,2,21,5,3,0,0,1,0,0,9,1,6,2016.0,010022939,E09000033,0.0,5.0,2.0,2016.0,010022939,6.0,2.0,0.0,4.0,1.0,-1,2016.0,010022939,2016,8,1,4
130473,2016010022947,525980.0,177910.0,-0.186969,51.486064,1,Slight,2,1,2016-11-10,Thursday,00:01,Kensington and Chelsea,E09000020,3,3220,6,30.0,3,4,6,0,,,4,1,1,0,0,1,1,E01002896,3,1,11/10/2016,11/10/2016,1,4,0,18,,1,0,0,0,0,,,6,Female,22,21 - 25,124,1,4,-1,-1,,1,1,1,2,22,5,3,0,0,0,0,0,4,-1,-1,2016.0,010022947,E09000020,0.0,0.0,2.0,2016.0,010022947,1.0,5.0,0.0,3.0,1.0,-1,2016.0,010022947,2016,11,1,0
130486,2016010022961,526670.0,180830.0,-0.175989,51.512152,1,Slight,2,1,2016-07-10,Sunday,19:27,Westminster,E09000033,3,4209,2,30.0,3,4,5,0,,,4,1,1,0,0,1,1,E01004694,3,1,07/10/2016,07/10/2016,1,9,0,7,,8,0,0,0,0,,,1,Male,22,21 - 25,1798,8,0,5,1,,2,1,1,2,41,7,3,0,0,0,0,0,1,1,3,2016.0,010022961,E09000033,0.0,0.0,2.0,2016.0,010022961,8.0,1.0,0.0,1.0,1.0,-1,2016.0,010022961,2016,7,1,19
130504,2016010022980,524760.0,180390.0,-0.203655,51.508622,1,Slight,2,1,2016-09-10,Saturday,18:44,Kensington and Chelsea,E09000020,6,0,6,30.0,6,4,4,450,,,1,1,1,0,0,1,1,E01002871,3,1,09/10/2016,09/10/2016,1,8,0,6,,2,0,0,0,0,,,1,Male,28,26 - 35,1790,8,4,2,1,,2,1,1,1,39,7,3,0,0,0,0,0,1,-1,-1,2016.0,010022980,E09000020,0.0,0.0,2.0,2016.0,010022980,7.0,7.0,0.0,3.0,1.0,-1,2016.0,010022980,2016,9,1,18
130526,2016010023081,512960.0,175350.0,-0.375223,51.465803,1,Serious,2,1,2016-03-10,Thursday,00:58,Hounslow,E09000018,3,315,6,30.0,3,4,6,0,,,4,1,1,0,0,1,1,E01002646,2,2,03/10/2016,03/10/2016,1,9,0,18,,1,0,0,0,0,,,6,Male,33,26 - 35,2000,1,17,6,1,,1,1,3,1,33,6,2,5,3,0,0,2,0,1,3,2016.0,010023081,E09000018,0.0,0.0,2.0,2016.0,010023081,7.0,3.0,0.0,1.0,1.0,-1,2016.0,010023081,2016,3,2,0