,accident_index,location_easting_osgr,location_northing_osgr,longitude,latitude,police_force,accident_severity,number_of_vehicles,number_of_casualties,date,day_of_week,time,local_authority_district,local_authority_highway,first_road_class,first_road_number,road_type,speed_limit,junction_detail,junction_control,second_road_class,second_road_number,pedestrian_crossing-human_control,pedestrian_crossing-physical_facilities,light_conditions,weather_conditions,road_surface_conditions,special_conditions_at_site,carriageway_hazards,urban_or_rural_area,did_police_officer_attend_scene_of_accident,lsoa_of_accident_location,accident_severity_num,accident_severity_inv,date2,date_original,vehicle_reference_x,vehicle_type,towing_and_articulation,vehicle_manoeuvre,vehicle_location-restricted_lane,junction_location,skidding_and_overturning,hit_object_in_carriageway,vehicle_leaving_carriageway,hit_object_off_carriageway,1st_point_of_impact,was_vehicle_left_hand_drive?,journey_purpose_of_driver,sex_of_driver,age_of_driver,age_band_of_driver,engine_capacity_cc,propulsion_code,age_of_vehicle,driver_imd_decile,driver_home_area_type,vehicle_imd_decile,vehicle_reference_y,casualty_reference,casualty_class,sex_of_casualty,age_of_casualty,age_band_of_casualty,casualty_severity,pedestrian_location,pedestrian_movement,car_passenger,bus_or_coach_passenger,pedestrian_road_maintenance_worker,casualty_type,casualty_home_area_type,casualty_imd_decile,accident_year_x,accident_reference_x,local_authority_ons_district,pedestrian_crossing_human_control,pedestrian_crossing_physical_facilities,trunk_road_flag,accident_year_y,accident_reference_y,vehicle_direction_from,vehicle_direction_to,vehicle_location_restricted_lane,first_point_of_impact,vehicle_left_hand_drive,generic_make_model,accident_year,accident_reference,year,month,severity,hours
130542,2016010023127,533340.0,188310.0,-0.077094,51.577838,1,Slight,2,3,2016-09-28,Wednesday,21:32,Haringey,E09000014,4,152,6,30.0,3,4,6,0,,,4,1,1,0,0,1,1,E01002053,3,1,28/09/2016,28/09/2016,1,9,5,18,,1,0,0,0,0,,,6,Male,25,21 - 25,-1,-1,-1,2,1,,1,1,2,1,25,5,3,0,0,1,0,0,9,1,3,2016.0,010023127,E09000014,0.0,1.0,2.0,2016.0,010023127,8.0,4.0,0.0,1.0,1.0,-1,2016.0,010023127,2016,9,3,21
130543,2016010023128,546120.0,172520.0,0.100678,51.43279,1,Slight,2,1,2016-10-13,Thursday,05:36,Bexley,E09000004,5,0,6,30.0,0,-1,-1,-1,,,1,1,1,0,0,1,1,E01000424,3,1,13/10/2016,13/10/2016,1,2,0,18,,0,0,0,0,0,,,6,Male,24,21 - 25,125,1,1,8,1,,1,1,1,1,24,5,3,0,0,0,0,0,2,1,8,2016.0,010023128,E09000004,0.0,0.0,2.0,2016.0,010023128,7.0,3.0,0.0,1.0,1.0,-1,2016.0,010023128,2016,10,1,5
130549,2016010023145,523460.0,178240.0,-0.22313,51.489585,1,Slight,2,1,2016-03-10,Thursday,22:30,Hammersmith and Fulham,E09000013,3,219,6,30.0,3,4,6,0,,,4,1,1,0,0,1,1,E01001900,3,1,03/10/2016,03/10/2016,1,3,0,18,,8,0,0,0,0,,,6,Male,20,16 - 20,124,1,5,4,1,,1,1,1,1,20,4,3,0,0,0,0,0,3,1,4,2016.0,010023145,E09000013,0.0,0.0,2.0,2016.0,010023145,5.0,1.0,0.0,1.0,1.0,-1,2016.0,010023145,2016,3,1,22
130550,2016010023146,521240.0,189050.0,-0.25137,51.587219,1,Slight,2,1,2016-10-25,Tuesday,21:50,Barnet,E09000003,3,5,6,30.0,0,-1,-1,-1,,,4,1,1,0,0,1,1,E01000516,3,1,25/10/2016,25/10/2016,1,5,0,3,,0,0,0,0,0,,,6,Male,28,26 - 35,-1,-1,-1,4,1,,1,1,1,1,28,6,3,0,0,0,0,0,5,1,4,2016.0,010023146,E09000003,0.0,4.0,2.0,2016.0,010023146,1.0,5.0,0.0,2.0,1.0,-1,2016.0,010023146,2016,10,1,21
130555,2016010023154,525810.0,181360.0,-0.188187,51.517107,1,Slight,2,1,2016-01-10,Sunday,22:30,Westminster,E09000033,4,411,3,30.0,6,4,6,0,,,4,1,1,0,0,1,1,E01004652,3,1,01/10/2016,01/10/2016,1,4,0,18,,8,0,0,0,0,,,1,Male,32,26 - 35,124,1,0,1,1,,1,1,1,1,32,6,3,0,0,0,0,0,4,1,1,2016.0,010023154,E09000033,0.0,1.0,2.0,2016.0,010023154,1.0,5.0,0.0,1.0,1.0,-1,2016.0,010023154,2016,1,1,22
130561,2016010023170,507250.0,175870.0,-0.457235,51.471587,1,Serious,1,1,2016-02-10,Wednesday,21:00,London Airport (Heathrow),EHEATHROW,6,0,2,30.0,9,4,6,0,,,4,1,1,0,0,1,1,E01002444,2,2,02/10/2016,02/10/2016,1,9,0,17,,2,0,0,0,0,,,6,Male,22,21 - 25,1956,2,5,9,1,,1,1,3,2,52,8,2,4,3,0,0,2,0,1,6,2016.0,010023170,EHEATHROW,0.0,1.0,2.0,2016.0,010023170,4.0,2.0,0.0,1.0,1.0,-1,2016.0,010023170,2016,2,2,21
130572,2016010023196,509410.0,179030.0,-0.425169,51.499576,1,Slight,2,1,2016-12-10,Saturday,20:15,Hillingdon,E09000017,3,437,6,30.0,3,2,6,0,,,1,1,1,0,0,1,1,E01002489,3,1,12/10/2016,12/10/2016,1,9,0,5,,2,0,0,0,0,,,6,Male,32,26 - 35,998,1,1,3,1,,2,1,1,2,46,8,3,0,0,0,0,0,9,-1,-1,2016.0,010023196,E09000017,0.0,5.0,2.0,2016.0,010023196,6.0,2.0,0.0,1.0,1.0,-1,2016.0,010023196,2016,12,1,20
130576,2016010023212,524140.0,178380.0,-0.213291,51.490694,1,Slight,2,1,2016-10-15,Saturday,19:11,Hammersmith and Fulham,E09000013,3,4,6,30.0,6,2,3,4,,,4,1,1,0,0,1,1,E01001889,3,1,15/10/2016,15/10/2016,1,8,0,18,,8,0,0,0,0,,,1,Male,33,26 - 35,1997,2,4,1,1,,1,1,1,1,33,6,3,0,0,0,0,0,8,1,1,2016.0,010023212,E09000013,0.0,5.0,2.0,2016.0,010023212,7.0,3.0,0.0,1.0,1.0,-1,2016.0,010023212,2016,10,1,19
130594,2016010023321,547090.0,175690.0,0.115939,51.461023,1,Slight,1,1,2016-10-15,Saturday,22:12,Bexley,E09000004,3,207,6,30.0,3,4,6,0,,,4,1,2,0,0,1,1,E01000392,3,1,15/10/2016,15/10/2016,1,9,0,18,,8,0,7,0,0,,,6,Male,27,26 - 35,1560,2,8,3,1,,1,1,1,1,27,6,3,0,0,0,0,0,9,1,3,2016.0,010023321,E09000004,0.0,8.0,2.0,2016.0,010023321,4.0,8.0,0.0,1.0,1.0,-1,2016.0,010023321,2016,10,1,22
130608,2016010023346,529430.0,177890.0,-0.137316,51.485105,1,Slight,2,1,2016-10-17,Monday,23:35,Westminster,E09000033,3,3212,6,30.0,3,2,3,3212,,,4,8,2,0,0,1,1,E01004738,3,1,17/10/2016,17/10/2016,1,9,0,7,,5,0,0,0,0,,,6,Male,20,16 - 20,1242,1,4,4,1,,1,1,1,1,20,4,3,0,0,0,0,0,9,1,4,2016.0,010023346,E09000033,0.0,5.0,2.0,2016.0,010023346,6.0,1.0,0.0,1.0,1.0,-1,2016.0,010023346,2016,10,1,23
130620,2016010023377,537460.0,184780.0,-0.019052,51.545127,1,Slight,2,1,2016-10-22,Saturday,21:30,Hackney,E09000012,5,0,6,30.0,3,4,6,0,,,4,1,1,0,0,1,3,E01001849,3,1,22/10/2016,22/10/2016,1,8,0,10,,8,0,0,0,0,,,1,Male,31,26 - 35,1797,8,6,8,1,,1,1,1,1,31,6,3,0,0,0,0,0,8,1,8,2016.0,010023377,E09000012,0.0,0.0,2.0,2016.0,010023377,1.0,6.0,0.0,3.0,1.0,-1,2016.0,010023377,2016,10,1,21
130626,2016010023391,524250.0,175770.0,-0.212625,51.467213,1,Serious,2,1,2016-09-10,Saturday,21:02,Hammersmith and Fulham,E09000013,3,219,6,30.0,0,-1,-1,-1,,,4,1,1,0,0,1,1,E01001915,2,2,09/10/2016,09/10/2016,1,8,0,6,,0,0,0,0,0,,,1,Male,32,26 - 35,1595,1,1,2,1,,2,1,1,1,35,6,2,0,0,0,0,0,3,1,5,2016.0,010023391,E09000013,0.0,0.0,2.0,2016.0,010023391,2.0,2.0,0.0,3.0,1.0,-1,2016.0,010023391,2016,9,2,21
130639,2016010023427,507590.0,179600.0,-0.451205,51.505049,1,Slight,1,1,2016-08-10,Wednesday,18:25,Hillingdon,E09000017,3,408,6,30.0,3,2,3,408,,,4,1,1,0,0,1,1,E01002532,3,1,08/10/2016,08/10/2016,1,9,0,7,,5,0,0,7,7,,,6,Male,20,16 - 20,1362,1,4,3,1,,1,1,1,1,20,4,3,0,0,0,0,0,9,1,3,2016.0,010023427,E09000017,0.0,5.0,2.0,2016.0,010023427,5.0,8.0,0.0,1.0,1.0,-1,2016.0,010023427,2016,8,1,18
130643,2016010023434,509070.0,178780.0,-0.430143,51.497395,1,Slight,2,1,2016-10-21,Friday,18:15,Hillingdon,E09000017,3,437,6,30.0,3,4,6,0,,,7,1,1,0,0,1,3,E01002490,3,1,21/10/2016,21/10/2016,1,9,0,18,,8,1,0,0,0,,,2,Female,34,26 - 35,1242,1,0,5,1,,1,1,1,2,34,6,3,0,0,0,0,0,9,1,5,2016.0,010023434,E09000017,0.0,1.0,2.0,2016.0,010023434,5.0,1.0,0.0,4.0,1.0,-1,2016.0,010023434,2016,10,1,18
130647,2016010023454,524000.0,178720.0,-0.215187,51.493781,1,Slight,2,1,2016-10-24,Monday,20:56,Hammersmith and Fulham,E09000013,3,315,6,30.0,3,2,6,0,,,4,1,1,0,0,1,1,E01001871,3,1,24/10/2016,24/10/2016,1,3,0,18,,1,0,0,0,0,,,6,Male,19,16 - 20,125,1,8,3,1,,1,1,1,1,19,4,3,0,0,0,0,0,3,1,3,2016.0,010023454,E09000013,0.0,5.0,2.0,2016.0,010023454,6.0,2.0,0.0,1.0,1.0,-1,2016.0,010023454,2016,10,1,20
130665,2016010023554,512320.0,175110.0,-0.384509,51.463773,1,Slight,1,1,2016-10-15,Saturday,18:00,Hounslow,E09000018,3,315,6,30.0,3,4,5,0,,,4,2,2,0,0,1,1,E01002650,3,1,15/10/2016,15/10/2016,1,9,0,18,,8,0,10,0,0,,,2,Male,34,26 - 35,1560,2,4,4,1,,1,1,3,2,51,8,3,6,9,0,0,2,0,1,4,2016.0,010023554,E09000018,0.0,4.0,2.0,2016.0,010023554,7.0,3.0,0.0,4.0,1.0,-1,2016.0,010023554,2016,10,1,18
130699,2016010023668,533270.0,186040.0,-0.078963,51.557455,1,Slight,2,1,2016-10-19,Wednesday,21:15,Hackney,E09000012,5,0,6,30.0,3,4,6,0,,,4,1,1,0,0,1,3,E01001736,3,1,19/10/2016,19/10/2016,1,3,0,18,,1,0,0,0,0,,,1,Male,17,16 - 20,108,1,1,3,1,,1,1,1,1,17,4,3,0,0,0,0,0,3,1,3,2016.0,010023668,E09000012,0.0,0.0,2.0,2016.0,010023668,5.0,1.0,0.0,2.0,1.0,-1,2016.0,010023668,2016,10,1,21
130702,2016010023685,532570.0,185700.0,-0.089183,51.554564,1,Slight,2,2,2016-10-26,Wednesday,18:05,Hackney,E09000012,3,105,6,20.0,0,-1,-1,-1,,,4,1,1,0,0,1,3,E01001738,3,1,26/10/2016,26/10/2016,1,9,0,3,,0,0,0,0,0,,,6,Female,27,26 - 35,1229,1,0,4,1,,1,1,1,2,27,6,3,0,0,0,0,0,9,1,4,2016.0,010023685,E09000012,0.0,0.0,2.0,2016.0,010023685,8.0,4.0,0.0,3.0,1.0,-1,2016.0,010023685,2016,10,2,18
130706,2016010023695,527880.0,180860.0,-0.158551,51.512149,1,Slight,2,1,2016-10-29,Saturday,19:25,Westminster,E09000033,3,4202,3,30.0,1,2,6,0,,,4,1,1,0,0,1,1,E01004689,3,1,29/10/2016,29/10/2016,1,8,0,4,,1,0,0,0,0,,,1,Female,31,26 - 35,1339,8,6,3,1,,1,1,1,2,31,6,3,0,0,0,0,0,8,1,3,2016.0,010023695,E09000033,0.0,5.0,2.0,2016.0,010023695,5.0,1.0,0.0,2.0,1.0,-1,2016.0,010023695,2016,10,1,19
130707,2016010023696,523010.0,178550.0,-0.2295,51.492469,1,Slight,2,1,2016-10-19,Wednesday,00:20,Hammersmith and Fulham,E09000013,3,315,2,30.0,3,4,6,0,,,1,1,1,0,0,1,1,E01001894,3,1,19/10/2016,19/10/2016,1,8,0,9,,8,0,0,0,0,,,1,Male,31,26 - 35,1791,8,4,2,1,,2,1,1,1,44,7,3,0,0,0,0,0,1,1,2,2016.0,010023696,E09000013,0.0,0.0,2.0,2016.0,010023696,1.0,7.0,0.0,3.0,1.0,-1,2016.0,010023696,2016,10,1,0
130716,2016010023718,527590.0,181300.0,-0.162569,51.516169,1,Slight,2,1,2016-10-16,Sunday,22:15,Westminster,E09000033,5,0,6,30.0,3,4,5,0,,,4,1,2,0,0,1,1,E01004658,3,1,16/10/2016,16/10/2016,1,3,0,18,,8,0,0,0,0,,,6,Male,27,26 - 35,125,1,5,5,1,,1,1,1,1,27,6,3,0,0,0,0,0,3,1,5,2016.0,010023718,E09000033,0.0,0.0,2.0,2016.0,010023718,2.0,6.0,0.0,3.0,1.0,-1,2016.0,010023718,2016,10,1,22
130719,2016010023734,549600.0,174350.0,0.151477,51.448326,1,Slight,2,1,2016-10-18,Tuesday,18:39,Bexley,E09000004,3,2,3,50.0,0,-1,-1,-1,,,1,1,1,0,0,1,1,E01000364,3,1,18/10/2016,18/10/2016,1,9,0,4,,0,0,0,0,0,,,6,Male,25,21 - 25,1596,1,4,7,1,,1,1,1,1,25,5,3,0,0,0,0,0,9,1,7,2016.0,010023734,E09000004,0.0,0.0,2.0,2016.0,010023734,4.0,8.0,0.0,2.0,1.0,-1,2016.0,010023734,2016,10,1,18
130722,2016010023740,549830.0,175060.0,0.155085,51.454644,1,Slight,2,1,2016-10-26,Wednesday,20:00,Bexley,E09000004,3,207,6,30.0,3,4,6,0,,,4,1,1,0,0,1,1,E01000329,3,1,26/10/2016,26/10/2016,1,9,0,18,,8,0,0,0,0,,,6,Male,24,21 - 25,1198,1,11,3,1,,2,1,1,1,19,4,3,0,0,0,0,0,3,1,9,2016.0,010023740,E09000004,0.0,0.0,2.0,2016.0,010023740,8.0,4.0,0.0,3.0,1.0,-1,2016.0,010023740,2016,10,1,20
130728,2016010023756,534900.0,184080.0,-0.056216,51.539454,1,Slight,2,1,2016-10-23,Sunday,20:00,Hackney,E09000012,3,107,6,20.0,3,4,6,0,,,4,1,1,0,0,1,3,E01001839,3,1,23/10/2016,23/10/2016,1,8,0,18,,8,0,0,0,0,,,1,Male,25,21 - 25,1798,8,4,2,1,,1,1,1,1,25,5,3,0,0,0,0,0,8,1,2,2016.0,010023756,E09000012,0.0,0.0,2.0,2016.0,010023756,5.0,1.0,0.0,3.0,1.0,-1,2016.0,010023756,2016,10,1,20
130730,2016010023766,533580.0,185930.0,-0.074536,51.556393,1,Slight,1,2,2016-11-10,Thursday,20:10,Hackney,E09000012,3,10,6,30.0,3,4,3,10,,,4,1,1,0,0,1,1,E01001830,3,1,11/10/2016,11/10/2016,1,3,0,18,,2,0,0,0,0,,,6,Male,33,26 - 35,124,1,3,7,1,,1,1,1,1,33,6,3,0,0,0,0,0,3,1,7,2016.0,010023766,E09000012,0.0,0.0,2.0,2016.0,010023766,5.0,1.0,0.0,1.0,1.0,-1,2016.0,010023766,2016,11,2,20
130737,2016010023843,526130.0,188980.0,-0.180847,51.585517,1,Slight,2,4,2016-09-10,Saturday,00:07,Barnet,E09000003,3,1,3,30.0,6,2,5,0,,,4,1,1,0,0,1,1,E01000207,3,1,09/10/2016,09/10/2016,1,9,0,18,,8,0,0,0,0,,,6,Male,25,21 - 25,1388,1,5,3,1,,1,1,1,1,25,5,3,0,0,0,0,0,9,1,3,2016.0,010023843,E09000003,0.0,5.0,2.0,2016.0,010023843,3.0,7.0,0.0,1.0,1.0,-1,2016.0,010023843,2016,9,4,0
130752,2016010023875,530220.0,179660.0,-0.125292,51.500831,1,Slight,2,2,2016-10-30,Sunday,20:50,Westminster,E09000033,3,302,3,40.0,0,-1,-1,-1,,,4,9,1,0,0,1,1,E01004733,3,1,30/10/2016,30/10/2016,1,9,0,12,,0,0,0,0,0,,,6,Male,26,26 - 35,1896,2,8,2,1,,1,1,1,1,26,6,3,0,0,0,0,0,9,1,2,2016.0,010023875,E09000033,0.0,5.0,2.0,2016.0,010023875,3.0,7.0,0.0,3.0,1.0,-1,2016.0,010023875,2016,10,2,20
130762,2016010023907,525400.0,181930.0,-0.19389,51.522321,1,Slight,2,1,2016-10-22,Saturday,03:30,Westminster,E09000033,3,404,6,30.0,3,4,6,0,,,4,1,1,0,0,1,3,E01004755,3,1,22/10/2016,22/10/2016,1,9,0,18,,2,0,0,0,0,,,6,Male,32,26 - 35,1339,8,7,4,1,,1,1,1,1,32,6,3,0,0,0,0,0,9,1,4,2016.0,010023907,E09000033,0.0,0.0,2.0,2016.0,010023907,1.0,5.0,0.0,2.0,1.0,-1,2016.0,010023907,2016,10,1,3
130768,2016010023929,523100.0,181270.0,-0.227256,51.516895,1,Slight,2,2,2016-10-10,Monday,22:30,Hammersmith and Fulham,E09000013,3,219,6,30.0,3,2,5,0,,,4,1,1,0,0,1,1,E01001874,3,1,10/10/2016,10/10/2016,1,9,0,18,,8,0,0,0,0,,,6,Male,35,26 - 35,1390,1,9,1,1,,2,1,1,1,20,4,3,0,0,0,0,0,9,1,1,2016.0,010023929,E09000013,0.0,5.0,2.0,2016.0,010023929,5.0,1.0,0.0,1.0,1.0,-1,2016.0,010023929,2016,10,2,22
130773,2016010023939,534520.0,187100.0,-0.060538,51.566684,1,Slight,2,1,2016-12-10,Saturday,21:55,Hackney,E09000012,3,107,6,30.0,3,4,6,0,,,4,1,2,0,0,1,3,E01001728,3,1,12/10/2016,12/10/2016,1,9,0,18,,8,0,0,0,0,,,6,Male,23,21 - 25,1686,2,12,2,1,,1,1,1,1,23,5,3,0,0,0,0,0,9,1,2,2016.0,010023939,E09000012,0.0,0.0,2.0,2016.0,010023939,1.0,5.0,0.0,4.0,1.0,-1,2016.0,010023939,2016,12,1,21
130774,2016010023944,516070.0,175380.0,-0.330462,51.465443,1,Slight,2,2,2016-01-10,Sunday,20:10,Hounslow,E09000018,6,0,6,30.0,3,4,3,310,,,4,1,1,0,0,1,1,E01002668,3,1,01/10/2016,01/10/2016,1,3,0,18,,8,0,0,0,0,,,1,Male,17,16 - 20,108,1,3,5,1,,1,1,1,1,17,4,3,0,0,0,0,0,3,1,5,2016.0,010023944,E09000018,0.0,0.0,2.0,2016.0,010023944,5.0,1.0,0.0,2.0,1.0,-1,2016.0,010023944,2016,1,2,20
130778,2016010023954,533930.0,183740.0,-0.070323,51.53663,1,Slight,1,1,2016-10-31,Monday,01:13,Hackney,E09000012,4,108,6,20.0,0,-1,-1,-1,,,4,1,1,0,0,1,1,E01001772,3,1,31/10/2016,31/10/2016,1,9,0,18,,0,0,10,1,10,,,6,Male,19,16 - 20,1995,2,4,1,1,,1,1,1,1,19,4,3,0,0,0,0,0,9,1,1,2016.0,010023954,E09000012,0.0,0.0,2.0,2016.0,010023954,5.0,1.0,9.0,1.0,1.0,-1,2016.0,010023954,2016,10,1,1
130792,2016010023988,509940.0,179850.0,-0.417281,51.506844,1,Slight,2,1,2016-07-10,Sunday,19:33,Hillingdon,E09000017,5,0,6,30.0,3,4,6,0,,,4,1,1,0,0,1,1,E01002506,3,1,07/10/2016,07/10/2016,1,9,0,4,,8,0,0,0,0,,,6,Male,27,26 - 35,1390,1,5,3,1,,1,1,1,1,27,6,3,0,0,0,0,0,9,1,3,2016.0,010023988,E09000017,0.0,4.0,2.0,2016.0,010023988,4.0,8.0,0.0,4.0,1.0,-1,2016.0,010023988,2016,7,1,19
130806,2016010024106,533580.0,182800.0,-0.075723,51.528265,1,Serious,2,1,2016-09-10,Saturday,19:06,Hackney,E09000012,3,1208,6,30.0,6,4,6,0,,,4,1,1,0,0,1,1,E01004311,2,2,09/10/2016,09/10/2016,1,9,0,18,,8,0,0,0,0,,,6,Female,34,26 - 35,2148,2,7,4,1,,2,1,1,1,22,5,2,0,0,0,0,0,3,1,3,2016.0,010024106,E09000012,0.0,1.0,2.0,2016.0,010024106,8.0,4.0,0.0,3.0,1.0,-1,2016.0,010024106,2016,9,2,19
130818,2016010024145,522200.0,188290.0,-0.237784,51.580181,1,Slight,1,1,2016-10-29,Saturday,19:00,Barnet,E09000003,3,504,6,30.0,3,4,6,0,,,4,1,1,0,6,1,1,E01000313,3,1,29/10/2016,29/10/2016,1,3,0,18,,8,0,0,0,0,,,6,Male,26,26 - 35,125,1,1,4,1,,1,1,1,1,26,6,3,0,0,0,0,0,3,1,4,2016.0,010024145,E09000003,0.0,0.0,2.0,2016.0,010024145,6.0,2.0,0.0,3.0,1.0,-1,2016.0,010024145,2016,10,1,19
130822,2016010024155,527120.0,181630.0,-0.16922,51.519241,1,Slight,2,3,2016-10-28,Friday,18:40,Westminster,E09000033,3,5,6,30.0,6,2,3,4205,,,4,1,1,0,0,1,1,E01033594,3,1,28/10/2016,28/10/2016,1,9,0,3,,1,0,0,0,0,,,6,Female,21,21 - 25,1360,1,12,2,1,,1,1,1,2,21,5,3,0,0,0,0,0,9,1,2,2016.0,010024155,E09000033,0.0,5.0,2.0,2016.0,010024155,8.0,4.0,0.0,2.0,1.0,-1,2016.0,010024155,2016,10,3,18
130831,2016010024181,529210.0,182940.0,-0.138633,51.53054,1,Slight,2,1,2016-10-18,Tuesday,19:00,Camden,E09000007,3,400,6,30.0,0,-1,-1,-1,,,4,1,1,0,0,1,1,E01000950,3,1,18/10/2016,18/10/2016,1,2,0,4,,0,0,0,0,0,,,6,Male,22,21 - 25,124,1,0,2,1,,1,1,1,1,22,5,3,0,0,0,0,0,2,1,2,2016.0,010024181,E09000007,0.0,4.0,2.0,2016.0,010024181,1.0,5.0,0.0,1.0,1.0,-1,2016.0,010024181,2016,10,1,19
130843,2016010024226,541420.0,168600.0,0.031548,51.398756,1,Slight,2,1,2016-10-26,Wednesday,19:00,Bromley,E09000006,4,265,6,30.0,3,4,6,0,,,1,1,1,0,0,1,3,E01000679,3,1,26/10/2016,26/10/2016,1,3,0,18,,8,0,0,0,0,,,6,Male,29,26 - 35,125,1,0,5,1,,1,1,1,1,29,6,3,0,0,0,0,0,3,1,5,2016.0,010024226,E09000006,0.0,0.0,2.0,2016.0,010024226,2.0,6.0,0.0,1.0,1.0,-1,2016.0,010024226,2016,10,1,19
130845,2016010024233,533860.0,171210.0,-0.076077,51.424044,1,Slight,2,1,2016-07-10,Sunday,21:20,Southwark,E09000028,3,212,6,30.0,3,2,3,2199,,,4,1,1,0,0,1,3,E01003948,3,1,07/10/2016,07/10/2016,1,9,0,15,,8,0,0,0,0,,,6,Male,20,16 - 20,-1,-1,-1,5,1,,1,1,1,1,20,4,3,0,0,0,0,0,9,1,5,2016.0,010024233,E09000028,0.0,0.0,2.0,2016.0,010024233,2.0,6.0,0.0,4.0,1.0,-1,2016.0,010024233,2016,7,1,21
130847,2016010024244,523180.0,181070.0,-0.226173,51.51508,1,Slight,2,1,2016-10-13,Thursday,19:10,Hammersmith and Fulham,E09000013,3,219,6,30.0,6,2,3,40,,,1,1,1,0,0,1,1,E01001874,3,1,13/10/2016,13/10/2016,1,3,0,18,,8,0,0,0,0,,,6,Male,29,26 - 35,-1,-1,-1,5,1,,1,1,1,1,29,6,3,0,0,0,0,0,3,1,5,2016.0,010024244,E09000013,0.0,5.0,2.0,2016.0,010024244,1.0,5.0,0.0,1.0,1.0,-1,2016.0,010024244,2016,10,1,19
130852,2016010024327,525540.0,181760.0,-0.191934,51.520762,1,Slight,1,2,2016-10-15,Saturday,18:10,Westminster,E09000033,3,404,6,30.0,0,-1,-1,-1,,,4,2,2,0,0,1,1,E01032512,3,1,15/10/2016,15/10/2016,1,4,0,18,,0,0,0,0,0,,,6,Male,23,21 - 25,-1,-1,-1,5,1,,1,1,1,1,23,5,3,0,0,0,0,0,4,1,5,2016.0,010024327,E09000033,0.0,5.0,2.0,2016.0,010024327,8.0,4.0,0.0,1.0,1.0,-1,2016.0,010024327,2016,10,2,18
130856,2016010024332,528810.0,179040.0,-0.145821,51.495582,1,Slight,2,1,2016-10-26,Wednesday,22:45,Westminster,E09000033,6,0,2,30.0,3,4,3,3214,,,4,1,1,0,0,1,3,E01004750,3,1,26/10/2016,26/10/2016,1,9,0,8,,1,0,0,0,0,,,6,Female,25,21 - 25,1796,1,9,-1,-1,,1,1,1,2,25,5,3,0,0,0,0,0,9,-1,-1,2016.0,010024332,E09000033,0.0,0.0,2.0,2016.0,010024332,8.0,2.0,0.0,1.0,1.0,-1,2016.0,010024332,2016,10,1,22
130886,2016010024390,542050.0,158710.0,0.036652,51.309725,1,Slight,2,1,2016-10-13,Thursday,20:27,Bromley,E09000006,3,233,6,30.0,3,4,6,0,,,4,1,1,0,0,1,1,E01032570,3,1,13/10/2016,13/10/2016,1,4,0,18,,8,0,0,0,0,,,6,Male,25,21 - 25,1000,1,11,10,1,,1,1,1,1,25,5,3,0,0,0,0,0,4,1,10,2016.0,010024390,E09000006,0.0,0.0,2.0,2016.0,010024390,8.0,4.0,0.0,1.0,1.0,-1,2016.0,010024390,2016,10,1,20
130889,2016010024397,525610.0,185300.0,-0.189663,51.552561,1,Slight,2,1,2016-09-10,Saturday,00:20,Camden,E09000007,5,0,6,30.0,3,4,6,0,,,4,2,2,0,0,1,1,E01000969,3,1,09/10/2016,09/10/2016,1,9,0,18,,1,0,0,0,0,,,6,Male,25,21 - 25,2143,2,0,10,1,,1,1,2,1,25,5,3,0,0,1,0,0,9,1,6,2016.0,010024397,E09000007,0.0,0.0,2.0,2016.0,010024397,6.0,2.0,0.0,1.0,1.0,-1,2016.0,010024397,2016,9,1,0
130893,2016010024412,528200.0,182040.0,-0.153513,51.522681,1,Slight,2,1,2016-10-17,Monday,18:10,Westminster,E09000033,3,501,2,30.0,3,4,6,0,,,4,2,2,0,0,1,1,E01004712,3,1,17/10/2016,17/10/2016,1,8,0,18,,2,0,0,0,0,,,1,Male,34,26 - 35,-1,-1,-1,7,1,,2,1,1,1,45,7,3,0,0,0,0,0,1,1,1,2016.0,010024412,E09000033,0.0,0.0,2.0,2016.0,010024412,3.0,7.0,0.0,4.0,1.0,-1,2016.0,010024412,2016,10,1,18
130896,2016010024429,527260.0,175710.0,-0.169336,51.466006,1,Slight,2,1,2016-05-10,Tuesday,19:08,Wandsworth,E09000032,5,0,6,30.0,3,4,6,0,,,4,1,1,0,0,1,1,E01004537,3,1,05/10/2016,05/10/2016,1,3,0,18,,8,0,0,0,0,,,6,Male,31,26 - 35,125,1,1,3,1,,1,1,1,1,31,6,3,0,0,0,0,0,3,1,3,2016.0,010024429,E09000032,0.0,0.0,2.0,2016.0,010024429,4.0,8.0,0.0,3.0,1.0,-1,2016.0,010024429,2016,5,1,19
130898,2016010024442,530000.0,181140.0,-0.127914,51.514182,1,Slight,2,1,2016-10-22,Saturday,18:15,Camden,E09000007,3,401,6,30.0,6,4,6,0,,,4,1,1,0,0,1,1,E01000919,3,1,22/10/2016,22/10/2016,1,8,0,9,,8,0,0,0,0,,,1,Male,35,26 - 35,2143,2,3,2,1,,2,1,1,1,25,5,3,0,0,0,0,0,1,1,2,2016.0,010024442,E09000007,0.0,1.0,2.0,2016.0,010024442,4.0,2.0,0.0,3.0,1.0,-1,2016.0,010024442,2016,10,1,18