,accident_index,location_easting_osgr,location_northing_osgr,longitude,latitude,police_force,accident_severity,number_of_vehicles,number_of_casualties,date,day_of_week,time,local_authority_district,local_authority_highway,first_road_class,first_road_number,road_type,speed_limit,junction_detail,junction_control,second_road_class,second_road_number,pedestrian_crossing-human_control,pedestrian_crossing-physical_facilities,light_conditions,weather_conditions,road_surface_conditions,special_conditions_at_site,carriageway_hazards,urban_or_rural_area,did_police_officer_attend_scene_of_accident,lsoa_of_accident_location,accident_severity_num,accident_severity_inv,date2,date_original,vehicle_reference_x,vehicle_type,towing_and_articulation,vehicle_manoeuvre,vehicle_location-restricted_lane,junction_location,skidding_and_overturning,hit_object_in_carriageway,vehicle_leaving_carriageway,hit_object_off_carriageway,1st_point_of_impact,was_vehicle_left_hand_drive?,journey_purpose_of_driver,sex_of_driver,age_of_driver,age_band_of_driver,engine_capacity_cc,propulsion_code,age_of_vehicle,driver_imd_decile,driver_home_area_type,vehicle_imd_decile,vehicle_reference_y,casualty_reference,casualty_class,sex_of_casualty,age_of_casualty,age_band_of_casualty,casualty_severity,pedestrian_location,pedestrian_movement,car_passenger,bus_or_coach_passenger,pedestrian_road_maintenance_worker,casualty_type,casualty_home_area_type,casualty_imd_decile,accident_year_x,accident_reference_x,local_authority_ons_district,pedestrian_crossing_human_control,pedestrian_crossing_physical_facilities,trunk_road_flag,accident_year_y,accident_reference_y,vehicle_direction_from,vehicle_direction_to,vehicle_location_restricted_lane,first_point_of_impact,vehicle_left_hand_drive,generic_make_model,accident_year,accident_reference,year,month,severity,hours
130915,2016010024588,518070.0,168810.0,-0.303872,51.40598,1,Slight,2,1,2016-10-21,Friday,22:00,Kingston upon Thames,E09000021,6,0,2,30.0,3,4,3,240,,,7,9,1,0,0,1,1,E01002964,3,1,21/10/2016,21/10/2016,1,3,0,18,,8,0,0,0,0,,,6,Male,32,26 - 35,108,1,4,7,1,,1,1,1,1,32,6,3,0,0,0,0,0,3,1,7,2016.0,010024588,E09000021,0.0,0.0,2.0,2016.0,010024588,1.0,5.0,0.0,1.0,1.0,-1,2016.0,010024588,2016,10,1,22
130940,2016010024617,520860.0,167210.0,-0.264323,51.391013,1,Slight,1,1,2016-11-10,Thursday,03:40,Kingston upon Thames,E09000021,3,3,6,30.0,3,2,5,0,,,4,1,2,0,0,1,1,E01002981,3,1,11/10/2016,11/10/2016,1,9,0,18,,1,0,0,1,2,,,6,Male,22,21 - 25,-1,-1,-1,-1,-1,,1,1,1,1,22,5,3,0,0,0,0,0,9,-1,-1,2016.0,010024617,E09000021,0.0,0.0,2.0,2016.0,010024617,5.0,1.0,0.0,1.0,1.0,-1,2016.0,010024617,2016,11,1,3
130947,2016010024625,521760.0,175460.0,-0.248561,51.464968,1,Slight,2,1,2016-09-29,Thursday,22:00,Richmond upon Thames,E09000027,3,205,6,30.0,6,4,3,205,,,4,1,1,0,0,1,3,E01004575,3,1,29/09/2016,29/09/2016,1,3,0,18,,8,0,0,0,0,,,1,Male,25,21 - 25,49,1,6,4,1,,1,1,1,1,25,5,3,0,0,0,0,0,3,1,4,2016.0,010024625,E09000027,0.0,0.0,2.0,2016.0,010024625,3.0,7.0,0.0,1.0,1.0,-1,2016.0,010024625,2016,9,1,22
130954,2016010024633,521320.0,168740.0,-0.257192,51.404666,1,Slight,2,1,2016-10-20,Thursday,21:08,Kingston upon Thames,E09000021,6,0,6,30.0,3,4,4,283,,,4,1,1,0,0,1,1,E01002963,3,1,20/10/2016,20/10/2016,1,9,0,9,,5,0,0,0,0,,,6,Male,26,26 - 35,1422,2,12,8,1,,2,1,1,1,36,7,3,0,0,0,0,0,3,1,7,2016.0,010024633,E09000021,0.0,0.0,2.0,2016.0,010024633,1.0,7.0,0.0,3.0,1.0,-1,2016.0,010024633,2016,10,1,21
130955,2016010024637,528500.0,176770.0,-0.151109,51.475252,1,Slight,1,1,2016-10-17,Monday,18:30,Wandsworth,E09000032,3,3205,3,30.0,3,4,6,0,,,4,2,2,0,0,1,1,E01004563,3,1,17/10/2016,17/10/2016,1,9,0,9,,8,0,0,0,0,,,6,Male,27,26 - 35,1973,1,17,3,1,,1,1,3,2,-1,-1,3,5,1,0,0,2,0,1,7,2016.0,010024637,E09000032,0.0,0.0,2.0,2016.0,010024637,4.0,2.0,0.0,1.0,1.0,-1,2016.0,010024637,2016,10,1,18
130964,2016010024708,529330.0,183310.0,-0.136769,51.533837,1,Slight,2,1,2016-03-10,Thursday,19:49,Camden,E09000007,6,0,6,20.0,0,-1,-1,-1,,,4,1,1,0,0,1,1,E01000947,3,1,03/10/2016,03/10/2016,1,9,0,5,,0,0,0,0,0,,,6,Male,28,26 - 35,1796,1,9,-1,-1,,2,1,1,1,17,4,3,0,0,0,0,0,4,1,5,2016.0,010024708,E09000007,0.0,0.0,2.0,2016.0,010024708,2.0,6.0,0.0,3.0,1.0,-1,2016.0,010024708,2016,3,1,19
130974,2016010024731,546620.0,169740.0,0.106717,51.407681,1,Slight,2,1,2016-10-14,Friday,23:03,Bromley,E09000006,6,0,6,30.0,3,4,6,0,,,4,1,1,0,0,1,1,E01000729,3,1,14/10/2016,14/10/2016,1,9,0,18,,8,0,0,0,0,,,6,Female,30,26 - 35,1229,1,7,2,1,,1,1,1,2,30,6,3,0,0,0,0,0,9,1,2,2016.0,010024731,E09000006,0.0,0.0,2.0,2016.0,010024731,3.0,7.0,0.0,1.0,1.0,-1,2016.0,010024731,2016,10,1,23
130977,2016010024743,538290.0,189960.0,-0.005053,51.591473,1,Slight,2,1,2016-09-12,Monday,21:45,Waltham Forest,E09000031,3,503,6,30.0,6,2,4,160,,,4,1,1,0,0,1,3,E01004470,3,1,09/12/2016,09/12/2016,1,9,9,18,,8,0,99,0,0,,,6,Male,21,21 - 25,1598,2,0,2,1,,1,1,1,1,21,5,3,0,0,0,0,0,9,1,2,2016.0,010024743,E09000031,0.0,9.0,2.0,2016.0,010024743,7.0,3.0,0.0,4.0,9.0,-1,2016.0,010024743,2016,9,1,21
130979,2016010024752,523760.0,188090.0,-0.215351,51.578044,1,Slight,2,2,2016-06-10,Friday,21:20,Barnet,E09000003,3,406,3,40.0,3,4,6,0,,,4,1,1,0,0,1,1,E01000219,3,1,06/10/2016,06/10/2016,1,9,0,18,,8,0,0,0,0,,,6,Female,28,26 - 35,1997,2,14,4,1,,1,1,1,2,28,6,3,0,0,0,0,0,9,1,4,2016.0,010024752,E09000003,0.0,0.0,2.0,2016.0,010024752,2.0,6.0,0.0,2.0,1.0,-1,2016.0,010024752,2016,6,2,21
130984,2016010024768,524810.0,185110.0,-0.201264,51.551031,1,Slight,3,2,2016-10-30,Sunday,19:02,Camden,E09000007,5,0,6,30.0,3,4,6,0,,,4,1,1,0,0,1,1,E01000873,3,1,30/10/2016,30/10/2016,1,9,0,6,,8,0,0,0,0,,,6,Male,30,26 - 35,1796,1,4,4,1,,2,1,1,1,38,7,3,0,0,0,0,0,5,1,8,2016.0,010024768,E09000007,0.0,4.0,2.0,2016.0,010024768,3.0,3.0,0.0,0.0,1.0,-1,2016.0,010024768,2016,10,2,19
131010,2016010024852,528280.0,184350.0,-0.15152,51.543423,1,Slight,1,1,2016-12-10,Saturday,01:15,Camden,E09000007,3,502,6,20.0,3,4,6,0,,,4,1,1,0,0,1,1,E01000858,3,1,12/10/2016,12/10/2016,1,9,0,4,,1,0,0,0,0,,,6,Female,28,26 - 35,1461,2,9,6,1,,1,1,3,1,33,6,3,5,1,0,0,2,0,1,2,2016.0,010024852,E09000007,0.0,0.0,2.0,2016.0,010024852,8.0,4.0,0.0,4.0,1.0,-1,2016.0,010024852,2016,12,1,1
131014,2016010024924,510820.0,177460.0,-0.405357,51.48519,1,Serious,2,1,2016-10-24,Monday,03:41,Hounslow,E09000018,5,0,6,30.0,1,4,6,0,,,4,1,1,0,0,1,1,E01002633,2,2,24/10/2016,24/10/2016,1,9,0,18,,1,0,4,1,4,,,6,Male,31,26 - 35,1988,1,13,3,1,,1,1,1,1,31,6,2,0,0,0,0,0,9,1,3,2016.0,010024924,E09000018,0.0,8.0,2.0,2016.0,010024924,3.0,7.0,0.0,0.0,1.0,-1,2016.0,010024924,2016,10,2,3
131029,2016010024986,530740.0,185900.0,-0.11549,51.556788,1,Slight,3,4,2016-10-15,Saturday,01:45,Islington,E09000019,3,503,6,30.0,3,2,6,0,,,4,1,1,0,0,1,1,E01002730,3,1,15/10/2016,15/10/2016,1,8,0,3,,1,0,0,0,0,,,1,Male,28,26 - 35,1596,1,5,2,1,,1,1,2,1,27,6,3,0,0,1,0,0,8,1,3,2016.0,010024986,E09000019,0.0,5.0,2.0,2016.0,010024986,2.0,6.0,0.0,2.0,1.0,-1,2016.0,010024986,2016,10,4,1
131030,2016010024989,528370.0,190660.0,-0.147919,51.600109,1,Slight,1,1,2016-10-28,Friday,19:20,Barnet,E09000003,6,0,6,30.0,3,4,4,550,,,4,1,1,0,0,1,1,E01000156,3,1,28/10/2016,28/10/2016,1,9,0,7,,2,0,4,0,0,,,6,Female,24,21 - 25,1242,1,11,4,1,,1,1,1,2,24,5,3,0,0,0,0,0,9,1,4,2016.0,010024989,E09000003,0.0,0.0,2.0,2016.0,010024989,5.0,6.0,0.0,1.0,1.0,-1,2016.0,010024989,2016,10,1,19
131032,2016010025001,512130.0,172660.0,-0.388019,51.441789,1,Slight,2,1,2016-07-10,Sunday,20:00,Hounslow,E09000018,3,314,3,30.0,0,-1,-1,-1,,,1,1,1,0,0,1,1,E01002615,3,1,07/10/2016,07/10/2016,1,9,0,5,,0,0,0,0,0,,,6,Male,20,16 - 20,1229,1,10,8,1,,2,1,1,1,42,7,3,0,0,0,0,0,8,1,5,2016.0,010025001,E09000018,0.0,0.0,2.0,2016.0,010025001,6.0,2.0,0.0,1.0,1.0,-1,2016.0,010025001,2016,7,1,20
131057,2016010025076,543420.0,169450.0,0.060622,51.405892,1,Serious,2,2,2016-10-21,Friday,04:00,Bromley,E09000006,3,222,6,30.0,3,4,6,0,,,4,1,1,0,0,1,1,E01000697,2,2,21/10/2016,21/10/2016,1,9,0,18,,8,5,0,0,0,,,6,Male,18,16 - 20,1390,1,10,10,1,,1,1,2,2,-1,-1,2,0,0,1,0,0,9,-1,-1,2016.0,010025076,E09000006,0.0,0.0,2.0,2016.0,010025076,6.0,2.0,0.0,4.0,1.0,-1,2016.0,010025076,2016,10,4,4
131058,2016010025081,526460.0,184500.0,-0.177697,51.545181,1,Slight,1,2,2016-11-10,Thursday,19:00,Camden,E09000007,3,41,3,30.0,3,4,5,0,,,7,1,1,0,0,1,1,E01000960,3,1,11/10/2016,11/10/2016,1,3,0,18,,1,0,0,0,0,,,1,Male,20,16 - 20,125,1,4,3,1,,1,1,1,1,20,4,3,0,0,0,0,0,3,1,3,2016.0,010025081,E09000007,0.0,0.0,2.0,2016.0,010025081,4.0,8.0,0.0,4.0,1.0,-1,2016.0,010025081,2016,11,2,19
131064,2016010025108,535960.0,173290.0,-0.045094,51.442237,1,Slight,2,1,2016-10-14,Friday,18:31,Lewisham,E09000023,3,205,6,30.0,0,-1,-1,-1,,,1,1,1,0,0,1,1,E01003229,3,1,14/10/2016,14/10/2016,1,9,0,9,,0,0,0,0,0,,,6,Male,34,26 - 35,1984,1,6,8,1,,2,1,1,1,20,4,3,0,0,0,0,0,2,1,6,2016.0,010025108,E09000023,0.0,0.0,2.0,2016.0,010025108,3.0,1.0,0.0,1.0,1.0,-1,2016.0,010025108,2016,10,1,18
131065,2016010025111,530170.0,187160.0,-0.123241,51.568243,1,Serious,1,2,2016-10-21,Friday,20:15,Islington,E09000019,3,103,6,20.0,3,4,6,0,,,4,1,1,0,0,1,1,E01002760,2,2,21/10/2016,21/10/2016,1,4,0,4,,2,0,0,0,0,,,6,Male,22,21 - 25,321,1,0,2,1,,1,1,1,1,22,5,3,0,0,0,0,0,4,1,2,2016.0,010025111,E09000019,0.0,4.0,2.0,2016.0,010025111,8.0,4.0,0.0,1.0,1.0,-1,2016.0,010025111,2016,10,4,20
131078,2016010025221,520080.0,178510.0,-0.271698,51.492739,1,Slight,2,1,2016-10-13,Thursday,19:15,Hounslow,E09000018,3,315,6,30.0,3,4,6,0,,,4,1,1,0,0,1,3,E01002692,3,1,13/10/2016,13/10/2016,1,3,0,13,,1,0,0,0,0,,,6,Male,24,21 - 25,109,1,3,1,1,,1,1,1,1,24,5,3,0,0,0,0,0,3,1,1,2016.0,010025221,E09000018,0.0,4.0,2.0,2016.0,010025221,6.0,2.0,0.0,4.0,1.0,-1,2016.0,010025221,2016,10,1,19
131082,2016010025230,510530.0,178870.0,-0.40909,51.497921,1,Slight,2,1,2016-10-22,Saturday,23:52,Hounslow,E09000018,3,312,1,30.0,1,2,3,312,,,4,1,1,0,0,1,1,E01002637,3,1,22/10/2016,22/10/2016,1,9,0,3,,1,0,0,0,0,,,6,Male,29,26 - 35,998,1,12,6,1,,1,1,1,1,29,6,3,0,0,0,0,0,9,1,6,2016.0,010025230,E09000018,0.0,0.0,2.0,2016.0,010025230,3.0,7.0,0.0,2.0,1.0,-1,2016.0,010025230,2016,10,1,23
131083,2016010025233,510570.0,174300.0,-0.409944,51.456837,1,Slight,2,1,2016-10-19,Wednesday,18:55,Hounslow,E09000018,3,312,6,30.0,3,4,6,0,,,4,1,1,0,0,1,1,E01002593,3,1,19/10/2016,19/10/2016,1,4,0,18,,1,0,0,0,0,,,6,Male,22,21 - 25,125,1,5,5,1,,1,1,1,1,22,5,3,0,0,0,0,0,4,1,5,2016.0,010025233,E09000018,0.0,5.0,2.0,2016.0,010025233,4.0,8.0,0.0,1.0,1.0,-1,2016.0,010025233,2016,10,1,18
131095,2016010025277,539440.0,173710.0,0.005112,51.445166,1,Slight,3,1,2016-10-29,Saturday,22:20,Lewisham,E09000023,5,0,6,30.0,3,4,3,205,,,4,1,1,0,0,1,1,E01003354,3,1,29/10/2016,29/10/2016,1,9,0,3,,8,0,0,0,0,,,6,Male,30,26 - 35,1797,8,7,2,1,,1,1,1,1,30,6,3,0,0,0,0,0,9,1,2,2016.0,010025277,E09000023,0.0,5.0,2.0,2016.0,010025277,5.0,7.0,0.0,2.0,1.0,-1,2016.0,010025277,2016,10,1,22
131099,2016010025300,521240.0,178520.0,-0.254994,51.492581,1,Slight,1,1,2016-10-28,Friday,21:45,Hounslow,E09000018,3,315,6,30.0,3,2,4,491,,,1,1,1,0,0,1,3,E01002570,3,1,28/10/2016,28/10/2016,1,4,0,4,,1,0,0,0,0,,,1,Male,23,21 - 25,125,1,0,2,1,,1,1,1,1,23,5,3,0,0,0,0,0,4,1,2,2016.0,010025300,E09000018,0.0,5.0,2.0,2016.0,010025300,3.0,7.0,0.0,2.0,1.0,-1,2016.0,010025300,2016,10,1,21
131102,2016010025321,535150.0,172430.0,-0.057069,51.434702,1,Slight,2,2,2016-10-23,Sunday,23:30,Lewisham,E09000023,3,2216,6,20.0,6,4,6,0,,,4,1,1,0,0,1,1,E01003256,3,1,23/10/2016,23/10/2016,1,9,0,18,,8,0,4,0,0,,,6,Male,24,21 - 25,1796,1,14,-1,-1,,1,1,1,1,24,5,3,0,0,0,0,0,9,-1,-1,2016.0,010025321,E09000023,0.0,8.0,2.0,2016.0,010025321,1.0,5.0,0.0,1.0,1.0,-1,2016.0,010025321,2016,10,2,23
131115,2016010025370,536220.0,177120.0,-0.039881,51.476592,1,Slight,2,1,2016-08-10,Wednesday,21:00,Lewisham,E09000023,6,0,6,20.0,0,-1,-1,-1,,,4,1,1,0,0,1,3,E01003301,3,1,08/10/2016,08/10/2016,1,9,0,18,,0,0,0,0,0,,,6,Male,31,26 - 35,-1,-1,-1,-1,-1,,1,1,2,1,-1,-1,3,0,0,1,0,0,9,1,2,2016.0,010025370,E09000023,0.0,0.0,2.0,2016.0,010025370,1.0,5.0,0.0,1.0,1.0,-1,2016.0,010025370,2016,8,1,21
131117,2016010025394,530450.0,182910.0,-0.120778,51.529985,1,Slight,2,1,2016-10-27,Thursday,21:30,Camden,E09000007,3,501,2,30.0,6,4,3,501,,,4,1,1,0,0,1,1,E01000938,3,1,27/10/2016,27/10/2016,1,8,0,11,,1,0,0,0,0,,,1,Male,33,26 - 35,1995,2,3,3,1,,2,1,1,1,20,4,3,0,0,0,0,0,3,1,1,2016.0,010025394,E09000007,0.0,5.0,2.0,2016.0,010025394,4.0,8.0,0.0,4.0,1.0,-1,2016.0,010025394,2016,10,1,21
131122,2016010025418,526010.0,166420.0,-0.190623,51.382793,1,Slight,2,1,2016-10-10,Monday,20:36,Sutton,E09000029,4,2230,6,30.0,3,4,6,0,,,4,1,1,0,0,1,1,E01004123,3,1,10/10/2016,10/10/2016,1,9,0,18,,8,0,0,0,0,,,6,Male,28,26 - 35,1590,1,12,8,1,,1,1,1,1,28,6,3,0,0,0,0,0,9,1,8,2016.0,010025418,E09000029,0.0,0.0,2.0,2016.0,010025418,1.0,5.0,0.0,4.0,1.0,-1,2016.0,010025418,2016,10,1,20
131123,2016010025423,531160.0,182360.0,-0.110753,51.524878,1,Slight,2,1,2016-10-28,Friday,01:30,Islington,E09000019,3,401,6,30.0,6,2,3,201,,,7,1,1,0,0,1,3,E01002726,3,1,28/10/2016,28/10/2016,1,3,0,18,,8,0,0,0,0,,,6,Male,26,26 - 35,125,1,7,3,1,,1,1,1,1,26,6,3,0,0,0,0,0,3,1,3,2016.0,010025423,E09000019,0.0,5.0,2.0,2016.0,010025423,5.0,1.0,0.0,4.0,1.0,-1,2016.0,010025423,2016,10,1,1
131128,2016010025446,535810.0,176840.0,-0.045888,51.474175,1,Slight,1,2,2016-10-25,Tuesday,18:10,Lewisham,E09000023,3,2,3,30.0,6,2,3,2,,,1,1,1,0,0,1,1,E01003340,3,1,25/10/2016,25/10/2016,1,5,0,18,,8,0,0,0,0,,,6,Male,29,26 - 35,599,1,13,3,1,,1,1,1,1,29,6,3,0,0,0,0,0,5,1,3,2016.0,010025446,E09000023,0.0,5.0,2.0,2016.0,010025446,5.0,1.0,0.0,1.0,1.0,-1,2016.0,010025446,2016,10,2,18
131131,2016010025459,532200.0,182310.0,-0.095789,51.524186,1,Slight,2,1,2016-07-10,Sunday,21:07,Islington,E09000019,3,5201,6,30.0,3,2,5,0,,,7,1,1,0,0,1,1,E01033490,3,1,07/10/2016,07/10/2016,1,9,0,9,,5,0,0,0,0,,,6,Male,22,21 - 25,1896,2,13,4,1,,2,1,1,1,42,7,3,0,0,0,0,0,9,1,2,2016.0,010025459,E09000019,0.0,5.0,2.0,2016.0,010025459,6.0,4.0,0.0,4.0,1.0,-1,2016.0,010025459,2016,7,1,21
131142,2016010025581,524200.0,174960.0,-0.213629,51.459944,1,Slight,3,1,2016-09-10,Saturday,19:56,Wandsworth,E09000032,3,205,6,30.0,0,-1,-1,-1,,,4,2,2,0,0,1,1,E01004506,3,1,09/10/2016,09/10/2016,1,3,0,18,,0,0,0,0,0,,,6,Male,29,26 - 35,124,1,1,6,1,,1,1,1,1,29,6,3,0,0,0,0,0,3,1,6,2016.0,010025581,E09000032,0.0,0.0,2.0,2016.0,010025581,4.0,8.0,0.0,4.0,1.0,-1,2016.0,010025581,2016,9,1,19
131156,2016010025625,540150.0,169360.0,0.013603,51.4059,1,Slight,1,1,2016-10-18,Tuesday,18:40,Bromley,E09000006,3,21,6,30.0,0,-1,-1,-1,,,1,1,1,0,0,1,1,E01000676,3,1,18/10/2016,18/10/2016,1,9,0,18,,0,0,0,0,0,,,6,Female,33,26 - 35,799,2,5,7,1,,1,1,3,1,49,8,3,1,1,0,0,2,0,1,10,2016.0,010025625,E09000006,0.0,1.0,2.0,2016.0,010025625,4.0,8.0,0.0,4.0,1.0,-1,2016.0,010025625,2016,10,1,18
131164,2016010025652,510540.0,174350.0,-0.41036,51.457292,1,Slight,2,3,2016-10-21,Friday,04:30,Hounslow,E09000018,3,312,6,30.0,6,2,3,315,,,4,1,1,0,0,1,1,E01002593,3,1,21/10/2016,21/10/2016,1,9,0,9,,8,0,0,0,0,,,6,Male,27,26 - 35,1298,1,13,3,1,,1,1,1,1,27,6,3,0,0,0,0,0,9,1,3,2016.0,010025652,E09000018,0.0,5.0,2.0,2016.0,010025652,1.0,6.0,0.0,4.0,1.0,-1,2016.0,010025652,2016,10,3,4
131170,2016010025677,529050.0,182220.0,-0.141202,51.524106,1,Slight,2,1,2016-10-17,Monday,19:30,Camden,E09000007,3,501,3,30.0,0,-1,-1,-1,,,4,1,1,0,0,1,1,E01000851,3,1,17/10/2016,17/10/2016,1,3,0,18,,0,0,0,0,0,,,6,Male,30,26 - 35,471,1,2,5,1,,1,1,1,1,30,6,3,0,0,0,0,0,3,1,5,2016.0,010025677,E09000007,0.0,4.0,2.0,2016.0,010025677,2.0,6.0,0.0,1.0,1.0,-1,2016.0,010025677,2016,10,1,19
131177,2016010025701,520430.0,178500.0,-0.266662,51.492574,1,Serious,1,1,2016-10-22,Saturday,22:20,Hounslow,E09000018,3,315,6,30.0,6,2,5,0,,,4,1,1,0,0,1,1,E01032573,2,2,22/10/2016,22/10/2016,1,9,0,18,,1,0,0,0,0,,,6,Male,34,26 - 35,-1,-1,-1,6,1,,1,1,3,2,38,7,2,1,1,0,0,2,0,1,5,2016.0,010025701,E09000018,0.0,5.0,2.0,2016.0,010025701,3.0,7.0,0.0,1.0,1.0,-1,2016.0,010025701,2016,10,2,22
131183,2016010025727,545220.0,165790.0,0.084987,51.372546,1,Slight,1,1,2016-10-31,Monday,21:00,Bromley,E09000006,3,232,6,30.0,3,4,6,0,,,4,1,1,0,0,1,1,E01000758,3,1,31/10/2016,31/10/2016,1,9,0,18,,8,0,10,1,2,,,6,Male,28,26 - 35,1386,1,5,5,1,,1,1,1,1,28,6,3,0,0,0,0,0,9,1,5,2016.0,010025727,E09000006,0.0,0.0,2.0,2016.0,010025727,4.0,8.0,0.0,4.0,1.0,-1,2016.0,010025727,2016,10,1,21
131202,2016010025855,511490.0,176360.0,-0.396058,51.475172,1,Slight,2,1,2016-10-31,Monday,19:22,Hounslow,E09000018,3,30,1,40.0,1,4,3,4,,,4,1,1,0,0,1,1,E01002587,3,1,31/10/2016,31/10/2016,1,9,0,16,,3,0,0,0,0,,,6,Female,22,21 - 25,998,1,3,10,1,,2,1,1,1,18,4,3,0,0,0,0,0,1,1,3,2016.0,010025855,E09000018,0.0,1.0,2.0,2016.0,010025855,4.0,6.0,0.0,3.0,1.0,-1,2016.0,010025855,2016,10,1,19
131210,2016010025875,513220.0,174470.0,-0.371763,51.457841,1,Slight,1,1,2016-10-22,Saturday,19:20,Hounslow,E09000018,3,314,6,30.0,0,-1,-1,-1,,,4,1,1,0,0,1,1,E01002652,3,1,22/10/2016,22/10/2016,1,9,0,18,,0,0,0,0,0,,,6,Male,28,26 - 35,1781,1,15,2,1,,1,1,3,1,11,3,3,5,2,0,0,2,0,1,6,2016.0,010025875,E09000018,0.0,0.0,2.0,2016.0,010025875,6.0,2.0,0.0,4.0,1.0,-1,2016.0,010025875,2016,10,1,19
131215,2016010025891,535740.0,176920.0,-0.046865,51.47491,1,Slight,2,1,2016-04-10,Sunday,19:39,Lewisham,E09000023,3,2,3,30.0,0,-1,-1,-1,,,4,1,1,0,0,1,1,E01003338,3,1,04/10/2016,04/10/2016,1,9,0,18,,0,0,0,0,0,,,6,Male,26,26 - 35,2143,2,5,2,1,,2,1,1,1,33,6,3,0,0,0,0,0,1,1,9,2016.0,010025891,E09000023,0.0,4.0,2.0,2016.0,010025891,5.0,5.0,0.0,1.0,2.0,-1,2016.0,010025891,2016,4,1,19
131217,2016010025900,515500.0,180170.0,-0.337098,51.508612,1,Slight,3,2,2016-10-28,Friday,20:07,Ealing,E09000009,3,4020,6,30.0,0,-1,-1,-1,,,4,1,1,0,0,1,1,E01001252,3,1,28/10/2016,28/10/2016,1,3,0,18,,0,0,0,0,0,,,6,Male,19,16 - 20,-1,-1,-1,-1,-1,,1,1,1,1,19,4,3,0,0,0,0,0,3,-1,-1,2016.0,010025900,E09000009,0.0,0.0,2.0,2016.0,010025900,3.0,7.0,0.0,1.0,1.0,-1,2016.0,010025900,2016,10,2,20
131218,2016010025902,516170.0,173170.0,-0.329748,51.44556,1,Slight,3,1,2016-01-10,Sunday,23:24,Richmond upon Thames,E09000027,3,305,3,30.0,3,2,3,310,,,4,1,1,0,0,1,1,E01003896,3,1,01/10/2016,01/10/2016,1,3,0,4,,8,1,10,0,0,,,1,Male,27,26 - 35,125,1,7,6,1,,1,1,1,1,27,6,3,0,0,0,0,0,3,1,6,2016.0,010025902,E09000027,0.0,5.0,2.0,2016.0,010025902,7.0,3.0,0.0,1.0,1.0,-1,2016.0,010025902,2016,1,1,23
131235,2016010025963,523510.0,175850.0,-0.223245,51.468094,1,Slight,2,1,2016-10-19,Wednesday,20:15,Wandsworth,E09000032,4,306,6,30.0,3,4,6,0,,,1,1,1,0,0,1,1,E01004606,3,1,19/10/2016,19/10/2016,1,3,0,18,,8,0,0,0,0,,,6,Male,23,21 - 25,108,1,1,1,1,,1,1,1,1,23,5,3,0,0,0,0,0,3,1,1,2016.0,010025963,E09000032,0.0,0.0,2.0,2016.0,010025963,8.0,4.0,0.0,1.0,1.0,-1,2016.0,010025963,2016,10,1,20
131237,2016010025968,530820.0,166840.0,-0.121387,51.385481,1,Slight,2,1,2016-10-14,Friday,20:19,Croydon,E09000008,3,236,1,30.0,1,4,3,23,,,4,1,1,0,0,1,1,E01001006,3,1,14/10/2016,14/10/2016,1,5,0,18,,8,0,0,0,0,,,2,Female,31,26 - 35,124,1,9,2,1,,1,1,1,2,31,6,3,0,0,0,0,0,5,1,2,2016.0,010025968,E09000008,0.0,8.0,2.0,2016.0,010025968,7.0,3.0,0.0,1.0,1.0,-1,2016.0,010025968,2016,10,1,20
131242,2016010025983,535650.0,168570.0,-0.051357,51.399894,1,Slight,4,4,2016-01-10,Sunday,19:26,Bromley,E09000006,3,214,6,30.0,0,-1,-1,-1,,,4,2,2,0,0,1,1,E01000706,3,1,01/10/2016,01/10/2016,1,9,0,18,,0,0,0,0,0,,,6,Male,25,21 - 25,1598,1,10,6,1,,1,1,1,1,25,5,3,0,0,0,0,0,9,1,6,2016.0,010025983,E09000006,0.0,0.0,2.0,2016.0,010025983,8.0,4.0,0.0,1.0,1.0,-1,2016.0,010025983,2016,1,4,19
131248,2016010026025,533980.0,167680.0,-0.075685,51.392293,1,Slight,2,1,2016-10-22,Saturday,03:25,Croydon,E09000008,5,0,6,20.0,0,-1,-1,-1,,,4,1,1,0,0,1,1,E01001193,3,1,22/10/2016,22/10/2016,1,9,0,18,,0,0,4,0,0,,,6,Male,28,26 - 35,1896,2,10,-1,-1,,1,1,1,1,28,6,3,0,0,0,0,0,9,-1,-1,2016.0,010026025,E09000008,0.0,0.0,2.0,2016.0,010026025,1.0,5.0,0.0,1.0,1.0,-1,2016.0,010026025,2016,10,1,3