,accident_index,location_easting_osgr,location_northing_osgr,longitude,latitude,police_force,accident_severity,number_of_vehicles,number_of_casualties,date,day_of_week,time,local_authority_district,local_authority_highway,first_road_class,first_road_number,road_type,speed_limit,junction_detail,junction_control,second_road_class,second_road_number,pedestrian_crossing-human_control,pedestrian_crossing-physical_facilities,light_conditions,weather_conditions,road_surface_conditions,special_conditions_at_site,carriageway_hazards,urban_or_rural_area,did_police_officer_attend_scene_of_accident,lsoa_of_accident_location,accident_severity_num,accident_severity_inv,date2,date_original,vehicle_reference_x,vehicle_type,towing_and_articulation,vehicle_manoeuvre,vehicle_location-restricted_lane,junction_location,skidding_and_overturning,hit_object_in_carriageway,vehicle_leaving_carriageway,hit_object_off_carriageway,1st_point_of_impact,was_vehicle_left_hand_drive?,journey_purpose_of_driver,sex_of_driver,age_of_driver,age_band_of_driver,engine_capacity_cc,propulsion_code,age_of_vehicle,driver_imd_decile,driver_home_area_type,vehicle_imd_decile,vehicle_reference_y,casualty_reference,casualty_class,sex_of_casualty,age_of_casualty,age_band_of_casualty,casualty_severity,pedestrian_location,pedestrian_movement,car_passenger,bus_or_coach_passenger,pedestrian_road_maintenance_worker,casualty_type,casualty_home_area_type,casualty_imd_decile,accident_year_x,accident_reference_x,local_authority_ons_district,pedestrian_crossing_human_control,pedestrian_crossing_physical_facilities,trunk_road_flag,accident_year_y,accident_reference_y,vehicle_direction_from,vehicle_direction_to,vehicle_location_restricted_lane,first_point_of_impact,vehicle_left_hand_drive,generic_make_model,accident_year,accident_reference,year,month,severity,hours
131885,2016010028454,549550.0,183350.0,0.154568,51.529207,1,Fatal,2,1,2016-04-10,Sunday,22:25,Barking and Dagenham,E09000002,3,1306,6,30.0,6,2,4,178,,,4,1,1,0,0,1,1,E01000090,1,3,04/10/2016,04/10/2016,1,4,0,18,,8,0,0,0,0,,,6,Male,20,16 - 20,124,1,9,3,1,,1,1,1,1,20,4,1,0,0,0,0,0,4,1,3,2016.0,010028454,E09000002,0.0,5.0,2.0,2016.0,010028454,8.0,4.0,0.0,1.0,1.0,-1,2016.0,010028454,2016,4,3,22
131887,2016010028465,537990.0,174790.0,-0.015318,51.455226,1,Fatal,1,1,2016-01-10,Sunday,03:05,Lewisham,E09000023,6,0,2,20.0,3,4,3,21,,,4,1,1,0,0,1,1,E01003291,1,3,01/10/2016,01/10/2016,1,8,0,7,,2,0,0,0,0,,,1,Male,34,26 - 35,1798,8,0,5,1,,1,1,3,1,27,6,1,9,9,0,0,2,0,1,7,2016.0,010028465,E09000023,0.0,4.0,2.0,2016.0,010028465,2.0,4.0,0.0,1.0,1.0,-1,2016.0,010028465,2016,1,3,3
131892,2016010028500,531410.0,167970.0,-0.112495,51.3955,1,Slight,2,1,2016-05-10,Tuesday,01:00,Croydon,E09000008,6,0,6,20.0,3,4,6,0,,,1,1,1,0,0,1,1,E01001183,3,1,05/10/2016,05/10/2016,1,9,0,6,,8,0,0,0,0,,,2,Male,24,21 - 25,999,1,1,4,1,,1,1,1,1,24,5,3,0,0,0,0,0,9,1,4,2016.0,010028500,E09000008,0.0,0.0,2.0,2016.0,010028500,3.0,3.0,0.0,1.0,1.0,-1,2016.0,010028500,2016,5,1,1
131897,2016010028542,531730.0,166660.0,-0.108384,51.383653,1,Serious,1,1,2016-10-30,Sunday,19:00,Croydon,E09000008,3,235,6,30.0,0,-1,-1,-1,,,1,1,1,0,1,1,1,E01001011,2,2,30/10/2016,30/10/2016,1,3,0,13,,0,0,10,0,0,,,6,Male,19,16 - 20,-1,-1,-1,5,1,,1,1,1,1,19,4,2,0,0,0,0,0,3,1,5,2016.0,010028542,E09000008,0.0,0.0,2.0,2016.0,010028542,5.0,1.0,0.0,1.0,1.0,-1,2016.0,010028542,2016,10,2,19
131906,2016010028669,516740.0,188410.0,-0.316507,51.582416,1,Slight,2,1,2016-10-18,Tuesday,21:30,Brent,E09000005,3,4006,6,30.0,6,2,6,0,,,4,1,1,0,0,1,1,E01002176,3,1,18/10/2016,18/10/2016,1,9,0,3,,1,0,0,0,0,,,6,Male,30,26 - 35,1364,2,7,5,1,,1,1,1,1,30,6,3,0,0,0,0,0,9,1,5,2016.0,010028669,E09000005,0.0,5.0,2.0,2016.0,010028669,6.0,2.0,0.0,2.0,1.0,-1,2016.0,010028669,2016,10,1,21
131908,2016010028675,543170.0,182280.0,0.062222,51.521244,1,Slight,4,6,2016-10-19,Wednesday,23:42,Newham,E09000025,3,13,3,50.0,0,-1,-1,-1,,,4,1,1,0,0,1,1,E01003482,3,1,19/10/2016,19/10/2016,1,9,0,3,,0,0,0,0,0,,,6,Male,24,21 - 25,1995,2,1,2,1,,1,1,1,1,24,5,3,0,0,0,0,0,9,1,2,2016.0,010028675,E09000025,0.0,0.0,2.0,2016.0,010028675,2.0,6.0,0.0,2.0,1.0,-1,2016.0,010028675,2016,10,6,23
131911,2016010028686,521320.0,183720.0,-0.252053,51.539299,1,Serious,1,1,2016-10-17,Monday,18:23,Brent,E09000005,3,404,6,30.0,3,4,6,0,,,4,1,1,0,6,1,1,E01000521,2,2,17/10/2016,17/10/2016,1,3,0,18,,1,0,0,0,0,,,6,Male,23,21 - 25,108,1,2,1,1,,1,1,1,1,23,5,2,0,0,0,0,0,3,1,1,2016.0,010028686,E09000005,0.0,0.0,2.0,2016.0,010028686,4.0,8.0,0.0,1.0,1.0,-1,2016.0,010028686,2016,10,2,18
131914,2016010028697,530910.0,172240.0,-0.118103,51.433989,1,Slight,2,2,2016-10-15,Saturday,00:45,Lambeth,E09000022,5,0,6,20.0,0,-1,-1,-1,,,4,9,1,0,0,1,1,E01003152,3,1,15/10/2016,15/10/2016,1,4,0,12,,0,0,0,0,0,,,6,Male,31,26 - 35,108,1,7,5,1,,1,1,1,1,31,6,3,0,0,0,0,0,4,1,5,2016.0,010028697,E09000022,0.0,0.0,2.0,2016.0,010028697,4.0,2.0,0.0,3.0,1.0,-1,2016.0,010028697,2016,10,2,0
131921,2016010028715,524050.0,185390.0,-0.212121,51.553715,1,Slight,2,1,2016-07-10,Sunday,18:50,Brent,E09000005,3,5,6,30.0,3,4,6,0,,,4,1,1,0,0,1,1,E01000558,3,1,07/10/2016,07/10/2016,1,9,0,3,,8,0,0,0,0,,,6,Male,23,21 - 25,1198,1,4,3,1,,2,1,1,1,27,6,3,0,0,0,0,0,1,1,10,2016.0,010028715,E09000005,0.0,0.0,2.0,2016.0,010028715,5.0,1.0,0.0,3.0,1.0,-1,2016.0,010028715,2016,7,1,18
131923,2016010028721,531200.0,179170.0,-0.111363,51.496201,1,Slight,2,1,2016-01-10,Sunday,21:52,Lambeth,E09000022,3,23,6,30.0,6,2,3,3203,,,4,2,1,0,0,1,1,E01003014,3,1,01/10/2016,01/10/2016,1,9,0,18,,8,0,0,0,0,,,6,Female,32,26 - 35,1968,2,9,-1,-1,,2,1,1,1,20,4,3,0,0,0,0,0,3,1,5,2016.0,010028721,E09000022,0.0,5.0,2.0,2016.0,010028721,1.0,5.0,0.0,1.0,1.0,-1,2016.0,010028721,2016,1,1,21
131939,2016010028769,530870.0,175220.0,-0.117576,51.460779,1,Serious,1,1,2016-02-10,Wednesday,04:56,Lambeth,E09000022,3,2217,6,30.0,0,-1,-1,-1,,,4,1,1,0,0,1,1,E01003055,2,2,02/10/2016,02/10/2016,1,9,0,18,,0,0,0,0,0,,,6,Male,33,26 - 35,1797,8,6,-1,-1,,1,1,3,1,49,8,2,1,2,0,0,2,0,1,3,2016.0,010028769,E09000022,0.0,4.0,2.0,2016.0,010028769,8.0,4.0,0.0,1.0,1.0,-1,2016.0,010028769,2016,2,2,4
131954,2016010028852,526070.0,171500.0,-0.187957,51.428436,1,Slight,3,2,2016-02-10,Wednesday,19:50,Merton,E09000024,4,235,6,30.0,0,-1,-1,-1,,,4,1,1,0,0,1,3,E01003475,3,1,02/10/2016,02/10/2016,1,9,0,3,,0,0,0,0,0,,,6,Male,32,26 - 35,1364,1,8,9,1,,1,1,1,1,32,6,3,0,0,0,0,0,9,1,9,2016.0,010028852,E09000024,0.0,5.0,2.0,2016.0,010028852,7.0,2.0,0.0,2.0,9.0,-1,2016.0,010028852,2016,2,2,19
131966,2016010028925,530480.0,176470.0,-0.122726,51.472103,1,Slight,3,1,2016-06-10,Friday,01:37,Lambeth,E09000022,3,3,3,30.0,6,2,3,203,,,4,1,1,0,0,1,1,E01003128,3,1,06/10/2016,06/10/2016,1,4,0,5,,1,0,0,0,0,,,6,Male,25,21 - 25,125,1,2,4,1,,1,1,1,1,25,5,3,0,0,0,0,0,4,1,4,2016.0,010028925,E09000022,0.0,5.0,2.0,2016.0,010028925,6.0,2.0,0.0,4.0,1.0,-1,2016.0,010028925,2016,6,1,1
131968,2016010028939,531760.0,173190.0,-0.105528,51.44233,1,Slight,1,1,2016-10-22,Saturday,03:05,Lambeth,E09000022,3,215,6,30.0,3,4,6,0,,,4,1,1,0,0,1,1,E01003169,3,1,22/10/2016,22/10/2016,1,9,0,18,,2,1,10,1,2,,,6,Female,22,21 - 25,-1,-1,-1,3,1,,1,1,1,2,22,5,3,0,0,0,0,0,9,1,3,2016.0,010028939,E09000022,0.0,0.0,2.0,2016.0,010028939,5.0,1.0,0.0,1.0,1.0,-1,2016.0,010028939,2016,10,1,3
131975,2016010028957,532710.0,176720.0,-0.090543,51.473831,1,Slight,2,1,2016-10-18,Tuesday,19:00,Southwark,E09000028,3,202,6,30.0,6,2,3,202,,,4,9,1,0,0,1,1,E01003921,3,1,18/10/2016,18/10/2016,1,9,0,7,,8,0,0,0,0,,,6,Male,18,16 - 20,1388,1,13,3,1,,2,1,1,1,37,7,3,0,0,0,0,0,1,1,2,2016.0,010028957,E09000028,0.0,0.0,2.0,2016.0,010028957,7.0,1.0,0.0,4.0,1.0,-1,2016.0,010028957,2016,10,1,19
131987,2016010028992,522960.0,184640.0,-0.228097,51.547212,1,Slight,2,1,2016-10-22,Saturday,21:40,Brent,E09000005,3,407,6,30.0,3,4,6,0,,,4,1,1,0,0,1,3,E01000642,3,1,22/10/2016,22/10/2016,1,8,0,3,,2,0,0,0,0,,,6,Male,34,26 - 35,1596,1,3,1,1,,1,1,1,1,34,6,3,0,0,0,0,0,8,1,1,2016.0,010028992,E09000005,0.0,0.0,2.0,2016.0,010028992,3.0,7.0,0.0,1.0,1.0,-1,2016.0,010028992,2016,10,1,21
132008,2016010029096,535380.0,176270.0,-0.052294,51.469155,1,Slight,2,1,2016-10-21,Friday,21:48,Southwark,E09000028,3,2214,6,30.0,6,4,6,0,,,4,1,1,0,0,1,1,E01004000,3,1,21/10/2016,21/10/2016,1,9,0,18,,8,0,0,0,0,,,6,Male,26,26 - 35,1560,2,2,1,1,,1,1,2,1,-1,-1,3,0,0,1,0,0,9,-1,-1,2016.0,010029096,E09000028,0.0,0.0,2.0,2016.0,010029096,2.0,6.0,0.0,1.0,1.0,-1,2016.0,010029096,2016,10,1,21
132014,2016010029170,521700.0,183330.0,-0.246712,51.535712,1,Slight,2,2,2016-05-10,Tuesday,21:34,Brent,E09000005,3,404,6,30.0,3,4,6,0,,,4,1,1,0,0,1,1,E01033485,3,1,05/10/2016,05/10/2016,1,9,0,9,,8,0,0,0,0,,,6,Female,25,21 - 25,1598,1,10,2,1,,2,1,1,1,22,5,3,0,0,0,0,0,3,-1,-1,2016.0,010029170,E09000005,0.0,0.0,2.0,2016.0,010029170,2.0,1.0,0.0,3.0,1.0,-1,2016.0,010029170,2016,5,2,21
132035,2016010029233,523590.0,171380.0,-0.223654,51.427903,1,Slight,1,1,2016-10-20,Thursday,22:00,Merton,E09000024,3,219,6,30.0,0,-1,-1,-1,,,4,2,2,0,0,1,1,E01003460,3,1,20/10/2016,20/10/2016,1,9,0,18,,0,0,0,1,10,,,2,Male,24,21 - 25,1198,1,6,3,1,,1,1,1,1,24,5,3,0,0,0,0,0,9,1,3,2016.0,010029233,E09000024,0.0,0.0,2.0,2016.0,010029233,5.0,1.0,0.0,3.0,1.0,-1,2016.0,010029233,2016,10,1,22
132043,2016010029281,524640.0,170770.0,-0.208773,51.422191,1,Slight,2,1,2016-10-30,Sunday,18:15,Merton,E09000024,3,219,6,30.0,3,4,6,0,,,4,1,1,0,0,1,1,E01003401,3,1,30/10/2016,30/10/2016,1,9,0,18,,1,0,0,0,0,,,6,Female,35,26 - 35,1598,1,12,7,1,,2,1,1,1,25,5,3,0,0,0,0,0,3,1,4,2016.0,010029281,E09000024,0.0,5.0,2.0,2016.0,010029281,8.0,4.0,0.0,1.0,1.0,-1,2016.0,010029281,2016,10,1,18
132046,2016010029353,531930.0,171450.0,-0.103731,51.426653,1,Slight,3,1,2016-10-30,Sunday,05:15,Lambeth,E09000022,6,0,6,20.0,3,4,6,0,,,1,1,2,0,0,1,1,E01003082,3,1,30/10/2016,30/10/2016,1,9,0,18,,2,0,4,0,0,,,6,Male,21,21 - 25,1596,1,8,4,1,,1,1,2,1,21,5,3,0,0,1,0,0,9,1,4,2016.0,010029353,E09000022,0.0,0.0,2.0,2016.0,010029353,1.0,5.0,0.0,1.0,1.0,-1,2016.0,010029353,2016,10,1,5
132054,2016010029364,531720.0,172830.0,-0.106237,51.439104,1,Slight,1,1,2016-10-17,Monday,19:53,Lambeth,E09000022,3,215,6,30.0,3,2,5,0,,,4,2,2,0,0,1,1,E01003133,3,1,17/10/2016,17/10/2016,1,9,0,18,,1,0,0,0,0,,,6,Male,23,21 - 25,1149,1,8,8,1,,1,1,3,1,19,4,3,1,1,0,0,2,0,1,3,2016.0,010029364,E09000022,0.0,5.0,2.0,2016.0,010029364,1.0,5.0,0.0,1.0,1.0,-1,2016.0,010029364,2016,10,1,19
132059,2016010029371,530190.0,177840.0,-0.126395,51.484482,1,Slight,1,1,2016-10-28,Friday,23:42,Lambeth,E09000022,3,3036,2,30.0,6,4,3,203,,,4,1,1,0,0,1,1,E01033208,3,1,28/10/2016,28/10/2016,1,9,0,7,,8,0,7,0,0,,,6,Male,26,26 - 35,2993,2,11,6,1,,1,1,1,1,26,6,3,0,0,0,0,0,9,1,6,2016.0,010029371,E09000022,0.0,0.0,2.0,2016.0,010029371,7.0,2.0,0.0,1.0,1.0,-1,2016.0,010029371,2016,10,1,23
132062,2016010029379,531540.0,178530.0,-0.106706,51.49037,1,Slight,1,1,2016-10-17,Monday,18:19,Lambeth,E09000022,3,3204,6,30.0,3,4,6,0,,,4,2,2,0,0,1,1,E01003108,3,1,17/10/2016,17/10/2016,1,4,0,14,,1,0,0,0,0,,,6,Male,19,16 - 20,125,1,9,3,1,,1,1,3,1,62,9,3,4,4,0,0,2,0,1,2,2016.0,010029379,E09000022,0.0,4.0,2.0,2016.0,010029379,2.0,6.0,0.0,1.0,1.0,-1,2016.0,010029379,2016,10,1,18
132069,2016010029402,530370.0,176310.0,-0.124368,51.47069,1,Slight,2,1,2016-10-20,Thursday,20:00,Lambeth,E09000022,3,3,6,30.0,3,4,6,0,,,4,1,1,0,0,1,1,E01003128,3,1,20/10/2016,20/10/2016,1,4,0,9,,1,0,0,0,0,,,6,Male,24,21 - 25,125,1,2,6,1,,2,1,1,1,25,5,3,0,0,0,0,0,1,1,5,2016.0,010029402,E09000022,0.0,0.0,2.0,2016.0,010029402,6.0,4.0,0.0,2.0,1.0,-1,2016.0,010029402,2016,10,1,20
132073,2016010029413,530280.0,172670.0,-0.127003,51.437999,1,Slight,2,1,2016-10-14,Friday,18:14,Lambeth,E09000022,3,23,6,30.0,3,2,5,0,,,1,1,1,0,0,1,3,E01003117,3,1,14/10/2016,14/10/2016,1,9,0,5,,8,0,0,0,0,,,2,Female,26,26 - 35,1242,1,4,6,1,,1,1,1,2,26,6,3,0,0,0,0,0,9,1,6,2016.0,010029413,E09000022,0.0,5.0,2.0,2016.0,010029413,2.0,6.0,0.0,2.0,1.0,-1,2016.0,010029413,2016,10,1,18
132080,2016010029425,523410.0,167870.0,-0.227462,51.396396,1,Serious,2,1,2016-06-10,Friday,21:05,Merton,E09000024,4,279,6,30.0,0,-1,-1,-1,,,4,1,1,0,0,1,1,E01003467,2,2,06/10/2016,06/10/2016,1,9,0,9,,0,0,0,0,0,,,6,Male,35,26 - 35,1998,2,8,9,1,,2,1,1,1,19,4,2,0,0,0,0,0,3,1,10,2016.0,010029425,E09000024,0.0,0.0,2.0,2016.0,010029425,2.0,8.0,0.0,1.0,1.0,-1,2016.0,010029425,2016,6,2,21
132087,2016010029448,530710.0,175130.0,-0.119911,51.460008,1,Slight,2,1,2016-10-29,Saturday,05:02,Lambeth,E09000022,3,2217,6,30.0,3,4,6,0,,,4,1,1,0,0,1,1,E01003020,3,1,29/10/2016,29/10/2016,1,9,0,5,,1,0,0,0,0,,,6,Female,30,26 - 35,1796,1,16,-1,-1,,2,1,1,1,28,6,3,0,0,0,0,0,3,1,5,2016.0,010029448,E09000022,0.0,0.0,2.0,2016.0,010029448,2.0,6.0,0.0,3.0,1.0,-1,2016.0,010029448,2016,10,1,5
132088,2016010029449,524810.0,170610.0,-0.206385,51.420716,1,Slight,1,2,2016-10-23,Sunday,20:15,Merton,E09000024,3,219,6,30.0,3,2,3,219,,,1,1,1,0,0,1,1,E01003383,3,1,23/10/2016,23/10/2016,1,3,0,18,,8,0,0,0,0,,,1,Male,18,16 - 20,114,1,2,9,1,,1,1,1,1,18,4,3,0,0,0,0,0,3,1,9,2016.0,010029449,E09000024,0.0,5.0,2.0,2016.0,010029449,8.0,4.0,0.0,1.0,1.0,-1,2016.0,010029449,2016,10,2,20
132115,2016010029588,530050.0,171470.0,-0.13075,51.427267,1,Slight,2,1,2016-10-19,Wednesday,19:10,Lambeth,E09000022,3,23,2,30.0,3,2,3,23,,,4,1,1,0,0,1,1,E01003120,3,1,19/10/2016,19/10/2016,1,9,0,3,,1,0,0,0,0,,,6,Male,24,21 - 25,1339,1,6,2,1,,1,1,2,2,50,8,3,0,0,1,0,0,9,1,2,2016.0,010029588,E09000022,0.0,5.0,2.0,2016.0,010029588,3.0,7.0,0.0,4.0,1.0,-1,2016.0,010029588,2016,10,1,19
132118,2016010029592,528930.0,187670.0,-0.140935,51.573111,1,Serious,1,2,2016-10-28,Friday,20:01,Haringey,E09000014,3,1,7,30.0,3,4,6,0,,,4,1,1,0,0,1,1,E01002009,2,2,28/10/2016,28/10/2016,1,2,0,18,,2,0,0,0,0,,,1,Male,24,21 - 25,125,1,5,8,1,,1,1,1,1,24,5,2,0,0,0,0,0,2,1,8,2016.0,010029592,E09000014,0.0,0.0,2.0,2016.0,010029592,7.0,4.0,0.0,1.0,1.0,-1,2016.0,010029592,2016,10,4,20
132119,2016010029593,515400.0,180170.0,-0.338538,51.508632,1,Slight,2,1,2016-04-10,Sunday,20:11,Ealing,E09000009,3,4020,6,30.0,3,4,6,0,,,1,1,1,0,0,1,1,E01001252,3,1,04/10/2016,04/10/2016,1,8,0,10,,8,0,0,0,0,,,1,Male,21,21 - 25,1400,2,9,5,1,,1,1,1,1,21,5,3,0,0,0,0,0,8,1,5,2016.0,010029593,E09000009,0.0,0.0,2.0,2016.0,010029593,3.0,1.0,0.0,2.0,1.0,-1,2016.0,010029593,2016,4,1,20
132120,2016010029594,533660.0,188890.0,-0.072258,51.582974,1,Slight,2,1,2016-10-14,Friday,18:40,Haringey,E09000014,3,10,3,40.0,3,4,3,503,,,4,1,1,0,0,1,1,E01002072,3,1,14/10/2016,14/10/2016,1,4,0,18,,2,0,0,0,0,,,1,Male,24,21 - 25,125,1,0,2,1,,1,1,1,1,24,5,3,0,0,0,0,0,4,1,2,2016.0,010029594,E09000014,0.0,0.0,2.0,2016.0,010029594,1.0,5.0,0.0,4.0,1.0,-1,2016.0,010029594,2016,10,1,18
132127,2016010029602,532250.0,190510.0,-0.091986,51.597865,1,Slight,1,1,2016-10-20,Thursday,22:26,Haringey,E09000014,3,109,6,30.0,6,2,4,155,,,4,1,2,0,0,1,1,E01002088,3,1,20/10/2016,20/10/2016,1,3,0,18,,8,0,10,1,0,,,6,Male,27,26 - 35,124,1,4,1,1,,1,1,1,1,27,6,3,0,0,0,0,0,3,1,1,2016.0,010029602,E09000014,0.0,5.0,2.0,2016.0,010029602,3.0,7.0,0.0,1.0,1.0,-1,2016.0,010029602,2016,10,1,22
132130,2016010029607,532170.0,189430.0,-0.093547,51.588178,1,Slight,2,3,2016-10-24,Monday,19:50,Haringey,E09000014,4,155,6,30.0,6,4,4,155,,,4,1,1,0,0,1,1,E01002084,3,1,24/10/2016,24/10/2016,1,9,0,18,,8,0,0,0,0,,,6,Male,34,26 - 35,2231,2,4,3,1,,1,1,1,1,34,6,3,0,0,0,0,0,9,1,3,2016.0,010029607,E09000014,0.0,0.0,2.0,2016.0,010029607,2.0,6.0,0.0,1.0,1.0,-1,2016.0,010029607,2016,10,3,19
132139,2016010029697,533370.0,176710.0,-0.081049,51.473586,1,Slight,1,1,2016-01-10,Sunday,22:45,Southwark,E09000028,3,202,6,30.0,3,4,6,0,,,4,1,1,0,0,1,1,E01003914,3,1,01/10/2016,01/10/2016,1,9,0,4,,8,0,0,0,0,,,6,Male,29,26 - 35,1998,1,11,8,1,,1,1,3,1,-1,-1,3,5,1,0,0,2,0,-1,-1,2016.0,010029697,E09000028,0.0,0.0,2.0,2016.0,010029697,5.0,1.0,0.0,4.0,1.0,-1,2016.0,010029697,2016,1,1,22
132141,2016010029701,529410.0,176280.0,-0.138193,51.470641,1,Slight,2,1,2016-11-10,Thursday,19:35,Lambeth,E09000022,3,3036,6,30.0,3,4,6,0,,,4,1,1,0,0,1,1,E01003091,3,1,11/10/2016,11/10/2016,1,4,0,13,,1,0,0,0,0,,,1,Male,19,16 - 20,125,1,7,-1,-1,,1,1,1,1,19,4,3,0,0,0,0,0,4,-1,-1,2016.0,010029701,E09000022,0.0,4.0,2.0,2016.0,010029701,6.0,2.0,0.0,1.0,1.0,-1,2016.0,010029701,2016,11,1,19
132152,2016010029741,518380.0,182620.0,-0.294795,51.530036,1,Slight,1,1,2016-08-10,Wednesday,18:45,Ealing,E09000009,3,40,7,40.0,5,2,3,406,,,4,1,1,0,0,1,3,E01001277,3,1,08/10/2016,08/10/2016,1,9,0,16,,1,0,0,0,0,,,6,Female,19,16 - 20,1461,2,14,3,1,,1,1,1,2,19,4,3,0,0,0,0,0,9,1,3,2016.0,010029741,E09000009,0.0,5.0,2.0,2016.0,010029741,6.0,1.0,0.0,2.0,9.0,-1,2016.0,010029741,2016,8,1,18
132169,2016010029825,513070.0,180340.0,-0.372044,51.510631,1,Slight,2,1,2016-10-26,Wednesday,18:05,Ealing,E09000009,3,4020,6,30.0,3,2,6,0,,,1,1,1,0,0,1,1,E01001361,3,1,26/10/2016,26/10/2016,1,9,0,3,,8,0,0,0,0,,,6,Male,34,26 - 35,1598,1,11,3,1,,2,1,1,1,38,7,3,0,0,0,0,0,1,1,3,2016.0,010029825,E09000009,0.0,5.0,2.0,2016.0,010029825,7.0,3.0,4.0,4.0,1.0,-1,2016.0,010029825,2016,10,1,18
132179,2016010029932,521110.0,180660.0,-0.256131,51.511842,1,Slight,1,1,2016-11-10,Thursday,19:45,Ealing,E09000009,5,0,6,30.0,3,4,6,0,,,4,1,1,0,0,1,1,E01001241,3,1,11/10/2016,11/10/2016,1,9,0,9,,8,0,0,0,0,,,6,Male,29,26 - 35,1398,1,9,3,1,,1,1,3,2,61,9,3,5,3,0,0,2,0,1,4,2016.0,010029932,E09000009,0.0,0.0,2.0,2016.0,010029932,3.0,1.0,0.0,3.0,1.0,-1,2016.0,010029932,2016,11,1,19
132180,2016010029936,534580.0,181310.0,-0.061885,51.514638,1,Slight,2,2,2016-07-10,Sunday,23:07,Tower Hamlets,E09000030,3,13,6,30.0,6,2,4,108,,,4,1,1,0,0,1,1,E01004319,3,1,07/10/2016,07/10/2016,1,9,0,9,,8,0,0,0,0,,,6,Male,26,26 - 35,2499,1,10,4,1,,1,1,2,2,26,6,3,0,0,2,0,0,9,1,8,2016.0,010029936,E09000030,0.0,5.0,2.0,2016.0,010029936,7.0,5.0,0.0,4.0,1.0,-1,2016.0,010029936,2016,7,2,23
132183,2016010029951,534780.0,182370.0,-0.058599,51.524116,1,Slight,1,1,2016-10-13,Thursday,18:06,Tower Hamlets,E09000030,4,135,6,30.0,6,4,6,0,,,1,1,1,0,0,1,1,E01004206,3,1,13/10/2016,13/10/2016,1,9,0,9,,2,0,0,0,0,,,1,Male,23,21 - 25,1956,2,1,2,1,,1,1,3,2,32,6,3,5,1,0,0,2,0,1,3,2016.0,010029951,E09000030,0.0,0.0,2.0,2016.0,010029951,1.0,7.0,0.0,1.0,1.0,-1,2016.0,010029951,2016,10,1,18
132187,2016010029967,514680.0,182950.0,-0.348005,51.533765,1,Slight,2,1,2016-10-15,Saturday,23:00,Ealing,E09000009,3,4127,6,30.0,3,4,6,0,,,4,1,1,0,0,1,3,E01001267,3,1,15/10/2016,15/10/2016,1,8,0,9,,8,0,0,0,0,,,1,Male,32,26 - 35,1995,2,10,4,1,,1,1,1,1,32,6,3,0,0,0,0,0,8,1,4,2016.0,010029967,E09000009,0.0,0.0,2.0,2016.0,010029967,6.0,2.0,0.0,3.0,1.0,-1,2016.0,010029967,2016,10,1,23
132196,2016010030001,536140.0,182070.0,-0.039123,51.521094,1,Slight,2,1,2016-10-20,Thursday,19:20,Tower Hamlets,E09000030,5,0,6,20.0,6,4,6,0,,,4,1,1,0,0,1,1,E01004284,3,1,20/10/2016,20/10/2016,1,3,0,13,,8,0,0,0,0,,,1,Male,25,21 - 25,-1,-1,-1,2,1,,1,1,1,1,25,5,3,0,0,0,0,0,3,1,2,2016.0,010030001,E09000030,0.0,0.0,2.0,2016.0,010030001,1.0,5.0,0.0,4.0,1.0,-1,2016.0,010030001,2016,10,1,19
132200,2016010030010,525480.0,183540.0,-0.192165,51.536772,1,Slight,2,1,2016-10-14,Friday,05:08,Camden,E09000007,3,5,6,30.0,3,4,5,0,,,4,1,1,0,0,1,1,E01000550,3,1,14/10/2016,14/10/2016,1,2,0,18,,8,0,0,0,0,,,6,Male,34,26 - 35,124,1,0,1,1,,1,1,1,1,34,6,3,0,0,0,0,0,2,1,1,2016.0,010030010,E09000007,0.0,0.0,2.0,2016.0,010030010,5.0,1.0,0.0,1.0,1.0,-1,2016.0,010030010,2016,10,1,5
132202,2016010030012,516720.0,180440.0,-0.319437,51.510788,1,Slight,2,1,2016-09-16,Friday,05:45,Ealing,E09000009,3,4020,6,30.0,6,2,4,452,,,4,2,2,0,0,1,1,E01001388,3,1,16/09/2016,16/09/2016,1,5,0,18,,8,0,0,0,0,,,6,Male,35,26 - 35,599,1,20,8,1,,1,1,1,1,35,6,3,0,0,0,0,0,5,1,8,2016.0,010030012,E09000009,0.0,5.0,2.0,2016.0,010030012,1.0,5.0,0.0,1.0,1.0,-1,2016.0,010030012,2016,9,1,5
132215,2016010030048,555400.0,192130.0,0.242715,51.606513,1,Slight,2,1,2016-10-24,Monday,19:25,Havering,E09000016,5,0,6,30.0,3,4,6,0,,,4,1,1,0,0,1,1,E01002279,3,1,24/10/2016,24/10/2016,1,9,0,9,,8,0,0,0,0,,,6,Female,33,26 - 35,1796,1,13,-1,-1,,2,1,1,1,28,6,3,0,0,0,0,0,9,1,2,2016.0,010030048,E09000016,0.0,0.0,2.0,2016.0,010030048,3.0,8.0,0.0,3.0,1.0,-1,2016.0,010030048,2016,10,1,19