,accident_index,location_easting_osgr,location_northing_osgr,longitude,latitude,police_force,accident_severity,number_of_vehicles,number_of_casualties,date,day_of_week,time,local_authority_district,local_authority_highway,first_road_class,first_road_number,road_type,speed_limit,junction_detail,junction_control,second_road_class,second_road_number,pedestrian_crossing-human_control,pedestrian_crossing-physical_facilities,light_conditions,weather_conditions,road_surface_conditions,special_conditions_at_site,carriageway_hazards,urban_or_rural_area,did_police_officer_attend_scene_of_accident,lsoa_of_accident_location,accident_severity_num,accident_severity_inv,date2,date_original,vehicle_reference_x,vehicle_type,towing_and_articulation,vehicle_manoeuvre,vehicle_location-restricted_lane,junction_location,skidding_and_overturning,hit_object_in_carriageway,vehicle_leaving_carriageway,hit_object_off_carriageway,1st_point_of_impact,was_vehicle_left_hand_drive?,journey_purpose_of_driver,sex_of_driver,age_of_driver,age_band_of_driver,engine_capacity_cc,propulsion_code,age_of_vehicle,driver_imd_decile,driver_home_area_type,vehicle_imd_decile,vehicle_reference_y,casualty_reference,casualty_class,sex_of_casualty,age_of_casualty,age_band_of_casualty,casualty_severity,pedestrian_location,pedestrian_movement,car_passenger,bus_or_coach_passenger,pedestrian_road_maintenance_worker,casualty_type,casualty_home_area_type,casualty_imd_decile,accident_year_x,accident_reference_x,local_authority_ons_district,pedestrian_crossing_human_control,pedestrian_crossing_physical_facilities,trunk_road_flag,accident_year_y,accident_reference_y,vehicle_direction_from,vehicle_direction_to,vehicle_location_restricted_lane,first_point_of_impact,vehicle_left_hand_drive,generic_make_model,accident_year,accident_reference,year,month,severity,hours
132221,2016010030063,529410.0,171230.0,-0.140038,51.425257,1,Serious,2,1,2016-10-23,Sunday,19:40,Wandsworth,E09000032,3,216,2,30.0,6,2,6,0,,,4,1,1,0,0,1,3,E01004524,2,2,23/10/2016,23/10/2016,1,9,0,18,,8,0,0,0,0,,,6,Male,24,21 - 25,1995,2,6,8,1,,1,1,1,1,24,5,2,0,0,0,0,0,9,1,8,2016.0,010030063,E09000032,0.0,5.0,2.0,2016.0,010030063,8.0,4.0,0.0,3.0,1.0,-1,2016.0,010030063,2016,10,2,19
132252,2016010030275,520140.0,184450.0,-0.268811,51.546112,1,Slight,4,2,2016-10-28,Friday,23:48,Brent,E09000005,3,406,3,50.0,5,4,6,0,,,4,1,1,0,0,1,1,E01000604,3,1,28/10/2016,28/10/2016,1,9,0,18,,8,0,0,0,0,,,6,Male,19,16 - 20,1598,1,5,1,1,,1,1,2,1,19,4,3,0,0,1,0,0,9,1,2,2016.0,010030275,E09000005,0.0,0.0,2.0,2016.0,010030275,2.0,6.0,0.0,1.0,1.0,-1,2016.0,010030275,2016,10,2,23
132271,2016010030356,519190.0,182270.0,-0.283242,51.52672,1,Slight,2,2,2016-01-10,Sunday,20:33,Ealing,E09000009,6,0,7,30.0,5,4,3,40,,,1,1,1,0,0,1,1,E01001247,3,1,01/10/2016,01/10/2016,1,9,0,8,,8,0,0,0,0,,,6,Male,27,26 - 35,1461,2,2,2,1,,1,1,1,1,27,6,3,0,0,0,0,0,9,1,2,2016.0,010030356,E09000009,0.0,0.0,2.0,2016.0,010030356,5.0,7.0,0.0,2.0,1.0,-1,2016.0,010030356,2016,1,2,20
132273,2016010030362,551270.0,177970.0,0.177039,51.480409,1,Slight,2,2,2016-09-10,Saturday,18:06,Bexley,E09000004,3,206,1,30.0,1,4,3,2016,,,1,2,2,0,0,1,1,E01000403,3,1,09/10/2016,09/10/2016,1,9,0,18,,8,0,0,0,0,,,6,Male,29,26 - 35,1598,1,12,3,1,,1,1,1,1,29,6,3,0,0,0,0,0,9,1,3,2016.0,010030362,E09000004,0.0,0.0,2.0,2016.0,010030362,6.0,2.0,0.0,4.0,1.0,-1,2016.0,010030362,2016,9,2,18
132275,2016010030375,531870.0,189930.0,-0.097687,51.592741,1,Slight,2,1,2016-10-17,Monday,20:30,Haringey,E09000014,6,0,6,20.0,6,4,6,0,,,4,1,2,0,0,1,1,E01002083,3,1,17/10/2016,17/10/2016,1,9,0,18,,8,0,0,0,0,,,6,Male,21,21 - 25,2148,2,8,3,1,,1,1,1,1,21,5,3,0,0,0,0,0,9,1,3,2016.0,010030375,E09000014,0.0,0.0,2.0,2016.0,010030375,8.0,4.0,0.0,4.0,1.0,-1,2016.0,010030375,2016,10,1,20
132279,2016010030444,534580.0,181310.0,-0.061885,51.514638,1,Slight,2,2,2016-06-10,Friday,01:11,Tower Hamlets,E09000030,3,13,6,30.0,6,2,4,108,,,4,1,1,0,0,1,1,E01004319,3,1,06/10/2016,06/10/2016,1,9,0,9,,8,0,0,0,0,,,6,Male,28,26 - 35,1598,2,5,1,1,,1,1,1,1,28,6,3,0,0,0,0,0,9,1,1,2016.0,010030444,E09000030,0.0,5.0,2.0,2016.0,010030444,7.0,5.0,0.0,1.0,1.0,-1,2016.0,010030444,2016,6,2,1
132282,2016010030532,516890.0,192250.0,-0.313064,51.616897,1,Serious,2,2,2016-10-21,Friday,20:39,Harrow,E09000015,3,410,6,30.0,3,2,6,0,,,4,1,1,0,0,1,1,E01002226,2,2,21/10/2016,21/10/2016,1,9,0,9,,5,0,0,0,0,,,6,Male,30,26 - 35,1398,1,14,7,1,,2,1,1,1,19,4,2,0,0,0,0,0,4,1,6,2016.0,010030532,E09000015,0.0,5.0,2.0,2016.0,010030532,6.0,4.0,0.0,4.0,1.0,-1,2016.0,010030532,2016,10,4,20
132283,2016010030536,517820.0,192550.0,-0.299537,51.6194,1,Slight,2,4,2016-10-31,Monday,19:10,Harrow,E09000015,6,0,6,20.0,8,3,6,0,,,4,9,1,0,0,1,1,E01002112,3,1,31/10/2016,31/10/2016,1,9,0,16,,1,0,0,0,0,,,6,Male,34,26 - 35,1984,1,11,5,1,,1,1,1,1,34,6,3,0,0,0,0,0,9,1,5,2016.0,010030536,E09000015,0.0,0.0,2.0,2016.0,010030536,4.0,6.0,0.0,3.0,1.0,-1,2016.0,010030536,2016,10,4,19
132296,2016010030569,540300.0,180270.0,0.020083,51.503902,1,Slight,3,1,2016-10-23,Sunday,00:05,Newham,E09000025,3,1011,6,30.0,3,2,3,1011,,,4,1,1,0,0,1,3,E01033577,3,1,23/10/2016,23/10/2016,1,9,0,10,,6,0,0,0,0,,,6,Male,30,26 - 35,1797,8,1,5,1,,1,1,1,1,30,6,3,0,0,0,0,0,9,1,5,2016.0,010030569,E09000025,0.0,5.0,2.0,2016.0,010030569,2.0,8.0,0.0,2.0,1.0,-1,2016.0,010030569,2016,10,1,0
132297,2016010030572,517650.0,190610.0,-0.302642,51.602,1,Slight,2,1,2016-10-20,Thursday,20:56,Harrow,E09000015,6,0,6,30.0,6,4,6,0,,,4,1,1,0,0,1,1,E01002107,3,1,20/10/2016,20/10/2016,1,4,0,18,,1,1,0,0,0,,,1,Male,19,16 - 20,125,1,10,7,1,,1,1,1,1,19,4,3,0,0,0,0,0,4,1,7,2016.0,010030572,E09000015,0.0,0.0,2.0,2016.0,010030572,2.0,6.0,0.0,1.0,1.0,-1,2016.0,010030572,2016,10,1,20
132298,2016010030573,534970.0,182870.0,-0.055671,51.528564,1,Slight,2,1,2016-01-10,Sunday,20:00,Tower Hamlets,E09000030,3,107,6,30.0,3,4,6,0,,,1,1,1,0,0,1,1,E01004203,3,1,01/10/2016,01/10/2016,1,9,0,3,,2,0,0,0,0,,,6,Male,24,21 - 25,1242,1,14,7,2,,1,1,1,1,24,5,3,0,0,0,0,0,9,2,7,2016.0,010030573,E09000030,0.0,4.0,2.0,2016.0,010030573,1.0,5.0,0.0,2.0,1.0,-1,2016.0,010030573,2016,1,1,20
132299,2016010030577,535350.0,169830.0,-0.055186,51.411289,1,Slight,3,1,2016-10-29,Saturday,21:00,Bromley,E09000006,3,213,6,30.0,3,4,6,0,,,4,1,1,0,0,1,1,E01000800,3,1,29/10/2016,29/10/2016,1,9,0,18,,8,0,4,0,0,,,6,Male,21,21 - 25,999,1,4,10,1,,1,1,1,1,21,5,3,0,0,0,0,0,9,1,10,2016.0,010030577,E09000006,0.0,1.0,2.0,2016.0,010030577,2.0,6.0,0.0,4.0,1.0,-1,2016.0,010030577,2016,10,1,21
132302,2016010030588,540490.0,167830.0,0.017883,51.392068,1,Slight,1,1,2016-09-10,Saturday,00:40,Bromley,E09000006,4,265,6,30.0,2,4,4,2212,,,4,1,1,0,0,1,1,E01000671,3,1,09/10/2016,09/10/2016,1,9,0,7,,8,0,7,0,0,,,6,Male,24,21 - 25,-1,-1,-1,-1,-1,,1,1,1,1,24,5,3,0,0,0,0,0,9,-1,-1,2016.0,010030588,E09000006,0.0,8.0,2.0,2016.0,010030588,6.0,8.0,0.0,3.0,1.0,-1,2016.0,010030588,2016,9,1,0
132308,2016010030615,531850.0,188120.0,-0.098655,51.57648,1,Slight,2,1,2016-07-10,Sunday,22:50,Haringey,E09000014,3,105,6,30.0,3,2,6,0,,,4,1,1,0,0,1,1,E01002002,3,1,07/10/2016,07/10/2016,1,9,0,10,,8,0,0,0,0,,,6,Female,20,16 - 20,-1,-1,-1,3,1,,2,1,1,1,-1,-1,3,0,0,0,0,0,3,-1,-1,2016.0,010030615,E09000014,0.0,5.0,2.0,2016.0,010030615,5.0,3.0,0.0,2.0,1.0,-1,2016.0,010030615,2016,7,1,22
132314,2016010030627,549830.0,179820.0,0.157102,51.497415,1,Slight,2,1,2016-10-27,Thursday,19:40,Bexley,E09000004,3,2016,1,30.0,1,4,3,2016,,,4,1,1,0,0,1,1,E01000335,3,1,27/10/2016,27/10/2016,1,9,0,18,,8,0,0,0,0,,,6,Male,20,16 - 20,1229,1,7,2,1,,1,1,1,1,20,4,3,0,0,0,0,0,9,1,2,2016.0,010030627,E09000004,0.0,0.0,2.0,2016.0,010030627,6.0,2.0,0.0,4.0,1.0,-1,2016.0,010030627,2016,10,1,19
132318,2016010030649,535860.0,181730.0,-0.043288,51.518106,1,Slight,2,1,2016-11-10,Thursday,19:50,Tower Hamlets,E09000030,5,0,6,30.0,3,4,6,0,,,4,1,1,0,0,1,1,E01004284,3,1,11/10/2016,11/10/2016,1,9,0,18,,1,0,0,0,0,,,6,Female,24,21 - 25,1197,1,1,3,1,,1,1,1,2,24,5,3,0,0,0,0,0,9,1,3,2016.0,010030649,E09000030,0.0,0.0,2.0,2016.0,010030649,5.0,1.0,0.0,1.0,1.0,-1,2016.0,010030649,2016,11,1,19
132321,2016010030679,541910.0,183480.0,0.044556,51.532345,1,Slight,2,1,2016-02-12,Friday,19:30,Newham,E09000025,6,0,6,30.0,0,-1,-1,-1,,,4,1,1,0,0,1,3,E01003490,3,1,02/12/2016,02/12/2016,1,9,0,3,,0,0,0,0,0,,,6,Male,21,21 - 25,1995,1,9,2,1,,1,1,1,1,21,5,3,0,0,0,0,0,9,1,2,2016.0,010030679,E09000025,0.0,0.0,2.0,2016.0,010030679,0.0,0.0,0.0,1.0,9.0,-1,2016.0,010030679,2016,2,1,19
132326,2016010030705,534120.0,182560.0,-0.068035,51.525981,1,Slight,2,1,2016-10-14,Friday,00:20,Tower Hamlets,E09000030,3,1209,6,20.0,6,4,6,0,,,4,1,1,0,0,1,1,E01004312,3,1,14/10/2016,14/10/2016,1,9,0,9,,8,0,0,0,0,,,6,Male,26,26 - 35,1395,1,1,5,1,,2,1,1,1,23,5,3,0,0,0,0,0,1,1,2,2016.0,010030705,E09000030,0.0,1.0,2.0,2016.0,010030705,6.0,5.0,0.0,1.0,1.0,-1,2016.0,010030705,2016,10,1,0
132332,2016010030791,531180.0,187080.0,-0.108707,51.56729,1,Slight,2,1,2016-11-10,Thursday,23:30,Islington,E09000019,3,1201,6,30.0,3,4,6,0,,,4,1,1,0,0,1,1,E01002735,3,1,11/10/2016,11/10/2016,1,9,0,9,,8,0,0,0,0,,,6,Male,23,21 - 25,1596,1,7,1,1,,2,1,1,1,40,7,3,0,0,0,0,0,1,-1,-1,2016.0,010030791,E09000019,0.0,0.0,2.0,2016.0,010030791,4.0,2.0,0.0,1.0,1.0,-1,2016.0,010030791,2016,11,1,23
132334,2016010030797,538920.0,181260.0,0.000602,51.513139,1,Slight,2,1,2016-10-30,Sunday,20:30,Tower Hamlets,E09000030,4,125,6,30.0,3,2,3,13,,,4,1,1,0,0,1,1,E01004245,3,1,30/10/2016,30/10/2016,1,9,0,18,,1,0,0,0,0,,,6,Male,32,26 - 35,1796,1,7,4,1,,1,1,1,1,32,6,3,0,0,0,0,0,9,1,4,2016.0,010030797,E09000030,0.0,5.0,2.0,2016.0,010030797,8.0,4.0,0.0,1.0,1.0,-1,2016.0,010030797,2016,10,1,20
132335,2016010030800,545410.0,174950.0,0.091469,51.454808,1,Slight,4,3,2016-10-31,Monday,18:32,Bexley,E09000004,3,2,3,50.0,0,-1,-1,-1,,,1,1,1,0,0,1,1,E01000413,3,1,31/10/2016,31/10/2016,1,9,0,18,,0,0,0,0,0,,,6,Female,34,26 - 35,1390,1,1,3,1,,2,1,1,2,30,6,3,0,0,0,0,0,9,1,10,2016.0,010030800,E09000004,0.0,0.0,2.0,2016.0,010030800,4.0,8.0,0.0,2.0,1.0,-1,2016.0,010030800,2016,10,3,18
132339,2016010030805,518330.0,182960.0,-0.295402,51.533102,1,Slight,2,1,2016-07-10,Sunday,19:29,Ealing,E09000009,3,4005,6,30.0,0,-1,-1,-1,,,4,1,1,0,0,1,1,E01001277,3,1,07/10/2016,07/10/2016,1,3,0,18,,0,0,0,0,0,,,6,Male,33,26 - 35,-1,-1,-1,-1,-1,,1,1,1,1,33,6,3,0,0,0,0,0,3,-1,-1,2016.0,010030805,E09000009,0.0,0.0,2.0,2016.0,010030805,5.0,1.0,0.0,3.0,1.0,-1,2016.0,010030805,2016,7,1,19
132367,2016010030878,533680.0,189150.0,-0.07187,51.585306,1,Slight,2,1,2016-04-10,Sunday,20:25,Haringey,E09000014,3,10,6,30.0,8,4,6,0,,,4,1,1,0,0,1,1,E01002066,3,1,04/10/2016,04/10/2016,1,9,0,7,,8,0,0,0,0,,,6,Male,22,21 - 25,1560,2,1,2,1,,2,1,1,2,34,6,3,0,0,0,0,0,5,1,2,2016.0,010030878,E09000014,0.0,4.0,2.0,2016.0,010030878,5.0,7.0,2.0,2.0,1.0,-1,2016.0,010030878,2016,4,1,20
132370,2016010030885,539400.0,165310.0,0.001238,51.369691,1,Slight,2,2,2016-10-30,Sunday,22:55,Bromley,E09000006,3,232,6,30.0,0,-1,-1,-1,,,4,1,1,0,0,1,1,E01000760,3,1,30/10/2016,30/10/2016,1,9,0,17,,0,0,0,0,0,,,6,Male,35,26 - 35,4197,1,10,5,1,,1,1,1,1,35,6,3,0,0,0,0,0,9,1,5,2016.0,010030885,E09000006,0.0,4.0,2.0,2016.0,010030885,2.0,8.0,0.0,3.0,1.0,-1,2016.0,010030885,2016,10,2,22
132374,2016010030897,511530.0,179330.0,-0.394545,51.501859,1,Slight,2,3,2016-10-28,Friday,19:47,Ealing,E09000009,6,0,6,30.0,6,4,6,0,,,4,1,1,0,0,1,1,E01001366,3,1,28/10/2016,28/10/2016,1,9,0,18,,8,0,0,0,0,,,1,Male,28,26 - 35,1800,1,8,3,1,,2,1,1,1,77,11,3,0,0,0,0,0,9,1,3,2016.0,010030897,E09000009,0.0,0.0,2.0,2016.0,010030897,3.0,7.0,0.0,1.0,1.0,-1,2016.0,010030897,2016,10,3,19
132376,2016010030906,514320.0,190740.0,-0.35066,51.603853,1,Slight,1,1,2016-04-10,Sunday,18:22,Harrow,E09000015,5,0,6,30.0,3,3,6,0,,,4,1,1,0,0,1,1,E01002139,3,1,04/10/2016,04/10/2016,1,9,0,18,,2,0,0,0,0,,,6,Male,34,26 - 35,1590,1,17,3,1,,1,1,3,2,54,8,3,1,1,0,0,2,0,1,6,2016.0,010030906,E09000015,0.0,4.0,2.0,2016.0,010030906,7.0,3.0,0.0,1.0,1.0,-1,2016.0,010030906,2016,4,1,18
132380,2016010030918,531800.0,188510.0,-0.09923,51.579997,1,Slight,2,1,2016-10-13,Thursday,19:20,Haringey,E09000014,3,105,6,30.0,6,4,6,0,,,4,1,1,0,0,1,1,E01002047,3,1,13/10/2016,13/10/2016,1,9,0,9,,8,0,0,0,0,,,2,Female,21,21 - 25,1398,2,9,8,1,,2,1,1,1,21,5,3,0,0,0,0,0,3,1,3,2016.0,010030918,E09000014,0.0,4.0,2.0,2016.0,010030918,5.0,3.0,0.0,1.0,1.0,-1,2016.0,010030918,2016,10,1,19
132391,2016010031216,538050.0,182760.0,-0.011341,51.526832,1,Slight,2,1,2016-09-10,Saturday,18:30,Tower Hamlets,E09000030,3,12,3,40.0,0,-1,-1,-1,,,4,1,1,0,0,1,3,E01004236,3,1,09/10/2016,09/10/2016,1,9,0,18,,0,0,0,0,0,,,6,Male,22,21 - 25,2494,1,11,1,1,,1,1,1,1,22,5,3,0,0,0,0,0,9,1,1,2016.0,010031216,E09000030,0.0,0.0,2.0,2016.0,010031216,5.0,1.0,0.0,3.0,1.0,-1,2016.0,010031216,2016,9,1,18
132395,2016010031225,535300.0,181250.0,-0.051538,51.513927,1,Slight,2,1,2016-08-10,Wednesday,18:00,Tower Hamlets,E09000030,3,13,6,30.0,3,4,6,0,,,1,1,1,0,0,1,1,E01004287,3,1,08/10/2016,08/10/2016,1,9,0,18,,8,0,0,0,0,,,6,Male,30,26 - 35,2231,2,10,1,1,,1,1,1,1,30,6,3,0,0,0,0,0,9,1,1,2016.0,010031225,E09000030,0.0,0.0,2.0,2016.0,010031225,4.0,8.0,0.0,1.0,1.0,-1,2016.0,010031225,2016,8,1,18
132398,2016010031237,530950.0,190510.0,-0.110745,51.598168,1,Slight,2,1,2016-01-10,Sunday,20:45,Haringey,E09000014,3,105,6,20.0,6,4,6,0,,,4,1,2,0,0,1,1,E01002098,3,1,01/10/2016,01/10/2016,1,9,0,6,,2,0,0,0,0,,,6,Male,34,26 - 35,2143,2,1,2,1,,2,1,1,1,28,6,3,0,0,0,0,0,5,1,3,2016.0,010031237,E09000014,0.0,0.0,2.0,2016.0,010031237,1.0,1.0,0.0,4.0,1.0,-1,2016.0,010031237,2016,1,1,20
132404,2016010031258,553290.0,182950.0,0.208269,51.52461,1,Slight,2,1,2016-10-27,Thursday,21:10,Havering,E09000016,6,0,6,30.0,6,4,6,0,,,4,1,1,0,0,1,1,E01002343,3,1,27/10/2016,27/10/2016,1,9,0,18,,8,0,0,1,10,,,6,Male,18,16 - 20,-1,-1,-1,4,1,,1,1,2,2,18,4,3,0,0,1,0,0,9,1,4,2016.0,010031258,E09000016,0.0,0.0,2.0,2016.0,010031258,6.0,2.0,0.0,1.0,1.0,-1,2016.0,010031258,2016,10,1,21
132408,2016010031269,542980.0,182170.0,0.05944,51.520304,1,Slight,2,1,2016-10-29,Saturday,22:45,Newham,E09000025,3,13,3,50.0,0,-1,-1,-1,,,4,1,1,0,0,1,1,E01003482,3,1,29/10/2016,29/10/2016,1,9,0,3,,0,0,0,0,0,,,1,Male,29,26 - 35,-1,-1,-1,-1,-1,,1,1,1,1,29,6,3,0,0,0,0,0,9,-1,-1,2016.0,010031269,E09000025,0.0,0.0,2.0,2016.0,010031269,6.0,2.0,0.0,2.0,1.0,-1,2016.0,010031269,2016,10,1,22
132414,2016010031282,530940.0,190540.0,-0.110878,51.59844,1,Slight,2,1,2016-10-15,Saturday,20:00,Haringey,E09000014,3,105,6,30.0,6,4,6,0,,,4,2,2,0,0,1,3,E01002098,3,1,15/10/2016,15/10/2016,1,8,0,3,,1,0,0,0,0,,,1,Male,29,26 - 35,1968,2,2,5,1,,1,1,1,1,29,6,3,0,0,0,0,0,8,1,5,2016.0,010031282,E09000014,0.0,0.0,2.0,2016.0,010031282,1.0,5.0,0.0,2.0,1.0,-1,2016.0,010031282,2016,10,1,20
132418,2016010031292,531850.0,188160.0,-0.09864,51.57684,1,Slight,1,1,2016-10-15,Saturday,19:46,Haringey,E09000014,3,105,6,30.0,0,-1,-1,-1,,,4,1,1,0,0,1,1,E01002058,3,1,15/10/2016,15/10/2016,1,2,0,18,,0,0,0,0,0,,,1,Male,18,16 - 20,108,1,1,2,1,,1,1,3,2,18,4,3,5,1,0,0,2,0,1,2,2016.0,010031292,E09000014,0.0,0.0,2.0,2016.0,010031292,8.0,4.0,0.0,4.0,1.0,-1,2016.0,010031292,2016,10,1,19
132429,2016010031323,538420.0,180820.0,-0.006772,51.509308,1,Slight,1,1,2016-10-15,Saturday,05:24,Tower Hamlets,E09000030,3,102,2,30.0,0,-1,-1,-1,,,4,1,1,0,0,1,1,E01032777,3,1,15/10/2016,15/10/2016,1,9,0,18,,0,0,10,8,10,,,6,Male,35,26 - 35,1995,2,4,3,1,,1,1,1,1,35,6,3,0,0,0,0,0,9,1,3,2016.0,010031323,E09000030,0.0,0.0,2.0,2016.0,010031323,1.0,5.0,0.0,1.0,1.0,-1,2016.0,010031323,2016,10,1,5
132433,2016010031333,538870.0,180970.0,-0.000232,51.510545,1,Slight,2,1,2016-10-28,Friday,01:44,Tower Hamlets,E09000030,3,1261,7,30.0,1,2,3,1020,,,4,1,1,0,0,1,1,E01032778,3,1,28/10/2016,28/10/2016,1,9,0,11,,1,0,0,0,0,,,1,Male,25,21 - 25,2400,2,0,2,1,,2,1,1,1,39,7,3,0,0,0,0,0,21,1,6,2016.0,010031333,E09000030,0.0,5.0,2.0,2016.0,010031333,7.0,3.0,0.0,4.0,1.0,-1,2016.0,010031333,2016,10,1,1
132436,2016010031346,544080.0,184130.0,0.076085,51.537637,1,Slight,2,1,2016-10-27,Thursday,19:29,Barking and Dagenham,E09000002,6,0,6,30.0,6,2,6,0,,,4,1,1,0,0,1,1,E01000010,3,1,27/10/2016,27/10/2016,1,9,0,18,,8,0,0,0,0,,,6,Male,33,26 - 35,1995,2,4,2,1,,1,1,1,1,33,6,3,0,0,0,0,0,9,1,2,2016.0,010031346,E09000002,0.0,5.0,2.0,2016.0,010031346,7.0,3.0,0.0,1.0,1.0,-1,2016.0,010031346,2016,10,1,19
132440,2016010031362,545280.0,183300.0,0.093034,51.529871,1,Slight,2,4,2016-10-16,Sunday,00:26,Barking and Dagenham,E09000002,3,13,6,30.0,6,2,5,0,,,4,1,1,0,0,1,3,E01000092,3,1,16/10/2016,16/10/2016,1,9,0,9,,8,0,10,1,7,,,6,Female,34,26 - 35,1896,2,13,3,1,,1,1,1,2,34,6,3,0,0,0,0,0,9,1,3,2016.0,010031362,E09000002,0.0,5.0,2.0,2016.0,010031362,7.0,5.0,0.0,3.0,1.0,-1,2016.0,010031362,2016,10,4,0
132477,2016010031529,519280.0,180880.0,-0.282416,51.514209,1,Slight,2,1,2016-10-15,Saturday,18:00,Ealing,E09000009,5,0,6,30.0,2,4,6,0,,,4,1,1,0,0,1,1,E01001350,3,1,15/10/2016,15/10/2016,1,3,0,18,,1,0,0,0,0,,,6,Female,20,16 - 20,125,1,11,2,1,,1,1,1,2,20,4,3,0,0,0,0,0,3,1,2,2016.0,010031529,E09000009,0.0,0.0,2.0,2016.0,010031529,5.0,1.0,0.0,4.0,1.0,-1,2016.0,010031529,2016,10,1,18
132486,2016010031551,548930.0,186440.0,0.146943,51.557135,1,Slight,2,2,2016-04-10,Sunday,19:30,Barking and Dagenham,E09000002,3,124,6,30.0,6,4,6,0,,,4,1,1,0,0,1,1,E01000063,3,1,04/10/2016,04/10/2016,1,9,0,9,,8,0,0,0,0,,,6,Male,24,21 - 25,999,1,1,-1,-1,,1,1,1,1,24,5,3,0,0,0,0,0,9,-1,-1,2016.0,010031551,E09000002,0.0,5.0,2.0,2016.0,010031551,6.0,4.0,0.0,4.0,1.0,-1,2016.0,010031551,2016,4,2,19
132493,2016010031571,548440.0,188890.0,0.140914,51.579278,1,Slight,2,1,2016-04-10,Sunday,19:42,Barking and Dagenham,E09000002,3,1112,6,30.0,3,4,6,0,,,4,1,1,0,0,1,1,E01000031,3,1,04/10/2016,04/10/2016,1,9,0,7,,8,0,0,0,0,,,6,Male,25,21 - 25,-1,-1,-1,-1,-1,,2,1,2,2,23,5,3,0,0,1,0,0,9,-1,-1,2016.0,010031571,E09000002,0.0,0.0,2.0,2016.0,010031571,7.0,1.0,0.0,1.0,1.0,-1,2016.0,010031571,2016,4,1,19
132500,2016010031600,550990.0,188620.0,0.177572,51.576175,1,Slight,2,1,2016-10-10,Monday,19:54,Havering,E09000016,3,125,6,30.0,1,4,3,125,,,1,1,1,0,0,1,1,E01002356,3,1,10/10/2016,10/10/2016,1,9,0,18,,2,0,10,1,10,,,6,Female,19,16 - 20,1242,1,13,2,1,,1,1,1,2,19,4,3,0,0,0,0,0,9,1,2,2016.0,010031600,E09000016,0.0,0.0,2.0,2016.0,010031600,1.0,5.0,0.0,1.0,1.0,-1,2016.0,010031600,2016,10,1,19
132512,2016010031716,548690.0,185050.0,0.142896,51.544709,1,Slight,2,1,2016-10-24,Monday,21:56,Barking and Dagenham,E09000002,5,0,6,30.0,6,4,6,0,,,4,1,1,0,0,1,1,E01000014,3,1,24/10/2016,24/10/2016,1,9,0,18,,8,0,0,0,0,,,2,Male,25,21 - 25,1299,1,15,4,1,,1,1,1,1,25,5,3,0,0,0,0,0,9,1,4,2016.0,010031716,E09000002,0.0,1.0,2.0,2016.0,010031716,4.0,8.0,0.0,1.0,1.0,-1,2016.0,010031716,2016,10,1,21
132562,2016010054160,523210.0,184670.0,-0.224483,51.547428,1,Fatal,1,2,2016-12-17,Saturday,23:30,Brent,E09000005,3,407,6,30.0,7,2,3,4003,,,4,8,2,0,0,1,1,E01000642,1,3,17/12/2016,17/12/2016,1,9,0,18,,1,2,10,1,10,,,6,Male,33,26 - 35,-1,-1,-1,-1,-1,,1,1,3,1,32,6,1,7,9,0,0,2,0,-1,-1,2016.0,010054160,E09000005,0.0,4.0,2.0,2016.0,010054160,7.0,3.0,0.0,1.0,1.0,-1,2016.0,010054160,2016,12,6,23
132569,201601BS70004,526010.0,177870.0,-0.186552,51.485697,1,Slight,2,1,2016-01-19,Tuesday,20:35,Kensington and Chelsea,E09000020,3,3220,6,30.0,0,-1,-1,-1,,,4,1,1,0,0,1,1,E01002896,3,1,19/01/2016,19/01/2016,1,3,0,18,,0,0,0,0,0,,,1,Male,20,16 - 20,125,1,5,3,1,,1,1,1,1,20,4,3,0,0,0,0,0,3,1,3,2016.0,01BS70004,E09000020,0.0,0.0,2.0,2016.0,01BS70004,8.0,4.0,0.0,3.0,1.0,-1,2016.0,01BS70004,2016,1,1,20
132580,201601BS70022,524500.0,179190.0,-0.207823,51.497895,1,Slight,2,2,2016-01-02,Saturday,19:35,Kensington and Chelsea,E09000020,3,3220,2,30.0,6,4,6,0,,,4,1,1,0,0,1,1,E01002867,3,1,01/02/2016,01/02/2016,1,8,0,18,,8,0,0,0,0,,,1,Male,22,21 - 25,1798,8,2,6,1,,1,1,1,1,22,5,3,0,0,0,0,0,8,1,6,2016.0,01BS70022,E09000020,0.0,0.0,2.0,2016.0,01BS70022,4.0,8.0,0.0,4.0,1.0,-1,2016.0,01BS70022,2016,1,2,19