,accident_index,location_easting_osgr,location_northing_osgr,longitude,latitude,police_force,accident_severity,number_of_vehicles,number_of_casualties,date,day_of_week,time,local_authority_district,local_authority_highway,first_road_class,first_road_number,road_type,speed_limit,junction_detail,junction_control,second_road_class,second_road_number,pedestrian_crossing-human_control,pedestrian_crossing-physical_facilities,light_conditions,weather_conditions,road_surface_conditions,special_conditions_at_site,carriageway_hazards,urban_or_rural_area,did_police_officer_attend_scene_of_accident,lsoa_of_accident_location,accident_severity_num,accident_severity_inv,date2,date_original,vehicle_reference_x,vehicle_type,towing_and_articulation,vehicle_manoeuvre,vehicle_location-restricted_lane,junction_location,skidding_and_overturning,hit_object_in_carriageway,vehicle_leaving_carriageway,hit_object_off_carriageway,1st_point_of_impact,was_vehicle_left_hand_drive?,journey_purpose_of_driver,sex_of_driver,age_of_driver,age_band_of_driver,engine_capacity_cc,propulsion_code,age_of_vehicle,driver_imd_decile,driver_home_area_type,vehicle_imd_decile,vehicle_reference_y,casualty_reference,casualty_class,sex_of_casualty,age_of_casualty,age_band_of_casualty,casualty_severity,pedestrian_location,pedestrian_movement,car_passenger,bus_or_coach_passenger,pedestrian_road_maintenance_worker,casualty_type,casualty_home_area_type,casualty_imd_decile,accident_year_x,accident_reference_x,local_authority_ons_district,pedestrian_crossing_human_control,pedestrian_crossing_physical_facilities,trunk_road_flag,accident_year_y,accident_reference_y,vehicle_direction_from,vehicle_direction_to,vehicle_location_restricted_lane,first_point_of_impact,vehicle_left_hand_drive,generic_make_model,accident_year,accident_reference,year,month,severity,hours
132588,201601BS70033,526180.0,177690.0,-0.184169,51.484042,1,Slight,2,1,2016-07-02,Saturday,21:35,Kensington and Chelsea,E09000020,3,308,6,30.0,6,2,3,3220,,,4,1,1,0,0,1,1,E01002912,3,1,07/02/2016,07/02/2016,1,9,0,18,,8,0,0,0,0,,,2,Male,24,21 - 25,1596,1,11,7,1,,1,1,1,1,24,5,3,0,0,0,0,0,9,1,7,2016.0,01BS70033,E09000020,0.0,5.0,2.0,2016.0,01BS70033,2.0,6.0,0.0,1.0,1.0,-1,2016.0,01BS70033,2016,7,1,21
132592,201601BS70039,527350.0,177650.0,-0.167342,51.48342,1,Slight,1,1,2016-09-02,Friday,22:40,Kensington and Chelsea,E09000020,3,3212,6,30.0,6,2,4,304,,,4,2,2,0,0,1,1,E01002844,3,1,09/02/2016,09/02/2016,1,3,0,16,,8,0,0,0,0,,,6,Male,26,26 - 35,124,1,6,7,1,,1,1,1,1,26,6,3,0,0,0,0,0,3,1,7,2016.0,01BS70039,E09000020,0.0,5.0,2.0,2016.0,01BS70039,8.0,3.0,0.0,1.0,1.0,-1,2016.0,01BS70039,2016,9,1,22
132596,201601BS70043,524970.0,180220.0,-0.200691,51.507048,1,Slight,2,1,2016-11-02,Wednesday,18:40,Kensington and Chelsea,E09000020,6,0,6,30.0,3,4,6,0,,,4,1,2,0,0,1,1,E01002828,3,1,11/02/2016,11/02/2016,1,8,0,18,,8,0,0,0,0,,,1,Male,29,26 - 35,1797,8,6,1,1,,1,1,1,1,29,6,3,0,0,0,0,0,8,1,1,2016.0,01BS70043,E09000020,0.0,0.0,2.0,2016.0,01BS70043,8.0,4.0,0.0,1.0,1.0,-1,2016.0,01BS70043,2016,11,1,18
132599,201601BS70046,526320.0,177290.0,-0.182297,51.480416,1,Slight,2,1,2016-02-13,Saturday,21:48,Kensington and Chelsea,E09000020,3,3220,6,30.0,0,-1,-1,-1,,,4,2,2,0,0,1,1,E01002843,3,1,13/02/2016,13/02/2016,1,3,0,17,,0,0,0,0,0,,,6,Male,23,21 - 25,109,1,2,1,1,,1,1,1,1,23,5,3,0,0,0,0,0,3,1,1,2016.0,01BS70046,E09000020,0.0,0.0,2.0,2016.0,01BS70046,3.0,8.0,0.0,4.0,1.0,-1,2016.0,01BS70046,2016,2,1,21
132608,201601BS70058,524520.0,181980.0,-0.20655,51.522965,1,Slight,2,1,2016-10-02,Sunday,19:45,Kensington and Chelsea,E09000020,5,0,6,30.0,3,4,5,0,,,4,1,1,0,0,1,1,E01002854,3,1,10/02/2016,10/02/2016,1,3,0,16,,2,0,0,0,0,,,6,Male,21,21 - 25,125,1,4,5,1,,1,1,1,1,21,5,3,0,0,0,0,0,3,1,5,2016.0,01BS70058,E09000020,0.0,0.0,2.0,2016.0,01BS70058,1.0,4.0,0.0,3.0,1.0,-1,2016.0,01BS70058,2016,10,1,19
132620,201601BS70074,526100.0,177270.0,-0.18547,51.480285,1,Slight,1,2,2016-02-19,Friday,23:45,Kensington and Chelsea,E09000020,3,308,6,30.0,3,4,5,0,,,4,8,2,0,0,1,2,E01002843,3,1,19/02/2016,19/02/2016,1,3,0,18,,1,0,0,0,0,,,6,Male,31,26 - 35,125,1,3,7,1,,1,1,1,1,31,6,3,0,0,0,0,0,3,1,7,2016.0,01BS70074,E09000020,0.0,1.0,2.0,2016.0,01BS70074,2.0,6.0,0.0,1.0,1.0,-1,2016.0,01BS70074,2016,2,2,23
132621,201601BS70076,524950.0,181390.0,-0.200565,51.517567,1,Slight,1,1,2016-02-27,Saturday,19:45,Kensington and Chelsea,E09000020,6,0,6,30.0,0,-1,-1,-1,,,4,1,1,0,0,1,1,E01002829,3,1,27/02/2016,27/02/2016,1,9,0,18,,0,0,0,0,0,,,6,Female,28,26 - 35,1339,8,7,-1,-1,,1,1,3,2,28,6,3,5,1,0,0,2,0,1,3,2016.0,01BS70076,E09000020,0.0,0.0,2.0,2016.0,01BS70076,1.0,5.0,0.0,1.0,1.0,-1,2016.0,01BS70076,2016,2,1,19
132623,201601BS70079,526060.0,179670.0,-0.18519,51.501863,1,Slight,2,1,2016-02-28,Sunday,02:30,Kensington and Chelsea,E09000020,3,315,6,30.0,3,4,6,0,,,4,1,1,0,0,1,1,E01002889,3,1,28/02/2016,28/02/2016,1,3,0,18,,8,0,0,0,0,,,6,Male,26,26 - 35,125,1,4,1,1,,1,1,1,1,26,6,3,0,0,0,0,0,3,1,1,2016.0,01BS70079,E09000020,0.0,0.0,2.0,2016.0,01BS70079,3.0,7.0,0.0,3.0,1.0,-1,2016.0,01BS70079,2016,2,1,2
132633,201601BS70091,526530.0,178780.0,-0.178741,51.49376,1,Slight,2,1,2016-03-03,Thursday,22:15,Kensington and Chelsea,E09000020,5,0,6,30.0,6,2,5,0,,,4,2,2,0,0,1,1,E01002835,3,1,03/03/2016,03/03/2016,1,9,0,18,,8,0,0,0,0,,,6,Male,19,16 - 20,1598,1,9,6,1,,2,1,1,1,34,6,3,0,0,0,0,0,1,-1,-1,2016.0,01BS70091,E09000020,0.0,5.0,2.0,2016.0,01BS70091,5.0,1.0,0.0,3.0,1.0,-1,2016.0,01BS70091,2016,3,1,22
132642,201601BS70104,527620.0,179520.0,-0.16278,51.500165,1,Slight,2,1,2016-11-03,Thursday,22:21,Kensington and Chelsea,E09000020,3,4,6,30.0,3,4,3,4,,,4,1,1,0,0,1,1,E01004689,3,1,11/03/2016,11/03/2016,1,9,0,3,,2,0,0,0,0,,,6,Female,21,21 - 25,1390,1,5,8,1,,1,1,2,2,21,5,3,0,0,1,0,0,9,1,7,2016.0,01BS70104,E09000020,0.0,4.0,2.0,2016.0,01BS70104,6.0,2.0,0.0,2.0,1.0,-1,2016.0,01BS70104,2016,11,1,22
132669,201601BS70134,527610.0,179140.0,-0.163062,51.496753,1,Serious,1,4,2016-03-20,Sunday,02:53,Kensington and Chelsea,E09000020,4,319,6,30.0,3,4,6,0,,,4,1,1,0,0,1,1,E01002818,2,2,20/03/2016,20/03/2016,1,9,0,16,,8,0,10,1,2,,,6,Male,17,16 - 20,4367,2,3,5,1,,1,1,1,1,17,4,3,0,0,0,0,0,9,1,5,2016.0,01BS70134,E09000020,0.0,0.0,2.0,2016.0,01BS70134,8.0,3.0,0.0,1.0,1.0,-1,2016.0,01BS70134,2016,3,8,2
132672,201601BS70137,524990.0,181300.0,-0.20002,51.51675,1,Slight,2,1,2016-03-21,Monday,18:23,Kensington and Chelsea,E09000020,6,0,6,30.0,6,4,6,0,,,4,1,1,0,0,1,1,E01002829,3,1,21/03/2016,21/03/2016,1,9,0,4,,8,0,0,0,0,,,6,Male,34,26 - 35,1598,1,9,3,1,,2,1,1,1,20,4,3,0,0,0,0,0,2,1,3,2016.0,01BS70137,E09000020,0.0,0.0,2.0,2016.0,01BS70137,5.0,1.0,0.0,2.0,1.0,-1,2016.0,01BS70137,2016,3,1,18
132673,201601BS70138,523600.0,181090.0,-0.220116,51.515168,1,Slight,2,1,2016-02-18,Thursday,00:11,Hammersmith and Fulham,E09000013,3,3220,1,30.0,1,4,3,40,,,4,1,1,0,0,1,1,E01002877,3,1,18/02/2016,18/02/2016,1,3,0,17,,8,0,0,0,0,,,6,Male,35,26 - 35,125,1,4,3,1,,1,1,1,1,35,6,3,0,0,0,0,0,3,1,3,2016.0,01BS70138,E09000013,0.0,0.0,2.0,2016.0,01BS70138,7.0,5.0,0.0,1.0,1.0,-1,2016.0,01BS70138,2016,2,1,0
132679,201601BS70146,525550.0,179190.0,-0.192704,51.497663,1,Slight,2,1,2016-03-26,Saturday,20:30,Kensington and Chelsea,E09000020,5,0,6,30.0,3,4,6,0,,,4,2,2,0,0,1,1,E01002813,3,1,26/03/2016,26/03/2016,1,3,0,13,,8,0,0,0,0,,,6,Male,26,26 - 35,108,1,2,3,1,,1,1,1,1,26,6,3,0,0,0,0,0,3,1,3,2016.0,01BS70146,E09000020,0.0,0.0,2.0,2016.0,01BS70146,5.0,1.0,0.0,1.0,1.0,-1,2016.0,01BS70146,2016,3,1,20
132683,201601BS70153,527520.0,178090.0,-0.164737,51.487336,1,Slight,2,1,2016-11-03,Thursday,22:16,Kensington and Chelsea,E09000020,6,0,2,30.0,3,4,6,0,,,4,9,1,0,0,1,1,E01002903,3,1,11/03/2016,11/03/2016,1,8,0,9,,8,0,0,0,0,,,1,Male,33,26 - 35,2143,2,5,2,1,,2,1,1,1,47,8,3,0,0,0,0,0,3,1,4,2016.0,01BS70153,E09000020,0.0,0.0,2.0,2016.0,01BS70153,2.0,8.0,0.0,2.0,1.0,-1,2016.0,01BS70153,2016,11,1,22
132692,201601BS70163,526120.0,179660.0,-0.184329,51.50176,1,Slight,2,1,2016-02-04,Thursday,19:55,Westminster,E09000033,3,315,6,30.0,3,2,4,325,,,4,2,2,0,0,1,1,E01002891,3,1,02/04/2016,02/04/2016,1,9,0,18,,1,0,0,0,0,,,6,Female,32,26 - 35,1995,2,3,6,1,,2,1,1,1,34,6,3,0,0,0,0,0,9,1,6,2016.0,01BS70163,E09000033,0.0,5.0,2.0,2016.0,01BS70163,7.0,3.0,0.0,1.0,1.0,-1,2016.0,01BS70163,2016,2,1,19
132693,201601BS70164,527260.0,177850.0,-0.168566,51.485238,1,Slight,2,1,2016-02-04,Thursday,22:00,Kensington and Chelsea,E09000020,4,304,6,30.0,0,-1,-1,-1,,,4,2,2,0,0,1,1,E01002900,3,1,02/04/2016,02/04/2016,1,8,0,18,,0,0,0,0,0,,,1,Male,26,26 - 35,1956,2,6,4,1,,2,1,1,1,-1,-1,3,0,0,0,0,0,3,-1,-1,2016.0,01BS70164,E09000020,0.0,4.0,2.0,2016.0,01BS70164,5.0,1.0,0.0,2.0,1.0,-1,2016.0,01BS70164,2016,2,1,22
132696,201601BS70167,525130.0,178710.0,-0.198922,51.493442,1,Slight,2,2,2016-05-04,Wednesday,19:04,Kensington and Chelsea,E09000020,3,4,3,30.0,3,4,4,314,,,1,1,1,0,0,1,1,E01002814,3,1,05/04/2016,05/04/2016,1,3,0,18,,8,0,0,0,0,,,1,Male,23,21 - 25,125,1,5,2,1,,1,1,1,1,23,5,3,0,0,0,0,0,3,1,2,2016.0,01BS70167,E09000020,0.0,0.0,2.0,2016.0,01BS70167,6.0,2.0,0.0,3.0,1.0,-1,2016.0,01BS70167,2016,5,2,19
132708,201601BS70181,525330.0,181100.0,-0.195194,51.514877,1,Serious,2,1,2016-11-04,Friday,19:00,Westminster,E09000033,3,4206,6,30.0,7,2,5,0,,,1,1,1,0,0,1,1,E01002886,2,2,11/04/2016,11/04/2016,1,9,0,7,,8,0,0,0,0,,,6,Male,34,26 - 35,1896,2,13,-1,-1,,2,1,1,2,27,6,2,0,0,0,0,0,1,1,1,2016.0,01BS70181,E09000033,0.0,5.0,2.0,2016.0,01BS70181,6.0,1.0,0.0,3.0,1.0,-1,2016.0,01BS70181,2016,11,2,19
132714,201601BS70192,526390.0,179630.0,-0.180452,51.50143,1,Slight,2,1,2016-04-16,Saturday,00:47,Westminster,E09000033,3,315,1,30.0,1,4,5,0,,,4,1,1,0,0,1,1,E01004688,3,1,16/04/2016,16/04/2016,1,9,0,18,,8,0,0,0,0,,,6,Female,29,26 - 35,1197,1,1,5,1,,2,1,1,1,22,5,3,0,0,0,0,0,5,1,2,2016.0,01BS70192,E09000033,0.0,0.0,2.0,2016.0,01BS70192,3.0,7.0,0.0,3.0,1.0,-1,2016.0,01BS70192,2016,4,1,0
132715,201601BS70193,524060.0,181230.0,-0.213441,51.516325,1,Slight,2,1,2016-04-14,Thursday,18:20,Kensington and Chelsea,E09000020,6,0,6,30.0,9,4,6,0,,,1,1,1,0,0,1,1,E01002878,3,1,14/04/2016,14/04/2016,1,3,0,13,,1,0,0,0,0,,,2,Male,27,26 - 35,125,1,4,1,1,,1,1,1,1,27,6,3,0,0,0,0,0,3,1,1,2016.0,01BS70193,E09000020,0.0,0.0,2.0,2016.0,01BS70193,1.0,5.0,0.0,1.0,1.0,-1,2016.0,01BS70193,2016,4,1,18
132736,201601BS70217,524210.0,179900.0,-0.211749,51.50434,1,Slight,1,2,2016-03-01,Tuesday,21:30,Kensington and Chelsea,E09000020,5,0,6,30.0,0,-1,-1,-1,,,4,2,2,0,0,1,1,E01002869,3,1,03/01/2016,03/01/2016,1,9,0,18,,0,1,0,0,0,,,6,Female,26,26 - 35,1242,1,15,4,1,,1,1,2,2,66,10,3,0,0,1,0,0,9,1,4,2016.0,01BS70217,E09000020,0.0,0.0,2.0,2016.0,01BS70217,8.0,4.0,0.0,1.0,1.0,-1,2016.0,01BS70217,2016,3,2,21
132742,201601BS70224,525580.0,178180.0,-0.192631,51.488579,1,Slight,2,1,2016-02-01,Monday,21:25,Kensington and Chelsea,E09000020,3,3220,3,30.0,6,2,3,3218,,,4,1,2,0,0,1,1,E01002849,3,1,02/01/2016,02/01/2016,1,9,0,9,,8,0,0,0,0,,,6,Male,29,26 - 35,1995,2,1,10,1,,2,1,1,1,25,5,3,0,0,0,0,0,3,1,7,2016.0,01BS70224,E09000020,0.0,5.0,2.0,2016.0,01BS70224,2.0,8.0,0.0,1.0,1.0,-1,2016.0,01BS70224,2016,2,1,21
132759,201601BS70242,526690.0,178210.0,-0.176642,51.488601,1,Slight,1,1,2016-04-29,Friday,20:47,Kensington and Chelsea,E09000020,3,308,6,30.0,6,4,6,0,,,4,1,1,0,0,1,1,E01002910,3,1,29/04/2016,29/04/2016,1,4,0,18,,2,0,0,0,0,,,6,Male,35,26 - 35,-1,-1,-1,4,1,,1,1,3,2,87,11,3,2,3,0,0,2,0,1,6,2016.0,01BS70242,E09000020,0.0,1.0,2.0,2016.0,01BS70242,2.0,6.0,0.0,1.0,1.0,-1,2016.0,01BS70242,2016,4,1,20
132762,201601BS70245,526190.0,177450.0,-0.184111,51.481883,1,Slight,3,1,2016-02-05,Friday,00:15,Kensington and Chelsea,E09000020,3,3220,2,30.0,3,4,6,0,,,4,1,1,0,0,1,1,E01002913,3,1,02/05/2016,02/05/2016,1,5,0,12,,8,0,0,0,0,,,6,Male,29,26 - 35,-1,-1,-1,4,1,,1,1,1,1,29,6,3,0,0,0,0,0,5,1,4,2016.0,01BS70245,E09000020,0.0,0.0,2.0,2016.0,01BS70245,4.0,8.0,0.0,1.0,1.0,-1,2016.0,01BS70245,2016,2,1,0
132766,201601BS70250,524300.0,181320.0,-0.209952,51.517082,1,Slight,2,1,2016-02-05,Friday,18:34,Kensington and Chelsea,E09000020,4,450,6,30.0,0,-1,-1,-1,,,1,1,1,0,0,1,1,E01002831,3,1,02/05/2016,02/05/2016,1,9,0,12,,0,0,0,0,0,,,6,Female,32,26 - 35,1596,1,16,1,1,,2,1,1,1,24,5,3,0,0,0,0,0,3,1,4,2016.0,01BS70250,E09000020,0.0,5.0,2.0,2016.0,01BS70250,8.0,4.0,0.0,3.0,1.0,-1,2016.0,01BS70250,2016,2,1,18
132779,201601BS70267,525350.0,178650.0,-0.195776,51.492854,1,Slight,1,1,2016-07-05,Tuesday,21:31,Kensington and Chelsea,E09000020,6,0,6,30.0,6,4,6,0,,,4,1,1,0,0,1,1,E01002851,3,1,07/05/2016,07/05/2016,1,9,0,18,,8,0,0,0,0,,,6,Male,23,21 - 25,1598,1,1,2,1,,1,1,3,1,60,9,3,5,1,0,0,2,0,-1,-1,2016.0,01BS70267,E09000020,0.0,0.0,2.0,2016.0,01BS70267,6.0,2.0,0.0,1.0,1.0,-1,2016.0,01BS70267,2016,7,1,21
132780,201601BS70268,527720.0,179650.0,-0.161293,51.501311,1,Serious,1,1,2016-07-05,Tuesday,22:46,Kensington and Chelsea,E09000020,3,4,6,30.0,0,-1,-1,-1,,,4,1,1,0,0,1,1,E01002818,2,2,07/05/2016,07/05/2016,1,9,0,18,,0,0,0,0,0,,,6,Male,24,21 - 25,-1,-1,-1,7,1,,1,1,3,1,59,9,2,5,1,0,0,2,0,1,6,2016.0,01BS70268,E09000020,0.0,0.0,2.0,2016.0,01BS70268,2.0,6.0,0.0,1.0,1.0,-1,2016.0,01BS70268,2016,7,2,22
132796,201601BS70285,524110.0,182330.0,-0.212334,51.5262,1,Slight,3,1,2016-05-13,Friday,18:10,Kensington and Chelsea,E09000020,5,0,6,30.0,3,4,6,0,,,1,1,1,0,0,1,1,E01002852,3,1,13/05/2016,13/05/2016,1,8,0,2,,8,0,0,0,0,,,6,Male,32,26 - 35,1997,2,6,2,1,,3,1,1,1,30,6,3,0,0,0,0,0,3,1,1,2016.0,01BS70285,E09000020,0.0,0.0,2.0,2016.0,01BS70285,0.0,0.0,0.0,0.0,1.0,-1,2016.0,01BS70285,2016,5,1,18
132808,201601BS70301,526500.0,179640.0,-0.178865,51.501495,1,Slight,2,1,2016-05-24,Tuesday,18:45,Westminster,E09000033,3,315,6,30.0,0,-1,-1,-1,,,1,1,1,0,0,1,1,E01004688,3,1,24/05/2016,24/05/2016,1,3,0,18,,0,0,10,0,0,,,1,Female,21,21 - 25,125,1,6,1,1,,1,1,1,2,21,5,3,0,0,0,0,0,3,1,1,2016.0,01BS70301,E09000033,0.0,0.0,2.0,2016.0,01BS70301,7.0,3.0,0.0,4.0,1.0,-1,2016.0,01BS70301,2016,5,1,18
132822,201601BS70315,523770.0,180980.0,-0.217706,51.514142,1,Slight,2,1,2016-05-28,Saturday,20:10,Kensington and Chelsea,E09000020,6,0,6,30.0,3,4,6,0,,,4,1,1,0,0,1,1,E01002880,3,1,28/05/2016,28/05/2016,1,3,0,14,,8,0,0,0,0,,,6,Male,20,16 - 20,-1,-1,-1,1,1,,1,1,1,1,20,4,3,0,0,0,0,0,3,1,1,2016.0,01BS70315,E09000020,0.0,0.0,2.0,2016.0,01BS70315,1.0,5.0,0.0,1.0,1.0,-1,2016.0,01BS70315,2016,5,1,20
132823,201601BS70316,526230.0,178900.0,-0.183017,51.494905,1,Slight,1,1,2016-05-29,Sunday,19:25,Kensington and Chelsea,E09000020,3,4,6,30.0,6,2,4,325,,,4,1,1,0,0,1,1,E01002835,3,1,29/05/2016,29/05/2016,1,9,0,18,,8,0,0,0,0,,,6,Male,19,16 - 20,2597,1,14,7,1,,1,1,3,2,28,6,3,1,1,0,0,2,0,1,4,2016.0,01BS70316,E09000020,0.0,5.0,2.0,2016.0,01BS70316,3.0,7.0,0.0,0.0,1.0,-1,2016.0,01BS70316,2016,5,1,19
132839,201601BS70336,525420.0,178690.0,-0.194754,51.493198,1,Serious,1,1,2016-04-06,Wednesday,00:05,Kensington and Chelsea,E09000020,3,3220,6,30.0,3,4,6,0,,,4,1,1,4,0,1,1,E01002851,2,2,04/06/2016,04/06/2016,1,3,0,18,,8,1,10,7,1,,,1,Male,21,21 - 25,124,1,3,1,1,,1,1,1,1,21,5,2,0,0,0,0,0,3,1,1,2016.0,01BS70336,E09000020,0.0,0.0,2.0,2016.0,01BS70336,8.0,4.0,5.0,1.0,1.0,-1,2016.0,01BS70336,2016,4,2,0
132842,201601BS70342,526840.0,177810.0,-0.174626,51.484973,1,Slight,2,1,2016-05-22,Sunday,21:30,Kensington and Chelsea,E09000020,3,3217,6,30.0,3,4,6,0,,,4,1,1,0,0,1,2,E01002845,3,1,22/05/2016,22/05/2016,1,3,0,18,,8,0,0,0,0,,,6,Male,22,21 - 25,125,1,10,2,1,,1,1,1,1,22,5,3,0,0,0,0,0,3,1,2,2016.0,01BS70342,E09000020,0.0,0.0,2.0,2016.0,01BS70342,2.0,6.0,0.0,4.0,1.0,-1,2016.0,01BS70342,2016,5,1,21
132845,201601BS70346,528120.0,178340.0,-0.156009,51.489448,1,Serious,2,1,2016-06-06,Monday,18:52,Kensington and Chelsea,E09000020,3,3216,6,30.0,6,2,4,302,,,1,1,1,0,0,1,1,E01002902,2,2,06/06/2016,06/06/2016,1,9,0,18,,8,0,0,0,0,,,2,Male,31,26 - 35,1461,2,0,10,1,,2,1,1,1,-1,-1,2,0,0,0,0,0,1,-1,-1,2016.0,01BS70346,E09000020,0.0,5.0,2.0,2016.0,01BS70346,4.0,8.0,0.0,1.0,1.0,-1,2016.0,01BS70346,2016,6,2,18
132851,201601BS70354,527060.0,178610.0,-0.171171,51.492113,1,Serious,2,1,2016-12-06,Tuesday,18:18,Kensington and Chelsea,E09000020,3,308,6,30.0,3,4,6,0,,,1,1,1,0,0,1,1,E01002823,2,2,12/06/2016,12/06/2016,1,9,0,7,,8,0,0,0,0,,,6,Male,23,21 - 25,1995,2,7,6,1,,2,1,1,1,30,6,2,0,0,0,0,0,3,1,7,2016.0,01BS70354,E09000020,0.0,0.0,2.0,2016.0,01BS70354,6.0,8.0,0.0,4.0,1.0,-1,2016.0,01BS70354,2016,12,2,18
132854,201601BS70358,527480.0,177660.0,-0.165468,51.483481,1,Slight,1,3,2016-06-14,Tuesday,00:37,Kensington and Chelsea,E09000020,3,3212,6,30.0,0,-1,-1,-1,,,4,2,2,0,0,1,1,E01002900,3,1,14/06/2016,14/06/2016,1,9,0,18,,0,1,10,1,4,,,6,Female,33,26 - 35,1198,1,2,-1,-1,,1,1,1,2,33,6,3,0,0,0,0,0,9,-1,-1,2016.0,01BS70358,E09000020,0.0,0.0,2.0,2016.0,01BS70358,7.0,3.0,0.0,1.0,1.0,-1,2016.0,01BS70358,2016,6,3,0
132858,201601BS70363,525740.0,178270.0,-0.190296,51.489352,1,Slight,2,1,2016-06-14,Tuesday,23:25,Kensington and Chelsea,E09000020,3,3218,6,30.0,6,2,3,3220,,,4,1,1,0,0,1,1,E01002894,3,1,14/06/2016,14/06/2016,1,3,0,18,,8,1,0,0,0,,,1,Male,25,21 - 25,108,1,0,5,1,,1,1,1,1,25,5,3,0,0,0,0,0,3,1,5,2016.0,01BS70363,E09000020,0.0,5.0,2.0,2016.0,01BS70363,2.0,6.0,0.0,1.0,1.0,-1,2016.0,01BS70363,2016,6,1,23
132869,201601BS70374,527890.0,179190.0,-0.159012,51.497139,1,Slight,2,1,2016-06-18,Saturday,01:30,Kensington and Chelsea,E09000020,3,3216,6,30.0,6,2,4,319,,,4,1,1,0,0,1,1,E01002863,3,1,18/06/2016,18/06/2016,1,9,0,18,,8,0,0,0,0,,,6,Male,35,26 - 35,1995,2,1,9,2,,2,1,1,1,36,7,3,0,0,0,0,0,9,1,3,2016.0,01BS70374,E09000020,0.0,5.0,2.0,2016.0,01BS70374,1.0,5.0,0.0,1.0,1.0,-1,2016.0,01BS70374,2016,6,1,1
132872,201601BS70378,527580.0,177690.0,-0.164017,51.483728,1,Slight,2,1,2016-06-20,Monday,18:00,Kensington and Chelsea,E09000020,3,3212,6,30.0,3,2,4,302,,,1,1,1,0,0,1,1,E01002900,3,1,20/06/2016,20/06/2016,1,9,0,11,,8,0,0,0,0,,,6,Male,35,26 - 35,1796,1,6,2,1,,2,1,1,2,37,7,3,0,0,0,0,0,1,1,4,2016.0,01BS70378,E09000020,0.0,5.0,2.0,2016.0,01BS70378,1.0,6.0,0.0,4.0,1.0,-1,2016.0,01BS70378,2016,6,1,18
132886,201601BS70393,525350.0,178830.0,-0.195712,51.494472,1,Slight,3,1,2016-06-19,Sunday,21:40,Kensington and Chelsea,E09000020,3,4,3,30.0,6,2,3,3220,,,4,2,2,0,0,1,1,E01002815,3,1,19/06/2016,19/06/2016,1,3,0,17,,8,0,0,0,0,,,6,Male,26,26 - 35,125,1,6,1,1,,1,1,1,1,26,6,3,0,0,0,0,0,3,1,1,2016.0,01BS70393,E09000020,0.0,5.0,2.0,2016.0,01BS70393,6.0,3.0,0.0,2.0,1.0,-1,2016.0,01BS70393,2016,6,1,21
132890,201601BS70398,524250.0,181440.0,-0.21063,51.518171,1,Slight,2,1,2016-06-30,Thursday,18:30,Kensington and Chelsea,E09000020,4,450,6,30.0,6,4,4,412,,,1,1,1,0,0,1,1,E01002878,3,1,30/06/2016,30/06/2016,1,8,0,9,,8,0,0,0,0,,,6,Male,34,26 - 35,-1,-1,-1,4,1,,2,1,1,1,29,6,3,0,0,0,0,0,3,1,1,2016.0,01BS70398,E09000020,0.0,1.0,2.0,2016.0,01BS70398,8.0,6.0,0.0,3.0,1.0,-1,2016.0,01BS70398,2016,6,1,18
132901,201601BS70410,528480.0,177920.0,-0.150979,51.485591,1,Slight,2,1,2016-06-30,Thursday,20:02,Kensington and Chelsea,E09000020,3,3212,6,30.0,0,-1,-1,-1,,,1,1,1,0,0,1,1,E01002901,3,1,30/06/2016,30/06/2016,1,3,0,15,,0,1,4,0,0,,,6,Male,28,26 - 35,-1,-1,-1,7,1,,1,1,1,1,28,6,3,0,0,0,0,0,3,1,7,2016.0,01BS70410,E09000020,0.0,0.0,2.0,2016.0,01BS70410,7.0,3.0,0.0,1.0,1.0,-1,2016.0,01BS70410,2016,6,1,20
132906,201601BS70416,523970.0,179960.0,-0.215184,51.504931,1,Slight,1,1,2016-05-07,Saturday,01:14,Kensington and Chelsea,E09000020,3,402,6,30.0,3,4,5,0,,,4,1,1,0,0,1,1,E01002873,3,1,05/07/2016,05/07/2016,1,9,0,18,,2,0,10,7,2,,,6,Male,19,16 - 20,1995,1,7,5,1,,1,1,1,1,19,4,3,0,0,0,0,0,9,1,5,2016.0,01BS70416,E09000020,0.0,5.0,2.0,2016.0,01BS70416,6.0,2.0,0.0,1.0,1.0,-1,2016.0,01BS70416,2016,5,1,1
132909,201601BS70420,528130.0,178350.0,-0.155861,51.489535,1,Slight,2,1,2016-05-07,Saturday,18:20,Kensington and Chelsea,E09000020,3,3216,6,30.0,6,2,3,3214,,,1,1,1,0,0,1,1,E01002902,3,1,05/07/2016,05/07/2016,1,4,0,18,,8,0,0,0,0,,,6,Male,26,26 - 35,250,1,3,2,1,,1,1,1,1,26,6,3,0,0,0,0,0,4,1,2,2016.0,01BS70420,E09000020,0.0,5.0,2.0,2016.0,01BS70420,8.0,4.0,0.0,1.0,1.0,-1,2016.0,01BS70420,2016,5,1,18