,accident_index,location_easting_osgr,location_northing_osgr,longitude,latitude,police_force,accident_severity,number_of_vehicles,number_of_casualties,date,day_of_week,time,local_authority_district,local_authority_highway,first_road_class,first_road_number,road_type,speed_limit,junction_detail,junction_control,second_road_class,second_road_number,pedestrian_crossing-human_control,pedestrian_crossing-physical_facilities,light_conditions,weather_conditions,road_surface_conditions,special_conditions_at_site,carriageway_hazards,urban_or_rural_area,did_police_officer_attend_scene_of_accident,lsoa_of_accident_location,accident_severity_num,accident_severity_inv,date2,date_original,vehicle_reference_x,vehicle_type,towing_and_articulation,vehicle_manoeuvre,vehicle_location-restricted_lane,junction_location,skidding_and_overturning,hit_object_in_carriageway,vehicle_leaving_carriageway,hit_object_off_carriageway,1st_point_of_impact,was_vehicle_left_hand_drive?,journey_purpose_of_driver,sex_of_driver,age_of_driver,age_band_of_driver,engine_capacity_cc,propulsion_code,age_of_vehicle,driver_imd_decile,driver_home_area_type,vehicle_imd_decile,vehicle_reference_y,casualty_reference,casualty_class,sex_of_casualty,age_of_casualty,age_band_of_casualty,casualty_severity,pedestrian_location,pedestrian_movement,car_passenger,bus_or_coach_passenger,pedestrian_road_maintenance_worker,casualty_type,casualty_home_area_type,casualty_imd_decile,accident_year_x,accident_reference_x,local_authority_ons_district,pedestrian_crossing_human_control,pedestrian_crossing_physical_facilities,trunk_road_flag,accident_year_y,accident_reference_y,vehicle_direction_from,vehicle_direction_to,vehicle_location_restricted_lane,first_point_of_impact,vehicle_left_hand_drive,generic_make_model,accident_year,accident_reference,year,month,severity,hours
132916,201601BS70431,524760.0,181910.0,-0.203117,51.522283,1,Serious,2,1,2016-11-07,Monday,23:25,Kensington and Chelsea,E09000020,5,0,6,30.0,0,-1,-1,-1,,,4,1,1,0,0,1,1,E01002854,2,2,11/07/2016,11/07/2016,1,3,0,13,,0,0,0,0,0,,,6,Male,17,16 - 20,-1,-1,-1,1,1,,1,1,1,1,17,4,2,0,0,0,0,0,3,1,1,2016.0,01BS70431,E09000020,0.0,0.0,2.0,2016.0,01BS70431,7.0,3.0,0.0,1.0,1.0,-1,2016.0,01BS70431,2016,11,2,23
132930,201601BS70448,525000.0,180380.0,-0.200202,51.508479,1,Slight,2,1,2016-07-17,Sunday,22:25,Kensington and Chelsea,E09000020,3,402,6,30.0,0,-1,-1,-1,,,4,1,1,0,0,1,1,E01002828,3,1,17/07/2016,17/07/2016,1,3,0,17,,0,0,0,0,0,,,6,Male,30,26 - 35,108,1,3,5,1,,1,1,1,1,30,6,3,0,0,0,0,0,3,1,5,2016.0,01BS70448,E09000020,0.0,5.0,2.0,2016.0,01BS70448,6.0,4.0,0.0,2.0,1.0,-1,2016.0,01BS70448,2016,7,1,22
132951,201601BS70472,523720.0,181390.0,-0.218283,51.517838,1,Serious,2,1,2016-07-29,Friday,01:45,Kensington and Chelsea,E09000020,6,0,6,30.0,3,4,6,0,,,4,2,2,0,0,1,1,E01002877,2,2,29/07/2016,29/07/2016,1,9,0,10,,8,0,0,0,0,,,6,Male,32,26 - 35,2143,2,4,3,1,,2,1,1,1,16,4,2,0,0,0,0,0,3,-1,-1,2016.0,01BS70472,E09000020,0.0,0.0,2.0,2016.0,01BS70472,4.0,2.0,0.0,2.0,1.0,-1,2016.0,01BS70472,2016,7,2,1
132971,201601BS70498,525940.0,177790.0,-0.187588,51.484994,1,Serious,2,1,2016-07-08,Friday,00:52,Kensington and Chelsea,E09000020,3,3220,2,30.0,6,4,6,0,,,4,1,1,0,0,1,1,E01002897,2,2,07/08/2016,07/08/2016,1,5,0,18,,2,0,0,0,0,,,6,Male,23,21 - 25,-1,-1,-1,4,1,,1,1,1,1,23,5,2,0,0,0,0,0,5,1,4,2016.0,01BS70498,E09000020,0.0,0.0,2.0,2016.0,01BS70498,4.0,8.0,0.0,1.0,1.0,-1,2016.0,01BS70498,2016,7,2,0
132977,201601BS70505,526920.0,177490.0,-0.173589,51.482079,1,Slight,2,2,2016-03-08,Tuesday,23:35,Kensington and Chelsea,E09000020,3,3220,6,30.0,6,2,3,3220,,,4,1,1,0,0,1,1,E01002840,3,1,03/08/2016,03/08/2016,1,5,0,18,,8,0,0,0,0,,,6,Male,32,26 - 35,599,1,7,5,1,,1,1,1,1,32,6,3,0,0,0,0,0,5,1,5,2016.0,01BS70505,E09000020,0.0,5.0,2.0,2016.0,01BS70505,2.0,6.0,0.0,1.0,1.0,-1,2016.0,01BS70505,2016,3,2,23
132988,201601BS70521,527390.0,179300.0,-0.166172,51.49824,1,Slight,1,1,2016-08-21,Sunday,22:05,Kensington and Chelsea,E09000020,3,4,6,30.0,3,2,4,319,,,4,8,2,0,0,1,1,E01002819,3,1,21/08/2016,21/08/2016,1,5,0,18,,8,0,0,0,0,,,6,Male,32,26 - 35,-1,-1,-1,4,1,,1,1,3,2,-1,-1,3,1,3,0,0,2,0,1,8,2016.0,01BS70521,E09000020,0.0,5.0,2.0,2016.0,01BS70521,6.0,2.0,0.0,1.0,1.0,-1,2016.0,01BS70521,2016,8,1,22
132990,201601BS70523,526940.0,177470.0,-0.173308,51.481895,1,Slight,2,1,2016-08-21,Sunday,20:45,Kensington and Chelsea,E09000020,3,3220,6,30.0,6,2,3,3220,,,4,1,1,0,0,1,1,E01002840,3,1,21/08/2016,21/08/2016,1,8,0,4,,1,0,0,0,0,,,1,Male,35,26 - 35,1997,2,4,2,1,,2,1,1,2,23,5,3,0,0,0,0,0,9,1,5,2016.0,01BS70523,E09000020,0.0,5.0,2.0,2016.0,01BS70523,4.0,8.0,0.0,2.0,1.0,-1,2016.0,01BS70523,2016,8,1,20
132992,201601BS70526,524360.0,181190.0,-0.209134,51.5159,1,Slight,2,1,2016-08-17,Wednesday,23:00,Kensington and Chelsea,E09000020,4,450,6,30.0,6,2,5,0,,,4,1,1,0,0,1,2,E01002874,3,1,17/08/2016,17/08/2016,1,3,0,18,,8,0,0,0,0,,,6,Male,25,21 - 25,124,1,1,2,1,,1,1,1,1,25,5,3,0,0,0,0,0,3,1,2,2016.0,01BS70526,E09000020,0.0,5.0,2.0,2016.0,01BS70526,4.0,8.0,0.0,1.0,1.0,-1,2016.0,01BS70526,2016,8,1,23
132997,201601BS70531,526990.0,178540.0,-0.172204,51.4915,1,Slight,2,2,2016-11-08,Tuesday,23:47,Kensington and Chelsea,E09000020,3,308,6,30.0,6,4,4,304,,,4,1,1,0,0,1,1,E01002914,3,1,11/08/2016,11/08/2016,1,9,0,18,,1,0,0,0,0,,,6,Male,28,26 - 35,1984,1,1,3,1,,1,1,1,1,28,6,3,0,0,0,0,0,9,1,3,2016.0,01BS70531,E09000020,0.0,0.0,2.0,2016.0,01BS70531,6.0,2.0,0.0,1.0,1.0,-1,2016.0,01BS70531,2016,11,2,23
133022,201601CW10010,525790.0,181200.0,-0.188532,51.515674,1,Slight,2,1,2016-01-19,Tuesday,20:10,Westminster,E09000033,4,411,6,30.0,6,4,3,4206,,,4,1,1,0,0,1,1,E01004699,3,1,19/01/2016,19/01/2016,1,9,0,9,,8,0,0,0,0,,,6,Male,25,21 - 25,2148,2,13,6,1,,2,1,1,1,30,6,3,0,0,0,0,0,3,1,1,2016.0,01CW10010,E09000033,0.0,0.0,2.0,2016.0,01CW10010,4.0,2.0,0.0,3.0,1.0,-1,2016.0,01CW10010,2016,1,1,20
133050,201601CW10043,527440.0,179340.0,-0.165437,51.498588,1,Slight,2,1,2016-01-26,Tuesday,20:30,Kensington and Chelsea,E09000020,3,4,6,30.0,3,4,3,4,,,4,2,2,0,0,1,1,E01002819,3,1,26/01/2016,26/01/2016,1,9,0,9,,8,0,0,0,0,,,6,Male,27,26 - 35,-1,-1,-1,7,1,,2,1,1,1,27,6,3,0,0,0,0,0,2,1,7,2016.0,01CW10043,E09000020,0.0,4.0,2.0,2016.0,01CW10043,2.0,8.0,0.0,4.0,2.0,-1,2016.0,01CW10043,2016,1,1,20
133052,201601CW10045,529150.0,181260.0,-0.140113,51.515455,1,Slight,2,1,2016-01-27,Wednesday,18:15,Westminster,E09000033,3,40,6,30.0,3,4,6,0,,,4,2,2,0,0,1,1,E01033595,3,1,27/01/2016,27/01/2016,1,9,0,13,,1,0,0,0,0,,,6,Male,20,16 - 20,1995,2,1,2,1,,2,1,1,2,25,5,3,0,0,0,0,0,1,2,4,2016.0,01CW10045,E09000033,0.0,5.0,2.0,2016.0,01CW10045,3.0,7.0,0.0,4.0,1.0,-1,2016.0,01CW10045,2016,1,1,18
133058,201601CW10051,528900.0,180490.0,-0.143996,51.508592,1,Slight,2,1,2016-01-17,Sunday,21:00,Westminster,E09000033,5,0,6,30.0,0,-1,-1,-1,,,4,1,1,0,0,1,2,E01004761,3,1,17/01/2016,17/01/2016,1,8,0,4,,0,0,0,0,0,,,6,Male,24,21 - 25,1339,8,6,1,1,,1,1,1,1,24,5,3,0,0,0,0,0,8,1,1,2016.0,01CW10051,E09000033,0.0,0.0,2.0,2016.0,01CW10051,4.0,8.0,0.0,1.0,1.0,-1,2016.0,01CW10051,2016,1,1,21
133074,201601CW10071,529940.0,179210.0,-0.129489,51.496851,1,Slight,2,2,2016-03-02,Wednesday,23:00,Westminster,E09000033,4,326,6,30.0,6,2,6,0,,,4,1,1,0,0,1,1,E01004733,3,1,03/02/2016,03/02/2016,1,3,0,9,,8,0,0,0,0,,,6,Female,20,16 - 20,125,1,1,3,1,,1,1,1,2,20,4,3,0,0,0,0,0,3,1,3,2016.0,01CW10071,E09000033,0.0,5.0,2.0,2016.0,01CW10071,5.0,3.0,0.0,4.0,1.0,-1,2016.0,01CW10071,2016,3,2,23
133075,201601CW10073,526480.0,182330.0,-0.178188,51.525675,1,Slight,2,1,2016-01-14,Thursday,03:00,Westminster,E09000033,3,5,6,30.0,6,2,3,5205,,,4,8,2,0,0,1,1,E01004728,3,1,14/01/2016,14/01/2016,1,3,0,7,,8,0,0,0,0,,,6,Male,21,21 - 25,124,1,8,6,1,,1,1,1,1,21,5,3,0,0,0,0,0,3,1,6,2016.0,01CW10073,E09000033,0.0,5.0,2.0,2016.0,01CW10073,8.0,2.0,0.0,1.0,1.0,-1,2016.0,01CW10073,2016,1,1,3
133089,201601CW10089,525160.0,182250.0,-0.197234,51.52525,1,Slight,2,1,2016-07-01,Friday,21:58,Westminster,E09000033,5,0,6,30.0,6,2,5,0,,,4,2,2,0,0,1,1,E01004675,3,1,07/01/2016,07/01/2016,1,9,0,6,,1,0,0,0,0,,,6,Female,24,21 - 25,1461,2,1,1,1,,2,1,1,1,20,4,3,0,0,0,0,0,3,1,5,2016.0,01CW10089,E09000033,0.0,5.0,2.0,2016.0,01CW10089,2.0,2.0,0.0,3.0,1.0,-1,2016.0,01CW10089,2016,7,1,21
133095,201601CW10095,524320.0,182390.0,-0.209287,51.526694,1,Serious,2,1,2016-01-28,Thursday,21:30,Westminster,E09000033,3,404,6,30.0,0,-1,-1,-1,,,4,8,2,0,0,1,1,E01004721,2,2,28/01/2016,28/01/2016,1,3,0,17,,0,0,0,0,0,,,6,Male,20,16 - 20,-1,-1,-1,3,1,,1,1,1,1,20,4,2,0,0,0,0,0,3,1,3,2016.0,01CW10095,E09000033,0.0,0.0,2.0,2016.0,01CW10095,7.0,4.0,0.0,1.0,1.0,-1,2016.0,01CW10095,2016,1,2,21
133105,201601CW10106,528840.0,182200.0,-0.144235,51.523974,1,Slight,3,1,2016-11-02,Wednesday,18:10,Westminster,E09000033,3,501,6,30.0,6,2,3,4201,,,4,1,1,0,0,1,1,E01000946,3,1,11/02/2016,11/02/2016,1,5,0,4,,8,0,0,0,0,,,6,Male,28,26 - 35,599,1,5,-1,-1,,1,1,1,1,28,6,3,0,0,0,0,0,5,-1,-1,2016.0,01CW10106,E09000033,0.0,5.0,2.0,2016.0,01CW10106,3.0,7.0,0.0,1.0,1.0,-1,2016.0,01CW10106,2016,11,1,18
133109,201601CW10110,527590.0,182400.0,-0.162171,51.526055,1,Slight,2,1,2016-02-15,Monday,06:00,Westminster,E09000033,3,41,6,30.0,0,-1,-1,-1,,,1,1,1,0,0,1,1,E01004727,3,1,15/02/2016,15/02/2016,1,9,0,18,,0,0,0,0,0,,,6,Male,25,21 - 25,1796,1,6,3,1,,1,1,1,1,25,5,3,0,0,0,0,0,9,1,3,2016.0,01CW10110,E09000033,0.0,5.0,2.0,2016.0,01CW10110,8.0,4.0,0.0,3.0,1.0,-1,2016.0,01CW10110,2016,2,1,6
133110,201601CW10111,525900.0,182920.0,-0.186334,51.531107,1,Slight,2,1,2016-02-13,Saturday,20:40,Westminster,E09000033,6,0,6,30.0,0,-1,-1,-1,,,4,1,1,0,0,1,1,E01004711,3,1,13/02/2016,13/02/2016,1,9,0,2,,0,0,0,0,0,,,6,Male,22,21 - 25,-1,-1,-1,2,1,,1,1,1,1,22,5,3,0,0,0,0,0,9,1,2,2016.0,01CW10111,E09000033,0.0,0.0,2.0,2016.0,01CW10111,0.0,0.0,0.0,3.0,1.0,-1,2016.0,01CW10111,2016,2,1,20
133113,201601CW10115,525410.0,181120.0,-0.194034,51.515039,1,Slight,2,1,2016-02-13,Saturday,19:45,Westminster,E09000033,3,4206,6,30.0,6,4,6,0,,,4,2,2,0,0,1,1,E01004654,3,1,13/02/2016,13/02/2016,1,9,0,9,,8,0,0,0,0,,,6,Male,28,26 - 35,2143,2,2,6,1,,2,1,1,1,37,7,3,0,0,0,0,0,3,1,1,2016.0,01CW10115,E09000033,0.0,4.0,2.0,2016.0,01CW10115,6.0,4.0,0.0,1.0,1.0,-1,2016.0,01CW10115,2016,2,1,19
133126,201601CW10129,525750.0,181650.0,-0.188948,51.519727,1,Slight,1,1,2016-02-18,Thursday,00:36,Westminster,E09000033,3,404,6,30.0,3,2,4,411,,,4,5,2,0,0,1,1,E01004757,3,1,18/02/2016,18/02/2016,1,9,0,18,,8,0,0,0,0,,,6,Male,20,16 - 20,-1,-1,-1,2,1,,1,1,3,1,21,5,3,1,2,0,0,2,0,-1,-1,2016.0,01CW10129,E09000033,0.0,5.0,2.0,2016.0,01CW10129,7.0,3.0,0.0,1.0,1.0,-1,2016.0,01CW10129,2016,2,1,0
133134,201601CW10139,528410.0,181090.0,-0.150834,51.514096,1,Slight,1,1,2016-02-19,Friday,21:44,Westminster,E09000033,3,40,6,30.0,3,4,6,0,,,4,1,1,0,0,1,1,E01004762,3,1,19/02/2016,19/02/2016,1,9,0,18,,8,0,0,0,0,,,6,Male,34,26 - 35,1798,8,2,-1,-1,,1,1,3,1,13,3,3,5,1,0,0,2,0,-1,-1,2016.0,01CW10139,E09000033,0.0,0.0,2.0,2016.0,01CW10139,3.0,7.0,0.0,1.0,1.0,-1,2016.0,01CW10139,2016,2,1,21
133142,201601CW10147,528340.0,179990.0,-0.152242,51.504226,1,Slight,2,1,2016-02-21,Sunday,20:38,Westminster,E09000033,3,4202,3,30.0,3,4,3,4202,,,4,1,1,0,0,1,1,E01004689,3,1,21/02/2016,21/02/2016,1,8,0,17,,8,0,0,0,0,,,6,Male,35,26 - 35,2499,2,3,9,1,,2,1,1,1,21,5,3,0,0,0,0,0,3,1,2,2016.0,01CW10147,E09000033,0.0,0.0,2.0,2016.0,01CW10147,4.0,1.0,0.0,4.0,1.0,-1,2016.0,01CW10147,2016,2,1,20
133149,201601CW10157,529430.0,177900.0,-0.137312,51.485195,1,Slight,2,1,2016-02-22,Monday,20:17,Westminster,E09000033,3,3212,6,30.0,3,4,3,3212,,,4,1,1,0,0,1,1,E01004738,3,1,22/02/2016,22/02/2016,1,9,0,6,,8,0,0,0,0,,,6,Male,34,26 - 35,-1,-1,-1,9,2,,2,1,1,1,36,7,3,0,0,0,0,0,3,1,3,2016.0,01CW10157,E09000033,0.0,1.0,2.0,2016.0,01CW10157,3.0,3.0,0.0,2.0,1.0,-1,2016.0,01CW10157,2016,2,1,20
133162,201601CW10171,530410.0,180300.0,-0.12232,51.506539,1,Slight,2,1,2016-02-18,Thursday,18:10,Westminster,E09000033,3,3211,6,30.0,3,2,4,308,,,4,1,1,0,0,1,2,E01004733,3,1,18/02/2016,18/02/2016,1,9,0,10,,8,0,0,0,0,,,6,Male,29,26 - 35,1679,1,15,5,1,,1,1,1,1,29,6,3,0,0,0,0,0,9,1,5,2016.0,01CW10171,E09000033,0.0,5.0,2.0,2016.0,01CW10171,2.0,8.0,0.0,2.0,1.0,-1,2016.0,01CW10171,2016,2,1,18
133164,201601CW10174,529380.0,178050.0,-0.137977,51.486555,1,Slight,2,1,2016-02-23,Tuesday,21:45,Westminster,E09000033,6,0,6,30.0,0,-1,-1,-1,,,4,1,2,0,0,1,1,E01004669,3,1,23/02/2016,23/02/2016,1,9,0,3,,0,0,0,0,0,,,6,Male,25,21 - 25,-1,-1,-1,1,1,,2,1,1,1,20,4,3,0,0,0,0,0,3,1,4,2016.0,01CW10174,E09000033,0.0,0.0,2.0,2016.0,01CW10174,5.0,1.0,0.0,2.0,1.0,-1,2016.0,01CW10174,2016,2,1,21
133174,201601CW10184,528490.0,180230.0,-0.149995,51.506349,1,Slight,2,1,2016-02-27,Saturday,00:20,Westminster,E09000033,5,0,6,30.0,3,4,6,0,,,4,1,1,4,0,1,1,E01004761,3,1,27/02/2016,27/02/2016,1,9,0,18,,8,0,0,0,0,,,6,Male,26,26 - 35,2993,2,11,4,1,,2,1,1,1,38,7,3,0,0,0,0,0,8,1,3,2016.0,01CW10184,E09000033,0.0,0.0,2.0,2016.0,01CW10184,2.0,6.0,0.0,1.0,1.0,-1,2016.0,01CW10184,2016,2,1,0
133178,201601CW10188,530160.0,179670.0,-0.126152,51.500935,1,Slight,2,1,2016-02-28,Sunday,01:30,Westminster,E09000033,3,3212,6,30.0,6,2,3,302,,,4,1,1,0,0,1,1,E01004733,3,1,28/02/2016,28/02/2016,1,9,0,7,,8,0,0,0,0,,,6,Male,27,26 - 35,1598,1,9,2,1,,2,1,1,1,47,8,3,0,0,0,0,0,3,-1,-1,2016.0,01CW10188,E09000033,0.0,5.0,2.0,2016.0,01CW10188,1.0,3.0,0.0,4.0,1.0,-1,2016.0,01CW10188,2016,2,1,1
133182,201601CW10192,529680.0,177980.0,-0.133684,51.485857,1,Slight,2,1,2016-02-28,Sunday,22:00,Westminster,E09000033,3,3212,6,30.0,3,4,6,0,,,4,1,1,0,0,1,1,E01004738,3,1,28/02/2016,28/02/2016,1,9,0,7,,8,0,0,0,0,,,6,Male,27,26 - 35,1796,1,3,4,1,,2,1,1,1,20,4,3,0,0,0,0,0,3,1,1,2016.0,01CW10192,E09000033,0.0,1.0,2.0,2016.0,01CW10192,6.0,8.0,0.0,1.0,1.0,-1,2016.0,01CW10192,2016,2,1,22
133189,201601CW10201,528090.0,180560.0,-0.155635,51.509406,1,Slight,2,1,2016-11-02,Wednesday,21:43,Westminster,E09000033,3,4202,3,30.0,0,-1,-1,-1,,,4,1,1,0,0,1,2,E01004689,3,1,11/02/2016,11/02/2016,1,9,0,18,,0,0,0,0,0,,,6,Male,23,21 - 25,1968,2,4,5,1,,1,1,1,1,23,5,3,0,0,0,0,0,9,1,5,2016.0,01CW10201,E09000033,0.0,0.0,2.0,2016.0,01CW10201,8.0,4.0,0.0,4.0,1.0,-1,2016.0,01CW10201,2016,11,1,21
133205,201601CW10218,529330.0,181400.0,-0.137469,51.516672,1,Slight,2,1,2016-04-03,Sunday,20:00,Westminster,E09000033,5,0,6,30.0,6,2,6,0,,,4,1,1,0,0,1,1,E01004765,3,1,04/03/2016,04/03/2016,1,3,0,18,,8,0,0,0,0,,,6,Male,25,21 - 25,-1,-1,-1,3,1,,1,1,1,1,25,5,3,0,0,0,0,0,3,1,3,2016.0,01CW10218,E09000033,0.0,5.0,2.0,2016.0,01CW10218,2.0,6.0,0.0,1.0,1.0,-1,2016.0,01CW10218,2016,4,1,20
133208,201601CW10223,530450.0,180390.0,-0.12171,51.507338,1,Serious,1,1,2016-03-03,Thursday,21:40,Westminster,E09000033,3,3211,3,30.0,0,-1,-1,-1,,,4,1,1,0,0,1,1,E01004733,2,2,03/03/2016,03/03/2016,1,9,0,18,,0,0,0,0,0,,,2,Male,27,26 - 35,1596,1,9,3,1,,1,1,3,1,17,4,2,4,3,0,0,2,0,-1,-1,2016.0,01CW10223,E09000033,0.0,4.0,2.0,2016.0,01CW10223,2.0,6.0,0.0,3.0,1.0,-1,2016.0,01CW10223,2016,3,2,21
133228,201601CW10245,527320.0,181920.0,-0.166234,51.521802,1,Slight,2,1,2016-11-03,Thursday,18:17,Westminster,E09000033,6,0,6,30.0,3,4,6,0,,,4,1,1,0,0,1,1,E01033603,3,1,11/03/2016,11/03/2016,1,3,0,18,,8,0,0,0,0,,,6,Male,31,26 - 35,108,1,1,7,1,,1,1,1,1,31,6,3,0,0,0,0,0,3,1,7,2016.0,01CW10245,E09000033,0.0,0.0,2.0,2016.0,01CW10245,6.0,2.0,0.0,1.0,1.0,-1,2016.0,01CW10245,2016,11,1,18
133238,201601CW10258,527020.0,181710.0,-0.170632,51.519982,1,Slight,2,3,2016-12-03,Saturday,19:55,Westminster,E09000033,3,40,3,30.0,0,-1,-1,-1,,,4,1,1,0,0,1,1,E01004702,3,1,12/03/2016,12/03/2016,1,9,0,12,,0,0,0,0,0,,,6,Male,34,26 - 35,1390,1,15,2,1,,1,2,2,2,34,6,3,0,0,1,0,0,9,1,2,2016.0,01CW10258,E09000033,0.0,0.0,2.0,2016.0,01CW10258,3.0,7.0,0.0,1.0,1.0,-1,2016.0,01CW10258,2016,12,3,19
133240,201601CW10260,524860.0,182950.0,-0.201308,51.531607,1,Slight,3,1,2016-03-13,Sunday,18:30,Westminster,E09000033,6,0,6,30.0,3,4,6,0,,,4,1,1,0,0,1,1,E01004677,3,1,13/03/2016,13/03/2016,1,9,0,18,,8,0,0,0,0,,,6,Male,22,21 - 25,1798,1,8,1,1,,1,1,1,1,22,5,3,0,0,0,0,0,9,1,1,2016.0,01CW10260,E09000033,0.0,0.0,2.0,2016.0,01CW10260,4.0,8.0,0.0,3.0,1.0,-1,2016.0,01CW10260,2016,3,1,18
133251,201601CW10273,530870.0,180760.0,-0.115525,51.510566,1,Serious,2,1,2016-03-14,Monday,23:12,Westminster,E09000033,3,3211,3,30.0,3,2,5,0,,,4,1,1,0,0,1,1,E01004735,2,2,14/03/2016,14/03/2016,1,9,0,9,,8,0,0,0,0,,,6,Male,24,21 - 25,1229,1,9,3,1,,2,1,1,1,51,8,2,0,0,0,0,0,5,1,6,2016.0,01CW10273,E09000033,0.0,5.0,2.0,2016.0,01CW10273,3.0,1.0,0.0,3.0,1.0,-1,2016.0,01CW10273,2016,3,2,23
133276,201601CW10302,528330.0,179490.0,-0.152568,51.499735,1,Slight,2,2,2016-03-17,Thursday,18:33,Westminster,E09000033,4,310,2,30.0,0,-1,-1,-1,,,4,1,1,0,0,1,1,E01004690,3,1,17/03/2016,17/03/2016,1,3,0,18,,0,0,0,0,0,,,6,Male,28,26 - 35,125,1,2,6,1,,1,1,1,1,28,6,3,0,0,0,0,0,3,1,6,2016.0,01CW10302,E09000033,0.0,0.0,2.0,2016.0,01CW10302,8.0,4.0,0.0,1.0,1.0,-1,2016.0,01CW10302,2016,3,2,18
133277,201601CW10303,526110.0,181830.0,-0.183698,51.521264,1,Slight,1,1,2016-03-19,Saturday,01:15,Westminster,E09000033,5,0,6,30.0,3,4,5,0,,,4,8,1,0,0,1,1,E01004703,3,1,19/03/2016,19/03/2016,1,9,0,18,,8,0,10,3,8,,,6,Male,22,21 - 25,5461,1,2,8,1,,1,1,1,1,22,5,3,0,0,0,0,0,9,1,8,2016.0,01CW10303,E09000033,0.0,0.0,2.0,2016.0,01CW10303,8.0,4.0,0.0,1.0,1.0,-1,2016.0,01CW10303,2016,3,1,1
133278,201601CW10307,527570.0,181160.0,-0.162908,51.514915,1,Slight,2,1,2016-03-21,Monday,18:00,Westminster,E09000033,3,5,6,30.0,6,2,5,0,,,4,1,1,0,0,1,1,E01004680,3,1,21/03/2016,21/03/2016,1,9,0,9,,8,0,0,0,0,,,6,Female,34,26 - 35,1998,1,15,4,1,,2,1,1,1,29,6,3,0,0,0,0,0,5,1,8,2016.0,01CW10307,E09000033,0.0,5.0,2.0,2016.0,01CW10307,6.0,4.0,0.0,3.0,1.0,-1,2016.0,01CW10307,2016,3,1,18
133295,201601CW10325,526550.0,179640.0,-0.178145,51.501484,1,Slight,1,2,2016-03-23,Wednesday,18:43,Westminster,E09000033,3,315,6,30.0,0,-1,-1,-1,,,4,1,1,0,0,1,1,E01004688,3,1,23/03/2016,23/03/2016,1,8,0,18,,0,0,0,0,0,,,6,Male,29,26 - 35,1797,8,6,4,1,,1,1,3,1,47,8,3,4,1,0,0,2,0,1,5,2016.0,01CW10325,E09000033,0.0,4.0,2.0,2016.0,01CW10325,3.0,7.0,0.0,1.0,1.0,-1,2016.0,01CW10325,2016,3,2,18
133297,201601CW10327,525820.0,181330.0,-0.188054,51.516835,1,Serious,2,1,2016-03-27,Sunday,22:40,Westminster,E09000033,4,411,6,30.0,0,-1,-1,-1,,,4,5,2,0,0,1,1,E01004652,2,2,27/03/2016,27/03/2016,1,3,0,18,,0,0,0,0,0,,,6,Male,26,26 - 35,125,1,6,1,1,,1,1,1,1,26,6,2,0,0,0,0,0,3,1,1,2016.0,01CW10327,E09000033,0.0,0.0,2.0,2016.0,01CW10327,4.0,8.0,0.0,3.0,1.0,-1,2016.0,01CW10327,2016,3,2,22
133298,201601CW10328,527910.0,181980.0,-0.157713,51.522208,1,Slight,2,1,2016-03-25,Friday,03:40,Westminster,E09000033,3,41,6,30.0,6,2,3,501,,,4,2,2,0,0,1,1,E01004660,3,1,25/03/2016,25/03/2016,1,9,0,9,,8,0,0,0,0,,,6,Male,35,26 - 35,1198,1,4,2,1,,2,1,1,1,27,6,3,0,0,0,0,0,3,1,1,2016.0,01CW10328,E09000033,0.0,5.0,2.0,2016.0,01CW10328,2.0,8.0,0.0,1.0,1.0,-1,2016.0,01CW10328,2016,3,1,3
133303,201601CW10333,526110.0,181350.0,-0.183869,51.51695,1,Slight,2,1,2016-03-26,Saturday,00:18,Westminster,E09000033,3,4206,6,30.0,6,2,6,0,,,4,1,1,0,0,1,1,E01004696,3,1,26/03/2016,26/03/2016,1,3,0,18,,2,0,4,0,0,,,1,Male,18,16 - 20,125,1,7,3,1,,1,1,1,1,18,4,3,0,0,0,0,0,3,1,3,2016.0,01CW10333,E09000033,0.0,5.0,2.0,2016.0,01CW10333,2.0,6.0,0.0,1.0,1.0,-1,2016.0,01CW10333,2016,3,1,0
133304,201601CW10334,528770.0,182180.0,-0.145251,51.52381,1,Slight,2,1,2016-03-26,Saturday,01:20,Westminster,E09000033,3,501,6,30.0,3,2,3,4201,,,4,1,1,0,0,1,1,E01004716,3,1,26/03/2016,26/03/2016,1,9,0,7,,8,0,0,0,0,,,6,Male,24,21 - 25,1900,2,12,9,1,,2,1,1,1,30,6,3,0,0,0,0,0,5,3,8,2016.0,01CW10334,E09000033,0.0,5.0,2.0,2016.0,01CW10334,3.0,5.0,0.0,4.0,1.0,-1,2016.0,01CW10334,2016,3,1,1
133307,201601CW10337,528980.0,177910.0,-0.143786,51.485388,1,Slight,2,1,2016-03-26,Saturday,18:20,Westminster,E09000033,3,3212,6,30.0,0,-1,-1,-1,,,4,2,2,0,0,1,1,E01004669,3,1,26/03/2016,26/03/2016,1,3,0,14,,0,0,0,0,0,,,1,Male,19,16 - 20,108,1,4,6,1,,1,1,1,1,19,4,3,0,0,0,0,0,3,1,6,2016.0,01CW10337,E09000033,0.0,0.0,2.0,2016.0,01CW10337,3.0,7.0,0.0,1.0,1.0,-1,2016.0,01CW10337,2016,3,1,18
133309,201601CW10340,525960.0,181280.0,-0.186055,51.516355,1,Slight,2,1,2016-03-27,Sunday,20:50,Westminster,E09000033,3,4206,6,30.0,3,4,6,0,,,4,5,2,0,0,1,1,E01004696,3,1,27/03/2016,27/03/2016,1,3,0,18,,8,0,0,0,0,,,6,Male,30,26 - 35,108,1,4,2,1,,1,1,1,1,30,6,3,0,0,0,0,0,3,1,2,2016.0,01CW10340,E09000033,0.0,0.0,2.0,2016.0,01CW10340,6.0,2.0,0.0,1.0,1.0,-1,2016.0,01CW10340,2016,3,1,20