,accident_index,location_easting_osgr,location_northing_osgr,longitude,latitude,police_force,accident_severity,number_of_vehicles,number_of_casualties,date,day_of_week,time,local_authority_district,local_authority_highway,first_road_class,first_road_number,road_type,speed_limit,junction_detail,junction_control,second_road_class,second_road_number,pedestrian_crossing-human_control,pedestrian_crossing-physical_facilities,light_conditions,weather_conditions,road_surface_conditions,special_conditions_at_site,carriageway_hazards,urban_or_rural_area,did_police_officer_attend_scene_of_accident,lsoa_of_accident_location,accident_severity_num,accident_severity_inv,date2,date_original,vehicle_reference_x,vehicle_type,towing_and_articulation,vehicle_manoeuvre,vehicle_location-restricted_lane,junction_location,skidding_and_overturning,hit_object_in_carriageway,vehicle_leaving_carriageway,hit_object_off_carriageway,1st_point_of_impact,was_vehicle_left_hand_drive?,journey_purpose_of_driver,sex_of_driver,age_of_driver,age_band_of_driver,engine_capacity_cc,propulsion_code,age_of_vehicle,driver_imd_decile,driver_home_area_type,vehicle_imd_decile,vehicle_reference_y,casualty_reference,casualty_class,sex_of_casualty,age_of_casualty,age_band_of_casualty,casualty_severity,pedestrian_location,pedestrian_movement,car_passenger,bus_or_coach_passenger,pedestrian_road_maintenance_worker,casualty_type,casualty_home_area_type,casualty_imd_decile,accident_year_x,accident_reference_x,local_authority_ons_district,pedestrian_crossing_human_control,pedestrian_crossing_physical_facilities,trunk_road_flag,accident_year_y,accident_reference_y,vehicle_direction_from,vehicle_direction_to,vehicle_location_restricted_lane,first_point_of_impact,vehicle_left_hand_drive,generic_make_model,accident_year,accident_reference,year,month,severity,hours
133310,201601CW10341,529080.0,180360.0,-0.141451,51.507383,1,Slight,1,1,2016-03-27,Sunday,21:40,Westminster,E09000033,3,4,6,30.0,6,2,5,0,,,4,1,1,0,0,1,1,E01004736,3,1,27/03/2016,27/03/2016,1,8,0,18,,8,0,0,0,0,,,6,Male,34,26 - 35,1388,1,5,7,1,,1,1,3,1,-1,-1,3,1,3,0,0,2,0,-1,-1,2016.0,01CW10341,E09000033,0.0,5.0,2.0,2016.0,01CW10341,4.0,8.0,0.0,3.0,1.0,-1,2016.0,01CW10341,2016,3,1,21
133321,201601CW10353,526570.0,182870.0,-0.176698,51.530508,1,Slight,2,6,2016-04-04,Monday,00:20,Westminster,E09000033,4,507,6,30.0,6,2,5,0,,,4,1,1,0,0,1,1,E01004726,3,1,04/04/2016,04/04/2016,1,9,0,18,,8,0,0,0,0,,,6,Female,32,26 - 35,1598,1,13,4,1,,1,1,1,2,32,6,3,0,0,0,0,0,9,1,4,2016.0,01CW10353,E09000033,0.0,5.0,2.0,2016.0,01CW10353,1.0,5.0,0.0,3.0,1.0,-1,2016.0,01CW10353,2016,4,6,0
133339,201601CW10377,528100.0,181040.0,-0.155317,51.513717,1,Slight,1,1,2016-04-04,Monday,20:06,Westminster,E09000033,3,40,6,30.0,0,-1,-1,-1,,,4,1,1,0,0,1,1,E01004762,3,1,04/04/2016,04/04/2016,1,9,0,18,,0,0,0,0,0,,,6,Male,24,21 - 25,1984,1,4,1,1,,1,1,3,1,18,4,3,1,2,0,0,2,0,1,5,2016.0,01CW10377,E09000033,0.0,4.0,2.0,2016.0,01CW10377,7.0,3.0,0.0,1.0,1.0,-1,2016.0,01CW10377,2016,4,1,20
133344,201601CW10383,528230.0,182180.0,-0.15303,51.523933,1,Slight,2,1,2016-06-04,Saturday,20:37,Westminster,E09000033,6,0,6,30.0,6,2,6,0,,,4,1,1,0,0,1,1,E01004727,3,1,06/04/2016,06/04/2016,1,9,0,9,,8,0,0,0,0,,,6,Male,31,26 - 35,1797,8,6,3,1,,2,1,1,1,29,6,3,0,0,0,0,0,1,1,2,2016.0,01CW10383,E09000033,0.0,5.0,2.0,2016.0,01CW10383,6.0,4.0,0.0,3.0,1.0,-1,2016.0,01CW10383,2016,6,1,20
133348,201601CW10387,526140.0,181370.0,-0.18343,51.517123,1,Slight,2,2,2016-06-04,Saturday,00:05,Westminster,E09000033,3,4206,6,30.0,6,2,5,0,,,4,1,1,0,0,1,1,E01004696,3,1,06/04/2016,06/04/2016,1,8,0,18,,8,0,0,0,0,,,1,Male,26,26 - 35,1797,8,4,3,1,,2,1,1,1,29,6,3,0,0,0,0,0,9,1,4,2016.0,01CW10387,E09000033,0.0,5.0,2.0,2016.0,01CW10387,8.0,4.0,0.0,1.0,1.0,-1,2016.0,01CW10387,2016,6,2,0
133356,201601CW10397,528560.0,180640.0,-0.148837,51.510018,1,Slight,1,1,2016-07-04,Monday,19:10,Westminster,E09000033,6,0,6,30.0,9,4,6,0,,,4,1,1,0,0,1,1,E01004761,3,1,07/04/2016,07/04/2016,1,3,0,17,,8,0,0,0,0,,,6,Male,26,26 - 35,125,1,0,4,1,,1,1,1,1,26,6,3,0,0,0,0,0,3,1,4,2016.0,01CW10397,E09000033,0.0,0.0,2.0,2016.0,01CW10397,2.0,8.0,0.0,3.0,1.0,-1,2016.0,01CW10397,2016,7,1,19
133358,201601CW10400,526550.0,182970.0,-0.17695,51.531411,1,Slight,2,1,2016-08-04,Thursday,18:22,Westminster,E09000033,4,507,6,30.0,0,-1,-1,-1,,,1,1,1,0,0,1,1,E01004651,3,1,08/04/2016,08/04/2016,1,9,0,18,,0,0,0,0,0,,,6,Female,25,21 - 25,998,1,7,5,1,,2,1,1,2,31,6,3,0,0,0,0,0,1,1,2,2016.0,01CW10400,E09000033,0.0,0.0,2.0,2016.0,01CW10400,1.0,5.0,0.0,1.0,1.0,-1,2016.0,01CW10400,2016,8,1,18
133359,201601CW10401,527800.0,181110.0,-0.159613,51.514414,1,Slight,2,4,2016-08-04,Thursday,05:56,Westminster,E09000033,3,5204,6,30.0,6,2,5,0,,,1,1,1,0,0,1,1,E01004658,3,1,08/04/2016,08/04/2016,1,9,0,18,,8,0,4,0,0,,,6,Male,22,21 - 25,1995,2,2,-1,-1,,1,1,1,1,22,5,3,0,0,0,0,0,9,-1,-1,2016.0,01CW10401,E09000033,0.0,5.0,2.0,2016.0,01CW10401,1.0,5.0,0.0,1.0,1.0,-1,2016.0,01CW10401,2016,8,4,5
133393,201601CW10453,529230.0,181560.0,-0.138851,51.518133,1,Serious,1,1,2016-04-19,Tuesday,19:00,Westminster,E09000033,4,506,6,30.0,0,-1,-1,-1,,,1,1,1,0,0,1,1,E01004765,2,2,19/04/2016,19/04/2016,1,3,0,18,,0,0,0,0,0,,,6,Male,28,26 - 35,125,1,2,5,1,,1,1,3,2,5,1,2,4,1,0,0,2,0,-1,-1,2016.0,01CW10453,E09000033,0.0,5.0,2.0,2016.0,01CW10453,6.0,2.0,0.0,1.0,1.0,-1,2016.0,01CW10453,2016,4,2,19
133408,201601CW10476,529620.0,178540.0,-0.134342,51.490903,1,Serious,1,1,2016-01-01,Friday,00:20,Westminster,E09000033,3,202,6,30.0,3,4,6,0,,,4,1,1,0,0,1,1,E01004741,2,2,01/01/2016,01/01/2016,1,9,0,18,,8,0,0,0,0,,,6,Female,34,26 - 35,1796,1,7,1,1,,1,1,3,2,15,3,2,2,1,0,0,2,0,1,4,2016.0,01CW10476,E09000033,0.0,4.0,2.0,2016.0,01CW10476,8.0,4.0,0.0,1.0,1.0,-1,2016.0,01CW10476,2016,1,2,0
133416,201601CW10485,530000.0,181140.0,-0.127914,51.514182,1,Slight,1,1,2016-01-13,Wednesday,22:10,Camden,E09000007,3,401,6,30.0,6,4,6,0,,,4,2,2,0,0,1,1,E01000919,3,1,13/01/2016,13/01/2016,1,8,0,18,,2,0,0,0,0,,,1,Male,32,26 - 35,2143,2,2,3,1,,1,1,3,2,25,5,3,1,1,0,0,2,0,1,1,2016.0,01CW10485,E09000007,0.0,1.0,2.0,2016.0,01CW10485,2.0,6.0,0.0,1.0,1.0,-1,2016.0,01CW10485,2016,1,1,22
133427,201601CW10496,530220.0,180330.0,-0.125045,51.506852,1,Slight,2,2,2016-01-14,Thursday,22:45,Westminster,E09000033,4,308,6,30.0,3,4,6,0,,,4,1,1,0,0,1,1,E01004736,3,1,14/01/2016,14/01/2016,1,3,0,14,,8,0,0,0,0,,,1,Male,22,21 - 25,125,1,1,2,1,,1,1,1,1,22,5,3,0,0,0,0,0,3,1,2,2016.0,01CW10496,E09000033,0.0,4.0,2.0,2016.0,01CW10496,4.0,8.0,0.0,1.0,1.0,-1,2016.0,01CW10496,2016,1,2,22
133429,201601CW10498,528330.0,179850.0,-0.152437,51.50297,1,Slight,2,1,2016-10-01,Saturday,19:00,Westminster,E09000033,3,4,3,30.0,1,2,3,4,,,4,1,1,0,0,1,1,E01004691,3,1,10/01/2016,10/01/2016,1,9,0,3,,8,0,0,0,0,,,6,Female,29,26 - 35,1299,1,13,6,1,,1,1,1,2,29,6,3,0,0,0,0,0,9,1,6,2016.0,01CW10498,E09000033,0.0,5.0,2.0,2016.0,01CW10498,7.0,3.0,0.0,2.0,1.0,-1,2016.0,01CW10498,2016,10,1,19
133437,201601CW10506,530640.0,180950.0,-0.118767,51.512327,1,Serious,1,1,2016-01-13,Wednesday,21:20,Westminster,E09000033,3,4,2,30.0,0,-1,-1,-1,,,4,2,2,0,0,1,1,E01004735,2,2,13/01/2016,13/01/2016,1,9,0,17,,0,0,0,0,0,,,6,Male,31,26 - 35,1956,2,2,4,1,,1,1,3,2,22,5,2,5,1,0,0,2,0,1,2,2016.0,01CW10506,E09000033,0.0,0.0,2.0,2016.0,01CW10506,5.0,2.0,0.0,1.0,1.0,-1,2016.0,01CW10506,2016,1,2,21
133449,201601CW10518,527850.0,180990.0,-0.158936,51.513324,1,Slight,2,1,2016-01-13,Wednesday,18:31,Westminster,E09000033,3,40,3,30.0,1,2,6,0,,,4,1,1,0,0,1,1,E01004658,3,1,13/01/2016,13/01/2016,1,3,0,7,,8,0,0,0,0,,,6,Male,27,26 - 35,124,1,3,5,1,,1,1,1,1,27,6,3,0,0,0,0,0,3,1,5,2016.0,01CW10518,E09000033,0.0,5.0,2.0,2016.0,01CW10518,1.0,3.0,0.0,4.0,1.0,-1,2016.0,01CW10518,2016,1,1,18
133461,201601CW10530,526200.0,180630.0,-0.18283,51.51046,1,Slight,2,1,2016-01-13,Wednesday,21:30,Westminster,E09000033,3,402,6,30.0,3,2,4,410,,,4,1,1,0,0,1,1,E01004688,3,1,13/01/2016,13/01/2016,1,9,0,9,,8,0,0,0,0,,,6,Male,23,21 - 25,2143,2,1,4,1,,2,1,1,1,47,8,3,0,0,0,0,0,3,1,2,2016.0,01CW10530,E09000033,0.0,5.0,2.0,2016.0,01CW10530,1.0,7.0,0.0,3.0,1.0,-1,2016.0,01CW10530,2016,1,1,21
133495,201601CW10579,526040.0,181600.0,-0.184788,51.519213,1,Slight,1,1,2016-04-24,Sunday,23:55,Westminster,E09000033,5,0,6,30.0,0,-1,-1,-1,,,4,1,1,0,0,1,2,E01004656,3,1,24/04/2016,24/04/2016,1,3,0,18,,0,0,0,0,0,,,6,Male,18,16 - 20,125,1,1,2,1,,1,1,1,1,18,4,3,0,0,0,0,0,3,1,2,2016.0,01CW10579,E09000033,0.0,0.0,2.0,2016.0,01CW10579,8.0,4.0,0.0,1.0,1.0,-1,2016.0,01CW10579,2016,4,1,23
133500,201601CW10586,525930.0,180880.0,-0.18663,51.512767,1,Slight,2,1,2016-03-05,Saturday,19:08,Westminster,E09000033,4,411,2,30.0,0,-1,-1,-1,,,1,1,1,0,0,1,1,E01004698,3,1,03/05/2016,03/05/2016,1,3,0,18,,0,0,0,0,0,,,6,Male,25,21 - 25,125,1,1,1,1,,1,1,1,1,25,5,3,0,0,0,0,0,3,1,1,2016.0,01CW10586,E09000033,0.0,0.0,2.0,2016.0,01CW10586,1.0,5.0,0.0,1.0,1.0,-1,2016.0,01CW10586,2016,3,1,19
133505,201601CW10592,528930.0,180770.0,-0.143461,51.511102,1,Slight,1,1,2016-04-05,Tuesday,18:35,Westminster,E09000033,4,406,6,30.0,6,2,5,0,,,1,1,1,0,0,1,1,E01033595,3,1,04/05/2016,04/05/2016,1,3,0,18,,8,0,0,0,0,,,6,Male,29,26 - 35,645,1,4,1,1,,1,1,1,1,29,6,3,0,0,0,0,0,3,1,1,2016.0,01CW10592,E09000033,0.0,5.0,2.0,2016.0,01CW10592,8.0,4.0,0.0,1.0,1.0,-1,2016.0,01CW10592,2016,4,1,18
133519,201601CW10611,529740.0,178450.0,-0.132648,51.490067,1,Serious,2,1,2016-08-05,Friday,20:20,Westminster,E09000033,3,202,6,30.0,6,2,6,0,,,7,9,1,0,0,1,1,E01004737,2,2,08/05/2016,08/05/2016,1,9,0,18,,2,0,0,0,0,,,6,Male,35,26 - 35,1997,1,7,9,1,,2,1,1,1,37,7,2,0,0,0,0,0,1,1,6,2016.0,01CW10611,E09000033,0.0,5.0,2.0,2016.0,01CW10611,8.0,4.0,0.0,4.0,1.0,-1,2016.0,01CW10611,2016,8,2,20
133524,201601CW10622,527830.0,182190.0,-0.158789,51.524113,1,Slight,1,1,2016-09-05,Monday,22:42,Westminster,E09000033,3,41,2,30.0,6,2,3,41,,,4,1,1,0,0,1,1,E01004660,3,1,09/05/2016,09/05/2016,1,9,0,1,,1,0,0,0,0,,,6,Female,26,26 - 35,1995,2,0,5,1,,1,1,3,1,22,5,3,4,3,0,0,2,0,1,7,2016.0,01CW10622,E09000033,0.0,5.0,2.0,2016.0,01CW10622,4.0,8.0,0.0,2.0,1.0,-1,2016.0,01CW10622,2016,9,1,22
133525,201601CW10623,526230.0,181410.0,-0.182119,51.517463,1,Slight,2,1,2016-09-05,Monday,22:40,Westminster,E09000033,3,4206,6,30.0,6,2,5,0,,,4,1,1,0,0,1,1,E01004681,3,1,09/05/2016,09/05/2016,1,9,0,18,,8,0,0,0,0,,,6,Male,20,16 - 20,1248,2,9,3,1,,1,1,1,1,20,4,3,0,0,0,0,0,9,1,3,2016.0,01CW10623,E09000033,0.0,5.0,2.0,2016.0,01CW10623,8.0,4.0,0.0,1.0,1.0,-1,2016.0,01CW10623,2016,9,1,22
133530,201601CW10633,528330.0,180230.0,-0.152299,51.506385,1,Slight,2,1,2016-05-05,Thursday,22:15,Westminster,E09000033,3,4202,6,30.0,3,2,3,4202,,,4,1,1,0,0,1,2,E01004689,3,1,05/05/2016,05/05/2016,1,9,0,18,,8,0,0,0,0,,,6,Female,26,26 - 35,-1,-1,-1,7,1,,1,1,1,2,26,6,3,0,0,0,0,0,9,1,7,2016.0,01CW10633,E09000033,0.0,5.0,2.0,2016.0,01CW10633,8.0,4.0,0.0,3.0,1.0,-1,2016.0,01CW10633,2016,5,1,22
133532,201601CW10635,530120.0,178180.0,-0.127277,51.487553,1,Slight,2,2,2016-04-24,Sunday,02:48,Westminster,E09000033,3,202,6,30.0,0,-1,-1,-1,,,4,1,1,0,0,1,1,E01004737,3,1,24/04/2016,24/04/2016,1,9,0,18,,0,0,0,0,0,,,6,Male,21,21 - 25,1798,8,1,-1,-1,,1,1,1,1,21,5,3,0,0,0,0,0,9,-1,-1,2016.0,01CW10635,E09000033,0.0,0.0,2.0,2016.0,01CW10635,8.0,4.0,0.0,1.0,1.0,-1,2016.0,01CW10635,2016,4,2,2
133536,201601CW10641,525270.0,181380.0,-0.195959,51.517407,1,Slight,2,1,2016-01-15,Friday,20:22,Westminster,E09000033,5,0,6,30.0,6,2,6,0,,,4,1,1,0,0,1,1,E01033606,3,1,15/01/2016,15/01/2016,1,3,0,17,,8,0,0,0,0,,,6,Male,20,16 - 20,125,1,1,4,1,,1,1,1,1,20,4,3,0,0,0,0,0,3,1,4,2016.0,01CW10641,E09000033,0.0,5.0,2.0,2016.0,01CW10641,5.0,2.0,0.0,1.0,1.0,-1,2016.0,01CW10641,2016,1,1,20
133572,201601CW10697,528980.0,181350.0,-0.142529,51.516303,1,Slight,2,1,2016-05-18,Wednesday,19:45,Westminster,E09000033,3,4201,6,30.0,6,2,3,4201,,,1,2,2,0,0,1,1,E01004765,3,1,18/05/2016,18/05/2016,1,9,0,11,,8,0,0,0,0,,,6,Male,27,26 - 35,2495,2,14,10,1,,2,1,1,1,23,5,3,0,0,0,0,0,3,1,6,2016.0,01CW10697,E09000033,0.0,5.0,2.0,2016.0,01CW10697,5.0,1.0,0.0,4.0,1.0,-1,2016.0,01CW10697,2016,5,1,19
133575,201601CW10702,529470.0,177910.0,-0.136733,51.485276,1,Slight,2,1,2016-05-19,Thursday,19:45,Westminster,E09000033,3,3212,6,30.0,3,4,6,0,,,1,1,1,0,0,1,1,E01004738,3,1,19/05/2016,19/05/2016,1,3,0,15,,1,0,0,0,0,,,6,Male,25,21 - 25,124,1,0,7,1,,1,1,1,1,25,5,3,0,0,0,0,0,3,1,7,2016.0,01CW10702,E09000033,0.0,0.0,2.0,2016.0,01CW10702,2.0,6.0,4.0,3.0,1.0,-1,2016.0,01CW10702,2016,5,1,19
133586,201601CW10714,524660.0,182870.0,-0.204219,51.530933,1,Slight,2,1,2016-05-26,Thursday,18:00,Westminster,E09000033,6,0,6,30.0,6,4,6,0,,,1,1,1,0,0,1,1,E01004723,3,1,26/05/2016,26/05/2016,1,9,0,18,,8,0,0,0,0,,,6,Male,29,26 - 35,1598,1,14,2,1,,2,1,1,2,56,9,3,0,0,0,0,0,9,1,3,2016.0,01CW10714,E09000033,0.0,0.0,2.0,2016.0,01CW10714,5.0,1.0,0.0,1.0,1.0,-1,2016.0,01CW10714,2016,5,1,18
133597,201601CW10729,528720.0,179310.0,-0.147018,51.498029,1,Slight,2,1,2016-05-29,Sunday,02:35,Westminster,E09000033,3,302,2,30.0,6,2,3,3217,,,4,1,1,0,0,1,1,E01004690,3,1,29/05/2016,29/05/2016,1,9,0,8,,1,0,0,0,0,,,1,Male,31,26 - 35,1995,2,5,10,2,,1,1,1,1,31,6,3,0,0,0,0,0,9,2,10,2016.0,01CW10729,E09000033,0.0,5.0,2.0,2016.0,01CW10729,5.0,6.0,0.0,3.0,1.0,-1,2016.0,01CW10729,2016,5,1,2
133608,201601CW10745,527940.0,181960.0,-0.157288,51.522021,1,Slight,2,2,2016-05-27,Friday,00:50,Westminster,E09000033,3,501,3,40.0,6,2,3,41,,,4,1,1,0,0,1,2,E01004712,3,1,27/05/2016,27/05/2016,1,9,0,3,,1,0,0,0,0,,,6,Male,23,21 - 25,1968,2,5,5,1,,1,1,1,1,23,5,3,0,0,0,0,0,9,1,5,2016.0,01CW10745,E09000033,0.0,5.0,2.0,2016.0,01CW10745,2.0,6.0,0.0,2.0,1.0,-1,2016.0,01CW10745,2016,5,2,0
133625,201601CW10765,527930.0,180720.0,-0.157882,51.51088,1,Slight,1,1,2016-04-06,Wednesday,22:00,Westminster,E09000033,3,4202,6,30.0,0,-1,-1,-1,,,4,1,1,0,0,1,1,E01004689,3,1,04/06/2016,04/06/2016,1,3,0,4,,0,0,0,0,0,,,6,Male,23,21 - 25,108,1,0,-1,-1,,1,1,1,1,23,5,3,0,0,0,0,0,3,-1,-1,2016.0,01CW10765,E09000033,0.0,0.0,2.0,2016.0,01CW10765,5.0,1.0,0.0,1.0,1.0,-1,2016.0,01CW10765,2016,4,1,22
133634,201601CW10774,527670.0,180920.0,-0.161554,51.512736,1,Slight,3,1,2016-02-18,Thursday,21:50,Westminster,E09000033,3,40,3,30.0,0,-1,-1,-1,,,4,1,1,0,0,1,2,E01004689,3,1,18/02/2016,18/02/2016,1,9,0,17,,0,0,0,0,0,,,6,Male,30,26 - 35,1798,1,14,4,1,,1,1,1,1,30,6,3,0,0,0,0,0,9,1,4,2016.0,01CW10774,E09000033,0.0,5.0,2.0,2016.0,01CW10774,4.0,1.0,0.0,3.0,1.0,-1,2016.0,01CW10774,2016,2,1,21
133638,201601CW10778,528590.0,179510.0,-0.148817,51.499856,1,Slight,2,1,2016-08-06,Saturday,03:33,Westminster,E09000033,3,302,6,30.0,3,4,6,0,,,4,2,2,0,0,1,1,E01004690,3,1,08/06/2016,08/06/2016,1,4,0,18,,8,0,0,0,0,,,6,Male,29,26 - 35,-1,-1,-1,5,1,,1,1,1,1,29,6,3,0,0,0,0,0,4,1,5,2016.0,01CW10778,E09000033,0.0,0.0,2.0,2016.0,01CW10778,8.0,4.0,0.0,1.0,1.0,-1,2016.0,01CW10778,2016,8,1,3
133653,201601CW10797,528800.0,181180.0,-0.145184,51.514816,1,Slight,1,1,2016-11-06,Sunday,00:32,Westminster,E09000033,3,40,6,30.0,0,-1,-1,-1,,,4,1,1,0,0,1,1,E01004765,3,1,11/06/2016,11/06/2016,1,8,0,18,,0,0,0,0,0,,,1,Male,26,26 - 35,2143,2,3,8,1,,1,1,3,1,-1,-1,3,5,1,0,0,2,0,1,4,2016.0,01CW10797,E09000033,0.0,0.0,2.0,2016.0,01CW10797,6.0,2.0,0.0,1.0,1.0,-1,2016.0,01CW10797,2016,11,1,0
133655,201601CW10799,528410.0,180380.0,-0.151092,51.507715,1,Slight,2,2,2016-12-06,Tuesday,04:29,Westminster,E09000033,5,0,6,30.0,6,2,6,0,,,4,1,1,0,0,1,1,E01004762,3,1,12/06/2016,12/06/2016,1,9,0,18,,8,0,0,0,0,,,6,Male,31,26 - 35,1598,2,2,3,1,,1,1,1,1,31,6,3,0,0,0,0,0,9,1,3,2016.0,01CW10799,E09000033,0.0,5.0,2.0,2016.0,01CW10799,6.0,2.0,0.0,1.0,1.0,-1,2016.0,01CW10799,2016,12,2,4
133657,201601CW10801,530150.0,178470.0,-0.126738,51.490153,1,Slight,1,1,2016-06-13,Monday,02:16,Westminster,E09000033,3,3212,3,30.0,3,4,5,0,,,4,1,1,0,0,1,1,E01004745,3,1,13/06/2016,13/06/2016,1,3,0,18,,8,0,0,0,0,,,6,Male,35,26 - 35,125,1,9,3,1,,1,1,1,1,35,6,3,0,0,0,0,0,3,1,3,2016.0,01CW10801,E09000033,0.0,0.0,2.0,2016.0,01CW10801,6.0,2.0,0.0,1.0,1.0,-1,2016.0,01CW10801,2016,6,1,2
133664,201601CW10809,530890.0,180760.0,-0.115237,51.510562,1,Slight,4,1,2016-06-13,Monday,20:58,Westminster,E09000033,3,3211,3,30.0,3,2,5,0,,,4,1,1,0,0,1,1,E01004735,3,1,13/06/2016,13/06/2016,1,9,0,12,,8,0,0,0,0,,,6,Female,27,26 - 35,-1,-1,-1,5,1,,3,1,1,1,66,10,3,0,0,0,0,0,8,1,7,2016.0,01CW10809,E09000033,0.0,5.0,2.0,2016.0,01CW10809,2.0,6.0,0.0,3.0,1.0,-1,2016.0,01CW10809,2016,6,1,20
133679,201601CW10830,529390.0,180540.0,-0.13692,51.50893,1,Slight,2,1,2016-11-06,Sunday,04:20,Westminster,E09000033,3,4,6,30.0,3,2,6,0,,,4,1,1,0,0,1,2,E01004736,3,1,11/06/2016,11/06/2016,1,3,0,18,,2,0,0,0,0,,,6,Male,24,21 - 25,125,1,0,3,1,,1,1,1,1,24,5,3,0,0,0,0,0,3,1,3,2016.0,01CW10830,E09000033,0.0,5.0,2.0,2016.0,01CW10830,6.0,2.0,0.0,1.0,1.0,-1,2016.0,01CW10830,2016,11,1,4
133681,201601CW10833,530000.0,180640.0,-0.128099,51.509689,1,Slight,1,1,2016-06-18,Saturday,03:15,Westminster,E09000033,3,400,6,30.0,3,4,5,0,,,4,1,1,0,0,1,1,E01004736,3,1,18/06/2016,18/06/2016,1,9,0,18,,8,0,0,0,0,,,6,Male,34,26 - 35,1339,8,5,1,1,,1,1,3,1,45,7,3,1,1,0,0,2,0,1,1,2016.0,01CW10833,E09000033,0.0,1.0,2.0,2016.0,01CW10833,5.0,1.0,0.0,1.0,1.0,-1,2016.0,01CW10833,2016,6,1,3
133691,201601CW10846,528410.0,179710.0,-0.151336,51.501694,1,Slight,2,1,2016-10-06,Thursday,18:51,Westminster,E09000033,3,4,6,30.0,3,2,3,302,,,1,1,1,0,0,1,1,E01004731,3,1,10/06/2016,10/06/2016,1,8,0,7,,8,0,0,0,0,,,6,Male,32,26 - 35,-1,-1,-1,4,1,,1,1,1,1,32,6,3,0,0,0,0,0,8,1,4,2016.0,01CW10846,E09000033,0.0,5.0,2.0,2016.0,01CW10846,2.0,4.0,0.0,2.0,1.0,-1,2016.0,01CW10846,2016,10,1,18
133693,201601CW10848,525890.0,180990.0,-0.187167,51.513764,1,Slight,1,1,2016-06-22,Wednesday,19:40,Westminster,E09000033,4,411,6,30.0,6,2,4,411,,,4,1,1,0,0,1,1,E01004698,3,1,22/06/2016,22/06/2016,1,9,0,1,,2,0,0,0,0,,,6,Male,29,26 - 35,1896,2,9,2,1,,1,1,3,1,54,8,3,4,1,0,0,2,0,1,4,2016.0,01CW10848,E09000033,0.0,5.0,2.0,2016.0,01CW10848,3.0,7.0,0.0,2.0,1.0,-1,2016.0,01CW10848,2016,6,1,19
133708,201601CW10864,527040.0,181930.0,-0.170264,51.521955,1,Serious,3,4,2016-06-26,Sunday,20:58,Westminster,E09000033,6,0,6,30.0,6,4,6,0,,,4,1,1,0,0,1,1,E01033605,2,2,26/06/2016,26/06/2016,1,9,0,18,,8,0,10,3,10,,,6,Male,19,16 - 20,1388,1,10,1,1,,1,1,1,1,19,4,2,0,0,0,0,0,9,1,1,2016.0,01CW10864,E09000033,0.0,0.0,2.0,2016.0,01CW10864,2.0,6.0,0.0,1.0,1.0,-1,2016.0,01CW10864,2016,6,8,20
133709,201601CW10865,528340.0,180010.0,-0.152235,51.504406,1,Slight,1,1,2016-06-27,Monday,01:13,Westminster,E09000033,3,4202,6,30.0,3,4,3,4202,,,4,1,1,0,0,1,1,E01004689,3,1,27/06/2016,27/06/2016,1,9,0,18,,2,0,10,3,5,,,6,Male,27,26 - 35,1995,2,4,7,1,,1,1,1,1,27,6,3,0,0,0,0,0,9,1,7,2016.0,01CW10865,E09000033,0.0,0.0,2.0,2016.0,01CW10865,5.0,1.0,0.0,1.0,1.0,-1,2016.0,01CW10865,2016,6,1,1
133717,201601CW10876,528580.0,182130.0,-0.148006,51.523404,1,Slight,2,1,2016-06-28,Tuesday,19:32,Westminster,E09000033,3,501,6,30.0,3,2,3,4201,,,4,2,2,0,0,1,1,E01004716,3,1,28/06/2016,28/06/2016,1,3,0,18,,8,0,0,0,0,,,6,Male,22,21 - 25,125,1,2,4,1,,1,1,1,1,22,5,3,0,0,0,0,0,3,1,4,2016.0,01CW10876,E09000033,0.0,5.0,2.0,2016.0,01CW10876,2.0,6.0,0.0,1.0,1.0,-1,2016.0,01CW10876,2016,6,1,19
133720,201601CW10879,529970.0,180620.0,-0.128538,51.509516,1,Slight,1,1,2016-06-28,Tuesday,20:03,Westminster,E09000033,3,400,6,30.0,3,4,3,400,,,4,1,1,0,0,1,1,E01004734,3,1,28/06/2016,28/06/2016,1,8,0,7,,8,0,0,0,0,,,6,Male,21,21 - 25,1797,8,5,4,1,,1,1,3,2,18,4,3,5,1,0,0,2,0,-1,-1,2016.0,01CW10879,E09000033,0.0,0.0,2.0,2016.0,01CW10879,7.0,1.0,0.0,1.0,1.0,-1,2016.0,01CW10879,2016,6,1,20
133721,201601CW10880,525330.0,181110.0,-0.19519,51.514967,1,Slight,2,1,2016-06-28,Tuesday,21:37,Westminster,E09000033,3,4206,6,30.0,6,2,3,4206,,,4,2,2,0,0,1,1,E01004653,3,1,28/06/2016,28/06/2016,1,3,0,18,,8,0,0,0,0,,,6,Male,33,26 - 35,125,1,1,5,1,,1,1,1,1,33,6,3,0,0,0,0,0,3,1,5,2016.0,01CW10880,E09000033,0.0,5.0,2.0,2016.0,01CW10880,7.0,3.0,0.0,3.0,1.0,-1,2016.0,01CW10880,2016,6,1,21