,accident_index,location_easting_osgr,location_northing_osgr,longitude,latitude,police_force,accident_severity,number_of_vehicles,number_of_casualties,date,day_of_week,time,local_authority_district,local_authority_highway,first_road_class,first_road_number,road_type,speed_limit,junction_detail,junction_control,second_road_class,second_road_number,pedestrian_crossing-human_control,pedestrian_crossing-physical_facilities,light_conditions,weather_conditions,road_surface_conditions,special_conditions_at_site,carriageway_hazards,urban_or_rural_area,did_police_officer_attend_scene_of_accident,lsoa_of_accident_location,accident_severity_num,accident_severity_inv,date2,date_original,vehicle_reference_x,vehicle_type,towing_and_articulation,vehicle_manoeuvre,vehicle_location-restricted_lane,junction_location,skidding_and_overturning,hit_object_in_carriageway,vehicle_leaving_carriageway,hit_object_off_carriageway,1st_point_of_impact,was_vehicle_left_hand_drive?,journey_purpose_of_driver,sex_of_driver,age_of_driver,age_band_of_driver,engine_capacity_cc,propulsion_code,age_of_vehicle,driver_imd_decile,driver_home_area_type,vehicle_imd_decile,vehicle_reference_y,casualty_reference,casualty_class,sex_of_casualty,age_of_casualty,age_band_of_casualty,casualty_severity,pedestrian_location,pedestrian_movement,car_passenger,bus_or_coach_passenger,pedestrian_road_maintenance_worker,casualty_type,casualty_home_area_type,casualty_imd_decile,accident_year_x,accident_reference_x,local_authority_ons_district,pedestrian_crossing_human_control,pedestrian_crossing_physical_facilities,trunk_road_flag,accident_year_y,accident_reference_y,vehicle_direction_from,vehicle_direction_to,vehicle_location_restricted_lane,first_point_of_impact,vehicle_left_hand_drive,generic_make_model,accident_year,accident_reference,year,month,severity,hours
133722,201601CW10881,528350.0,179220.0,-0.152378,51.497304,1,Serious,2,2,2016-06-28,Tuesday,20:00,Westminster,E09000033,4,310,6,30.0,6,4,6,0,,,4,1,1,0,0,1,1,E01004690,2,2,28/06/2016,28/06/2016,1,9,0,18,,8,0,0,0,0,,,6,Male,24,21 - 25,2993,2,3,10,1,,1,2,2,1,30,6,3,0,0,1,0,0,9,1,6,2016.0,01CW10881,E09000033,0.0,0.0,2.0,2016.0,01CW10881,4.0,8.0,0.0,4.0,1.0,-1,2016.0,01CW10881,2016,6,4,20
133723,201601CW10882,527370.0,181360.0,-0.165716,51.516758,1,Slight,2,2,2016-06-29,Wednesday,00:15,Westminster,E09000033,3,5,6,30.0,6,2,3,5,,,4,2,2,0,0,1,1,E01004686,3,1,29/06/2016,29/06/2016,1,8,0,18,,8,0,0,0,0,,,1,Male,19,16 - 20,-1,-1,-1,9,1,,2,1,1,1,41,7,3,0,0,0,0,0,9,1,5,2016.0,01CW10882,E09000033,0.0,5.0,2.0,2016.0,01CW10882,4.0,8.0,0.0,1.0,1.0,-1,2016.0,01CW10882,2016,6,2,0
133724,201601CW10883,525080.0,181510.0,-0.198649,51.518617,1,Serious,1,2,2016-06-29,Wednesday,00:04,Westminster,E09000033,3,4207,6,30.0,3,4,3,4207,,,4,2,2,0,0,1,1,E01032513,2,2,29/06/2016,29/06/2016,1,3,0,17,,8,0,0,0,0,,,6,Male,32,26 - 35,125,1,0,3,1,,1,1,1,1,32,6,3,0,0,0,0,0,3,1,3,2016.0,01CW10883,E09000033,0.0,1.0,2.0,2016.0,01CW10883,2.0,8.0,0.0,1.0,1.0,-1,2016.0,01CW10883,2016,6,4,0
133733,201601CW10892,529010.0,181860.0,-0.14191,51.520879,1,Slight,2,1,2016-06-24,Friday,19:05,Westminster,E09000033,5,0,2,30.0,6,4,6,0,,,1,1,1,0,0,1,2,E01004715,3,1,24/06/2016,24/06/2016,1,8,0,18,,8,0,0,0,0,,,1,Male,24,21 - 25,1968,2,0,3,1,,1,1,1,1,24,5,3,0,0,0,0,0,8,1,3,2016.0,01CW10892,E09000033,0.0,0.0,2.0,2016.0,01CW10892,6.0,2.0,0.0,2.0,1.0,-1,2016.0,01CW10892,2016,6,1,19
133734,201601CW10893,528480.0,180760.0,-0.149946,51.511114,1,Slight,2,1,2016-06-24,Friday,20:13,Westminster,E09000033,5,0,1,30.0,1,2,5,0,,,4,1,1,0,0,1,2,E01004761,3,1,24/06/2016,24/06/2016,1,9,0,3,,8,0,0,0,0,,,6,Female,23,21 - 25,999,1,2,4,1,,1,1,1,2,23,5,3,0,0,0,0,0,9,1,4,2016.0,01CW10893,E09000033,0.0,5.0,2.0,2016.0,01CW10893,8.0,4.0,0.0,2.0,1.0,-1,2016.0,01CW10893,2016,6,1,20
133747,201601CW10907,527030.0,181710.0,-0.170488,51.51998,1,Slight,2,1,2016-06-24,Friday,19:30,Westminster,E09000033,3,40,3,30.0,0,-1,-1,-1,,,4,1,1,0,0,1,1,E01004702,3,1,24/06/2016,24/06/2016,1,5,0,18,,0,0,0,0,0,,,6,Male,30,26 - 35,1170,1,5,1,1,,1,1,1,1,30,6,3,0,0,0,0,0,5,1,1,2016.0,01CW10907,E09000033,0.0,0.0,2.0,2016.0,01CW10907,7.0,3.0,0.0,3.0,1.0,-1,2016.0,01CW10907,2016,6,1,19
133758,201601CW10919,528900.0,181750.0,-0.143535,51.519916,1,Slight,2,2,2016-05-07,Saturday,20:57,Westminster,E09000033,5,0,2,30.0,6,4,6,0,,,4,1,1,0,0,1,1,E01004765,3,1,05/07/2016,05/07/2016,1,9,0,18,,8,0,0,0,0,,,6,Male,28,26 - 35,1968,2,5,6,1,,1,1,1,1,28,6,3,0,0,0,0,0,9,1,6,2016.0,01CW10919,E09000033,0.0,0.0,2.0,2016.0,01CW10919,8.0,4.0,0.0,4.0,1.0,-1,2016.0,01CW10919,2016,5,2,20
133773,201601CW10937,529250.0,180470.0,-0.138962,51.508333,1,Slight,2,1,2016-08-07,Sunday,23:05,Westminster,E09000033,3,4,6,30.0,3,2,6,0,,,4,1,1,0,0,1,1,E01004736,3,1,08/07/2016,08/07/2016,1,3,0,9,,8,0,0,0,0,,,6,Male,22,21 - 25,125,1,10,3,1,,1,1,1,1,22,5,3,0,0,0,0,0,3,1,3,2016.0,01CW10937,E09000033,0.0,5.0,2.0,2016.0,01CW10937,6.0,4.0,0.0,1.0,1.0,-1,2016.0,01CW10937,2016,8,1,23
133774,201601CW10938,524990.0,182320.0,-0.199659,51.525917,1,Slight,2,1,2016-08-07,Sunday,18:25,Westminster,E09000033,4,414,6,30.0,3,4,6,0,,,1,1,1,0,0,1,1,E01004674,3,1,08/07/2016,08/07/2016,1,9,0,9,,8,0,0,0,0,,,6,Male,30,26 - 35,1339,8,4,1,1,,2,1,1,1,49,8,3,0,0,0,0,0,1,1,10,2016.0,01CW10938,E09000033,0.0,0.0,2.0,2016.0,01CW10938,2.0,8.0,0.0,1.0,1.0,-1,2016.0,01CW10938,2016,8,1,18
133775,201601CW10939,527300.0,181240.0,-0.166768,51.515695,1,Slight,1,1,2016-09-07,Wednesday,04:32,Westminster,E09000033,6,0,6,30.0,3,4,6,0,,,4,1,1,0,0,1,1,E01004686,3,1,09/07/2016,09/07/2016,1,9,0,1,,8,0,10,7,2,,,6,Male,35,26 - 35,2987,2,1,2,1,,1,1,1,1,35,6,3,0,0,0,0,0,9,1,2,2016.0,01CW10939,E09000033,0.0,0.0,2.0,2016.0,01CW10939,8.0,4.0,0.0,3.0,1.0,-1,2016.0,01CW10939,2016,9,1,4
133807,201601CW10977,525340.0,181990.0,-0.194733,51.522873,1,Slight,2,1,2016-07-15,Friday,20:02,Westminster,E09000033,3,404,6,30.0,3,4,5,0,,,4,1,1,0,0,1,1,E01004755,3,1,15/07/2016,15/07/2016,1,3,0,15,,8,0,0,0,0,,,6,Male,21,21 - 25,1832,1,3,-1,-1,,1,1,1,1,21,5,3,0,0,0,0,0,3,-1,-1,2016.0,01CW10977,E09000033,0.0,1.0,2.0,2016.0,01CW10977,4.0,8.0,0.0,3.0,1.0,-1,2016.0,01CW10977,2016,7,1,20
133829,201601CW11006,529430.0,180640.0,-0.136308,51.509819,1,Slight,1,1,2016-07-21,Thursday,21:10,Westminster,E09000033,3,4201,6,30.0,6,4,6,0,,,4,1,1,0,0,1,1,E01033595,3,1,21/07/2016,21/07/2016,1,9,0,18,,8,0,0,0,0,,,6,Male,19,16 - 20,1598,1,13,2,1,,1,1,3,2,20,4,3,4,1,0,0,2,0,1,5,2016.0,01CW11006,E09000033,0.0,4.0,2.0,2016.0,01CW11006,7.0,3.0,0.0,1.0,1.0,-1,2016.0,01CW11006,2016,7,1,21
133837,201601CW11015,529930.0,179500.0,-0.129526,51.49946,1,Slight,2,1,2016-07-24,Sunday,03:15,Westminster,E09000033,3,302,6,30.0,3,2,5,0,,,4,1,1,0,0,1,1,E01004731,3,1,24/07/2016,24/07/2016,1,9,0,9,,8,0,0,0,0,,,6,Male,33,26 - 35,1968,2,2,10,1,,2,1,1,2,29,6,3,0,0,0,0,0,3,1,3,2016.0,01CW11015,E09000033,0.0,5.0,2.0,2016.0,01CW11015,1.0,6.0,0.0,1.0,1.0,-1,2016.0,01CW11015,2016,7,1,3
133838,201601CW11016,527880.0,180980.0,-0.158508,51.513228,1,Slight,1,1,2016-07-24,Sunday,05:00,Westminster,E09000033,3,40,1,30.0,1,2,3,40,,,1,1,1,0,0,1,1,E01004689,3,1,24/07/2016,24/07/2016,1,9,0,9,,8,0,0,0,0,,,6,Male,26,26 - 35,1796,1,9,-1,-1,,1,1,3,2,33,6,3,1,1,0,0,2,0,1,4,2016.0,01CW11016,E09000033,0.0,5.0,2.0,2016.0,01CW11016,7.0,5.0,0.0,1.0,1.0,-1,2016.0,01CW11016,2016,7,1,5
133841,201601CW11019,524850.0,182120.0,-0.201747,51.52415,1,Slight,1,1,2016-07-24,Sunday,21:55,Westminster,E09000033,3,404,6,30.0,6,2,3,4207,,,4,1,1,0,0,1,1,E01004679,3,1,24/07/2016,24/07/2016,1,3,0,18,,8,0,0,0,0,,,6,Male,19,16 - 20,125,1,5,1,1,,1,1,1,1,19,4,3,0,0,0,0,0,3,1,1,2016.0,01CW11019,E09000033,0.0,5.0,2.0,2016.0,01CW11019,4.0,8.0,0.0,4.0,1.0,-1,2016.0,01CW11019,2016,7,1,21
133864,201601CW11046,528840.0,182190.0,-0.144239,51.523884,1,Slight,2,2,2016-05-18,Wednesday,03:53,Westminster,E09000033,3,501,3,40.0,6,2,3,4201,,,4,1,1,0,0,1,1,E01004715,3,1,18/05/2016,18/05/2016,1,9,0,18,,1,0,0,0,0,,,2,Male,26,26 - 35,2183,2,4,7,1,,2,1,1,1,44,7,3,0,0,0,0,0,8,-1,-1,2016.0,01CW11046,E09000033,0.0,5.0,2.0,2016.0,01CW11046,3.0,7.0,0.0,4.0,1.0,-1,2016.0,01CW11046,2016,5,2,3
133868,201601CW11050,527250.0,181480.0,-0.167401,51.517863,1,Slight,4,2,2016-07-29,Friday,18:00,Westminster,E09000033,3,5,6,30.0,6,2,3,4209,,,1,1,1,0,0,1,1,E01004684,3,1,29/07/2016,29/07/2016,1,3,0,3,,8,0,0,0,0,,,6,Male,25,21 - 25,-1,-1,-1,-1,-1,,3,1,1,1,33,6,3,0,0,0,0,0,19,1,2,2016.0,01CW11050,E09000033,0.0,5.0,2.0,2016.0,01CW11050,4.0,8.0,0.0,2.0,1.0,-1,2016.0,01CW11050,2016,7,2,18
133870,201601CW11052,528820.0,179030.0,-0.14568,51.49549,1,Slight,2,2,2016-07-21,Thursday,02:25,Westminster,E09000033,3,3214,6,30.0,3,4,3,3215,,,4,1,1,0,0,1,1,E01004750,3,1,21/07/2016,21/07/2016,1,9,0,11,,8,0,0,0,0,,,6,Male,28,26 - 35,1596,1,12,1,1,,1,1,1,1,28,6,3,0,0,0,0,0,9,1,1,2016.0,01CW11052,E09000033,0.0,0.0,2.0,2016.0,01CW11052,6.0,2.0,0.0,1.0,1.0,-1,2016.0,01CW11052,2016,7,2,2
133875,201601CW11057,529920.0,178260.0,-0.130126,51.488318,1,Slight,2,1,2016-07-31,Sunday,21:17,Westminster,E09000033,3,3212,6,30.0,0,-1,-1,-1,,,4,1,1,0,0,1,1,E01004737,3,1,31/07/2016,31/07/2016,1,9,0,2,,0,0,0,0,0,,,6,Male,26,26 - 35,1596,1,13,6,1,,1,1,2,2,24,5,3,0,0,1,0,0,9,1,6,2016.0,01CW11057,E09000033,0.0,5.0,2.0,2016.0,01CW11057,0.0,0.0,0.0,2.0,1.0,-1,2016.0,01CW11057,2016,7,1,21
133879,201601CW11068,527200.0,182840.0,-0.167631,51.530097,1,Slight,2,1,2016-01-08,Friday,20:13,Westminster,E09000033,3,5205,1,30.0,1,4,3,41,,,1,2,2,0,0,1,1,E01004725,3,1,01/08/2016,01/08/2016,1,9,0,5,,1,0,0,0,0,,,2,Male,26,26 - 35,-1,-1,-1,3,1,,2,1,1,1,29,6,3,0,0,0,0,0,9,1,4,2016.0,01CW11068,E09000033,0.0,1.0,2.0,2016.0,01CW11068,2.0,6.0,0.0,1.0,1.0,-1,2016.0,01CW11068,2016,1,1,20
133882,201601CW11071,524840.0,182060.0,-0.201912,51.523613,1,Slight,2,1,2016-06-07,Tuesday,23:15,Westminster,E09000033,3,4207,6,30.0,3,4,6,0,,,4,1,1,0,0,1,2,E01004679,3,1,06/07/2016,06/07/2016,1,3,0,17,,1,0,0,0,0,,,6,Male,24,21 - 25,108,1,2,7,1,,1,1,1,1,24,5,3,0,0,0,0,0,3,1,7,2016.0,01CW11071,E09000033,0.0,0.0,2.0,2016.0,01CW11071,8.0,5.0,0.0,1.0,1.0,-1,2016.0,01CW11071,2016,6,1,23
133898,201601CW11091,528980.0,181360.0,-0.142525,51.516393,1,Slight,3,2,2016-06-08,Wednesday,20:38,Westminster,E09000033,3,4201,6,30.0,6,2,3,4201,,,1,1,1,0,0,1,1,E01004765,3,1,06/08/2016,06/08/2016,1,9,0,18,,1,0,0,0,0,,,1,Male,23,21 - 25,2143,2,1,5,1,,1,1,1,1,23,5,3,0,0,0,0,0,9,1,5,2016.0,01CW11091,E09000033,0.0,5.0,2.0,2016.0,01CW11091,1.0,5.0,0.0,1.0,1.0,-1,2016.0,01CW11091,2016,6,2,20
133900,201601CW11093,524190.0,182970.0,-0.210956,51.531935,1,Slight,1,1,2016-06-08,Wednesday,21:20,Westminster,E09000033,4,413,6,30.0,3,4,4,413,,,1,1,1,0,0,1,1,E01000586,3,1,06/08/2016,06/08/2016,1,8,0,9,,2,0,0,0,0,,,1,Male,31,26 - 35,1797,8,5,1,1,,1,1,3,2,57,9,3,1,1,0,0,2,0,1,3,2016.0,01CW11093,E09000033,0.0,4.0,2.0,2016.0,01CW11093,5.0,2.0,0.0,1.0,1.0,-1,2016.0,01CW11093,2016,6,1,21
133918,201601CW11121,528660.0,181140.0,-0.147215,51.514489,1,Slight,2,2,2016-08-14,Sunday,19:45,Westminster,E09000033,3,40,6,30.0,6,2,4,406,,,1,1,1,0,0,1,1,E01033595,3,1,14/08/2016,14/08/2016,1,2,0,18,,1,0,0,0,0,,,6,Male,19,16 - 20,125,1,6,3,1,,1,1,1,1,19,4,3,0,0,0,0,0,2,1,3,2016.0,01CW11121,E09000033,0.0,5.0,2.0,2016.0,01CW11121,7.0,3.0,0.0,1.0,1.0,-1,2016.0,01CW11121,2016,8,2,19
133934,201601CW11139,526430.0,182380.0,-0.178891,51.526136,1,Slight,2,1,2016-08-16,Tuesday,22:18,Westminster,E09000033,3,5,6,30.0,0,-1,-1,-1,,,4,1,1,0,0,1,1,E01004705,3,1,16/08/2016,16/08/2016,1,3,0,18,,0,0,0,0,0,,,6,Male,25,21 - 25,124,1,7,2,1,,1,1,1,1,25,5,3,0,0,0,0,0,3,1,2,2016.0,01CW11139,E09000033,0.0,0.0,2.0,2016.0,01CW11139,4.0,8.0,0.0,1.0,1.0,-1,2016.0,01CW11139,2016,8,1,22
133941,201601CW11147,527390.0,181960.0,-0.165211,51.522145,1,Slight,2,1,2016-08-18,Thursday,19:45,Westminster,E09000033,4,507,6,30.0,3,4,6,0,,,1,1,1,0,0,1,1,E01033603,3,1,18/08/2016,18/08/2016,1,3,0,14,,8,0,0,0,0,,,6,Male,21,21 - 25,125,1,5,3,1,,1,1,1,1,21,5,3,0,0,0,0,0,3,1,3,2016.0,01CW11147,E09000033,0.0,1.0,2.0,2016.0,01CW11147,1.0,5.0,0.0,1.0,1.0,-1,2016.0,01CW11147,2016,8,1,19
133942,201601CW11148,529620.0,177950.0,-0.134559,51.485601,1,Slight,2,1,2016-08-18,Thursday,18:35,Westminster,E09000033,3,3212,6,30.0,3,4,6,0,,,1,1,1,0,0,1,1,E01004738,3,1,18/08/2016,18/08/2016,1,9,0,7,,8,0,0,0,0,,,2,Male,24,21 - 25,1390,1,1,2,1,,2,1,1,1,32,6,3,0,0,0,0,0,1,1,7,2016.0,01CW11148,E09000033,0.0,1.0,2.0,2016.0,01CW11148,6.0,1.0,0.0,4.0,1.0,-1,2016.0,01CW11148,2016,8,1,18
133949,201601CW11157,528340.0,179840.0,-0.152297,51.502878,1,Slight,2,1,2016-08-21,Sunday,19:12,Westminster,E09000033,3,4,6,30.0,9,2,3,4,,,1,9,1,0,0,1,1,E01004761,3,1,21/08/2016,21/08/2016,1,5,0,10,,8,0,0,0,0,,,6,Male,32,26 - 35,750,1,5,8,1,,1,1,1,1,32,6,3,0,0,0,0,0,5,1,8,2016.0,01CW11157,E09000033,0.0,5.0,2.0,2016.0,01CW11157,4.0,2.0,0.0,1.0,1.0,-1,2016.0,01CW11157,2016,8,1,19
133951,201601CW11160,529910.0,181040.0,-0.129247,51.513304,1,Slight,1,1,2016-08-21,Sunday,01:02,Westminster,E09000033,3,400,6,30.0,6,2,3,401,,,4,1,2,0,0,1,1,E01004763,3,1,21/08/2016,21/08/2016,1,9,0,18,,2,0,0,0,0,,,6,Female,25,21 - 25,-1,-1,-1,2,1,,1,1,3,1,28,6,3,4,1,0,0,2,0,1,2,2016.0,01CW11160,E09000033,0.0,5.0,2.0,2016.0,01CW11160,5.0,1.0,0.0,1.0,1.0,-1,2016.0,01CW11160,2016,8,1,1
133955,201601CW11164,529930.0,180470.0,-0.129169,51.508177,1,Slight,1,2,2016-08-22,Monday,03:31,Westminster,E09000033,3,4,6,30.0,9,4,3,4,,,4,1,1,0,0,1,1,E01004736,3,1,22/08/2016,22/08/2016,1,9,0,17,,2,0,10,2,4,,,6,Male,27,26 - 35,2720,2,9,5,1,,1,1,2,1,24,5,3,0,0,2,0,0,9,-1,-1,2016.0,01CW11164,E09000033,0.0,4.0,2.0,2016.0,01CW11164,6.0,5.0,0.0,1.0,1.0,-1,2016.0,01CW11164,2016,8,2,3
133962,201601CW11171,526580.0,183660.0,-0.17627,51.537605,1,Slight,2,1,2016-08-23,Tuesday,18:15,Westminster,E09000033,3,41,3,40.0,0,-1,-1,-1,,,1,1,1,0,6,1,1,E01004649,3,1,23/08/2016,23/08/2016,1,5,0,18,,0,0,4,0,0,,,2,Female,29,26 - 35,599,1,8,8,1,,1,1,1,2,29,6,3,0,0,0,0,0,5,1,8,2016.0,01CW11171,E09000033,0.0,0.0,2.0,2016.0,01CW11171,5.0,1.0,0.0,1.0,1.0,-1,2016.0,01CW11171,2016,8,1,18
133965,201601CW11176,525990.0,183670.0,-0.184769,51.537827,1,Slight,2,2,2016-08-25,Thursday,01:45,Camden,E09000007,4,507,6,30.0,6,4,4,507,,,4,1,1,0,0,1,1,E01000929,3,1,25/08/2016,25/08/2016,1,8,0,18,,8,0,0,0,0,,,1,Male,32,26 - 35,1997,2,5,3,1,,1,1,1,1,32,6,3,0,0,0,0,0,8,1,3,2016.0,01CW11176,E09000007,0.0,1.0,2.0,2016.0,01CW11176,8.0,4.0,0.0,3.0,1.0,-1,2016.0,01CW11176,2016,8,2,1
133979,201601CW11193,528180.0,180440.0,-0.154383,51.508307,1,Slight,1,2,2016-08-30,Tuesday,05:10,Westminster,E09000033,3,4202,6,30.0,0,-1,-1,-1,,,1,1,1,0,0,1,1,E01004689,3,1,30/08/2016,30/08/2016,1,9,0,18,,0,0,0,0,0,,,6,Male,25,21 - 25,1461,2,0,2,1,,1,1,2,1,52,8,3,0,0,2,0,0,9,1,2,2016.0,01CW11193,E09000033,0.0,0.0,2.0,2016.0,01CW11193,8.0,4.0,0.0,1.0,1.0,-1,2016.0,01CW11193,2016,8,2,5
134009,201601EK40014,526360.0,186010.0,-0.178597,51.558774,1,Slight,2,2,2016-01-23,Saturday,02:00,Camden,E09000007,3,502,6,30.0,3,4,6,0,,,4,1,1,0,0,1,1,E01000899,3,1,23/01/2016,23/01/2016,1,9,0,3,,1,0,0,0,0,,,6,Female,24,21 - 25,1598,2,2,2,1,,1,1,1,2,24,5,3,0,0,0,0,0,9,1,2,2016.0,01EK40014,E09000007,0.0,1.0,2.0,2016.0,01EK40014,1.0,5.0,0.0,2.0,1.0,-1,2016.0,01EK40014,2016,1,2,2
134024,201601EK40033,530340.0,181590.0,-0.122851,51.518148,1,Slight,2,1,2016-01-28,Thursday,22:35,Camden,E09000007,3,40,6,30.0,3,4,6,0,,,4,4,1,0,0,1,1,E01000918,3,1,28/01/2016,28/01/2016,1,9,0,7,,5,0,0,0,0,,,6,Female,28,26 - 35,999,1,4,9,1,,2,1,1,1,30,6,3,0,0,0,0,0,1,1,6,2016.0,01EK40033,E09000007,0.0,4.0,2.0,2016.0,01EK40033,6.0,8.0,0.0,4.0,1.0,-1,2016.0,01EK40033,2016,1,1,22
134026,201601EK40036,529130.0,185810.0,-0.138734,51.55635,1,Slight,1,1,2016-01-20,Wednesday,18:07,Camden,E09000007,3,400,6,30.0,0,-1,-1,-1,,,4,1,1,0,0,1,1,E01000921,3,1,20/01/2016,20/01/2016,1,2,0,18,,0,0,0,0,0,,,1,Male,24,21 - 25,49,1,7,-1,-1,,1,1,1,1,24,5,3,0,0,0,0,0,2,-1,-1,2016.0,01EK40036,E09000007,0.0,0.0,2.0,2016.0,01EK40036,1.0,5.0,0.0,3.0,1.0,-1,2016.0,01EK40036,2016,1,1,18
134027,201601EK40037,530070.0,182150.0,-0.126534,51.523243,1,Slight,3,1,2016-01-30,Saturday,20:25,Camden,E09000007,3,4200,6,20.0,0,-1,-1,-1,,,1,1,1,0,0,1,1,E01000852,3,1,30/01/2016,30/01/2016,1,9,0,18,,0,0,0,0,0,,,6,Male,21,21 - 25,998,1,10,8,1,,2,1,1,2,57,9,3,0,0,0,0,0,9,-1,-1,2016.0,01EK40037,E09000007,0.0,0.0,2.0,2016.0,01EK40037,4.0,8.0,0.0,1.0,1.0,-1,2016.0,01EK40037,2016,1,1,20
134030,201601EK40040,529450.0,183700.0,-0.134896,51.537315,1,Serious,2,1,2016-01-18,Monday,18:20,Camden,E09000007,3,5202,6,30.0,3,4,6,0,,,4,1,1,0,0,1,1,E01000959,2,2,18/01/2016,18/01/2016,1,9,0,7,,8,0,0,0,0,,,6,Male,35,26 - 35,2000,1,16,1,1,,2,1,1,1,28,6,2,0,0,0,0,0,1,1,2,2016.0,01EK40040,E09000007,0.0,0.0,2.0,2016.0,01EK40040,6.0,8.0,0.0,3.0,1.0,-1,2016.0,01EK40040,2016,1,2,18
134035,201601EK40050,528990.0,185060.0,-0.141027,51.549642,1,Slight,1,2,2016-03-02,Wednesday,18:13,Camden,E09000007,3,400,6,20.0,3,4,6,0,,,4,1,1,0,0,1,1,E01000928,3,1,03/02/2016,03/02/2016,1,3,0,18,,2,1,0,0,0,,,1,Male,23,21 - 25,125,1,1,9,1,,1,1,3,1,28,6,3,1,3,0,0,2,0,1,8,2016.0,01EK40050,E09000007,0.0,4.0,2.0,2016.0,01EK40050,5.0,1.0,0.0,1.0,1.0,-1,2016.0,01EK40050,2016,3,2,18
134049,201601EK40070,530510.0,181530.0,-0.120424,51.517569,1,Slight,2,1,2016-02-13,Saturday,21:10,Camden,E09000007,3,40,6,20.0,6,2,3,4200,,,4,2,2,0,0,1,1,E01000918,3,1,13/02/2016,13/02/2016,1,90,0,18,,8,0,0,0,0,,,1,Female,32,26 - 35,-1,-1,-1,-1,-1,,2,1,1,1,57,9,3,0,0,0,0,0,9,1,2,2016.0,01EK40070,E09000007,0.0,5.0,2.0,2016.0,01EK40070,7.0,3.0,0.0,1.0,1.0,-1,2016.0,01EK40070,2016,2,1,21
134058,201601EK40081,530290.0,181730.0,-0.12352,51.519418,1,Slight,1,1,2016-02-17,Wednesday,20:50,Camden,E09000007,5,0,6,30.0,3,4,6,0,,,4,2,2,0,0,1,1,E01000855,3,1,17/02/2016,17/02/2016,1,9,0,4,,1,0,0,0,0,,,6,Male,23,21 - 25,1398,1,4,2,1,,1,1,3,1,16,4,3,5,2,0,0,2,0,-1,-1,2016.0,01EK40081,E09000007,0.0,0.0,2.0,2016.0,01EK40081,1.0,5.0,0.0,1.0,1.0,-1,2016.0,01EK40081,2016,2,1,20
134060,201601EK40083,529050.0,184010.0,-0.140547,51.540192,1,Serious,1,1,2016-02-17,Wednesday,22:54,Camden,E09000007,3,503,6,30.0,0,-1,-1,-1,,,4,2,2,0,0,1,1,E01000856,2,2,17/02/2016,17/02/2016,1,9,0,18,,0,0,0,0,0,,,6,Male,34,26 - 35,1596,1,8,1,1,,1,1,3,2,28,6,2,1,1,0,0,2,0,1,4,2016.0,01EK40083,E09000007,0.0,4.0,2.0,2016.0,01EK40083,2.0,6.0,0.0,1.0,1.0,-1,2016.0,01EK40083,2016,2,2,22
134073,201601EK40101,525150.0,185900.0,-0.196081,51.558055,1,Slight,2,1,2016-02-24,Wednesday,19:25,Camden,E09000007,3,41,6,30.0,0,-1,-1,-1,,,4,1,1,0,0,1,1,E01000871,3,1,24/02/2016,24/02/2016,1,5,0,18,,0,0,0,0,0,,,2,Male,23,21 - 25,749,1,9,10,1,,1,1,1,1,23,5,3,0,0,0,0,0,5,1,10,2016.0,01EK40101,E09000007,0.0,8.0,2.0,2016.0,01EK40101,5.0,1.0,0.0,1.0,1.0,-1,2016.0,01EK40101,2016,2,1,19
134080,201601EK40109,528310.0,184620.0,-0.150989,51.545843,1,Slight,2,1,2016-02-28,Sunday,20:15,Camden,E09000007,5,0,6,20.0,6,2,4,517,,,4,1,1,0,0,1,1,E01000905,3,1,28/02/2016,28/02/2016,1,9,0,7,,1,0,0,0,0,,,6,Female,35,26 - 35,1598,1,11,1,1,,2,1,1,1,35,6,3,0,0,0,0,0,3,1,5,2016.0,01EK40109,E09000007,0.0,5.0,2.0,2016.0,01EK40109,7.0,1.0,0.0,4.0,1.0,-1,2016.0,01EK40109,2016,2,1,20
134083,201601EK40115,528620.0,183640.0,-0.146879,51.536965,1,Slight,2,2,2016-02-19,Friday,18:15,Camden,E09000007,5,0,6,30.0,3,2,5,0,,,4,1,1,0,0,1,2,E01000862,3,1,19/02/2016,19/02/2016,1,9,0,9,,8,0,0,0,0,,,6,Male,33,26 - 35,1968,2,2,7,1,,1,1,1,1,33,6,3,0,0,0,0,0,9,1,7,2016.0,01EK40115,E09000007,0.0,5.0,2.0,2016.0,01EK40115,2.0,8.0,0.0,2.0,1.0,-1,2016.0,01EK40115,2016,2,2,18
134089,201601EK40121,527520.0,184340.0,-0.162477,51.543505,1,Slight,1,1,2016-05-03,Tuesday,20:25,Camden,E09000007,4,509,6,30.0,6,2,5,0,,,4,1,1,0,0,1,1,E01000846,3,1,05/03/2016,05/03/2016,1,8,0,18,,1,0,0,0,0,,,1,Male,30,26 - 35,1956,2,4,1,1,,1,1,3,2,36,7,3,4,2,0,0,2,0,1,4,2016.0,01EK40121,E09000007,0.0,5.0,2.0,2016.0,01EK40121,2.0,6.0,0.0,4.0,1.0,-1,2016.0,01EK40121,2016,5,1,20
134096,201601EK40128,528760.0,184030.0,-0.144719,51.540438,1,Slight,1,2,2016-04-03,Sunday,22:15,Camden,E09000007,5,0,6,20.0,0,-1,-1,-1,,,4,1,1,0,0,1,1,E01000863,3,1,04/03/2016,04/03/2016,1,3,0,18,,0,0,0,0,0,,,1,Male,24,21 - 25,108,1,3,4,1,,1,1,1,1,24,5,3,0,0,0,0,0,3,1,4,2016.0,01EK40128,E09000007,0.0,5.0,2.0,2016.0,01EK40128,2.0,6.0,0.0,4.0,1.0,-1,2016.0,01EK40128,2016,4,2,22