,accident_index,location_easting_osgr,location_northing_osgr,longitude,latitude,police_force,accident_severity,number_of_vehicles,number_of_casualties,date,day_of_week,time,local_authority_district,local_authority_highway,first_road_class,first_road_number,road_type,speed_limit,junction_detail,junction_control,second_road_class,second_road_number,pedestrian_crossing-human_control,pedestrian_crossing-physical_facilities,light_conditions,weather_conditions,road_surface_conditions,special_conditions_at_site,carriageway_hazards,urban_or_rural_area,did_police_officer_attend_scene_of_accident,lsoa_of_accident_location,accident_severity_num,accident_severity_inv,date2,date_original,vehicle_reference_x,vehicle_type,towing_and_articulation,vehicle_manoeuvre,vehicle_location-restricted_lane,junction_location,skidding_and_overturning,hit_object_in_carriageway,vehicle_leaving_carriageway,hit_object_off_carriageway,1st_point_of_impact,was_vehicle_left_hand_drive?,journey_purpose_of_driver,sex_of_driver,age_of_driver,age_band_of_driver,engine_capacity_cc,propulsion_code,age_of_vehicle,driver_imd_decile,driver_home_area_type,vehicle_imd_decile,vehicle_reference_y,casualty_reference,casualty_class,sex_of_casualty,age_of_casualty,age_band_of_casualty,casualty_severity,pedestrian_location,pedestrian_movement,car_passenger,bus_or_coach_passenger,pedestrian_road_maintenance_worker,casualty_type,casualty_home_area_type,casualty_imd_decile,accident_year_x,accident_reference_x,local_authority_ons_district,pedestrian_crossing_human_control,pedestrian_crossing_physical_facilities,trunk_road_flag,accident_year_y,accident_reference_y,vehicle_direction_from,vehicle_direction_to,vehicle_location_restricted_lane,first_point_of_impact,vehicle_left_hand_drive,generic_make_model,accident_year,accident_reference,year,month,severity,hours
134097,201601EK40130,529480.0,181640.0,-0.135221,51.518795,1,Slight,1,1,2016-04-03,Sunday,21:55,Camden,E09000007,6,0,6,20.0,3,4,6,0,,,4,1,1,0,0,1,1,E01004763,3,1,04/03/2016,04/03/2016,1,3,0,18,,1,0,0,0,0,,,6,Male,26,26 - 35,125,1,1,8,1,,1,1,1,1,26,6,3,0,0,0,0,0,3,1,8,2016.0,01EK40130,E09000007,0.0,0.0,2.0,2016.0,01EK40130,5.0,1.0,0.0,3.0,1.0,-1,2016.0,01EK40130,2016,4,1,21
134102,201601EK40135,529550.0,182470.0,-0.133907,51.526238,1,Slight,4,1,2016-10-03,Monday,22:55,Camden,E09000007,3,501,3,30.0,6,2,5,0,,,4,1,1,0,0,1,1,E01000945,3,1,10/03/2016,10/03/2016,1,8,0,18,,1,0,0,0,0,,,1,Male,24,21 - 25,1560,2,5,3,1,,2,1,2,1,-1,-1,3,0,0,2,0,0,8,1,9,2016.0,01EK40135,E09000007,0.0,5.0,2.0,2016.0,01EK40135,6.0,2.0,0.0,1.0,1.0,-1,2016.0,01EK40135,2016,10,1,22
134113,201601EK40149,524390.0,185180.0,-0.207293,51.551752,1,Slight,2,1,2016-03-14,Monday,18:11,Camden,E09000007,6,0,6,30.0,6,4,6,0,,,4,1,1,0,0,1,1,E01000872,3,1,14/03/2016,14/03/2016,1,9,0,4,,8,0,0,0,0,,,6,Male,28,26 - 35,-1,-1,-1,-1,-1,,2,1,1,1,31,6,3,0,0,0,0,0,4,1,4,2016.0,01EK40149,E09000007,0.0,0.0,2.0,2016.0,01EK40149,2.0,6.0,0.0,4.0,1.0,-1,2016.0,01EK40149,2016,3,1,18
134140,201601EK40183,529900.0,182250.0,-0.128946,51.52418,1,Slight,2,1,2016-03-24,Thursday,23:12,Camden,E09000007,5,0,6,30.0,6,2,5,0,,,4,2,2,0,0,1,1,E01000855,3,1,24/03/2016,24/03/2016,1,8,0,9,,8,0,0,0,0,,,1,Male,29,26 - 35,-1,-1,-1,2,1,,2,1,1,1,47,8,3,0,0,0,0,0,1,1,4,2016.0,01EK40183,E09000007,0.0,5.0,2.0,2016.0,01EK40183,6.0,4.0,0.0,3.0,1.0,-1,2016.0,01EK40183,2016,3,1,23
134153,201601EK40197,528780.0,184060.0,-0.14442,51.540703,1,Slight,2,3,2016-01-04,Monday,23:20,Camden,E09000007,3,502,6,20.0,6,2,5,0,,,4,1,1,0,0,1,1,E01000863,3,1,01/04/2016,01/04/2016,1,9,0,4,,2,0,0,0,0,,,6,Male,34,26 - 35,2499,1,11,6,1,,1,1,2,2,30,6,3,0,0,1,0,0,9,-1,-1,2016.0,01EK40197,E09000007,0.0,5.0,2.0,2016.0,01EK40197,4.0,8.0,0.0,2.0,1.0,-1,2016.0,01EK40197,2016,1,3,23
134169,201601EK40214,525260.0,184740.0,-0.194908,51.547606,1,Serious,1,1,2016-12-04,Sunday,18:59,Camden,E09000007,5,0,6,30.0,3,4,4,520,,,1,1,1,0,0,1,1,E01000973,2,2,12/04/2016,12/04/2016,1,3,0,9,,2,0,10,0,0,,,6,Male,14,11 - 15,108,1,8,3,1,,1,1,1,1,14,3,2,0,0,0,0,0,3,1,3,2016.0,01EK40214,E09000007,0.0,1.0,2.0,2016.0,01EK40214,2.0,7.0,0.0,4.0,1.0,-1,2016.0,01EK40214,2016,12,2,18
134170,201601EK40216,526810.0,184050.0,-0.172815,51.541059,1,Slight,2,1,2016-04-13,Wednesday,21:00,Camden,E09000007,4,525,6,30.0,0,-1,-1,-1,,,4,1,1,0,0,1,1,E01000963,3,1,13/04/2016,13/04/2016,1,3,0,18,,0,0,0,0,0,,,6,Male,29,26 - 35,108,1,1,-1,-1,,1,1,1,1,29,6,3,0,0,0,0,0,3,-1,-1,2016.0,01EK40216,E09000007,0.0,0.0,2.0,2016.0,01EK40216,8.0,4.0,0.0,4.0,1.0,-1,2016.0,01EK40216,2016,4,1,21
134175,201601EK40221,528570.0,184240.0,-0.14738,51.542368,1,Slight,1,1,2016-04-16,Saturday,19:00,Camden,E09000007,3,502,6,20.0,3,4,6,0,,,1,1,1,0,0,1,1,E01000858,3,1,16/04/2016,16/04/2016,1,3,0,18,,1,0,0,0,0,,,6,Male,21,21 - 25,-1,-1,-1,2,1,,1,1,3,1,21,5,3,1,1,0,0,2,0,1,3,2016.0,01EK40221,E09000007,0.0,1.0,2.0,2016.0,01EK40221,4.0,8.0,0.0,1.0,1.0,-1,2016.0,01EK40221,2016,4,1,19
134182,201601EK40232,525490.0,185010.0,-0.191497,51.549981,1,Slight,2,1,2016-08-01,Monday,20:40,Camden,E09000007,4,510,6,30.0,3,4,6,0,,,4,1,1,0,0,1,1,E01000970,3,1,08/01/2016,08/01/2016,1,9,0,9,,8,0,0,0,0,,,6,Male,21,21 - 25,1395,1,1,9,1,,2,1,1,1,31,6,3,0,0,0,0,0,3,-1,-1,2016.0,01EK40232,E09000007,0.0,0.0,2.0,2016.0,01EK40232,1.0,7.0,0.0,2.0,1.0,-1,2016.0,01EK40232,2016,8,1,20
134184,201601EK40235,525440.0,183790.0,-0.192652,51.539028,1,Slight,1,1,2016-01-16,Saturday,19:15,Camden,E09000007,6,0,6,30.0,0,-1,-1,-1,,,4,1,1,0,0,1,1,E01000930,3,1,16/01/2016,16/01/2016,1,9,0,18,,0,0,0,0,0,,,6,Female,26,26 - 35,-1,-1,-1,10,1,,1,1,3,1,53,8,3,5,1,0,0,2,0,1,3,2016.0,01EK40235,E09000007,0.0,0.0,2.0,2016.0,01EK40235,2.0,6.0,0.0,1.0,1.0,-1,2016.0,01EK40235,2016,1,1,19
134198,201601EK40250,530060.0,181240.0,-0.127013,51.515067,1,Slight,2,1,2016-02-01,Monday,20:20,Camden,E09000007,3,401,6,30.0,3,4,4,404,,,4,1,2,0,0,1,1,E01000919,3,1,02/01/2016,02/01/2016,1,8,0,13,,1,0,0,0,0,,,1,Male,25,21 - 25,1798,8,4,5,1,,2,1,1,1,-1,-1,3,0,0,0,0,0,3,-1,-1,2016.0,01EK40250,E09000007,0.0,1.0,2.0,2016.0,01EK40250,1.0,5.0,0.0,4.0,1.0,-1,2016.0,01EK40250,2016,2,1,20
134208,201601EK40260,526640.0,184310.0,-0.175171,51.543434,1,Slight,2,2,2016-05-01,Sunday,00:45,Camden,E09000007,3,41,6,30.0,6,2,4,511,,,4,2,2,0,0,1,1,E01000963,3,1,05/01/2016,05/01/2016,1,9,0,3,,1,0,0,0,0,,,6,Male,20,16 - 20,1368,1,1,8,1,,1,1,1,1,20,4,3,0,0,0,0,0,9,1,8,2016.0,01EK40260,E09000007,0.0,5.0,2.0,2016.0,01EK40260,5.0,1.0,0.0,2.0,1.0,-1,2016.0,01EK40260,2016,5,2,0
134209,201601EK40261,528450.0,184290.0,-0.149092,51.542845,1,Serious,2,1,2016-07-01,Friday,00:20,Camden,E09000007,3,502,6,30.0,3,2,4,517,,,4,1,1,0,0,1,1,E01000858,2,2,07/01/2016,07/01/2016,1,9,0,7,,8,0,0,0,0,,,6,Male,26,26 - 35,1390,1,13,-1,-1,,2,1,1,1,26,6,2,0,0,0,0,0,3,1,1,2016.0,01EK40261,E09000007,0.0,5.0,2.0,2016.0,01EK40261,1.0,4.0,0.0,3.0,1.0,-1,2016.0,01EK40261,2016,7,2,0
134215,201601EK40268,526140.0,186030.0,-0.181761,51.559003,1,Slight,2,1,2016-04-23,Saturday,19:50,Camden,E09000007,6,0,6,30.0,3,4,6,0,,,1,1,1,0,0,1,1,E01000885,3,1,23/04/2016,23/04/2016,1,5,0,18,,8,0,0,0,0,,,6,Male,23,21 - 25,599,1,10,1,1,,1,1,1,1,23,5,3,0,0,0,0,0,5,1,1,2016.0,01EK40268,E09000007,0.0,0.0,2.0,2016.0,01EK40268,4.0,8.0,0.0,3.0,1.0,-1,2016.0,01EK40268,2016,4,1,19
134233,201601EK40288,528740.0,185550.0,-0.144451,51.554103,1,Serious,2,1,2016-04-27,Wednesday,20:20,Camden,E09000007,4,518,6,30.0,3,4,6,0,,,4,1,1,0,0,1,1,E01000928,2,2,27/04/2016,27/04/2016,1,9,0,9,,8,0,0,0,0,,,6,Male,21,21 - 25,1461,2,2,4,1,,2,1,1,1,24,5,2,0,0,0,0,0,1,1,2,2016.0,01EK40288,E09000007,0.0,0.0,2.0,2016.0,01EK40288,2.0,8.0,0.0,1.0,1.0,-1,2016.0,01EK40288,2016,4,2,20
134246,201601EK40303,530980.0,181970.0,-0.113491,51.521415,1,Slight,2,1,2016-01-05,Tuesday,22:05,Camden,E09000007,3,5200,6,30.0,6,2,3,401,,,1,1,1,0,0,1,1,E01000920,3,1,01/05/2016,01/05/2016,1,9,0,5,,8,0,0,0,0,,,6,Male,26,26 - 35,1560,2,7,5,1,,2,1,1,1,43,7,3,0,0,0,0,0,3,-1,-1,2016.0,01EK40303,E09000007,0.0,5.0,2.0,2016.0,01EK40303,6.0,2.0,0.0,3.0,1.0,-1,2016.0,01EK40303,2016,1,1,22
134260,201601EK40323,525430.0,185530.0,-0.192176,51.554668,1,Slight,2,2,2016-07-05,Tuesday,20:07,Camden,E09000007,3,41,6,30.0,3,4,6,0,,,4,1,1,0,0,1,1,E01000877,3,1,07/05/2016,07/05/2016,1,9,0,15,,8,0,0,0,0,,,6,Male,25,21 - 25,-1,-1,-1,6,1,,2,1,1,1,25,5,3,0,0,0,0,0,9,1,4,2016.0,01EK40323,E09000007,0.0,0.0,2.0,2016.0,01EK40323,8.0,4.0,0.0,1.0,1.0,-1,2016.0,01EK40323,2016,7,2,20
134270,201601EK40334,526280.0,184750.0,-0.180202,51.547468,1,Slight,3,1,2016-05-14,Saturday,01:17,Camden,E09000007,3,41,6,30.0,0,-1,-1,-1,,,4,1,1,0,0,1,1,E01000972,3,1,14/05/2016,14/05/2016,1,9,0,18,,0,0,4,0,0,,,6,Male,30,26 - 35,2967,2,11,2,1,,1,1,1,1,30,6,3,0,0,0,0,0,9,1,2,2016.0,01EK40334,E09000007,0.0,7.0,2.0,2016.0,01EK40334,8.0,4.0,2.0,1.0,1.0,-1,2016.0,01EK40334,2016,5,1,1
134271,201601EK40335,526660.0,184310.0,-0.174883,51.543429,1,Slight,2,2,2016-05-13,Friday,23:38,Camden,E09000007,3,41,3,30.0,9,2,3,41,,,7,1,1,0,0,1,1,E01000963,3,1,13/05/2016,13/05/2016,1,9,0,18,,8,0,0,4,6,,,6,Male,17,16 - 20,1149,1,14,1,1,,1,1,2,1,27,6,3,0,0,2,0,0,9,1,2,2016.0,01EK40335,E09000007,0.0,5.0,2.0,2016.0,01EK40335,1.0,5.0,0.0,2.0,1.0,-1,2016.0,01EK40335,2016,5,2,23
134273,201601EK40337,528320.0,183750.0,-0.151162,51.538022,1,Slight,2,1,2016-05-15,Sunday,18:08,Camden,E09000007,5,0,6,30.0,3,4,6,0,,,1,1,1,0,0,1,1,E01000862,3,1,15/05/2016,15/05/2016,1,4,0,13,,8,0,0,0,0,,,1,Male,21,21 - 25,124,1,0,2,1,,1,1,1,1,21,5,3,0,0,0,0,0,4,1,2,2016.0,01EK40337,E09000007,0.0,0.0,2.0,2016.0,01EK40337,3.0,7.0,0.0,4.0,1.0,-1,2016.0,01EK40337,2016,5,1,18
134275,201601EK40339,525520.0,184600.0,-0.19121,51.54629,1,Slight,2,1,2016-05-14,Saturday,21:10,Camden,E09000007,4,510,6,20.0,3,2,5,0,,,4,1,1,0,0,1,1,E01000973,3,1,14/05/2016,14/05/2016,1,9,0,15,,8,0,0,0,0,,,6,Male,34,26 - 35,1598,1,12,6,1,,2,1,1,1,28,6,3,0,0,0,0,0,9,1,5,2016.0,01EK40339,E09000007,0.0,5.0,2.0,2016.0,01EK40339,5.0,1.0,0.0,1.0,1.0,-1,2016.0,01EK40339,2016,5,1,21
134287,201601EK40357,528140.0,187140.0,-0.152522,51.568528,1,Slight,2,1,2016-05-20,Friday,18:25,Camden,E09000007,5,0,2,20.0,0,-1,-1,-1,,,1,1,1,4,0,1,1,E01000913,3,1,20/05/2016,20/05/2016,1,9,0,6,,0,0,0,0,0,,,6,Male,24,21 - 25,1896,2,14,1,1,,2,1,1,1,46,8,3,0,0,0,0,0,1,1,3,2016.0,01EK40357,E09000007,0.0,0.0,2.0,2016.0,01EK40357,2.0,2.0,0.0,3.0,1.0,-1,2016.0,01EK40357,2016,5,1,18
134289,201601EK40359,529580.0,183170.0,-0.133218,51.532522,1,Slight,2,1,2016-05-24,Tuesday,20:05,Camden,E09000007,6,0,6,20.0,0,-1,-1,-1,,,1,1,1,0,0,1,1,E01000954,3,1,24/05/2016,24/05/2016,1,2,0,18,,0,0,0,0,0,,,6,Male,19,16 - 20,125,1,6,3,1,,1,1,1,1,19,4,3,0,0,0,0,0,2,1,3,2016.0,01EK40359,E09000007,0.0,0.0,2.0,2016.0,01EK40359,4.0,8.0,0.0,4.0,1.0,-1,2016.0,01EK40359,2016,5,1,20
134301,201601EK40376,525280.0,185340.0,-0.194406,51.552994,1,Slight,3,2,2016-05-28,Saturday,21:30,Camden,E09000007,4,510,6,20.0,0,-1,-1,-1,,,4,1,1,0,0,1,1,E01000874,3,1,28/05/2016,28/05/2016,1,5,0,3,,0,0,0,0,0,,,6,Male,28,26 - 35,600,1,2,3,1,,1,1,1,1,28,6,3,0,0,0,0,0,5,1,3,2016.0,01EK40376,E09000007,0.0,0.0,2.0,2016.0,01EK40376,8.0,4.0,0.0,2.0,1.0,-1,2016.0,01EK40376,2016,5,2,21
134306,201601EK40381,524740.0,184510.0,-0.202485,51.545654,1,Slight,2,1,2016-05-30,Monday,22:25,Brent,E09000005,3,5,6,30.0,6,2,4,520,,,4,1,1,0,0,1,1,E01000490,3,1,30/05/2016,30/05/2016,1,3,0,13,,8,0,0,0,0,,,2,Male,32,26 - 35,125,1,5,4,1,,1,1,1,1,32,6,3,0,0,0,0,0,3,1,4,2016.0,01EK40381,E09000005,0.0,5.0,2.0,2016.0,01EK40381,4.0,8.0,0.0,4.0,1.0,-1,2016.0,01EK40381,2016,5,1,22
134310,201601EK40388,528900.0,183870.0,-0.14276,51.538968,1,Slight,1,1,2016-03-06,Sunday,23:57,Camden,E09000007,3,502,2,30.0,6,2,3,4201,,,4,1,1,0,0,1,1,E01000863,3,1,03/06/2016,03/06/2016,1,8,0,18,,2,0,0,0,0,,,1,Male,26,26 - 35,1997,2,5,6,1,,1,1,3,1,34,6,3,1,3,0,0,2,0,-1,-1,2016.0,01EK40388,E09000007,0.0,5.0,2.0,2016.0,01EK40388,4.0,8.0,0.0,3.0,1.0,-1,2016.0,01EK40388,2016,3,1,23
134331,201601EK40414,529900.0,182680.0,-0.128787,51.528045,1,Slight,2,4,2016-12-06,Tuesday,00:06,Camden,E09000007,3,501,6,30.0,3,4,6,0,,,4,1,1,0,0,1,1,E01000956,3,1,12/06/2016,12/06/2016,1,8,0,4,,1,0,0,0,0,,,1,Male,34,26 - 35,1956,2,6,6,2,,1,1,1,1,34,6,3,0,0,0,0,0,8,2,6,2016.0,01EK40414,E09000007,0.0,8.0,2.0,2016.0,01EK40414,6.0,2.0,0.0,2.0,1.0,-1,2016.0,01EK40414,2016,12,4,0
134355,201601EK40449,525510.0,183490.0,-0.19175,51.536316,1,Serious,1,2,2016-06-24,Friday,18:07,Camden,E09000007,3,5,6,30.0,0,-1,-1,-1,,,1,1,1,0,0,1,1,E01000550,2,2,24/06/2016,24/06/2016,1,5,0,18,,0,0,0,0,0,,,6,Male,25,21 - 25,803,1,4,2,1,,1,1,1,1,25,5,3,0,0,0,0,0,5,1,2,2016.0,01EK40449,E09000007,0.0,0.0,2.0,2016.0,01EK40449,4.0,8.0,0.0,1.0,1.0,-1,2016.0,01EK40449,2016,6,4,18
134362,201601EK40457,529040.0,183180.0,-0.140995,51.532735,1,Slight,1,3,2016-06-24,Friday,23:50,Camden,E09000007,6,0,6,30.0,0,-1,-1,-1,,,4,1,1,0,0,1,1,E01000947,3,1,24/06/2016,24/06/2016,1,9,0,17,,0,0,10,2,2,,,6,Male,22,21 - 25,1995,1,5,3,1,,1,1,1,1,22,5,3,0,0,0,0,0,9,1,3,2016.0,01EK40457,E09000007,0.0,0.0,2.0,2016.0,01EK40457,2.0,8.0,0.0,1.0,1.0,-1,2016.0,01EK40457,2016,6,3,23
134369,201601EK40467,527340.0,185090.0,-0.1648,51.550286,1,Slight,1,2,2016-02-07,Sunday,02:40,Camden,E09000007,3,502,6,30.0,3,4,6,0,,,4,1,1,0,0,1,1,E01000849,3,1,02/07/2016,02/07/2016,1,9,0,18,,1,0,0,1,2,,,6,Male,30,26 - 35,1988,1,16,2,1,,1,1,1,1,30,6,3,0,0,0,0,0,9,1,2,2016.0,01EK40467,E09000007,0.0,4.0,2.0,2016.0,01EK40467,4.0,8.0,0.0,1.0,1.0,-1,2016.0,01EK40467,2016,2,2,2
134406,201601EK40509,531420.0,182060.0,-0.107119,51.522122,1,Slight,2,1,2016-07-18,Monday,00:58,Islington,E09000019,3,201,6,30.0,6,2,3,5201,,,4,1,1,0,0,1,1,E01002724,3,1,18/07/2016,18/07/2016,1,8,0,18,,8,0,0,0,0,,,1,Male,35,26 - 35,2499,2,8,1,1,,2,1,1,1,28,6,3,0,0,0,0,0,1,-1,-1,2016.0,01EK40509,E09000019,0.0,5.0,2.0,2016.0,01EK40509,4.0,8.0,0.0,4.0,1.0,-1,2016.0,01EK40509,2016,7,1,0
134408,201601EK40511,528990.0,185010.0,-0.141045,51.549193,1,Serious,1,1,2016-07-16,Saturday,01:02,Camden,E09000007,3,400,6,20.0,3,4,6,0,,,4,8,1,0,0,1,1,E01000928,2,2,16/07/2016,16/07/2016,1,8,0,18,,2,0,0,0,0,,,1,Male,34,26 - 35,1798,8,0,4,1,,1,1,3,2,27,6,2,5,3,0,0,2,0,1,5,2016.0,01EK40511,E09000007,0.0,0.0,2.0,2016.0,01EK40511,5.0,1.0,0.0,1.0,1.0,-1,2016.0,01EK40511,2016,7,2,1
134420,201601EK40529,530530.0,182760.0,-0.119681,51.528619,1,Slight,2,1,2016-07-22,Friday,18:16,Camden,E09000007,3,5200,6,30.0,3,2,5,0,,,1,9,1,0,0,1,1,E01000939,3,1,22/07/2016,22/07/2016,1,9,0,9,,8,0,0,0,0,,,6,Male,32,26 - 35,-1,-1,-1,1,1,,1,1,1,1,32,6,3,0,0,0,0,0,9,1,1,2016.0,01EK40529,E09000007,0.0,5.0,2.0,2016.0,01EK40529,7.0,4.0,0.0,3.0,1.0,-1,2016.0,01EK40529,2016,7,1,18
134424,201601EK40535,529000.0,185070.0,-0.140879,51.549729,1,Slight,2,1,2016-07-26,Tuesday,18:42,Camden,E09000007,3,400,6,30.0,3,4,6,0,,,1,1,1,0,0,1,1,E01000928,3,1,26/07/2016,26/07/2016,1,9,0,9,,8,0,0,0,0,,,1,Male,28,26 - 35,1461,2,1,2,1,,2,1,1,1,23,5,3,0,0,0,0,0,1,-1,-1,2016.0,01EK40535,E09000007,0.0,4.0,2.0,2016.0,01EK40535,7.0,5.0,0.0,3.0,1.0,-1,2016.0,01EK40535,2016,7,1,18
134431,201601EK40544,525880.0,185250.0,-0.185789,51.552051,1,Slight,2,1,2016-07-28,Thursday,18:56,Camden,E09000007,3,41,3,40.0,8,4,6,0,,,1,1,1,0,0,1,1,E01000969,3,1,28/07/2016,28/07/2016,1,9,0,9,,1,0,0,0,0,,,2,Male,35,26 - 35,-1,-1,-1,8,1,,2,1,1,1,35,6,3,0,0,0,0,0,4,1,7,2016.0,01EK40544,E09000007,0.0,0.0,2.0,2016.0,01EK40544,8.0,6.0,0.0,1.0,1.0,-1,2016.0,01EK40544,2016,7,1,18
134432,201601EK40545,529150.0,183310.0,-0.139362,51.533878,1,Slight,3,1,2016-06-07,Tuesday,22:40,Camden,E09000007,3,400,3,40.0,0,-1,-1,-1,,,4,8,1,0,0,1,1,E01000947,3,1,06/07/2016,06/07/2016,1,8,0,4,,0,0,0,0,0,,,1,Male,35,26 - 35,1797,8,6,7,3,,1,1,1,1,35,6,3,0,0,0,0,0,8,3,7,2016.0,01EK40545,E09000007,0.0,5.0,2.0,2016.0,01EK40545,5.0,1.0,0.0,2.0,1.0,-1,2016.0,01EK40545,2016,6,1,22
134449,201601EK40564,529100.0,184040.0,-0.139815,51.54045,1,Slight,2,1,2016-08-08,Monday,00:22,Camden,E09000007,3,503,6,30.0,6,2,3,400,,,4,1,1,0,0,1,1,E01000856,3,1,08/08/2016,08/08/2016,1,9,0,9,,1,0,0,0,0,,,6,Female,18,16 - 20,1242,1,5,4,1,,2,1,1,1,18,4,3,0,0,0,0,0,3,-1,-1,2016.0,01EK40564,E09000007,0.0,5.0,2.0,2016.0,01EK40564,2.0,8.0,0.0,3.0,1.0,-1,2016.0,01EK40564,2016,8,1,0
134460,201601EK40582,528660.0,184250.0,-0.14608,51.542438,1,Slight,2,1,2016-12-08,Thursday,00:30,Camden,E09000007,3,502,2,30.0,3,4,6,0,,,4,1,1,0,0,1,1,E01000858,3,1,12/08/2016,12/08/2016,1,9,0,18,,1,0,0,0,0,,,6,Male,21,21 - 25,1968,2,4,-1,-1,,1,1,1,1,21,5,3,0,0,0,0,0,9,-1,-1,2016.0,01EK40582,E09000007,0.0,0.0,2.0,2016.0,01EK40582,6.0,2.0,0.0,3.0,1.0,-1,2016.0,01EK40582,2016,12,1,0
134469,201601EK40594,529910.0,182690.0,-0.12864,51.528132,1,Slight,2,2,2016-08-17,Wednesday,22:30,Camden,E09000007,3,501,3,30.0,3,4,6,0,,,4,1,1,0,0,1,1,E01000956,3,1,17/08/2016,17/08/2016,1,5,0,18,,8,0,0,0,0,,,6,Male,25,21 - 25,599,1,3,1,1,,1,1,1,1,25,5,3,0,0,0,0,0,5,1,1,2016.0,01EK40594,E09000007,0.0,4.0,2.0,2016.0,01EK40594,6.0,2.0,0.0,3.0,1.0,-1,2016.0,01EK40594,2016,8,2,22
134484,201601EK40613,530980.0,181970.0,-0.113491,51.521415,1,Slight,2,1,2016-08-23,Tuesday,20:45,Camden,E09000007,3,401,3,30.0,6,2,3,5200,,,4,1,1,0,0,1,1,E01000920,3,1,23/08/2016,23/08/2016,1,5,0,5,,1,0,0,0,0,,,6,Male,32,26 - 35,600,1,3,3,1,,1,1,1,1,32,6,3,0,0,0,0,0,5,1,3,2016.0,01EK40613,E09000007,0.0,5.0,2.0,2016.0,01EK40613,6.0,2.0,0.0,3.0,1.0,-1,2016.0,01EK40613,2016,8,1,20
134485,201601EK40614,529000.0,185070.0,-0.140879,51.549729,1,Slight,2,1,2016-08-16,Tuesday,20:32,Camden,E09000007,3,400,6,20.0,3,4,6,0,,,1,1,1,0,0,1,2,E01000928,3,1,16/08/2016,16/08/2016,1,3,0,3,,1,0,0,0,0,,,6,Male,27,26 - 35,102,1,1,3,1,,1,1,1,1,27,6,3,0,0,0,0,0,3,1,3,2016.0,01EK40614,E09000007,0.0,4.0,2.0,2016.0,01EK40614,5.0,1.0,0.0,2.0,1.0,-1,2016.0,01EK40614,2016,8,1,20
134488,201601EK40617,529030.0,184000.0,-0.140839,51.540107,1,Slight,2,3,2016-08-26,Friday,00:20,Camden,E09000007,3,503,6,30.0,0,-1,-1,-1,,,4,2,2,0,0,1,1,E01000856,3,1,26/08/2016,26/08/2016,1,8,0,18,,0,0,0,0,0,,,1,Male,28,26 - 35,1995,2,3,3,1,,1,1,1,1,28,6,3,0,0,0,0,0,8,1,3,2016.0,01EK40617,E09000007,0.0,4.0,2.0,2016.0,01EK40617,6.0,2.0,0.0,4.0,1.0,-1,2016.0,01EK40617,2016,8,3,0
134498,201601EK40645,529650.0,182040.0,-0.132625,51.522351,1,Slight,2,2,2016-08-13,Saturday,21:58,Camden,E09000007,3,400,2,20.0,6,2,5,0,,,4,1,1,0,0,1,1,E01000850,3,1,13/08/2016,13/08/2016,1,9,0,12,,8,0,10,7,1,,,6,Male,27,26 - 35,2497,1,10,-1,-1,,1,1,1,1,27,6,3,0,0,0,0,0,9,-1,-1,2016.0,01EK40645,E09000007,0.0,5.0,2.0,2016.0,01EK40645,8.0,4.0,0.0,3.0,1.0,-1,2016.0,01EK40645,2016,8,2,21
134509,201601EO40011,531440.0,183140.0,-0.106428,51.531823,1,Slight,2,1,2016-08-01,Monday,19:30,Islington,E09000019,3,1,6,20.0,6,2,3,501,,,4,1,1,0,0,1,1,E01002727,3,1,08/01/2016,08/01/2016,1,3,0,4,,8,1,0,0,0,,,1,Male,24,21 - 25,125,1,6,4,1,,1,1,1,1,24,5,3,0,0,0,0,0,3,1,4,2016.0,01EO40011,E09000019,0.0,5.0,2.0,2016.0,01EO40011,7.0,3.0,0.0,0.0,1.0,-1,2016.0,01EO40011,2016,8,1,19
134524,201601EO40042,531200.0,185170.0,-0.10913,51.550121,1,Slight,2,1,2016-01-13,Wednesday,18:40,Islington,E09000019,3,1,6,30.0,8,4,3,1,,,4,2,2,0,0,1,1,E01002795,3,1,13/01/2016,13/01/2016,1,9,0,9,,5,0,0,0,0,,,6,Female,19,16 - 20,1598,1,4,2,1,,2,1,1,1,36,7,3,0,0,0,0,0,4,-1,-1,2016.0,01EO40042,E09000019,0.0,5.0,2.0,2016.0,01EO40042,4.0,2.0,0.0,4.0,1.0,-1,2016.0,01EO40042,2016,1,1,18
134537,201601EO40062,531190.0,184150.0,-0.109654,51.540957,1,Slight,2,1,2016-01-19,Tuesday,23:00,Islington,E09000019,6,0,6,20.0,6,4,6,0,,,7,1,1,0,0,1,2,E01002699,3,1,19/01/2016,19/01/2016,1,3,0,18,,8,0,0,0,0,,,1,Male,23,21 - 25,109,1,2,3,1,,1,1,1,1,23,5,3,0,0,0,0,0,3,1,3,2016.0,01EO40062,E09000019,0.0,1.0,2.0,2016.0,01EO40062,6.0,2.0,0.0,1.0,1.0,-1,2016.0,01EO40062,2016,1,1,23
134562,201601EO40096,530640.0,183150.0,-0.117952,51.532098,1,Slight,1,1,2016-12-02,Friday,18:20,Islington,E09000019,6,0,6,30.0,0,-1,-1,-1,,,4,1,1,0,0,1,1,E01002711,3,1,12/02/2016,12/02/2016,1,2,0,18,,0,0,0,0,0,,,6,Male,20,16 - 20,124,1,4,2,1,,1,1,1,1,20,4,3,0,0,0,0,0,2,1,2,2016.0,01EO40096,E09000019,0.0,0.0,2.0,2016.0,01EO40096,7.0,3.0,0.0,3.0,1.0,-1,2016.0,01EO40096,2016,12,1,18