,accident_index,location_easting_osgr,location_northing_osgr,longitude,latitude,police_force,accident_severity,number_of_vehicles,number_of_casualties,date,day_of_week,time,local_authority_district,local_authority_highway,first_road_class,first_road_number,road_type,speed_limit,junction_detail,junction_control,second_road_class,second_road_number,pedestrian_crossing-human_control,pedestrian_crossing-physical_facilities,light_conditions,weather_conditions,road_surface_conditions,special_conditions_at_site,carriageway_hazards,urban_or_rural_area,did_police_officer_attend_scene_of_accident,lsoa_of_accident_location,accident_severity_num,accident_severity_inv,date2,date_original,vehicle_reference_x,vehicle_type,towing_and_articulation,vehicle_manoeuvre,vehicle_location-restricted_lane,junction_location,skidding_and_overturning,hit_object_in_carriageway,vehicle_leaving_carriageway,hit_object_off_carriageway,1st_point_of_impact,was_vehicle_left_hand_drive?,journey_purpose_of_driver,sex_of_driver,age_of_driver,age_band_of_driver,engine_capacity_cc,propulsion_code,age_of_vehicle,driver_imd_decile,driver_home_area_type,vehicle_imd_decile,vehicle_reference_y,casualty_reference,casualty_class,sex_of_casualty,age_of_casualty,age_band_of_casualty,casualty_severity,pedestrian_location,pedestrian_movement,car_passenger,bus_or_coach_passenger,pedestrian_road_maintenance_worker,casualty_type,casualty_home_area_type,casualty_imd_decile,accident_year_x,accident_reference_x,local_authority_ons_district,pedestrian_crossing_human_control,pedestrian_crossing_physical_facilities,trunk_road_flag,accident_year_y,accident_reference_y,vehicle_direction_from,vehicle_direction_to,vehicle_location_restricted_lane,first_point_of_impact,vehicle_left_hand_drive,generic_make_model,accident_year,accident_reference,year,month,severity,hours
134564,201601EO40099,531670.0,183790.0,-0.102872,51.53761,1,Slight,2,1,2016-02-14,Sunday,23:00,Islington,E09000019,3,1,6,30.0,3,4,3,1,,,4,8,1,0,0,1,1,E01002794,3,1,14/02/2016,14/02/2016,1,3,0,18,,2,0,0,0,0,,,6,Male,27,26 - 35,-1,-1,-1,3,1,,1,1,1,1,27,6,3,0,0,0,0,0,3,1,3,2016.0,01EO40099,E09000019,0.0,1.0,2.0,2016.0,01EO40099,1.0,5.0,0.0,2.0,1.0,-1,2016.0,01EO40099,2016,2,1,23
134566,201601EO40102,532190.0,184170.0,-0.095236,51.540904,1,Slight,2,1,2016-02-17,Wednesday,20:15,Islington,E09000019,3,104,6,20.0,3,4,6,0,,,4,2,2,0,0,1,1,E01002797,3,1,17/02/2016,17/02/2016,1,8,0,9,,8,0,0,0,0,,,1,Male,33,26 - 35,1995,2,4,3,1,,2,1,1,1,22,5,3,0,0,0,0,0,3,1,1,2016.0,01EO40102,E09000019,0.0,0.0,2.0,2016.0,01EO40102,2.0,8.0,0.0,3.0,1.0,-1,2016.0,01EO40102,2016,2,1,20
134581,201601EO40129,530710.0,185740.0,-0.115982,51.555357,1,Serious,2,1,2016-02-27,Saturday,18:05,Islington,E09000019,3,1,3,30.0,3,4,6,0,,,4,1,1,0,0,1,1,E01002767,2,2,27/02/2016,27/02/2016,1,9,0,3,,1,0,0,0,0,,,6,Female,25,21 - 25,1199,1,15,1,1,,2,1,1,1,34,6,2,0,0,0,0,0,3,1,2,2016.0,01EO40129,E09000019,0.0,1.0,2.0,2016.0,01EO40129,8.0,4.0,0.0,2.0,1.0,-1,2016.0,01EO40129,2016,2,2,18
134594,201601EO40144,531150.0,186340.0,-0.109415,51.560647,1,Slight,2,1,2016-01-03,Sunday,20:46,Islington,E09000019,3,503,2,30.0,0,-1,-1,-1,,,4,4,1,0,0,1,1,E01002732,3,1,01/03/2016,01/03/2016,1,9,0,4,,0,0,0,0,0,,,6,Male,32,26 - 35,1798,8,4,2,1,,1,1,2,2,30,6,3,0,0,2,0,0,9,-1,-1,2016.0,01EO40144,E09000019,0.0,0.0,2.0,2016.0,01EO40144,6.0,2.0,0.0,2.0,1.0,-1,2016.0,01EO40144,2016,1,1,20
134598,201601EO40148,532790.0,183780.0,-0.086736,51.537258,1,Serious,2,2,2016-08-03,Wednesday,01:57,Hackney,E09000012,4,102,6,30.0,9,4,5,0,,,4,1,1,0,0,1,1,E01002798,2,2,08/03/2016,08/03/2016,1,9,0,17,,1,0,0,0,0,,,1,Male,27,26 - 35,-1,-1,-1,2,1,,1,1,1,1,27,6,3,0,0,0,0,0,9,1,2,2016.0,01EO40148,E09000012,0.0,1.0,2.0,2016.0,01EO40148,1.0,6.0,0.0,4.0,1.0,-1,2016.0,01EO40148,2016,8,4,1
134605,201601EO40157,530800.0,186220.0,-0.114506,51.55965,1,Slight,2,2,2016-03-14,Monday,18:46,Islington,E09000019,3,103,6,30.0,3,4,6,0,,,4,1,1,0,0,1,1,E01002730,3,1,14/03/2016,14/03/2016,1,2,0,18,,1,0,0,0,0,,,1,Male,24,21 - 25,107,1,3,10,1,,1,1,1,1,24,5,3,0,0,0,0,0,2,1,10,2016.0,01EO40157,E09000019,0.0,5.0,2.0,2016.0,01EO40157,8.0,4.0,0.0,3.0,1.0,-1,2016.0,01EO40157,2016,3,2,18
134606,201601EO40158,532770.0,183770.0,-0.087028,51.537173,1,Slight,1,1,2016-03-16,Wednesday,05:27,Hackney,E09000012,4,102,6,30.0,7,4,5,0,,,4,1,1,0,0,1,1,E01001752,3,1,16/03/2016,16/03/2016,1,3,0,17,,2,0,10,1,2,,,2,Male,33,26 - 35,124,1,11,2,1,,1,1,1,1,33,6,3,0,0,0,0,0,3,1,2,2016.0,01EO40158,E09000012,0.0,1.0,2.0,2016.0,01EO40158,1.0,6.0,0.0,1.0,1.0,-1,2016.0,01EO40158,2016,3,1,5
134609,201601EO40161,530110.0,187350.0,-0.124036,51.569965,1,Serious,1,1,2016-03-16,Wednesday,18:30,Islington,E09000019,3,103,6,30.0,3,4,5,0,,,4,1,1,0,0,1,1,E01002758,2,2,16/03/2016,16/03/2016,1,5,0,18,,2,0,0,0,0,,,1,Male,27,26 - 35,-1,-1,-1,6,1,,1,1,3,2,26,6,2,5,3,0,0,2,0,1,3,2016.0,01EO40161,E09000019,0.0,8.0,2.0,2016.0,01EO40161,5.0,1.0,0.0,1.0,1.0,-1,2016.0,01EO40161,2016,3,2,18
134610,201601EO40162,531600.0,186670.0,-0.102804,51.563508,1,Serious,1,2,2016-10-03,Monday,19:31,Islington,E09000019,3,1201,6,30.0,0,-1,-1,-1,,,4,1,1,0,0,1,1,E01002747,2,2,10/03/2016,10/03/2016,1,3,0,13,,0,1,0,0,0,,,6,Male,18,16 - 20,125,1,0,6,1,,1,1,1,1,18,4,3,0,0,0,0,0,3,1,6,2016.0,01EO40162,E09000019,0.0,0.0,2.0,2016.0,01EO40162,8.0,4.0,0.0,1.0,1.0,-1,2016.0,01EO40162,2016,10,4,19
134613,201601EO40170,531800.0,183720.0,-0.101024,51.536951,1,Serious,1,2,2016-01-15,Friday,21:56,Islington,E09000019,3,104,6,30.0,3,4,5,0,,,4,1,2,0,0,1,1,E01002794,2,2,15/01/2016,15/01/2016,1,2,0,4,,1,1,0,0,0,,,6,Male,29,26 - 35,49,1,1,3,1,,1,1,1,1,29,6,3,0,0,0,0,0,2,1,3,2016.0,01EO40170,E09000019,0.0,1.0,2.0,2016.0,01EO40170,6.0,2.0,0.0,0.0,1.0,-1,2016.0,01EO40170,2016,1,4,21
134641,201601EO40211,531090.0,183570.0,-0.111311,51.535768,1,Slight,1,1,2016-01-15,Friday,19:51,Islington,E09000019,5,0,6,30.0,6,2,5,0,,,4,1,1,0,0,1,1,E01002694,3,1,15/01/2016,15/01/2016,1,3,0,18,,8,1,10,0,0,,,1,Male,22,21 - 25,125,1,5,2,1,,1,1,1,1,22,5,3,0,0,0,0,0,3,1,2,2016.0,01EO40211,E09000019,0.0,5.0,2.0,2016.0,01EO40211,4.0,8.0,0.0,1.0,1.0,-1,2016.0,01EO40211,2016,1,1,19
134644,201601EO40218,532640.0,185560.0,-0.088227,51.55329,1,Slight,4,1,2016-10-03,Monday,06:00,Hackney,E09000012,3,105,6,20.0,0,-1,-1,-1,,,1,1,1,0,0,1,1,E01002779,3,1,10/03/2016,10/03/2016,1,9,0,18,,0,0,4,0,0,,,6,Male,34,26 - 35,1598,2,1,-1,-1,,1,1,2,2,38,7,3,0,0,2,0,0,9,-1,-1,2016.0,01EO40218,E09000012,0.0,1.0,2.0,2016.0,01EO40218,4.0,8.0,0.0,4.0,1.0,-1,2016.0,01EO40218,2016,10,1,6
134652,201601EO40229,531570.0,182080.0,-0.104951,51.522266,1,Slight,2,2,2016-03-20,Sunday,00:20,Islington,E09000019,3,5201,6,30.0,3,4,6,0,,,4,1,1,0,0,1,1,E01002724,3,1,20/03/2016,20/03/2016,1,9,0,18,,1,0,0,0,0,,,6,Male,24,21 - 25,2993,2,3,4,1,,1,1,1,1,24,5,3,0,0,0,0,0,9,1,4,2016.0,01EO40229,E09000019,0.0,0.0,2.0,2016.0,01EO40229,2.0,6.0,2.0,1.0,1.0,-1,2016.0,01EO40229,2016,3,2,0
134656,201601EO40234,531650.0,184210.0,-0.103003,51.541389,1,Slight,2,1,2016-03-20,Sunday,21:40,Islington,E09000019,3,1,6,20.0,3,4,6,0,,,7,1,1,0,0,1,1,E01002790,3,1,20/03/2016,20/03/2016,1,2,0,13,,1,0,0,0,0,,,1,Male,23,21 - 25,125,1,4,4,1,,1,1,1,1,23,5,3,0,0,0,0,0,2,1,4,2016.0,01EO40234,E09000019,0.0,1.0,2.0,2016.0,01EO40234,1.0,5.0,0.0,1.0,1.0,-1,2016.0,01EO40234,2016,3,1,21
134659,201601EO40238,531520.0,181800.0,-0.105776,51.519762,1,Slight,1,1,2016-03-24,Thursday,21:28,Camden,E09000007,3,201,6,30.0,6,2,6,0,,,7,9,1,0,0,1,1,E01000916,3,1,24/03/2016,24/03/2016,1,9,0,18,,2,0,0,0,0,,,6,Male,27,26 - 35,1598,1,6,1,1,,1,1,3,1,27,6,3,4,4,0,0,2,0,1,6,2016.0,01EO40238,E09000007,0.0,5.0,2.0,2016.0,01EO40238,5.0,1.0,0.0,1.0,1.0,-1,2016.0,01EO40238,2016,3,1,21
134664,201601EO40244,531240.0,183130.0,-0.109314,51.531779,1,Slight,2,1,2016-03-25,Friday,18:40,Islington,E09000019,3,501,6,20.0,3,4,3,501,,,4,1,1,0,0,1,1,E01002695,3,1,25/03/2016,25/03/2016,1,2,0,4,,8,0,0,0,0,,,1,Male,22,21 - 25,125,1,8,3,1,,1,1,1,1,22,5,3,0,0,0,0,0,2,1,3,2016.0,01EO40244,E09000019,0.0,1.0,2.0,2016.0,01EO40244,7.0,3.0,0.0,1.0,1.0,-1,2016.0,01EO40244,2016,3,1,18
134668,201601EO40250,532450.0,185220.0,-0.091094,51.550279,1,Slight,1,1,2016-03-26,Saturday,20:50,Islington,E09000019,6,0,6,30.0,2,4,6,0,,,4,2,2,0,0,1,1,E01002779,3,1,26/03/2016,26/03/2016,1,9,0,7,,2,1,10,1,10,,,6,Male,21,21 - 25,1364,1,9,2,1,,1,1,1,1,21,5,3,0,0,0,0,0,9,1,2,2016.0,01EO40250,E09000019,0.0,0.0,2.0,2016.0,01EO40250,8.0,1.0,0.0,1.0,1.0,-1,2016.0,01EO40250,2016,3,1,20
134674,201601EO40256,532950.0,182540.0,-0.084898,51.526077,1,Slight,2,2,2016-03-30,Wednesday,18:03,Hackney,E09000012,3,5201,3,30.0,9,4,3,5201,,,1,1,1,0,6,1,1,E01033708,3,1,30/03/2016,30/03/2016,1,9,0,8,,1,0,0,0,0,,,6,Male,34,26 - 35,1560,2,5,5,1,,1,1,1,1,34,6,3,0,0,0,0,0,9,1,5,2016.0,01EO40256,E09000012,0.0,8.0,2.0,2016.0,01EO40256,3.0,5.0,0.0,2.0,1.0,-1,2016.0,01EO40256,2016,3,2,18
134681,201601EO40264,532220.0,182860.0,-0.095295,51.529124,1,Slight,2,1,2016-02-04,Thursday,21:40,Islington,E09000019,3,501,6,30.0,8,4,3,501,,,4,2,2,0,0,1,1,E01001779,3,1,02/04/2016,02/04/2016,1,9,0,7,,5,0,0,0,0,,,6,Male,31,26 - 35,1798,1,4,-1,-1,,2,1,1,2,26,6,3,0,0,0,0,0,1,1,2,2016.0,01EO40264,E09000019,0.0,0.0,2.0,2016.0,01EO40264,8.0,2.0,0.0,4.0,1.0,-1,2016.0,01EO40264,2016,2,1,21
134682,201601EO40265,532140.0,182270.0,-0.096669,51.523841,1,Slight,1,1,2016-02-04,Thursday,00:40,Islington,E09000019,3,5201,6,30.0,3,4,6,0,,,4,1,1,0,0,1,1,E01033490,3,1,02/04/2016,02/04/2016,1,8,0,4,,1,0,0,0,0,,,1,Male,34,26 - 35,1497,8,8,1,1,,1,1,3,2,25,5,3,5,1,0,0,2,0,1,3,2016.0,01EO40265,E09000019,0.0,0.0,2.0,2016.0,01EO40265,2.0,6.0,0.0,1.0,1.0,-1,2016.0,01EO40265,2016,2,1,0
134691,201601EO40275,532030.0,186230.0,-0.096769,51.559454,1,Slight,2,4,2016-08-04,Thursday,21:57,Islington,E09000019,5,0,6,20.0,3,4,6,0,,,4,1,1,0,0,1,1,E01002742,3,1,08/04/2016,08/04/2016,1,9,0,18,,8,0,0,0,0,,,6,Male,21,21 - 25,1995,1,11,5,1,,1,1,2,1,21,5,3,0,0,2,0,0,9,1,2,2016.0,01EO40275,E09000019,0.0,0.0,2.0,2016.0,01EO40275,6.0,2.0,0.0,4.0,1.0,-1,2016.0,01EO40275,2016,8,4,21
134695,201601EO40283,532580.0,183640.0,-0.089815,51.536049,1,Slight,2,1,2016-03-14,Monday,19:10,Hackney,E09000012,3,1200,6,20.0,3,4,5,0,,,4,1,1,0,0,1,1,E01002798,3,1,14/03/2016,14/03/2016,1,9,0,9,,8,0,0,0,0,,,6,Male,24,21 - 25,2401,2,13,7,1,,2,1,1,1,23,5,3,0,0,0,0,0,2,1,2,2016.0,01EO40283,E09000012,0.0,1.0,2.0,2016.0,01EO40283,4.0,2.0,0.0,1.0,1.0,-1,2016.0,01EO40283,2016,3,1,19
134724,201601EO40316,531120.0,185230.0,-0.110261,51.550679,1,Slight,1,1,2016-10-04,Tuesday,01:45,Islington,E09000019,4,515,6,30.0,3,4,3,1,,,4,1,1,0,0,1,1,E01033486,3,1,10/04/2016,10/04/2016,1,8,0,9,,8,0,0,0,0,,,1,Male,34,26 - 35,1997,2,6,2,1,,1,1,3,1,50,8,3,1,1,0,0,2,0,-1,-1,2016.0,01EO40316,E09000019,0.0,1.0,2.0,2016.0,01EO40316,8.0,6.0,0.0,1.0,1.0,-1,2016.0,01EO40316,2016,10,1,1
134725,201601EO40317,530660.0,184220.0,-0.117267,51.541709,1,Serious,2,1,2016-04-23,Saturday,21:30,Islington,E09000019,3,5203,6,20.0,3,4,6,0,,,4,1,1,0,0,1,1,E01002712,2,2,23/04/2016,23/04/2016,1,8,0,7,,5,0,0,0,0,,,6,Male,26,26 - 35,-1,-1,-1,1,1,,2,1,1,1,20,4,2,0,0,0,0,0,3,1,2,2016.0,01EO40317,E09000019,0.0,1.0,2.0,2016.0,01EO40317,5.0,7.0,0.0,4.0,1.0,-1,2016.0,01EO40317,2016,4,2,21
134736,201601EO40330,531460.0,186690.0,-0.104815,51.563721,1,Slight,2,1,2016-04-23,Saturday,23:15,Islington,E09000019,5,0,2,20.0,3,4,5,0,,,4,1,1,0,0,1,1,E01002748,3,1,23/04/2016,23/04/2016,1,3,0,18,,1,0,0,0,0,,,1,Male,26,26 - 35,-1,-1,-1,1,1,,1,1,1,1,26,6,3,0,0,0,0,0,3,1,1,2016.0,01EO40330,E09000019,0.0,0.0,2.0,2016.0,01EO40330,2.0,6.0,0.0,1.0,1.0,-1,2016.0,01EO40330,2016,4,1,23
134739,201601EO40333,530900.0,183050.0,-0.114242,51.531139,1,Slight,2,1,2016-04-28,Thursday,23:54,Islington,E09000019,3,501,2,30.0,9,2,3,501,,,4,9,2,0,0,1,2,E01002728,3,1,28/04/2016,28/04/2016,1,8,0,18,,2,0,0,0,0,,,1,Male,27,26 - 35,1956,2,3,6,1,,1,1,1,1,27,6,3,0,0,0,0,0,8,1,6,2016.0,01EO40333,E09000019,0.0,5.0,2.0,2016.0,01EO40333,2.0,6.0,0.0,2.0,1.0,-1,2016.0,01EO40333,2016,4,1,23
134747,201601EO40344,531750.0,184730.0,-0.101367,51.546039,1,Slight,1,1,2016-04-30,Saturday,19:58,Islington,E09000019,3,1201,6,20.0,0,-1,-1,-1,,,1,1,1,0,0,1,1,E01002791,3,1,30/04/2016,30/04/2016,1,3,0,14,,0,0,0,0,0,,,1,Male,17,16 - 20,114,1,2,-1,-1,,1,1,3,1,56,9,3,4,2,0,0,2,0,1,4,2016.0,01EO40344,E09000019,0.0,5.0,2.0,2016.0,01EO40344,2.0,6.0,0.0,1.0,1.0,-1,2016.0,01EO40344,2016,4,1,19
134754,201601EO40353,531500.0,182070.0,-0.105963,51.522193,1,Slight,1,1,2016-03-02,Wednesday,19:50,Islington,E09000019,3,5201,6,30.0,6,4,5,0,,,4,1,1,0,0,1,1,E01002724,3,1,03/02/2016,03/02/2016,1,3,0,14,,1,0,0,0,0,,,6,Male,26,26 - 35,124,1,1,5,1,,1,1,3,1,23,5,3,4,2,0,0,2,0,1,2,2016.0,01EO40353,E09000019,0.0,4.0,2.0,2016.0,01EO40353,3.0,7.0,0.0,4.0,1.0,-1,2016.0,01EO40353,2016,3,1,19
134766,201601EO40366,530120.0,184200.0,-0.125056,51.541654,1,Slight,2,1,2016-05-21,Saturday,05:20,Islington,E09000019,6,0,6,30.0,0,-1,-1,-1,,,4,1,1,0,0,1,2,E01002708,3,1,21/05/2016,21/05/2016,1,9,0,2,,0,0,0,0,0,,,6,Male,30,26 - 35,1753,2,10,5,1,,1,1,1,1,30,6,3,0,0,0,0,0,9,1,5,2016.0,01EO40366,E09000019,0.0,0.0,2.0,2016.0,01EO40366,0.0,0.0,0.0,2.0,1.0,-1,2016.0,01EO40366,2016,5,1,5
134767,201601EO40367,531470.0,183320.0,-0.105929,51.533433,1,Slight,2,1,2016-05-22,Sunday,01:50,Islington,E09000019,3,1,6,30.0,0,-1,-1,-1,,,4,1,1,0,0,1,2,E01002794,3,1,22/05/2016,22/05/2016,1,9,0,3,,0,0,0,0,0,,,6,Female,33,26 - 35,1991,2,6,3,1,,1,1,3,1,22,5,3,10,9,0,0,2,0,1,3,2016.0,01EO40367,E09000019,0.0,0.0,2.0,2016.0,01EO40367,5.0,1.0,0.0,2.0,1.0,-1,2016.0,01EO40367,2016,5,1,1
134771,201601EO40373,531800.0,183740.0,-0.101017,51.537131,1,Slight,2,1,2016-01-06,Wednesday,18:10,Islington,E09000019,5,0,2,20.0,3,4,3,104,,,1,1,1,0,0,1,1,E01002794,3,1,01/06/2016,01/06/2016,1,2,0,18,,1,0,4,7,10,,,6,Male,23,21 - 25,125,1,2,4,1,,1,1,1,1,23,5,3,0,0,0,0,0,2,1,4,2016.0,01EO40373,E09000019,0.0,0.0,2.0,2016.0,01EO40373,8.0,4.0,0.0,3.0,1.0,-1,2016.0,01EO40373,2016,1,1,18
134774,201601EO40377,530610.0,184560.0,-0.117861,51.544776,1,Slight,2,1,2016-05-26,Thursday,18:50,Islington,E09000019,3,5203,6,30.0,3,4,6,0,,,1,1,1,0,0,1,1,E01002713,3,1,26/05/2016,26/05/2016,1,3,0,14,,8,0,0,0,0,,,2,Male,18,16 - 20,125,1,1,2,1,,1,1,1,1,18,4,3,0,0,0,0,0,3,1,2,2016.0,01EO40377,E09000019,0.0,0.0,2.0,2016.0,01EO40377,5.0,1.0,0.0,1.0,1.0,-1,2016.0,01EO40377,2016,5,1,18
134775,201601EO40378,532590.0,184500.0,-0.089347,51.543776,1,Slight,2,1,2016-05-27,Friday,18:00,Islington,E09000019,5,0,6,30.0,3,4,6,0,,,1,1,1,0,0,1,2,E01002718,3,1,27/05/2016,27/05/2016,1,3,0,9,,2,0,0,0,0,,,2,Male,19,16 - 20,124,1,8,3,1,,1,1,1,1,19,4,3,0,0,0,0,0,3,1,3,2016.0,01EO40378,E09000019,0.0,0.0,2.0,2016.0,01EO40378,4.0,1.0,0.0,4.0,1.0,-1,2016.0,01EO40378,2016,5,1,18
134779,201601EO40383,532790.0,182210.0,-0.087327,51.523149,1,Slight,2,1,2016-05-06,Friday,22:45,Islington,E09000019,3,501,6,30.0,3,4,6,0,,,4,1,1,0,0,1,1,E01002704,3,1,05/06/2016,05/06/2016,1,9,0,9,,5,0,0,0,0,,,6,Male,31,26 - 35,1685,2,4,2,1,,2,1,1,2,32,6,3,0,0,0,0,0,1,1,4,2016.0,01EO40383,E09000019,0.0,1.0,2.0,2016.0,01EO40383,5.0,3.0,0.0,4.0,1.0,-1,2016.0,01EO40383,2016,5,1,22
134796,201601EO40407,530330.0,183670.0,-0.122226,51.536843,1,Slight,2,1,2016-12-06,Tuesday,19:20,Camden,E09000007,4,154,6,30.0,5,4,3,5200,,,1,1,1,0,0,1,2,E01002710,3,1,12/06/2016,12/06/2016,1,3,0,18,,8,0,0,0,0,,,6,Male,21,21 - 25,124,1,1,4,1,,1,1,1,1,21,5,3,0,0,0,0,0,3,1,4,2016.0,01EO40407,E09000007,0.0,0.0,2.0,2016.0,01EO40407,3.0,7.0,0.0,4.0,1.0,-1,2016.0,01EO40407,2016,12,1,19
134798,201601EO40409,530090.0,186400.0,-0.124676,51.561432,1,Slight,2,1,2016-05-26,Thursday,20:10,Islington,E09000019,3,1,3,30.0,6,4,6,0,,,1,1,1,0,0,1,1,E01002785,3,1,26/05/2016,26/05/2016,1,9,0,5,,6,0,0,0,0,,,6,Male,27,26 - 35,1997,2,1,2,1,,2,1,1,1,32,6,3,0,0,0,0,0,1,1,3,2016.0,01EO40409,E09000019,0.0,1.0,2.0,2016.0,01EO40409,2.0,6.0,0.0,3.0,1.0,-1,2016.0,01EO40409,2016,5,1,20
134799,201601EO40410,530390.0,186070.0,-0.120473,51.558397,1,Slight,2,1,2016-09-06,Tuesday,01:06,Islington,E09000019,3,1,3,30.0,9,2,3,1,,,4,1,1,0,0,1,1,E01002786,3,1,09/06/2016,09/06/2016,1,3,0,18,,8,0,0,0,0,,,1,Male,33,26 - 35,125,1,8,3,1,,1,1,1,1,33,6,3,0,0,0,0,0,3,1,3,2016.0,01EO40410,E09000019,0.0,5.0,2.0,2016.0,01EO40410,8.0,4.0,0.0,1.0,1.0,-1,2016.0,01EO40410,2016,9,1,1
134805,201601EO40419,532510.0,184470.0,-0.090511,51.543525,1,Slight,2,1,2016-05-24,Tuesday,19:30,Islington,E09000019,3,104,6,20.0,3,4,6,0,,,1,1,1,0,0,1,1,E01002720,3,1,24/05/2016,24/05/2016,1,9,0,9,,5,0,0,0,0,,,6,Female,33,26 - 35,1560,2,2,2,1,,2,1,1,1,23,5,3,0,0,0,0,0,1,1,3,2016.0,01EO40419,E09000019,0.0,0.0,2.0,2016.0,01EO40419,2.0,8.0,0.0,4.0,1.0,-1,2016.0,01EO40419,2016,5,1,19
134806,201601EO40420,531250.0,186610.0,-0.107873,51.56305,1,Slight,2,1,2016-06-14,Tuesday,00:09,Islington,E09000019,3,503,2,30.0,9,2,3,503,,,4,2,2,0,0,1,1,E01002734,3,1,14/06/2016,14/06/2016,1,9,0,18,,8,5,7,0,0,,,6,Male,34,26 - 35,1596,1,13,2,1,,1,1,1,1,34,6,3,0,0,0,0,0,9,1,2,2016.0,01EO40420,E09000019,0.0,5.0,2.0,2016.0,01EO40420,6.0,2.0,0.0,3.0,1.0,-1,2016.0,01EO40420,2016,6,1,0
134813,201601EO40428,532020.0,182190.0,-0.098427,51.52315,1,Slight,2,1,2016-04-29,Friday,21:20,Islington,E09000019,3,1,6,20.0,6,2,3,5201,,,4,1,1,1,0,1,1,E01033490,3,1,29/04/2016,29/04/2016,1,3,0,18,,2,0,0,0,0,,,1,Male,35,26 - 35,125,1,0,2,1,,1,1,1,1,35,6,3,0,0,0,0,0,3,1,2,2016.0,01EO40428,E09000019,0.0,5.0,2.0,2016.0,01EO40428,8.0,4.0,0.0,1.0,1.0,-1,2016.0,01EO40428,2016,4,1,21
134828,201601EO40446,530770.0,186290.0,-0.114912,51.560286,1,Slight,1,1,2016-03-07,Monday,02:06,Islington,E09000019,3,503,2,30.0,6,2,3,103,,,4,1,1,0,0,1,1,E01002731,3,1,03/07/2016,03/07/2016,1,9,0,18,,2,0,10,0,0,,,6,Male,26,26 - 35,1995,2,4,1,1,,1,1,3,2,54,8,3,4,9,0,0,2,0,1,5,2016.0,01EO40446,E09000019,0.0,5.0,2.0,2016.0,01EO40446,6.0,2.0,2.0,3.0,1.0,-1,2016.0,01EO40446,2016,3,1,2
134834,201601EO40454,530480.0,185970.0,-0.119212,51.557477,1,Slight,1,1,2016-05-28,Saturday,01:18,Islington,E09000019,3,1,6,30.0,0,-1,-1,-1,,,4,1,1,0,0,1,1,E01002763,3,1,28/05/2016,28/05/2016,1,9,0,18,,0,0,0,0,0,,,6,Female,33,26 - 35,1997,2,1,2,1,,1,1,3,2,27,6,3,10,3,0,0,2,0,1,1,2016.0,01EO40454,E09000019,0.0,5.0,2.0,2016.0,01EO40454,5.0,1.0,0.0,3.0,1.0,-1,2016.0,01EO40454,2016,5,1,1
134841,201601EO40463,531960.0,184810.0,-0.09831,51.546709,1,Slight,3,1,2016-01-07,Thursday,21:50,Islington,E09000019,3,1199,6,20.0,3,4,3,1201,,,4,1,2,0,0,1,1,E01002719,3,1,01/07/2016,01/07/2016,1,4,0,18,,8,1,0,0,0,,,6,Male,19,16 - 20,125,1,6,3,1,,1,1,1,1,19,4,3,0,0,0,0,0,4,1,3,2016.0,01EO40463,E09000019,0.0,5.0,2.0,2016.0,01EO40463,2.0,6.0,0.0,1.0,1.0,-1,2016.0,01EO40463,2016,1,1,21
134871,201601EO40503,531220.0,185150.0,-0.108849,51.549937,1,Slight,2,1,2016-06-07,Tuesday,23:30,Islington,E09000019,3,1,6,30.0,8,4,6,0,,,4,1,1,0,0,1,1,E01002795,3,1,06/07/2016,06/07/2016,1,9,0,9,,6,0,0,0,0,,,6,Male,29,26 - 35,1595,1,13,3,1,,2,1,1,1,20,4,3,0,0,0,0,0,3,-1,-1,2016.0,01EO40503,E09000019,0.0,0.0,2.0,2016.0,01EO40503,2.0,8.0,0.0,3.0,1.0,-1,2016.0,01EO40503,2016,6,1,23
134875,201601EO40508,530190.0,187120.0,-0.122967,51.567879,1,Slight,2,1,2016-08-14,Sunday,00:05,Islington,E09000019,3,103,6,30.0,3,4,6,0,,,4,1,1,0,0,1,1,E01002804,3,1,14/08/2016,14/08/2016,1,9,0,18,,1,0,0,0,0,,,6,Female,30,26 - 35,1299,1,14,3,1,,2,1,1,1,21,5,3,0,0,0,0,0,1,-1,-1,2016.0,01EO40508,E09000019,0.0,1.0,2.0,2016.0,01EO40508,8.0,4.0,0.0,4.0,1.0,-1,2016.0,01EO40508,2016,8,1,0
134893,201601EO40532,533280.0,184790.0,-0.079293,51.546219,1,Slight,2,2,2016-02-08,Monday,19:33,Hackney,E09000012,3,104,6,20.0,3,4,6,0,,,1,1,2,0,0,1,1,E01001756,3,1,02/08/2016,02/08/2016,1,2,0,14,,8,0,0,0,0,,,6,Male,21,21 - 25,125,1,5,5,1,,1,2,1,1,21,5,3,0,0,0,0,0,2,1,5,2016.0,01EO40532,E09000012,0.0,0.0,2.0,2016.0,01EO40532,7.0,3.0,0.0,1.0,1.0,-1,2016.0,01EO40532,2016,2,2,19
134898,201601EO40537,531360.0,182150.0,-0.10795,51.522944,1,Slight,2,1,2016-07-28,Thursday,21:15,Islington,E09000019,3,201,6,30.0,9,4,6,0,,,4,1,1,0,0,1,1,E01002724,3,1,28/07/2016,28/07/2016,1,9,0,18,,6,0,0,0,0,,,6,Female,21,21 - 25,1461,2,2,6,1,,2,1,1,1,34,6,3,0,0,0,0,0,1,1,2,2016.0,01EO40537,E09000019,0.0,0.0,2.0,2016.0,01EO40537,3.0,7.0,0.0,1.0,1.0,-1,2016.0,01EO40537,2016,7,1,21