,accident_index,location_easting_osgr,location_northing_osgr,longitude,latitude,police_force,accident_severity,number_of_vehicles,number_of_casualties,date,day_of_week,time,local_authority_district,local_authority_highway,first_road_class,first_road_number,road_type,speed_limit,junction_detail,junction_control,second_road_class,second_road_number,pedestrian_crossing-human_control,pedestrian_crossing-physical_facilities,light_conditions,weather_conditions,road_surface_conditions,special_conditions_at_site,carriageway_hazards,urban_or_rural_area,did_police_officer_attend_scene_of_accident,lsoa_of_accident_location,accident_severity_num,accident_severity_inv,date2,date_original,vehicle_reference_x,vehicle_type,towing_and_articulation,vehicle_manoeuvre,vehicle_location-restricted_lane,junction_location,skidding_and_overturning,hit_object_in_carriageway,vehicle_leaving_carriageway,hit_object_off_carriageway,1st_point_of_impact,was_vehicle_left_hand_drive?,journey_purpose_of_driver,sex_of_driver,age_of_driver,age_band_of_driver,engine_capacity_cc,propulsion_code,age_of_vehicle,driver_imd_decile,driver_home_area_type,vehicle_imd_decile,vehicle_reference_y,casualty_reference,casualty_class,sex_of_casualty,age_of_casualty,age_band_of_casualty,casualty_severity,pedestrian_location,pedestrian_movement,car_passenger,bus_or_coach_passenger,pedestrian_road_maintenance_worker,casualty_type,casualty_home_area_type,casualty_imd_decile,accident_year_x,accident_reference_x,local_authority_ons_district,pedestrian_crossing_human_control,pedestrian_crossing_physical_facilities,trunk_road_flag,accident_year_y,accident_reference_y,vehicle_direction_from,vehicle_direction_to,vehicle_location_restricted_lane,first_point_of_impact,vehicle_left_hand_drive,generic_make_model,accident_year,accident_reference,year,month,severity,hours
134903,201601EO40543,531300.0,186930.0,-0.107032,51.565915,1,Serious,2,1,2016-08-15,Monday,19:08,Islington,E09000019,3,1201,6,20.0,8,4,6,0,,,1,1,1,4,0,1,1,E01002735,2,2,15/08/2016,15/08/2016,1,8,0,9,,5,0,0,0,0,,,1,Male,29,26 - 35,2143,2,2,2,1,,2,1,1,1,57,9,2,0,0,0,0,0,3,-1,-1,2016.0,01EO40543,E09000019,0.0,0.0,2.0,2016.0,01EO40543,8.0,6.0,0.0,1.0,1.0,-1,2016.0,01EO40543,2016,8,2,19
134904,201601EO40544,530630.0,184450.0,-0.117614,51.543783,1,Slight,2,1,2016-08-07,Sunday,22:30,Islington,E09000019,3,5203,6,20.0,6,3,6,0,,,4,1,1,0,0,1,1,E01002712,3,1,08/07/2016,08/07/2016,1,9,0,9,,5,0,0,0,0,,,6,Male,28,26 - 35,1984,1,9,2,1,,2,1,1,1,20,4,3,0,0,0,0,0,2,-1,-1,2016.0,01EO40544,E09000019,0.0,1.0,2.0,2016.0,01EO40544,1.0,7.0,0.0,4.0,1.0,-1,2016.0,01EO40544,2016,8,1,22
134905,201601EO40545,529620.0,185930.0,-0.131625,51.557316,1,Serious,2,1,2016-09-08,Thursday,22:41,Islington,E09000019,5,0,6,20.0,3,4,6,0,,,4,1,1,0,0,1,1,E01002788,2,2,09/08/2016,09/08/2016,1,9,0,18,,1,0,0,0,0,,,6,Male,29,26 - 35,1598,2,1,3,1,,2,1,1,1,19,4,2,0,0,0,0,0,1,1,1,2016.0,01EO40545,E09000019,0.0,1.0,2.0,2016.0,01EO40545,3.0,7.0,0.0,1.0,1.0,-1,2016.0,01EO40545,2016,9,2,22
134906,201601EO40546,531580.0,182460.0,-0.104665,51.525679,1,Slight,2,1,2016-08-22,Monday,22:10,Islington,E09000019,4,502,6,20.0,0,-1,-1,-1,,,4,1,1,0,0,1,1,E01002725,3,1,22/08/2016,22/08/2016,1,9,0,2,,0,0,0,0,0,,,6,Female,25,21 - 25,1968,2,8,4,1,,2,1,1,1,27,6,3,0,0,0,0,0,1,1,2,2016.0,01EO40546,E09000019,0.0,8.0,2.0,2016.0,01EO40546,0.0,0.0,0.0,2.0,1.0,-1,2016.0,01EO40546,2016,8,1,22
134922,201601EO40567,531910.0,182160.0,-0.100023,51.522906,1,Serious,2,1,2016-08-26,Friday,22:14,Islington,E09000019,3,5201,6,30.0,3,4,6,0,,,4,1,1,0,0,1,1,E01033489,2,2,26/08/2016,26/08/2016,1,8,0,7,,5,0,0,0,0,,,6,Male,30,26 - 35,1995,2,1,3,1,,2,1,1,1,27,6,2,0,0,0,0,0,1,1,2,2016.0,01EO40567,E09000019,0.0,0.0,2.0,2016.0,01EO40567,6.0,8.0,0.0,4.0,1.0,-1,2016.0,01EO40567,2016,8,2,22
134924,201601EO40572,530630.0,185810.0,-0.117109,51.556005,1,Slight,2,1,2016-07-08,Friday,00:41,Islington,E09000019,3,1,3,30.0,3,2,3,503,,,4,1,1,0,0,1,1,E01002767,3,1,07/08/2016,07/08/2016,1,9,0,5,,8,0,0,0,0,,,6,Male,28,26 - 35,1995,2,7,8,1,,2,1,1,1,37,7,3,0,0,0,0,0,1,1,3,2016.0,01EO40572,E09000019,0.0,5.0,2.0,2016.0,01EO40572,4.0,8.0,0.0,1.0,1.0,-1,2016.0,01EO40572,2016,7,1,0
134926,201601EO40574,529860.0,185050.0,-0.12849,51.549353,1,Slight,3,5,2016-08-26,Friday,00:15,Islington,E09000019,3,503,6,30.0,0,-1,-1,-1,,,4,2,2,0,0,1,1,E01002783,3,1,26/08/2016,26/08/2016,1,9,0,3,,0,0,0,0,0,,,6,Female,34,26 - 35,1149,1,15,6,1,,2,1,1,2,41,7,3,0,0,0,0,0,9,1,4,2016.0,01EO40574,E09000019,0.0,0.0,2.0,2016.0,01EO40574,2.0,6.0,0.0,2.0,1.0,-1,2016.0,01EO40574,2016,8,5,0
134942,201601EO40621,530510.0,183200.0,-0.119806,51.532577,1,Slight,2,1,2016-04-08,Friday,23:00,Islington,E09000019,3,5203,2,30.0,3,4,6,0,,,4,1,1,0,0,1,2,E01002711,3,1,04/08/2016,04/08/2016,1,4,0,13,,1,0,0,0,0,,,1,Male,23,21 - 25,108,1,4,4,1,,1,1,1,1,23,5,3,0,0,0,0,0,4,1,4,2016.0,01EO40621,E09000019,0.0,4.0,2.0,2016.0,01EO40621,2.0,6.0,0.0,1.0,1.0,-1,2016.0,01EO40621,2016,4,1,23
134944,201601EO40623,531250.0,185100.0,-0.108436,51.549481,1,Slight,2,1,2016-10-08,Saturday,19:30,Islington,E09000019,3,1,6,30.0,0,-1,-1,-1,,,1,9,1,0,0,1,1,E01002795,3,1,10/08/2016,10/08/2016,1,3,0,9,,0,0,0,0,0,,,6,Male,19,16 - 20,125,1,8,1,1,,2,1,1,1,31,6,3,0,0,0,0,0,1,1,4,2016.0,01EO40623,E09000019,0.0,4.0,2.0,2016.0,01EO40623,8.0,6.0,0.0,1.0,1.0,-1,2016.0,01EO40623,2016,10,1,19
134948,201601EO40638,531090.0,185280.0,-0.110675,51.551135,1,Slight,2,3,2016-07-07,Thursday,20:30,Islington,E09000019,3,1,6,20.0,3,4,6,0,,,1,1,1,0,0,1,1,E01033486,3,1,07/07/2016,07/07/2016,1,9,0,7,,5,0,0,0,0,,,6,Male,24,21 - 25,1499,1,0,4,1,,1,1,1,1,24,5,3,0,0,0,0,0,9,1,4,2016.0,01EO40638,E09000019,0.0,4.0,2.0,2016.0,01EO40638,4.0,6.0,0.0,4.0,1.0,-1,2016.0,01EO40638,2016,7,3,20
134953,201601EO40673,531570.0,183510.0,-0.104417,51.535117,1,Slight,2,1,2016-08-22,Monday,23:20,Islington,E09000019,3,1,6,30.0,6,2,6,0,,,4,1,1,0,0,1,1,E01002794,3,1,22/08/2016,22/08/2016,1,4,0,18,,8,0,0,0,0,,,1,Male,32,26 - 35,125,1,6,6,1,,1,1,1,1,32,6,3,0,0,0,0,0,4,1,6,2016.0,01EO40673,E09000019,0.0,5.0,2.0,2016.0,01EO40673,6.0,2.0,0.0,1.0,1.0,-1,2016.0,01EO40673,2016,8,1,23
134987,201601FH10035,523110.0,181250.0,-0.227119,51.516713,1,Slight,2,1,2016-11-01,Tuesday,18:30,Hammersmith and Fulham,E09000013,3,219,6,30.0,3,2,5,0,,,4,1,1,0,0,1,1,E01001874,3,1,11/01/2016,11/01/2016,1,3,0,18,,1,0,0,0,0,,,6,Male,29,26 - 35,125,1,5,2,1,,1,1,1,1,29,6,3,0,0,0,0,0,3,1,2,2016.0,01FH10035,E09000013,0.0,5.0,2.0,2016.0,01FH10035,4.0,8.0,0.0,1.0,1.0,-1,2016.0,01FH10035,2016,11,1,18
134990,201601FH10039,525390.0,177200.0,-0.195714,51.479814,1,Slight,2,1,2016-01-27,Wednesday,19:30,Hammersmith and Fulham,E09000013,4,318,6,30.0,3,2,3,304,,,4,1,1,0,0,1,1,E01001953,3,1,27/01/2016,27/01/2016,1,9,0,17,,8,0,0,0,0,,,6,Female,29,26 - 35,1560,2,12,2,1,,1,1,2,1,8,2,3,0,0,1,0,0,9,1,2,2016.0,01FH10039,E09000013,0.0,5.0,2.0,2016.0,01FH10039,4.0,2.0,0.0,2.0,1.0,-1,2016.0,01FH10039,2016,1,1,19
134993,201601FH10042,524630.0,177990.0,-0.206374,51.487081,1,Slight,2,1,2016-02-22,Monday,23:40,Hammersmith and Fulham,E09000013,5,0,6,20.0,3,4,6,0,,,4,2,2,0,0,1,1,E01001909,3,1,22/02/2016,22/02/2016,1,2,0,18,,8,0,0,0,0,,,2,Male,19,16 - 20,124,1,12,7,1,,1,1,1,1,19,4,3,0,0,0,0,0,2,1,7,2016.0,01FH10042,E09000013,0.0,0.0,2.0,2016.0,01FH10042,7.0,3.0,0.0,4.0,1.0,-1,2016.0,01FH10042,2016,2,1,23
135011,201601FH10067,525210.0,177230.0,-0.198294,51.480123,1,Slight,1,1,2016-01-31,Sunday,00:12,Hammersmith and Fulham,E09000013,3,304,6,30.0,3,4,6,0,,,4,1,1,0,0,1,1,E01001953,3,1,31/01/2016,31/01/2016,1,9,0,16,,8,0,0,0,0,,,6,Male,18,16 - 20,1699,1,6,4,1,,1,1,3,1,25,5,3,5,1,0,0,2,0,1,3,2016.0,01FH10067,E09000013,0.0,0.0,2.0,2016.0,01FH10067,3.0,6.0,0.0,1.0,1.0,-1,2016.0,01FH10067,2016,1,1,0
135018,201601FH10074,522500.0,182410.0,-0.235503,51.527271,1,Slight,2,1,2016-11-02,Wednesday,21:06,Hammersmith and Fulham,E09000013,3,219,1,30.0,2,4,6,0,,,4,1,1,0,0,1,1,E01001877,3,1,11/02/2016,11/02/2016,1,9,0,18,,8,0,0,0,0,,,2,Male,26,26 - 35,1587,1,14,8,1,,1,1,1,1,26,6,3,0,0,0,0,0,9,1,8,2016.0,01FH10074,E09000013,0.0,0.0,2.0,2016.0,01FH10074,5.0,1.0,0.0,1.0,1.0,-1,2016.0,01FH10074,2016,11,1,21
135060,201601FH10120,525130.0,177380.0,-0.199393,51.481489,1,Slight,1,1,2016-03-14,Monday,18:30,Hammersmith and Fulham,E09000013,4,317,6,30.0,3,4,6,0,,,4,1,1,0,0,1,1,E01001881,3,1,14/03/2016,14/03/2016,1,3,0,16,,8,0,0,0,0,,,6,Male,21,21 - 25,125,1,0,1,1,,1,1,3,1,80,11,3,4,3,0,0,2,0,1,4,2016.0,01FH10120,E09000013,0.0,1.0,2.0,2016.0,01FH10120,5.0,8.0,0.0,3.0,1.0,-1,2016.0,01FH10120,2016,3,1,18
135062,201601FH10124,521930.0,178260.0,-0.245149,51.490096,1,Slight,2,2,2016-02-28,Sunday,22:09,Hammersmith and Fulham,E09000013,3,4,3,30.0,0,-1,-1,-1,,,4,1,1,0,0,1,1,E01001933,3,1,28/02/2016,28/02/2016,1,5,0,18,,0,0,0,0,0,,,6,Male,26,26 - 35,654,1,5,2,1,,1,1,1,1,26,6,3,0,0,0,0,0,5,1,2,2016.0,01FH10124,E09000013,0.0,0.0,2.0,2016.0,01FH10124,6.0,2.0,0.0,1.0,1.0,-1,2016.0,01FH10124,2016,2,2,22
135068,201601FH10130,524460.0,176370.0,-0.209392,51.47256,1,Slight,2,2,2016-02-29,Monday,21:33,Hammersmith and Fulham,E09000013,3,304,6,30.0,8,4,6,0,,,4,1,1,0,0,1,1,E01001952,3,1,29/02/2016,29/02/2016,1,3,0,18,,8,0,0,0,0,,,6,Male,24,21 - 25,600,1,13,3,2,,1,1,1,1,24,5,3,0,0,0,0,0,3,2,3,2016.0,01FH10130,E09000013,0.0,0.0,2.0,2016.0,01FH10130,6.0,2.0,0.0,3.0,1.0,-1,2016.0,01FH10130,2016,2,2,21
135074,201601FH10136,524560.0,178390.0,-0.207241,51.490692,1,Slight,2,2,2016-03-13,Sunday,20:20,Hammersmith and Fulham,E09000013,3,4,3,30.0,6,2,4,317,,,4,1,1,0,0,1,2,E01001914,3,1,13/03/2016,13/03/2016,1,9,0,7,,2,0,0,0,0,,,6,Male,32,26 - 35,2597,1,14,6,1,,1,1,1,1,32,6,3,0,0,0,0,0,9,1,6,2016.0,01FH10136,E09000013,0.0,5.0,2.0,2016.0,01FH10136,4.0,6.0,0.0,2.0,1.0,-1,2016.0,01FH10136,2016,3,2,20
135079,201601FH10143,524550.0,178510.0,-0.207343,51.491772,1,Slight,1,3,2016-03-19,Saturday,04:35,Hammersmith and Fulham,E09000013,4,317,6,30.0,3,4,6,0,,,4,1,1,0,0,1,1,E01001870,3,1,19/03/2016,19/03/2016,1,9,0,18,,8,0,10,1,2,,,6,Male,25,21 - 25,1364,1,1,5,1,,1,1,1,1,25,5,3,0,0,0,0,0,9,1,5,2016.0,01FH10143,E09000013,0.0,5.0,2.0,2016.0,01FH10143,1.0,5.0,0.0,4.0,1.0,-1,2016.0,01FH10143,2016,3,3,4
135080,201601FH10144,522600.0,180510.0,-0.234722,51.510173,1,Slight,1,1,2016-03-26,Saturday,19:07,Hammersmith and Fulham,E09000013,5,0,6,30.0,3,4,6,0,,,4,5,2,0,0,1,1,E01001955,3,1,26/03/2016,26/03/2016,1,3,0,18,,8,0,0,0,0,,,6,Male,22,21 - 25,124,1,1,6,1,,1,1,3,1,74,10,3,5,1,0,0,2,0,1,3,2016.0,01FH10144,E09000013,0.0,0.0,2.0,2016.0,01FH10144,1.0,5.0,0.0,1.0,1.0,-1,2016.0,01FH10144,2016,3,1,19
135090,201601FH10155,525640.0,176950.0,-0.192205,51.477511,1,Slight,2,1,2016-02-26,Friday,20:50,Hammersmith and Fulham,E09000013,4,318,3,30.0,0,-1,-1,-1,,,4,1,1,0,0,1,1,E01001921,3,1,26/02/2016,26/02/2016,1,2,0,18,,0,0,0,0,0,,,1,Male,21,21 - 25,108,1,2,5,1,,1,1,1,1,21,5,3,0,0,0,0,0,2,1,5,2016.0,01FH10155,E09000013,0.0,0.0,2.0,2016.0,01FH10155,4.0,8.0,0.0,3.0,1.0,-1,2016.0,01FH10155,2016,2,1,20
135095,201601FH10160,522650.0,178750.0,-0.234614,51.494344,1,Slight,1,2,2016-03-20,Sunday,23:20,Hammersmith and Fulham,E09000013,4,408,6,30.0,3,4,4,408,,,4,1,1,0,0,1,1,E01001894,3,1,20/03/2016,20/03/2016,1,9,0,9,,8,0,10,3,1,,,6,Male,27,26 - 35,1796,1,7,1,1,,1,1,1,1,27,6,3,0,0,0,0,0,9,1,1,2016.0,01FH10160,E09000013,0.0,1.0,2.0,2016.0,01FH10160,3.0,1.0,0.0,1.0,1.0,-1,2016.0,01FH10160,2016,3,2,23
135098,201601FH10164,521770.0,181060.0,-0.246487,51.515296,1,Slight,2,1,2016-03-20,Sunday,19:12,Hammersmith and Fulham,E09000013,5,0,6,30.0,3,4,6,0,,,4,1,1,0,0,1,1,E01001875,3,1,20/03/2016,20/03/2016,1,3,0,18,,8,0,0,0,0,,,6,Male,16,16 - 20,108,1,4,2,1,,1,1,1,1,16,4,3,0,0,0,0,0,3,1,2,2016.0,01FH10164,E09000013,0.0,1.0,2.0,2016.0,01FH10164,7.0,3.0,0.0,1.0,1.0,-1,2016.0,01FH10164,2016,3,1,19
135099,201601FH10165,523500.0,181070.0,-0.221564,51.51501,1,Slight,2,4,2016-03-19,Saturday,21:30,Hammersmith and Fulham,E09000013,3,40,1,30.0,1,4,3,3220,,,4,1,1,0,0,1,2,E01002877,3,1,19/03/2016,19/03/2016,1,9,0,17,,8,0,0,0,0,,,6,Male,35,26 - 35,1910,2,9,4,1,,1,1,1,1,35,6,3,0,0,0,0,0,9,1,4,2016.0,01FH10165,E09000013,0.0,0.0,2.0,2016.0,01FH10165,5.0,3.0,0.0,3.0,1.0,-1,2016.0,01FH10165,2016,3,4,21
135118,201601FH10186,521990.0,179060.0,-0.244009,51.497273,1,Slight,2,1,2016-03-04,Friday,00:15,Hammersmith and Fulham,E09000013,3,402,6,30.0,3,4,6,0,,,7,9,1,0,0,1,1,E01001930,3,1,03/04/2016,03/04/2016,1,3,0,18,,1,0,0,0,0,,,6,Male,31,26 - 35,108,1,4,5,1,,1,1,1,1,31,6,3,0,0,0,0,0,3,1,5,2016.0,01FH10186,E09000013,0.0,0.0,2.0,2016.0,01FH10186,1.0,5.0,0.0,0.0,1.0,-1,2016.0,01FH10186,2016,3,1,0
135119,201601FH10187,522290.0,179390.0,-0.239575,51.500174,1,Slight,3,2,2016-06-04,Saturday,19:00,Hammersmith and Fulham,E09000013,4,408,6,30.0,0,-1,-1,-1,,,1,1,1,0,0,1,1,E01001858,3,1,06/04/2016,06/04/2016,1,9,0,18,,0,0,0,0,0,,,6,Female,22,21 - 25,1198,1,11,5,1,,2,1,1,1,38,7,3,0,0,0,0,0,9,1,5,2016.0,01FH10187,E09000013,0.0,1.0,2.0,2016.0,01FH10187,8.0,4.0,0.0,1.0,1.0,-1,2016.0,01FH10187,2016,6,2,19
135151,201601FH10224,523810.0,181150.0,-0.21707,51.515661,1,Slight,2,1,2016-04-26,Tuesday,18:00,Kensington and Chelsea,E09000020,3,40,3,40.0,5,4,3,40,,,1,1,1,0,0,1,1,E01002880,3,1,26/04/2016,26/04/2016,1,3,0,18,,1,0,0,0,0,,,2,Male,32,26 - 35,125,1,2,-1,-1,,1,1,1,1,32,6,3,0,0,0,0,0,3,-1,-1,2016.0,01FH10224,E09000020,0.0,0.0,2.0,2016.0,01FH10224,3.0,7.0,0.0,2.0,1.0,-1,2016.0,01FH10224,2016,4,1,18
135155,201601FH10228,522730.0,180080.0,-0.232999,51.50628,1,Slight,2,1,2016-04-27,Wednesday,18:25,Hammersmith and Fulham,E09000013,3,4020,6,30.0,3,4,6,0,,,1,1,1,0,0,1,1,E01001942,3,1,27/04/2016,27/04/2016,1,9,0,9,,1,0,0,0,0,,,6,Female,24,21 - 25,1598,1,9,3,1,,2,1,1,1,34,6,3,0,0,0,0,0,1,1,5,2016.0,01FH10228,E09000013,0.0,8.0,2.0,2016.0,01FH10228,7.0,5.0,0.0,4.0,1.0,-1,2016.0,01FH10228,2016,4,1,18
135170,201601FH10244,524860.0,177900.0,-0.203095,51.486222,1,Slight,2,1,2016-05-14,Saturday,01:07,Hammersmith and Fulham,E09000013,4,317,6,30.0,3,4,6,0,,,4,1,1,0,0,1,1,E01001909,3,1,14/05/2016,14/05/2016,1,3,0,18,,8,0,0,0,0,,,6,Male,25,21 - 25,125,1,0,4,1,,1,1,1,1,25,5,3,0,0,0,0,0,3,1,4,2016.0,01FH10244,E09000013,0.0,0.0,2.0,2016.0,01FH10244,8.0,4.0,0.0,1.0,1.0,-1,2016.0,01FH10244,2016,5,1,1
135182,201601FH10257,522430.0,180080.0,-0.23732,51.506345,1,Slight,2,1,2016-09-05,Monday,18:40,Hammersmith and Fulham,E09000013,3,4020,6,30.0,6,4,6,0,,,1,2,2,0,0,1,2,E01001860,3,1,09/05/2016,09/05/2016,1,3,0,4,,8,0,0,0,0,,,6,Male,32,26 - 35,244,1,8,6,1,,1,1,1,1,32,6,3,0,0,0,0,0,3,1,6,2016.0,01FH10257,E09000013,0.0,0.0,2.0,2016.0,01FH10257,3.0,7.0,0.0,4.0,1.0,-1,2016.0,01FH10257,2016,9,1,18
135189,201601FH10265,524730.0,177690.0,-0.205041,51.484363,1,Slight,2,1,2016-05-18,Wednesday,20:55,Hammersmith and Fulham,E09000013,3,3218,6,30.0,3,4,6,0,,,4,1,1,0,0,1,1,E01001885,3,1,18/05/2016,18/05/2016,1,5,0,18,,8,0,0,0,0,,,6,Male,26,26 - 35,599,1,8,4,1,,1,1,1,1,26,6,3,0,0,0,0,0,5,1,4,2016.0,01FH10265,E09000013,0.0,1.0,2.0,2016.0,01FH10265,6.0,2.0,0.0,1.0,1.0,-1,2016.0,01FH10265,2016,5,1,20
135200,201601FH10276,524750.0,178140.0,-0.204594,51.488403,1,Slight,2,1,2016-05-24,Tuesday,22:00,Hammersmith and Fulham,E09000013,4,317,6,30.0,3,4,6,0,,,4,1,1,0,0,1,1,E01001908,3,1,24/05/2016,24/05/2016,1,3,0,10,,8,0,0,0,0,,,6,Male,26,26 - 35,125,1,5,6,1,,1,1,1,1,26,6,3,0,0,0,0,0,3,1,6,2016.0,01FH10276,E09000013,0.0,0.0,2.0,2016.0,01FH10276,2.0,8.0,0.0,1.0,1.0,-1,2016.0,01FH10276,2016,5,1,22
135254,201601FH10337,525550.0,177230.0,-0.193401,51.480048,1,Slight,2,2,2016-06-28,Tuesday,19:52,Hammersmith and Fulham,E09000013,3,304,6,30.0,6,4,6,0,,,4,1,1,0,0,1,1,E01001920,3,1,28/06/2016,28/06/2016,1,3,0,13,,8,0,0,0,0,,,6,Male,24,21 - 25,125,1,2,2,1,,1,1,1,1,24,5,3,0,0,0,0,0,3,1,2,2016.0,01FH10337,E09000013,0.0,0.0,2.0,2016.0,01FH10337,3.0,7.0,0.0,1.0,1.0,-1,2016.0,01FH10337,2016,6,2,19
135255,201601FH10338,522100.0,181100.0,-0.24172,51.515584,1,Slight,2,1,2016-10-06,Thursday,23:20,Hammersmith and Fulham,E09000013,5,0,6,30.0,0,-1,-1,-1,,,4,1,1,0,0,1,1,E01001876,3,1,10/06/2016,10/06/2016,1,9,0,18,,0,0,0,0,0,,,6,Male,26,26 - 35,1248,2,5,8,2,,2,1,1,1,18,4,3,0,0,0,0,0,3,1,4,2016.0,01FH10338,E09000013,0.0,0.0,2.0,2016.0,01FH10338,3.0,7.0,0.0,1.0,1.0,-1,2016.0,01FH10338,2016,10,1,23
135275,201601FH10359,522570.0,180090.0,-0.2353,51.506405,1,Slight,3,1,2016-06-07,Tuesday,18:05,Hammersmith and Fulham,E09000013,3,4020,6,30.0,0,-1,-1,-1,,,1,1,1,0,0,1,1,E01001960,3,1,06/07/2016,06/07/2016,1,9,0,2,,0,0,0,0,0,,,6,Male,27,26 - 35,2993,2,11,7,1,,3,1,1,2,53,8,3,0,0,0,0,0,1,1,2,2016.0,01FH10359,E09000013,0.0,4.0,2.0,2016.0,01FH10359,0.0,0.0,0.0,3.0,1.0,-1,2016.0,01FH10359,2016,6,1,18
135281,201601FH10368,524820.0,178030.0,-0.203625,51.487399,1,Slight,2,1,2016-06-15,Wednesday,20:00,Hammersmith and Fulham,E09000013,4,317,6,30.0,3,4,5,0,,,4,1,1,0,0,1,1,E01001912,3,1,15/06/2016,15/06/2016,1,3,0,18,,8,0,0,0,0,,,6,Male,19,16 - 20,125,1,1,3,1,,1,1,1,1,19,4,3,0,0,0,0,0,3,1,3,2016.0,01FH10368,E09000013,0.0,0.0,2.0,2016.0,01FH10368,4.0,8.0,0.0,1.0,1.0,-1,2016.0,01FH10368,2016,6,1,20
135284,201601FH10371,525770.0,175930.0,-0.190697,51.468316,1,Slight,2,4,2016-03-07,Monday,01:10,Hammersmith and Fulham,E09000013,3,217,6,30.0,6,4,6,0,,,4,1,1,0,0,1,1,E01001937,3,1,03/07/2016,03/07/2016,1,8,0,18,,1,0,0,0,0,,,1,Male,35,26 - 35,1996,2,5,4,1,,1,1,2,1,27,6,3,0,0,2,0,0,8,-1,-1,2016.0,01FH10371,E09000013,0.0,1.0,2.0,2016.0,01FH10371,1.0,5.0,0.0,3.0,1.0,-1,2016.0,01FH10371,2016,3,4,1
135289,201601FH10377,525400.0,177180.0,-0.195577,51.479632,1,Slight,1,2,2016-07-17,Sunday,19:18,Hammersmith and Fulham,E09000013,4,318,6,30.0,3,2,6,0,,,1,1,1,0,0,1,1,E01001920,3,1,17/07/2016,17/07/2016,1,3,0,17,,1,0,0,0,0,,,6,Male,20,16 - 20,125,1,0,4,1,,1,1,1,1,20,4,3,0,0,0,0,0,3,1,4,2016.0,01FH10377,E09000013,0.0,5.0,2.0,2016.0,01FH10377,4.0,1.0,0.0,1.0,1.0,-1,2016.0,01FH10377,2016,7,2,19
135291,201601FH10379,523380.0,178620.0,-0.224149,51.493017,1,Slight,2,2,2016-11-07,Monday,20:12,Hammersmith and Fulham,E09000013,3,219,1,30.0,1,2,3,315,,,4,1,1,0,0,1,1,E01001898,3,1,11/07/2016,11/07/2016,1,9,0,3,,8,0,0,0,0,,,1,Male,31,26 - 35,-1,-1,-1,2,1,,2,1,1,1,20,4,3,0,0,0,0,0,3,1,1,2016.0,01FH10379,E09000013,0.0,5.0,2.0,2016.0,01FH10379,5.0,1.0,0.0,4.0,1.0,-1,2016.0,01FH10379,2016,11,2,20
135307,201601FH10398,525250.0,177260.0,-0.197708,51.480384,1,Slight,1,1,2016-07-18,Monday,23:00,Hammersmith and Fulham,E09000013,3,304,6,30.0,3,4,3,304,,,4,1,1,0,0,1,1,E01001953,3,1,18/07/2016,18/07/2016,1,3,0,17,,8,0,10,3,2,,,6,Male,32,26 - 35,108,1,2,1,1,,1,1,1,1,32,6,3,0,0,0,0,0,3,1,1,2016.0,01FH10398,E09000013,0.0,0.0,2.0,2016.0,01FH10398,6.0,4.0,0.0,1.0,1.0,-1,2016.0,01FH10398,2016,7,1,23
135324,201601FH10417,523770.0,180190.0,-0.217983,51.507042,1,Slight,2,1,2016-07-29,Friday,23:13,Hammersmith and Fulham,E09000013,3,3220,3,40.0,0,-1,-1,-1,,,4,1,1,0,0,1,1,E01001943,3,1,29/07/2016,29/07/2016,1,9,0,18,,0,0,10,4,6,,,6,Male,30,26 - 35,2143,2,1,7,1,,1,1,1,1,30,6,3,0,0,0,0,0,9,1,7,2016.0,01FH10417,E09000013,0.0,0.0,2.0,2016.0,01FH10417,8.0,4.0,0.0,4.0,1.0,-1,2016.0,01FH10417,2016,7,1,23
135325,201601FH10419,522390.0,178390.0,-0.238482,51.491165,1,Slight,2,1,2016-03-07,Monday,23:00,Hammersmith and Fulham,E09000013,3,4,3,30.0,8,4,6,0,,,4,1,1,0,0,1,1,E01001932,3,1,03/07/2016,03/07/2016,1,9,0,7,,8,0,0,0,0,,,6,Male,22,21 - 25,1598,1,7,3,1,,1,1,1,1,22,5,3,0,0,0,0,0,9,1,3,2016.0,01FH10419,E09000013,0.0,0.0,2.0,2016.0,01FH10419,3.0,5.0,0.0,2.0,1.0,-1,2016.0,01FH10419,2016,3,1,23
135326,201601FH10420,523490.0,179220.0,-0.222355,51.498386,1,Slight,2,2,2016-07-08,Friday,01:41,Hammersmith and Fulham,E09000013,3,219,6,30.0,3,4,6,0,,,4,1,1,0,0,1,1,E01001856,3,1,07/08/2016,07/08/2016,1,9,0,18,,8,0,0,0,0,,,6,Male,27,26 - 35,1229,1,7,2,1,,2,1,1,1,29,6,3,0,0,0,0,0,9,1,7,2016.0,01FH10420,E09000013,0.0,0.0,2.0,2016.0,01FH10420,5.0,1.0,0.0,1.0,1.0,-1,2016.0,01FH10420,2016,7,2,1