,accident_index,location_easting_osgr,location_northing_osgr,longitude,latitude,police_force,accident_severity,number_of_vehicles,number_of_casualties,date,day_of_week,time,local_authority_district,local_authority_highway,first_road_class,first_road_number,road_type,speed_limit,junction_detail,junction_control,second_road_class,second_road_number,pedestrian_crossing-human_control,pedestrian_crossing-physical_facilities,light_conditions,weather_conditions,road_surface_conditions,special_conditions_at_site,carriageway_hazards,urban_or_rural_area,did_police_officer_attend_scene_of_accident,lsoa_of_accident_location,accident_severity_num,accident_severity_inv,date2,date_original,vehicle_reference_x,vehicle_type,towing_and_articulation,vehicle_manoeuvre,vehicle_location-restricted_lane,junction_location,skidding_and_overturning,hit_object_in_carriageway,vehicle_leaving_carriageway,hit_object_off_carriageway,1st_point_of_impact,was_vehicle_left_hand_drive?,journey_purpose_of_driver,sex_of_driver,age_of_driver,age_band_of_driver,engine_capacity_cc,propulsion_code,age_of_vehicle,driver_imd_decile,driver_home_area_type,vehicle_imd_decile,vehicle_reference_y,casualty_reference,casualty_class,sex_of_casualty,age_of_casualty,age_band_of_casualty,casualty_severity,pedestrian_location,pedestrian_movement,car_passenger,bus_or_coach_passenger,pedestrian_road_maintenance_worker,casualty_type,casualty_home_area_type,casualty_imd_decile,accident_year_x,accident_reference_x,local_authority_ons_district,pedestrian_crossing_human_control,pedestrian_crossing_physical_facilities,trunk_road_flag,accident_year_y,accident_reference_y,vehicle_direction_from,vehicle_direction_to,vehicle_location_restricted_lane,first_point_of_impact,vehicle_left_hand_drive,generic_make_model,accident_year,accident_reference,year,month,severity,hours
135333,201601FH10429,521980.0,178990.0,-0.244177,51.496646,1,Slight,2,1,2016-02-08,Monday,21:43,Hammersmith and Fulham,E09000013,3,402,6,30.0,0,-1,-1,-1,,,4,1,1,0,0,1,1,E01001930,3,1,02/08/2016,02/08/2016,1,9,0,2,,0,0,0,0,0,,,6,Female,26,26 - 35,1796,1,12,7,1,,1,1,3,2,26,6,3,9,9,0,0,2,0,1,7,2016.0,01FH10429,E09000013,0.0,0.0,2.0,2016.0,01FH10429,0.0,0.0,0.0,3.0,1.0,-1,2016.0,01FH10429,2016,2,1,21
135338,201601FH10434,522590.0,180600.0,-0.234835,51.510984,1,Slight,1,1,2016-02-08,Monday,01:20,Hammersmith and Fulham,E09000013,5,0,6,30.0,3,4,6,0,,,4,1,1,0,0,1,1,E01001955,3,1,02/08/2016,02/08/2016,1,9,0,18,,2,0,10,7,2,,,6,Female,25,21 - 25,998,1,2,-1,-1,,1,1,1,2,25,5,3,0,0,0,0,0,9,-1,-1,2016.0,01FH10434,E09000013,0.0,0.0,2.0,2016.0,01FH10434,1.0,5.0,0.0,1.0,1.0,-1,2016.0,01FH10434,2016,2,1,1
135341,201601FH10437,523610.0,179890.0,-0.220393,51.504381,1,Serious,1,2,2016-08-18,Thursday,23:35,Hammersmith and Fulham,E09000013,3,4020,6,30.0,0,-1,-1,-1,,,4,1,1,0,0,1,1,E01001943,2,2,18/08/2016,18/08/2016,1,3,0,18,,0,0,0,0,0,,,6,Male,20,16 - 20,124,1,4,3,1,,1,1,1,1,20,4,2,0,0,0,0,0,3,1,3,2016.0,01FH10437,E09000013,0.0,4.0,2.0,2016.0,01FH10437,7.0,3.0,0.0,1.0,1.0,-1,2016.0,01FH10437,2016,8,4,23
135360,201601FH10465,521950.0,178870.0,-0.244651,51.495574,1,Slight,2,1,2016-09-08,Thursday,23:30,Hammersmith and Fulham,E09000013,3,402,6,30.0,8,4,6,0,,,4,1,1,0,0,1,1,E01001931,3,1,09/08/2016,09/08/2016,1,9,0,18,,8,0,0,0,0,,,6,Male,33,26 - 35,1796,1,4,5,1,,2,1,1,1,28,6,3,0,0,0,0,0,9,1,7,2016.0,01FH10465,E09000013,0.0,0.0,2.0,2016.0,01FH10465,5.0,1.0,0.0,1.0,1.0,-1,2016.0,01FH10465,2016,9,1,23
135366,201601FH10485,525520.0,177050.0,-0.193896,51.478437,1,Slight,2,1,2016-05-28,Saturday,19:20,Hammersmith and Fulham,E09000013,4,318,6,30.0,3,4,6,0,,,1,1,1,0,0,1,1,E01001921,3,1,28/05/2016,28/05/2016,1,3,0,18,,8,0,0,0,0,,,6,Male,21,21 - 25,125,1,3,3,1,,1,1,1,1,21,5,3,0,0,0,0,0,3,1,3,2016.0,01FH10485,E09000013,0.0,0.0,2.0,2016.0,01FH10485,4.0,8.0,0.0,1.0,1.0,-1,2016.0,01FH10485,2016,5,1,19
135369,201601FH10494,523050.0,180030.0,-0.228408,51.505761,1,Slight,2,1,2016-10-08,Saturday,19:45,Hammersmith and Fulham,E09000013,3,4020,6,30.0,3,4,6,0,,,4,1,1,0,0,1,1,E01001941,3,1,10/08/2016,10/08/2016,1,2,0,18,,8,0,0,0,0,,,6,Male,26,26 - 35,49,1,15,3,1,,1,1,1,1,26,6,3,0,0,0,0,0,2,1,3,2016.0,01FH10494,E09000013,0.0,0.0,2.0,2016.0,01FH10494,8.0,4.0,0.0,1.0,1.0,-1,2016.0,01FH10494,2016,10,1,19
135372,201601GD10003,533490.0,184350.0,-0.076433,51.542216,1,Slight,2,1,2016-08-01,Monday,22:04,Hackney,E09000012,3,10,6,20.0,6,2,5,0,,,4,1,2,0,0,1,1,E01001750,3,1,08/01/2016,08/01/2016,1,2,0,18,,1,0,0,0,0,,,1,Male,19,16 - 20,124,1,7,3,1,,1,1,1,1,19,4,3,0,0,0,0,0,2,1,3,2016.0,01GD10003,E09000012,0.0,5.0,2.0,2016.0,01GD10003,5.0,1.0,2.0,3.0,1.0,-1,2016.0,01GD10003,2016,8,1,22
135378,201601GD10011,532050.0,187470.0,-0.096015,51.570592,1,Slight,2,1,2016-03-01,Tuesday,18:00,Hackney,E09000012,3,105,6,30.0,6,2,3,503,,,4,1,1,0,0,1,1,E01001714,3,1,03/01/2016,03/01/2016,1,3,0,10,,8,0,0,0,0,,,6,Male,34,26 - 35,-1,-1,-1,-1,-1,,1,1,1,1,34,6,3,0,0,0,0,0,3,-1,-1,2016.0,01GD10011,E09000012,0.0,5.0,2.0,2016.0,01GD10011,8.0,6.0,0.0,1.0,1.0,-1,2016.0,01GD10011,2016,3,1,18
135382,201601GD10015,532910.0,182550.0,-0.08547,51.526177,1,Slight,2,1,2016-01-17,Sunday,05:35,Hackney,E09000012,3,5201,6,30.0,0,-1,-1,-1,,,4,1,4,0,0,1,2,E01001780,3,1,17/01/2016,17/01/2016,1,9,0,4,,0,0,0,0,0,,,6,Male,32,26 - 35,2993,2,12,3,1,,1,1,1,1,32,6,3,0,0,0,0,0,9,1,3,2016.0,01GD10015,E09000012,0.0,0.0,2.0,2016.0,01GD10015,6.0,2.0,0.0,2.0,1.0,-1,2016.0,01GD10015,2016,1,1,5
135388,201601GD10022,534890.0,184970.0,-0.056019,51.547455,1,Slight,1,1,2016-01-23,Saturday,21:06,Hackney,E09000012,3,107,6,30.0,0,-1,-1,-1,,,4,2,2,0,0,1,1,E01001760,3,1,23/01/2016,23/01/2016,1,9,0,18,,0,0,0,0,0,,,6,Male,21,21 - 25,1199,1,15,2,1,,1,1,3,2,24,5,3,5,3,0,0,2,0,1,3,2016.0,01GD10022,E09000012,0.0,0.0,2.0,2016.0,01GD10022,8.0,4.0,0.0,1.0,1.0,-1,2016.0,01GD10022,2016,1,1,21
135398,201601GD10035,533320.0,182300.0,-0.079658,51.523833,1,Serious,1,1,2016-01-29,Friday,20:45,Hackney,E09000012,3,1202,6,30.0,0,-1,-1,-1,,,4,5,2,0,0,1,1,E01033708,2,2,29/01/2016,29/01/2016,1,5,0,18,,0,0,0,0,0,,,2,Male,29,26 - 35,-1,-1,-1,9,2,,1,1,3,1,59,9,2,5,3,0,0,2,0,-1,-1,2016.0,01GD10035,E09000012,0.0,0.0,2.0,2016.0,01GD10035,4.0,8.0,0.0,1.0,1.0,-1,2016.0,01GD10035,2016,1,2,20
135406,201601GD10046,535930.0,185130.0,-0.040968,51.548643,1,Slight,2,2,2016-01-31,Sunday,22:30,Hackney,E09000012,3,102,6,30.0,3,4,6,0,,,4,1,1,0,0,1,1,E01001729,3,1,31/01/2016,31/01/2016,1,9,0,9,,8,0,0,0,0,,,6,Male,25,21 - 25,1596,1,8,1,1,,2,1,1,1,40,7,3,0,0,0,0,0,5,1,1,2016.0,01GD10046,E09000012,0.0,0.0,2.0,2016.0,01GD10046,5.0,3.0,0.0,1.0,1.0,-1,2016.0,01GD10046,2016,1,2,22
135414,201601GD10054,534940.0,184730.0,-0.05539,51.545286,1,Slight,2,1,2016-06-02,Thursday,18:15,Hackney,E09000012,3,107,6,30.0,3,4,6,0,,,4,2,2,0,0,1,1,E01001762,3,1,06/02/2016,06/02/2016,1,9,0,9,,8,0,0,0,0,,,2,Female,24,21 - 25,1399,1,9,2,1,,2,1,2,2,55,8,3,0,0,1,0,0,9,1,2,2016.0,01GD10054,E09000012,0.0,0.0,2.0,2016.0,01GD10054,7.0,5.0,0.0,3.0,1.0,-1,2016.0,01GD10054,2016,6,1,18
135433,201601GD10075,533570.0,185780.0,-0.074737,51.555047,1,Slight,2,1,2016-02-13,Saturday,21:21,Hackney,E09000012,3,10,6,20.0,0,-1,-1,-1,,,4,2,2,0,0,1,1,E01001834,3,1,13/02/2016,13/02/2016,1,3,0,18,,0,0,0,0,0,,,6,Male,24,21 - 25,102,1,10,2,1,,1,1,1,1,24,5,3,0,0,0,0,0,3,1,2,2016.0,01GD10075,E09000012,0.0,0.0,2.0,2016.0,01GD10075,1.0,5.0,0.0,3.0,1.0,-1,2016.0,01GD10075,2016,2,1,21
135436,201601GD10079,533100.0,183590.0,-0.08234,51.535478,1,Slight,2,1,2016-01-26,Tuesday,19:50,Hackney,E09000012,5,0,6,30.0,6,4,5,0,,,4,2,2,0,0,1,1,E01001754,3,1,26/01/2016,26/01/2016,1,9,0,18,,8,0,0,0,0,,,6,Male,31,26 - 35,1591,1,4,3,1,,2,1,1,1,28,6,3,0,0,0,0,0,1,1,2,2016.0,01GD10079,E09000012,0.0,1.0,2.0,2016.0,01GD10079,8.0,4.0,0.0,1.0,1.0,-1,2016.0,01GD10079,2016,1,1,19
135438,201601GD10081,534910.0,185910.0,-0.055371,51.555897,1,Slight,2,1,2016-03-02,Wednesday,23:47,Hackney,E09000012,3,107,6,20.0,3,2,3,104,,,4,1,1,0,0,1,1,E01033713,3,1,03/02/2016,03/02/2016,1,8,0,4,,1,0,0,0,0,,,1,Male,34,26 - 35,1797,8,6,3,1,,1,1,2,1,33,6,3,0,0,2,0,0,8,-1,-1,2016.0,01GD10081,E09000012,0.0,5.0,2.0,2016.0,01GD10081,4.0,8.0,0.0,2.0,1.0,-1,2016.0,01GD10081,2016,3,1,23
135441,201601GD10086,533490.0,184340.0,-0.076436,51.542126,1,Slight,3,1,2016-02-16,Tuesday,00:19,Hackney,E09000012,3,10,6,30.0,6,2,5,0,,,4,1,1,0,0,1,1,E01001750,3,1,16/02/2016,16/02/2016,1,9,0,18,,1,0,0,0,0,,,6,Male,18,16 - 20,-1,-1,-1,1,1,,3,1,1,1,28,6,3,0,0,0,0,0,9,1,3,2016.0,01GD10086,E09000012,0.0,5.0,2.0,2016.0,01GD10086,5.0,1.0,0.0,1.0,1.0,-1,2016.0,01GD10086,2016,2,1,0
135444,201601GD10089,533470.0,183480.0,-0.077051,51.534402,1,Slight,2,1,2016-02-02,Tuesday,18:00,Hackney,E09000012,3,10,6,30.0,6,2,5,0,,,4,2,2,0,0,1,1,E01001755,3,1,02/02/2016,02/02/2016,1,9,0,18,,8,0,0,0,0,,,6,Male,29,26 - 35,1800,1,16,3,1,,2,1,1,1,45,7,3,0,0,0,0,0,8,1,2,2016.0,01GD10089,E09000012,0.0,5.0,2.0,2016.0,01GD10089,5.0,1.0,0.0,1.0,1.0,-1,2016.0,01GD10089,2016,2,1,18
135474,201601GD10134,531520.0,186830.0,-0.103897,51.564965,1,Slight,2,2,2016-02-23,Tuesday,01:07,Hackney,E09000012,3,503,6,30.0,3,4,6,0,,,4,1,1,0,0,1,1,E01001718,3,1,23/02/2016,23/02/2016,1,3,0,18,,1,0,0,0,0,,,6,Male,21,21 - 25,124,1,8,1,1,,1,1,1,1,21,5,3,0,0,0,0,0,3,1,1,2016.0,01GD10134,E09000012,0.0,0.0,2.0,2016.0,01GD10134,6.0,2.0,0.0,1.0,1.0,-1,2016.0,01GD10134,2016,2,2,1
135484,201601GD10146,532760.0,183280.0,-0.087356,51.532772,1,Slight,2,1,2016-11-02,Wednesday,19:50,Hackney,E09000012,3,1200,6,20.0,3,4,4,102,,,4,1,1,0,0,1,1,E01001781,3,1,11/02/2016,11/02/2016,1,9,0,7,,5,0,0,0,0,,,2,Male,26,26 - 35,-1,-1,-1,8,1,,2,1,1,2,32,6,3,0,0,0,0,0,1,1,2,2016.0,01GD10146,E09000012,0.0,4.0,2.0,2016.0,01GD10146,8.0,2.0,0.0,4.0,1.0,-1,2016.0,01GD10146,2016,11,1,19
135488,201601GD10151,535350.0,184500.0,-0.04957,51.543121,1,Slight,2,1,2016-02-25,Thursday,21:41,Hackney,E09000012,5,0,6,30.0,3,4,6,0,,,4,1,1,0,0,1,2,E01001838,3,1,25/02/2016,25/02/2016,1,9,0,10,,1,0,0,0,0,,,6,Female,32,26 - 35,1598,1,3,1,1,,1,1,2,2,14,3,3,0,0,2,0,0,9,1,1,2016.0,01GD10151,E09000012,0.0,0.0,2.0,2016.0,01GD10151,6.0,4.0,0.0,3.0,1.0,-1,2016.0,01GD10151,2016,2,1,21
135491,201601GD10154,532690.0,183420.0,-0.088312,51.534047,1,Slight,2,1,2016-04-03,Sunday,18:15,Hackney,E09000012,3,1200,6,30.0,0,-1,-1,-1,,,4,1,1,0,0,1,2,E01001781,3,1,04/03/2016,04/03/2016,1,3,0,18,,0,0,0,0,0,,,6,Male,22,21 - 25,125,1,2,3,1,,1,1,1,1,22,5,3,0,0,0,0,0,3,1,3,2016.0,01GD10154,E09000012,0.0,0.0,2.0,2016.0,01GD10154,8.0,4.0,0.0,2.0,1.0,-1,2016.0,01GD10154,2016,4,1,18
135500,201601GD10164,534780.0,184050.0,-0.057957,51.539213,1,Slight,2,1,2016-03-13,Sunday,01:00,Hackney,E09000012,6,0,6,30.0,6,4,6,0,,,4,1,1,0,0,1,2,E01033704,3,1,13/03/2016,13/03/2016,1,9,0,3,,1,0,0,0,0,,,2,Male,28,26 - 35,1800,8,4,2,1,,1,1,1,1,28,6,3,0,0,0,0,0,9,1,2,2016.0,01GD10164,E09000012,0.0,0.0,2.0,2016.0,01GD10164,3.0,7.0,0.0,3.0,1.0,-1,2016.0,01GD10164,2016,3,1,1
135504,201601GD10168,532050.0,187460.0,-0.096019,51.570502,1,Slight,2,3,2016-05-03,Tuesday,20:00,Hackney,E09000012,3,105,6,30.0,6,2,3,503,,,4,1,2,0,0,1,1,E01001714,3,1,05/03/2016,05/03/2016,1,8,0,18,,8,0,0,0,0,,,1,Male,25,21 - 25,1956,2,6,2,1,,1,1,1,1,25,5,3,0,0,0,0,0,8,1,2,2016.0,01GD10168,E09000012,0.0,5.0,2.0,2016.0,01GD10168,4.0,8.0,0.0,3.0,1.0,-1,2016.0,01GD10168,2016,5,3,20
135511,201601GD10184,534900.0,187040.0,-0.055081,51.566054,1,Slight,2,1,2016-08-03,Wednesday,23:38,Hackney,E09000012,6,0,6,30.0,3,4,6,0,,,4,2,2,0,0,1,1,E01001822,3,1,08/03/2016,08/03/2016,1,9,0,9,,8,0,0,0,0,,,6,Male,28,26 - 35,2438,1,17,4,1,,2,1,1,1,35,6,3,0,0,0,0,0,1,1,3,2016.0,01GD10184,E09000012,0.0,0.0,2.0,2016.0,01GD10184,3.0,1.0,0.0,1.0,1.0,-1,2016.0,01GD10184,2016,8,1,23
135515,201601GD10191,533480.0,184190.0,-0.076637,51.54078,1,Serious,2,1,2016-03-15,Tuesday,21:00,Hackney,E09000012,3,10,6,20.0,6,2,5,0,,,4,1,1,0,0,1,1,E01001750,2,2,15/03/2016,15/03/2016,1,4,0,18,,8,0,0,0,0,,,6,Male,26,26 - 35,125,1,11,1,1,,1,1,1,1,26,6,2,0,0,0,0,0,4,1,1,2016.0,01GD10191,E09000012,0.0,5.0,2.0,2016.0,01GD10191,1.0,5.0,0.0,1.0,1.0,-1,2016.0,01GD10191,2016,3,2,21
135520,201601GD10197,532030.0,187490.0,-0.096296,51.570777,1,Slight,2,1,2016-03-18,Friday,23:24,Hackney,E09000012,3,105,6,30.0,6,2,3,503,,,4,1,1,0,0,1,1,E01002002,3,1,18/03/2016,18/03/2016,1,3,0,13,,2,0,0,0,0,,,1,Male,22,21 - 25,108,1,0,2,1,,1,1,1,1,22,5,3,0,0,0,0,0,3,1,2,2016.0,01GD10197,E09000012,0.0,5.0,2.0,2016.0,01GD10197,5.0,1.0,0.0,4.0,1.0,-1,2016.0,01GD10197,2016,3,1,23
135540,201601GD10220,533970.0,184930.0,-0.069294,51.547314,1,Slight,2,1,2016-03-30,Wednesday,20:15,Hackney,E09000012,3,104,1,30.0,2,4,6,0,,,4,1,1,0,0,1,1,E01001748,3,1,30/03/2016,30/03/2016,1,9,0,6,,8,0,0,0,0,,,6,Male,30,26 - 35,1560,2,10,3,1,,2,1,1,1,26,6,3,0,0,0,0,0,1,1,2,2016.0,01GD10220,E09000012,0.0,0.0,2.0,2016.0,01GD10220,5.0,5.0,0.0,3.0,1.0,-1,2016.0,01GD10220,2016,3,1,20
135548,201601GD10230,534160.0,186610.0,-0.065916,51.562366,1,Slight,2,1,2016-03-04,Friday,22:40,Hackney,E09000012,4,111,6,20.0,3,4,6,0,,,4,1,1,0,0,1,1,E01001768,3,1,03/04/2016,03/04/2016,1,9,0,9,,8,0,0,0,0,,,6,Female,19,16 - 20,998,1,4,1,1,,1,1,1,2,19,4,3,0,0,0,0,0,9,1,1,2016.0,01GD10230,E09000012,0.0,0.0,2.0,2016.0,01GD10230,4.0,2.0,0.0,3.0,1.0,-1,2016.0,01GD10230,2016,3,1,22
135556,201601GD10241,533320.0,182290.0,-0.079662,51.523744,1,Slight,2,1,2016-06-03,Friday,23:13,Hackney,E09000012,3,1202,6,30.0,0,-1,-1,-1,,,4,1,1,0,0,1,1,E01033708,3,1,06/03/2016,06/03/2016,1,2,0,18,,0,0,0,0,0,,,6,Male,26,26 - 35,124,1,6,-1,-1,,1,1,1,1,26,6,3,0,0,0,0,0,2,-1,-1,2016.0,01GD10241,E09000012,0.0,0.0,2.0,2016.0,01GD10241,8.0,4.0,0.0,2.0,1.0,-1,2016.0,01GD10241,2016,6,1,23
135558,201601GD10243,533730.0,187790.0,-0.071667,51.573072,1,Slight,1,1,2016-05-04,Wednesday,22:55,Hackney,E09000012,3,107,6,30.0,3,4,6,0,,,4,1,1,0,0,1,1,E01001808,3,1,05/04/2016,05/04/2016,1,3,0,18,,2,0,0,0,0,,,6,Male,24,21 - 25,125,1,4,3,1,,1,1,3,1,28,6,3,5,4,0,0,2,0,1,3,2016.0,01GD10243,E09000012,0.0,0.0,2.0,2016.0,01GD10243,8.0,4.0,0.0,1.0,1.0,-1,2016.0,01GD10243,2016,5,1,22
135573,201601GD10259,535000.0,186220.0,-0.053954,51.558661,1,Slight,1,1,2016-08-04,Thursday,21:50,Hackney,E09000012,3,104,6,30.0,0,-1,-1,-1,,,4,2,2,6,0,1,1,E01001792,3,1,08/04/2016,08/04/2016,1,3,0,18,,0,1,0,0,0,,,2,Male,33,26 - 35,125,1,5,6,1,,1,1,1,1,33,6,3,0,0,0,0,0,3,1,6,2016.0,01GD10259,E09000012,0.0,0.0,2.0,2016.0,01GD10259,2.0,6.0,0.0,3.0,1.0,-1,2016.0,01GD10259,2016,8,1,21
135578,201601GD10266,532890.0,182540.0,-0.085762,51.526091,1,Slight,2,1,2016-03-27,Sunday,23:30,Hackney,E09000012,3,5201,3,20.0,3,4,6,0,,,4,5,2,0,0,1,1,E01001780,3,1,27/03/2016,27/03/2016,1,9,0,18,,8,0,0,0,0,,,6,Female,24,21 - 25,1390,1,12,-1,-1,,1,1,2,1,24,5,3,0,0,2,0,0,9,1,3,2016.0,01GD10266,E09000012,0.0,4.0,2.0,2016.0,01GD10266,6.0,2.0,0.0,1.0,1.0,-1,2016.0,01GD10266,2016,3,1,23
135580,201601GD10268,533750.0,184170.0,-0.072754,51.540537,1,Slight,3,1,2016-01-04,Monday,20:20,Hackney,E09000012,5,0,6,20.0,3,4,6,0,,,4,1,1,0,0,1,1,E01033698,3,1,01/04/2016,01/04/2016,1,9,0,3,,1,0,0,0,0,,,6,Female,34,26 - 35,2143,2,3,1,1,,1,1,1,2,34,6,3,0,0,0,0,0,9,1,1,2016.0,01GD10268,E09000012,0.0,0.0,2.0,2016.0,01GD10268,1.0,5.0,0.0,2.0,1.0,-1,2016.0,01GD10268,2016,1,1,20
135586,201601GD10277,533590.0,186240.0,-0.074274,51.559176,1,Slight,2,2,2016-04-17,Sunday,05:40,Hackney,E09000012,3,10,2,30.0,3,4,6,0,,,1,1,1,0,0,1,1,E01001830,3,1,17/04/2016,17/04/2016,1,9,0,18,,1,0,0,0,0,,,1,Male,28,26 - 35,1995,2,5,4,1,,1,1,1,1,28,6,3,0,0,0,0,0,9,1,4,2016.0,01GD10277,E09000012,0.0,1.0,2.0,2016.0,01GD10277,5.0,1.0,0.0,1.0,1.0,-1,2016.0,01GD10277,2016,4,2,5
135590,201601GD10281,533010.0,182580.0,-0.084018,51.526423,1,Slight,2,2,2016-01-01,Friday,05:30,Hackney,E09000012,3,5201,3,30.0,6,2,4,101,,,4,1,2,0,0,1,1,E01033708,3,1,01/01/2016,01/01/2016,1,5,0,15,,1,0,8,0,0,,,2,Male,25,21 - 25,600,1,12,2,1,,1,1,1,1,25,5,3,0,0,0,0,0,5,1,2,2016.0,01GD10281,E09000012,0.0,5.0,2.0,2016.0,01GD10281,6.0,2.0,0.0,1.0,1.0,-1,2016.0,01GD10281,2016,1,2,5
135596,201601GD10288,534950.0,184800.0,-0.055219,51.545913,1,Slight,1,1,2016-04-01,Friday,20:30,Hackney,E09000012,3,107,6,30.0,3,2,4,113,,,4,2,2,0,0,1,1,E01001762,3,1,04/01/2016,04/01/2016,1,9,0,18,,1,0,0,0,0,,,6,Female,21,21 - 25,1598,1,12,2,1,,1,1,3,1,60,9,3,1,1,0,0,2,0,1,3,2016.0,01GD10288,E09000012,0.0,5.0,2.0,2016.0,01GD10288,1.0,5.0,0.0,1.0,1.0,-1,2016.0,01GD10288,2016,4,1,20
135604,201601GD10297,534830.0,186160.0,-0.056428,51.558163,1,Serious,1,1,2016-01-01,Friday,18:37,Hackney,E09000012,3,107,1,30.0,1,2,5,0,,,4,1,2,0,0,1,1,E01001770,2,2,01/01/2016,01/01/2016,1,9,0,18,,8,0,0,0,0,,,2,Male,31,26 - 35,2993,2,10,3,1,,1,1,3,1,33,6,2,4,1,0,0,2,0,-1,-1,2016.0,01GD10297,E09000012,0.0,5.0,2.0,2016.0,01GD10297,4.0,8.0,0.0,1.0,1.0,-1,2016.0,01GD10297,2016,1,2,18
135612,201601GD10305,533650.0,187610.0,-0.072889,51.571474,1,Serious,1,1,2016-11-01,Tuesday,01:07,Hackney,E09000012,3,10,6,30.0,3,4,6,0,,,4,2,2,0,0,1,1,E01001808,2,2,11/01/2016,11/01/2016,1,3,0,18,,1,0,0,0,0,,,6,Male,28,26 - 35,124,1,7,3,1,,1,1,1,1,28,6,2,0,0,0,0,0,3,1,3,2016.0,01GD10305,E09000012,0.0,4.0,2.0,2016.0,01GD10305,5.0,1.0,0.0,3.0,1.0,-1,2016.0,01GD10305,2016,11,2,1
135628,201601GD10322,533480.0,182310.0,-0.07735,51.523885,1,Slight,2,1,2016-02-05,Friday,18:34,Hackney,E09000012,3,10,6,30.0,0,-1,-1,-1,,,1,2,2,0,0,1,1,E01033708,3,1,02/05/2016,02/05/2016,1,3,0,18,,0,0,0,0,0,,,6,Male,35,26 - 35,125,1,4,2,1,,1,1,1,1,35,6,3,0,0,0,0,0,3,1,2,2016.0,01GD10322,E09000012,0.0,0.0,2.0,2016.0,01GD10322,1.0,5.0,0.0,1.0,1.0,-1,2016.0,01GD10322,2016,2,1,18
135634,201601GD10330,535400.0,184340.0,-0.048911,51.541671,1,Slight,4,1,2016-04-14,Thursday,22:44,Hackney,E09000012,3,106,6,30.0,6,2,5,0,,,4,2,2,0,0,1,1,E01001838,3,1,14/04/2016,14/04/2016,1,9,0,9,,8,1,0,0,0,,,6,Male,26,26 - 35,1590,1,13,1,1,,1,1,1,1,26,6,3,0,0,0,0,0,9,1,1,2016.0,01GD10330,E09000012,0.0,0.0,2.0,2016.0,01GD10330,5.0,3.0,0.0,4.0,1.0,-1,2016.0,01GD10330,2016,4,1,22
135647,201601GD10345,533930.0,184150.0,-0.070168,51.540314,1,Slight,2,1,2016-04-30,Saturday,00:30,Hackney,E09000012,4,108,6,30.0,6,4,5,0,,,4,1,1,0,0,1,1,E01001819,3,1,30/04/2016,30/04/2016,1,9,0,5,,8,0,0,0,0,,,6,Female,25,21 - 25,-1,-1,-1,2,1,,2,1,1,1,23,5,3,0,0,0,0,0,4,1,1,2016.0,01GD10345,E09000012,0.0,1.0,2.0,2016.0,01GD10345,3.0,7.0,0.0,3.0,1.0,-1,2016.0,01GD10345,2016,4,1,0
135658,201601GD10362,534530.0,187040.0,-0.060416,51.566142,1,Slight,1,1,2016-03-20,Sunday,21:00,Hackney,E09000012,3,107,6,30.0,0,-1,-1,-1,,,4,1,1,0,0,1,2,E01001728,3,1,20/03/2016,20/03/2016,1,3,0,18,,0,0,0,0,0,,,6,Male,21,21 - 25,114,1,2,-1,-1,,1,1,1,1,21,5,3,0,0,0,0,0,3,-1,-1,2016.0,01GD10362,E09000012,0.0,0.0,2.0,2016.0,01GD10362,5.0,1.0,0.0,3.0,1.0,-1,2016.0,01GD10362,2016,3,1,21
135662,201601GD10366,533990.0,186400.0,-0.068447,51.560519,1,Slight,2,1,2016-04-15,Friday,20:20,Hackney,E09000012,6,0,6,30.0,6,4,6,0,,,4,2,2,0,0,1,1,E01001769,3,1,15/04/2016,15/04/2016,1,4,0,18,,1,1,4,0,0,,,1,Female,25,21 - 25,125,1,2,4,1,,1,1,1,2,25,5,3,0,0,0,0,0,4,1,4,2016.0,01GD10366,E09000012,0.0,0.0,2.0,2016.0,01GD10366,2.0,6.0,0.0,3.0,1.0,-1,2016.0,01GD10366,2016,4,1,20
135664,201601GD10368,534020.0,185210.0,-0.068467,51.549818,1,Slight,2,1,2016-04-21,Thursday,21:37,Hackney,E09000012,5,0,6,30.0,6,4,5,0,,,4,1,1,0,0,1,1,E01001748,3,1,21/04/2016,21/04/2016,1,9,0,18,,8,0,0,0,0,,,6,Female,25,21 - 25,1461,2,6,4,1,,1,1,1,2,25,5,3,0,0,0,0,0,9,1,4,2016.0,01GD10368,E09000012,0.0,0.0,2.0,2016.0,01GD10368,5.0,1.0,0.0,3.0,1.0,-1,2016.0,01GD10368,2016,4,1,21
135665,201601GD10369,533090.0,183600.0,-0.082481,51.53557,1,Slight,2,1,2016-04-27,Wednesday,22:40,Hackney,E09000012,5,0,6,20.0,6,4,5,0,,,4,2,2,0,0,1,1,E01001754,3,1,27/04/2016,27/04/2016,1,9,0,18,,8,0,0,0,0,,,6,Male,20,16 - 20,1596,1,6,2,1,,2,1,1,2,32,6,3,0,0,0,0,0,1,1,1,2016.0,01GD10369,E09000012,0.0,1.0,2.0,2016.0,01GD10369,8.0,4.0,0.0,1.0,1.0,-1,2016.0,01GD10369,2016,4,1,22
135668,201601GD10372,533540.0,185270.0,-0.075363,51.550471,1,Slight,1,1,2016-04-30,Saturday,01:08,Hackney,E09000012,5,0,6,30.0,6,2,3,10,,,4,1,1,0,0,1,1,E01033699,3,1,30/04/2016,30/04/2016,1,9,0,18,,1,0,0,0,0,,,6,Female,29,26 - 35,1390,1,7,1,1,,1,1,3,2,18,4,3,1,1,0,0,2,0,1,2,2016.0,01GD10372,E09000012,0.0,5.0,2.0,2016.0,01GD10372,6.0,2.0,0.0,4.0,1.0,-1,2016.0,01GD10372,2016,4,1,1