,accident_index,location_easting_osgr,location_northing_osgr,longitude,latitude,police_force,accident_severity,number_of_vehicles,number_of_casualties,date,day_of_week,time,local_authority_district,local_authority_highway,first_road_class,first_road_number,road_type,speed_limit,junction_detail,junction_control,second_road_class,second_road_number,pedestrian_crossing-human_control,pedestrian_crossing-physical_facilities,light_conditions,weather_conditions,road_surface_conditions,special_conditions_at_site,carriageway_hazards,urban_or_rural_area,did_police_officer_attend_scene_of_accident,lsoa_of_accident_location,accident_severity_num,accident_severity_inv,date2,date_original,vehicle_reference_x,vehicle_type,towing_and_articulation,vehicle_manoeuvre,vehicle_location-restricted_lane,junction_location,skidding_and_overturning,hit_object_in_carriageway,vehicle_leaving_carriageway,hit_object_off_carriageway,1st_point_of_impact,was_vehicle_left_hand_drive?,journey_purpose_of_driver,sex_of_driver,age_of_driver,age_band_of_driver,engine_capacity_cc,propulsion_code,age_of_vehicle,driver_imd_decile,driver_home_area_type,vehicle_imd_decile,vehicle_reference_y,casualty_reference,casualty_class,sex_of_casualty,age_of_casualty,age_band_of_casualty,casualty_severity,pedestrian_location,pedestrian_movement,car_passenger,bus_or_coach_passenger,pedestrian_road_maintenance_worker,casualty_type,casualty_home_area_type,casualty_imd_decile,accident_year_x,accident_reference_x,local_authority_ons_district,pedestrian_crossing_human_control,pedestrian_crossing_physical_facilities,trunk_road_flag,accident_year_y,accident_reference_y,vehicle_direction_from,vehicle_direction_to,vehicle_location_restricted_lane,first_point_of_impact,vehicle_left_hand_drive,generic_make_model,accident_year,accident_reference,year,month,severity,hours
135984,201601HT20073,538140.0,180810.0,-0.010808,51.509286,1,Slight,1,1,2016-01-29,Friday,22:20,Tower Hamlets,E09000030,6,0,6,20.0,0,-1,-1,-1,,,4,5,2,0,0,1,1,E01004219,3,1,29/01/2016,29/01/2016,1,9,0,1,,0,0,0,0,0,,,6,Male,20,16 - 20,1596,1,8,4,1,,1,1,3,1,22,5,3,9,5,0,0,2,0,1,4,2016.0,01HT20073,E09000030,0.0,0.0,2.0,2016.0,01HT20073,1.0,5.0,0.0,2.0,1.0,-1,2016.0,01HT20073,2016,1,1,22
135986,201601HT20075,536630.0,181110.0,-0.032437,51.512349,1,Slight,2,3,2016-05-02,Monday,18:11,Tower Hamlets,E09000030,3,13,6,30.0,3,4,6,0,,,4,1,2,0,0,1,1,E01004254,3,1,05/02/2016,05/02/2016,1,3,0,18,,8,0,0,0,0,,,6,Male,27,26 - 35,125,1,9,4,1,,1,1,1,1,27,6,3,0,0,0,0,0,3,1,4,2016.0,01HT20075,E09000030,0.0,0.0,2.0,2016.0,01HT20075,7.0,3.0,0.0,1.0,1.0,-1,2016.0,01HT20075,2016,5,3,18
135988,201601HT20077,534980.0,182740.0,-0.055576,51.527393,1,Slight,2,1,2016-02-02,Tuesday,00:07,Tower Hamlets,E09000030,3,107,6,30.0,6,2,4,135,,,4,1,1,0,0,1,1,E01004212,3,1,02/02/2016,02/02/2016,1,9,0,8,,1,0,0,0,0,,,6,Male,31,26 - 35,1598,2,1,2,1,,1,1,1,1,31,6,3,0,0,0,0,0,9,1,2,2016.0,01HT20077,E09000030,0.0,5.0,2.0,2016.0,01HT20077,1.0,3.0,0.0,3.0,1.0,-1,2016.0,01HT20077,2016,2,1,0
135989,201601HT20079,538880.0,180970.0,-8.8e-05,51.510543,1,Slight,2,1,2016-04-01,Friday,03:43,Tower Hamlets,E09000030,3,1261,3,30.0,1,4,3,1020,,,4,1,1,0,0,1,1,E01032778,3,1,04/01/2016,04/01/2016,1,9,0,18,,1,0,0,0,0,,,6,Male,25,21 - 25,2143,2,2,4,1,,2,1,1,1,40,7,3,0,0,0,0,0,9,1,1,2016.0,01HT20079,E09000030,0.0,4.0,2.0,2016.0,01HT20079,7.0,3.0,0.0,1.0,1.0,-1,2016.0,01HT20079,2016,4,1,3
135996,201601HT20086,536030.0,183140.0,-0.040295,51.530736,1,Slight,2,1,2016-01-02,Saturday,23:20,Tower Hamlets,E09000030,3,1205,6,30.0,6,2,4,135,,,4,1,1,0,0,1,1,E01004230,3,1,01/02/2016,01/02/2016,1,9,0,9,,8,0,0,0,0,,,6,Male,34,26 - 35,973,1,14,3,1,,1,1,1,1,34,6,3,0,0,0,0,0,9,1,3,2016.0,01HT20086,E09000030,0.0,5.0,2.0,2016.0,01HT20086,4.0,2.0,0.0,4.0,1.0,-1,2016.0,01HT20086,2016,1,1,23
136004,201601HT20095,538210.0,178390.0,-0.010747,51.487523,1,Slight,2,1,2016-06-02,Thursday,19:58,Tower Hamlets,E09000030,3,1206,6,20.0,3,4,6,0,,,4,5,2,0,0,1,1,E01004217,3,1,06/02/2016,06/02/2016,1,3,0,17,,8,0,0,0,0,,,1,Male,20,16 - 20,125,1,2,8,1,,1,1,1,1,20,4,3,0,0,0,0,0,3,1,8,2016.0,01HT20095,E09000030,0.0,1.0,2.0,2016.0,01HT20095,2.0,7.0,0.0,4.0,1.0,-1,2016.0,01HT20095,2016,6,1,19
136016,201601HT20107,534090.0,183110.0,-0.068258,51.53093,1,Slight,2,1,2016-02-19,Friday,20:45,Tower Hamlets,E09000030,3,1208,6,20.0,3,4,6,0,,,4,2,2,0,0,1,1,E01004318,3,1,19/02/2016,19/02/2016,1,2,0,18,,8,0,0,0,0,,,6,Male,34,26 - 35,124,1,7,1,1,,1,1,1,1,34,6,3,0,0,0,0,0,2,1,1,2016.0,01HT20107,E09000030,0.0,0.0,2.0,2016.0,01HT20107,3.0,7.0,0.0,1.0,1.0,-1,2016.0,01HT20107,2016,2,1,20
136021,201601HT20114,538030.0,182810.0,-0.011609,51.527286,1,Slight,2,1,2016-02-23,Tuesday,23:40,Tower Hamlets,E09000030,3,12,3,40.0,0,-1,-1,-1,,,4,1,1,4,0,1,1,E01004236,3,1,23/02/2016,23/02/2016,1,9,0,18,,0,0,0,0,0,,,6,Male,28,26 - 35,2987,2,10,5,1,,2,1,1,1,32,6,3,0,0,0,0,0,9,1,1,2016.0,01HT20114,E09000030,0.0,0.0,2.0,2016.0,01HT20114,5.0,1.0,0.0,4.0,1.0,-1,2016.0,01HT20114,2016,2,1,23
136022,201601HT20115,537490.0,181370.0,-0.01995,51.514477,1,Serious,2,1,2016-01-02,Saturday,01:00,Tower Hamlets,E09000030,5,0,6,30.0,3,4,6,0,,,4,1,1,0,0,1,2,E01004253,2,2,01/02/2016,01/02/2016,1,3,0,18,,8,0,0,0,0,,,6,Female,32,26 - 35,-1,-1,-1,-1,-1,,1,1,1,2,32,6,2,0,0,0,0,0,3,-1,-1,2016.0,01HT20115,E09000030,0.0,0.0,2.0,2016.0,01HT20115,1.0,5.0,0.0,3.0,1.0,-1,2016.0,01HT20115,2016,1,2,1
136039,201601HT20133,535810.0,181170.0,-0.044223,51.513086,1,Slight,1,1,2016-01-20,Wednesday,20:00,Tower Hamlets,E09000030,3,13,6,30.0,3,4,6,0,,,4,1,1,0,0,1,1,E01004303,3,1,20/01/2016,20/01/2016,1,9,0,18,,8,0,0,1,0,,,2,Male,26,26 - 35,2143,2,4,2,1,,1,1,3,1,59,9,3,5,3,0,0,2,0,-1,-1,2016.0,01HT20133,E09000030,0.0,0.0,2.0,2016.0,01HT20133,3.0,7.0,2.0,3.0,1.0,-1,2016.0,01HT20133,2016,1,1,20
136040,201601HT20134,535210.0,181260.0,-0.05283,51.514039,1,Slight,2,1,2016-01-01,Friday,22:00,Tower Hamlets,E09000030,3,13,3,30.0,0,-1,-1,-1,,,4,1,1,0,0,1,1,E01004298,3,1,01/01/2016,01/01/2016,1,3,0,18,,0,0,0,0,0,,,1,Male,23,21 - 25,109,1,2,3,1,,2,1,1,1,30,6,3,0,0,0,0,0,1,1,2,2016.0,01HT20134,E09000030,0.0,0.0,2.0,2016.0,01HT20134,7.0,3.0,0.0,1.0,1.0,-1,2016.0,01HT20134,2016,1,1,22
136043,201601HT20138,537210.0,179020.0,-0.024896,51.493427,1,Slight,2,10,2016-02-16,Tuesday,19:46,Tower Hamlets,E09000030,3,1206,6,30.0,0,-1,-1,-1,,,4,1,1,0,0,1,1,E01004280,3,1,16/02/2016,16/02/2016,1,90,0,4,,0,0,0,0,0,,,1,Male,32,26 - 35,6370,2,9,1,1,,1,1,1,1,32,6,3,0,0,0,0,0,90,1,1,2016.0,01HT20138,E09000030,0.0,0.0,2.0,2016.0,01HT20138,5.0,1.0,0.0,2.0,1.0,-1,2016.0,01HT20138,2016,2,10,19
136050,201601HT20146,536980.0,181420.0,-0.027276,51.51505,1,Slight,3,1,2016-02-24,Wednesday,01:00,Tower Hamlets,E09000030,6,0,6,20.0,2,4,6,0,,,4,1,1,0,0,1,1,E01004273,3,1,24/02/2016,24/02/2016,1,9,0,18,,1,0,4,0,0,,,6,Female,21,21 - 25,1400,1,9,1,1,,1,1,1,2,21,5,3,0,0,0,0,0,9,1,1,2016.0,01HT20146,E09000030,0.0,0.0,2.0,2016.0,01HT20146,2.0,6.0,0.0,3.0,1.0,-1,2016.0,01HT20146,2016,2,1,1
136051,201601HT20147,536200.0,182360.0,-0.038147,51.523686,1,Slight,2,1,2016-02-23,Tuesday,21:40,Tower Hamlets,E09000030,3,11,6,20.0,0,-1,-1,-1,,,4,1,1,0,0,1,1,E01004261,3,1,23/02/2016,23/02/2016,1,3,0,11,,0,0,0,0,0,,,2,Male,24,21 - 25,125,1,4,3,1,,1,1,1,1,24,5,3,0,0,0,0,0,3,1,3,2016.0,01HT20147,E09000030,0.0,0.0,2.0,2016.0,01HT20147,2.0,6.0,0.0,4.0,1.0,-1,2016.0,01HT20147,2016,2,1,21
136070,201601HT20185,536170.0,181130.0,-0.039054,51.51264,1,Slight,2,1,2016-10-02,Sunday,23:18,Tower Hamlets,E09000030,3,13,6,20.0,6,2,5,0,,,4,1,1,0,0,1,1,E01032769,3,1,10/02/2016,10/02/2016,1,4,0,18,,8,1,0,0,0,,,1,Male,22,21 - 25,125,1,1,2,1,,1,1,1,1,22,5,3,0,0,0,0,0,4,1,2,2016.0,01HT20185,E09000030,0.0,5.0,2.0,2016.0,01HT20185,1.0,5.0,0.0,2.0,1.0,-1,2016.0,01HT20185,2016,10,1,23
136077,201601HT20195,535130.0,181950.0,-0.053718,51.520258,1,Slight,2,2,2016-12-03,Saturday,19:20,Tower Hamlets,E09000030,3,11,6,30.0,0,-1,-1,-1,,,4,1,1,0,0,1,2,E01004208,3,1,12/03/2016,12/03/2016,1,9,0,3,,0,0,0,0,0,,,6,Male,19,16 - 20,1242,1,9,2,1,,1,1,1,1,19,4,3,0,0,0,0,0,9,1,2,2016.0,01HT20195,E09000030,0.0,4.0,2.0,2016.0,01HT20195,6.0,2.0,0.0,3.0,1.0,-1,2016.0,01HT20195,2016,12,2,19
136085,201601HT20205,535310.0,181240.0,-0.051398,51.513835,1,Slight,2,1,2016-09-03,Saturday,22:21,Tower Hamlets,E09000030,3,13,6,30.0,3,4,6,0,,,4,1,1,0,0,1,1,E01004305,3,1,09/03/2016,09/03/2016,1,3,0,18,,1,0,0,0,0,,,6,Male,23,21 - 25,125,1,5,6,1,,1,1,1,1,23,5,3,0,0,0,0,0,3,1,6,2016.0,01HT20205,E09000030,0.0,0.0,2.0,2016.0,01HT20205,7.0,3.0,0.0,1.0,1.0,-1,2016.0,01HT20205,2016,9,1,22
136093,201601HT20214,538230.0,179700.0,-0.009946,51.49929,1,Slight,4,2,2016-03-21,Monday,18:04,Tower Hamlets,E09000030,6,0,6,30.0,0,-1,-1,-1,,,1,1,1,0,0,1,1,E01004221,3,1,21/03/2016,21/03/2016,1,9,0,18,,0,0,4,0,0,,,6,Male,26,26 - 35,1248,1,7,4,1,,1,1,1,1,26,6,3,0,0,0,0,0,9,1,4,2016.0,01HT20214,E09000030,0.0,0.0,2.0,2016.0,01HT20214,2.0,6.0,0.0,4.0,1.0,-1,2016.0,01HT20214,2016,3,2,18
136099,201601HT20220,533800.0,183070.0,-0.072451,51.53064,1,Slight,2,1,2016-03-25,Friday,00:25,Tower Hamlets,E09000030,3,1208,6,30.0,3,4,6,0,,,4,2,2,0,0,1,1,E01004318,3,1,25/03/2016,25/03/2016,1,9,0,4,,1,0,0,0,0,,,1,Male,29,26 - 35,1598,2,5,1,1,,1,1,1,1,29,6,3,0,0,0,0,0,9,1,1,2016.0,01HT20220,E09000030,0.0,1.0,2.0,2016.0,01HT20220,2.0,6.0,0.0,2.0,1.0,-1,2016.0,01HT20220,2016,3,1,0
136101,201601HT20222,534160.0,181540.0,-0.067846,51.516805,1,Slight,2,1,2016-01-31,Sunday,22:00,Tower Hamlets,E09000030,3,11,6,30.0,0,-1,-1,-1,,,4,1,1,0,0,1,1,E01004325,3,1,31/01/2016,31/01/2016,1,3,0,18,,0,0,0,0,0,,,6,Male,23,21 - 25,124,1,8,3,1,,1,1,1,1,23,5,3,0,0,0,0,0,3,1,3,2016.0,01HT20222,E09000030,0.0,0.0,2.0,2016.0,01HT20222,2.0,6.0,2.0,3.0,1.0,-1,2016.0,01HT20222,2016,1,1,22
136103,201601HT20224,537670.0,181920.0,-0.017143,51.519376,1,Slight,2,1,2016-03-23,Wednesday,23:30,Tower Hamlets,E09000030,5,0,6,30.0,0,-1,-1,-1,,,4,1,1,0,0,1,2,E01004242,3,1,23/03/2016,23/03/2016,1,3,0,3,,0,0,0,0,0,,,6,Male,29,26 - 35,124,1,6,1,1,,1,1,1,1,29,6,3,0,0,0,0,0,3,1,1,2016.0,01HT20224,E09000030,0.0,0.0,2.0,2016.0,01HT20224,5.0,1.0,0.0,1.0,1.0,-1,2016.0,01HT20224,2016,3,1,23
136111,201601HT20234,534100.0,181500.0,-0.068726,51.51646,1,Slight,1,1,2016-03-19,Saturday,23:40,Tower Hamlets,E09000030,3,11,6,30.0,0,-1,-1,-1,,,4,1,1,0,0,1,1,E01004309,3,1,19/03/2016,19/03/2016,1,9,0,18,,0,0,0,0,0,,,6,Male,31,26 - 35,1560,2,5,-1,-1,,1,1,3,1,40,7,3,5,1,0,0,2,0,-1,-1,2016.0,01HT20234,E09000030,0.0,0.0,2.0,2016.0,01HT20234,6.0,2.0,0.0,1.0,1.0,-1,2016.0,01HT20234,2016,3,1,23
136122,201601HT20246,537110.0,179730.0,-0.02606,51.499832,1,Slight,1,2,2016-01-02,Saturday,18:00,Tower Hamlets,E09000030,3,1206,6,30.0,3,4,6,0,,,4,1,1,0,0,1,1,E01032781,3,1,01/02/2016,01/02/2016,1,9,0,18,,1,0,0,0,0,,,6,Female,23,21 - 25,1242,1,3,4,1,,1,1,3,2,40,7,3,1,3,0,0,2,0,1,7,2016.0,01HT20246,E09000030,0.0,1.0,2.0,2016.0,01HT20246,5.0,1.0,0.0,1.0,1.0,-1,2016.0,01HT20246,2016,1,2,18
136124,201601HT20248,537530.0,183260.0,-0.018637,51.531451,1,Slight,2,1,2016-03-28,Monday,04:25,Tower Hamlets,E09000030,3,12,3,50.0,0,-1,-1,-1,,,4,2,2,0,0,1,2,E01004225,3,1,28/03/2016,28/03/2016,1,9,0,4,,0,0,0,0,0,,,6,Male,32,26 - 35,2143,2,4,4,1,,1,1,1,1,32,6,3,0,0,0,0,0,9,1,4,2016.0,01HT20248,E09000030,0.0,0.0,2.0,2016.0,01HT20248,4.0,8.0,0.0,2.0,1.0,-1,2016.0,01HT20248,2016,3,1,4
136128,201601HT20252,537760.0,180980.0,-0.016214,51.510907,1,Slight,2,1,2016-10-03,Monday,19:00,Tower Hamlets,E09000030,3,13,6,30.0,3,4,6,0,,,4,1,1,0,0,1,1,E01004257,3,1,10/03/2016,10/03/2016,1,9,0,9,,8,0,0,0,0,,,6,Male,23,21 - 25,1598,1,11,3,1,,2,1,1,1,21,5,3,0,0,0,0,0,3,1,3,2016.0,01HT20252,E09000030,0.0,4.0,2.0,2016.0,01HT20252,3.0,1.0,0.0,4.0,1.0,-1,2016.0,01HT20252,2016,10,1,19
136135,201601HT20259,534210.0,182650.0,-0.066704,51.526768,1,Slight,2,1,2016-01-24,Sunday,21:50,Tower Hamlets,E09000030,6,0,6,30.0,3,4,6,0,,,4,1,2,0,0,1,2,E01004313,3,1,24/01/2016,24/01/2016,1,9,0,7,,8,0,0,0,0,,,2,Female,25,21 - 25,1596,1,13,3,1,,1,1,1,2,25,5,3,0,0,0,0,0,9,1,3,2016.0,01HT20259,E09000030,0.0,0.0,2.0,2016.0,01HT20259,3.0,5.0,0.0,1.0,1.0,-1,2016.0,01HT20259,2016,1,1,21
136140,201601HT20267,537650.0,182290.0,-0.017287,51.522706,1,Serious,1,1,2016-08-04,Thursday,18:14,Tower Hamlets,E09000030,4,140,6,20.0,0,-1,-1,-1,,,1,1,1,0,0,1,1,E01004239,2,2,08/04/2016,08/04/2016,1,9,0,18,,0,0,0,0,0,,,2,Male,27,26 - 35,1368,1,4,5,1,,1,1,3,1,17,4,2,4,1,0,0,2,0,-1,-1,2016.0,01HT20267,E09000030,0.0,4.0,2.0,2016.0,01HT20267,6.0,2.0,0.0,4.0,1.0,-1,2016.0,01HT20267,2016,8,2,18
136142,201601HT20270,538340.0,181020.0,-0.007845,51.511125,1,Slight,2,1,2016-07-04,Monday,18:35,Tower Hamlets,E09000030,3,102,7,30.0,3,4,3,13,,,1,1,1,0,0,1,2,E01004219,3,1,07/04/2016,07/04/2016,1,9,0,11,,1,0,0,0,0,,,6,Male,24,21 - 25,1968,2,3,1,1,,1,1,1,1,24,5,3,0,0,0,0,0,9,1,1,2016.0,01HT20270,E09000030,0.0,0.0,2.0,2016.0,01HT20270,4.0,8.0,0.0,2.0,1.0,-1,2016.0,01HT20270,2016,7,1,18
136149,201601HT20279,536030.0,183140.0,-0.040295,51.530736,1,Slight,2,1,2016-04-01,Friday,22:10,Tower Hamlets,E09000030,3,1205,6,30.0,6,2,4,135,,,4,2,2,0,0,1,1,E01004230,3,1,04/01/2016,04/01/2016,1,8,0,18,,8,0,0,0,0,,,1,Male,31,26 - 35,1598,2,3,3,1,,2,1,1,2,30,6,3,0,0,0,0,0,1,1,2,2016.0,01HT20279,E09000030,0.0,0.0,2.0,2016.0,01HT20279,1.0,5.0,0.0,4.0,1.0,-1,2016.0,01HT20279,2016,4,1,22
136152,201601HT20283,537150.0,183400.0,-0.024057,51.532802,1,Slight,2,1,2016-01-01,Friday,21:20,Tower Hamlets,E09000030,5,0,1,20.0,2,4,5,0,,,4,2,2,0,0,1,1,E01032765,3,1,01/01/2016,01/01/2016,1,9,0,18,,8,0,0,0,0,,,6,Female,24,21 - 25,2143,2,5,1,1,,2,1,1,2,24,5,3,0,0,0,0,0,9,1,8,2016.0,01HT20283,E09000030,0.0,0.0,2.0,2016.0,01HT20283,2.0,6.0,0.0,4.0,1.0,-1,2016.0,01HT20283,2016,1,1,21
136153,201601HT20285,535000.0,182520.0,-0.055372,51.525412,1,Slight,2,1,2016-06-01,Wednesday,18:35,Tower Hamlets,E09000030,3,107,6,30.0,3,4,6,0,,,4,1,1,0,0,1,2,E01004212,3,1,06/01/2016,06/01/2016,1,9,0,2,,8,0,0,0,0,,,2,Male,34,26 - 35,1461,2,1,3,1,,1,1,1,1,34,6,3,0,0,0,0,0,9,1,3,2016.0,01HT20285,E09000030,0.0,0.0,2.0,2016.0,01HT20285,0.0,0.0,0.0,2.0,1.0,-1,2016.0,01HT20285,2016,6,1,18
136162,201601HT20296,537380.0,180670.0,-0.021807,51.508214,1,Slight,2,2,2016-04-13,Wednesday,23:20,Tower Hamlets,E09000030,3,1203,6,30.0,0,-1,-1,-1,,,4,1,1,0,0,1,1,E01004277,3,1,13/04/2016,13/04/2016,1,9,0,18,,0,1,0,0,0,,,6,Male,19,16 - 20,1794,1,12,2,1,,2,1,1,1,27,6,3,0,0,0,0,0,19,1,10,2016.0,01HT20296,E09000030,0.0,0.0,2.0,2016.0,01HT20296,8.0,4.0,0.0,1.0,1.0,-1,2016.0,01HT20296,2016,4,2,23
136167,201601HT20302,535700.0,182150.0,-0.045431,51.521919,1,Slight,2,2,2016-02-04,Thursday,21:35,Tower Hamlets,E09000030,3,11,6,30.0,3,2,5,0,,,4,2,2,0,0,1,1,E01004262,3,1,02/04/2016,02/04/2016,1,9,0,18,,2,0,0,0,0,,,6,Female,19,16 - 20,1900,2,10,1,1,,1,1,1,2,19,4,3,0,0,0,0,0,9,1,1,2016.0,01HT20302,E09000030,0.0,5.0,2.0,2016.0,01HT20302,6.0,2.0,0.0,1.0,1.0,-1,2016.0,01HT20302,2016,2,2,21
136177,201601HT20313,536040.0,181740.0,-0.040691,51.518153,1,Slight,2,1,2016-04-19,Tuesday,18:07,Tower Hamlets,E09000030,6,0,6,30.0,0,-1,-1,-1,,,1,1,1,0,0,1,1,E01004284,3,1,19/04/2016,19/04/2016,1,9,0,18,,0,0,0,0,0,,,6,Female,34,26 - 35,1998,1,13,2,1,,2,1,1,1,32,6,3,0,0,0,0,0,1,-1,-1,2016.0,01HT20313,E09000030,0.0,0.0,2.0,2016.0,01HT20313,5.0,1.0,0.0,4.0,1.0,-1,2016.0,01HT20313,2016,4,1,18
136181,201601HT20317,535390.0,180780.0,-0.050422,51.509682,1,Slight,2,1,2016-08-04,Thursday,23:44,Tower Hamlets,E09000030,3,1203,6,30.0,6,2,3,1204,,,4,1,1,0,0,1,1,E01004303,3,1,08/04/2016,08/04/2016,1,3,0,18,,1,0,0,0,0,,,6,Male,26,26 - 35,125,1,0,2,1,,1,1,1,1,26,6,3,0,0,0,0,0,3,1,2,2016.0,01HT20317,E09000030,0.0,5.0,2.0,2016.0,01HT20317,3.0,7.0,0.0,4.0,1.0,-1,2016.0,01HT20317,2016,8,1,23
136185,201601HT20321,533690.0,181880.0,-0.074487,51.519972,1,Slight,1,1,2016-04-14,Thursday,21:03,Tower Hamlets,E09000030,3,1202,6,20.0,0,-1,-1,-1,,,4,1,1,0,0,1,1,E01004307,3,1,14/04/2016,14/04/2016,1,3,0,18,,0,0,0,0,0,,,1,Male,35,26 - 35,102,1,2,3,1,,1,1,3,2,28,6,3,5,1,0,0,2,0,1,3,2016.0,01HT20321,E09000030,0.0,0.0,2.0,2016.0,01HT20321,5.0,1.0,0.0,1.0,1.0,-1,2016.0,01HT20321,2016,4,1,21
136190,201601HT20326,536430.0,181120.0,-0.035313,51.512487,1,Slight,2,3,2016-04-19,Tuesday,21:50,Tower Hamlets,E09000030,3,13,6,30.0,3,2,6,0,,,4,1,1,0,0,1,1,E01004254,3,1,19/04/2016,19/04/2016,1,9,0,6,,1,0,0,0,0,,,6,Male,28,26 - 35,2967,2,10,2,1,,1,1,1,1,28,6,3,0,0,0,0,0,9,1,2,2016.0,01HT20326,E09000030,0.0,5.0,2.0,2016.0,01HT20326,7.0,7.0,0.0,3.0,1.0,-1,2016.0,01HT20326,2016,4,3,21
136207,201601HT20345,538940.0,181280.0,0.000898,51.513314,1,Slight,2,4,2016-03-04,Friday,18:10,Tower Hamlets,E09000030,3,13,6,30.0,0,-1,-1,-1,,,1,1,1,0,0,1,1,E01004245,3,1,03/04/2016,03/04/2016,1,9,0,4,,0,0,0,0,0,,,6,Male,24,21 - 25,1956,2,5,2,1,,1,1,1,1,24,5,3,0,0,0,0,0,9,1,2,2016.0,01HT20345,E09000030,0.0,0.0,2.0,2016.0,01HT20345,2.0,6.0,0.0,2.0,1.0,-1,2016.0,01HT20345,2016,3,4,18
136215,201601HT20354,537770.0,181300.0,-0.015945,51.51378,1,Slight,2,2,2016-02-24,Wednesday,22:52,Tower Hamlets,E09000030,6,0,6,20.0,0,-1,-1,-1,,,4,1,1,0,0,1,1,E01004246,3,1,24/02/2016,24/02/2016,1,9,0,5,,0,0,4,0,0,,,6,Female,23,21 - 25,1296,1,8,2,1,,1,1,2,1,18,4,3,0,0,2,0,0,9,1,3,2016.0,01HT20354,E09000030,0.0,0.0,2.0,2016.0,01HT20354,7.0,3.0,0.0,1.0,1.0,-1,2016.0,01HT20354,2016,2,2,22
136223,201601HT20363,537740.0,180980.0,-0.016502,51.510912,1,Slight,1,1,2016-07-05,Tuesday,20:55,Tower Hamlets,E09000030,3,13,6,20.0,3,4,6,0,,,1,1,1,0,0,1,1,E01004257,3,1,07/05/2016,07/05/2016,1,9,0,18,,2,0,0,0,0,,,6,Male,28,26 - 35,2179,2,4,2,1,,1,1,3,2,8,2,3,5,4,0,0,2,0,1,2,2016.0,01HT20363,E09000030,0.0,0.0,2.0,2016.0,01HT20363,3.0,7.0,0.0,1.0,1.0,-1,2016.0,01HT20363,2016,7,1,20
136229,201601HT20369,537000.0,180660.0,-0.027283,51.508216,1,Slight,2,1,2016-10-05,Wednesday,18:50,Tower Hamlets,E09000030,3,1203,3,30.0,6,2,3,1206,,,1,1,1,0,0,1,1,E01004255,3,1,10/05/2016,10/05/2016,1,9,0,7,,8,0,0,0,0,,,1,Male,29,26 - 35,1995,2,5,2,1,,2,1,1,1,55,8,3,0,0,0,0,0,1,-1,-1,2016.0,01HT20369,E09000030,0.0,5.0,2.0,2016.0,01HT20369,2.0,5.0,0.0,1.0,1.0,-1,2016.0,01HT20369,2016,10,1,18
136238,201601HT20382,536940.0,184070.0,-0.026823,51.538874,1,Slight,1,1,2016-05-14,Saturday,22:02,Tower Hamlets,E09000030,3,102,1,20.0,2,4,5,0,,,4,1,1,0,0,1,1,E01004224,3,1,14/05/2016,14/05/2016,1,4,0,9,,8,0,0,0,0,,,6,Male,31,26 - 35,-1,-1,-1,3,1,,1,1,1,1,31,6,3,0,0,0,0,0,4,1,3,2016.0,01HT20382,E09000030,0.0,0.0,2.0,2016.0,01HT20382,6.0,4.0,0.0,3.0,1.0,-1,2016.0,01HT20382,2016,5,1,22
136243,201601HT20387,535300.0,183100.0,-0.050828,51.530552,1,Slight,1,2,2016-09-04,Sunday,03:00,Tower Hamlets,E09000030,4,118,6,30.0,0,-1,-1,-1,,,4,1,1,0,0,1,1,E01004266,3,1,09/04/2016,09/04/2016,1,9,0,18,,0,0,7,1,4,,,6,Male,21,21 - 25,1910,2,9,9,1,,1,1,2,1,22,5,3,0,0,1,0,0,9,1,2,2016.0,01HT20387,E09000030,0.0,8.0,2.0,2016.0,01HT20387,3.0,7.0,9.0,1.0,1.0,-1,2016.0,01HT20387,2016,9,2,3
136250,201601HT20395,537420.0,180950.0,-0.021122,51.51072,1,Slight,2,1,2016-05-15,Sunday,21:30,Tower Hamlets,E09000030,3,13,6,20.0,6,2,5,0,,,4,1,1,0,0,1,1,E01004256,3,1,15/05/2016,15/05/2016,1,3,0,18,,8,0,0,0,0,,,6,Male,26,26 - 35,108,1,3,1,1,,1,1,1,1,26,6,3,0,0,0,0,0,3,1,1,2016.0,01HT20395,E09000030,0.0,5.0,2.0,2016.0,01HT20395,7.0,3.0,0.0,1.0,1.0,-1,2016.0,01HT20395,2016,5,1,21
136253,201601HT20398,536020.0,181160.0,-0.041203,51.512946,1,Slight,2,2,2016-03-05,Saturday,21:00,Tower Hamlets,E09000030,4,121,2,30.0,0,-1,-1,-1,,,4,1,1,0,0,1,1,E01004288,3,1,03/05/2016,03/05/2016,1,9,0,4,,0,0,0,0,0,,,6,Male,21,21 - 25,998,1,1,2,1,,1,1,2,1,20,4,3,0,0,1,0,0,9,1,1,2016.0,01HT20398,E09000030,0.0,0.0,2.0,2016.0,01HT20398,5.0,1.0,0.0,2.0,1.0,-1,2016.0,01HT20398,2016,3,2,21
136278,201601HT20428,536800.0,181650.0,-0.029779,51.517161,1,Slight,2,1,2016-04-26,Tuesday,20:40,Tower Hamlets,E09000030,3,1205,6,30.0,6,2,4,140,,,4,1,1,0,0,1,1,E01004273,3,1,26/04/2016,26/04/2016,1,9,0,9,,8,0,0,0,0,,,6,Male,25,21 - 25,1229,1,3,3,1,,2,1,1,1,32,6,3,0,0,0,0,0,5,1,3,2016.0,01HT20428,E09000030,0.0,5.0,2.0,2016.0,01HT20428,5.0,3.0,0.0,1.0,1.0,-1,2016.0,01HT20428,2016,4,1,20