,accident_index,location_easting_osgr,location_northing_osgr,longitude,latitude,police_force,accident_severity,number_of_vehicles,number_of_casualties,date,day_of_week,time,local_authority_district,local_authority_highway,first_road_class,first_road_number,road_type,speed_limit,junction_detail,junction_control,second_road_class,second_road_number,pedestrian_crossing-human_control,pedestrian_crossing-physical_facilities,light_conditions,weather_conditions,road_surface_conditions,special_conditions_at_site,carriageway_hazards,urban_or_rural_area,did_police_officer_attend_scene_of_accident,lsoa_of_accident_location,accident_severity_num,accident_severity_inv,date2,date_original,vehicle_reference_x,vehicle_type,towing_and_articulation,vehicle_manoeuvre,vehicle_location-restricted_lane,junction_location,skidding_and_overturning,hit_object_in_carriageway,vehicle_leaving_carriageway,hit_object_off_carriageway,1st_point_of_impact,was_vehicle_left_hand_drive?,journey_purpose_of_driver,sex_of_driver,age_of_driver,age_band_of_driver,engine_capacity_cc,propulsion_code,age_of_vehicle,driver_imd_decile,driver_home_area_type,vehicle_imd_decile,vehicle_reference_y,casualty_reference,casualty_class,sex_of_casualty,age_of_casualty,age_band_of_casualty,casualty_severity,pedestrian_location,pedestrian_movement,car_passenger,bus_or_coach_passenger,pedestrian_road_maintenance_worker,casualty_type,casualty_home_area_type,casualty_imd_decile,accident_year_x,accident_reference_x,local_authority_ons_district,pedestrian_crossing_human_control,pedestrian_crossing_physical_facilities,trunk_road_flag,accident_year_y,accident_reference_y,vehicle_direction_from,vehicle_direction_to,vehicle_location_restricted_lane,first_point_of_impact,vehicle_left_hand_drive,generic_make_model,accident_year,accident_reference,year,month,severity,hours
136283,201601HT20434,535790.0,180850.0,-0.044635,51.510215,1,Slight,2,1,2016-04-29,Friday,19:40,Tower Hamlets,E09000030,3,1203,6,30.0,3,4,6,0,,,1,1,1,0,0,1,1,E01032769,3,1,29/04/2016,29/04/2016,1,9,0,12,,1,0,0,0,0,,,6,Female,26,26 - 35,1229,1,1,3,1,,2,1,1,1,43,7,3,0,0,0,0,0,5,-1,-1,2016.0,01HT20434,E09000030,0.0,0.0,2.0,2016.0,01HT20434,3.0,7.0,0.0,3.0,1.0,-1,2016.0,01HT20434,2016,4,1,19
136300,201601HT20454,536510.0,182140.0,-0.033766,51.521634,1,Slight,2,1,2016-02-05,Friday,19:50,Tower Hamlets,E09000030,3,1205,3,30.0,3,4,5,0,,,1,1,1,0,0,1,1,E01004270,3,1,02/05/2016,02/05/2016,1,3,0,9,,8,0,0,0,0,,,6,Male,20,16 - 20,108,1,1,2,1,,1,1,1,1,20,4,3,0,0,0,0,0,3,1,2,2016.0,01HT20454,E09000030,0.0,0.0,2.0,2016.0,01HT20454,5.0,3.0,0.0,1.0,1.0,-1,2016.0,01HT20454,2016,2,1,19
136315,201601HT20469,538140.0,181950.0,-0.010361,51.519531,1,Slight,1,1,2016-05-13,Friday,22:05,Tower Hamlets,E09000030,3,12,3,50.0,0,-1,-1,-1,,,4,1,1,0,0,1,1,E01004248,3,1,13/05/2016,13/05/2016,1,3,0,18,,0,0,0,0,0,,,6,Male,31,26 - 35,-1,-1,-1,4,1,,1,1,1,1,31,6,3,0,0,0,0,0,3,1,4,2016.0,01HT20469,E09000030,0.0,0.0,2.0,2016.0,01HT20469,1.0,5.0,0.0,0.0,1.0,-1,2016.0,01HT20469,2016,5,1,22
136316,201601HT20470,534100.0,181500.0,-0.068726,51.51646,1,Slight,2,1,2016-05-20,Friday,19:34,Tower Hamlets,E09000030,3,11,6,30.0,0,-1,-1,-1,,,1,1,1,0,0,1,2,E01004309,3,1,20/05/2016,20/05/2016,1,9,0,4,,0,0,0,0,0,,,6,Female,26,26 - 35,1796,1,7,6,1,,1,1,1,2,26,6,3,0,0,0,0,0,9,1,6,2016.0,01HT20470,E09000030,0.0,0.0,2.0,2016.0,01HT20470,6.0,2.0,0.0,2.0,1.0,-1,2016.0,01HT20470,2016,5,1,19
136325,201601HT20481,537610.0,179610.0,-0.018908,51.498632,1,Slight,3,1,2016-05-06,Friday,20:35,Tower Hamlets,E09000030,5,0,6,30.0,0,-1,-1,-1,,,1,1,1,0,0,1,1,E01032770,3,1,05/06/2016,05/06/2016,1,3,0,18,,0,0,4,0,0,,,6,Male,22,21 - 25,124,1,14,2,1,,1,1,1,1,22,5,3,0,0,0,0,0,3,1,2,2016.0,01HT20481,E09000030,0.0,0.0,2.0,2016.0,01HT20481,1.0,5.0,0.0,2.0,1.0,-1,2016.0,01HT20481,2016,5,1,20
136329,201601HT20488,538270.0,179690.0,-0.009374,51.49919,1,Slight,2,1,2016-04-06,Wednesday,23:10,Tower Hamlets,E09000030,3,1206,6,20.0,0,-1,-1,-1,,,4,1,1,0,0,1,2,E01004221,3,1,04/06/2016,04/06/2016,1,8,0,4,,0,0,0,0,0,,,1,Male,25,21 - 25,2143,2,4,2,1,,1,1,1,1,25,5,3,0,0,0,0,0,8,1,2,2016.0,01HT20488,E09000030,0.0,0.0,2.0,2016.0,01HT20488,5.0,1.0,0.0,2.0,1.0,-1,2016.0,01HT20488,2016,4,1,23
136336,201601HT20498,534960.0,180920.0,-0.056561,51.511043,1,Slight,2,1,2016-10-06,Thursday,18:53,Tower Hamlets,E09000030,4,126,2,20.0,3,4,6,0,,,1,1,1,0,0,1,1,E01004301,3,1,10/06/2016,10/06/2016,1,9,0,9,,6,0,0,0,0,,,6,Male,28,26 - 35,2979,1,13,5,1,,2,1,1,1,27,6,3,0,0,0,0,0,1,1,3,2016.0,01HT20498,E09000030,0.0,1.0,2.0,2016.0,01HT20498,1.0,7.0,4.0,1.0,1.0,-1,2016.0,01HT20498,2016,10,1,18
136347,201601HT20509,538320.0,180650.0,-0.008278,51.507805,1,Slight,2,5,2016-02-06,Saturday,19:50,Tower Hamlets,E09000030,3,1206,6,30.0,1,2,3,1261,,,1,1,1,0,0,1,1,E01004219,3,1,02/06/2016,02/06/2016,1,9,0,4,,1,0,0,0,0,,,6,Male,22,21 - 25,999,1,0,7,1,,1,1,1,1,22,5,3,0,0,0,0,0,9,1,7,2016.0,01HT20509,E09000030,0.0,0.0,2.0,2016.0,01HT20509,1.0,5.0,0.0,2.0,1.0,-1,2016.0,01HT20509,2016,2,5,19
136358,201601HT20520,533760.0,182800.0,-0.07313,51.528223,1,Slight,3,2,2016-06-26,Sunday,03:00,Tower Hamlets,E09000030,4,118,6,30.0,0,-1,-1,-1,,,4,1,1,0,0,1,1,E01004311,3,1,26/06/2016,26/06/2016,1,9,0,18,,0,0,4,0,0,,,6,Male,26,26 - 35,1600,1,11,2,1,,1,1,2,2,22,5,3,0,0,2,0,0,9,1,2,2016.0,01HT20520,E09000030,0.0,0.0,2.0,2016.0,01HT20520,7.0,3.0,0.0,1.0,1.0,-1,2016.0,01HT20520,2016,6,2,3
136366,201601HT20529,534730.0,182070.0,-0.059434,51.521432,1,Slight,2,1,2016-09-06,Tuesday,01:30,Tower Hamlets,E09000030,5,0,6,20.0,3,4,6,0,,,4,1,2,0,0,1,1,E01004208,3,1,09/06/2016,09/06/2016,1,9,0,10,,1,0,0,0,0,,,6,Male,23,21 - 25,1497,1,11,1,1,,1,1,1,1,23,5,3,0,0,0,0,0,9,1,1,2016.0,01HT20529,E09000030,0.0,0.0,2.0,2016.0,01HT20529,3.0,8.0,0.0,2.0,1.0,-1,2016.0,01HT20529,2016,9,1,1
136370,201601HT20533,534590.0,181310.0,-0.061741,51.514636,1,Slight,2,1,2016-01-05,Tuesday,19:00,Tower Hamlets,E09000030,3,13,6,30.0,6,2,4,108,,,1,1,1,0,0,1,1,E01004304,3,1,01/05/2016,01/05/2016,1,3,0,18,,2,0,0,0,0,,,6,Female,26,26 - 35,124,1,1,4,1,,1,1,1,2,26,6,3,0,0,0,0,0,3,1,4,2016.0,01HT20533,E09000030,0.0,5.0,2.0,2016.0,01HT20533,7.0,3.0,0.0,1.0,1.0,-1,2016.0,01HT20533,2016,1,1,19
136371,201601HT20534,533970.0,180950.0,-0.070807,51.511548,1,Slight,2,1,2016-06-13,Monday,20:18,Tower Hamlets,E09000030,4,139,2,30.0,3,4,6,0,,,1,1,1,0,0,1,1,E01032767,3,1,13/06/2016,13/06/2016,1,3,0,18,,8,0,0,0,0,,,1,Male,34,26 - 35,125,1,4,1,1,,1,1,1,1,34,6,3,0,0,0,0,0,3,1,1,2016.0,01HT20534,E09000030,0.0,4.0,2.0,2016.0,01HT20534,3.0,7.0,0.0,3.0,1.0,-1,2016.0,01HT20534,2016,6,1,20
136404,201601HT20569,534250.0,182590.0,-0.06615,51.526219,1,Slight,2,1,2016-06-24,Friday,18:40,Tower Hamlets,E09000030,3,1209,6,30.0,3,4,6,0,,,1,1,1,0,0,1,1,E01004313,3,1,24/06/2016,24/06/2016,1,9,0,2,,2,0,0,0,0,,,6,Male,21,21 - 25,1242,1,7,1,1,,2,1,1,1,26,6,3,0,0,0,0,0,1,1,8,2016.0,01HT20569,E09000030,0.0,1.0,2.0,2016.0,01HT20569,0.0,0.0,0.0,3.0,1.0,-1,2016.0,01HT20569,2016,6,1,18
136405,201601HT20570,537760.0,180980.0,-0.016214,51.510907,1,Slight,2,1,2016-06-17,Friday,19:00,Tower Hamlets,E09000030,3,13,6,30.0,3,4,6,0,,,1,1,1,0,0,1,2,E01004257,3,1,17/06/2016,17/06/2016,1,3,0,18,,8,0,0,0,0,,,6,Male,27,26 - 35,582,1,10,1,1,,1,1,1,1,27,6,3,0,0,0,0,0,3,1,1,2016.0,01HT20570,E09000030,0.0,0.0,2.0,2016.0,01HT20570,7.0,3.0,0.0,1.0,1.0,-1,2016.0,01HT20570,2016,6,1,19
136409,201601HT20574,538040.0,182620.0,-0.011539,51.525576,1,Slight,2,1,2016-06-20,Monday,20:06,Tower Hamlets,E09000030,3,12,3,40.0,0,-1,-1,-1,,,1,2,2,0,0,1,1,E01004238,3,1,20/06/2016,20/06/2016,1,3,0,18,,0,0,0,0,0,,,2,Male,20,16 - 20,125,1,6,2,1,,1,1,1,1,20,4,3,0,0,0,0,0,3,1,2,2016.0,01HT20574,E09000030,0.0,0.0,2.0,2016.0,01HT20574,1.0,5.0,0.0,4.0,1.0,-1,2016.0,01HT20574,2016,6,1,20
136420,201601HT20587,537500.0,182880.0,-0.019217,51.528044,1,Slight,2,1,2016-02-07,Sunday,03:55,Tower Hamlets,E09000030,3,11,3,30.0,0,-1,-1,-1,,,1,1,1,0,0,1,1,E01004237,3,1,02/07/2016,02/07/2016,1,9,0,18,,0,0,0,0,0,,,6,Female,32,26 - 35,1242,1,4,1,1,,1,1,1,2,32,6,3,0,0,0,0,0,9,1,1,2016.0,01HT20587,E09000030,0.0,5.0,2.0,2016.0,01HT20587,3.0,7.0,0.0,2.0,1.0,-1,2016.0,01HT20587,2016,2,1,3
136432,201601HT20602,535370.0,182030.0,-0.05023,51.52092,1,Slight,2,1,2016-05-06,Friday,23:30,Tower Hamlets,E09000030,3,11,6,30.0,3,2,4,121,,,4,1,1,0,0,1,1,E01004290,3,1,05/06/2016,05/06/2016,1,9,0,5,,1,0,0,0,0,,,1,Male,23,21 - 25,1198,1,14,4,1,,2,1,2,2,59,9,3,0,0,2,0,0,9,1,2,2016.0,01HT20602,E09000030,0.0,5.0,2.0,2016.0,01HT20602,6.0,2.0,0.0,1.0,1.0,-1,2016.0,01HT20602,2016,5,1,23
136436,201601HT20606,534620.0,181100.0,-0.061389,51.512741,1,Slight,2,2,2016-11-07,Monday,05:30,Tower Hamlets,E09000030,4,108,6,30.0,3,2,6,0,,,4,1,1,0,0,1,2,E01004304,3,1,11/07/2016,11/07/2016,1,9,0,18,,8,0,0,0,0,,,6,Male,30,26 - 35,1781,1,15,2,1,,1,1,1,1,30,6,3,0,0,0,0,0,9,1,2,2016.0,01HT20606,E09000030,0.0,5.0,2.0,2016.0,01HT20606,1.0,5.0,0.0,3.0,1.0,-1,2016.0,01HT20606,2016,11,2,5
136442,201601HT20613,535870.0,180870.0,-0.043475,51.510376,1,Slight,2,1,2016-07-13,Wednesday,18:10,Tower Hamlets,E09000030,3,1203,3,30.0,0,-1,-1,-1,,,4,1,1,0,0,1,2,E01032769,3,1,13/07/2016,13/07/2016,1,9,0,18,,0,0,0,0,0,,,2,Female,33,26 - 35,-1,-1,-1,6,1,,1,1,1,2,33,6,3,0,0,0,0,0,9,1,6,2016.0,01HT20613,E09000030,0.0,0.0,2.0,2016.0,01HT20613,7.0,3.0,0.0,3.0,1.0,-1,2016.0,01HT20613,2016,7,1,18
136454,201601HT20626,534380.0,182120.0,-0.064457,51.521965,1,Slight,2,1,2016-12-06,Tuesday,20:30,Tower Hamlets,E09000030,4,108,6,30.0,6,4,6,0,,,4,1,1,0,0,1,1,E01004317,3,1,12/06/2016,12/06/2016,1,9,0,9,,8,0,0,0,0,,,6,Male,23,21 - 25,1242,1,13,6,1,,2,1,1,1,28,6,3,0,0,0,0,0,1,1,4,2016.0,01HT20626,E09000030,0.0,0.0,2.0,2016.0,01HT20626,5.0,3.0,0.0,1.0,1.0,-1,2016.0,01HT20626,2016,12,1,20
136462,201601HT20639,536030.0,183140.0,-0.040295,51.530736,1,Slight,2,1,2016-06-21,Tuesday,22:22,Tower Hamlets,E09000030,3,1205,6,30.0,6,2,4,135,,,4,1,1,0,0,1,1,E01004230,3,1,21/06/2016,21/06/2016,1,9,0,9,,8,0,0,0,0,,,6,Male,20,16 - 20,1364,1,10,2,1,,2,1,1,1,32,6,3,0,0,0,0,0,3,1,5,2016.0,01HT20639,E09000030,0.0,5.0,2.0,2016.0,01HT20639,6.0,4.0,0.0,4.0,1.0,-1,2016.0,01HT20639,2016,6,1,22
136463,201601HT20640,535970.0,181150.0,-0.041927,51.512868,1,Slight,2,1,2016-06-29,Wednesday,19:45,Tower Hamlets,E09000030,3,13,6,30.0,3,4,6,0,,,1,1,1,0,0,1,1,E01032769,3,1,29/06/2016,29/06/2016,1,9,0,11,,1,0,0,0,0,,,6,Male,27,26 - 35,1995,2,0,1,1,,2,1,1,1,27,6,3,0,0,0,0,0,3,1,9,2016.0,01HT20640,E09000030,0.0,0.0,2.0,2016.0,01HT20640,7.0,3.0,0.0,4.0,1.0,-1,2016.0,01HT20640,2016,6,1,19
136469,201601HT20646,535430.0,183340.0,-0.048863,51.532678,1,Slight,2,1,2016-08-07,Sunday,20:10,Tower Hamlets,E09000030,6,0,6,20.0,0,-1,-1,-1,,,1,1,1,0,0,1,1,E01004201,3,1,08/07/2016,08/07/2016,1,9,0,18,,0,0,0,0,0,,,6,Male,34,26 - 35,1600,1,12,1,1,,2,1,1,1,10,2,3,0,0,0,0,0,1,1,3,2016.0,01HT20646,E09000030,0.0,0.0,2.0,2016.0,01HT20646,8.0,4.0,0.0,1.0,1.0,-1,2016.0,01HT20646,2016,8,1,20
136477,201601HT20654,535290.0,182800.0,-0.051087,51.527858,1,Slight,3,1,2016-07-14,Thursday,19:50,Tower Hamlets,E09000030,4,135,6,30.0,6,2,4,120,,,1,1,1,0,0,1,1,E01004259,3,1,14/07/2016,14/07/2016,1,9,0,9,,8,0,0,0,0,,,6,Female,29,26 - 35,2148,2,7,3,1,,2,1,1,1,31,6,3,0,0,0,0,0,5,1,3,2016.0,01HT20654,E09000030,0.0,5.0,2.0,2016.0,01HT20654,2.0,1.0,0.0,4.0,1.0,-1,2016.0,01HT20654,2016,7,1,19
136484,201601HT20662,537250.0,181800.0,-0.023239,51.5184,1,Slight,2,1,2016-06-30,Thursday,21:15,Tower Hamlets,E09000030,4,140,6,20.0,6,2,5,0,,,1,4,1,0,0,1,1,E01004272,3,1,30/06/2016,30/06/2016,1,9,0,16,,8,0,0,0,0,,,6,Male,29,26 - 35,2149,2,9,2,1,,1,1,1,1,29,6,3,0,0,0,0,0,9,1,2,2016.0,01HT20662,E09000030,0.0,5.0,2.0,2016.0,01HT20662,7.0,2.0,0.0,1.0,1.0,-1,2016.0,01HT20662,2016,6,1,21
136488,201601HT20667,536820.0,181100.0,-0.029704,51.512213,1,Slight,2,1,2016-07-13,Wednesday,22:44,Tower Hamlets,E09000030,3,13,6,30.0,6,4,5,0,,,4,1,1,0,0,1,1,E01004254,3,1,13/07/2016,13/07/2016,1,9,0,10,,8,0,0,0,0,,,6,Male,31,26 - 35,1995,2,11,1,1,,1,1,1,1,31,6,3,0,0,0,0,0,9,1,1,2016.0,01HT20667,E09000030,0.0,4.0,2.0,2016.0,01HT20667,7.0,5.0,0.0,4.0,1.0,-1,2016.0,01HT20667,2016,7,1,22
136489,201601HT20668,537980.0,179740.0,-0.01353,51.49971,1,Slight,2,1,2016-05-07,Saturday,01:16,Tower Hamlets,E09000030,5,0,6,20.0,3,4,5,0,,,4,1,1,4,0,1,1,E01004215,3,1,05/07/2016,05/07/2016,1,9,0,9,,8,0,0,0,0,,,6,Male,30,26 - 35,1246,1,12,1,1,,1,1,2,2,22,5,3,0,0,1,0,0,9,1,3,2016.0,01HT20668,E09000030,0.0,0.0,2.0,2016.0,01HT20668,7.0,5.0,0.0,4.0,1.0,-1,2016.0,01HT20668,2016,5,1,1
136491,201601HT20674,534920.0,181290.0,-0.056995,51.514377,1,Slight,1,1,2016-03-07,Monday,21:52,Tower Hamlets,E09000030,3,13,6,30.0,3,4,6,0,,,4,1,1,0,0,1,1,E01004304,3,1,03/07/2016,03/07/2016,1,9,0,18,,2,0,7,0,0,,,6,Male,22,21 - 25,-1,-1,-1,2,1,,1,1,1,1,22,5,3,0,0,0,0,0,9,1,2,2016.0,01HT20674,E09000030,0.0,8.0,2.0,2016.0,01HT20674,7.0,3.0,0.0,1.0,1.0,-1,2016.0,01HT20674,2016,3,1,21
136493,201601HT20676,536440.0,183290.0,-0.03433,51.531985,1,Slight,2,1,2016-10-07,Friday,00:15,Tower Hamlets,E09000030,4,135,6,30.0,3,4,6,0,,,4,1,1,0,0,1,1,E01004234,3,1,10/07/2016,10/07/2016,1,9,0,2,,1,0,0,0,0,,,6,Male,26,26 - 35,998,1,0,-1,-1,,1,1,1,1,26,6,3,0,0,0,0,0,9,-1,-1,2016.0,01HT20676,E09000030,0.0,0.0,2.0,2016.0,01HT20676,0.0,0.0,0.0,3.0,1.0,-1,2016.0,01HT20676,2016,10,1,0
136495,201601HT20678,536960.0,181420.0,-0.027564,51.515055,1,Slight,2,1,2016-09-07,Wednesday,23:45,Tower Hamlets,E09000030,6,0,6,30.0,3,4,6,0,,,4,1,1,0,0,1,2,E01004273,3,1,09/07/2016,09/07/2016,1,3,0,18,,1,0,0,0,0,,,6,Male,22,21 - 25,125,1,1,2,1,,1,1,1,1,22,5,3,0,0,0,0,0,3,1,2,2016.0,01HT20678,E09000030,0.0,0.0,2.0,2016.0,01HT20678,1.0,5.0,0.0,4.0,1.0,-1,2016.0,01HT20678,2016,9,1,23
136498,201601HT20681,534450.0,183510.0,-0.062918,51.534439,1,Slight,2,1,2016-07-13,Wednesday,18:11,Hackney,E09000012,5,0,6,20.0,3,4,6,0,,,1,1,1,0,0,1,1,E01001775,3,1,13/07/2016,13/07/2016,1,9,0,7,,8,0,0,0,0,,,6,Female,30,26 - 35,1685,2,1,2,1,,2,1,1,1,29,6,3,0,0,0,0,0,1,1,1,2016.0,01HT20681,E09000012,0.0,0.0,2.0,2016.0,01HT20681,3.0,5.0,0.0,3.0,1.0,-1,2016.0,01HT20681,2016,7,1,18
136501,201601HT20684,535500.0,181380.0,-0.048607,51.515047,1,Slight,2,1,2016-07-07,Thursday,22:20,Tower Hamlets,E09000030,6,0,6,30.0,0,-1,-1,-1,,,4,1,1,0,0,1,1,E01004289,3,1,07/07/2016,07/07/2016,1,3,0,4,,0,0,0,0,0,,,6,Male,20,16 - 20,-1,3,0,2,1,,1,1,1,1,20,4,3,0,0,0,0,0,3,1,2,2016.0,01HT20684,E09000030,0.0,0.0,2.0,2016.0,01HT20684,5.0,1.0,0.0,2.0,1.0,-1,2016.0,01HT20684,2016,7,1,22
136540,201601HT20729,535450.0,182890.0,-0.048747,51.528629,1,Slight,3,2,2016-05-25,Wednesday,19:13,Tower Hamlets,E09000030,4,135,6,20.0,0,-1,-1,-1,,,1,1,1,0,0,1,1,E01004260,3,1,25/05/2016,25/05/2016,1,9,0,18,,0,0,0,0,0,,,6,Male,27,26 - 35,998,1,12,1,1,,1,1,1,1,27,6,3,0,0,0,0,0,9,1,1,2016.0,01HT20729,E09000030,0.0,4.0,2.0,2016.0,01HT20729,6.0,2.0,0.0,2.0,1.0,-1,2016.0,01HT20729,2016,5,2,19
136550,201601HT20739,533580.0,182270.0,-0.075924,51.523502,1,Slight,1,1,2016-07-08,Friday,00:56,Hackney,E09000012,3,1209,6,20.0,3,4,3,1209,,,4,1,1,0,0,1,1,E01033708,3,1,07/08/2016,07/08/2016,1,8,0,18,,2,0,0,0,0,,,1,Male,29,26 - 35,1997,2,5,1,1,,1,1,3,1,30,6,3,5,3,0,0,2,0,-1,-1,2016.0,01HT20739,E09000012,0.0,0.0,2.0,2016.0,01HT20739,3.0,7.0,0.0,1.0,1.0,-1,2016.0,01HT20739,2016,7,1,0
136551,201601HT20740,534650.0,181520.0,-0.060796,51.516509,1,Slight,2,1,2016-10-08,Saturday,03:10,Tower Hamlets,E09000030,6,0,6,30.0,3,4,6,0,,,4,1,1,0,0,1,1,E01004321,3,1,10/08/2016,10/08/2016,1,3,0,18,,8,0,0,0,0,,,6,Male,17,16 - 20,125,1,8,6,1,,1,1,1,1,17,4,3,0,0,0,0,0,3,1,6,2016.0,01HT20740,E09000030,0.0,0.0,2.0,2016.0,01HT20740,1.0,5.0,0.0,4.0,1.0,-1,2016.0,01HT20740,2016,10,1,3
136567,201601HT20762,535410.0,181570.0,-0.049831,51.516776,1,Slight,2,1,2016-08-07,Sunday,00:20,Tower Hamlets,E09000030,5,0,6,30.0,6,4,6,0,,,4,1,1,0,0,1,1,E01004287,3,1,08/07/2016,08/07/2016,1,9,0,9,,8,0,0,0,0,,,6,Male,23,21 - 25,1986,2,10,1,1,,1,1,1,1,23,5,3,0,0,0,0,0,9,1,1,2016.0,01HT20762,E09000030,0.0,0.0,2.0,2016.0,01HT20762,7.0,5.0,0.0,1.0,1.0,-1,2016.0,01HT20762,2016,8,1,0
136570,201601HT20765,537230.0,182810.0,-0.023134,51.527481,1,Slight,2,1,2016-05-08,Sunday,18:20,Tower Hamlets,E09000030,3,11,6,30.0,6,4,6,0,,,1,1,1,0,0,1,1,E01004267,3,1,05/08/2016,05/08/2016,1,9,0,9,,8,0,0,0,0,,,6,Female,28,26 - 35,1390,1,6,2,1,,2,1,1,1,26,6,3,0,0,0,0,0,2,1,2,2016.0,01HT20765,E09000030,0.0,0.0,2.0,2016.0,01HT20765,2.0,8.0,0.0,1.0,1.0,-1,2016.0,01HT20765,2016,5,1,18
136584,201601HT20783,537690.0,181890.0,-0.016867,51.519101,1,Slight,2,1,2016-07-26,Tuesday,18:01,Tower Hamlets,E09000030,5,0,6,20.0,3,4,6,0,,,1,1,1,0,0,1,1,E01004242,3,1,26/07/2016,26/07/2016,1,9,0,9,,8,0,0,0,0,,,6,Male,23,21 - 25,1998,1,14,1,1,,2,1,1,1,22,5,3,0,0,0,0,0,9,1,3,2016.0,01HT20783,E09000030,0.0,0.0,2.0,2016.0,01HT20783,6.0,4.0,0.0,1.0,1.0,-1,2016.0,01HT20783,2016,7,1,18
136588,201601HT20787,534750.0,181820.0,-0.059241,51.519181,1,Slight,1,2,2016-08-20,Saturday,19:45,Tower Hamlets,E09000030,3,11,6,30.0,3,4,6,0,,,1,1,1,0,0,1,2,E01004208,3,1,20/08/2016,20/08/2016,1,3,0,18,,2,0,0,0,0,,,6,Male,22,21 - 25,124,1,13,3,1,,1,1,1,1,22,5,3,0,0,0,0,0,3,1,3,2016.0,01HT20787,E09000030,0.0,0.0,2.0,2016.0,01HT20787,6.0,2.0,0.0,1.0,1.0,-1,2016.0,01HT20787,2016,8,2,19
136599,201601HT20799,534950.0,181560.0,-0.05646,51.516797,1,Slight,2,1,2016-08-22,Monday,20:33,Tower Hamlets,E09000030,6,0,6,30.0,6,4,6,0,,,1,1,1,0,0,1,1,E01004323,3,1,22/08/2016,22/08/2016,1,9,0,1,,1,0,0,0,0,,,6,Male,23,21 - 25,-1,-1,-1,3,1,,2,1,1,1,21,5,3,0,0,0,0,0,3,1,1,2016.0,01HT20799,E09000030,0.0,0.0,2.0,2016.0,01HT20799,3.0,7.0,0.0,2.0,1.0,-1,2016.0,01HT20799,2016,8,1,20
136607,201601HT20808,534380.0,182150.0,-0.064445,51.522234,1,Slight,2,1,2016-08-13,Saturday,19:50,Tower Hamlets,E09000030,4,108,6,20.0,0,-1,-1,-1,,,1,1,1,0,0,1,1,E01004317,3,1,13/08/2016,13/08/2016,1,9,0,18,,0,0,0,0,0,,,6,Male,28,26 - 35,5461,1,1,2,1,,2,1,1,1,53,8,3,0,0,0,0,0,9,1,8,2016.0,01HT20808,E09000030,0.0,0.0,2.0,2016.0,01HT20808,5.0,1.0,0.0,1.0,1.0,-1,2016.0,01HT20808,2016,8,1,19
136611,201601HT20813,537900.0,181230.0,-0.0141,51.513119,1,Slight,2,2,2016-08-31,Wednesday,22:00,Tower Hamlets,E09000030,5,0,6,20.0,3,4,6,0,,,4,1,1,0,0,1,1,E01004247,3,1,31/08/2016,31/08/2016,1,9,0,8,,1,0,0,0,0,,,6,Male,29,26 - 35,1360,1,13,5,1,,2,1,1,2,24,5,3,0,0,0,0,0,9,1,2,2016.0,01HT20813,E09000030,0.0,0.0,2.0,2016.0,01HT20813,2.0,5.0,0.0,3.0,1.0,-1,2016.0,01HT20813,2016,8,2,22
136619,201601HT20828,537690.0,183170.0,-0.016367,51.530604,1,Slight,9,3,2016-08-23,Tuesday,23:58,Tower Hamlets,E09000030,3,12,3,40.0,0,-1,-1,-1,,,4,1,1,4,0,1,1,E01032764,3,1,23/08/2016,23/08/2016,1,9,0,18,,0,0,0,0,0,,,6,Male,24,21 - 25,5204,1,0,1,1,,3,1,1,1,30,6,3,0,0,0,0,0,9,1,5,2016.0,01HT20828,E09000030,0.0,0.0,2.0,2016.0,01HT20828,8.0,4.0,0.0,2.0,1.0,-1,2016.0,01HT20828,2016,8,3,23
136621,201601HT20830,535910.0,183380.0,-0.041931,51.532922,1,Slight,2,1,2016-08-25,Thursday,18:15,Tower Hamlets,E09000030,4,118,6,30.0,1,4,3,1205,,,1,1,1,0,0,1,1,E01004234,3,1,25/08/2016,25/08/2016,1,9,0,4,,1,0,0,0,0,,,2,Female,30,26 - 35,1422,2,1,2,1,,1,1,1,2,30,6,3,0,0,0,0,0,9,1,2,2016.0,01HT20830,E09000030,0.0,1.0,2.0,2016.0,01HT20830,6.0,2.0,0.0,2.0,1.0,-1,2016.0,01HT20830,2016,8,1,18
136626,201601HT20838,538220.0,180520.0,-0.009769,51.506661,1,Slight,1,1,2016-08-26,Friday,18:55,Tower Hamlets,E09000030,6,0,3,20.0,3,4,6,0,,,1,1,1,0,0,1,1,E01032780,3,1,26/08/2016,26/08/2016,1,9,0,18,,1,0,7,0,0,,,1,Male,35,26 - 35,1910,2,12,8,1,,1,1,1,1,35,6,3,0,0,0,0,0,9,1,8,2016.0,01HT20838,E09000030,0.0,1.0,2.0,2016.0,01HT20838,3.0,7.0,0.0,1.0,1.0,-1,2016.0,01HT20838,2016,8,1,18
136631,201601HT20853,535710.0,180920.0,-0.04576,51.510863,1,Slight,2,2,2016-07-31,Sunday,00:30,Tower Hamlets,E09000030,6,0,6,30.0,0,-1,-1,-1,,,7,1,1,0,0,1,1,E01004303,3,1,31/07/2016,31/07/2016,1,9,0,18,,0,0,0,0,0,,,6,Male,19,16 - 20,1895,1,17,1,1,,1,1,1,1,19,4,3,0,0,0,0,0,9,1,1,2016.0,01HT20853,E09000030,0.0,0.0,2.0,2016.0,01HT20853,5.0,1.0,0.0,4.0,1.0,-1,2016.0,01HT20853,2016,7,2,0
136637,201601HT20889,535940.0,183370.0,-0.041503,51.532825,1,Slight,2,1,2016-08-26,Friday,19:00,Tower Hamlets,E09000030,3,1205,6,20.0,1,4,4,118,,,1,1,1,0,0,1,2,E01004234,3,1,26/08/2016,26/08/2016,1,9,0,18,,1,0,0,0,0,,,6,Male,30,26 - 35,1598,2,5,2,1,,2,1,1,1,21,5,3,0,0,0,0,0,1,1,1,2016.0,01HT20889,E09000030,0.0,1.0,2.0,2016.0,01HT20889,4.0,8.0,0.0,1.0,1.0,-1,2016.0,01HT20889,2016,8,1,19