,accident_index,location_easting_osgr,location_northing_osgr,longitude,latitude,police_force,accident_severity,number_of_vehicles,number_of_casualties,date,day_of_week,time,local_authority_district,local_authority_highway,first_road_class,first_road_number,road_type,speed_limit,junction_detail,junction_control,second_road_class,second_road_number,pedestrian_crossing-human_control,pedestrian_crossing-physical_facilities,light_conditions,weather_conditions,road_surface_conditions,special_conditions_at_site,carriageway_hazards,urban_or_rural_area,did_police_officer_attend_scene_of_accident,lsoa_of_accident_location,accident_severity_num,accident_severity_inv,date2,date_original,vehicle_reference_x,vehicle_type,towing_and_articulation,vehicle_manoeuvre,vehicle_location-restricted_lane,junction_location,skidding_and_overturning,hit_object_in_carriageway,vehicle_leaving_carriageway,hit_object_off_carriageway,1st_point_of_impact,was_vehicle_left_hand_drive?,journey_purpose_of_driver,sex_of_driver,age_of_driver,age_band_of_driver,engine_capacity_cc,propulsion_code,age_of_vehicle,driver_imd_decile,driver_home_area_type,vehicle_imd_decile,vehicle_reference_y,casualty_reference,casualty_class,sex_of_casualty,age_of_casualty,age_band_of_casualty,casualty_severity,pedestrian_location,pedestrian_movement,car_passenger,bus_or_coach_passenger,pedestrian_road_maintenance_worker,casualty_type,casualty_home_area_type,casualty_imd_decile,accident_year_x,accident_reference_x,local_authority_ons_district,pedestrian_crossing_human_control,pedestrian_crossing_physical_facilities,trunk_road_flag,accident_year_y,accident_reference_y,vehicle_direction_from,vehicle_direction_to,vehicle_location_restricted_lane,first_point_of_impact,vehicle_left_hand_drive,generic_make_model,accident_year,accident_reference,year,month,severity,hours
136638,201601HT20890,535840.0,182400.0,-0.043318,51.524132,1,Slight,2,2,2016-08-29,Monday,18:40,Tower Hamlets,E09000030,5,0,6,30.0,3,4,6,0,,,1,1,1,0,0,1,1,E01004262,3,1,29/08/2016,29/08/2016,1,9,0,18,,2,0,0,0,0,,,6,Male,24,21 - 25,1560,2,8,-1,-1,,1,1,1,1,24,5,3,0,0,0,0,0,9,-1,-1,2016.0,01HT20890,E09000030,0.0,8.0,2.0,2016.0,01HT20890,4.0,8.0,0.0,1.0,1.0,-1,2016.0,01HT20890,2016,8,2,18
136641,201601HT20899,533780.0,181540.0,-0.07332,51.516895,1,Slight,2,1,2016-05-16,Monday,18:10,Tower Hamlets,E09000030,3,1202,6,30.0,6,4,6,0,,,1,1,1,0,0,1,1,E01004310,3,1,16/05/2016,16/05/2016,1,9,0,9,,8,0,0,0,0,,,6,Male,34,26 - 35,2967,2,1,3,1,,2,1,1,1,36,7,3,0,0,0,0,0,1,1,4,2016.0,01HT20899,E09000030,0.0,4.0,2.0,2016.0,01HT20899,4.0,3.0,0.0,1.0,1.0,-1,2016.0,01HT20899,2016,5,1,18
136647,201601HT20929,535160.0,181130.0,-0.0536,51.512882,1,Slight,2,1,2016-08-28,Sunday,21:00,Tower Hamlets,E09000030,6,0,6,30.0,3,4,6,0,,,1,1,1,0,0,1,1,E01004298,3,1,28/08/2016,28/08/2016,1,9,0,9,,8,0,0,0,0,,,6,Male,34,26 - 35,-1,-1,-1,6,1,,2,1,1,1,25,5,3,0,0,0,0,0,3,1,2,2016.0,01HT20929,E09000030,0.0,0.0,2.0,2016.0,01HT20929,7.0,5.0,0.0,1.0,1.0,-1,2016.0,01HT20929,2016,8,1,21
136648,201601HT20940,534410.0,181310.0,-0.064333,51.514679,1,Serious,2,1,2016-08-31,Wednesday,19:20,Tower Hamlets,E09000030,3,13,6,30.0,6,4,6,0,,,1,1,1,0,0,1,2,E01004321,2,2,31/08/2016,31/08/2016,1,5,0,18,,8,0,0,0,0,,,6,Male,35,26 - 35,636,1,11,2,1,,1,1,1,1,35,6,2,0,0,0,0,0,5,1,2,2016.0,01HT20940,E09000030,0.0,0.0,2.0,2016.0,01HT20940,3.0,7.0,0.0,1.0,1.0,-1,2016.0,01HT20940,2016,8,2,19
136649,201601HT20984,537480.0,180790.0,-0.02032,51.509268,1,Slight,1,1,2016-08-26,Friday,02:22,Tower Hamlets,E09000030,4,123,6,30.0,0,-1,-1,-1,,,4,1,1,0,0,1,1,E01004256,3,1,26/08/2016,26/08/2016,1,9,0,18,,0,0,10,1,4,,,6,Female,23,21 - 25,1124,1,8,4,1,,1,1,1,2,23,5,3,0,0,0,0,0,9,1,4,2016.0,01HT20984,E09000030,0.0,0.0,2.0,2016.0,01HT20984,7.0,3.0,9.0,1.0,1.0,-1,2016.0,01HT20984,2016,8,1,2
136655,201601ID60010,509630.0,176430.0,-0.422808,51.476164,1,Slight,1,1,2016-04-02,Saturday,19:15,London Airport (Heathrow),EHEATHROW,6,0,3,40.0,6,2,6,0,,,4,2,2,0,0,1,1,E01002443,3,1,04/02/2016,04/02/2016,1,9,0,9,,6,1,0,2,2,,,6,Male,30,26 - 35,1598,1,1,8,1,,1,1,1,1,30,6,3,0,0,0,0,0,9,1,8,2016.0,01ID60010,EHEATHROW,0.0,0.0,2.0,2016.0,01ID60010,3.0,1.0,0.0,1.0,1.0,-1,2016.0,01ID60010,2016,4,1,19
136687,201601JC30011,536440.0,188920.0,-0.032147,51.582578,1,Serious,1,1,2016-01-16,Saturday,21:00,Waltham Forest,E09000031,6,0,6,30.0,0,-1,-1,-1,,,4,1,4,0,0,1,1,E01004394,2,2,16/01/2016,16/01/2016,1,3,0,18,,0,1,0,0,0,,,1,Male,27,26 - 35,108,1,3,3,1,,1,1,1,1,27,6,2,0,0,0,0,0,3,1,3,2016.0,01JC30011,E09000031,0.0,4.0,2.0,2016.0,01JC30011,6.0,2.0,0.0,0.0,1.0,-1,2016.0,01JC30011,2016,1,2,21
136695,201601JC30019,537960.0,187020.0,-0.010968,51.565135,1,Slight,2,1,2016-01-27,Wednesday,01:00,Waltham Forest,E09000031,3,112,6,20.0,3,4,6,0,,,4,2,2,0,0,1,1,E01004435,3,1,27/01/2016,27/01/2016,1,9,0,9,,8,0,0,0,0,,,6,Male,29,26 - 35,1956,2,2,2,1,,2,1,1,1,32,6,3,0,0,0,0,0,9,1,2,2016.0,01JC30019,E09000031,0.0,0.0,2.0,2016.0,01JC30019,8.0,6.0,0.0,1.0,1.0,-1,2016.0,01JC30019,2016,1,1,1
136704,201601JC30031,537320.0,192350.0,-0.018112,51.613187,1,Slight,1,1,2016-03-02,Wednesday,22:20,Waltham Forest,E09000031,6,0,6,30.0,3,4,3,112,,,4,1,1,0,0,1,1,E01004454,3,1,03/02/2016,03/02/2016,1,9,0,5,,6,0,0,0,0,,,6,Male,21,21 - 25,1968,2,6,3,1,,1,1,3,1,28,6,3,5,1,0,0,2,0,1,3,2016.0,01JC30031,E09000031,0.0,0.0,2.0,2016.0,01JC30031,7.0,3.0,0.0,4.0,1.0,-1,2016.0,01JC30031,2016,3,1,22
136705,201601JC30032,538740.0,187720.0,0.000554,51.571234,1,Slight,2,1,2016-01-29,Friday,18:30,Waltham Forest,E09000031,5,0,6,30.0,1,4,5,0,,,7,9,1,0,0,1,2,E01004437,3,1,29/01/2016,29/01/2016,1,9,0,8,,1,0,0,0,0,,,6,Female,25,21 - 25,-1,-1,-1,8,1,,1,1,1,2,25,5,3,0,0,0,0,0,9,1,8,2016.0,01JC30032,E09000031,0.0,4.0,2.0,2016.0,01JC30032,2.0,4.0,0.0,2.0,1.0,-1,2016.0,01JC30032,2016,1,1,18
136706,201601JC30034,537500.0,185760.0,-0.018093,51.553924,1,Slight,2,1,2016-04-02,Saturday,18:38,Hackney,E09000012,3,106,3,30.0,3,4,3,106,,,4,1,1,0,0,1,1,E01001786,3,1,04/02/2016,04/02/2016,1,9,0,4,,2,0,0,0,0,,,6,Male,25,21 - 25,2354,1,9,4,1,,2,1,1,2,25,5,3,0,0,0,0,0,9,-1,-1,2016.0,01JC30034,E09000012,0.0,8.0,2.0,2016.0,01JC30034,6.0,2.0,0.0,1.0,1.0,-1,2016.0,01JC30034,2016,4,1,18
136713,201601JC30041,536100.0,189460.0,-0.036842,51.587513,1,Slight,2,1,2016-05-02,Monday,19:30,Waltham Forest,E09000031,3,503,6,30.0,3,4,6,0,,,4,1,2,0,0,1,1,E01004393,3,1,05/02/2016,05/02/2016,1,3,0,9,,5,0,0,7,10,,,6,Male,19,16 - 20,125,1,4,6,1,,1,1,1,1,19,4,3,0,0,0,0,0,3,1,6,2016.0,01JC30041,E09000031,0.0,1.0,2.0,2016.0,01JC30041,2.0,1.0,0.0,4.0,1.0,-1,2016.0,01JC30041,2016,5,1,19
136718,201601JC30047,538790.0,194040.0,0.003774,51.628013,1,Slight,2,1,2016-01-02,Saturday,20:24,Waltham Forest,E09000031,4,160,6,30.0,3,4,3,110,,,4,1,1,0,0,1,1,E01004359,3,1,01/02/2016,01/02/2016,1,9,0,3,,1,0,0,0,0,,,6,Female,22,21 - 25,1242,1,3,3,1,,1,1,2,1,27,6,3,0,0,1,0,0,9,1,3,2016.0,01JC30047,E09000031,0.0,0.0,2.0,2016.0,01JC30047,5.0,1.0,0.0,2.0,1.0,-1,2016.0,01JC30047,2016,1,1,20
136721,201601JC30050,537340.0,187790.0,-0.019607,51.572205,1,Slight,2,1,2016-05-02,Monday,21:50,Waltham Forest,E09000031,3,104,6,30.0,8,4,6,0,,,7,1,1,0,0,1,2,E01004423,3,1,05/02/2016,05/02/2016,1,9,0,7,,5,0,0,0,0,,,6,Female,23,21 - 25,1796,1,12,7,3,,1,1,1,2,23,5,3,0,0,0,0,0,9,3,7,2016.0,01JC30050,E09000031,0.0,0.0,2.0,2016.0,01JC30050,6.0,8.0,0.0,2.0,1.0,-1,2016.0,01JC30050,2016,5,1,21
136722,201601JC30051,536190.0,190450.0,-0.03516,51.596387,1,Slight,2,2,2016-01-02,Saturday,18:30,Waltham Forest,E09000031,5,0,2,20.0,3,4,6,0,,,7,4,1,0,0,1,2,E01004400,3,1,01/02/2016,01/02/2016,1,9,0,9,,8,0,0,0,0,,,6,Male,25,21 - 25,1199,2,3,2,1,,1,1,1,1,25,5,3,0,0,0,0,0,9,1,2,2016.0,01JC30051,E09000031,0.0,0.0,2.0,2016.0,01JC30051,5.0,2.0,0.0,1.0,1.0,-1,2016.0,01JC30051,2016,1,2,18
136723,201601JC30052,539230.0,186090.0,0.006975,51.556466,1,Slight,2,1,2016-11-02,Wednesday,18:28,Waltham Forest,E09000031,6,0,6,30.0,6,4,6,0,,,7,1,1,0,0,1,1,E01004328,3,1,11/02/2016,11/02/2016,1,9,0,7,,8,0,0,0,0,,,6,Female,23,21 - 25,1995,2,14,4,1,,2,1,1,2,46,8,3,0,0,0,0,0,9,1,4,2016.0,01JC30052,E09000031,0.0,0.0,2.0,2016.0,01JC30052,8.0,1.0,0.0,3.0,1.0,-1,2016.0,01JC30052,2016,11,1,18
136734,201601JC30068,537470.0,190970.0,-0.016488,51.600749,1,Slight,3,2,2016-02-17,Wednesday,18:50,Waltham Forest,E09000031,3,406,3,50.0,0,-1,-1,-1,,,4,2,2,0,0,1,1,E01004344,3,1,17/02/2016,17/02/2016,1,9,0,4,,0,1,0,0,0,,,6,Female,29,26 - 35,1399,2,10,8,1,,1,1,1,2,29,6,3,0,0,0,0,0,9,1,8,2016.0,01JC30068,E09000031,0.0,0.0,2.0,2016.0,01JC30068,4.0,8.0,0.0,2.0,1.0,-1,2016.0,01JC30068,2016,2,2,18
136737,201601JC30071,537340.0,192770.0,-0.017659,51.616956,1,Slight,3,1,2016-02-21,Sunday,05:45,Waltham Forest,E09000031,3,1009,6,30.0,6,2,3,112,,,4,1,1,0,0,1,1,E01004452,3,1,21/02/2016,21/02/2016,1,8,0,7,,8,0,0,0,0,,,1,Male,27,26 - 35,1497,8,8,2,1,,1,1,1,1,27,6,3,0,0,0,0,0,8,1,2,2016.0,01JC30071,E09000031,0.0,5.0,2.0,2016.0,01JC30071,7.0,1.0,0.0,3.0,1.0,-1,2016.0,01JC30071,2016,2,1,5
136746,201601JC30087,539860.0,187880.0,0.016768,51.572395,1,Slight,2,1,2016-02-29,Monday,21:50,Waltham Forest,E09000031,3,114,1,30.0,1,4,3,114,,,4,1,1,0,0,1,1,E01004438,3,1,29/02/2016,29/02/2016,1,9,0,18,,8,0,0,0,0,,,6,Male,26,26 - 35,999,1,8,10,1,,2,1,1,1,39,7,3,0,0,0,0,0,9,1,8,2016.0,01JC30087,E09000031,0.0,0.0,2.0,2016.0,01JC30087,8.0,4.0,0.0,2.0,1.0,-1,2016.0,01JC30087,2016,2,1,21
136748,201601JC30091,539600.0,188220.0,0.013154,51.575514,1,Serious,2,1,2016-02-26,Friday,21:25,Waltham Forest,E09000031,3,114,6,30.0,0,-1,-1,-1,,,4,1,1,0,0,1,1,E01004362,2,2,26/02/2016,26/02/2016,1,9,0,6,,0,0,0,0,0,,,6,Male,35,26 - 35,1968,2,8,1,1,,2,1,1,1,30,6,2,0,0,0,0,0,4,1,7,2016.0,01JC30091,E09000031,0.0,0.0,2.0,2016.0,01JC30091,4.0,4.0,0.0,3.0,1.0,-1,2016.0,01JC30091,2016,2,2,21
136776,201601JC30130,538000.0,192870.0,-0.008093,51.617693,1,Slight,2,1,2016-03-17,Thursday,21:40,Waltham Forest,E09000031,3,1009,6,30.0,3,4,6,0,,,4,1,1,0,0,1,1,E01004415,3,1,17/03/2016,17/03/2016,1,9,0,9,,1,0,0,0,0,,,6,Male,24,21 - 25,-1,-1,-1,3,1,,2,1,1,1,20,4,3,0,0,0,0,0,3,1,1,2016.0,01JC30130,E09000031,0.0,4.0,2.0,2016.0,01JC30130,3.0,1.0,0.0,3.0,1.0,-1,2016.0,01JC30130,2016,3,1,21
136783,201601JC30138,538040.0,188380.0,-0.009281,51.577336,1,Slight,3,3,2016-03-19,Saturday,20:00,Waltham Forest,E09000031,3,104,6,30.0,0,-1,-1,-1,,,4,1,1,0,0,1,1,E01004405,3,1,19/03/2016,19/03/2016,1,9,0,5,,0,0,0,0,0,,,6,Male,26,26 - 35,1598,2,3,2,1,,1,1,1,1,26,6,3,0,0,0,0,0,9,1,2,2016.0,01JC30138,E09000031,0.0,5.0,2.0,2016.0,01JC30138,6.0,2.0,0.0,1.0,1.0,-1,2016.0,01JC30138,2016,3,3,20
136786,201601JC30143,537340.0,192810.0,-0.017643,51.617315,1,Slight,2,1,2016-03-20,Sunday,20:50,Waltham Forest,E09000031,3,112,6,30.0,3,4,6,0,,,4,1,1,0,0,1,1,E01004452,3,1,20/03/2016,20/03/2016,1,9,0,9,,8,0,0,0,0,,,6,Male,26,26 - 35,1796,1,7,2,1,,1,1,1,1,26,6,3,0,0,0,0,0,9,1,2,2016.0,01JC30143,E09000031,0.0,0.0,2.0,2016.0,01JC30143,1.0,7.0,0.0,4.0,1.0,-1,2016.0,01JC30143,2016,3,1,20
136801,201601JC30159,537550.0,186210.0,-0.017196,51.557956,1,Slight,2,2,2016-03-29,Tuesday,20:00,Waltham Forest,E09000031,3,1006,6,30.0,0,-1,-1,-1,,,4,1,1,0,0,1,1,E01004429,3,1,29/03/2016,29/03/2016,1,9,0,5,,0,0,0,0,0,,,6,Male,26,26 - 35,1395,1,0,4,1,,2,1,1,1,33,6,3,0,0,0,0,0,9,1,1,2016.0,01JC30159,E09000031,0.0,0.0,2.0,2016.0,01JC30159,8.0,4.0,0.0,2.0,1.0,-1,2016.0,01JC30159,2016,3,2,20
136833,201601JC30200,537670.0,187990.0,-0.01477,51.573922,1,Slight,2,2,2016-04-17,Sunday,01:39,Waltham Forest,E09000031,3,104,6,20.0,3,4,6,0,,,4,1,1,0,0,1,1,E01004420,3,1,17/04/2016,17/04/2016,1,9,0,7,,8,0,0,0,0,,,6,Male,21,21 - 25,1598,2,6,1,1,,2,1,1,1,35,6,3,0,0,0,0,0,9,1,8,2016.0,01JC30200,E09000031,0.0,0.0,2.0,2016.0,01JC30200,4.0,6.0,0.0,1.0,1.0,-1,2016.0,01JC30200,2016,4,2,1
136836,201601JC30203,537430.0,189780.0,-0.017531,51.590066,1,Slight,2,2,2016-06-04,Saturday,22:00,Waltham Forest,E09000031,3,503,6,30.0,6,2,3,112,,,4,1,1,0,0,1,2,E01004460,3,1,06/04/2016,06/04/2016,1,9,0,18,,8,0,0,0,0,,,6,Male,28,26 - 35,1198,1,8,2,1,,1,1,1,1,28,6,3,0,0,0,0,0,9,1,2,2016.0,01JC30203,E09000031,0.0,5.0,2.0,2016.0,01JC30203,8.0,4.0,0.0,3.0,1.0,-1,2016.0,01JC30203,2016,6,2,22
136838,201601JC30206,537350.0,188900.0,-0.019029,51.582177,1,Slight,1,1,2016-04-16,Saturday,20:55,Waltham Forest,E09000031,3,112,6,30.0,0,-1,-1,-1,,,4,1,1,0,0,1,1,E01004443,3,1,16/04/2016,16/04/2016,1,8,0,18,,0,0,0,0,0,,,1,Male,26,26 - 35,1910,2,8,2,1,,1,1,3,1,-1,-1,3,5,3,0,0,2,0,-1,-1,2016.0,01JC30206,E09000031,0.0,0.0,2.0,2016.0,01JC30206,3.0,7.0,0.0,3.0,1.0,-1,2016.0,01JC30206,2016,4,1,20
136841,201601JC30209,537470.0,190920.0,-0.016507,51.6003,1,Slight,2,2,2016-10-04,Tuesday,20:30,Waltham Forest,E09000031,3,112,1,30.0,1,2,4,179,,,4,1,1,0,0,1,2,E01004344,3,1,10/04/2016,10/04/2016,1,9,0,18,,1,0,0,0,0,,,6,Female,30,26 - 35,1794,1,9,3,1,,1,1,2,1,14,3,3,0,0,1,0,0,9,1,3,2016.0,01JC30209,E09000031,0.0,5.0,2.0,2016.0,01JC30209,4.0,8.0,0.0,2.0,1.0,-1,2016.0,01JC30209,2016,10,2,20
136844,201601JC30213,537160.0,191230.0,-0.020859,51.603161,1,Slight,2,1,2016-01-16,Saturday,18:12,Waltham Forest,E09000031,3,406,7,50.0,5,4,6,0,,,4,1,1,0,0,1,1,E01004403,3,1,16/01/2016,16/01/2016,1,9,0,18,,2,0,0,0,0,,,6,Male,34,26 - 35,1199,1,13,7,1,,2,1,1,1,51,8,3,0,0,0,0,0,9,1,3,2016.0,01JC30213,E09000031,0.0,0.0,2.0,2016.0,01JC30213,4.0,8.0,0.0,1.0,1.0,-1,2016.0,01JC30213,2016,1,1,18
136845,201601JC30214,539840.0,187930.0,0.0165,51.572849,1,Slight,2,1,2016-01-15,Friday,00:45,Waltham Forest,E09000031,3,11,1,30.0,1,2,3,114,,,4,1,1,0,0,1,1,E01003779,3,1,15/01/2016,15/01/2016,1,9,0,5,,1,0,0,0,0,,,6,Male,32,26 - 35,1896,2,8,2,1,,2,1,2,1,22,5,3,0,0,2,0,0,8,2,7,2016.0,01JC30214,E09000031,0.0,5.0,2.0,2016.0,01JC30214,2.0,6.0,0.0,2.0,1.0,-1,2016.0,01JC30214,2016,1,1,0
136853,201601JC30225,536790.0,191810.0,-0.025972,51.608463,1,Slight,2,1,2016-01-18,Monday,18:16,Waltham Forest,E09000031,6,0,6,30.0,3,4,6,0,,,4,1,1,0,6,1,1,E01004456,3,1,18/01/2016,18/01/2016,1,9,0,5,,1,0,4,0,0,,,6,Male,20,16 - 20,999,1,6,-1,-1,,1,1,1,1,20,4,3,0,0,0,0,0,9,-1,-1,2016.0,01JC30225,E09000031,0.0,0.0,2.0,2016.0,01JC30225,1.0,5.0,0.0,1.0,1.0,-1,2016.0,01JC30225,2016,1,1,18
136857,201601JC30229,537170.0,187700.0,-0.022093,51.571438,1,Slight,1,1,2016-07-01,Friday,19:50,Waltham Forest,E09000031,3,104,6,30.0,0,-1,-1,-1,,,4,1,1,0,0,1,1,E01004424,3,1,07/01/2016,07/01/2016,1,9,0,18,,0,0,0,0,0,,,6,Male,25,21 - 25,-1,-1,-1,7,1,,1,1,3,1,-1,-1,3,5,1,0,0,2,0,-1,-1,2016.0,01JC30229,E09000031,0.0,0.0,2.0,2016.0,01JC30229,6.0,2.0,0.0,1.0,1.0,-1,2016.0,01JC30229,2016,7,1,19
136884,201601JC30259,539360.0,188450.0,0.009784,51.577641,1,Slight,2,1,2016-01-05,Tuesday,18:49,Waltham Forest,E09000031,3,114,6,40.0,8,4,6,0,,,1,1,1,0,0,1,1,E01004366,3,1,01/05/2016,01/05/2016,1,9,0,7,,8,0,0,0,0,,,1,Male,26,26 - 35,1598,1,14,3,1,,2,1,1,2,17,4,3,0,0,0,0,0,1,-1,-1,2016.0,01JC30259,E09000031,0.0,0.0,2.0,2016.0,01JC30259,2.0,4.0,0.0,1.0,1.0,-1,2016.0,01JC30259,2016,1,1,18
136888,201601JC30264,537580.0,193460.0,-0.013924,51.623098,1,Slight,2,1,2016-04-05,Tuesday,18:59,Waltham Forest,E09000031,6,0,6,30.0,0,-1,-1,-1,,,1,1,1,0,0,1,1,E01004356,3,1,04/05/2016,04/05/2016,1,3,0,18,,0,0,0,0,0,,,1,Male,18,16 - 20,-1,-1,-1,3,1,,1,1,1,1,18,4,3,0,0,0,0,0,3,1,3,2016.0,01JC30264,E09000031,0.0,0.0,2.0,2016.0,01JC30264,7.0,3.0,0.0,1.0,1.0,-1,2016.0,01JC30264,2016,4,1,18
136899,201601JC30278,537790.0,188150.0,-0.012976,51.57533,1,Slight,2,1,2016-02-05,Friday,21:05,Waltham Forest,E09000031,3,112,6,30.0,6,2,3,104,,,4,1,1,0,0,1,2,E01004420,3,1,02/05/2016,02/05/2016,1,9,0,4,,1,0,0,0,0,,,6,Male,24,21 - 25,1390,1,14,2,1,,1,1,1,1,24,5,3,0,0,0,0,0,9,1,2,2016.0,01JC30278,E09000031,0.0,5.0,2.0,2016.0,01JC30278,8.0,4.0,0.0,2.0,1.0,-1,2016.0,01JC30278,2016,2,1,21
136905,201601JC30285,539830.0,192060.0,0.018,51.609963,1,Slight,1,1,2016-12-05,Monday,19:05,Waltham Forest,E09000031,6,0,6,20.0,0,-1,-1,-1,,,1,1,1,0,0,1,1,E01004385,3,1,12/05/2016,12/05/2016,1,9,0,18,,0,0,0,0,0,,,6,Male,28,26 - 35,1198,1,11,4,1,,1,1,3,1,5,1,3,5,2,0,0,2,0,1,2,2016.0,01JC30285,E09000031,0.0,0.0,2.0,2016.0,01JC30285,5.0,1.0,0.0,4.0,1.0,-1,2016.0,01JC30285,2016,12,1,19
136908,201601JC30289,538010.0,186640.0,-0.010396,51.561708,1,Slight,2,2,2016-11-05,Saturday,23:16,Waltham Forest,E09000031,3,112,6,30.0,0,-1,-1,-1,,,4,1,1,0,0,1,1,E01004430,3,1,11/05/2016,11/05/2016,1,9,0,18,,0,0,0,0,0,,,6,Female,24,21 - 25,-1,-1,-1,5,1,,1,2,2,2,14,3,3,0,0,1,0,0,9,1,5,2016.0,01JC30289,E09000031,0.0,0.0,2.0,2016.0,01JC30289,5.0,1.0,0.0,1.0,1.0,-1,2016.0,01JC30289,2016,11,2,23
136914,201601JC30297,538070.0,186140.0,-0.009727,51.5572,1,Serious,2,2,2016-05-14,Saturday,22:56,Waltham Forest,E09000031,3,106,6,30.0,0,-1,-1,-1,,,4,1,1,0,0,1,1,E01004430,2,2,14/05/2016,14/05/2016,1,9,0,18,,0,0,4,0,0,,,6,Male,19,16 - 20,1399,1,13,2,1,,1,1,1,1,19,4,3,0,0,0,0,0,9,1,2,2016.0,01JC30297,E09000031,0.0,0.0,2.0,2016.0,01JC30297,6.0,2.0,0.0,1.0,1.0,-1,2016.0,01JC30297,2016,5,4,22
136917,201601JC30300,538400.0,185700.0,-0.005143,51.553165,1,Slight,2,1,2016-05-17,Tuesday,19:20,Waltham Forest,E09000031,3,112,6,30.0,3,4,6,0,,,1,1,1,0,6,1,1,E01004336,3,1,17/05/2016,17/05/2016,1,9,0,3,,1,0,0,0,0,,,6,Male,24,21 - 25,1497,8,0,4,1,,1,1,1,1,24,5,3,0,0,0,0,0,9,1,4,2016.0,01JC30300,E09000031,0.0,1.0,2.0,2016.0,01JC30300,5.0,1.0,0.0,2.0,1.0,-1,2016.0,01JC30300,2016,5,1,19
136922,201601JC30305,536640.0,189200.0,-0.029153,51.585046,1,Slight,1,1,2016-07-05,Tuesday,00:35,Waltham Forest,E09000031,5,0,6,30.0,0,-1,-1,-1,,,4,1,1,0,0,1,1,E01004392,3,1,07/05/2016,07/05/2016,1,9,0,18,,0,0,10,2,3,,,6,Female,23,21 - 25,1229,1,8,1,1,,1,1,1,2,23,5,3,0,0,0,0,0,9,1,1,2016.0,01JC30305,E09000031,0.0,0.0,2.0,2016.0,01JC30305,5.0,1.0,0.0,1.0,1.0,-1,2016.0,01JC30305,2016,7,1,0
136940,201601JC30326,537600.0,192760.0,-0.01391,51.616803,1,Slight,1,1,2016-05-28,Saturday,18:30,Waltham Forest,E09000031,3,1009,6,30.0,8,4,6,0,,,1,1,1,0,0,1,1,E01004414,3,1,28/05/2016,28/05/2016,1,9,0,1,,8,0,0,0,0,,,6,Male,29,26 - 35,1797,8,6,4,1,,1,1,3,2,86,11,3,6,9,0,0,2,0,1,4,2016.0,01JC30326,E09000031,0.0,0.0,2.0,2016.0,01JC30326,5.0,1.0,9.0,2.0,1.0,-1,2016.0,01JC30326,2016,5,1,18
136942,201601JC30329,535810.0,190690.0,-0.040549,51.598636,1,Slight,2,1,2016-05-29,Sunday,01:45,Waltham Forest,E09000031,4,179,6,30.0,0,-1,-1,-1,,,4,1,1,0,0,1,1,E01004398,3,1,29/05/2016,29/05/2016,1,9,0,17,,0,0,4,0,0,,,6,Male,32,26 - 35,1910,2,12,2,1,,1,1,1,1,32,6,3,0,0,0,0,0,9,1,2,2016.0,01JC30329,E09000031,0.0,0.0,2.0,2016.0,01JC30329,5.0,3.0,0.0,1.0,1.0,-1,2016.0,01JC30329,2016,5,1,1
136948,201601JC30338,538650.0,189110.0,-0.000195,51.583746,1,Slight,2,2,2016-04-06,Wednesday,03:10,Waltham Forest,E09000031,4,160,6,30.0,3,4,6,0,,,4,1,1,0,0,1,1,E01004467,3,1,04/06/2016,04/06/2016,1,9,0,16,,1,0,0,0,0,,,6,Male,24,21 - 25,1956,2,3,3,1,,1,1,1,1,24,5,3,0,0,0,0,0,9,1,3,2016.0,01JC30338,E09000031,0.0,0.0,2.0,2016.0,01JC30338,5.0,8.0,0.0,1.0,1.0,-1,2016.0,01JC30338,2016,4,2,3
136950,201601JC30340,537940.0,194560.0,-0.008294,51.632894,1,Slight,2,1,2016-03-06,Sunday,21:30,Waltham Forest,E09000031,3,110,6,30.0,6,4,6,0,,,4,1,1,0,0,1,1,E01004357,3,1,03/06/2016,03/06/2016,1,9,0,9,,8,0,0,0,0,,,6,Female,18,16 - 20,-1,-1,-1,3,3,,2,1,1,1,32,6,3,0,0,0,0,0,1,1,6,2016.0,01JC30340,E09000031,0.0,0.0,2.0,2016.0,01JC30340,8.0,6.0,0.0,1.0,1.0,-1,2016.0,01JC30340,2016,3,1,21
136972,201601JC30371,538590.0,193270.0,0.000582,51.621143,1,Serious,2,1,2016-06-21,Tuesday,19:08,Waltham Forest,E09000031,6,0,6,30.0,0,-1,-1,-1,,,1,1,1,0,0,1,1,E01004360,2,2,21/06/2016,21/06/2016,1,9,0,18,,0,0,0,0,0,,,6,Female,34,26 - 35,1951,2,14,-1,-1,,2,1,1,1,29,6,2,0,0,0,0,0,1,1,2,2016.0,01JC30371,E09000031,0.0,0.0,2.0,2016.0,01JC30371,2.0,6.0,0.0,1.0,1.0,-1,2016.0,01JC30371,2016,6,2,19
136978,201601JC30379,537310.0,189010.0,-0.019563,51.583176,1,Slight,2,1,2016-06-23,Thursday,18:00,Waltham Forest,E09000031,5,0,6,30.0,0,-1,-1,-1,,,1,2,2,0,0,1,1,E01004397,3,1,23/06/2016,23/06/2016,1,9,0,18,,0,0,0,0,0,,,6,Male,31,26 - 35,998,1,16,2,1,,1,1,2,1,7,2,3,0,0,1,0,0,9,1,1,2016.0,01JC30379,E09000031,0.0,0.0,2.0,2016.0,01JC30379,3.0,7.0,0.0,1.0,1.0,-1,2016.0,01JC30379,2016,6,1,18