,accident_index,location_easting_osgr,location_northing_osgr,longitude,latitude,police_force,accident_severity,number_of_vehicles,number_of_casualties,date,day_of_week,time,local_authority_district,local_authority_highway,first_road_class,first_road_number,road_type,speed_limit,junction_detail,junction_control,second_road_class,second_road_number,pedestrian_crossing-human_control,pedestrian_crossing-physical_facilities,light_conditions,weather_conditions,road_surface_conditions,special_conditions_at_site,carriageway_hazards,urban_or_rural_area,did_police_officer_attend_scene_of_accident,lsoa_of_accident_location,accident_severity_num,accident_severity_inv,date2,date_original,vehicle_reference_x,vehicle_type,towing_and_articulation,vehicle_manoeuvre,vehicle_location-restricted_lane,junction_location,skidding_and_overturning,hit_object_in_carriageway,vehicle_leaving_carriageway,hit_object_off_carriageway,1st_point_of_impact,was_vehicle_left_hand_drive?,journey_purpose_of_driver,sex_of_driver,age_of_driver,age_band_of_driver,engine_capacity_cc,propulsion_code,age_of_vehicle,driver_imd_decile,driver_home_area_type,vehicle_imd_decile,vehicle_reference_y,casualty_reference,casualty_class,sex_of_casualty,age_of_casualty,age_band_of_casualty,casualty_severity,pedestrian_location,pedestrian_movement,car_passenger,bus_or_coach_passenger,pedestrian_road_maintenance_worker,casualty_type,casualty_home_area_type,casualty_imd_decile,accident_year_x,accident_reference_x,local_authority_ons_district,pedestrian_crossing_human_control,pedestrian_crossing_physical_facilities,trunk_road_flag,accident_year_y,accident_reference_y,vehicle_direction_from,vehicle_direction_to,vehicle_location_restricted_lane,first_point_of_impact,vehicle_left_hand_drive,generic_make_model,accident_year,accident_reference,year,month,severity,hours
136983,201601JC30385,539170.0,186110.0,0.006118,51.55666,1,Slight,2,1,2016-06-27,Monday,20:46,Waltham Forest,E09000031,3,11,6,30.0,3,4,6,0,,,1,1,1,0,0,1,1,E01004328,3,1,27/06/2016,27/06/2016,1,9,0,9,,8,0,0,0,0,,,6,Male,28,26 - 35,2401,2,12,3,1,,2,1,1,2,20,4,3,0,0,0,0,0,1,-1,-1,2016.0,01JC30385,E09000031,0.0,0.0,2.0,2016.0,01JC30385,4.0,2.0,0.0,3.0,1.0,-1,2016.0,01JC30385,2016,6,1,20
136991,201601JC30394,538960.0,187200.0,0.003521,51.566507,1,Slight,1,1,2016-02-07,Sunday,19:30,Waltham Forest,E09000031,3,106,6,30.0,3,4,5,0,,,1,1,1,0,0,1,1,E01004439,3,1,02/07/2016,02/07/2016,1,3,0,18,,2,0,0,0,0,,,6,Female,22,21 - 25,125,1,0,5,1,,1,1,3,2,48,8,3,1,1,0,0,2,0,-1,-1,2016.0,01JC30394,E09000031,0.0,1.0,2.0,2016.0,01JC30394,2.0,6.0,0.0,1.0,1.0,-1,2016.0,01JC30394,2016,2,1,19
136993,201601JC30396,538730.0,192120.0,0.002148,51.610774,1,Slight,1,1,2016-01-07,Thursday,22:32,Waltham Forest,E09000031,6,0,6,30.0,0,-1,-1,-1,,,4,1,1,0,0,1,1,E01004388,3,1,01/07/2016,01/07/2016,1,9,0,18,,0,0,0,0,0,,,6,Male,23,21 - 25,799,2,6,2,1,,1,1,3,2,13,3,3,5,1,0,0,2,0,1,2,2016.0,01JC30396,E09000031,0.0,0.0,2.0,2016.0,01JC30396,6.0,2.0,0.0,1.0,1.0,-1,2016.0,01JC30396,2016,1,1,22
137005,201601JC30410,536930.0,188420.0,-0.025274,51.577966,1,Slight,2,1,2016-03-07,Monday,00:42,Waltham Forest,E09000031,6,0,6,20.0,0,-1,-1,-1,,,4,1,1,0,0,1,2,E01004445,3,1,03/07/2016,03/07/2016,1,9,0,17,,0,0,0,0,0,,,6,Male,29,26 - 35,1582,2,2,3,1,,1,1,1,1,29,6,3,0,0,0,0,0,9,1,3,2016.0,01JC30410,E09000031,0.0,0.0,2.0,2016.0,01JC30410,5.0,2.0,0.0,3.0,1.0,-1,2016.0,01JC30410,2016,3,1,0
137019,201601JC30427,536610.0,188210.0,-0.029971,51.576157,1,Slight,1,1,2016-07-17,Sunday,01:50,Waltham Forest,E09000031,3,1006,6,30.0,6,4,6,0,,,4,1,1,0,0,1,1,E01004444,3,1,17/07/2016,17/07/2016,1,9,0,18,,2,0,0,0,0,,,6,Male,23,21 - 25,1388,1,10,3,1,,1,1,1,1,23,5,3,0,0,0,0,0,9,1,3,2016.0,01JC30427,E09000031,0.0,4.0,2.0,2016.0,01JC30427,5.0,1.0,0.0,1.0,1.0,-1,2016.0,01JC30427,2016,7,1,1
137020,201601JC30428,537590.0,186770.0,-0.016401,51.562978,1,Serious,1,1,2016-07-16,Saturday,21:19,Waltham Forest,E09000031,5,0,6,30.0,3,2,3,1006,,,4,1,1,0,0,1,1,E01004429,2,2,16/07/2016,16/07/2016,1,9,0,18,,1,0,0,0,0,,,6,Female,32,26 - 35,1598,1,14,2,1,,1,1,3,1,51,8,2,4,1,0,0,2,0,1,1,2016.0,01JC30428,E09000031,0.0,5.0,2.0,2016.0,01JC30428,5.0,1.0,0.0,1.0,1.0,-1,2016.0,01JC30428,2016,7,2,21
137026,201601JC30434,537570.0,194520.0,-0.013652,51.632625,1,Slight,2,1,2016-08-07,Sunday,18:37,Waltham Forest,E09000031,3,112,6,30.0,3,4,6,0,,,1,1,1,0,0,1,2,E01004350,3,1,08/07/2016,08/07/2016,1,9,0,3,,1,0,0,0,0,,,2,Female,20,16 - 20,1360,1,9,3,3,,1,1,1,2,20,4,3,0,0,0,0,0,9,3,3,2016.0,01JC30434,E09000031,0.0,0.0,2.0,2016.0,01JC30434,5.0,1.0,0.0,2.0,1.0,-1,2016.0,01JC30434,2016,8,1,18
137027,201601JC30438,536730.0,188890.0,-0.027975,51.582238,1,Slight,2,3,2016-02-07,Sunday,18:00,Waltham Forest,E09000031,5,0,6,30.0,3,2,5,0,,,1,1,1,0,0,1,2,E01004392,3,1,02/07/2016,02/07/2016,1,9,0,3,,1,0,0,0,0,,,6,Male,23,21 - 25,1242,1,13,2,1,,1,1,1,1,23,5,3,0,0,0,0,0,9,1,2,2016.0,01JC30438,E09000031,0.0,5.0,2.0,2016.0,01JC30438,1.0,5.0,0.0,2.0,1.0,-1,2016.0,01JC30438,2016,2,3,18
137037,201601JC30449,539390.0,186850.0,0.009583,51.563256,1,Serious,2,1,2016-07-23,Saturday,19:15,Waltham Forest,E09000031,3,11,6,30.0,3,4,6,0,,,1,1,1,0,0,1,1,E01004440,2,2,23/07/2016,23/07/2016,1,9,0,6,,2,0,0,0,0,,,6,Male,27,26 - 35,-1,-1,-1,3,1,,2,1,1,1,34,6,2,0,0,0,0,0,3,1,5,2016.0,01JC30449,E09000031,0.0,1.0,2.0,2016.0,01JC30449,1.0,1.0,0.0,1.0,1.0,-1,2016.0,01JC30449,2016,7,2,19
137059,201601JC30480,537750.0,190920.0,-0.012467,51.600232,1,Slight,2,3,2016-06-08,Wednesday,04:19,Waltham Forest,E09000031,3,406,3,50.0,0,-1,-1,-1,,,4,1,1,0,0,1,1,E01004344,3,1,06/08/2016,06/08/2016,1,9,0,18,,0,0,0,0,0,,,6,Male,22,21 - 25,1390,1,7,3,1,,1,1,1,1,22,5,3,0,0,0,0,0,9,1,3,2016.0,01JC30480,E09000031,0.0,0.0,2.0,2016.0,01JC30480,4.0,8.0,0.0,1.0,1.0,-1,2016.0,01JC30480,2016,6,3,4
137063,201601JC30487,537010.0,193680.0,-0.022067,51.625214,1,Slight,2,2,2016-09-08,Thursday,23:56,Waltham Forest,E09000031,3,1037,3,30.0,3,4,6,0,,,4,1,1,0,0,1,1,E01004361,3,1,09/08/2016,09/08/2016,1,9,0,7,,8,0,0,0,0,,,6,Male,23,21 - 25,1995,2,1,3,1,,1,1,1,1,23,5,3,0,0,0,0,0,9,1,3,2016.0,01JC30487,E09000031,0.0,0.0,2.0,2016.0,01JC30487,3.0,5.0,0.0,3.0,1.0,-1,2016.0,01JC30487,2016,9,2,23
137081,201601JC30517,537450.0,190920.0,-0.016796,51.600305,1,Slight,1,1,2016-08-23,Tuesday,19:51,Waltham Forest,E09000031,3,112,1,30.0,1,2,4,179,,,1,1,1,0,0,1,1,E01004344,3,1,23/08/2016,23/08/2016,1,9,0,17,,8,0,10,1,2,,,6,Female,25,21 - 25,1995,2,3,3,1,,1,1,2,1,64,9,3,0,0,1,0,0,9,1,3,2016.0,01JC30517,E09000031,0.0,0.0,2.0,2016.0,01JC30517,1.0,7.0,9.0,1.0,1.0,-1,2016.0,01JC30517,2016,8,1,19
137084,201601JC30527,536940.0,187560.0,-0.025465,51.570236,1,Slight,2,2,2016-08-28,Sunday,00:50,Waltham Forest,E09000031,3,104,6,30.0,3,2,3,1006,,,4,1,1,0,0,1,1,E01004425,3,1,28/08/2016,28/08/2016,1,9,0,4,,1,0,0,0,0,,,6,Male,28,26 - 35,1399,1,7,2,1,,1,1,2,1,8,2,3,0,0,2,0,0,9,1,2,2016.0,01JC30527,E09000031,0.0,0.0,2.0,2016.0,01JC30527,6.0,2.0,0.0,2.0,1.0,-1,2016.0,01JC30527,2016,8,2,0
137101,201601JI40004,543430.0,185770.0,0.067388,51.552539,1,Slight,2,1,2016-01-01,Friday,03:15,Newham,E09000025,3,406,3,50.0,0,-1,-1,-1,,,4,1,2,0,0,1,1,E01003577,3,1,01/01/2016,01/01/2016,1,9,0,18,,0,0,0,0,0,,,6,Male,30,26 - 35,1984,1,9,4,1,,1,1,2,2,34,6,3,0,0,1,0,0,9,1,2,2016.0,01JI40004,E09000025,0.0,0.0,2.0,2016.0,01JI40004,5.0,1.0,0.0,1.0,1.0,-1,2016.0,01JI40004,2016,1,1,3
137120,201601JI40029,541420.0,189050.0,0.039735,51.582519,1,Slight,2,2,2016-01-21,Thursday,19:20,Redbridge,E09000026,3,406,3,50.0,3,4,1,11,,,4,1,1,0,0,1,1,E01003794,3,1,21/01/2016,21/01/2016,1,9,0,4,,1,0,0,0,0,,,6,Male,31,26 - 35,1956,2,5,2,1,,1,1,1,1,31,6,3,0,0,0,0,0,9,1,2,2016.0,01JI40029,E09000026,0.0,0.0,2.0,2016.0,01JI40029,5.0,1.0,0.0,2.0,1.0,-1,2016.0,01JI40029,2016,1,2,19
137121,201601JI40030,545400.0,186700.0,0.096166,51.560391,1,Slight,2,1,2016-01-16,Saturday,19:35,Redbridge,E09000026,3,1083,6,30.0,3,4,6,0,,,4,1,1,0,0,1,1,E01003714,3,1,16/01/2016,16/01/2016,1,9,0,10,,1,0,0,0,0,,,6,Male,34,26 - 35,1999,1,5,4,1,,1,1,2,1,20,4,3,0,0,1,0,0,9,1,3,2016.0,01JI40030,E09000026,0.0,0.0,2.0,2016.0,01JI40030,2.0,1.0,0.0,2.0,1.0,-1,2016.0,01JI40030,2016,1,1,19
137123,201601JI40033,544430.0,191310.0,0.084078,51.602064,1,Slight,1,1,2016-01-13,Wednesday,19:26,Redbridge,E09000026,3,123,6,30.0,0,-1,-1,-1,,,4,1,1,0,0,1,1,E01003704,3,1,13/01/2016,13/01/2016,1,9,0,18,,0,0,0,0,0,,,6,Female,22,21 - 25,1198,1,1,4,1,,1,1,3,2,32,6,3,4,2,0,0,2,0,1,5,2016.0,01JI40033,E09000026,0.0,5.0,2.0,2016.0,01JI40033,5.0,1.0,0.0,1.0,1.0,-1,2016.0,01JI40033,2016,1,1,19
137130,201601JI40041,546210.0,185800.0,0.107469,51.552095,1,Slight,2,1,2016-01-30,Saturday,20:07,Redbridge,E09000026,3,124,6,30.0,3,4,4,177,,,4,1,1,0,0,1,1,E01003738,3,1,30/01/2016,30/01/2016,1,9,0,9,,8,0,0,0,0,,,6,Male,20,16 - 20,1360,1,11,3,1,,2,1,1,1,40,7,3,0,0,0,0,0,9,1,2,2016.0,01JI40041,E09000026,0.0,0.0,2.0,2016.0,01JI40041,3.0,1.0,0.0,4.0,1.0,-1,2016.0,01JI40041,2016,1,1,20
137132,201601JI40043,542670.0,188990.0,0.057739,51.581665,1,Slight,2,1,2016-01-20,Wednesday,22:25,Redbridge,E09000026,3,1400,1,30.0,1,4,5,0,,,4,1,1,0,0,1,2,E01003681,3,1,20/01/2016,20/01/2016,1,9,0,18,,8,0,0,0,0,,,6,Male,22,21 - 25,998,1,16,1,1,,1,1,1,1,22,5,3,0,0,0,0,0,9,1,1,2016.0,01JI40043,E09000026,0.0,0.0,2.0,2016.0,01JI40043,4.0,8.0,0.0,4.0,1.0,-1,2016.0,01JI40043,2016,1,1,22
137138,201601JI40050,546740.0,189000.0,0.116443,51.580711,1,Slight,2,1,2016-01-14,Thursday,18:35,Redbridge,E09000026,4,177,6,30.0,3,4,6,0,,,4,1,2,0,0,1,2,E01003770,3,1,14/01/2016,14/01/2016,1,5,0,18,,1,0,0,0,0,,,6,Male,35,26 - 35,649,1,0,-1,-1,,1,1,1,1,35,6,3,0,0,0,0,0,5,-1,-1,2016.0,01JI40050,E09000026,0.0,0.0,2.0,2016.0,01JI40050,2.0,6.0,0.0,0.0,1.0,-1,2016.0,01JI40050,2016,1,1,18
137143,201601JI40055,540450.0,186980.0,0.024917,51.564161,1,Slight,2,1,2016-04-02,Saturday,18:35,Redbridge,E09000026,3,114,1,30.0,2,4,3,116,,,4,1,1,0,0,1,1,E01003791,3,1,04/02/2016,04/02/2016,1,9,0,9,,8,0,0,0,0,,,6,Male,34,26 - 35,-1,-1,-1,3,1,,2,1,1,2,41,7,3,0,0,0,0,0,9,1,2,2016.0,01JI40055,E09000026,0.0,0.0,2.0,2016.0,01JI40055,5.0,3.0,0.0,4.0,1.0,-1,2016.0,01JI40055,2016,4,1,18
137150,201601JI40066,542220.0,191870.0,0.052416,51.607658,1,Slight,2,1,2016-06-02,Thursday,19:30,Redbridge,E09000026,6,0,6,30.0,3,4,6,0,,,4,1,1,0,0,1,2,E01003656,3,1,06/02/2016,06/02/2016,1,9,0,3,,8,0,0,0,0,,,6,Male,29,26 - 35,-1,-1,-1,5,1,,1,1,1,1,29,6,3,0,0,0,0,0,9,1,5,2016.0,01JI40066,E09000026,0.0,0.0,2.0,2016.0,01JI40066,1.0,5.0,0.0,3.0,1.0,-1,2016.0,01JI40066,2016,6,1,19
137151,201601JI40067,544300.0,190690.0,0.081947,51.596526,1,Slight,3,2,2016-01-22,Friday,22:26,Redbridge,E09000026,5,0,6,30.0,3,4,6,0,,,4,1,1,0,0,1,1,E01003700,3,1,22/01/2016,22/01/2016,1,9,0,18,,2,0,0,0,0,,,6,Female,18,16 - 20,1242,1,14,-1,-1,,2,1,1,1,53,8,3,0,0,0,0,0,9,1,3,2016.0,01JI40067,E09000026,0.0,0.0,2.0,2016.0,01JI40067,8.0,4.0,0.0,1.0,1.0,-1,2016.0,01JI40067,2016,1,2,22
137157,201601JI40076,544510.0,188120.0,0.08392,51.57338,1,Slight,2,1,2016-12-02,Friday,18:10,Redbridge,E09000026,3,12,3,40.0,6,2,5,0,,,4,1,1,0,0,1,2,E01003755,3,1,12/02/2016,12/02/2016,1,9,0,3,,1,0,0,0,0,,,2,Male,32,26 - 35,1490,1,9,4,1,,1,1,1,1,32,6,3,0,0,0,0,0,9,1,4,2016.0,01JI40076,E09000026,0.0,5.0,2.0,2016.0,01JI40076,3.0,7.0,0.0,2.0,1.0,-1,2016.0,01JI40076,2016,12,1,18
137160,201601JI40081,545180.0,188380.0,0.093688,51.575544,1,Slight,2,2,2016-02-14,Sunday,01:00,Redbridge,E09000026,3,12,3,30.0,0,-1,-1,-1,,,4,1,1,0,0,1,2,E01003641,3,1,14/02/2016,14/02/2016,1,9,0,18,,0,0,0,0,0,,,6,Male,20,16 - 20,1995,2,11,3,1,,1,1,1,1,20,4,3,0,0,0,0,0,9,1,3,2016.0,01JI40081,E09000026,0.0,0.0,2.0,2016.0,01JI40081,6.0,2.0,0.0,2.0,1.0,-1,2016.0,01JI40081,2016,2,2,1
137168,201601JI40093,543810.0,185920.0,0.072926,51.55379,1,Slight,1,1,2016-10-02,Sunday,19:44,Redbridge,E09000026,3,123,6,30.0,3,4,6,0,,,4,1,1,0,0,1,1,E01003729,3,1,10/02/2016,10/02/2016,1,9,0,16,,1,0,0,0,0,,,6,Male,27,26 - 35,-1,-1,-1,5,1,,1,1,3,1,11,3,3,5,3,0,0,2,0,1,3,2016.0,01JI40093,E09000026,0.0,0.0,2.0,2016.0,01JI40093,5.0,8.0,0.0,1.0,1.0,-1,2016.0,01JI40093,2016,10,1,19
137169,201601JI40094,540330.0,187590.0,0.02343,51.569672,1,Slight,2,1,2016-01-28,Thursday,20:00,Redbridge,E09000026,3,1008,6,30.0,6,2,3,114,,,4,1,1,0,0,1,2,E01003791,3,1,28/01/2016,28/01/2016,1,9,0,3,,1,0,0,0,0,,,6,Male,20,16 - 20,1229,1,10,5,1,,1,1,2,2,47,8,3,0,0,1,0,0,9,1,5,2016.0,01JI40094,E09000026,0.0,5.0,2.0,2016.0,01JI40094,1.0,5.0,0.0,2.0,1.0,-1,2016.0,01JI40094,2016,1,1,20
137170,201601JI40095,542300.0,190210.0,0.052897,51.592721,1,Slight,2,2,2016-07-02,Saturday,20:50,Redbridge,E09000026,6,0,6,30.0,6,4,6,0,,,4,2,2,0,0,1,1,E01003710,3,1,07/02/2016,07/02/2016,1,9,0,7,,8,0,0,0,0,,,6,Female,20,16 - 20,1229,1,8,3,1,,1,1,1,2,20,4,3,0,0,0,0,0,9,1,3,2016.0,01JI40095,E09000026,0.0,0.0,2.0,2016.0,01JI40095,5.0,7.0,0.0,1.0,1.0,-1,2016.0,01JI40095,2016,7,2,20
137185,201601JI40124,545080.0,187070.0,0.091706,51.563798,1,Slight,2,1,2016-08-03,Wednesday,19:30,Redbridge,E09000026,6,0,6,30.0,3,4,6,0,,,1,1,1,0,0,1,1,E01003757,3,1,08/03/2016,08/03/2016,1,3,0,18,,8,0,0,0,0,,,1,Male,19,16 - 20,49,1,8,3,1,,1,1,1,1,19,4,3,0,0,0,0,0,3,1,3,2016.0,01JI40124,E09000026,0.0,0.0,2.0,2016.0,01JI40124,1.0,5.0,0.0,4.0,1.0,-1,2016.0,01JI40124,2016,8,1,19
137187,201601JI40126,542620.0,187750.0,0.056515,51.570536,1,Slight,2,2,2016-03-13,Sunday,22:00,Redbridge,E09000026,5,0,6,30.0,3,4,6,0,,,4,1,1,0,0,1,1,E01003694,3,1,13/03/2016,13/03/2016,1,9,0,9,,8,0,0,0,0,,,6,Male,31,26 - 35,2967,2,5,4,1,,1,1,2,1,58,9,3,0,0,1,0,0,9,1,4,2016.0,01JI40126,E09000026,0.0,0.0,2.0,2016.0,01JI40126,4.0,2.0,0.0,4.0,1.0,-1,2016.0,01JI40126,2016,3,2,22
137188,201601JI40127,547390.0,188140.0,0.125457,51.572814,1,Slight,2,2,2016-03-13,Sunday,02:14,Redbridge,E09000026,5,0,6,30.0,3,4,6,0,,,7,9,1,0,0,1,1,E01003661,3,1,13/03/2016,13/03/2016,1,9,0,18,,1,0,10,7,10,,,6,Female,23,21 - 25,1229,1,9,2,1,,1,1,1,2,23,5,3,0,0,0,0,0,9,1,2,2016.0,01JI40127,E09000026,0.0,0.0,2.0,2016.0,01JI40127,8.0,4.0,0.0,3.0,1.0,-1,2016.0,01JI40127,2016,3,2,2
137194,201601JI40135,546360.0,187420.0,0.110305,51.566613,1,Slight,2,1,2016-02-27,Saturday,23:17,Redbridge,E09000026,3,118,6,30.0,6,2,4,177,,,4,1,1,0,0,1,1,E01003769,3,1,27/02/2016,27/02/2016,1,9,0,4,,1,0,0,0,0,,,6,Male,31,26 - 35,-1,-1,-1,2,1,,2,1,1,1,-1,-1,3,0,0,0,0,0,9,1,4,2016.0,01JI40135,E09000026,0.0,5.0,2.0,2016.0,01JI40135,6.0,2.0,0.0,2.0,1.0,-1,2016.0,01JI40135,2016,2,1,23
137204,201601JI40147,542310.0,188360.0,0.052292,51.576095,1,Serious,2,1,2016-09-01,Thursday,20:30,Redbridge,E09000026,3,12,3,40.0,3,2,5,0,,,4,1,1,0,0,1,1,E01003696,2,2,09/01/2016,09/01/2016,1,9,0,3,,1,0,0,0,0,,,6,Male,23,21 - 25,1242,1,5,4,1,,2,1,1,1,20,4,2,0,0,0,0,0,3,1,2,2016.0,01JI40147,E09000026,0.0,5.0,2.0,2016.0,01JI40147,3.0,7.0,0.0,2.0,1.0,-1,2016.0,01JI40147,2016,9,2,20
137212,201601JI40158,546550.0,192250.0,0.11506,51.609963,1,Slight,1,1,2016-03-24,Thursday,18:20,Redbridge,E09000026,5,0,6,30.0,3,4,6,0,,,4,1,1,0,0,1,1,E01003723,3,1,24/03/2016,24/03/2016,1,9,0,18,,1,0,0,0,0,,,6,Male,32,26 - 35,-1,-1,-1,4,1,,1,1,3,1,13,3,3,1,1,0,0,2,0,1,3,2016.0,01JI40158,E09000026,0.0,4.0,2.0,2016.0,01JI40158,6.0,2.0,0.0,1.0,1.0,-1,2016.0,01JI40158,2016,3,1,18
137235,201601JI40188,543960.0,185480.0,0.074908,51.549798,1,Slight,2,1,2016-02-18,Thursday,23:00,Redbridge,E09000026,3,123,6,30.0,3,4,6,0,,,4,1,1,0,0,1,1,E01003733,3,1,18/02/2016,18/02/2016,1,9,0,18,,8,0,0,0,0,,,6,Male,23,21 - 25,998,1,1,8,1,,1,1,1,1,23,5,3,0,0,0,0,0,9,1,8,2016.0,01JI40188,E09000026,0.0,1.0,2.0,2016.0,01JI40188,1.0,5.0,0.0,4.0,1.0,-1,2016.0,01JI40188,2016,2,1,23
137239,201601JI40192,544540.0,190420.0,0.085298,51.594039,1,Slight,2,2,2016-08-03,Wednesday,22:38,Redbridge,E09000026,3,123,6,30.0,1,4,5,0,,,4,2,2,0,0,1,1,E01003700,3,1,08/03/2016,08/03/2016,1,9,0,18,,2,0,0,0,0,,,6,Male,31,26 - 35,2143,2,0,3,1,,1,2,1,1,31,6,3,0,0,0,0,0,9,1,3,2016.0,01JI40192,E09000026,0.0,1.0,2.0,2016.0,01JI40192,5.0,1.0,0.0,1.0,1.0,-1,2016.0,01JI40192,2016,8,2,22
137255,201601JI40211,540210.0,190520.0,0.022869,51.596031,1,Slight,1,1,2016-03-28,Monday,01:28,Redbridge,E09000026,3,406,3,50.0,0,-1,-1,-1,,,4,2,2,0,0,1,1,E01003674,3,1,28/03/2016,28/03/2016,1,9,0,18,,0,0,10,5,6,,,6,Male,32,26 - 35,2993,2,11,3,1,,1,1,1,1,32,6,3,0,0,0,0,0,9,1,3,2016.0,01JI40211,E09000026,0.0,0.0,2.0,2016.0,01JI40211,7.0,3.0,0.0,1.0,1.0,-1,2016.0,01JI40211,2016,3,1,1
137261,201601JI40223,540990.0,188380.0,0.033264,51.576606,1,Slight,3,4,2016-10-01,Saturday,02:00,Redbridge,E09000026,3,12,3,40.0,5,4,3,12,,,4,2,2,0,0,1,1,E01003796,3,1,10/01/2016,10/01/2016,1,9,0,18,,1,0,0,0,0,,,2,Male,28,26 - 35,1991,2,13,3,1,,2,2,2,2,-1,-1,3,0,0,2,0,0,9,1,3,2016.0,01JI40223,E09000026,0.0,0.0,2.0,2016.0,01JI40223,2.0,6.0,0.0,2.0,1.0,-1,2016.0,01JI40223,2016,10,4,2
137267,201601JI40229,542720.0,188980.0,0.058456,51.581563,1,Slight,1,1,2016-01-24,Sunday,02:26,Redbridge,E09000026,3,1400,1,30.0,1,4,5,0,,,4,1,2,0,7,1,2,E01003651,3,1,24/01/2016,24/01/2016,1,9,0,7,,2,1,10,1,10,,,6,Male,32,26 - 35,1781,1,14,2,1,,1,1,1,1,32,6,3,0,0,0,0,0,9,1,2,2016.0,01JI40229,E09000026,0.0,4.0,2.0,2016.0,01JI40229,2.0,4.0,0.0,1.0,1.0,-1,2016.0,01JI40229,2016,1,1,2
137269,201601JI40231,544690.0,188030.0,0.086478,51.572525,1,Slight,2,2,2016-08-02,Tuesday,18:40,Redbridge,E09000026,6,0,6,30.0,6,4,6,0,,,4,1,1,0,0,1,1,E01003755,3,1,08/02/2016,08/02/2016,1,9,0,18,,8,0,0,0,0,,,6,Male,27,26 - 35,1496,2,1,6,1,,1,1,1,1,27,6,3,0,0,0,0,0,9,1,6,2016.0,01JI40231,E09000026,0.0,0.0,2.0,2016.0,01JI40231,1.0,5.0,0.0,1.0,1.0,-1,2016.0,01JI40231,2016,8,2,18
137286,201601JI40252,544310.0,189980.0,0.081799,51.590144,1,Serious,2,1,2016-04-15,Friday,21:30,Redbridge,E09000026,5,0,6,30.0,6,2,3,123,,,4,2,2,0,0,1,2,E01003705,2,2,15/04/2016,15/04/2016,1,3,0,4,,1,0,0,0,0,,,1,Male,26,26 - 35,109,1,3,9,1,,1,1,1,1,26,6,2,0,0,0,0,0,3,1,9,2016.0,01JI40252,E09000026,0.0,5.0,2.0,2016.0,01JI40252,8.0,4.0,0.0,2.0,1.0,-1,2016.0,01JI40252,2016,4,2,21
137297,201601JI40264,544590.0,186760.0,0.084514,51.561139,1,Slight,2,1,2016-08-05,Friday,03:20,Redbridge,E09000026,3,118,6,30.0,3,2,6,0,,,4,1,1,0,0,1,1,E01033589,3,1,08/05/2016,08/05/2016,1,3,0,18,,8,0,0,0,0,,,6,Male,23,21 - 25,123,1,14,3,1,,1,1,1,1,23,5,3,0,0,0,0,0,3,1,3,2016.0,01JI40264,E09000026,0.0,5.0,2.0,2016.0,01JI40264,2.0,6.0,0.0,1.0,1.0,-1,2016.0,01JI40264,2016,8,1,3
137304,201601JI40271,541720.0,191220.0,0.044937,51.601943,1,Slight,3,1,2016-04-30,Saturday,18:10,Redbridge,E09000026,3,113,6,30.0,0,-1,-1,-1,,,1,1,1,0,0,1,2,E01003659,3,1,30/04/2016,30/04/2016,1,9,0,3,,0,0,0,0,0,,,6,Male,27,26 - 35,1461,2,1,7,1,,1,1,1,1,27,6,3,0,0,0,0,0,9,1,7,2016.0,01JI40271,E09000026,0.0,0.0,2.0,2016.0,01JI40271,6.0,2.0,0.0,2.0,1.0,-1,2016.0,01JI40271,2016,4,1,18
137315,201601JI40283,541640.0,188510.0,0.04269,51.577612,1,Slight,2,1,2016-11-05,Saturday,22:30,Redbridge,E09000026,3,406,3,50.0,0,-1,-1,-1,,,4,1,1,0,0,1,1,E01003675,3,1,11/05/2016,11/05/2016,1,9,0,18,,0,0,0,0,0,,,6,Male,24,21 - 25,1560,2,4,4,1,,1,1,1,1,24,5,3,0,0,0,0,0,9,1,4,2016.0,01JI40283,E09000026,0.0,0.0,2.0,2016.0,01JI40283,4.0,8.0,0.0,3.0,1.0,-1,2016.0,01JI40283,2016,11,1,22
137316,201601JI40284,545450.0,187110.0,0.097057,51.564063,1,Slight,1,1,2016-07-05,Tuesday,18:40,Redbridge,E09000026,5,0,6,30.0,3,2,3,118,,,1,1,1,0,0,1,1,E01003768,3,1,07/05/2016,07/05/2016,1,9,0,18,,2,0,0,0,0,,,6,Female,35,26 - 35,998,1,11,-1,-1,,1,1,3,1,66,10,3,1,1,0,0,2,0,1,2,2016.0,01JI40284,E09000026,0.0,5.0,2.0,2016.0,01JI40284,3.0,7.0,0.0,4.0,1.0,-1,2016.0,01JI40284,2016,7,1,18
137317,201601JI40285,542230.0,188010.0,0.050997,51.57297,1,Slight,2,2,2016-04-30,Saturday,02:37,Redbridge,E09000026,6,0,6,30.0,3,4,6,0,,,4,1,1,0,0,1,1,E01003693,3,1,30/04/2016,30/04/2016,1,9,0,7,,2,0,0,0,0,,,6,Female,21,21 - 25,1461,2,1,5,1,,1,1,1,2,21,5,3,0,0,0,0,0,9,1,5,2016.0,01JI40285,E09000026,0.0,0.0,2.0,2016.0,01JI40285,3.0,5.0,0.0,1.0,1.0,-1,2016.0,01JI40285,2016,4,2,2
137321,201601JI40289,540500.0,191410.0,0.027409,51.603956,1,Slight,2,1,2016-04-27,Wednesday,21:49,Redbridge,E09000026,6,0,6,30.0,6,4,6,0,,,4,1,2,0,0,1,1,E01003750,3,1,27/04/2016,27/04/2016,1,9,0,18,,8,0,0,0,0,,,6,Male,19,16 - 20,1595,1,9,3,1,,2,1,2,2,54,8,3,0,0,1,0,0,9,1,10,2016.0,01JI40289,E09000026,0.0,0.0,2.0,2016.0,01JI40289,5.0,1.0,0.0,1.0,1.0,-1,2016.0,01JI40289,2016,4,1,21