,accident_index,location_easting_osgr,location_northing_osgr,longitude,latitude,police_force,accident_severity,number_of_vehicles,number_of_casualties,date,day_of_week,time,local_authority_district,local_authority_highway,first_road_class,first_road_number,road_type,speed_limit,junction_detail,junction_control,second_road_class,second_road_number,pedestrian_crossing-human_control,pedestrian_crossing-physical_facilities,light_conditions,weather_conditions,road_surface_conditions,special_conditions_at_site,carriageway_hazards,urban_or_rural_area,did_police_officer_attend_scene_of_accident,lsoa_of_accident_location,accident_severity_num,accident_severity_inv,date2,date_original,vehicle_reference_x,vehicle_type,towing_and_articulation,vehicle_manoeuvre,vehicle_location-restricted_lane,junction_location,skidding_and_overturning,hit_object_in_carriageway,vehicle_leaving_carriageway,hit_object_off_carriageway,1st_point_of_impact,was_vehicle_left_hand_drive?,journey_purpose_of_driver,sex_of_driver,age_of_driver,age_band_of_driver,engine_capacity_cc,propulsion_code,age_of_vehicle,driver_imd_decile,driver_home_area_type,vehicle_imd_decile,vehicle_reference_y,casualty_reference,casualty_class,sex_of_casualty,age_of_casualty,age_band_of_casualty,casualty_severity,pedestrian_location,pedestrian_movement,car_passenger,bus_or_coach_passenger,pedestrian_road_maintenance_worker,casualty_type,casualty_home_area_type,casualty_imd_decile,accident_year_x,accident_reference_x,local_authority_ons_district,pedestrian_crossing_human_control,pedestrian_crossing_physical_facilities,trunk_road_flag,accident_year_y,accident_reference_y,vehicle_direction_from,vehicle_direction_to,vehicle_location_restricted_lane,first_point_of_impact,vehicle_left_hand_drive,generic_make_model,accident_year,accident_reference,year,month,severity,hours
137333,201601JI40305,544450.0,186410.0,0.082352,51.55803,1,Slight,2,2,2016-09-05,Monday,23:58,Redbridge,E09000026,6,0,1,30.0,2,4,6,0,,,4,8,2,0,0,1,1,E01003688,3,1,09/05/2016,09/05/2016,1,9,0,9,,8,0,0,0,0,,,6,Female,18,16 - 20,1598,1,9,6,1,,1,1,1,2,18,4,3,0,0,0,0,0,9,1,6,2016.0,01JI40305,E09000026,0.0,0.0,2.0,2016.0,01JI40305,7.0,5.0,0.0,4.0,1.0,-1,2016.0,01JI40305,2016,9,2,23
137334,201601JI40306,542910.0,190090.0,0.061648,51.591489,1,Slight,3,2,2016-05-13,Friday,23:35,Redbridge,E09000026,5,0,6,30.0,0,-1,-1,-1,,,4,1,1,0,0,1,1,E01003679,3,1,13/05/2016,13/05/2016,1,9,0,18,,0,0,4,0,0,,,6,Male,17,16 - 20,1364,1,9,6,1,,1,1,1,1,17,4,3,0,0,0,0,0,9,1,6,2016.0,01JI40306,E09000026,0.0,0.0,2.0,2016.0,01JI40306,3.0,7.0,0.0,1.0,1.0,-1,2016.0,01JI40306,2016,5,2,23
137337,201601JI40309,539720.0,187900.0,0.014758,51.572609,1,Slight,2,4,2016-01-05,Tuesday,03:30,Waltham Forest,E09000031,3,12,3,50.0,0,-1,-1,-1,,,4,1,1,0,0,1,1,E01004436,3,1,01/05/2016,01/05/2016,1,9,0,17,,0,0,0,0,0,,,6,Male,26,26 - 35,1686,2,6,4,1,,1,1,2,1,26,6,3,0,0,2,0,0,9,1,2,2016.0,01JI40309,E09000031,0.0,0.0,2.0,2016.0,01JI40309,6.0,4.0,0.0,2.0,1.0,-1,2016.0,01JI40309,2016,1,4,3
137345,201601JI40318,546280.0,187390.0,0.109139,51.566364,1,Slight,2,1,2016-05-27,Friday,23:20,Redbridge,E09000026,3,118,6,30.0,3,4,6,0,,,5,1,1,0,0,1,2,E01003769,3,1,27/05/2016,27/05/2016,1,9,0,2,,2,0,0,0,0,,,6,Male,28,26 - 35,1390,1,15,8,1,,1,1,1,1,28,6,3,0,0,0,0,0,9,1,8,2016.0,01JI40318,E09000026,0.0,0.0,2.0,2016.0,01JI40318,0.0,0.0,0.0,1.0,1.0,-1,2016.0,01JI40318,2016,5,1,23
137347,201601JI40320,543270.0,188410.0,0.066157,51.576302,1,Slight,2,1,2016-05-28,Saturday,23:30,Redbridge,E09000026,3,12,1,30.0,1,4,3,123,,,4,1,1,0,0,1,1,E01003690,3,1,28/05/2016,28/05/2016,1,9,0,11,,8,0,0,0,0,,,6,Male,27,26 - 35,1388,1,6,4,1,,1,1,1,1,27,6,3,0,0,0,0,0,9,1,4,2016.0,01JI40320,E09000026,0.0,0.0,2.0,2016.0,01JI40320,4.0,8.0,0.0,2.0,1.0,-1,2016.0,01JI40320,2016,5,1,23
137353,201601JI40327,544470.0,187100.0,0.082924,51.564224,1,Slight,2,1,2016-01-06,Wednesday,19:10,Redbridge,E09000026,5,0,6,30.0,3,4,6,0,,,1,1,1,0,0,1,1,E01003758,3,1,01/06/2016,01/06/2016,1,9,0,18,,1,0,0,0,0,,,6,Female,19,16 - 20,-1,-1,-1,-1,-1,,2,1,1,2,29,6,3,0,0,0,0,0,9,1,4,2016.0,01JI40327,E09000026,0.0,1.0,2.0,2016.0,01JI40327,2.0,6.0,0.0,1.0,1.0,-1,2016.0,01JI40327,2016,1,1,19
137359,201601JI40333,541150.0,190260.0,0.036327,51.59346,1,Slight,2,1,2016-05-20,Friday,18:30,Redbridge,E09000026,3,113,1,30.0,1,4,3,406,,,1,1,1,0,0,1,2,E01003764,3,1,20/05/2016,20/05/2016,1,9,0,18,,8,0,0,0,0,,,2,Female,25,21 - 25,-1,-1,-1,-1,-1,,1,1,1,2,25,5,3,0,0,0,0,0,9,1,6,2016.0,01JI40333,E09000026,0.0,0.0,2.0,2016.0,01JI40333,4.0,8.0,0.0,1.0,1.0,-1,2016.0,01JI40333,2016,5,1,18
137360,201601JI40334,546800.0,192610.0,0.118818,51.613133,1,Slight,1,1,2016-12-06,Tuesday,20:17,Redbridge,E09000026,6,0,6,30.0,3,4,6,0,,,1,1,1,0,0,1,1,E01003726,3,1,12/06/2016,12/06/2016,1,9,0,18,,2,0,0,0,0,,,6,Female,21,21 - 25,1339,1,12,3,1,,1,1,3,1,8,2,3,5,4,0,0,2,0,-1,-1,2016.0,01JI40334,E09000026,0.0,0.0,2.0,2016.0,01JI40334,4.0,8.0,0.0,1.0,1.0,-1,2016.0,01JI40334,2016,12,1,20
137362,201601JI40336,542700.0,188970.0,0.058164,51.581478,1,Slight,2,1,2016-04-06,Wednesday,23:30,Redbridge,E09000026,3,1400,6,30.0,1,4,4,192,,,4,1,1,0,0,1,2,E01003646,3,1,04/06/2016,04/06/2016,1,9,0,17,,8,0,0,0,0,,,6,Male,34,26 - 35,2143,2,5,4,1,,1,1,1,1,34,6,3,0,0,0,0,0,9,1,4,2016.0,01JI40336,E09000026,0.0,0.0,2.0,2016.0,01JI40336,8.0,6.0,0.0,4.0,1.0,-1,2016.0,01JI40336,2016,4,1,23
137371,201601JI40348,547580.0,188090.0,0.128176,51.572315,1,Slight,2,1,2016-11-06,Sunday,18:00,Redbridge,E09000026,5,0,6,30.0,3,4,6,0,,,1,1,1,0,0,1,1,E01003661,3,1,11/06/2016,11/06/2016,1,4,0,9,,8,0,0,0,0,,,6,Male,30,26 - 35,125,1,2,3,1,,1,1,1,1,30,6,3,0,0,0,0,0,4,1,3,2016.0,01JI40348,E09000026,0.0,0.0,2.0,2016.0,01JI40348,8.0,6.0,0.0,4.0,1.0,-1,2016.0,01JI40348,2016,11,1,18
137375,201601JI40352,543050.0,187290.0,0.062528,51.566293,1,Slight,3,1,2016-11-06,Sunday,20:40,Redbridge,E09000026,5,0,6,30.0,3,4,6,0,,,4,2,2,0,0,1,1,E01003695,3,1,11/06/2016,11/06/2016,1,9,0,18,,1,0,0,1,0,,,6,Male,23,21 - 25,2000,1,11,6,1,,2,1,2,1,32,6,3,0,0,1,0,0,9,1,6,2016.0,01JI40352,E09000026,0.0,0.0,2.0,2016.0,01JI40352,4.0,8.0,0.0,1.0,1.0,-1,2016.0,01JI40352,2016,11,1,20
137382,201601JI40361,545320.0,192200.0,0.097288,51.609832,1,Slight,2,1,2016-05-30,Monday,00:50,Redbridge,E09000026,5,0,6,30.0,3,4,6,0,,,4,1,1,0,0,1,1,E01003725,3,1,30/05/2016,30/05/2016,1,9,0,18,,8,0,0,0,0,,,6,Male,22,21 - 25,1587,1,10,4,1,,2,1,2,1,27,6,3,0,0,2,0,0,9,1,3,2016.0,01JI40361,E09000026,0.0,0.0,2.0,2016.0,01JI40361,8.0,4.0,0.0,3.0,1.0,-1,2016.0,01JI40361,2016,5,1,0
137385,201601JI40366,540910.0,190400.0,0.03292,51.594778,1,Slight,3,2,2016-06-17,Friday,18:15,Redbridge,E09000026,3,406,3,50.0,0,-1,-1,-1,,,1,1,1,0,0,1,1,E01003765,3,1,17/06/2016,17/06/2016,1,9,0,11,,0,0,0,0,0,,,6,Female,22,21 - 25,998,1,9,5,1,,1,1,1,2,22,5,3,0,0,0,0,0,9,1,5,2016.0,01JI40366,E09000026,0.0,0.0,2.0,2016.0,01JI40366,4.0,8.0,0.0,4.0,1.0,-1,2016.0,01JI40366,2016,6,2,18
137391,201601JI40372,540430.0,190540.0,0.026051,51.596156,1,Slight,2,1,2016-06-28,Tuesday,20:20,Redbridge,E09000026,3,406,3,60.0,5,4,6,0,,,7,9,1,0,0,1,1,E01003674,3,1,28/06/2016,28/06/2016,1,9,0,18,,2,0,0,0,0,,,6,Male,30,26 - 35,-1,-1,-1,8,1,,1,1,1,1,30,6,3,0,0,0,0,0,9,1,8,2016.0,01JI40372,E09000026,0.0,0.0,2.0,2016.0,01JI40372,4.0,8.0,0.0,1.0,1.0,-1,2016.0,01JI40372,2016,6,1,20
137394,201601JI40376,543320.0,188410.0,0.066878,51.576289,1,Slight,2,1,2016-06-22,Wednesday,21:00,Redbridge,E09000026,3,12,3,50.0,1,2,3,1400,,,4,1,1,0,0,1,2,E01003690,3,1,22/06/2016,22/06/2016,1,9,0,18,,1,0,0,0,0,,,6,Male,23,21 - 25,1796,1,13,-1,-1,,1,1,1,1,23,5,3,0,0,0,0,0,9,-1,-1,2016.0,01JI40376,E09000026,0.0,5.0,2.0,2016.0,01JI40376,4.0,8.0,0.0,2.0,1.0,-1,2016.0,01JI40376,2016,6,1,21
137401,201601JI40384,543260.0,189070.0,0.066282,51.582235,1,Slight,3,1,2016-05-20,Friday,19:00,Redbridge,E09000026,6,0,6,30.0,6,4,6,0,,,1,1,1,0,0,1,1,E01003651,3,1,20/05/2016,20/05/2016,1,9,0,18,,8,0,4,0,0,,,6,Female,26,26 - 35,1390,1,7,6,1,,1,1,1,2,26,6,3,0,0,0,0,0,9,1,6,2016.0,01JI40384,E09000026,0.0,0.0,2.0,2016.0,01JI40384,2.0,6.0,0.0,4.0,1.0,-1,2016.0,01JI40384,2016,5,1,19
137403,201601JI40386,542780.0,190420.0,0.059907,51.594487,1,Slight,4,2,2016-11-07,Monday,21:00,Redbridge,E09000026,6,0,6,30.0,3,4,6,0,,,1,1,1,0,0,1,1,E01003707,3,1,11/07/2016,11/07/2016,1,9,0,18,,1,0,4,0,0,,,6,Male,26,26 - 35,1984,1,6,6,1,,1,1,1,1,26,6,3,0,0,0,0,0,9,1,6,2016.0,01JI40386,E09000026,0.0,0.0,2.0,2016.0,01JI40386,5.0,1.0,0.0,1.0,1.0,-1,2016.0,01JI40386,2016,11,2,21
137413,201601JI40399,547390.0,187460.0,0.125172,51.566704,1,Slight,2,1,2016-06-24,Friday,23:37,Redbridge,E09000026,6,0,6,30.0,3,4,6,0,,,4,1,1,0,0,1,1,E01032581,3,1,24/06/2016,24/06/2016,1,2,0,18,,1,0,4,0,0,,,6,Male,18,16 - 20,125,1,0,-1,-1,,1,1,1,1,18,4,3,0,0,0,0,0,2,-1,-1,2016.0,01JI40399,E09000026,0.0,0.0,2.0,2016.0,01JI40399,7.0,3.0,0.0,1.0,1.0,-1,2016.0,01JI40399,2016,6,1,23
137416,201601JI40402,542700.0,191780.0,0.059306,51.606728,1,Slight,2,2,2016-06-30,Thursday,20:00,Redbridge,E09000026,4,173,6,30.0,0,-1,-1,-1,,,7,9,1,0,0,1,2,E01003657,3,1,30/06/2016,30/06/2016,1,9,0,18,,0,0,0,0,0,,,6,Female,22,21 - 25,-1,-1,-1,7,1,,1,1,1,2,22,5,3,0,0,0,0,0,9,1,7,2016.0,01JI40402,E09000026,0.0,4.0,2.0,2016.0,01JI40402,3.0,7.0,0.0,2.0,1.0,-1,2016.0,01JI40402,2016,6,2,20
137424,201601JI40412,541460.0,188340.0,0.040026,51.576129,1,Slight,2,1,2016-07-17,Sunday,19:40,Redbridge,E09000026,3,12,3,40.0,0,-1,-1,-1,,,1,1,1,0,0,1,2,E01003795,3,1,17/07/2016,17/07/2016,1,9,0,18,,0,0,0,0,0,,,6,Male,28,26 - 35,999,1,1,2,1,,1,1,1,1,28,6,3,0,0,0,0,0,9,1,2,2016.0,01JI40412,E09000026,0.0,0.0,2.0,2016.0,01JI40412,7.0,3.0,0.0,2.0,1.0,-1,2016.0,01JI40412,2016,7,1,19
137436,201601JI40424,542350.0,191460.0,0.054125,51.603941,1,Slight,2,1,2016-07-15,Friday,23:30,Redbridge,E09000026,5,0,6,30.0,3,4,6,0,,,4,1,1,0,0,1,1,E01003657,3,1,15/07/2016,15/07/2016,1,9,0,9,,2,0,0,0,0,,,6,Male,19,16 - 20,-1,-1,-1,7,1,,2,1,1,2,51,8,3,0,0,0,0,0,9,1,7,2016.0,01JI40424,E09000026,0.0,0.0,2.0,2016.0,01JI40424,8.0,7.0,0.0,3.0,1.0,-1,2016.0,01JI40424,2016,7,1,23
137449,201601JI40441,543930.0,184850.0,0.074218,51.544145,1,Serious,1,1,2016-09-07,Wednesday,21:04,Redbridge,E09000026,6,0,6,30.0,0,-1,-1,-1,,,1,1,1,0,0,1,1,E01003736,2,2,09/07/2016,09/07/2016,1,9,0,18,,0,0,0,0,0,,,6,Male,33,26 - 35,-1,-1,-1,3,1,,1,1,3,1,6,2,2,5,2,0,0,2,0,1,3,2016.0,01JI40441,E09000026,0.0,0.0,2.0,2016.0,01JI40441,6.0,2.0,0.0,4.0,1.0,-1,2016.0,01JI40441,2016,9,2,21
137452,201601JI40444,545550.0,188970.0,0.099268,51.58075,1,Slight,4,2,2016-10-07,Friday,18:10,Redbridge,E09000026,6,0,6,30.0,0,-1,-1,-1,,,1,1,1,0,0,1,1,E01003641,3,1,10/07/2016,10/07/2016,1,9,0,18,,0,0,4,0,0,,,6,Male,23,21 - 25,1595,1,7,5,1,,1,1,1,1,23,5,3,0,0,0,0,0,9,1,5,2016.0,01JI40444,E09000026,0.0,0.0,2.0,2016.0,01JI40444,8.0,4.0,0.0,1.0,1.0,-1,2016.0,01JI40444,2016,10,2,18
137454,201601JI40446,544470.0,190560.0,0.084346,51.595315,1,Slight,1,1,2016-07-18,Monday,20:38,Redbridge,E09000026,3,123,6,30.0,0,-1,-1,-1,,,1,1,1,0,0,1,1,E01003700,3,1,18/07/2016,18/07/2016,1,3,0,4,,0,0,0,0,0,,,1,Male,19,16 - 20,108,1,2,-1,-1,,1,1,1,1,19,4,3,0,0,0,0,0,3,-1,-1,2016.0,01JI40446,E09000026,0.0,0.0,2.0,2016.0,01JI40446,1.0,5.0,0.0,0.0,1.0,-1,2016.0,01JI40446,2016,7,1,20
137458,201601JI40453,546260.0,186150.0,0.108335,51.555227,1,Slight,2,2,2016-07-25,Monday,18:30,Redbridge,E09000026,4,177,6,30.0,3,4,6,0,,,1,1,1,0,0,1,2,E01003737,3,1,25/07/2016,25/07/2016,1,9,0,3,,2,0,0,0,0,,,6,Male,26,26 - 35,2497,2,11,1,1,,1,1,1,1,26,6,3,0,0,0,0,0,9,1,1,2016.0,01JI40453,E09000026,0.0,0.0,2.0,2016.0,01JI40453,4.0,8.0,0.0,2.0,1.0,-1,2016.0,01JI40453,2016,7,2,18
137459,201601JI40455,547150.0,188550.0,0.122168,51.576561,1,Slight,2,3,2016-07-28,Thursday,19:16,Redbridge,E09000026,5,0,6,30.0,3,4,6,0,,,1,1,1,0,0,1,1,E01003666,3,1,28/07/2016,28/07/2016,1,9,0,9,,8,0,0,0,0,,,6,Male,29,26 - 35,2993,2,9,5,1,,2,1,1,1,22,5,3,0,0,0,0,0,9,1,3,2016.0,01JI40455,E09000026,0.0,0.0,2.0,2016.0,01JI40455,6.0,4.0,0.0,1.0,1.0,-1,2016.0,01JI40455,2016,7,3,19
137461,201601JI40458,543510.0,186760.0,0.068944,51.561414,1,Slight,2,2,2016-07-23,Saturday,23:54,Redbridge,E09000026,3,123,6,30.0,3,2,6,0,,,4,1,1,0,0,1,1,E01003783,3,1,23/07/2016,23/07/2016,1,9,0,9,,8,0,0,0,0,,,6,Male,22,21 - 25,1995,2,1,4,1,,1,1,1,1,22,5,3,0,0,0,0,0,9,1,4,2016.0,01JI40458,E09000026,0.0,5.0,2.0,2016.0,01JI40458,2.0,8.0,0.0,4.0,1.0,-1,2016.0,01JI40458,2016,7,2,23
137462,201601JI40459,541470.0,188340.0,0.04017,51.576127,1,Serious,2,1,2016-07-24,Sunday,00:10,Redbridge,E09000026,3,12,3,40.0,0,-1,-1,-1,,,4,1,1,0,0,1,2,E01003795,2,2,24/07/2016,24/07/2016,1,5,0,18,,0,0,0,0,0,,,6,Male,24,21 - 25,599,1,9,1,1,,1,1,1,1,24,5,2,0,0,0,0,0,5,1,1,2016.0,01JI40459,E09000026,0.0,0.0,2.0,2016.0,01JI40459,7.0,3.0,0.0,4.0,1.0,-1,2016.0,01JI40459,2016,7,2,0
137463,201601JI40460,540270.0,188750.0,0.023028,51.580111,1,Slight,2,1,2016-06-29,Wednesday,20:00,Redbridge,E09000026,3,113,6,30.0,6,2,5,0,,,4,1,1,0,0,1,1,E01003778,3,1,29/06/2016,29/06/2016,1,9,0,9,,8,0,0,0,0,,,6,Male,31,26 - 35,1999,1,9,8,1,,2,1,1,1,46,8,3,0,0,0,0,0,5,-1,-1,2016.0,01JI40460,E09000026,0.0,5.0,2.0,2016.0,01JI40460,6.0,4.0,0.0,1.0,1.0,-1,2016.0,01JI40460,2016,6,1,20
137469,201601JI40467,546780.0,189100.0,0.117062,51.581599,1,Slight,2,2,2016-10-07,Friday,20:30,Redbridge,E09000026,4,177,6,30.0,3,4,6,0,,,1,1,1,0,0,1,1,E01003770,3,1,10/07/2016,10/07/2016,1,9,0,4,,2,0,0,0,0,,,6,Male,20,16 - 20,1968,2,7,4,1,,1,1,2,2,21,5,3,0,0,2,0,0,9,1,4,2016.0,01JI40467,E09000026,0.0,0.0,2.0,2016.0,01JI40467,2.0,6.0,0.0,2.0,1.0,-1,2016.0,01JI40467,2016,10,2,20
137476,201601JI40476,543520.0,186760.0,0.069089,51.561412,1,Slight,2,1,2016-05-07,Saturday,23:25,Redbridge,E09000026,6,0,6,30.0,3,2,3,123,,,4,1,1,0,0,1,2,E01003783,3,1,05/07/2016,05/07/2016,1,9,0,3,,1,0,0,0,0,,,6,Male,29,26 - 35,1598,1,13,3,1,,1,1,1,1,29,6,3,0,0,0,0,0,9,1,3,2016.0,01JI40476,E09000026,0.0,5.0,2.0,2016.0,01JI40476,2.0,6.0,0.0,2.0,1.0,-1,2016.0,01JI40476,2016,5,1,23
137478,201601JI40478,543930.0,186330.0,0.074823,51.557443,1,Slight,2,2,2016-08-18,Thursday,01:00,Redbridge,E09000026,3,118,3,30.0,0,-1,-1,-1,,,4,1,1,0,0,1,1,E01003689,3,1,18/08/2016,18/08/2016,1,9,0,18,,0,0,10,2,10,,,6,Male,29,26 - 35,3799,1,5,4,1,,1,1,1,1,29,6,3,0,0,0,0,0,9,1,4,2016.0,01JI40478,E09000026,0.0,4.0,2.0,2016.0,01JI40478,6.0,2.0,0.0,1.0,1.0,-1,2016.0,01JI40478,2016,8,2,1
137481,201601JI40482,544460.0,187070.0,0.082767,51.563957,1,Slight,2,1,2016-06-19,Sunday,23:15,Redbridge,E09000026,5,0,6,30.0,3,4,6,0,,,4,2,2,0,0,1,1,E01003758,3,1,19/06/2016,19/06/2016,1,9,0,6,,2,0,0,0,0,,,6,Male,33,26 - 35,1390,1,15,1,1,,2,1,2,2,28,6,3,0,0,1,0,0,9,1,4,2016.0,01JI40482,E09000026,0.0,0.0,2.0,2016.0,01JI40482,2.0,2.0,0.0,3.0,1.0,-1,2016.0,01JI40482,2016,6,1,23
137494,201601JI40499,539970.0,191760.0,0.019901,51.607233,1,Slight,2,2,2016-07-26,Tuesday,23:27,Redbridge,E09000026,3,104,6,30.0,3,2,3,1009,,,4,1,1,0,0,1,1,E01003750,3,1,26/07/2016,26/07/2016,1,9,0,5,,1,0,0,0,0,,,6,Male,29,26 - 35,1997,1,14,1,1,,1,1,1,1,29,6,3,0,0,0,0,0,9,1,1,2016.0,01JI40499,E09000026,0.0,5.0,2.0,2016.0,01JI40499,6.0,2.0,0.0,2.0,1.0,-1,2016.0,01JI40499,2016,7,2,23
137509,201601JI40518,540180.0,190200.0,0.022309,51.593163,1,Slight,1,1,2016-08-27,Saturday,21:35,Redbridge,E09000026,3,11,6,30.0,3,4,6,0,,,4,1,1,0,0,1,1,E01003674,3,1,27/08/2016,27/08/2016,1,9,0,18,,2,0,0,0,0,,,6,Male,23,21 - 25,1995,2,4,3,1,,1,1,3,2,-1,-1,3,5,4,0,0,2,0,1,4,2016.0,01JI40518,E09000026,0.0,0.0,2.0,2016.0,01JI40518,1.0,5.0,0.0,1.0,1.0,-1,2016.0,01JI40518,2016,8,1,21
137511,201601JI40521,544390.0,190400.0,0.083126,51.593897,1,Slight,2,1,2016-08-27,Saturday,19:21,Redbridge,E09000026,6,0,6,30.0,0,-1,-1,-1,,,1,1,1,0,0,1,1,E01003705,3,1,27/08/2016,27/08/2016,1,3,0,18,,0,0,0,0,0,,,1,Male,20,16 - 20,108,1,2,8,1,,1,1,1,1,20,4,3,0,0,0,0,0,3,1,8,2016.0,01JI40521,E09000026,0.0,0.0,2.0,2016.0,01JI40521,3.0,7.0,0.0,4.0,1.0,-1,2016.0,01JI40521,2016,8,1,19
137513,201601JI40524,543140.0,187890.0,0.06407,51.571662,1,Slight,1,1,2016-12-08,Thursday,22:19,Redbridge,E09000026,3,123,6,30.0,3,4,6,0,,,4,1,1,0,0,1,1,E01003692,3,1,12/08/2016,12/08/2016,1,9,0,9,,5,0,0,0,0,,,6,Male,29,26 - 35,2000,2,1,3,1,,1,1,3,1,26,6,3,5,1,0,0,2,0,1,1,2016.0,01JI40524,E09000026,0.0,0.0,2.0,2016.0,01JI40524,1.0,8.0,0.0,1.0,1.0,-1,2016.0,01JI40524,2016,12,1,22
137517,201601JI40531,544650.0,185830.0,0.084997,51.552767,1,Slight,2,1,2016-08-24,Wednesday,22:05,Redbridge,E09000026,6,0,1,30.0,2,4,6,0,,,4,1,1,0,0,1,1,E01003683,3,1,24/08/2016,24/08/2016,1,9,0,18,,8,0,0,0,0,,,6,Female,30,26 - 35,1997,1,15,5,1,,1,1,1,2,30,6,3,0,0,0,0,0,9,1,5,2016.0,01JI40531,E09000026,0.0,0.0,2.0,2016.0,01JI40531,1.0,5.0,0.0,4.0,1.0,-1,2016.0,01JI40531,2016,8,1,22
137524,201601JI40543,543610.0,185300.0,0.06979,51.54827,1,Slight,1,2,2016-12-08,Thursday,19:20,Redbridge,E09000026,6,0,6,20.0,0,-1,-1,-1,,,1,1,1,0,0,1,1,E01003732,3,1,12/08/2016,12/08/2016,1,9,0,18,,0,0,0,0,0,,,6,Male,21,21 - 25,1896,2,11,2,1,,1,1,1,1,21,5,3,0,0,0,0,0,9,1,2,2016.0,01JI40543,E09000026,0.0,0.0,2.0,2016.0,01JI40543,5.0,1.0,0.0,1.0,1.0,-1,2016.0,01JI40543,2016,12,2,19
137525,201601JI40544,542030.0,189890.0,0.048873,51.589914,1,Slight,2,1,2016-08-23,Tuesday,20:05,Redbridge,E09000026,3,1400,3,40.0,3,2,5,0,,,1,1,1,0,0,1,2,E01003681,3,1,23/08/2016,23/08/2016,1,9,0,10,,1,0,0,0,0,,,6,Female,29,26 - 35,-1,-1,-1,8,1,,1,1,1,2,29,6,3,0,0,0,0,0,9,1,8,2016.0,01JI40544,E09000026,0.0,5.0,2.0,2016.0,01JI40544,4.0,2.0,0.0,2.0,1.0,-1,2016.0,01JI40544,2016,8,1,20
137529,201601JI40559,540660.0,189720.0,0.029041,51.58873,1,Slight,2,1,2016-08-19,Friday,00:30,Redbridge,E09000026,3,113,6,30.0,3,4,6,0,,,4,1,1,0,0,1,2,E01003764,3,1,19/08/2016,19/08/2016,1,3,0,18,,1,0,0,0,0,,,1,Male,28,26 - 35,108,1,3,4,1,,1,1,1,1,28,6,3,0,0,0,0,0,3,1,4,2016.0,01JI40559,E09000026,0.0,0.0,2.0,2016.0,01JI40559,6.0,2.0,0.0,1.0,1.0,-1,2016.0,01JI40559,2016,8,1,0
137535,201601JI40588,540280.0,188750.0,0.023172,51.580108,1,Slight,3,6,2016-08-21,Sunday,00:43,Redbridge,E09000026,5,0,6,30.0,6,2,3,113,,,4,1,1,0,0,1,1,E01003778,3,1,21/08/2016,21/08/2016,1,9,0,3,,1,0,0,0,0,,,6,Male,25,21 - 25,1968,2,3,3,1,,1,1,1,1,25,5,3,0,0,0,0,0,9,1,3,2016.0,01JI40588,E09000026,0.0,5.0,2.0,2016.0,01JI40588,4.0,8.0,0.0,2.0,1.0,-1,2016.0,01JI40588,2016,8,6,0
137547,201601KD50001,553640.0,191060.0,0.216852,51.597382,1,Slight,2,2,2016-01-15,Friday,18:20,Havering,E09000016,6,0,6,30.0,3,4,6,0,,,4,1,1,0,0,1,1,E01002310,3,1,15/01/2016,15/01/2016,1,9,0,9,,8,0,0,0,0,,,6,Male,30,26 - 35,2204,2,9,2,1,,1,1,1,1,30,6,3,0,0,0,0,0,9,1,2,2016.0,01KD50001,E09000016,0.0,0.0,2.0,2016.0,01KD50001,1.0,6.0,0.0,1.0,1.0,-1,2016.0,01KD50001,2016,1,2,18
137551,201601KD50006,553970.0,187630.0,0.220109,51.566475,1,Slight,1,1,2016-01-18,Monday,00:40,Havering,E09000016,5,0,6,30.0,0,-1,-1,-1,,,4,1,4,0,0,1,1,E01002367,3,1,18/01/2016,18/01/2016,1,9,0,18,,0,0,0,0,0,,,6,Female,28,26 - 35,1598,1,8,1,1,,1,1,3,1,30,6,3,5,1,0,0,2,0,-1,-1,2016.0,01KD50006,E09000016,0.0,0.0,2.0,2016.0,01KD50006,5.0,1.0,0.0,1.0,1.0,-1,2016.0,01KD50006,2016,1,1,0
137560,201601KD50019,551670.0,188510.0,0.18733,51.575004,1,Serious,1,1,2016-01-22,Friday,22:45,Havering,E09000016,5,0,3,30.0,6,2,5,0,,,4,1,1,0,0,1,1,E01002358,2,2,22/01/2016,22/01/2016,1,9,0,18,,1,0,0,0,0,,,6,Male,30,26 - 35,2698,2,7,3,1,,1,1,3,1,36,7,2,4,1,0,0,2,0,1,5,2016.0,01KD50019,E09000016,0.0,5.0,2.0,2016.0,01KD50019,5.0,1.0,0.0,1.0,1.0,-1,2016.0,01KD50019,2016,1,2,22
137564,201601KD50024,554280.0,188250.0,0.22485,51.571961,1,Serious,2,2,2016-01-18,Monday,20:40,Havering,E09000016,6,0,6,30.0,3,4,6,0,,,4,1,1,0,0,1,2,E01002270,2,2,18/01/2016,18/01/2016,1,9,0,18,,2,0,0,0,0,,,6,Female,31,26 - 35,1598,1,15,-1,-1,,1,1,1,2,31,6,3,0,0,0,0,0,9,-1,-1,2016.0,01KD50024,E09000016,0.0,0.0,2.0,2016.0,01KD50024,5.0,1.0,0.0,1.0,1.0,-1,2016.0,01KD50024,2016,1,4,20