,accident_index,location_easting_osgr,location_northing_osgr,longitude,latitude,police_force,accident_severity,number_of_vehicles,number_of_casualties,date,day_of_week,time,local_authority_district,local_authority_highway,first_road_class,first_road_number,road_type,speed_limit,junction_detail,junction_control,second_road_class,second_road_number,pedestrian_crossing-human_control,pedestrian_crossing-physical_facilities,light_conditions,weather_conditions,road_surface_conditions,special_conditions_at_site,carriageway_hazards,urban_or_rural_area,did_police_officer_attend_scene_of_accident,lsoa_of_accident_location,accident_severity_num,accident_severity_inv,date2,date_original,vehicle_reference_x,vehicle_type,towing_and_articulation,vehicle_manoeuvre,vehicle_location-restricted_lane,junction_location,skidding_and_overturning,hit_object_in_carriageway,vehicle_leaving_carriageway,hit_object_off_carriageway,1st_point_of_impact,was_vehicle_left_hand_drive?,journey_purpose_of_driver,sex_of_driver,age_of_driver,age_band_of_driver,engine_capacity_cc,propulsion_code,age_of_vehicle,driver_imd_decile,driver_home_area_type,vehicle_imd_decile,vehicle_reference_y,casualty_reference,casualty_class,sex_of_casualty,age_of_casualty,age_band_of_casualty,casualty_severity,pedestrian_location,pedestrian_movement,car_passenger,bus_or_coach_passenger,pedestrian_road_maintenance_worker,casualty_type,casualty_home_area_type,casualty_imd_decile,accident_year_x,accident_reference_x,local_authority_ons_district,pedestrian_crossing_human_control,pedestrian_crossing_physical_facilities,trunk_road_flag,accident_year_y,accident_reference_y,vehicle_direction_from,vehicle_direction_to,vehicle_location_restricted_lane,first_point_of_impact,vehicle_left_hand_drive,generic_make_model,accident_year,accident_reference,year,month,severity,hours
137567,201601KD50027,553440.0,189360.0,0.213224,51.582163,1,Serious,1,1,2016-01-26,Tuesday,18:50,Havering,E09000016,5,0,6,30.0,3,4,6,0,,,4,1,2,0,0,1,1,E01002381,2,2,26/01/2016,26/01/2016,1,9,0,18,,1,0,0,0,0,,,2,Male,23,21 - 25,1968,2,7,5,1,,1,1,3,1,20,4,2,4,1,0,0,2,0,1,6,2016.0,01KD50027,E09000016,0.0,1.0,2.0,2016.0,01KD50027,2.0,6.0,0.0,1.0,1.0,-1,2016.0,01KD50027,2016,1,2,18
137568,201601KD50029,553130.0,190070.0,0.209062,51.588626,1,Slight,1,1,2016-01-21,Thursday,18:33,Havering,E09000016,6,0,6,30.0,3,4,6,0,,,4,1,2,0,0,1,1,E01002376,3,1,21/01/2016,21/01/2016,1,9,0,17,,2,0,10,1,4,,,6,Female,18,16 - 20,1360,1,13,3,3,,1,1,1,2,18,4,3,0,0,0,0,0,9,3,3,2016.0,01KD50029,E09000016,0.0,0.0,2.0,2016.0,01KD50029,8.0,5.0,9.0,1.0,1.0,-1,2016.0,01KD50029,2016,1,1,18
137572,201601KD50034,553330.0,190940.0,0.212327,51.596389,1,Slight,2,1,2016-01-25,Monday,21:22,Havering,E09000016,5,0,6,30.0,2,4,5,0,,,4,1,1,0,0,1,1,E01002309,3,1,25/01/2016,25/01/2016,1,3,0,18,,1,0,0,0,0,,,6,Male,23,21 - 25,124,1,12,4,1,,1,1,1,1,23,5,3,0,0,0,0,0,3,1,4,2016.0,01KD50034,E09000016,0.0,4.0,2.0,2016.0,01KD50034,1.0,5.0,0.0,3.0,1.0,-1,2016.0,01KD50034,2016,1,1,21
137579,201601KD50043,552350.0,188420.0,0.197096,51.574012,1,Serious,1,2,2016-01-02,Saturday,23:34,Havering,E09000016,5,0,6,30.0,3,4,6,0,,,4,1,1,0,0,1,1,E01002352,2,2,01/02/2016,01/02/2016,1,9,0,18,,1,1,10,7,10,,,6,Male,19,16 - 20,1242,1,11,5,1,,1,1,1,1,19,4,3,0,0,0,0,0,9,1,5,2016.0,01KD50043,E09000016,0.0,8.0,2.0,2016.0,01KD50043,2.0,6.0,0.0,1.0,1.0,-1,2016.0,01KD50043,2016,1,4,23
137587,201601KD50051,549310.0,188280.0,0.153201,51.573567,1,Slight,2,1,2016-01-21,Thursday,19:44,Havering,E09000016,3,118,6,30.0,8,4,6,0,,,4,1,2,0,0,1,1,E01002250,3,1,21/01/2016,21/01/2016,1,3,0,13,,8,0,0,0,0,,,6,Male,21,21 - 25,124,1,9,5,1,,1,1,1,1,21,5,3,0,0,0,0,0,3,1,5,2016.0,01KD50051,E09000016,0.0,0.0,2.0,2016.0,01KD50051,7.0,3.0,0.0,4.0,1.0,-1,2016.0,01KD50051,2016,1,1,19
137593,201601KD50059,550360.0,183030.0,0.166099,51.526116,1,Slight,3,4,2016-09-01,Thursday,01:17,Havering,E09000016,3,1306,3,40.0,3,4,6,0,,,4,1,2,0,0,1,1,E01002368,3,1,09/01/2016,09/01/2016,1,8,0,3,,1,0,0,0,0,,,1,Male,28,26 - 35,2499,2,5,4,1,,1,1,1,1,28,6,3,0,0,0,0,0,8,1,4,2016.0,01KD50059,E09000016,0.0,4.0,2.0,2016.0,01KD50059,8.0,4.0,0.0,2.0,1.0,-1,2016.0,01KD50059,2016,9,4,1
137594,201601KD50060,553010.0,182460.0,0.204023,51.520284,1,Slight,2,2,2016-01-15,Friday,21:30,Havering,E09000016,5,0,6,30.0,3,4,6,0,,,4,1,1,0,0,1,1,E01002342,3,1,15/01/2016,15/01/2016,1,9,0,10,,1,0,0,0,0,,,6,Male,23,21 - 25,1600,1,11,3,1,,1,1,1,1,23,5,3,0,0,0,0,0,9,1,3,2016.0,01KD50060,E09000016,0.0,0.0,2.0,2016.0,01KD50060,7.0,5.0,0.0,2.0,1.0,-1,2016.0,01KD50060,2016,1,2,21
137603,201601KD50071,554900.0,189360.0,0.234279,51.581764,1,Slight,1,1,2016-01-18,Monday,22:30,Havering,E09000016,3,127,3,50.0,0,-1,-1,-1,,,4,1,2,0,0,1,1,E01002269,3,1,18/01/2016,18/01/2016,1,9,0,18,,0,0,10,1,4,,,6,Male,35,26 - 35,1997,1,15,8,1,,1,1,2,1,35,6,3,0,0,1,0,0,9,1,3,2016.0,01KD50071,E09000016,0.0,0.0,2.0,2016.0,01KD50071,4.0,8.0,9.0,1.0,1.0,-1,2016.0,01KD50071,2016,1,1,22
137619,201601KD50091,556530.0,188540.0,0.25742,51.573946,1,Slight,3,3,2016-02-23,Tuesday,19:52,Havering,E09000016,5,0,6,40.0,8,4,6,0,,,4,1,1,0,0,1,1,E01002253,3,1,23/02/2016,23/02/2016,1,9,0,10,,1,0,0,0,0,,,6,Female,23,21 - 25,1598,2,5,7,1,,1,1,1,2,23,5,3,0,0,0,0,0,9,1,7,2016.0,01KD50091,E09000016,0.0,0.0,2.0,2016.0,01KD50091,5.0,3.0,0.0,2.0,1.0,-1,2016.0,01KD50091,2016,2,3,19
137624,201601KD50096,553350.0,190840.0,0.212572,51.595485,1,Slight,2,1,2016-01-29,Friday,23:50,Havering,E09000016,5,0,6,30.0,8,4,6,0,,,4,1,2,0,0,1,1,E01002309,3,1,29/01/2016,29/01/2016,1,3,0,18,,8,0,0,0,0,,,6,Male,23,21 - 25,124,1,6,-1,-1,,1,1,1,1,23,5,3,0,0,0,0,0,3,-1,-1,2016.0,01KD50096,E09000016,0.0,0.0,2.0,2016.0,01KD50096,5.0,1.0,0.0,1.0,1.0,-1,2016.0,01KD50096,2016,1,1,23
137634,201601KD50106,550720.0,189850.0,0.174206,51.587299,1,Slight,2,1,2016-06-03,Friday,19:15,Havering,E09000016,3,12,3,50.0,0,-1,-1,-1,,,4,1,1,0,0,1,1,E01002340,3,1,06/03/2016,06/03/2016,1,9,0,3,,0,0,0,0,0,,,6,Male,22,21 - 25,998,1,1,7,1,,2,1,1,2,76,11,3,0,0,0,0,0,9,1,6,2016.0,01KD50106,E09000016,0.0,0.0,2.0,2016.0,01KD50106,2.0,6.0,0.0,2.0,1.0,-1,2016.0,01KD50106,2016,6,1,19
137635,201601KD50107,552730.0,188470.0,0.202597,51.574359,1,Slight,2,2,2016-04-03,Sunday,18:06,Havering,E09000016,5,0,6,30.0,0,-1,-1,-1,,,1,1,1,0,0,1,2,E01002272,3,1,04/03/2016,04/03/2016,1,9,0,4,,0,0,0,0,0,,,6,Male,26,26 - 35,1995,2,8,6,1,,1,1,1,1,26,6,3,0,0,0,0,0,9,1,6,2016.0,01KD50107,E09000016,0.0,0.0,2.0,2016.0,01KD50107,7.0,3.0,0.0,2.0,1.0,-1,2016.0,01KD50107,2016,4,2,18
137637,201601KD50109,552090.0,185120.0,0.191921,51.544432,1,Slight,1,1,2016-02-13,Saturday,21:28,Havering,E09000016,6,0,6,30.0,3,4,3,125,,,4,1,1,0,0,1,1,E01002266,3,1,13/02/2016,13/02/2016,1,3,0,18,,1,0,0,0,0,,,6,Female,23,21 - 25,-1,-1,-1,3,1,,1,1,1,2,23,5,3,0,0,0,0,0,3,1,3,2016.0,01KD50109,E09000016,0.0,0.0,2.0,2016.0,01KD50109,3.0,7.0,0.0,3.0,1.0,-1,2016.0,01KD50109,2016,2,1,21
137643,201601KD50118,551940.0,188190.0,0.191085,51.572056,1,Slight,2,1,2016-08-01,Monday,21:40,Havering,E09000016,5,0,6,30.0,2,4,5,0,,,4,1,2,0,0,1,1,E01002351,3,1,08/01/2016,08/01/2016,1,9,0,4,,1,0,0,0,0,,,6,Female,25,21 - 25,1242,1,4,4,1,,1,1,1,2,25,5,3,0,0,0,0,0,9,1,4,2016.0,01KD50118,E09000016,0.0,1.0,2.0,2016.0,01KD50118,7.0,3.0,0.0,2.0,1.0,-1,2016.0,01KD50118,2016,8,1,21
137644,201601KD50119,553360.0,190490.0,0.212563,51.592337,1,Slight,2,1,2016-02-22,Monday,18:21,Havering,E09000016,3,118,1,30.0,1,2,3,127,,,4,1,1,0,0,1,1,E01002383,3,1,22/02/2016,22/02/2016,1,9,0,7,,8,0,0,0,0,,,6,Male,18,16 - 20,1242,1,1,4,1,,2,1,1,1,44,7,3,0,0,0,0,0,9,1,5,2016.0,01KD50119,E09000016,0.0,0.0,2.0,2016.0,01KD50119,3.0,6.0,0.0,4.0,1.0,-1,2016.0,01KD50119,2016,2,1,18
137652,201601KD50132,550570.0,188900.0,0.171635,51.578803,1,Serious,1,2,2016-04-03,Sunday,20:14,Havering,E09000016,5,0,6,30.0,6,4,6,0,,,4,1,1,0,0,1,1,E01002243,2,2,04/03/2016,04/03/2016,1,9,0,9,,2,0,0,0,0,,,6,Female,29,26 - 35,1997,2,1,3,1,,1,1,1,2,29,6,3,0,0,0,0,0,9,1,3,2016.0,01KD50132,E09000016,0.0,0.0,2.0,2016.0,01KD50132,3.0,1.0,0.0,1.0,1.0,-1,2016.0,01KD50132,2016,4,4,20
137656,201601KD50136,551450.0,188300.0,0.184067,51.573177,1,Slight,2,2,2016-02-28,Sunday,20:20,Havering,E09000016,5,0,6,30.0,3,4,6,0,,,4,1,1,0,0,1,1,E01002356,3,1,28/02/2016,28/02/2016,1,9,0,9,,8,0,0,0,0,,,6,Male,23,21 - 25,1299,1,12,4,1,,1,1,1,1,23,5,3,0,0,0,0,0,9,1,4,2016.0,01KD50136,E09000016,0.0,0.0,2.0,2016.0,01KD50136,2.0,1.0,0.0,3.0,1.0,-1,2016.0,01KD50136,2016,2,2,20
137659,201601KD50139,551960.0,188170.0,0.191365,51.571871,1,Slight,1,1,2016-03-14,Monday,04:12,Havering,E09000016,5,0,6,30.0,0,-1,-1,-1,,,4,1,1,0,0,1,1,E01002351,3,1,14/03/2016,14/03/2016,1,3,0,18,,0,0,0,0,0,,,6,Male,17,16 - 20,125,1,5,-1,-1,,1,1,1,1,17,4,3,0,0,0,0,0,3,-1,-1,2016.0,01KD50139,E09000016,0.0,0.0,2.0,2016.0,01KD50139,1.0,5.0,0.0,4.0,1.0,-1,2016.0,01KD50139,2016,3,1,4
137663,201601KD50143,554590.0,191140.0,0.230592,51.597841,1,Slight,2,1,2016-04-03,Sunday,18:05,Havering,E09000016,3,12,3,50.0,0,-1,-1,-1,,,4,1,1,0,0,1,1,E01002300,3,1,04/03/2016,04/03/2016,1,9,0,18,,0,0,0,0,0,,,6,Female,26,26 - 35,1339,1,7,7,1,,2,1,1,2,27,6,3,0,0,0,0,0,9,1,6,2016.0,01KD50143,E09000016,0.0,0.0,2.0,2016.0,01KD50143,6.0,2.0,0.0,2.0,1.0,-1,2016.0,01KD50143,2016,4,1,18
137664,201601KD50144,551530.0,184240.0,0.183473,51.536676,1,Slight,1,1,2016-03-21,Monday,23:15,Havering,E09000016,3,125,6,30.0,3,4,6,0,,,4,1,1,0,0,1,1,E01002260,3,1,21/03/2016,21/03/2016,1,5,0,18,,2,1,0,0,0,,,6,Male,23,21 - 25,599,1,7,4,1,,1,1,1,1,23,5,3,0,0,0,0,0,5,1,4,2016.0,01KD50144,E09000016,0.0,0.0,2.0,2016.0,01KD50144,6.0,2.0,0.0,4.0,1.0,-1,2016.0,01KD50144,2016,3,1,23
137680,201601KD50162,550490.0,191350.0,0.171532,51.600838,1,Serious,2,1,2016-03-24,Thursday,19:25,Havering,E09000016,4,1459,6,30.0,0,-1,-1,-1,,,4,2,2,0,0,1,1,E01002303,2,2,24/03/2016,24/03/2016,1,9,0,18,,0,0,0,0,0,,,6,Male,23,21 - 25,2720,2,11,8,1,,2,1,2,2,16,4,2,0,0,1,0,0,9,1,6,2016.0,01KD50162,E09000016,0.0,0.0,2.0,2016.0,01KD50162,6.0,2.0,0.0,1.0,1.0,-1,2016.0,01KD50162,2016,3,2,19
137681,201601KD50163,552850.0,185260.0,0.202933,51.545485,1,Slight,2,3,2016-03-24,Thursday,19:33,Havering,E09000016,5,0,6,30.0,6,4,5,0,,,4,2,2,0,0,1,1,E01002265,3,1,24/03/2016,24/03/2016,1,9,0,18,,8,0,0,0,0,,,2,Female,22,21 - 25,2401,2,10,-1,-1,,1,1,1,2,22,5,3,0,0,0,0,0,9,-1,-1,2016.0,01KD50163,E09000016,0.0,1.0,2.0,2016.0,01KD50163,1.0,5.0,0.0,1.0,1.0,-1,2016.0,01KD50163,2016,3,3,19
137682,201601KD50164,555550.0,191680.0,0.24468,51.602429,1,Slight,2,1,2016-02-04,Thursday,04:05,Havering,E09000016,3,12,3,50.0,3,2,5,0,,,4,1,1,0,0,1,1,E01002283,3,1,02/04/2016,02/04/2016,1,9,0,9,,1,0,0,0,0,,,2,Female,33,26 - 35,1596,1,5,2,1,,1,1,1,2,33,6,3,0,0,0,0,0,9,1,2,2016.0,01KD50164,E09000016,0.0,0.0,2.0,2016.0,01KD50164,2.0,8.0,0.0,4.0,1.0,-1,2016.0,01KD50164,2016,2,1,4
137688,201601KD50170,550720.0,190870.0,0.174644,51.596464,1,Slight,2,1,2016-03-31,Thursday,22:30,Havering,E09000016,4,175,1,30.0,2,4,5,0,,,4,1,1,0,0,1,1,E01002336,3,1,31/03/2016,31/03/2016,1,9,0,9,,8,0,0,0,0,,,6,Female,18,16 - 20,-1,-1,-1,4,1,,1,1,1,2,18,4,3,0,0,0,0,0,9,1,4,2016.0,01KD50170,E09000016,0.0,0.0,2.0,2016.0,01KD50170,4.0,1.0,0.0,3.0,1.0,-1,2016.0,01KD50170,2016,3,1,22
137691,201601KD50173,550620.0,191440.0,0.173446,51.601612,1,Slight,2,1,2016-02-29,Monday,19:30,Havering,E09000016,6,0,6,30.0,3,4,4,1459,,,4,1,1,0,0,1,2,E01002303,3,1,29/02/2016,29/02/2016,1,9,0,10,,1,0,0,0,0,,,6,Male,30,26 - 35,1560,2,4,4,1,,1,1,1,1,30,6,3,0,0,0,0,0,9,1,4,2016.0,01KD50173,E09000016,0.0,1.0,2.0,2016.0,01KD50173,4.0,2.0,0.0,2.0,1.0,-1,2016.0,01KD50173,2016,2,1,19
137735,201601KD50228,551660.0,194010.0,0.189562,51.624424,1,Slight,2,2,2016-05-02,Monday,19:35,Havering,E09000016,4,175,6,30.0,0,-1,-1,-1,,,4,5,2,0,0,1,1,E01002304,3,1,05/02/2016,05/02/2016,1,9,0,17,,0,0,0,0,0,,,6,Female,22,21 - 25,1461,2,1,5,1,,1,1,1,2,22,5,3,0,0,0,0,0,9,1,5,2016.0,01KD50228,E09000016,0.0,0.0,2.0,2016.0,01KD50228,1.0,6.0,0.0,3.0,1.0,-1,2016.0,01KD50228,2016,5,2,19
137748,201601KD50243,550630.0,182930.0,0.169946,51.525146,1,Slight,2,2,2016-06-05,Sunday,18:00,Havering,E09000016,3,1306,3,30.0,3,2,5,0,,,1,1,1,0,0,1,1,E01002368,3,1,06/05/2016,06/05/2016,1,9,0,9,,8,0,0,0,0,,,6,Female,31,26 - 35,1997,2,8,2,1,,1,1,1,2,31,6,3,0,0,0,0,0,9,1,2,2016.0,01KD50243,E09000016,0.0,5.0,2.0,2016.0,01KD50243,7.0,5.0,0.0,1.0,1.0,-1,2016.0,01KD50243,2016,6,2,18
137772,201601KD50270,550670.0,189800.0,0.173463,51.586863,1,Slight,2,2,2016-05-18,Wednesday,18:07,Havering,E09000016,3,12,3,50.0,0,-1,-1,-1,,,1,1,2,0,0,1,1,E01002340,3,1,18/05/2016,18/05/2016,1,9,0,12,,0,0,0,0,0,,,6,Male,28,26 - 35,1995,2,2,5,1,,1,1,1,1,28,6,3,0,0,0,0,0,9,1,5,2016.0,01KD50270,E09000016,0.0,0.0,2.0,2016.0,01KD50270,2.0,6.0,0.0,3.0,1.0,-1,2016.0,01KD50270,2016,5,2,18
137781,201601KD50281,557290.0,187220.0,0.267788,51.561875,1,Slight,2,1,2016-05-26,Thursday,19:05,Havering,E09000016,6,0,6,30.0,3,4,6,0,,,1,1,1,0,0,1,1,E01002256,3,1,26/05/2016,26/05/2016,1,9,0,5,,2,0,0,0,0,,,6,Male,21,21 - 25,1242,1,5,5,1,,2,1,2,2,36,7,3,0,0,0,4,0,11,1,8,2016.0,01KD50281,E09000016,0.0,0.0,2.0,2016.0,01KD50281,3.0,7.0,8.0,4.0,1.0,-1,2016.0,01KD50281,2016,5,1,19
137782,201601KD50282,550940.0,192040.0,0.178321,51.606917,1,Serious,1,1,2016-10-04,Tuesday,19:44,Havering,E09000016,4,175,6,40.0,0,-1,-1,-1,,,1,1,1,0,7,1,1,E01002304,2,2,10/04/2016,10/04/2016,1,5,0,18,,0,0,10,1,7,,,6,Male,28,26 - 35,999,1,0,9,2,,1,1,1,1,28,6,2,0,0,0,0,0,5,2,9,2016.0,01KD50282,E09000016,0.0,0.0,2.0,2016.0,01KD50282,5.0,1.0,0.0,0.0,1.0,-1,2016.0,01KD50282,2016,10,2,19
137790,201601KD50291,553360.0,192110.0,0.213271,51.606893,1,Slight,4,2,2016-04-16,Saturday,00:16,Havering,E09000016,6,0,6,30.0,0,-1,-1,-1,,,4,1,1,0,0,1,1,E01002314,3,1,16/04/2016,16/04/2016,1,9,0,13,,0,0,4,0,0,,,6,Male,25,21 - 25,-1,-1,-1,3,1,,1,1,2,2,19,4,3,0,0,2,0,0,9,1,3,2016.0,01KD50291,E09000016,0.0,0.0,2.0,2016.0,01KD50291,4.0,8.0,0.0,3.0,1.0,-1,2016.0,01KD50291,2016,4,2,0
137808,201601KD50312,552900.0,185490.0,0.203753,51.547538,1,Slight,2,1,2016-04-20,Wednesday,22:06,Havering,E09000016,5,0,6,30.0,0,-1,-1,-1,,,4,1,1,0,0,1,1,E01002287,3,1,20/04/2016,20/04/2016,1,2,0,18,,0,0,0,0,0,,,6,Male,21,21 - 25,124,1,9,10,1,,1,1,1,1,21,5,3,0,0,0,0,0,2,1,10,2016.0,01KD50312,E09000016,0.0,0.0,2.0,2016.0,01KD50312,1.0,5.0,0.0,4.0,1.0,-1,2016.0,01KD50312,2016,4,1,22
137810,201601KD50315,554820.0,190190.0,0.233491,51.589243,1,Slight,2,1,2016-09-06,Tuesday,21:44,Havering,E09000016,5,0,1,30.0,2,4,5,0,,,4,1,1,0,0,1,1,E01002294,3,1,09/06/2016,09/06/2016,1,9,0,18,,8,0,0,0,0,,,6,Male,22,21 - 25,1995,2,9,8,1,,2,1,2,2,21,5,3,0,0,1,0,0,9,1,6,2016.0,01KD50315,E09000016,0.0,0.0,2.0,2016.0,01KD50315,6.0,2.0,0.0,1.0,1.0,-1,2016.0,01KD50315,2016,9,1,21
137813,201601KD50318,553890.0,185840.0,0.218173,51.550414,1,Serious,1,2,2016-11-06,Sunday,23:00,Havering,E09000016,5,0,6,30.0,0,-1,-1,-1,,,4,1,2,0,0,1,1,E01002285,2,2,11/06/2016,11/06/2016,1,3,0,18,,0,0,0,0,0,,,2,Male,23,21 - 25,125,1,1,9,1,,1,1,1,1,23,5,3,0,0,0,0,0,3,1,9,2016.0,01KD50318,E09000016,0.0,0.0,2.0,2016.0,01KD50318,5.0,1.0,0.0,1.0,1.0,-1,2016.0,01KD50318,2016,11,4,23
137821,201601KD50327,551030.0,189070.0,0.178342,51.580208,1,Slight,1,3,2016-10-06,Thursday,03:00,Havering,E09000016,3,118,1,30.0,1,4,3,125,,,4,1,1,0,0,1,1,E01002243,3,1,10/06/2016,10/06/2016,1,9,0,17,,8,0,10,2,10,,,6,Male,27,26 - 35,1461,2,8,8,1,,1,1,2,1,25,5,3,0,0,1,0,0,9,1,3,2016.0,01KD50327,E09000016,0.0,0.0,2.0,2016.0,01KD50327,7.0,4.0,0.0,4.0,1.0,-1,2016.0,01KD50327,2016,10,3,3
137837,201601KD50347,551750.0,189350.0,0.188846,51.58253,1,Slight,2,1,2016-06-23,Thursday,20:00,Havering,E09000016,3,118,6,30.0,6,4,5,0,,,1,2,2,0,0,1,1,E01002354,3,1,23/06/2016,23/06/2016,1,3,0,10,,8,0,0,0,0,,,1,Male,31,26 - 35,125,1,11,3,1,,1,1,1,1,31,6,3,0,0,0,0,0,3,1,3,2016.0,01KD50347,E09000016,0.0,0.0,2.0,2016.0,01KD50347,2.0,8.0,0.0,3.0,1.0,-1,2016.0,01KD50347,2016,6,1,20
137838,201601KD50348,552010.0,189550.0,0.192683,51.584257,1,Slight,1,1,2016-06-23,Thursday,02:20,Havering,E09000016,3,118,6,30.0,0,-1,-1,-1,,,4,2,5,5,2,1,1,E01002354,3,1,23/06/2016,23/06/2016,1,9,0,18,,0,0,11,0,0,,,6,Male,22,21 - 25,1587,1,14,3,1,,1,1,1,1,22,5,3,0,0,0,0,0,9,1,3,2016.0,01KD50348,E09000016,0.0,0.0,2.0,2016.0,01KD50348,2.0,6.0,0.0,1.0,1.0,-1,2016.0,01KD50348,2016,6,1,2
137839,201601KD50349,553120.0,182480.0,0.205616,51.520434,1,Slight,2,1,2016-06-26,Sunday,22:00,Havering,E09000016,3,1306,6,30.0,6,2,5,0,,,4,2,2,0,0,1,1,E01002342,3,1,26/06/2016,26/06/2016,1,9,0,18,,8,0,0,0,0,,,6,Male,27,26 - 35,1596,1,2,8,1,,1,1,1,1,27,6,3,0,0,0,0,0,9,1,8,2016.0,01KD50349,E09000016,0.0,5.0,2.0,2016.0,01KD50349,7.0,3.0,0.0,3.0,1.0,-1,2016.0,01KD50349,2016,6,1,22
137841,201601KD50352,550570.0,188890.0,0.171631,51.578713,1,Slight,2,2,2016-05-16,Monday,19:00,Havering,E09000016,5,0,6,30.0,8,4,6,0,,,1,1,1,0,0,1,1,E01002243,3,1,16/05/2016,16/05/2016,1,3,0,18,,1,1,0,0,0,,,6,Male,23,21 - 25,-1,-1,-1,4,1,,1,1,1,1,23,5,3,0,0,0,0,0,3,1,4,2016.0,01KD50352,E09000016,0.0,0.0,2.0,2016.0,01KD50352,7.0,3.0,0.0,1.0,1.0,-1,2016.0,01KD50352,2016,5,2,19
137857,201601KD50369,550630.0,182930.0,0.169946,51.525146,1,Slight,2,1,2016-11-07,Monday,00:51,Havering,E09000016,3,1306,3,30.0,3,2,5,0,,,4,1,1,0,0,1,1,E01002368,3,1,11/07/2016,11/07/2016,1,9,0,9,,8,0,0,0,0,,,6,Female,27,26 - 35,1242,1,3,3,1,,1,1,1,2,27,6,3,0,0,0,0,0,9,1,3,2016.0,01KD50369,E09000016,0.0,5.0,2.0,2016.0,01KD50369,7.0,5.0,0.0,1.0,1.0,-1,2016.0,01KD50369,2016,11,1,0
137858,201601KD50371,552480.0,188450.0,0.198984,51.574247,1,Serious,2,2,2016-06-25,Saturday,22:52,Havering,E09000016,5,0,6,30.0,3,4,6,0,,,4,2,2,0,0,1,1,E01002352,2,2,25/06/2016,25/06/2016,1,9,0,18,,2,0,0,0,0,,,6,Male,26,26 - 35,1596,1,12,3,1,,1,1,1,1,26,6,2,0,0,0,0,0,9,1,3,2016.0,01KD50371,E09000016,0.0,0.0,2.0,2016.0,01KD50371,7.0,3.0,0.0,1.0,1.0,-1,2016.0,01KD50371,2016,6,4,22
137860,201601KD50373,550720.0,190870.0,0.174644,51.596464,1,Slight,2,1,2016-12-07,Wednesday,18:10,Havering,E09000016,4,175,1,30.0,1,4,4,175,,,1,1,1,0,0,1,2,E01002336,3,1,12/07/2016,12/07/2016,1,9,0,17,,8,0,0,0,0,,,6,Female,32,26 - 35,1197,1,2,6,1,,1,1,1,2,32,6,3,0,0,0,0,0,9,1,6,2016.0,01KD50373,E09000016,0.0,0.0,2.0,2016.0,01KD50373,6.0,4.0,0.0,4.0,1.0,-1,2016.0,01KD50373,2016,12,1,18
137872,201601KD50387,550610.0,191450.0,0.173306,51.601704,1,Slight,2,2,2016-12-07,Wednesday,20:15,Havering,E09000016,4,1459,6,30.0,3,4,6,0,,,1,1,2,0,0,1,1,E01002303,3,1,12/07/2016,12/07/2016,1,9,0,9,,8,0,0,0,0,,,6,Male,27,26 - 35,1596,1,11,4,1,,1,1,1,1,27,6,3,0,0,0,0,0,9,1,4,2016.0,01KD50387,E09000016,0.0,0.0,2.0,2016.0,01KD50387,4.0,2.0,0.0,3.0,1.0,-1,2016.0,01KD50387,2016,12,2,20
137873,201601KD50388,555570.0,191670.0,0.244964,51.602334,1,Slight,1,1,2016-06-17,Friday,00:25,Havering,E09000016,3,12,3,50.0,3,2,5,0,,,4,1,2,0,0,1,1,E01002296,3,1,17/06/2016,17/06/2016,1,9,0,9,,8,0,0,6,6,,,6,Male,21,21 - 25,-1,-1,-1,-1,-1,,1,1,2,1,21,5,3,0,0,1,0,0,9,-1,-1,2016.0,01KD50388,E09000016,0.0,0.0,2.0,2016.0,01KD50388,2.0,1.0,0.0,4.0,1.0,-1,2016.0,01KD50388,2016,6,1,0
137875,201601KD50390,555710.0,191750.0,0.24702,51.603014,1,Serious,2,1,2016-07-25,Monday,05:38,Havering,E09000016,3,12,3,50.0,3,2,5,0,,,1,1,1,0,0,1,1,E01002296,2,2,25/07/2016,25/07/2016,1,9,0,18,,1,0,0,0,0,,,6,Male,25,21 - 25,1699,1,11,5,1,,2,1,1,1,39,7,2,0,0,0,0,0,5,1,10,2016.0,01KD50390,E09000016,0.0,0.0,2.0,2016.0,01KD50390,2.0,6.0,0.0,1.0,1.0,-1,2016.0,01KD50390,2016,7,2,5
137878,201601KD50393,549010.0,187750.0,0.148651,51.568884,1,Serious,2,2,2016-07-22,Friday,02:26,Havering,E09000016,6,0,6,30.0,0,-1,-1,-1,,,4,2,2,0,0,1,1,E01002250,2,2,22/07/2016,22/07/2016,1,3,0,18,,0,0,4,0,0,,,6,Male,21,21 - 25,-1,-1,-1,-1,-1,,1,1,1,1,21,5,2,0,0,0,0,0,3,-1,-1,2016.0,01KD50393,E09000016,0.0,0.0,2.0,2016.0,01KD50393,7.0,3.0,0.0,1.0,1.0,-1,2016.0,01KD50393,2016,7,4,2
137922,201601KD50446,553130.0,189250.0,0.208705,51.581259,1,Serious,3,2,2016-07-19,Tuesday,19:50,Havering,E09000016,5,0,6,30.0,2,4,5,0,,,1,9,1,0,0,1,1,E01002379,2,2,19/07/2016,19/07/2016,1,9,0,18,,8,0,0,0,0,,,6,Male,34,26 - 35,-1,-1,-1,7,1,,1,1,1,1,34,6,2,0,0,0,0,0,9,1,7,2016.0,01KD50446,E09000016,0.0,0.0,2.0,2016.0,01KD50446,7.0,3.0,0.0,4.0,1.0,-1,2016.0,01KD50446,2016,7,4,19