,accident_index,location_easting_osgr,location_northing_osgr,longitude,latitude,police_force,accident_severity,number_of_vehicles,number_of_casualties,date,day_of_week,time,local_authority_district,local_authority_highway,first_road_class,first_road_number,road_type,speed_limit,junction_detail,junction_control,second_road_class,second_road_number,pedestrian_crossing-human_control,pedestrian_crossing-physical_facilities,light_conditions,weather_conditions,road_surface_conditions,special_conditions_at_site,carriageway_hazards,urban_or_rural_area,did_police_officer_attend_scene_of_accident,lsoa_of_accident_location,accident_severity_num,accident_severity_inv,date2,date_original,vehicle_reference_x,vehicle_type,towing_and_articulation,vehicle_manoeuvre,vehicle_location-restricted_lane,junction_location,skidding_and_overturning,hit_object_in_carriageway,vehicle_leaving_carriageway,hit_object_off_carriageway,1st_point_of_impact,was_vehicle_left_hand_drive?,journey_purpose_of_driver,sex_of_driver,age_of_driver,age_band_of_driver,engine_capacity_cc,propulsion_code,age_of_vehicle,driver_imd_decile,driver_home_area_type,vehicle_imd_decile,vehicle_reference_y,casualty_reference,casualty_class,sex_of_casualty,age_of_casualty,age_band_of_casualty,casualty_severity,pedestrian_location,pedestrian_movement,car_passenger,bus_or_coach_passenger,pedestrian_road_maintenance_worker,casualty_type,casualty_home_area_type,casualty_imd_decile,accident_year_x,accident_reference_x,local_authority_ons_district,pedestrian_crossing_human_control,pedestrian_crossing_physical_facilities,trunk_road_flag,accident_year_y,accident_reference_y,vehicle_direction_from,vehicle_direction_to,vehicle_location_restricted_lane,first_point_of_impact,vehicle_left_hand_drive,generic_make_model,accident_year,accident_reference,year,month,severity,hours
138157,201601KF60238,538600.0,185140.0,-0.002481,51.548084,1,Slight,2,1,2016-01-28,Thursday,23:13,Newham,E09000025,3,112,6,30.0,3,4,6,0,,,4,1,1,0,0,1,1,E01033583,3,1,28/01/2016,28/01/2016,1,9,0,18,,2,0,4,0,0,,,6,Male,18,16 - 20,1242,1,10,3,1,,1,1,2,1,26,6,3,0,0,1,0,0,9,1,2,2016.0,01KF60238,E09000025,0.0,0.0,2.0,2016.0,01KF60238,8.0,4.0,0.0,1.0,1.0,-1,2016.0,01KF60238,2016,1,1,23
138159,201601KF60240,539160.0,185140.0,0.00559,51.547946,1,Slight,2,1,2016-03-27,Sunday,22:40,Newham,E09000025,3,11,6,30.0,0,-1,-1,-1,,,4,5,2,0,0,1,1,E01003616,3,1,27/03/2016,27/03/2016,1,9,0,6,,0,0,0,0,0,,,6,Male,29,26 - 35,1998,1,0,1,1,,2,1,1,1,45,7,3,0,0,0,0,0,4,1,3,2016.0,01KF60240,E09000025,0.0,0.0,2.0,2016.0,01KF60240,5.0,5.0,0.0,4.0,1.0,-1,2016.0,01KF60240,2016,3,1,22
138160,201601KF60241,542000.0,183880.0,0.046014,51.535917,1,Slight,2,1,2016-02-17,Wednesday,22:10,Newham,E09000025,4,109,6,30.0,3,4,6,0,,,4,2,2,0,0,1,1,E01003490,3,1,17/02/2016,17/02/2016,1,3,0,18,,8,0,0,0,0,,,6,Male,21,21 - 25,124,1,14,3,1,,1,1,1,1,21,5,3,0,0,0,0,0,3,1,3,2016.0,01KF60241,E09000025,0.0,0.0,2.0,2016.0,01KF60241,1.0,5.0,0.0,1.0,1.0,-1,2016.0,01KF60241,2016,2,1,22
138175,201601KF60258,542970.0,182130.0,0.05928,51.519947,1,Slight,2,1,2016-11-04,Friday,00:10,Newham,E09000025,3,117,3,40.0,6,2,3,13,,,4,2,2,0,0,1,2,E01003482,3,1,11/04/2016,11/04/2016,1,9,0,18,,8,0,0,0,0,,,6,Male,27,26 - 35,1598,1,12,8,3,,1,1,1,1,27,6,3,0,0,0,0,0,9,3,8,2016.0,01KF60258,E09000025,0.0,0.0,2.0,2016.0,01KF60258,8.0,4.0,0.0,1.0,1.0,-1,2016.0,01KF60258,2016,11,1,0
138178,201601KF60261,538970.0,184310.0,0.002524,51.540534,1,Slight,2,1,2016-08-04,Thursday,19:30,Newham,E09000025,3,112,6,30.0,0,-1,-1,-1,,,1,1,1,0,0,1,2,E01003619,3,1,08/04/2016,08/04/2016,1,9,0,3,,0,0,0,0,0,,,6,Female,25,21 - 25,1198,1,4,2,1,,1,1,1,2,25,5,3,0,0,0,0,0,9,1,2,2016.0,01KF60261,E09000025,0.0,0.0,2.0,2016.0,01KF60261,8.0,4.0,0.0,2.0,1.0,-1,2016.0,01KF60261,2016,8,1,19
138185,201601KF60272,539560.0,181260.0,0.009819,51.512982,1,Slight,1,2,2016-02-01,Monday,04:48,Newham,E09000025,3,1011,6,30.0,0,-1,-1,-1,,,4,1,1,0,0,1,1,E01033585,3,1,02/01/2016,02/01/2016,1,9,0,18,,0,1,10,1,2,,,6,Male,22,21 - 25,1995,1,9,2,1,,1,1,2,1,22,5,3,0,0,1,0,0,9,1,4,2016.0,01KF60272,E09000025,0.0,0.0,2.0,2016.0,01KF60272,4.0,8.0,9.0,1.0,1.0,-1,2016.0,01KF60272,2016,2,2,4
138189,201601KF60277,539540.0,184270.0,0.010722,51.540035,1,Serious,1,1,2016-05-01,Sunday,20:10,Newham,E09000025,4,164,6,30.0,3,4,6,0,,,4,1,2,0,0,1,1,E01003636,2,2,05/01/2016,05/01/2016,1,9,0,18,,1,0,0,0,0,,,6,Male,29,26 - 35,1242,1,10,3,1,,1,1,3,2,11,3,2,5,1,0,0,2,0,1,2,2016.0,01KF60277,E09000025,0.0,0.0,2.0,2016.0,01KF60277,5.0,1.0,0.0,4.0,1.0,-1,2016.0,01KF60277,2016,5,2,20
138209,201601KF60300,541010.0,182890.0,0.031353,51.527269,1,Slight,1,1,2016-04-17,Sunday,01:05,Newham,E09000025,3,124,6,30.0,0,-1,-1,-1,,,7,1,1,0,0,1,1,E01003606,3,1,17/04/2016,17/04/2016,1,9,0,18,,0,0,0,0,0,,,6,Male,23,21 - 25,-1,-1,-1,-1,-1,,1,1,3,1,-1,-1,3,9,9,0,0,2,0,-1,-1,2016.0,01KF60300,E09000025,0.0,0.0,2.0,2016.0,01KF60300,6.0,2.0,0.0,1.0,1.0,-1,2016.0,01KF60300,2016,4,1,1
138210,201601KF60301,538800.0,184570.0,0.000177,51.542913,1,Slight,1,1,2016-04-19,Tuesday,22:10,Newham,E09000025,3,11,6,30.0,3,2,3,112,,,4,1,1,0,0,1,1,E01033583,3,1,19/04/2016,19/04/2016,1,9,0,5,,1,0,0,0,0,,,6,Male,28,26 - 35,1242,1,10,4,1,,1,1,3,1,40,7,3,1,3,0,0,2,0,1,4,2016.0,01KF60301,E09000025,0.0,5.0,2.0,2016.0,01KF60301,6.0,2.0,0.0,1.0,1.0,-1,2016.0,01KF60301,2016,4,1,22
138214,201601KF60305,543750.0,180890.0,0.070009,51.508607,1,Slight,2,1,2016-04-26,Tuesday,18:38,Newham,E09000025,3,117,1,30.0,1,4,3,1020,,,1,1,1,0,0,1,1,E01003482,3,1,26/04/2016,26/04/2016,1,9,0,18,,8,0,0,0,0,,,6,Male,25,21 - 25,2143,2,3,2,1,,2,1,1,2,31,6,3,0,0,0,0,0,9,1,3,2016.0,01KF60305,E09000025,0.0,0.0,2.0,2016.0,01KF60305,8.0,4.0,0.0,3.0,1.0,-1,2016.0,01KF60305,2016,4,1,18
138218,201601KF60309,541970.0,182620.0,0.045074,51.524602,1,Slight,2,2,2016-09-04,Sunday,20:00,Newham,E09000025,6,0,6,30.0,3,4,6,0,,,1,1,1,0,0,1,2,E01003539,3,1,09/04/2016,09/04/2016,1,9,0,8,,1,0,0,0,0,,,6,Female,30,26 - 35,2143,2,6,3,1,,1,1,1,2,30,6,3,0,0,0,0,0,9,1,3,2016.0,01KF60309,E09000025,0.0,0.0,2.0,2016.0,01KF60309,7.0,1.0,0.0,2.0,1.0,-1,2016.0,01KF60309,2016,9,2,20
138219,201601KF60312,538070.0,183260.0,-0.010857,51.53132,1,Slight,2,2,2016-04-04,Monday,20:40,Newham,E09000025,3,11,3,30.0,3,2,6,0,,,4,1,1,0,0,1,1,E01033579,3,1,04/04/2016,04/04/2016,1,9,0,4,,1,0,0,0,0,,,6,Male,26,26 - 35,1998,1,0,10,1,,1,1,1,1,26,6,3,0,0,0,0,0,9,1,10,2016.0,01KF60312,E09000025,0.0,0.0,2.0,2016.0,01KF60312,6.0,2.0,0.0,2.0,1.0,-1,2016.0,01KF60312,2016,4,2,20
138226,201601KF60322,540930.0,185070.0,0.031073,51.546878,1,Slight,2,1,2016-04-14,Thursday,23:25,Newham,E09000025,3,118,6,30.0,6,2,4,167,,,4,1,1,0,0,1,2,E01003556,3,1,14/04/2016,14/04/2016,1,3,0,18,,8,0,0,0,0,,,6,Male,20,16 - 20,107,1,7,3,1,,1,1,1,1,20,4,3,0,0,0,0,0,3,1,3,2016.0,01KF60322,E09000025,0.0,5.0,2.0,2016.0,01KF60322,2.0,6.0,0.0,1.0,1.0,-1,2016.0,01KF60322,2016,4,1,23
138228,201601KF60324,537720.0,184510.0,-0.015411,51.542638,1,Slight,2,1,2016-03-04,Friday,19:30,Newham,E09000025,3,115,6,30.0,0,-1,-1,-1,,,1,2,2,0,0,1,1,E01033583,3,1,03/04/2016,03/04/2016,1,9,0,6,,0,0,0,0,0,,,6,Male,26,26 - 35,1797,8,5,4,1,,2,1,1,1,20,4,3,0,0,0,0,0,4,1,3,2016.0,01KF60324,E09000025,0.0,0.0,2.0,2016.0,01KF60324,8.0,8.0,0.0,0.0,1.0,-1,2016.0,01KF60324,2016,3,1,19
138237,201601KF60337,543550.0,182510.0,0.067789,51.523215,1,Slight,1,1,2016-08-03,Wednesday,21:15,Newham,E09000025,3,13,7,30.0,5,4,3,13,,,7,9,1,0,0,1,1,E01003482,3,1,08/03/2016,08/03/2016,1,9,0,18,,7,5,10,0,0,,,6,Female,25,21 - 25,1242,1,8,2,1,,1,1,1,2,25,5,3,0,0,0,0,0,9,1,2,2016.0,01KF60337,E09000025,0.0,0.0,2.0,2016.0,01KF60337,2.0,6.0,0.0,4.0,1.0,-1,2016.0,01KF60337,2016,8,1,21
138239,201601KF60342,538640.0,185080.0,-0.001928,51.547535,1,Slight,2,1,2016-10-04,Tuesday,21:15,Newham,E09000025,3,112,6,30.0,0,-1,-1,-1,,,4,1,1,0,0,1,2,E01033583,3,1,10/04/2016,10/04/2016,1,9,0,13,,0,0,0,0,0,,,2,Male,26,26 - 35,1390,1,11,10,1,,1,1,1,1,26,6,3,0,0,0,0,0,9,1,10,2016.0,01KF60342,E09000025,0.0,0.0,2.0,2016.0,01KF60342,4.0,8.0,0.0,4.0,1.0,-1,2016.0,01KF60342,2016,10,1,21
138241,201601KF60344,541730.0,184130.0,0.042224,51.538231,1,Slight,2,1,2016-04-27,Wednesday,18:51,Newham,E09000025,4,165,6,30.0,6,2,4,109,,,1,1,1,0,0,1,2,E01003533,3,1,27/04/2016,27/04/2016,1,9,0,3,,1,0,0,0,0,,,6,Male,33,26 - 35,2148,2,12,3,1,,1,1,1,1,33,6,3,0,0,0,0,0,9,1,3,2016.0,01KF60344,E09000025,0.0,5.0,2.0,2016.0,01KF60344,2.0,6.0,0.0,2.0,1.0,-1,2016.0,01KF60344,2016,4,1,18
138246,201601KF60349,540500.0,185750.0,0.025147,51.553096,1,Slight,3,1,2016-06-05,Sunday,03:50,Newham,E09000025,3,114,6,30.0,3,4,6,0,,,4,1,1,0,0,1,1,E01003550,3,1,06/05/2016,06/05/2016,1,9,0,18,,1,0,4,0,0,,,6,Male,20,16 - 20,1910,2,9,2,1,,1,1,2,1,20,4,3,0,0,1,0,0,9,1,4,2016.0,01KF60349,E09000025,0.0,0.0,2.0,2016.0,01KF60349,1.0,5.0,0.0,1.0,1.0,-1,2016.0,01KF60349,2016,6,1,3
138248,201601KF60351,541310.0,184900.0,0.036481,51.545256,1,Slight,2,1,2016-03-05,Saturday,02:03,Newham,E09000025,4,109,6,30.0,6,4,6,0,,,4,1,1,0,0,1,1,E01003561,3,1,03/05/2016,03/05/2016,1,9,0,18,,8,0,0,0,0,,,6,Male,26,26 - 35,1560,2,3,2,1,,1,1,1,1,26,6,3,0,0,0,0,0,9,1,2,2016.0,01KF60351,E09000025,0.0,0.0,2.0,2016.0,01KF60351,5.0,1.0,0.0,3.0,1.0,-1,2016.0,01KF60351,2016,3,1,2
138253,201601KF60356,541950.0,185440.0,0.045922,51.549947,1,Slight,3,3,2016-08-05,Friday,23:10,Newham,E09000025,3,118,6,30.0,0,-1,-1,-1,,,4,1,1,0,0,1,1,E01003591,3,1,08/05/2016,08/05/2016,1,9,0,3,,0,0,0,0,0,,,6,Male,31,26 - 35,1242,1,6,3,1,,1,1,1,1,31,6,3,0,0,0,0,0,9,1,3,2016.0,01KF60356,E09000025,0.0,4.0,2.0,2016.0,01KF60356,6.0,2.0,0.0,2.0,1.0,-1,2016.0,01KF60356,2016,8,3,23
138258,201601KF60361,538230.0,184430.0,-0.008092,51.541794,1,Serious,2,1,2016-06-05,Sunday,01:04,Newham,E09000025,6,0,3,30.0,0,-1,-1,-1,,,4,1,1,0,0,1,1,E01033583,2,2,06/05/2016,06/05/2016,1,9,0,18,,0,0,4,1,0,,,6,Male,26,26 - 35,2143,2,6,3,1,,1,1,1,1,26,6,2,0,0,0,0,0,9,1,3,2016.0,01KF60361,E09000025,0.0,4.0,2.0,2016.0,01KF60361,8.0,4.0,0.0,1.0,1.0,-1,2016.0,01KF60361,2016,6,2,1
138260,201601KF60363,541670.0,182480.0,0.040696,51.52342,1,Slight,2,2,2016-11-05,Saturday,00:50,Newham,E09000025,5,0,6,30.0,0,-1,-1,-1,,,4,5,2,0,0,1,2,E01003539,3,1,11/05/2016,11/05/2016,1,9,0,3,,0,0,0,0,0,,,6,Male,26,26 - 35,1896,2,16,3,1,,1,1,1,1,26,6,3,0,0,0,0,0,9,1,3,2016.0,01KF60363,E09000025,0.0,0.0,2.0,2016.0,01KF60363,4.0,8.0,0.0,2.0,1.0,-1,2016.0,01KF60363,2016,11,2,0
138264,201601KF60367,543800.0,180890.0,0.070729,51.508594,1,Serious,2,1,2016-07-05,Tuesday,02:45,Newham,E09000025,3,406,6,30.0,1,4,6,0,,,4,1,1,0,0,1,1,E01003482,2,2,07/05/2016,07/05/2016,1,9,0,5,,8,0,0,0,0,,,6,Male,25,21 - 25,-1,-1,-1,6,1,,1,1,1,1,25,5,2,0,0,0,0,0,9,1,6,2016.0,01KF60367,E09000025,0.0,0.0,2.0,2016.0,01KF60367,1.0,5.0,0.0,1.0,1.0,-1,2016.0,01KF60367,2016,7,2,2
138267,201601KF60370,542190.0,183690.0,0.048675,51.534162,1,Slight,2,1,2016-09-05,Monday,18:30,Newham,E09000025,5,0,6,30.0,3,4,6,0,,,1,2,2,0,0,1,2,E01003524,3,1,09/05/2016,09/05/2016,1,9,0,3,,2,0,0,0,0,,,6,Male,29,26 - 35,1598,1,10,3,1,,1,1,1,1,29,6,3,0,0,0,0,0,9,1,3,2016.0,01KF60370,E09000025,0.0,0.0,2.0,2016.0,01KF60370,3.0,7.0,0.0,3.0,1.0,-1,2016.0,01KF60370,2016,9,1,18
138270,201601KF60374,542060.0,185520.0,0.04754,51.550639,1,Slight,2,2,2016-05-15,Sunday,23:45,Newham,E09000025,3,118,6,30.0,6,2,3,117,,,4,1,1,0,0,1,2,E01003591,3,1,15/05/2016,15/05/2016,1,9,0,10,,8,0,0,0,0,,,2,Male,23,21 - 25,1560,2,2,1,1,,1,1,1,1,23,5,3,0,0,0,0,0,9,1,1,2016.0,01KF60374,E09000025,0.0,5.0,2.0,2016.0,01KF60374,2.0,1.0,0.0,2.0,1.0,-1,2016.0,01KF60374,2016,5,2,23
138277,201601KF60381,539450.0,183940.0,0.009295,51.537091,1,Slight,2,2,2016-05-16,Monday,23:35,Newham,E09000025,4,165,6,30.0,3,2,4,164,,,4,1,1,0,0,1,1,E01003636,3,1,16/05/2016,16/05/2016,1,9,0,18,,8,0,0,0,0,,,6,Male,32,26 - 35,1584,1,11,2,1,,1,1,2,2,27,6,3,0,0,1,0,0,9,1,2,2016.0,01KF60381,E09000025,0.0,5.0,2.0,2016.0,01KF60381,7.0,3.0,0.0,1.0,1.0,-1,2016.0,01KF60381,2016,5,2,23
138281,201601KF60385,538420.0,183700.0,-0.005641,51.535188,1,Slight,2,1,2016-10-05,Wednesday,21:11,Newham,E09000025,3,11,3,30.0,6,2,5,0,,,4,1,1,0,0,1,1,E01033586,3,1,10/05/2016,10/05/2016,1,3,0,18,,8,0,0,0,0,,,6,Male,26,26 - 35,-1,-1,-1,3,1,,1,1,1,1,26,6,3,0,0,0,0,0,3,1,3,2016.0,01KF60385,E09000025,0.0,5.0,2.0,2016.0,01KF60385,8.0,4.0,0.0,1.0,1.0,-1,2016.0,01KF60385,2016,10,1,21
138284,201601KF60389,540470.0,181760.0,0.023124,51.517249,1,Slight,2,1,2016-05-18,Wednesday,19:22,Newham,E09000025,3,13,3,50.0,6,2,5,0,,,1,1,2,0,0,1,1,E01003517,3,1,18/05/2016,18/05/2016,1,5,0,15,,1,0,0,0,0,,,2,Male,33,26 - 35,689,1,0,2,1,,1,1,2,2,33,6,3,0,0,0,0,0,5,1,2,2016.0,01KF60389,E09000025,0.0,5.0,2.0,2016.0,01KF60389,7.0,3.0,0.0,3.0,1.0,-1,2016.0,01KF60389,2016,5,1,19
138296,201601KF60404,541550.0,185250.0,0.04008,51.548341,1,Serious,1,1,2016-05-28,Saturday,22:55,Newham,E09000025,3,118,6,30.0,6,4,6,0,,,4,1,1,0,0,1,1,E01003586,2,2,28/05/2016,28/05/2016,1,9,0,18,,2,0,0,0,0,,,6,Male,19,16 - 20,999,1,2,4,1,,1,1,3,1,29,6,2,1,1,0,0,2,0,1,3,2016.0,01KF60404,E09000025,0.0,1.0,2.0,2016.0,01KF60404,6.0,2.0,0.0,4.0,1.0,-1,2016.0,01KF60404,2016,5,2,22
138300,201601KF60409,542590.0,183570.0,0.054389,51.532983,1,Slight,2,3,2016-01-06,Wednesday,21:11,Newham,E09000025,3,124,6,30.0,6,2,3,117,,,4,1,1,0,0,1,1,E01003525,3,1,01/06/2016,01/06/2016,1,9,0,5,,2,0,0,0,0,,,6,Male,21,21 - 25,1798,1,8,2,1,,1,1,1,1,21,5,3,0,0,0,0,0,9,1,2,2016.0,01KF60409,E09000025,0.0,5.0,2.0,2016.0,01KF60409,6.0,2.0,0.0,1.0,1.0,-1,2016.0,01KF60409,2016,1,3,21
138302,201601KF60411,543850.0,182640.0,0.072163,51.524307,1,Slight,1,1,2016-05-13,Friday,00:59,Newham,E09000025,3,13,3,50.0,1,4,3,406,,,4,1,1,0,0,1,1,E01003482,3,1,13/05/2016,13/05/2016,1,9,0,18,,2,0,0,1,4,,,6,Male,19,16 - 20,2143,2,2,-1,-1,,1,1,1,1,19,4,3,0,0,0,0,0,9,-1,-1,2016.0,01KF60411,E09000025,0.0,0.0,2.0,2016.0,01KF60411,2.0,6.0,0.0,1.0,1.0,-1,2016.0,01KF60411,2016,5,1,0
138304,201601KF60413,543770.0,182620.0,0.071003,51.524147,1,Slight,3,2,2016-03-06,Sunday,22:40,Newham,E09000025,3,13,7,50.0,0,-1,-1,-1,,,4,1,1,0,0,1,1,E01003482,3,1,03/06/2016,03/06/2016,1,9,0,18,,0,0,0,0,0,,,6,Female,25,21 - 25,2967,2,2,3,1,,1,2,2,2,23,5,3,0,0,1,0,0,9,-1,-1,2016.0,01KF60413,E09000025,0.0,0.0,2.0,2016.0,01KF60413,2.0,6.0,0.0,1.0,1.0,-1,2016.0,01KF60413,2016,3,2,22
138308,201601KF60417,542690.0,185890.0,0.05677,51.553805,1,Slight,1,1,2016-05-28,Saturday,19:05,Newham,E09000025,3,118,6,30.0,3,4,6,0,,,1,1,1,0,0,1,1,E01003576,3,1,28/05/2016,28/05/2016,1,9,0,18,,2,0,0,0,0,,,6,Male,27,26 - 35,1596,1,12,2,1,,1,1,3,1,31,6,3,5,3,0,0,2,0,-1,-1,2016.0,01KF60417,E09000025,0.0,0.0,2.0,2016.0,01KF60417,6.0,2.0,2.0,1.0,1.0,-1,2016.0,01KF60417,2016,5,1,19
138310,201601KF60421,538790.0,184560.0,2.9e-05,51.542825,1,Slight,3,2,2016-05-06,Friday,18:35,Newham,E09000025,3,11,6,30.0,3,2,3,112,,,1,1,1,0,0,1,1,E01003617,3,1,05/06/2016,05/06/2016,1,3,0,18,,1,1,0,0,0,,,6,Male,26,26 - 35,-1,-1,-1,2,1,,2,1,1,1,35,6,3,0,0,0,0,0,9,1,2,2016.0,01KF60421,E09000025,0.0,5.0,2.0,2016.0,01KF60421,6.0,2.0,0.0,2.0,1.0,-1,2016.0,01KF60421,2016,5,2,18
138315,201601KF60429,543710.0,183730.0,0.070591,51.534137,1,Slight,2,1,2016-02-06,Saturday,23:30,Newham,E09000025,3,406,3,50.0,0,-1,-1,-1,,,7,1,1,0,0,1,1,E01003622,3,1,02/06/2016,02/06/2016,1,9,0,18,,0,0,0,0,0,,,6,Male,28,26 - 35,2979,1,2,3,1,,1,1,1,1,28,6,3,0,0,0,0,0,9,1,3,2016.0,01KF60429,E09000025,0.0,0.0,2.0,2016.0,01KF60429,5.0,1.0,0.0,4.0,1.0,-1,2016.0,01KF60429,2016,2,1,23
138325,201601KF60440,540740.0,185040.0,0.028322,51.546656,1,Slight,2,1,2016-11-06,Sunday,20:22,Newham,E09000025,3,118,6,30.0,3,4,6,0,,,1,2,2,0,0,1,2,E01003556,3,1,11/06/2016,11/06/2016,1,3,0,18,,8,0,0,0,0,,,6,Male,22,21 - 25,125,1,4,2,1,,1,1,1,1,22,5,3,0,0,0,0,0,3,1,2,2016.0,01KF60440,E09000025,0.0,0.0,2.0,2016.0,01KF60440,3.0,7.0,0.0,1.0,1.0,-1,2016.0,01KF60440,2016,11,1,20
138332,201601KF60447,540240.0,182170.0,0.019974,51.520991,1,Serious,1,1,2016-06-17,Friday,23:55,Newham,E09000025,3,124,6,30.0,3,4,6,0,,,4,2,2,0,0,1,1,E01003507,2,2,17/06/2016,17/06/2016,1,9,0,14,,1,0,0,0,0,,,1,Male,23,21 - 25,1995,2,11,2,1,,1,1,3,1,23,5,2,4,2,0,0,2,0,1,2,2016.0,01KF60447,E09000025,0.0,1.0,2.0,2016.0,01KF60447,2.0,6.0,0.0,1.0,1.0,-1,2016.0,01KF60447,2016,6,2,23
138341,201601KF60459,542550.0,185810.0,0.05472,51.553121,1,Slight,2,1,2016-06-15,Wednesday,18:06,Newham,E09000025,3,118,6,30.0,3,4,6,0,,,1,1,1,0,0,1,2,E01003578,3,1,15/06/2016,15/06/2016,1,9,0,3,,2,0,0,0,0,,,6,Female,34,26 - 35,1598,1,3,2,1,,1,1,1,2,34,6,3,0,0,0,0,0,9,1,2,2016.0,01KF60459,E09000025,0.0,0.0,2.0,2016.0,01KF60459,6.0,2.0,0.0,2.0,1.0,-1,2016.0,01KF60459,2016,6,1,18
138343,201601KF60461,538310.0,184280.0,-0.006998,51.540427,1,Slight,2,2,2016-06-16,Thursday,19:30,Newham,E09000025,6,0,6,30.0,6,2,6,0,,,1,9,1,0,0,1,1,E01033583,3,1,16/06/2016,16/06/2016,1,9,0,9,,8,0,0,0,0,,,1,Male,31,26 - 35,2143,2,1,4,1,,1,1,1,1,31,6,3,0,0,0,0,0,9,1,4,2016.0,01KF60461,E09000025,0.0,5.0,2.0,2016.0,01KF60461,2.0,8.0,0.0,4.0,1.0,-1,2016.0,01KF60461,2016,6,2,19
138344,201601KF60462,543740.0,183670.0,0.070999,51.53359,1,Slight,2,2,2016-06-13,Monday,18:25,Newham,E09000025,3,406,3,50.0,5,4,6,0,,,1,2,2,0,0,1,1,E01003622,3,1,13/06/2016,13/06/2016,1,9,0,12,,1,0,0,0,0,,,6,Female,26,26 - 35,1390,1,13,3,1,,1,1,1,2,26,6,3,0,0,0,0,0,9,1,3,2016.0,01KF60462,E09000025,0.0,0.0,2.0,2016.0,01KF60462,5.0,1.0,0.0,2.0,1.0,-1,2016.0,01KF60462,2016,6,2,18
138351,201601KF60469,539120.0,185350.0,0.005097,51.549843,1,Serious,2,2,2016-06-26,Sunday,01:56,Newham,E09000025,3,11,6,30.0,6,4,3,112,,,4,1,1,0,0,1,1,E01003615,2,2,26/06/2016,26/06/2016,1,9,0,18,,2,0,0,0,0,,,6,Female,25,21 - 25,1229,1,6,3,1,,1,2,1,2,25,5,3,0,0,0,0,0,9,1,3,2016.0,01KF60469,E09000025,0.0,1.0,2.0,2016.0,01KF60469,1.0,5.0,0.0,1.0,1.0,-1,2016.0,01KF60469,2016,6,4,1
138355,201601KF60473,539490.0,181610.0,0.008949,51.516144,1,Slight,2,2,2016-06-19,Sunday,00:58,Newham,E09000025,3,124,6,30.0,3,4,6,0,,,7,9,1,0,0,1,1,E01003503,3,1,19/06/2016,19/06/2016,1,8,0,18,,1,0,0,0,0,,,1,Male,30,26 - 35,1797,8,4,1,1,,2,1,2,1,27,6,3,0,0,2,0,0,9,-1,-1,2016.0,01KF60473,E09000025,0.0,1.0,2.0,2016.0,01KF60473,6.0,2.0,0.0,3.0,1.0,-1,2016.0,01KF60473,2016,6,2,0
138359,201601KF60477,539720.0,181250.0,0.012119,51.512852,1,Slight,1,1,2016-06-20,Monday,18:17,Newham,E09000025,6,0,6,30.0,3,4,6,0,,,1,9,1,0,0,1,1,E01033585,3,1,20/06/2016,20/06/2016,1,9,0,3,,2,0,0,0,0,,,6,Female,26,26 - 35,1242,1,2,3,1,,1,1,3,2,6,2,3,5,3,0,0,2,0,-1,-1,2016.0,01KF60477,E09000025,0.0,0.0,2.0,2016.0,01KF60477,1.0,5.0,0.0,3.0,1.0,-1,2016.0,01KF60477,2016,6,1,18
138368,201601KF60488,540500.0,181750.0,0.023552,51.517152,1,Slight,2,1,2016-05-20,Friday,22:05,Newham,E09000025,3,13,3,50.0,8,4,6,0,,,4,1,1,0,0,1,1,E01003517,3,1,20/05/2016,20/05/2016,1,9,0,7,,5,0,0,0,0,,,6,Male,35,26 - 35,1598,1,0,4,1,,2,1,1,1,26,6,3,0,0,0,0,0,5,1,4,2016.0,01KF60488,E09000025,0.0,0.0,2.0,2016.0,01KF60488,3.0,5.0,0.0,4.0,1.0,-1,2016.0,01KF60488,2016,5,1,22
138370,201601KF60490,540550.0,185010.0,0.025572,51.546434,1,Serious,2,1,2016-06-21,Tuesday,00:39,Newham,E09000025,3,118,6,30.0,6,4,3,114,,,4,1,1,0,0,1,1,E01003558,2,2,21/06/2016,21/06/2016,1,3,0,18,,8,0,0,0,0,,,2,Male,25,21 - 25,125,1,10,4,1,,1,1,1,1,25,5,2,0,0,0,0,0,3,1,4,2016.0,01KF60490,E09000025,0.0,4.0,2.0,2016.0,01KF60490,7.0,3.0,0.0,3.0,1.0,-1,2016.0,01KF60490,2016,6,2,0
138380,201601KF60502,541650.0,184860.0,0.041365,51.544811,1,Slight,2,1,2016-06-27,Monday,05:30,Newham,E09000025,6,0,6,30.0,6,4,6,0,,,1,9,1,0,0,1,2,E01003560,3,1,27/06/2016,27/06/2016,1,9,0,4,,8,0,0,0,0,,,6,Male,32,26 - 35,-1,-1,-1,1,1,,1,1,1,1,32,6,3,0,0,0,0,0,9,1,1,2016.0,01KF60502,E09000025,0.0,0.0,2.0,2016.0,01KF60502,5.0,1.0,0.0,2.0,1.0,-1,2016.0,01KF60502,2016,6,1,5
138383,201601KF60506,542200.0,184910.0,0.049311,51.545122,1,Slight,2,1,2016-06-26,Sunday,23:40,Newham,E09000025,3,117,6,30.0,3,4,6,0,,,7,9,1,0,0,1,1,E01003589,3,1,26/06/2016,26/06/2016,1,9,0,14,,1,0,0,0,0,,,6,Female,22,21 - 25,1198,1,2,3,1,,2,1,1,1,37,7,3,0,0,0,0,0,9,1,3,2016.0,01KF60506,E09000025,0.0,0.0,2.0,2016.0,01KF60506,1.0,5.0,0.0,1.0,1.0,-1,2016.0,01KF60506,2016,6,1,23