,accident_index,location_easting_osgr,location_northing_osgr,longitude,latitude,police_force,accident_severity,number_of_vehicles,number_of_casualties,date,day_of_week,time,local_authority_district,local_authority_highway,first_road_class,first_road_number,road_type,speed_limit,junction_detail,junction_control,second_road_class,second_road_number,pedestrian_crossing-human_control,pedestrian_crossing-physical_facilities,light_conditions,weather_conditions,road_surface_conditions,special_conditions_at_site,carriageway_hazards,urban_or_rural_area,did_police_officer_attend_scene_of_accident,lsoa_of_accident_location,accident_severity_num,accident_severity_inv,date2,date_original,vehicle_reference_x,vehicle_type,towing_and_articulation,vehicle_manoeuvre,vehicle_location-restricted_lane,junction_location,skidding_and_overturning,hit_object_in_carriageway,vehicle_leaving_carriageway,hit_object_off_carriageway,1st_point_of_impact,was_vehicle_left_hand_drive?,journey_purpose_of_driver,sex_of_driver,age_of_driver,age_band_of_driver,engine_capacity_cc,propulsion_code,age_of_vehicle,driver_imd_decile,driver_home_area_type,vehicle_imd_decile,vehicle_reference_y,casualty_reference,casualty_class,sex_of_casualty,age_of_casualty,age_band_of_casualty,casualty_severity,pedestrian_location,pedestrian_movement,car_passenger,bus_or_coach_passenger,pedestrian_road_maintenance_worker,casualty_type,casualty_home_area_type,casualty_imd_decile,accident_year_x,accident_reference_x,local_authority_ons_district,pedestrian_crossing_human_control,pedestrian_crossing_physical_facilities,trunk_road_flag,accident_year_y,accident_reference_y,vehicle_direction_from,vehicle_direction_to,vehicle_location_restricted_lane,first_point_of_impact,vehicle_left_hand_drive,generic_make_model,accident_year,accident_reference,year,month,severity,hours
138398,201601KF60528,540930.0,185060.0,0.031069,51.546788,1,Slight,2,2,2016-10-07,Friday,20:30,Newham,E09000025,4,167,6,20.0,6,2,3,118,,,1,1,1,0,0,1,2,E01003570,3,1,10/07/2016,10/07/2016,1,9,0,8,,1,0,0,0,0,,,6,Female,27,26 - 35,2616,1,9,6,1,,1,1,1,2,27,6,3,0,0,0,0,0,9,1,6,2016.0,01KF60528,E09000025,0.0,5.0,2.0,2016.0,01KF60528,5.0,7.0,0.0,2.0,1.0,-1,2016.0,01KF60528,2016,10,2,20
138402,201601KF60532,541260.0,185150.0,0.035861,51.547515,1,Slight,2,1,2016-05-16,Monday,00:35,Newham,E09000025,3,118,6,30.0,6,2,4,109,,,4,1,1,0,0,1,2,E01003567,3,1,16/05/2016,16/05/2016,1,9,0,3,,1,0,0,0,0,,,6,Male,26,26 - 35,1598,1,8,4,1,,1,1,1,1,26,6,3,0,0,0,0,0,9,1,4,2016.0,01KF60532,E09000025,0.0,5.0,2.0,2016.0,01KF60532,3.0,7.0,0.0,2.0,1.0,-1,2016.0,01KF60532,2016,5,1,0
138405,201601KF60535,541190.0,184010.0,0.034395,51.537288,1,Slight,2,2,2016-08-07,Sunday,18:46,Newham,E09000025,4,167,6,30.0,3,2,4,165,,,1,1,1,0,0,1,1,E01003569,3,1,08/07/2016,08/07/2016,1,9,0,18,,8,0,0,0,0,,,1,Male,32,26 - 35,-1,-1,-1,-1,-1,,2,1,1,2,23,5,3,0,0,0,0,0,9,1,3,2016.0,01KF60535,E09000025,0.0,5.0,2.0,2016.0,01KF60535,8.0,4.0,0.0,3.0,1.0,-1,2016.0,01KF60535,2016,8,2,18
138409,201601KF60540,543870.0,182640.0,0.072451,51.524302,1,Slight,2,1,2016-05-07,Saturday,00:50,Newham,E09000025,3,406,1,40.0,1,2,3,13,,,4,1,1,0,0,1,1,E01003482,3,1,05/07/2016,05/07/2016,1,3,0,7,,8,0,0,0,0,,,6,Male,20,16 - 20,125,1,0,2,1,,1,1,1,1,20,4,3,0,0,0,0,0,3,1,2,2016.0,01KF60540,E09000025,0.0,0.0,2.0,2016.0,01KF60540,4.0,7.0,0.0,3.0,1.0,-1,2016.0,01KF60540,2016,5,1,0
138418,201601KF60553,541620.0,185000.0,0.040989,51.546077,1,Slight,2,1,2016-06-06,Monday,21:23,Newham,E09000025,6,0,6,30.0,6,4,6,0,,,7,9,1,0,0,1,1,E01003586,3,1,06/06/2016,06/06/2016,1,9,0,18,,8,0,0,0,0,,,6,Male,24,21 - 25,1560,2,10,-1,-1,,2,1,1,1,68,10,3,0,0,0,0,0,9,-1,-1,2016.0,01KF60553,E09000025,0.0,0.0,2.0,2016.0,01KF60553,1.0,5.0,0.0,1.0,1.0,-1,2016.0,01KF60553,2016,6,1,21
138426,201601KF60563,539180.0,183560.0,0.005254,51.533743,1,Slight,2,1,2016-10-05,Wednesday,19:15,Newham,E09000025,6,0,6,30.0,3,4,6,0,,,1,2,2,0,0,1,2,E01003634,3,1,10/05/2016,10/05/2016,1,8,0,10,,1,0,0,0,0,,,1,Male,22,21 - 25,1956,2,5,2,1,,1,1,2,1,18,4,3,0,0,2,0,0,8,1,2,2016.0,01KF60563,E09000025,0.0,1.0,2.0,2016.0,01KF60563,8.0,5.0,0.0,2.0,1.0,-1,2016.0,01KF60563,2016,10,1,19
138435,201601KF60575,541680.0,181730.0,0.040539,51.516678,1,Slight,2,1,2016-07-19,Tuesday,21:15,Newham,E09000025,5,0,6,30.0,0,-1,-1,-1,,,1,1,1,0,0,1,2,E01003518,3,1,19/07/2016,19/07/2016,1,9,0,3,,0,0,0,0,0,,,6,Female,26,26 - 35,998,1,6,2,1,,1,1,1,2,26,6,3,0,0,0,0,0,9,1,2,2016.0,01KF60575,E09000025,0.0,1.0,2.0,2016.0,01KF60575,7.0,3.0,0.0,2.0,1.0,-1,2016.0,01KF60575,2016,7,1,21
138441,201601KF60581,543050.0,182610.0,0.060627,51.52424,1,Slight,1,1,2016-08-05,Friday,18:14,Newham,E09000025,6,0,6,30.0,3,4,6,0,,,1,1,1,0,0,1,1,E01003536,3,1,08/05/2016,08/05/2016,1,9,0,18,,2,0,0,0,0,,,6,Female,27,26 - 35,-1,-1,-1,3,1,,1,1,3,1,7,2,3,5,4,0,0,2,0,1,4,2016.0,01KF60581,E09000025,0.0,0.0,2.0,2016.0,01KF60581,2.0,6.0,0.0,3.0,1.0,-1,2016.0,01KF60581,2016,8,1,18
138444,201601KF60586,539440.0,181490.0,0.008182,51.515078,1,Slight,2,1,2016-07-29,Friday,18:25,Newham,E09000025,3,1011,1,30.0,1,2,3,13,,,1,1,1,0,0,1,2,E01033585,3,1,29/07/2016,29/07/2016,1,9,0,10,,1,0,0,0,0,,,6,Male,28,26 - 35,1988,1,13,3,1,,1,1,1,1,28,6,3,0,0,0,0,0,9,1,3,2016.0,01KF60586,E09000025,0.0,5.0,2.0,2016.0,01KF60586,4.0,2.0,0.0,2.0,1.0,-1,2016.0,01KF60586,2016,7,1,18
138446,201601KF60588,539700.0,182220.0,0.012215,51.521574,1,Slight,2,1,2016-06-16,Thursday,19:20,Newham,E09000025,5,0,6,30.0,3,4,6,0,,,1,2,2,0,0,1,1,E01003502,3,1,16/06/2016,16/06/2016,1,9,0,7,,8,1,10,7,10,,,6,Female,25,21 - 25,1229,1,8,2,1,,1,1,1,2,25,5,3,0,0,0,0,0,9,1,2,2016.0,01KF60588,E09000025,0.0,0.0,2.0,2016.0,01KF60588,5.0,7.0,0.0,1.0,1.0,-1,2016.0,01KF60588,2016,6,1,19
138453,201601KF60595,540970.0,184890.0,0.031577,51.545251,1,Slight,2,2,2016-10-07,Friday,19:05,Newham,E09000025,4,167,6,30.0,6,4,6,0,,,1,1,1,0,0,1,1,E01003570,3,1,10/07/2016,10/07/2016,1,9,0,18,,8,0,0,0,0,,,6,Male,32,26 - 35,2979,1,13,2,1,,2,1,1,1,29,6,3,0,0,0,0,0,9,1,5,2016.0,01KF60595,E09000025,0.0,0.0,2.0,2016.0,01KF60595,1.0,5.0,0.0,4.0,1.0,-1,2016.0,01KF60595,2016,10,2,19
138458,201601KF60601,543400.0,183800.0,0.066153,51.534844,1,Slight,2,3,2016-02-08,Monday,00:20,Newham,E09000025,3,124,6,30.0,0,-1,-1,-1,,,4,2,2,0,0,1,1,E01003622,3,1,02/08/2016,02/08/2016,1,9,0,9,,0,0,0,0,0,,,6,Male,27,26 - 35,1598,1,12,4,1,,1,1,1,1,27,6,3,0,0,0,0,0,9,1,4,2016.0,01KF60601,E09000025,0.0,0.0,2.0,2016.0,01KF60601,2.0,8.0,0.0,2.0,1.0,-1,2016.0,01KF60601,2016,2,3,0
138465,201601KF60608,541070.0,181440.0,0.031637,51.514224,1,Slight,2,1,2016-07-20,Wednesday,23:20,Newham,E09000025,3,112,6,30.0,3,4,6,0,,,4,1,1,0,0,1,1,E01003512,3,1,20/07/2016,20/07/2016,1,9,0,18,,1,0,0,0,0,,,6,Male,28,26 - 35,1596,1,15,1,1,,2,1,2,2,22,5,3,0,0,1,0,0,9,1,3,2016.0,01KF60608,E09000025,0.0,0.0,2.0,2016.0,01KF60608,1.0,5.0,0.0,4.0,1.0,-1,2016.0,01KF60608,2016,7,1,23
138467,201601KF60610,540460.0,181760.0,0.02298,51.517252,1,Slight,3,2,2016-07-08,Friday,22:55,Newham,E09000025,3,13,3,50.0,3,2,5,0,,,4,1,1,0,0,1,1,E01003508,3,1,07/08/2016,07/08/2016,1,9,0,18,,1,0,0,0,0,,,6,Male,33,26 - 35,-1,-1,-1,5,1,,2,1,1,1,24,5,3,0,0,0,0,0,8,1,3,2016.0,01KF60610,E09000025,0.0,0.0,2.0,2016.0,01KF60610,7.0,3.0,0.0,4.0,1.0,-1,2016.0,01KF60610,2016,7,2,22
138477,201601KF60620,539690.0,183390.0,0.012535,51.53209,1,Slight,2,1,2016-07-08,Friday,20:50,Newham,E09000025,6,0,3,20.0,3,4,6,0,,,4,1,1,0,0,1,1,E01003632,3,1,07/08/2016,07/08/2016,1,9,0,18,,1,0,4,0,0,,,6,Male,23,21 - 25,-1,-1,-1,3,1,,1,1,1,1,23,5,3,0,0,0,0,0,9,1,3,2016.0,01KF60620,E09000025,0.0,0.0,2.0,2016.0,01KF60620,3.0,7.0,0.0,1.0,1.0,-1,2016.0,01KF60620,2016,7,1,20
138484,201601KF60628,543440.0,184240.0,0.066908,51.538788,1,Slight,2,1,2016-01-08,Friday,18:45,Newham,E09000025,3,406,3,50.0,5,4,3,406,,,1,2,2,0,0,1,1,E01003625,3,1,01/08/2016,01/08/2016,1,3,0,18,,1,0,0,0,0,,,6,Male,18,16 - 20,124,1,6,2,1,,1,1,1,1,18,4,3,0,0,0,0,0,3,1,2,2016.0,01KF60628,E09000025,0.0,0.0,2.0,2016.0,01KF60628,5.0,1.0,0.0,3.0,1.0,-1,2016.0,01KF60628,2016,1,1,18
138487,201601KF60631,543860.0,182790.0,0.072368,51.525652,1,Slight,2,2,2016-07-08,Friday,18:33,Newham,E09000025,3,406,1,30.0,1,4,3,13,,,1,1,1,0,0,1,2,E01003535,3,1,07/08/2016,07/08/2016,1,9,0,17,,8,0,0,0,0,,,6,Male,35,26 - 35,-1,-1,-1,8,1,,1,1,1,1,35,6,3,0,0,0,0,0,9,1,8,2016.0,01KF60631,E09000025,0.0,0.0,2.0,2016.0,01KF60631,5.0,2.0,0.0,4.0,1.0,-1,2016.0,01KF60631,2016,7,2,18
138489,201601KF60633,538930.0,184350.0,0.001964,51.540904,1,Slight,2,2,2016-08-14,Sunday,22:56,Newham,E09000025,3,11,6,30.0,3,2,3,112,,,4,1,1,0,0,1,1,E01003619,3,1,14/08/2016,14/08/2016,1,9,0,9,,8,0,0,0,0,,,6,Male,26,26 - 35,1240,1,7,4,1,,2,1,1,1,34,6,3,0,0,0,0,0,9,1,4,2016.0,01KF60633,E09000025,0.0,5.0,2.0,2016.0,01KF60633,4.0,2.0,0.0,3.0,1.0,-1,2016.0,01KF60633,2016,8,2,22
138492,201601KF60639,541430.0,183260.0,0.037552,51.530489,1,Slight,2,1,2016-11-08,Tuesday,22:38,Newham,E09000025,4,167,6,30.0,6,2,3,124,,,7,9,1,0,0,1,1,E01003491,3,1,11/08/2016,11/08/2016,1,3,0,5,,8,0,0,0,0,,,6,Male,33,26 - 35,124,1,12,2,1,,1,1,1,1,33,6,3,0,0,0,0,0,3,1,2,2016.0,01KF60639,E09000025,0.0,5.0,2.0,2016.0,01KF60639,1.0,5.0,0.0,4.0,1.0,-1,2016.0,01KF60639,2016,11,1,22
138504,201601KF60651,539090.0,184730.0,0.00442,51.544279,1,Slight,2,1,2016-08-18,Thursday,22:00,Newham,E09000025,3,11,6,30.0,0,-1,-1,-1,,,7,9,1,0,0,1,1,E01003617,3,1,18/08/2016,18/08/2016,1,3,0,18,,0,0,0,0,0,,,6,Male,26,26 - 35,-1,-1,-1,4,1,,1,1,1,1,26,6,3,0,0,0,0,0,3,1,4,2016.0,01KF60651,E09000025,0.0,4.0,2.0,2016.0,01KF60651,1.0,5.0,0.0,3.0,1.0,-1,2016.0,01KF60651,2016,8,1,22
138509,201601KF60659,541400.0,181850.0,0.036554,51.517826,1,Slight,4,1,2016-08-18,Thursday,21:00,Newham,E09000025,3,13,3,50.0,0,-1,-1,-1,,,4,1,1,0,0,1,1,E01003516,3,1,18/08/2016,18/08/2016,1,9,0,12,,0,0,0,0,0,,,6,Male,33,26 - 35,1798,1,7,-1,-1,,3,1,1,2,56,9,3,0,0,0,0,0,9,1,2,2016.0,01KF60659,E09000025,0.0,0.0,2.0,2016.0,01KF60659,2.0,6.0,0.0,3.0,1.0,-1,2016.0,01KF60659,2016,8,1,21
138510,201601KF60660,541080.0,180110.0,0.03125,51.50227,1,Slight,2,1,2016-08-21,Sunday,18:10,Newham,E09000025,3,1011,6,30.0,3,2,6,0,,,1,1,1,0,0,1,1,E01003609,3,1,21/08/2016,21/08/2016,1,9,0,3,,1,0,0,0,0,,,6,Male,35,26 - 35,2480,1,2,3,1,,1,1,1,1,35,6,3,0,0,0,0,0,9,1,3,2016.0,01KF60660,E09000025,0.0,5.0,2.0,2016.0,01KF60660,3.0,7.0,0.0,2.0,1.0,-1,2016.0,01KF60660,2016,8,1,18
138511,201601KF60661,541610.0,185030.0,0.040857,51.546349,1,Slight,2,2,2016-08-27,Saturday,18:30,Newham,E09000025,6,0,6,30.0,8,4,6,0,,,1,1,1,0,0,1,2,E01003586,3,1,27/08/2016,27/08/2016,1,9,0,18,,1,0,0,0,0,,,6,Male,24,21 - 25,1598,1,9,2,1,,1,1,1,1,24,5,3,0,0,0,0,0,9,1,2,2016.0,01KF60661,E09000025,0.0,0.0,2.0,2016.0,01KF60661,5.0,1.0,0.0,1.0,1.0,-1,2016.0,01KF60661,2016,8,2,18
138514,201601KF60666,543510.0,181690.0,0.066879,51.515857,1,Slight,2,1,2016-08-24,Wednesday,19:35,Newham,E09000025,6,0,6,30.0,3,4,6,0,,,1,1,1,0,0,1,1,E01003482,3,1,24/08/2016,24/08/2016,1,5,0,18,,1,0,4,0,0,,,6,Male,26,26 - 35,-1,-1,-1,4,1,,1,1,1,1,26,6,3,0,0,0,0,0,5,1,4,2016.0,01KF60666,E09000025,0.0,0.0,2.0,2016.0,01KF60666,1.0,5.0,0.0,1.0,1.0,-1,2016.0,01KF60666,2016,8,1,19
138522,201601KF60677,539790.0,181840.0,0.013361,51.518137,1,Slight,2,1,2016-08-26,Friday,18:31,Newham,E09000025,5,0,6,30.0,6,2,3,124,,,1,9,1,0,0,1,2,E01003502,3,1,26/08/2016,26/08/2016,1,9,0,3,,1,0,0,0,0,,,6,Male,30,26 - 35,1797,8,4,1,1,,1,1,1,1,30,6,3,0,0,0,0,0,9,1,1,2016.0,01KF60677,E09000025,0.0,5.0,2.0,2016.0,01KF60677,8.0,4.0,0.0,2.0,1.0,-1,2016.0,01KF60677,2016,8,1,18
138531,201601KF60697,541100.0,184150.0,0.033154,51.538569,1,Slight,2,1,2016-07-17,Sunday,23:45,Newham,E09000025,4,167,6,30.0,3,4,6,0,,,4,1,1,0,0,1,1,E01003569,3,1,17/07/2016,17/07/2016,1,9,0,6,,2,0,0,0,0,,,6,Male,24,21 - 25,999,1,17,2,1,,2,1,2,2,15,3,3,0,0,0,4,0,11,1,4,2016.0,01KF60697,E09000025,0.0,0.0,2.0,2016.0,01KF60697,4.0,4.0,0.0,3.0,1.0,-1,2016.0,01KF60697,2016,7,1,23
138548,201601KF60844,538420.0,183690.0,-0.005645,51.535098,1,Slight,2,1,2016-07-13,Wednesday,21:00,Newham,E09000025,3,11,3,30.0,6,2,3,11,,,1,1,1,0,0,1,1,E01033578,3,1,13/07/2016,13/07/2016,1,9,0,18,,8,0,0,0,0,,,6,Male,25,21 - 25,1988,1,12,3,1,,1,1,1,1,25,5,3,0,0,0,0,0,9,1,3,2016.0,01KF60844,E09000025,0.0,5.0,2.0,2016.0,01KF60844,4.0,8.0,0.0,3.0,1.0,-1,2016.0,01KF60844,2016,7,1,21
138551,201601KG70002,549530.0,183370.0,0.154288,51.529392,1,Slight,1,1,2016-01-17,Sunday,18:00,Barking and Dagenham,E09000002,3,1306,3,30.0,0,-1,-1,-1,,,4,1,1,0,0,1,1,E01000090,3,1,17/01/2016,17/01/2016,1,9,0,5,,0,0,0,0,0,,,6,Male,20,16 - 20,1364,1,9,4,1,,1,1,3,1,52,8,3,9,5,0,0,2,0,1,3,2016.0,01KG70002,E09000002,0.0,0.0,2.0,2016.0,01KG70002,8.0,4.0,0.0,3.0,1.0,-1,2016.0,01KG70002,2016,1,1,18
138554,201601KG70005,549010.0,185390.0,0.147652,51.547679,1,Slight,2,2,2016-02-01,Monday,21:55,Barking and Dagenham,E09000002,3,1240,6,30.0,6,4,6,0,,,4,1,2,0,0,1,1,E01000017,3,1,02/01/2016,02/01/2016,1,9,0,5,,8,0,0,0,0,,,6,Male,28,26 - 35,2184,2,9,2,1,,2,1,2,1,17,4,3,0,0,2,0,0,9,1,3,2016.0,01KG70005,E09000002,0.0,0.0,2.0,2016.0,01KG70005,7.0,3.0,0.0,1.0,1.0,-1,2016.0,01KG70005,2016,2,2,21
138556,201601KG70008,543850.0,182960.0,0.072294,51.527182,1,Slight,3,1,2016-05-01,Sunday,21:40,Newham,E09000025,3,406,3,40.0,0,-1,-1,-1,,,4,1,1,0,3,1,1,E01003535,3,1,05/01/2016,05/01/2016,1,9,0,18,,0,0,0,0,0,,,6,Female,24,21 - 25,1598,1,6,3,1,,1,1,1,2,24,5,3,0,0,0,0,0,9,1,3,2016.0,01KG70008,E09000025,0.0,0.0,2.0,2016.0,01KG70008,5.0,1.0,0.0,1.0,1.0,-1,2016.0,01KG70008,2016,5,1,21
138558,201601KG70011,545910.0,183960.0,0.102383,51.53564,1,Slight,2,3,2016-01-01,Friday,18:41,Barking and Dagenham,E09000002,3,123,6,30.0,3,2,5,0,,,4,1,2,0,0,1,1,E01000043,3,1,01/01/2016,01/01/2016,1,9,0,9,,8,0,0,0,0,,,6,Female,33,26 - 35,-1,-1,-1,6,1,,2,1,1,1,23,5,3,0,0,0,0,0,9,1,2,2016.0,01KG70011,E09000002,0.0,5.0,2.0,2016.0,01KG70011,4.0,1.0,0.0,1.0,1.0,-1,2016.0,01KG70011,2016,1,3,18
138569,201601KG70025,547700.0,183580.0,0.128013,51.53176,1,Slight,2,1,2016-01-20,Wednesday,18:24,Barking and Dagenham,E09000002,3,13,3,50.0,0,-1,-1,-1,,,4,1,2,0,0,1,1,E01000095,3,1,20/01/2016,20/01/2016,1,9,0,18,,0,0,0,0,0,,,6,Male,21,21 - 25,1968,2,2,7,1,,1,1,1,1,21,5,3,0,0,0,0,0,9,1,7,2016.0,01KG70025,E09000002,0.0,0.0,2.0,2016.0,01KG70025,7.0,3.0,0.0,3.0,1.0,-1,2016.0,01KG70025,2016,1,1,18
138573,201601KG70030,543740.0,183650.0,0.070991,51.53341,1,Slight,3,4,2016-01-21,Thursday,22:53,Newham,E09000025,3,406,3,50.0,0,-1,-1,-1,,,4,1,1,0,0,1,1,E01003623,3,1,21/01/2016,21/01/2016,1,9,0,18,,0,1,0,0,0,,,6,Male,33,26 - 35,1598,1,10,6,1,,1,1,1,1,33,6,3,0,0,0,0,0,9,1,6,2016.0,01KG70030,E09000025,0.0,0.0,2.0,2016.0,01KG70030,4.0,8.0,0.0,2.0,1.0,-1,2016.0,01KG70030,2016,1,4,22
138598,201601KG70066,544990.0,183250.0,0.088835,51.529497,1,Slight,2,1,2016-03-02,Wednesday,18:11,Barking and Dagenham,E09000002,3,13,3,50.0,0,-1,-1,-1,,,4,1,1,0,0,1,1,E01000049,3,1,03/02/2016,03/02/2016,1,3,0,18,,0,0,0,0,0,,,6,Male,29,26 - 35,125,1,9,4,1,,1,1,1,1,29,6,3,0,0,0,0,0,3,1,4,2016.0,01KG70066,E09000002,0.0,0.0,2.0,2016.0,01KG70066,6.0,2.0,0.0,3.0,1.0,-1,2016.0,01KG70066,2016,3,1,18
138605,201601KG70073,548900.0,186390.0,0.146489,51.556694,1,Slight,2,1,2016-10-02,Sunday,22:07,Barking and Dagenham,E09000002,3,124,6,30.0,3,4,3,1240,,,4,1,1,0,0,1,1,E01000063,3,1,10/02/2016,10/02/2016,1,3,0,13,,1,0,0,0,0,,,6,Male,24,21 - 25,599,1,11,-1,-1,,1,1,1,1,24,5,3,0,0,0,0,0,3,-1,-1,2016.0,01KG70073,E09000002,0.0,1.0,2.0,2016.0,01KG70073,6.0,2.0,0.0,1.0,1.0,-1,2016.0,01KG70073,2016,10,1,22
138611,201601KG70079,549140.0,185790.0,0.149694,51.551239,1,Slight,2,2,2016-02-22,Monday,18:25,Barking and Dagenham,E09000002,5,0,6,30.0,6,4,6,0,,,4,1,1,0,0,1,1,E01000065,3,1,22/02/2016,22/02/2016,1,9,0,5,,8,0,10,1,10,,,6,Female,32,26 - 35,1769,1,12,2,1,,1,1,1,2,32,6,3,0,0,0,0,0,9,1,2,2016.0,01KG70079,E09000002,0.0,0.0,2.0,2016.0,01KG70079,1.0,5.0,0.0,3.0,1.0,-1,2016.0,01KG70079,2016,2,2,18
138613,201601KG70081,546280.0,183650.0,0.107585,51.532758,1,Slight,3,1,2016-02-16,Tuesday,23:00,Barking and Dagenham,E09000002,3,13,3,50.0,0,-1,-1,-1,,,4,1,1,0,0,1,2,E01000045,3,1,16/02/2016,16/02/2016,1,9,0,18,,0,0,0,0,0,,,6,Male,26,26 - 35,-1,-1,-1,1,1,,1,1,1,1,26,6,3,0,0,0,0,0,9,1,1,2016.0,01KG70081,E09000002,0.0,0.0,2.0,2016.0,01KG70081,7.0,3.0,0.0,4.0,1.0,-1,2016.0,01KG70081,2016,2,1,23
138614,201601KG70082,547700.0,189450.0,0.130477,51.584504,1,Slight,2,2,2016-02-25,Thursday,05:40,Barking and Dagenham,E09000002,6,0,6,30.0,3,4,6,0,,,4,1,1,0,0,1,1,E01000030,3,1,25/02/2016,25/02/2016,1,9,0,7,,2,0,0,0,0,,,2,Male,34,26 - 35,1984,2,5,2,1,,1,1,1,1,34,6,3,0,0,0,0,0,9,1,2,2016.0,01KG70082,E09000002,0.0,0.0,2.0,2016.0,01KG70082,7.0,1.0,0.0,1.0,1.0,-1,2016.0,01KG70082,2016,2,2,5
138621,201601KG70091,547510.0,185330.0,0.126009,51.547534,1,Slight,3,1,2016-02-16,Tuesday,05:50,Barking and Dagenham,E09000002,3,1153,3,30.0,3,4,6,0,,,4,1,4,0,0,1,1,E01000077,3,1,16/02/2016,16/02/2016,1,3,0,13,,1,0,0,0,0,,,2,Male,24,21 - 25,102,1,10,1,1,,1,1,1,1,24,5,3,0,0,0,0,0,3,1,1,2016.0,01KG70091,E09000002,0.0,0.0,2.0,2016.0,01KG70091,6.0,2.0,0.0,1.0,1.0,-1,2016.0,01KG70091,2016,2,1,5
138627,201601KG70097,549560.0,183330.0,0.154703,51.529024,1,Slight,2,1,2016-02-20,Saturday,21:00,Barking and Dagenham,E09000002,4,178,6,30.0,3,2,3,1306,,,4,1,2,0,0,1,2,E01000090,3,1,20/02/2016,20/02/2016,1,9,0,9,,8,0,0,0,0,,,6,Male,32,26 - 35,-1,-1,-1,2,1,,1,1,1,1,32,6,3,0,0,0,0,0,9,1,2,2016.0,01KG70097,E09000002,0.0,0.0,2.0,2016.0,01KG70097,2.0,8.0,0.0,3.0,1.0,-1,2016.0,01KG70097,2016,2,1,21
138645,201601KG70119,543800.0,183540.0,0.07181,51.532407,1,Slight,2,1,2016-02-02,Tuesday,00:10,Newham,E09000025,3,406,3,50.0,5,4,6,0,,,4,1,1,0,0,1,1,E01003623,3,1,02/02/2016,02/02/2016,1,9,0,18,,8,0,0,0,0,,,2,Male,25,21 - 25,1686,2,13,3,1,,1,1,1,1,25,5,3,0,0,0,0,0,9,1,3,2016.0,01KG70119,E09000025,0.0,0.0,2.0,2016.0,01KG70119,8.0,4.0,0.0,1.0,1.0,-1,2016.0,01KG70119,2016,2,1,0
138649,201601KG70124,546650.0,185670.0,0.113757,51.550813,1,Slight,2,1,2016-03-17,Thursday,19:28,Barking and Dagenham,E09000002,5,0,6,30.0,0,-1,-1,-1,,,4,1,1,0,0,1,1,E01000023,3,1,17/03/2016,17/03/2016,1,9,0,18,,0,0,0,0,0,,,6,Male,34,26 - 35,-1,-1,-1,2,1,,1,1,1,1,34,6,3,0,0,0,0,0,9,1,2,2016.0,01KG70124,E09000002,0.0,0.0,2.0,2016.0,01KG70124,1.0,5.0,0.0,1.0,1.0,-1,2016.0,01KG70124,2016,3,1,19
138657,201601KG70134,546530.0,183920.0,0.111299,51.53512,1,Slight,2,2,2016-02-17,Wednesday,22:36,Barking and Dagenham,E09000002,3,1153,6,30.0,3,4,6,0,,,4,1,1,0,0,1,1,E01000045,3,1,17/02/2016,17/02/2016,1,9,0,3,,1,0,0,0,0,,,6,Male,22,21 - 25,2987,2,10,2,1,,1,1,1,1,22,5,3,0,0,0,0,0,9,1,2,2016.0,01KG70134,E09000002,0.0,4.0,2.0,2016.0,01KG70134,6.0,2.0,0.0,2.0,1.0,-1,2016.0,01KG70134,2016,2,2,22
138659,201601KG70136,549080.0,184550.0,0.148305,51.540113,1,Slight,2,1,2016-02-14,Sunday,21:20,Barking and Dagenham,E09000002,3,1240,6,30.0,6,2,3,1240,,,4,2,2,0,0,1,1,E01000085,3,1,14/02/2016,14/02/2016,1,9,0,4,,1,0,0,0,0,,,6,Male,35,26 - 35,2099,1,14,3,1,,1,1,2,2,26,6,3,0,0,1,0,0,9,1,3,2016.0,01KG70136,E09000002,0.0,5.0,2.0,2016.0,01KG70136,3.0,7.0,0.0,1.0,1.0,-1,2016.0,01KG70136,2016,2,1,21
138665,201601KG70142,549620.0,183520.0,0.155648,51.530716,1,Slight,1,1,2016-03-26,Saturday,20:35,Barking and Dagenham,E09000002,4,178,6,30.0,0,-1,-1,-1,,,4,1,1,0,0,1,1,E01000088,3,1,26/03/2016,26/03/2016,1,9,0,18,,0,0,0,0,0,,,6,Female,25,21 - 25,998,1,6,10,1,,1,1,3,1,29,6,3,5,1,0,0,2,0,-1,-1,2016.0,01KG70142,E09000002,0.0,0.0,2.0,2016.0,01KG70142,1.0,5.0,0.0,4.0,1.0,-1,2016.0,01KG70142,2016,3,1,20
138671,201601KG70153,548440.0,189060.0,0.140986,51.580805,1,Slight,1,1,2016-04-01,Friday,20:10,Barking and Dagenham,E09000002,3,1112,3,40.0,3,4,3,12,,,4,1,1,0,0,1,1,E01000030,3,1,04/01/2016,04/01/2016,1,9,0,7,,1,0,10,1,7,,,6,Male,25,21 - 25,1242,1,11,5,1,,1,1,1,1,25,5,3,0,0,0,0,0,9,1,5,2016.0,01KG70153,E09000002,0.0,5.0,2.0,2016.0,01KG70153,5.0,7.0,0.0,1.0,1.0,-1,2016.0,01KG70153,2016,4,1,20