,accident_index,location_easting_osgr,location_northing_osgr,longitude,latitude,police_force,accident_severity,number_of_vehicles,number_of_casualties,date,day_of_week,time,local_authority_district,local_authority_highway,first_road_class,first_road_number,road_type,speed_limit,junction_detail,junction_control,second_road_class,second_road_number,pedestrian_crossing-human_control,pedestrian_crossing-physical_facilities,light_conditions,weather_conditions,road_surface_conditions,special_conditions_at_site,carriageway_hazards,urban_or_rural_area,did_police_officer_attend_scene_of_accident,lsoa_of_accident_location,accident_severity_num,accident_severity_inv,date2,date_original,vehicle_reference_x,vehicle_type,towing_and_articulation,vehicle_manoeuvre,vehicle_location-restricted_lane,junction_location,skidding_and_overturning,hit_object_in_carriageway,vehicle_leaving_carriageway,hit_object_off_carriageway,1st_point_of_impact,was_vehicle_left_hand_drive?,journey_purpose_of_driver,sex_of_driver,age_of_driver,age_band_of_driver,engine_capacity_cc,propulsion_code,age_of_vehicle,driver_imd_decile,driver_home_area_type,vehicle_imd_decile,vehicle_reference_y,casualty_reference,casualty_class,sex_of_casualty,age_of_casualty,age_band_of_casualty,casualty_severity,pedestrian_location,pedestrian_movement,car_passenger,bus_or_coach_passenger,pedestrian_road_maintenance_worker,casualty_type,casualty_home_area_type,casualty_imd_decile,accident_year_x,accident_reference_x,local_authority_ons_district,pedestrian_crossing_human_control,pedestrian_crossing_physical_facilities,trunk_road_flag,accident_year_y,accident_reference_y,vehicle_direction_from,vehicle_direction_to,vehicle_location_restricted_lane,first_point_of_impact,vehicle_left_hand_drive,generic_make_model,accident_year,accident_reference,year,month,severity,hours
139384,201601LX50606,532150.0,176060.0,-0.098848,51.468031,1,Slight,2,1,2016-06-16,Thursday,18:40,Lambeth,E09000022,3,2217,6,30.0,0,-1,-1,-1,,,1,1,1,0,0,1,1,E01003077,3,1,16/06/2016,16/06/2016,1,3,0,18,,0,1,0,0,0,,,6,Male,32,26 - 35,124,1,4,4,1,,2,1,1,2,51,8,3,0,0,0,0,0,9,1,2,2016.0,01LX50606,E09000022,0.0,0.0,2.0,2016.0,01LX50606,5.0,1.0,0.0,1.0,1.0,-1,2016.0,01LX50606,2016,6,1,18
139393,201601LX50615,529790.0,173790.0,-0.133638,51.448177,1,Slight,2,2,2016-09-06,Tuesday,22:28,Lambeth,E09000022,3,205,6,30.0,3,4,3,205,,,4,1,1,0,0,1,1,E01003162,3,1,09/06/2016,09/06/2016,1,9,0,9,,2,0,0,0,0,,,6,Male,32,26 - 35,1969,2,1,4,1,,1,1,1,1,32,6,3,0,0,0,0,0,9,1,4,2016.0,01LX50615,E09000022,0.0,0.0,2.0,2016.0,01LX50615,5.0,3.0,0.0,2.0,1.0,-1,2016.0,01LX50615,2016,9,2,22
139396,201601LX50618,531080.0,179140.0,-0.113102,51.495959,1,Slight,3,1,2016-06-15,Wednesday,18:30,Lambeth,E09000022,3,3203,6,30.0,3,4,6,0,,,1,1,1,0,0,1,2,E01003015,3,1,15/06/2016,15/06/2016,1,9,0,3,,8,0,0,0,0,,,6,Male,34,26 - 35,1388,1,7,8,1,,1,1,1,1,34,6,3,0,0,0,0,0,9,1,8,2016.0,01LX50618,E09000022,0.0,1.0,2.0,2016.0,01LX50618,2.0,6.0,0.0,2.0,1.0,-1,2016.0,01LX50618,2016,6,1,18
139397,201601LX50619,529680.0,175430.0,-0.134619,51.46294,1,Serious,1,2,2016-06-19,Sunday,23:41,Lambeth,E09000022,3,3,6,30.0,3,4,6,0,,,4,2,2,0,0,1,1,E01003035,2,2,19/06/2016,19/06/2016,1,9,0,18,,1,0,0,0,0,,,6,Male,21,21 - 25,1368,1,10,1,1,,1,1,3,2,28,6,3,1,3,0,0,2,0,1,6,2016.0,01LX50619,E09000022,0.0,4.0,2.0,2016.0,01LX50619,6.0,2.0,0.0,1.0,1.0,-1,2016.0,01LX50619,2016,6,4,23
139398,201601LX50620,529660.0,175790.0,-0.134775,51.46618,1,Slight,1,1,2016-06-14,Tuesday,21:01,Lambeth,E09000022,6,0,6,30.0,3,4,6,0,,,1,1,1,0,6,1,1,E01003035,3,1,14/06/2016,14/06/2016,1,3,0,4,,2,1,0,0,0,,,1,Male,33,26 - 35,108,1,3,6,1,,1,1,1,1,33,6,3,0,0,0,0,0,3,1,6,2016.0,01LX50620,E09000022,0.0,0.0,2.0,2016.0,01LX50620,8.0,4.0,0.0,0.0,1.0,-1,2016.0,01LX50620,2016,6,1,21
139411,201601LX50637,531320.0,177850.0,-0.110126,51.484311,1,Slight,2,1,2016-06-22,Wednesday,20:00,Lambeth,E09000022,3,3,6,30.0,3,2,3,23,,,4,1,1,0,0,1,1,E01003099,3,1,22/06/2016,22/06/2016,1,9,0,18,,8,0,10,1,2,,,6,Male,26,26 - 35,-1,-1,-1,5,1,,1,1,1,1,26,6,3,0,0,0,0,0,9,1,5,2016.0,01LX50637,E09000022,0.0,5.0,2.0,2016.0,01LX50637,2.0,6.0,0.0,3.0,1.0,-1,2016.0,01LX50637,2016,6,1,20
139419,201601LX50645,529140.0,174870.0,-0.142593,51.458031,1,Slight,2,1,2016-06-23,Thursday,19:15,Lambeth,E09000022,3,24,6,30.0,3,4,6,0,,,4,1,1,0,0,1,1,E01003032,3,1,23/06/2016,23/06/2016,1,9,0,9,,8,0,0,0,0,,,6,Male,29,26 - 35,1995,2,8,5,1,,2,1,1,1,25,5,3,0,0,0,0,0,3,1,4,2016.0,01LX50645,E09000022,0.0,0.0,2.0,2016.0,01LX50645,2.0,8.0,0.0,1.0,1.0,-1,2016.0,01LX50645,2016,6,1,19
139426,201601LX50653,530000.0,177120.0,-0.129394,51.478055,1,Slight,2,1,2016-06-19,Sunday,20:30,Lambeth,E09000022,3,3036,6,30.0,3,4,6,0,,,1,2,2,0,0,1,1,E01003122,3,1,19/06/2016,19/06/2016,1,9,0,5,,8,0,0,0,0,,,6,Female,28,26 - 35,1995,2,10,-1,-1,,1,1,1,2,28,6,3,0,0,0,0,0,9,-1,-1,2016.0,01LX50653,E09000022,0.0,4.0,2.0,2016.0,01LX50653,2.0,6.0,0.0,4.0,1.0,-1,2016.0,01LX50653,2016,6,1,20
139427,201601LX50654,531800.0,174370.0,-0.104514,51.452925,1,Slight,2,2,2016-07-06,Wednesday,19:34,Lambeth,E09000022,3,2214,6,30.0,3,4,6,0,,,1,1,1,0,0,1,1,E01003074,3,1,07/06/2016,07/06/2016,1,9,0,18,,8,0,0,0,0,,,6,Male,28,26 - 35,-1,-1,-1,2,1,,1,1,1,1,28,6,3,0,0,0,0,0,9,1,2,2016.0,01LX50654,E09000022,0.0,0.0,2.0,2016.0,01LX50654,8.0,4.0,0.0,1.0,1.0,-1,2016.0,01LX50654,2016,7,2,19
139439,201601LX50670,530190.0,172100.0,-0.128506,51.432897,1,Slight,2,1,2016-06-06,Monday,21:50,Lambeth,E09000022,3,23,3,30.0,3,2,6,0,,,4,1,1,0,0,1,1,E01003153,3,1,06/06/2016,06/06/2016,1,9,0,7,,8,0,0,0,0,,,6,Male,30,26 - 35,2204,2,10,6,1,,2,1,1,1,35,6,3,0,0,0,0,0,3,1,6,2016.0,01LX50670,E09000022,0.0,0.0,2.0,2016.0,01LX50670,3.0,6.0,0.0,4.0,1.0,-1,2016.0,01LX50670,2016,6,1,21
139457,201601LX50690,530650.0,174300.0,-0.121081,51.452562,1,Serious,2,1,2016-06-30,Thursday,20:30,Lambeth,E09000022,3,23,6,30.0,3,4,6,0,,,4,1,1,0,0,1,1,E01003024,2,2,30/06/2016,30/06/2016,1,3,0,18,,8,0,0,0,0,,,6,Male,28,26 - 35,109,1,3,2,1,,1,1,1,1,28,6,2,0,0,0,0,0,3,1,2,2016.0,01LX50690,E09000022,0.0,0.0,2.0,2016.0,01LX50690,6.0,2.0,0.0,1.0,1.0,-1,2016.0,01LX50690,2016,6,2,20
139476,201601LX50712,530140.0,172000.0,-0.129262,51.43201,1,Slight,2,1,2016-10-07,Friday,18:15,Lambeth,E09000022,3,23,6,30.0,6,2,6,0,,,1,1,1,0,0,1,1,E01003118,3,1,10/07/2016,10/07/2016,1,9,0,7,,8,0,0,0,0,,,6,Female,28,26 - 35,1198,1,9,8,1,,2,1,1,1,73,10,3,0,0,0,0,0,1,1,2,2016.0,01LX50712,E09000022,0.0,5.0,2.0,2016.0,01LX50712,6.0,8.0,0.0,4.0,1.0,-1,2016.0,01LX50712,2016,10,1,18
139479,201601LX50715,529650.0,175800.0,-0.134915,51.466272,1,Slight,2,1,2016-06-28,Tuesday,19:45,Lambeth,E09000022,6,0,6,30.0,3,4,6,0,,,1,1,1,0,0,1,1,E01003035,3,1,28/06/2016,28/06/2016,1,9,0,18,,8,0,0,0,0,,,6,Male,24,21 - 25,2143,2,2,4,1,,1,1,1,1,24,5,3,0,0,0,0,0,9,1,4,2016.0,01LX50715,E09000022,0.0,0.0,2.0,2016.0,01LX50715,6.0,2.0,0.0,3.0,1.0,-1,2016.0,01LX50715,2016,6,1,19
139485,201601LX50723,529860.0,173740.0,-0.13265,51.447711,1,Slight,2,2,2016-06-28,Tuesday,18:10,Lambeth,E09000022,3,205,6,30.0,0,-1,-1,-1,,,1,1,1,0,0,1,2,E01003162,3,1,28/06/2016,28/06/2016,1,9,0,18,,0,0,0,0,0,,,6,Female,24,21 - 25,1598,1,11,2,1,,1,1,1,2,24,5,3,0,0,0,0,0,9,1,2,2016.0,01LX50723,E09000022,0.0,0.0,2.0,2016.0,01LX50723,7.0,3.0,0.0,3.0,1.0,-1,2016.0,01LX50723,2016,6,2,18
139493,201601LX50731,532690.0,173070.0,-0.092199,51.441035,1,Slight,2,1,2016-07-16,Saturday,23:39,Southwark,E09000028,3,205,6,30.0,0,-1,-1,-1,,,4,1,1,0,0,1,1,E01003951,3,1,16/07/2016,16/07/2016,1,9,0,6,,0,0,0,0,0,,,6,Male,35,26 - 35,-1,-1,-1,2,1,,2,1,1,1,23,5,3,0,0,0,0,0,3,3,4,2016.0,01LX50731,E09000028,0.0,0.0,2.0,2016.0,01LX50731,3.0,3.0,0.0,4.0,1.0,-1,2016.0,01LX50731,2016,7,1,23
139519,201601LX50759,531970.0,175830.0,-0.101524,51.466006,1,Slight,2,2,2016-07-25,Monday,01:30,Lambeth,E09000022,3,2217,6,30.0,3,2,5,0,,,4,1,1,0,0,1,2,E01003073,3,1,25/07/2016,25/07/2016,1,9,0,2,,2,0,0,0,0,,,6,Female,25,21 - 25,1995,2,10,4,1,,1,1,1,2,25,5,3,0,0,0,0,0,9,1,4,2016.0,01LX50759,E09000022,0.0,5.0,2.0,2016.0,01LX50759,0.0,0.0,0.0,1.0,1.0,-1,2016.0,01LX50759,2016,7,2,1
139525,201601LX50765,528840.0,175870.0,-0.146544,51.467086,1,Slight,2,1,2016-07-20,Wednesday,19:40,Lambeth,E09000022,3,3036,6,20.0,3,4,6,0,,,1,1,1,0,0,1,2,E01003038,3,1,20/07/2016,20/07/2016,1,9,0,7,,8,0,0,0,0,,,6,Male,26,26 - 35,-1,-1,-1,8,1,,2,1,1,1,26,6,3,0,0,0,0,0,1,-1,-1,2016.0,01LX50765,E09000022,0.0,1.0,2.0,2016.0,01LX50765,2.0,5.0,0.0,4.0,1.0,-1,2016.0,01LX50765,2016,7,1,19
139541,201601LX50785,531170.0,176550.0,-0.112767,51.472663,1,Slight,2,1,2016-07-27,Wednesday,20:15,Lambeth,E09000022,3,23,6,30.0,0,-1,-1,-1,,,1,2,2,0,0,1,1,E01003186,3,1,27/07/2016,27/07/2016,1,9,0,18,,0,0,0,0,0,,,6,Male,33,26 - 35,3600,1,14,3,1,,1,1,1,1,33,6,3,0,0,0,0,0,9,1,3,2016.0,01LX50785,E09000022,0.0,0.0,2.0,2016.0,01LX50785,1.0,5.0,0.0,2.0,1.0,-1,2016.0,01LX50785,2016,7,1,20
139546,201601LX50790,530760.0,179660.0,-0.117516,51.500706,1,Serious,2,1,2016-07-31,Sunday,22:50,Lambeth,E09000022,3,23,6,30.0,7,2,3,302,,,4,1,1,0,0,1,1,E01003013,2,2,31/07/2016,31/07/2016,1,9,0,6,,8,0,0,0,0,,,6,Female,27,26 - 35,999,1,2,2,1,,2,1,1,1,-1,-1,2,0,0,0,0,0,5,1,8,2016.0,01LX50790,E09000022,0.0,5.0,2.0,2016.0,01LX50790,7.0,7.0,0.0,4.0,1.0,-1,2016.0,01LX50790,2016,7,2,22
139560,201601LX50805,531640.0,178590.0,-0.105244,51.490886,1,Slight,2,1,2016-07-31,Sunday,22:51,Lambeth,E09000022,3,3204,6,30.0,3,4,6,0,,,4,1,1,0,0,1,1,E01003108,3,1,31/07/2016,31/07/2016,1,3,0,18,,8,0,0,0,0,,,6,Male,31,26 - 35,-1,-1,-1,2,1,,1,1,1,1,31,6,3,0,0,0,0,0,3,1,2,2016.0,01LX50805,E09000022,0.0,0.0,2.0,2016.0,01LX50805,6.0,2.0,0.0,1.0,1.0,-1,2016.0,01LX50805,2016,7,1,22
139562,201601LX50807,531740.0,175910.0,-0.104803,51.466779,1,Slight,2,1,2016-02-08,Monday,22:00,Lambeth,E09000022,5,0,6,30.0,3,4,6,0,,,4,1,1,0,0,1,1,E01003048,3,1,02/08/2016,02/08/2016,1,4,0,18,,8,0,0,0,0,,,6,Male,26,26 - 35,109,1,2,1,1,,1,1,1,1,26,6,3,0,0,0,0,0,4,1,1,2016.0,01LX50807,E09000022,0.0,5.0,2.0,2016.0,01LX50807,4.0,8.0,0.0,1.0,1.0,-1,2016.0,01LX50807,2016,2,1,22
139583,201601LX50831,531230.0,178310.0,-0.111251,51.488465,1,Slight,2,1,2016-08-08,Monday,19:45,Lambeth,E09000022,3,23,3,30.0,3,2,3,3204,,,1,1,1,0,0,1,1,E01003107,3,1,08/08/2016,08/08/2016,1,9,0,5,,1,0,0,0,0,,,1,Male,33,26 - 35,1797,8,7,5,1,,2,1,1,1,60,9,3,0,0,0,0,0,1,1,2,2016.0,01LX50831,E09000022,0.0,5.0,2.0,2016.0,01LX50831,5.0,1.0,0.0,1.0,1.0,-1,2016.0,01LX50831,2016,8,1,19
139584,201601LX50832,530790.0,174680.0,-0.118927,51.455945,1,Slight,2,2,2016-08-08,Monday,01:10,Lambeth,E09000022,3,23,3,30.0,3,4,6,0,,,4,1,1,0,0,1,1,E01003018,3,1,08/08/2016,08/08/2016,1,9,0,3,,8,0,0,0,0,,,6,Male,24,21 - 25,1753,2,11,2,1,,2,1,1,1,-1,-1,3,0,0,0,0,0,9,-1,-1,2016.0,01LX50832,E09000022,0.0,0.0,2.0,2016.0,01LX50832,6.0,2.0,0.0,1.0,1.0,-1,2016.0,01LX50832,2016,8,2,1
139594,201601LX50845,531200.0,173410.0,-0.1135,51.444437,1,Serious,3,2,2016-07-13,Wednesday,21:00,Lambeth,E09000022,6,0,3,30.0,0,-1,-1,-1,,,4,1,1,0,0,1,1,E01003174,2,2,13/07/2016,13/07/2016,1,9,0,3,,0,0,0,0,0,,,6,Female,21,21 - 25,-1,-1,-1,7,1,,1,2,1,2,21,5,2,0,0,0,0,0,9,1,7,2016.0,01LX50845,E09000022,0.0,1.0,2.0,2016.0,01LX50845,3.0,7.0,0.0,2.0,1.0,-1,2016.0,01LX50845,2016,7,4,21
139598,201601LX50849,530430.0,173450.0,-0.124559,51.444974,1,Slight,2,1,2016-02-08,Monday,23:40,Lambeth,E09000022,3,23,3,30.0,6,2,3,205,,,4,1,1,0,0,1,2,E01003137,3,1,02/08/2016,02/08/2016,1,9,0,8,,8,0,0,0,0,,,6,Male,20,16 - 20,999,1,1,4,1,,1,1,1,1,20,4,3,0,0,0,0,0,9,1,4,2016.0,01LX50849,E09000022,0.0,5.0,2.0,2016.0,01LX50849,5.0,8.0,0.0,2.0,1.0,-1,2016.0,01LX50849,2016,2,1,23
139620,201601LX50874,529730.0,172900.0,-0.134827,51.440192,1,Slight,1,1,2016-07-25,Monday,19:50,Lambeth,E09000022,6,0,6,30.0,3,4,6,0,,,1,1,1,0,0,1,1,E01003138,3,1,25/07/2016,25/07/2016,1,9,0,18,,2,0,0,0,0,,,6,Female,22,21 - 25,1596,1,1,4,1,,1,1,3,1,25,5,3,5,3,0,0,2,0,1,5,2016.0,01LX50874,E09000022,0.0,0.0,2.0,2016.0,01LX50874,8.0,4.0,0.0,3.0,1.0,-1,2016.0,01LX50874,2016,7,1,19
139625,201601LX50880,530300.0,172640.0,-0.126726,51.437725,1,Slight,2,1,2016-08-18,Thursday,20:35,Lambeth,E09000022,5,0,6,30.0,6,2,3,23,,,4,1,1,0,0,1,1,E01003153,3,1,18/08/2016,18/08/2016,1,9,0,6,,8,0,0,0,0,,,6,Male,24,21 - 25,1582,2,0,5,1,,2,1,1,1,28,6,3,0,0,0,0,0,5,1,4,2016.0,01LX50880,E09000022,0.0,5.0,2.0,2016.0,01LX50880,8.0,8.0,0.0,1.0,1.0,-1,2016.0,01LX50880,2016,8,1,20
139652,201601LX50910,531160.0,176700.0,-0.112856,51.474013,1,Slight,2,1,2016-08-29,Monday,19:20,Lambeth,E09000022,3,23,6,30.0,3,4,6,0,,,1,1,1,0,0,1,1,E01003185,3,1,29/08/2016,29/08/2016,1,3,0,18,,8,0,0,0,0,,,6,Male,35,26 - 35,108,1,2,4,1,,1,1,1,1,35,6,3,0,0,0,0,0,3,1,4,2016.0,01LX50910,E09000022,0.0,1.0,2.0,2016.0,01LX50910,5.0,1.0,0.0,1.0,1.0,-1,2016.0,01LX50910,2016,8,1,19
139675,201601LX50954,530440.0,173460.0,-0.124411,51.445062,1,Slight,2,1,2016-08-28,Sunday,19:55,Lambeth,E09000022,3,23,6,30.0,6,2,3,205,,,1,1,1,0,0,1,1,E01003137,3,1,28/08/2016,28/08/2016,1,9,0,9,,8,0,0,0,0,,,6,Female,24,21 - 25,1229,1,3,4,1,,2,1,1,1,35,6,3,0,0,0,0,0,1,1,5,2016.0,01LX50954,E09000022,0.0,5.0,2.0,2016.0,01LX50954,1.0,8.0,0.0,4.0,1.0,-1,2016.0,01LX50954,2016,8,1,19
139694,201601LX51049,530490.0,175250.0,-0.123032,51.461137,1,Slight,2,1,2016-09-07,Wednesday,23:29,Lambeth,E09000022,6,0,6,30.0,3,4,6,0,,,4,1,1,0,0,1,2,E01003058,3,1,09/07/2016,09/07/2016,1,9,0,2,,8,0,0,0,0,,,6,Female,25,21 - 25,-1,-1,-1,5,1,,1,1,1,2,25,5,3,0,0,0,0,0,9,1,5,2016.0,01LX51049,E09000022,0.0,0.0,2.0,2016.0,01LX51049,0.0,0.0,0.0,3.0,1.0,-1,2016.0,01LX51049,2016,9,1,23
139696,201601LX51106,530140.0,173650.0,-0.128656,51.446838,1,Slight,2,1,2016-05-26,Thursday,05:03,Lambeth,E09000022,3,205,3,30.0,6,2,5,0,,,4,1,1,0,0,1,1,E01003136,3,1,26/05/2016,26/05/2016,1,9,0,18,,8,0,0,0,0,,,6,Male,32,26 - 35,1395,1,3,6,1,,2,1,1,2,42,7,3,0,0,0,0,0,9,1,5,2016.0,01LX51106,E09000022,0.0,5.0,2.0,2016.0,01LX51106,8.0,4.0,0.0,1.0,1.0,-1,2016.0,01LX51106,2016,5,1,5
139710,201601MM70024,535770.0,178780.0,-0.045719,51.491618,1,Slight,2,1,2016-01-22,Friday,18:19,Southwark,E09000028,3,2208,2,30.0,3,4,3,2208,,,4,1,2,0,0,1,1,E01004036,3,1,22/01/2016,22/01/2016,1,9,0,16,,8,0,0,0,0,,,6,Female,26,26 - 35,1600,1,16,6,1,,2,1,1,1,40,7,3,0,0,0,0,0,3,1,3,2016.0,01MM70024,E09000028,0.0,4.0,2.0,2016.0,01MM70024,4.0,6.0,0.0,3.0,1.0,-1,2016.0,01MM70024,2016,1,1,18
139735,201601MM70062,532110.0,179040.0,-0.09831,51.494821,1,Slight,1,2,2016-01-18,Monday,21:28,Southwark,E09000028,3,201,6,30.0,3,4,6,0,,,4,1,1,0,0,1,1,E01032720,3,1,18/01/2016,18/01/2016,1,3,0,18,,1,0,0,0,0,,,6,Male,27,26 - 35,125,1,1,3,1,,1,1,1,1,27,6,3,0,0,0,0,0,3,1,3,2016.0,01MM70062,E09000028,0.0,0.0,2.0,2016.0,01MM70062,8.0,4.0,0.0,1.0,1.0,-1,2016.0,01MM70062,2016,1,2,21
139736,201601MM70063,532430.0,177290.0,-0.094359,51.479019,1,Slight,2,2,2016-01-19,Tuesday,23:25,Southwark,E09000028,3,215,6,30.0,6,2,5,0,,,4,1,1,0,0,1,1,E01003924,3,1,19/01/2016,19/01/2016,1,9,0,18,,2,0,0,0,0,,,6,Male,31,26 - 35,1995,1,5,5,1,,1,1,1,1,31,6,3,0,0,0,0,0,9,1,5,2016.0,01MM70063,E09000028,0.0,5.0,2.0,2016.0,01MM70063,5.0,1.0,0.0,2.0,1.0,-1,2016.0,01MM70063,2016,1,2,23
139738,201601MM70065,533210.0,178720.0,-0.082594,51.491687,1,Slight,1,1,2016-01-30,Saturday,01:40,Southwark,E09000028,3,2,3,30.0,3,4,6,0,,,4,2,2,0,0,1,1,E01003961,3,1,30/01/2016,30/01/2016,1,3,0,18,,1,0,0,0,0,,,6,Male,21,21 - 25,124,1,4,-1,-1,,1,1,1,1,21,5,3,0,0,0,0,0,3,-1,-1,2016.0,01MM70065,E09000028,0.0,0.0,2.0,2016.0,01MM70065,4.0,8.0,0.0,0.0,1.0,-1,2016.0,01MM70065,2016,1,1,1
139751,201601MM70082,534250.0,174910.0,-0.069069,51.457203,1,Slight,2,1,2016-05-02,Monday,19:15,Southwark,E09000028,6,0,6,20.0,6,4,6,0,,,4,8,2,0,0,1,1,E01004021,3,1,05/02/2016,05/02/2016,1,9,0,2,,1,0,0,0,0,,,6,Male,32,26 - 35,1199,1,12,-1,-1,,2,1,1,1,23,5,3,0,0,0,0,0,3,1,1,2016.0,01MM70082,E09000028,0.0,0.0,2.0,2016.0,01MM70082,0.0,0.0,0.0,3.0,1.0,-1,2016.0,01MM70082,2016,5,1,19
139754,201601MM70090,532440.0,176760.0,-0.094414,51.474254,1,Slight,2,2,2016-01-24,Sunday,18:09,Southwark,E09000028,3,202,6,30.0,3,4,6,0,,,4,1,1,0,0,1,1,E01003921,3,1,24/01/2016,24/01/2016,1,9,0,5,,1,0,0,0,0,,,6,Male,19,16 - 20,1598,1,10,1,1,,2,1,1,1,34,6,3,0,0,0,0,0,9,1,7,2016.0,01MM70090,E09000028,0.0,0.0,2.0,2016.0,01MM70090,6.0,2.0,0.0,1.0,1.0,-1,2016.0,01MM70090,2016,1,2,18
139755,201601MM70091,532380.0,178960.0,-0.094453,51.494039,1,Slight,2,1,2016-09-02,Friday,01:40,Southwark,E09000028,3,201,6,30.0,3,4,4,240,,,4,2,2,0,0,1,1,E01032720,3,1,09/02/2016,09/02/2016,1,2,0,18,,8,0,0,0,0,,,6,Male,26,26 - 35,49,1,10,2,1,,1,1,1,1,26,6,3,0,0,0,0,0,2,1,2,2016.0,01MM70091,E09000028,0.0,0.0,2.0,2016.0,01MM70091,3.0,7.0,0.0,1.0,1.0,-1,2016.0,01MM70091,2016,9,1,1
139765,201601MM70107,535210.0,175070.0,-0.055199,51.458412,1,Slight,2,1,2016-12-02,Friday,20:35,Southwark,E09000028,5,0,6,30.0,3,4,6,0,,,4,1,1,0,0,1,1,E01004015,3,1,12/02/2016,12/02/2016,1,9,0,9,,8,0,0,0,0,,,6,Female,24,21 - 25,1598,1,5,3,1,,2,1,1,1,54,8,3,0,0,0,0,0,1,1,5,2016.0,01MM70107,E09000028,0.0,1.0,2.0,2016.0,01MM70107,8.0,6.0,0.0,3.0,1.0,-1,2016.0,01MM70107,2016,12,1,20
139767,201601MM70110,531990.0,179080.0,-0.100023,51.495208,1,Serious,2,1,2016-06-02,Thursday,00:30,Southwark,E09000028,3,3,1,30.0,1,4,3,201,,,4,1,1,0,0,1,2,E01003933,2,2,06/02/2016,06/02/2016,1,3,0,5,,8,0,0,0,0,,,6,Male,34,26 - 35,-1,-1,-1,1,1,,1,1,1,1,34,6,2,0,0,0,0,0,3,1,1,2016.0,01MM70110,E09000028,0.0,4.0,2.0,2016.0,01MM70110,1.0,5.0,0.0,3.0,1.0,-1,2016.0,01MM70110,2016,6,2,0
139778,201601MM70123,531390.0,179340.0,-0.108564,51.497685,1,Slight,1,1,2016-02-17,Wednesday,20:25,Southwark,E09000028,3,302,2,30.0,0,-1,-1,-1,,,4,2,2,0,0,1,1,E01032584,3,1,17/02/2016,17/02/2016,1,2,0,18,,0,0,0,0,0,,,6,Male,19,16 - 20,124,1,9,3,1,,1,1,1,1,19,4,3,0,0,0,0,0,2,1,3,2016.0,01MM70123,E09000028,0.0,0.0,2.0,2016.0,01MM70123,4.0,8.0,0.0,4.0,1.0,-1,2016.0,01MM70123,2016,2,1,20
139785,201601MM70133,533890.0,171280.0,-0.07562,51.424666,1,Slight,2,1,2016-04-02,Saturday,18:23,Southwark,E09000028,3,212,6,30.0,8,4,6,0,,,4,1,1,0,0,1,1,E01003948,3,1,04/02/2016,04/02/2016,1,9,0,8,,8,0,0,0,0,,,6,Female,27,26 - 35,1388,1,5,2,1,,2,1,1,1,31,6,3,0,0,0,0,0,1,1,4,2016.0,01MM70133,E09000028,0.0,0.0,2.0,2016.0,01MM70133,5.0,7.0,2.0,2.0,1.0,-1,2016.0,01MM70133,2016,4,1,18
139792,201601MM70142,533700.0,178990.0,-0.075438,51.493998,1,Slight,2,1,2016-02-25,Thursday,20:54,Southwark,E09000028,3,2206,6,30.0,3,4,6,0,,,4,1,1,0,0,1,1,E01003978,3,1,25/02/2016,25/02/2016,1,3,0,15,,8,0,0,0,0,,,6,Male,20,16 - 20,109,1,3,1,1,,1,1,1,1,20,4,3,0,0,0,0,0,3,1,1,2016.0,01MM70142,E09000028,0.0,4.0,2.0,2016.0,01MM70142,4.0,8.0,0.0,1.0,1.0,-1,2016.0,01MM70142,2016,2,1,20
139815,201601MM70170,532800.0,176700.0,-0.089256,51.473631,1,Slight,2,1,2016-02-26,Friday,19:29,Southwark,E09000028,3,202,6,30.0,3,4,6,0,,,4,1,1,0,0,1,1,E01003913,3,1,26/02/2016,26/02/2016,1,9,0,9,,8,0,0,0,0,,,6,Male,35,26 - 35,2157,1,15,4,1,,2,1,1,1,36,7,3,0,0,0,0,0,3,1,4,2016.0,01MM70170,E09000028,0.0,0.0,2.0,2016.0,01MM70170,7.0,5.0,0.0,1.0,1.0,-1,2016.0,01MM70170,2016,2,1,19
139821,201601MM70176,532420.0,179730.0,-0.093588,51.500949,1,Slight,2,1,2016-01-03,Sunday,22:10,Southwark,E09000028,3,3,6,30.0,0,-1,-1,-1,,,4,1,1,0,0,1,1,E01003929,3,1,01/03/2016,01/03/2016,1,4,0,18,,0,0,0,0,0,,,6,Male,28,26 - 35,124,1,6,2,1,,1,1,1,1,28,6,3,0,0,0,0,0,4,1,2,2016.0,01MM70176,E09000028,0.0,0.0,2.0,2016.0,01MM70176,2.0,6.0,0.0,1.0,1.0,-1,2016.0,01MM70176,2016,1,1,22
139822,201601MM70177,533470.0,178460.0,-0.07895,51.48929,1,Slight,2,1,2016-06-03,Friday,21:30,Southwark,E09000028,3,2,6,30.0,3,4,6,0,,,4,1,1,0,0,1,1,E01003966,3,1,06/03/2016,06/03/2016,1,9,0,18,,8,0,0,0,0,,,6,Female,32,26 - 35,1587,1,11,2,1,,1,1,1,2,32,6,3,0,0,0,0,0,9,1,2,2016.0,01MM70177,E09000028,0.0,0.0,2.0,2016.0,01MM70177,4.0,8.0,0.0,1.0,1.0,-1,2016.0,01MM70177,2016,6,1,21
139833,201601MM70192,531780.0,180310.0,-0.102587,51.506311,1,Serious,2,1,2016-09-03,Saturday,18:10,Southwark,E09000028,3,3200,6,30.0,3,4,3,3200,,,4,1,1,0,0,1,2,E01003934,2,2,09/03/2016,09/03/2016,1,3,0,18,,8,0,0,0,0,,,6,Female,20,16 - 20,-1,-1,-1,10,1,,1,1,1,2,20,4,2,0,0,0,0,0,3,1,10,2016.0,01MM70192,E09000028,0.0,0.0,2.0,2016.0,01MM70192,8.0,4.0,0.0,0.0,1.0,-1,2016.0,01MM70192,2016,9,2,18