,accident_index,location_easting_osgr,location_northing_osgr,longitude,latitude,police_force,accident_severity,number_of_vehicles,number_of_casualties,date,day_of_week,time,local_authority_district,local_authority_highway,first_road_class,first_road_number,road_type,speed_limit,junction_detail,junction_control,second_road_class,second_road_number,pedestrian_crossing-human_control,pedestrian_crossing-physical_facilities,light_conditions,weather_conditions,road_surface_conditions,special_conditions_at_site,carriageway_hazards,urban_or_rural_area,did_police_officer_attend_scene_of_accident,lsoa_of_accident_location,accident_severity_num,accident_severity_inv,date2,date_original,vehicle_reference_x,vehicle_type,towing_and_articulation,vehicle_manoeuvre,vehicle_location-restricted_lane,junction_location,skidding_and_overturning,hit_object_in_carriageway,vehicle_leaving_carriageway,hit_object_off_carriageway,1st_point_of_impact,was_vehicle_left_hand_drive?,journey_purpose_of_driver,sex_of_driver,age_of_driver,age_band_of_driver,engine_capacity_cc,propulsion_code,age_of_vehicle,driver_imd_decile,driver_home_area_type,vehicle_imd_decile,vehicle_reference_y,casualty_reference,casualty_class,sex_of_casualty,age_of_casualty,age_band_of_casualty,casualty_severity,pedestrian_location,pedestrian_movement,car_passenger,bus_or_coach_passenger,pedestrian_road_maintenance_worker,casualty_type,casualty_home_area_type,casualty_imd_decile,accident_year_x,accident_reference_x,local_authority_ons_district,pedestrian_crossing_human_control,pedestrian_crossing_physical_facilities,trunk_road_flag,accident_year_y,accident_reference_y,vehicle_direction_from,vehicle_direction_to,vehicle_location_restricted_lane,first_point_of_impact,vehicle_left_hand_drive,generic_make_model,accident_year,accident_reference,year,month,severity,hours
140251,201601MM70737,535320.0,177040.0,-0.052863,51.476089,1,Slight,2,1,2016-07-23,Saturday,18:30,Lewisham,E09000023,4,2227,6,20.0,8,4,6,0,,,1,1,1,0,0,1,1,E01004003,3,1,23/07/2016,23/07/2016,1,9,0,9,,8,0,0,0,0,,,6,Female,26,26 - 35,-1,-1,-1,2,1,,2,1,1,1,19,4,3,0,0,0,0,0,3,1,4,2016.0,01MM70737,E09000023,0.0,0.0,2.0,2016.0,01MM70737,1.0,7.0,0.0,4.0,1.0,-1,2016.0,01MM70737,2016,7,1,18
140255,201601MM70742,535060.0,177390.0,-0.056471,51.479297,1,Slight,2,1,2016-08-20,Saturday,18:40,Southwark,E09000028,3,2,6,30.0,3,4,6,0,,,1,1,1,0,0,1,1,E01003984,3,1,20/08/2016,20/08/2016,1,9,0,18,,8,0,0,0,0,,,6,Male,24,21 - 25,2148,2,8,2,1,,1,1,1,1,24,5,3,0,0,0,0,0,9,1,2,2016.0,01MM70742,E09000028,0.0,0.0,2.0,2016.0,01MM70742,4.0,8.0,0.0,3.0,1.0,-1,2016.0,01MM70742,2016,8,1,18
140256,201601MM70743,534900.0,178350.0,-0.058407,51.487962,1,Slight,2,2,2016-08-19,Friday,18:40,Southwark,E09000028,3,2208,6,30.0,5,2,5,0,,,1,1,1,0,0,1,1,E01003987,3,1,19/08/2016,19/08/2016,1,9,0,18,,8,0,0,0,0,,,6,Female,30,26 - 35,-1,-1,-1,3,1,,2,1,1,2,28,6,3,0,0,0,0,0,9,1,4,2016.0,01MM70743,E09000028,0.0,5.0,2.0,2016.0,01MM70743,1.0,5.0,0.0,1.0,1.0,-1,2016.0,01MM70743,2016,8,2,18
140262,201601MM70750,532270.0,179590.0,-0.0958,51.499726,1,Slight,2,1,2016-07-27,Wednesday,18:40,Southwark,E09000028,3,3,6,30.0,6,2,5,0,,,1,1,1,0,0,1,1,E01003937,3,1,27/07/2016,27/07/2016,1,3,0,4,,2,0,0,0,0,,,6,Male,33,26 - 35,125,1,2,4,1,,1,1,1,1,33,6,3,0,0,0,0,0,3,1,4,2016.0,01MM70750,E09000028,0.0,5.0,2.0,2016.0,01MM70750,2.0,6.0,0.0,1.0,1.0,-1,2016.0,01MM70750,2016,7,1,18
140265,201601MM70754,534540.0,176460.0,-0.064308,51.471063,1,Slight,2,1,2016-08-19,Friday,03:02,Southwark,E09000028,6,0,1,20.0,2,4,6,0,,,4,1,1,0,0,1,1,E01004067,3,1,19/08/2016,19/08/2016,1,3,0,18,,8,0,0,0,0,,,1,Male,22,21 - 25,-1,-1,-1,-1,-1,,1,1,1,1,22,5,3,0,0,0,0,0,3,-1,-1,2016.0,01MM70754,E09000028,0.0,0.0,2.0,2016.0,01MM70754,3.0,7.0,0.0,1.0,1.0,-1,2016.0,01MM70754,2016,8,1,3
140272,201601MM70761,534160.0,178000.0,-0.069192,51.484993,1,Slight,2,1,2016-05-08,Sunday,19:05,Southwark,E09000028,3,2,6,30.0,3,4,6,0,,,1,1,1,0,0,1,2,E01003964,3,1,05/08/2016,05/08/2016,1,9,0,18,,8,0,0,0,0,,,6,Male,26,26 - 35,1198,1,0,7,1,,1,1,1,1,26,6,3,0,0,0,0,0,9,1,7,2016.0,01MM70761,E09000028,0.0,0.0,2.0,2016.0,01MM70761,8.0,4.0,0.0,1.0,1.0,-1,2016.0,01MM70761,2016,5,1,19
140286,201601MM70780,531800.0,180300.0,-0.102303,51.506217,1,Slight,1,2,2016-12-08,Thursday,18:16,Southwark,E09000028,3,3200,6,30.0,3,4,5,0,,,1,1,1,0,0,1,1,E01003934,3,1,12/08/2016,12/08/2016,1,3,0,18,,1,0,0,0,0,,,6,Male,20,16 - 20,125,1,0,2,1,,1,1,1,1,20,4,3,0,0,0,0,0,3,1,2,2016.0,01MM70780,E09000028,0.0,4.0,2.0,2016.0,01MM70780,4.0,8.0,0.0,1.0,1.0,-1,2016.0,01MM70780,2016,12,2,18
140288,201601MM70784,532700.0,178560.0,-0.089996,51.490369,1,Slight,1,1,2016-08-08,Monday,20:12,Southwark,E09000028,6,0,6,30.0,0,-1,-1,-1,,,1,1,1,0,0,1,1,E01032722,3,1,08/08/2016,08/08/2016,1,9,0,1,,0,0,0,0,0,,,1,Male,26,26 - 35,2143,2,5,2,1,,1,1,3,1,81,11,3,10,2,0,0,2,0,1,1,2016.0,01MM70784,E09000028,0.0,0.0,2.0,2016.0,01MM70784,1.0,5.0,0.0,1.0,1.0,-1,2016.0,01MM70784,2016,8,1,20
140292,201601MM70798,535300.0,178700.0,-0.052515,51.491012,1,Slight,2,1,2016-08-31,Wednesday,19:20,Southwark,E09000028,3,2208,6,30.0,0,-1,-1,-1,,,1,1,1,0,0,1,1,E01003986,3,1,31/08/2016,31/08/2016,1,9,0,3,,0,0,0,0,0,,,6,Male,34,26 - 35,2457,1,14,3,1,,1,1,1,1,34,6,3,0,0,0,0,0,9,1,3,2016.0,01MM70798,E09000028,0.0,1.0,2.0,2016.0,01MM70798,6.0,2.0,0.0,2.0,1.0,-1,2016.0,01MM70798,2016,8,1,19
140297,201601MM70817,531930.0,177100.0,-0.101626,51.477429,1,Slight,2,1,2016-08-29,Monday,00:02,Lambeth,E09000022,3,202,6,30.0,6,2,5,0,,,4,1,1,0,0,1,1,E01003180,3,1,29/08/2016,29/08/2016,1,8,0,18,,8,0,0,0,0,,,6,Male,31,26 - 35,1797,8,3,2,1,,1,1,1,1,31,6,3,0,0,0,0,0,8,1,2,2016.0,01MM70817,E09000022,0.0,0.0,2.0,2016.0,01MM70817,4.0,8.0,0.0,2.0,1.0,-1,2016.0,01MM70817,2016,8,1,0
140298,201601MM70821,532140.0,176480.0,-0.098835,51.471808,1,Slight,1,1,2016-04-18,Monday,06:00,Southwark,E09000028,6,0,6,30.0,3,4,6,0,,,1,1,1,0,0,1,1,E01003075,3,1,18/04/2016,18/04/2016,1,3,0,18,,8,0,0,0,0,,,6,Male,31,26 - 35,-1,-1,-1,2,1,,1,1,3,2,64,9,3,5,2,0,0,2,0,1,1,2016.0,01MM70821,E09000028,0.0,0.0,2.0,2016.0,01MM70821,4.0,8.0,0.0,4.0,1.0,-1,2016.0,01MM70821,2016,4,1,6
140314,201601MM70908,534650.0,177690.0,-0.062257,51.48209,1,Slight,2,1,2016-08-14,Sunday,20:56,Southwark,E09000028,3,2,6,30.0,3,4,6,0,,,4,1,1,0,0,1,1,E01003988,3,1,14/08/2016,14/08/2016,1,5,0,18,,1,0,0,0,0,,,6,Male,29,26 - 35,-1,-1,-1,9,1,,1,1,1,1,29,6,3,0,0,0,0,0,5,1,9,2016.0,01MM70908,E09000028,0.0,0.0,2.0,2016.0,01MM70908,8.0,4.0,0.0,3.0,1.0,-1,2016.0,01MM70908,2016,8,1,20
140319,201601MM70928,531730.0,179120.0,-0.103751,51.495628,1,Slight,2,1,2016-08-05,Friday,18:20,Southwark,E09000028,3,302,6,30.0,3,4,6,0,,,1,1,1,0,0,1,1,E01003932,3,1,08/05/2016,08/05/2016,1,9,0,7,,1,0,0,0,0,,,6,Male,35,26 - 35,1598,1,7,2,1,,2,1,1,1,33,6,3,0,0,0,0,0,5,1,1,2016.0,01MM70928,E09000028,0.0,0.0,2.0,2016.0,01MM70928,4.0,6.0,0.0,2.0,1.0,-1,2016.0,01MM70928,2016,8,1,18
140321,201601MM70931,532410.0,177630.0,-0.094519,51.48208,1,Slight,2,1,2016-07-18,Monday,02:59,Southwark,E09000028,3,215,6,20.0,6,2,3,215,,,4,1,1,0,0,1,1,E01003923,3,1,18/07/2016,18/07/2016,1,3,0,18,,1,0,0,0,0,,,6,Male,18,16 - 20,125,1,4,3,1,,1,1,1,1,18,4,3,0,0,0,0,0,3,1,3,2016.0,01MM70931,E09000028,0.0,5.0,2.0,2016.0,01MM70931,5.0,1.0,0.0,2.0,1.0,-1,2016.0,01MM70931,2016,7,1,2
140322,201601MM70932,531650.0,179690.0,-0.10469,51.50077,1,Slight,2,1,2016-07-26,Tuesday,22:35,Southwark,E09000028,3,201,6,30.0,6,2,5,0,,,4,1,1,0,0,1,1,E01032583,3,1,26/07/2016,26/07/2016,1,9,0,5,,1,0,0,0,0,,,6,Male,25,21 - 25,1612,1,5,2,1,,1,1,1,1,25,5,3,0,0,0,0,0,9,1,2,2016.0,01MM70932,E09000028,0.0,5.0,2.0,2016.0,01MM70932,5.0,1.0,0.0,2.0,1.0,-1,2016.0,01MM70932,2016,7,1,22
140329,201601MM70985,534660.0,179150.0,-0.061557,51.495208,1,Slight,2,1,2016-04-04,Monday,19:55,Southwark,E09000028,6,0,6,30.0,6,4,6,0,,,1,1,1,0,0,1,2,E01004024,3,1,04/04/2016,04/04/2016,1,3,0,18,,8,0,0,0,0,,,6,Male,35,26 - 35,125,1,8,2,1,,1,1,1,1,35,6,3,0,0,0,0,0,3,1,2,2016.0,01MM70985,E09000028,0.0,0.0,2.0,2016.0,01MM70985,4.0,8.0,0.0,4.0,1.0,-1,2016.0,01MM70985,2016,4,1,19
140346,201601MM71015,534400.0,175570.0,-0.066661,51.463098,1,Serious,2,1,2016-12-08,Thursday,21:46,Southwark,E09000028,3,2215,6,20.0,3,4,6,0,,,4,1,1,0,0,1,1,E01004064,2,2,12/08/2016,12/08/2016,1,9,0,18,,8,0,0,0,0,,,2,Male,22,21 - 25,1360,1,9,-1,-1,,2,1,1,1,24,5,2,0,0,0,0,0,1,-1,-1,2016.0,01MM71015,E09000028,0.0,0.0,2.0,2016.0,01MM71015,5.0,1.0,0.0,4.0,1.0,-1,2016.0,01MM71015,2016,12,2,21
140349,201601PL60006,536610.0,175400.0,-0.034933,51.461042,1,Slight,2,1,2016-01-14,Thursday,18:55,Lewisham,E09000023,4,218,6,30.0,3,4,6,0,,,4,1,1,0,0,1,1,E01003272,3,1,14/01/2016,14/01/2016,1,9,0,9,,8,0,0,0,0,,,6,Male,33,26 - 35,1360,1,10,2,1,,2,1,1,1,53,8,3,0,0,0,0,0,5,1,2,2016.0,01PL60006,E09000023,0.0,0.0,2.0,2016.0,01PL60006,6.0,4.0,0.0,1.0,1.0,-1,2016.0,01PL60006,2016,1,1,18
140353,201601PL60013,535500.0,171490.0,-0.052397,51.426171,1,Slight,2,1,2016-01-14,Thursday,00:55,Lewisham,E09000023,3,212,6,30.0,0,-1,-1,-1,,,4,2,2,0,0,1,2,E01003327,3,1,14/01/2016,14/01/2016,1,9,0,18,,0,0,0,0,0,,,6,Female,25,21 - 25,1299,1,9,2,1,,1,1,1,2,25,5,3,0,0,0,0,0,9,1,2,2016.0,01PL60013,E09000023,0.0,0.0,2.0,2016.0,01PL60013,7.0,3.0,0.0,4.0,1.0,-1,2016.0,01PL60013,2016,1,1,0
140356,201601PL60016,536520.0,171940.0,-0.037561,51.42997,1,Slight,1,1,2016-05-01,Sunday,18:25,Lewisham,E09000023,3,212,6,30.0,0,-1,-1,-1,,,4,2,2,0,0,1,1,E01003193,3,1,05/01/2016,05/01/2016,1,9,0,5,,0,0,0,0,0,,,6,Male,30,26 - 35,1798,1,7,4,1,,1,1,3,1,50,8,3,5,2,0,0,2,0,1,2,2016.0,01PL60016,E09000023,0.0,0.0,2.0,2016.0,01PL60016,5.0,1.0,0.0,1.0,1.0,-1,2016.0,01PL60016,2016,5,1,18
140362,201601PL60025,535530.0,172630.0,-0.05153,51.436409,1,Slight,1,1,2016-01-15,Friday,18:05,Lewisham,E09000023,4,227,6,30.0,3,4,6,0,,,4,1,1,0,0,1,1,E01003309,3,1,15/01/2016,15/01/2016,1,9,0,9,,8,0,0,0,0,,,6,Male,31,26 - 35,1598,1,6,-1,-1,,1,1,3,1,31,6,3,5,3,0,0,2,0,1,4,2016.0,01PL60025,E09000023,0.0,0.0,2.0,2016.0,01PL60025,8.0,5.0,0.0,1.0,1.0,-1,2016.0,01PL60025,2016,1,1,18
140367,201601PL60031,536270.0,176230.0,-0.039504,51.468582,1,Slight,2,1,2016-01-21,Thursday,19:30,Lewisham,E09000023,6,0,6,30.0,3,4,6,0,,,4,1,1,0,0,1,1,E01003344,3,1,21/01/2016,21/01/2016,1,9,0,9,,8,0,0,0,0,,,6,Male,27,26 - 35,2616,1,12,2,1,,2,1,1,1,19,4,3,0,0,0,0,0,3,1,8,2016.0,01PL60031,E09000023,0.0,0.0,2.0,2016.0,01PL60031,3.0,1.0,0.0,4.0,1.0,-1,2016.0,01PL60031,2016,1,1,19
140370,201601PL60034,535570.0,173030.0,-0.050801,51.439994,1,Slight,2,1,2016-01-26,Tuesday,22:16,Lewisham,E09000023,6,0,6,30.0,3,4,3,205,,,7,1,1,0,0,1,1,E01003310,3,1,26/01/2016,26/01/2016,1,9,0,9,,5,0,0,0,0,,,6,Female,31,26 - 35,1499,2,1,3,1,,1,1,1,2,31,6,3,0,0,0,0,0,9,1,3,2016.0,01PL60034,E09000023,0.0,0.0,2.0,2016.0,01PL60034,6.0,5.0,0.0,3.0,1.0,-1,2016.0,01PL60034,2016,1,1,22
140405,201601PL60084,537830.0,171540.0,-0.018884,51.426059,1,Slight,3,2,2016-02-19,Friday,18:56,Lewisham,E09000023,3,2218,6,30.0,3,4,3,2218,,,4,1,1,0,0,1,1,E01003192,3,1,19/02/2016,19/02/2016,1,9,0,18,,8,0,0,0,0,,,6,Male,25,21 - 25,-1,-1,-1,4,3,,2,1,1,1,46,8,3,0,0,0,0,0,9,1,6,2016.0,01PL60084,E09000023,0.0,0.0,2.0,2016.0,01PL60084,7.0,3.0,0.0,1.0,1.0,-1,2016.0,01PL60084,2016,2,2,18
140431,201601PL60123,537400.0,177100.0,-0.022908,51.476128,1,Slight,1,3,2016-02-27,Saturday,05:49,Lewisham,E09000023,3,2209,1,30.0,1,4,6,0,,,4,2,2,0,0,1,1,E01032579,3,1,27/02/2016,27/02/2016,1,9,0,18,,8,0,10,3,0,,,6,Male,24,21 - 25,2499,1,7,2,1,,1,1,1,1,24,5,3,0,0,0,0,0,9,1,2,2016.0,01PL60123,E09000023,0.0,0.0,2.0,2016.0,01PL60123,5.0,1.0,0.0,1.0,1.0,-1,2016.0,01PL60123,2016,2,3,5
140440,201601PL60134,537040.0,173130.0,-0.029625,51.440539,1,Slight,1,1,2016-11-03,Thursday,03:45,Lewisham,E09000023,3,212,6,30.0,3,4,6,0,,,4,1,1,0,0,1,1,E01003194,3,1,11/03/2016,11/03/2016,1,9,0,9,,8,0,0,0,0,,,6,Male,32,26 - 35,2000,2,7,2,1,,1,1,1,1,32,6,3,0,0,0,0,0,9,1,2,2016.0,01PL60134,E09000023,0.0,0.0,2.0,2016.0,01PL60134,5.0,2.0,0.0,1.0,1.0,-1,2016.0,01PL60134,2016,11,1,3
140445,201601PL60142,537900.0,171570.0,-0.017866,51.426312,1,Slight,2,1,2016-08-03,Wednesday,00:30,Lewisham,E09000023,3,2218,6,30.0,0,-1,-1,-1,,,4,1,1,0,0,1,2,E01003192,3,1,08/03/2016,08/03/2016,1,9,0,18,,0,0,0,0,0,,,6,Male,28,26 - 35,1390,1,6,4,1,,1,1,1,1,28,6,3,0,0,0,0,0,9,1,4,2016.0,01PL60142,E09000023,0.0,0.0,2.0,2016.0,01PL60142,2.0,6.0,0.0,3.0,1.0,-1,2016.0,01PL60142,2016,8,1,0
140454,201601PL60153,539500.0,172880.0,0.005648,51.437692,1,Slight,1,1,2016-10-03,Monday,22:04,Lewisham,E09000023,5,0,6,30.0,0,-1,-1,-1,,,4,1,1,0,0,1,1,E01003222,3,1,10/03/2016,10/03/2016,1,9,0,18,,0,0,0,0,0,,,6,Female,35,26 - 35,1598,1,1,-1,-1,,1,1,3,1,22,5,3,5,2,0,0,2,0,1,3,2016.0,01PL60153,E09000023,0.0,0.0,2.0,2016.0,01PL60153,5.0,1.0,0.0,1.0,1.0,-1,2016.0,01PL60153,2016,10,1,22
140465,201601PL60164,536540.0,171870.0,-0.0373,51.429337,1,Slight,2,1,2016-01-03,Sunday,20:45,Lewisham,E09000023,3,212,3,30.0,3,2,3,2218,,,4,1,1,0,0,1,1,E01003193,3,1,01/03/2016,01/03/2016,1,9,0,18,,8,0,0,0,0,,,6,Male,32,26 - 35,2179,2,3,4,1,,1,1,1,1,32,6,3,0,0,0,0,0,9,1,4,2016.0,01PL60164,E09000023,0.0,5.0,2.0,2016.0,01PL60164,1.0,5.0,0.0,3.0,1.0,-1,2016.0,01PL60164,2016,1,1,20
140466,201601PL60165,537080.0,171820.0,-0.029557,51.428757,1,Slight,3,1,2016-01-03,Sunday,18:02,Lewisham,E09000023,6,0,6,30.0,6,4,6,0,,,1,1,1,0,0,1,1,E01003191,3,1,01/03/2016,01/03/2016,1,9,0,9,,8,0,0,0,0,,,6,Male,32,26 - 35,1796,1,7,4,1,,3,1,1,1,36,7,3,0,0,0,0,0,9,1,1,2016.0,01PL60165,E09000023,0.0,0.0,2.0,2016.0,01PL60165,4.0,2.0,0.0,4.0,1.0,-1,2016.0,01PL60165,2016,1,1,18
140468,201601PL60169,537270.0,176210.0,-0.025124,51.468161,1,Slight,2,1,2016-05-03,Tuesday,20:35,Lewisham,E09000023,3,20,6,30.0,3,4,6,0,,,4,1,1,0,0,1,1,E01003211,3,1,05/03/2016,05/03/2016,1,9,0,18,,8,0,0,0,0,,,6,Male,24,21 - 25,1229,1,5,-1,-1,,1,1,1,1,24,5,3,0,0,0,0,0,9,-1,-1,2016.0,01PL60169,E09000023,0.0,4.0,2.0,2016.0,01PL60169,4.0,8.0,0.0,1.0,1.0,-1,2016.0,01PL60169,2016,5,1,20
140475,201601PL60176,538030.0,174930.0,-0.014688,51.456474,1,Slight,2,1,2016-01-23,Saturday,18:38,Lewisham,E09000023,3,21,6,30.0,3,2,4,236,,,4,1,2,0,0,1,2,E01033341,3,1,23/01/2016,23/01/2016,1,9,0,10,,8,0,0,0,0,,,2,Female,31,26 - 35,1242,1,6,2,1,,1,1,1,2,31,6,3,0,0,0,0,0,9,1,2,2016.0,01PL60176,E09000023,0.0,5.0,2.0,2016.0,01PL60176,7.0,6.0,0.0,2.0,1.0,-1,2016.0,01PL60176,2016,1,1,18
140485,201601PL60188,538990.0,171120.0,-0.002374,51.422002,1,Slight,2,1,2016-03-24,Thursday,20:25,Lewisham,E09000023,3,21,6,30.0,3,4,6,0,,,1,2,2,0,0,1,1,E01003243,3,1,24/03/2016,24/03/2016,1,3,0,18,,8,0,0,0,0,,,6,Male,20,16 - 20,108,1,4,4,1,,1,1,1,1,20,4,3,0,0,0,0,0,3,1,4,2016.0,01PL60188,E09000023,0.0,0.0,2.0,2016.0,01PL60188,8.0,4.0,0.0,1.0,1.0,-1,2016.0,01PL60188,2016,3,1,20
140490,201601PL60193,536800.0,172950.0,-0.033146,51.438979,1,Slight,2,1,2016-03-24,Thursday,22:00,Lewisham,E09000023,3,212,6,30.0,3,4,6,0,,,4,1,1,0,0,1,1,E01003308,3,1,24/03/2016,24/03/2016,1,4,0,18,,8,0,0,0,0,,,6,Male,26,26 - 35,109,1,2,1,1,,1,1,1,1,26,6,3,0,0,0,0,0,4,1,1,2016.0,01PL60193,E09000023,0.0,1.0,2.0,2016.0,01PL60193,2.0,6.0,0.0,1.0,1.0,-1,2016.0,01PL60193,2016,3,1,22
140494,201601PL60197,537680.0,173060.0,-0.02045,51.439755,1,Slight,2,1,2016-03-23,Wednesday,19:14,Lewisham,E09000023,3,21,6,30.0,6,4,5,0,,,4,1,1,0,0,1,1,E01003318,3,1,23/03/2016,23/03/2016,1,9,0,7,,8,0,0,0,0,,,6,Male,35,26 - 35,1360,1,10,2,1,,2,1,1,1,39,7,3,0,0,0,0,0,1,1,3,2016.0,01PL60197,E09000023,0.0,0.0,2.0,2016.0,01PL60197,6.0,8.0,0.0,3.0,1.0,-1,2016.0,01PL60197,2016,3,1,19
140506,201601PL60209,536210.0,174440.0,-0.041056,51.452511,1,Serious,2,1,2016-07-04,Monday,22:20,Lewisham,E09000023,6,0,6,30.0,3,4,6,0,,,4,1,1,0,0,1,1,E01003232,2,2,07/04/2016,07/04/2016,1,9,0,9,,8,0,0,0,0,,,6,Male,22,21 - 25,-1,-1,-1,6,1,,2,1,1,1,32,6,2,0,0,0,0,0,3,1,4,2016.0,01PL60209,E09000023,0.0,0.0,2.0,2016.0,01PL60209,1.0,7.0,0.0,3.0,1.0,-1,2016.0,01PL60209,2016,7,2,22
140509,201601PL60212,535800.0,173280.0,-0.047398,51.442185,1,Slight,1,1,2016-03-22,Tuesday,05:13,Lewisham,E09000023,3,205,6,30.0,3,4,3,205,,,4,1,1,0,0,1,1,E01003315,3,1,22/03/2016,22/03/2016,1,9,0,18,,8,0,10,1,2,,,6,Male,32,26 - 35,1598,1,12,5,1,,1,1,1,1,32,6,3,0,0,0,0,0,9,1,5,2016.0,01PL60212,E09000023,0.0,0.0,2.0,2016.0,01PL60212,3.0,7.0,0.0,4.0,1.0,-1,2016.0,01PL60212,2016,3,1,5
140516,201601PL60223,535910.0,172180.0,-0.046238,51.432274,1,Slight,2,1,2016-03-20,Sunday,19:49,Lewisham,E09000023,6,0,6,30.0,0,-1,-1,-1,,,4,2,2,0,0,1,1,E01003313,3,1,20/03/2016,20/03/2016,1,3,0,4,,0,0,0,0,0,,,6,Male,20,16 - 20,108,1,0,3,1,,1,1,1,1,20,4,3,0,0,0,0,0,3,1,3,2016.0,01PL60223,E09000023,0.0,0.0,2.0,2016.0,01PL60223,1.0,5.0,0.0,1.0,1.0,-1,2016.0,01PL60223,2016,3,1,19
140517,201601PL60224,538960.0,173210.0,-0.001986,51.44079,1,Slight,1,1,2016-03-29,Tuesday,22:05,Lewisham,E09000023,5,0,6,30.0,3,4,6,0,,,4,2,2,0,0,1,1,E01003217,3,1,29/03/2016,29/03/2016,1,3,0,4,,8,0,0,0,0,,,6,Male,22,21 - 25,125,1,1,2,1,,1,1,1,1,22,5,3,0,0,0,0,0,3,1,2,2016.0,01PL60224,E09000023,0.0,0.0,2.0,2016.0,01PL60224,1.0,5.0,0.0,3.0,1.0,-1,2016.0,01PL60224,2016,3,1,22
140520,201601PL60228,536250.0,172590.0,-0.041193,51.435877,1,Slight,2,4,2016-10-04,Tuesday,22:05,Lewisham,E09000023,6,0,6,30.0,6,4,6,0,,,4,1,1,0,0,1,1,E01003311,3,1,10/04/2016,10/04/2016,1,9,0,18,,8,0,0,0,0,,,6,Male,28,26 - 35,1598,1,1,3,1,,1,1,1,1,28,6,3,0,0,0,0,0,9,1,3,2016.0,01PL60228,E09000023,0.0,1.0,2.0,2016.0,01PL60228,2.0,6.0,0.0,4.0,1.0,-1,2016.0,01PL60228,2016,10,4,22
140521,201601PL60229,536740.0,171750.0,-0.034472,51.42821,1,Slight,1,2,2016-07-04,Monday,19:55,Lewisham,E09000023,3,2218,6,30.0,7,2,3,2218,,,4,1,2,0,0,1,1,E01003190,3,1,07/04/2016,07/04/2016,1,9,0,9,,8,0,0,1,7,,,6,Female,27,26 - 35,2967,2,1,6,1,,1,1,1,2,27,6,3,0,0,0,0,0,9,1,6,2016.0,01PL60229,E09000023,0.0,5.0,2.0,2016.0,01PL60229,1.0,7.0,0.0,1.0,1.0,-1,2016.0,01PL60229,2016,7,2,19
140524,201601PL60232,539160.0,175190.0,0.001668,51.458534,1,Slight,2,1,2016-04-14,Thursday,18:20,Lewisham,E09000023,3,20,6,30.0,6,4,6,0,,,1,1,1,0,0,1,1,E01003282,3,1,14/04/2016,14/04/2016,1,9,0,4,,1,0,0,0,0,,,6,Female,31,26 - 35,1497,1,14,3,1,,2,1,2,2,54,8,3,0,0,0,3,0,11,1,2,2016.0,01PL60232,E09000023,0.0,4.0,2.0,2016.0,01PL60232,7.0,3.0,0.0,2.0,1.0,-1,2016.0,01PL60232,2016,4,1,18
140528,201601PL60238,539470.0,175200.0,0.006131,51.458548,1,Slight,2,1,2016-07-04,Monday,19:15,Lewisham,E09000023,3,20,6,30.0,3,4,6,0,,,4,1,1,0,0,1,1,E01003283,3,1,07/04/2016,07/04/2016,1,3,0,14,,2,0,0,0,0,,,6,Male,23,21 - 25,-1,-1,-1,2,1,,2,1,1,2,27,6,3,0,0,0,0,0,1,1,6,2016.0,01PL60238,E09000023,0.0,0.0,2.0,2016.0,01PL60238,7.0,3.0,0.0,1.0,1.0,-1,2016.0,01PL60238,2016,7,1,19
140535,201601PL60246,538110.0,175050.0,-0.013491,51.457533,1,Slight,2,3,2016-01-01,Friday,02:07,Lewisham,E09000023,3,21,6,30.0,6,2,3,21,,,4,1,1,0,0,1,2,E01033341,3,1,01/01/2016,01/01/2016,1,9,0,3,,1,0,0,0,0,,,6,Female,20,16 - 20,1995,2,5,5,1,,1,1,1,2,20,4,3,0,0,0,0,0,9,1,5,2016.0,01PL60246,E09000023,0.0,5.0,2.0,2016.0,01PL60246,6.0,2.0,0.0,2.0,1.0,-1,2016.0,01PL60246,2016,1,3,2
140537,201601PL60250,538200.0,175780.0,-0.011911,51.464071,1,Slight,2,1,2016-04-01,Friday,19:48,Lewisham,E09000023,3,20,1,30.0,1,4,3,21,,,1,1,1,0,0,1,1,E01003296,3,1,04/01/2016,04/01/2016,1,9,0,9,,8,0,0,0,0,,,6,Female,21,21 - 25,1598,1,15,2,1,,1,1,1,2,21,5,3,0,0,0,0,0,9,1,2,2016.0,01PL60250,E09000023,0.0,0.0,2.0,2016.0,01PL60250,4.0,2.0,0.0,4.0,1.0,-1,2016.0,01PL60250,2016,4,1,19
140542,201601PL60255,536810.0,176650.0,-0.031572,51.472227,1,Slight,2,1,2016-06-01,Wednesday,05:50,Lewisham,E09000023,3,20,6,30.0,6,2,4,218,,,4,1,2,0,0,1,1,E01003209,3,1,06/01/2016,06/01/2016,1,9,0,3,,1,0,0,0,0,,,6,Female,33,26 - 35,1560,2,10,-1,-1,,1,1,1,2,33,6,3,0,0,0,0,0,9,-1,-1,2016.0,01PL60255,E09000023,0.0,5.0,2.0,2016.0,01PL60255,8.0,4.0,0.0,2.0,1.0,-1,2016.0,01PL60255,2016,6,1,5
140545,201601PL60258,536570.0,176910.0,-0.034925,51.474621,1,Slight,2,1,2016-01-01,Friday,01:54,Lewisham,E09000023,3,20,6,30.0,3,2,3,20,,,4,1,2,0,0,1,1,E01003215,3,1,01/01/2016,01/01/2016,1,9,0,18,,8,0,0,0,0,,,6,Male,27,26 - 35,1390,1,6,-1,-1,,1,1,2,2,27,6,3,0,0,1,0,0,9,1,2,2016.0,01PL60258,E09000023,0.0,5.0,2.0,2016.0,01PL60258,4.0,8.0,0.0,2.0,1.0,-1,2016.0,01PL60258,2016,1,1,1