,accident_index,location_easting_osgr,location_northing_osgr,longitude,latitude,police_force,accident_severity,number_of_vehicles,number_of_casualties,date,day_of_week,time,local_authority_district,local_authority_highway,first_road_class,first_road_number,road_type,speed_limit,junction_detail,junction_control,second_road_class,second_road_number,pedestrian_crossing-human_control,pedestrian_crossing-physical_facilities,light_conditions,weather_conditions,road_surface_conditions,special_conditions_at_site,carriageway_hazards,urban_or_rural_area,did_police_officer_attend_scene_of_accident,lsoa_of_accident_location,accident_severity_num,accident_severity_inv,date2,date_original,vehicle_reference_x,vehicle_type,towing_and_articulation,vehicle_manoeuvre,vehicle_location-restricted_lane,junction_location,skidding_and_overturning,hit_object_in_carriageway,vehicle_leaving_carriageway,hit_object_off_carriageway,1st_point_of_impact,was_vehicle_left_hand_drive?,journey_purpose_of_driver,sex_of_driver,age_of_driver,age_band_of_driver,engine_capacity_cc,propulsion_code,age_of_vehicle,driver_imd_decile,driver_home_area_type,vehicle_imd_decile,vehicle_reference_y,casualty_reference,casualty_class,sex_of_casualty,age_of_casualty,age_band_of_casualty,casualty_severity,pedestrian_location,pedestrian_movement,car_passenger,bus_or_coach_passenger,pedestrian_road_maintenance_worker,casualty_type,casualty_home_area_type,casualty_imd_decile,accident_year_x,accident_reference_x,local_authority_ons_district,pedestrian_crossing_human_control,pedestrian_crossing_physical_facilities,trunk_road_flag,accident_year_y,accident_reference_y,vehicle_direction_from,vehicle_direction_to,vehicle_location_restricted_lane,first_point_of_impact,vehicle_left_hand_drive,generic_make_model,accident_year,accident_reference,year,month,severity,hours
141378,201601PY20498,547320.0,168110.0,0.116098,51.392853,1,Serious,1,1,2016-07-29,Friday,18:08,Bromley,E09000006,6,0,6,30.0,3,4,6,0,,,1,1,1,0,0,1,1,E01000721,2,2,29/07/2016,29/07/2016,1,9,0,18,,8,0,0,0,0,,,6,Male,29,26 - 35,2494,2,2,1,3,,1,1,3,1,2,1,2,5,1,0,0,2,0,-1,-1,2016.0,01PY20498,E09000006,0.0,0.0,2.0,2016.0,01PY20498,1.0,5.0,0.0,4.0,1.0,-1,2016.0,01PY20498,2016,7,2,18
141381,201601PY20502,543970.0,167490.0,0.067729,51.388141,1,Slight,2,1,2016-07-27,Wednesday,23:30,Bromley,E09000006,6,0,6,30.0,6,4,6,0,,,4,1,1,0,0,1,1,E01000811,3,1,27/07/2016,27/07/2016,1,9,0,18,,8,0,0,0,0,,,6,Male,24,21 - 25,1686,2,12,9,1,,2,1,1,1,18,4,3,0,0,0,0,0,9,1,4,2016.0,01PY20502,E09000006,0.0,0.0,2.0,2016.0,01PY20502,5.0,1.0,0.0,1.0,1.0,-1,2016.0,01PY20502,2016,7,1,23
141387,201601PY20508,541900.0,162890.0,0.036165,51.347325,1,Slight,2,1,2016-11-08,Tuesday,19:30,Bromley,E09000006,3,233,3,30.0,0,-1,-1,-1,,,1,1,1,0,0,1,1,E01000747,3,1,11/08/2016,11/08/2016,1,9,0,18,,0,0,0,0,0,,,6,Male,25,21 - 25,1679,1,15,9,1,,1,1,1,1,25,5,3,0,0,0,0,0,9,1,9,2016.0,01PY20508,E09000006,0.0,0.0,2.0,2016.0,01PY20508,5.0,1.0,0.0,1.0,1.0,-1,2016.0,01PY20508,2016,11,1,19
141392,201601PY20513,546780.0,166880.0,0.107833,51.38194,1,Slight,2,1,2016-07-15,Friday,01:35,Bromley,E09000006,3,224,6,30.0,3,2,3,223,,,4,1,1,0,0,1,2,E01000788,3,1,15/07/2016,15/07/2016,1,9,0,4,,8,0,0,0,0,,,6,Male,32,26 - 35,2987,2,2,5,1,,1,1,1,1,32,6,3,0,0,0,0,0,9,1,5,2016.0,01PY20513,E09000006,0.0,5.0,2.0,2016.0,01PY20513,4.0,8.0,0.0,2.0,1.0,-1,2016.0,01PY20513,2016,7,1,1
141396,201601PY20518,540510.0,169260.0,0.018736,51.404913,1,Slight,1,1,2016-08-15,Monday,00:15,Bromley,E09000006,3,21,6,30.0,0,-1,-1,-1,,,4,1,1,0,0,1,1,E01000675,3,1,15/08/2016,15/08/2016,1,9,0,18,,0,0,7,0,0,,,6,Female,21,21 - 25,1399,2,11,9,1,,1,1,1,2,21,5,3,0,0,0,0,0,9,1,9,2016.0,01PY20518,E09000006,0.0,0.0,2.0,2016.0,01PY20518,5.0,1.0,0.0,3.0,1.0,-1,2016.0,01PY20518,2016,8,1,0
141399,201601PY20522,544580.0,167210.0,0.076376,51.38547,1,Serious,2,1,2016-08-21,Sunday,05:22,Bromley,E09000006,5,0,1,30.0,2,4,5,0,,,1,1,1,0,0,1,1,E01000813,2,2,21/08/2016,21/08/2016,1,9,0,18,,8,0,0,0,0,,,6,Male,22,21 - 25,1998,1,14,1,1,,2,1,1,1,60,9,2,0,0,0,0,0,9,1,3,2016.0,01PY20522,E09000006,0.0,0.0,2.0,2016.0,01PY20522,8.0,4.0,0.0,1.0,1.0,-1,2016.0,01PY20522,2016,8,2,5
141408,201601PY20531,541050.0,168180.0,0.026065,51.395074,1,Slight,2,2,2016-08-29,Monday,18:30,Bromley,E09000006,3,21,6,30.0,3,2,4,265,,,1,1,1,0,0,1,1,E01000671,3,1,29/08/2016,29/08/2016,1,9,0,9,,8,0,0,0,0,,,6,Male,20,16 - 20,1398,1,0,9,1,,1,1,1,1,20,4,3,0,0,0,0,0,9,1,9,2016.0,01PY20531,E09000006,0.0,5.0,2.0,2016.0,01PY20531,8.0,6.0,0.0,4.0,1.0,-1,2016.0,01PY20531,2016,8,2,18
141419,201601PY20543,541670.0,169330.0,0.03543,51.405254,1,Slight,2,1,2016-10-06,Thursday,19:25,Bromley,E09000006,3,222,6,30.0,3,4,6,0,,,4,1,1,0,0,1,1,E01000646,3,1,10/06/2016,10/06/2016,1,9,0,18,,8,0,0,0,0,,,6,Male,27,26 - 35,1598,1,10,10,1,,2,1,1,1,25,5,3,0,0,0,0,0,3,1,8,2016.0,01PY20543,E09000006,0.0,0.0,2.0,2016.0,01PY20543,5.0,1.0,0.0,2.0,1.0,-1,2016.0,01PY20543,2016,10,1,19
141422,201601PY20546,536590.0,168860.0,-0.037741,51.402275,1,Slight,2,1,2016-08-25,Thursday,19:00,Bromley,E09000006,3,222,6,30.0,6,4,6,0,,,1,1,1,0,0,1,1,E01000708,3,1,25/08/2016,25/08/2016,1,9,0,7,,8,0,0,0,0,,,6,Male,26,26 - 35,1995,2,6,9,1,,2,1,1,1,48,8,3,0,0,0,0,0,1,1,7,2016.0,01PY20546,E09000006,0.0,0.0,2.0,2016.0,01PY20546,2.0,4.0,0.0,4.0,1.0,-1,2016.0,01PY20546,2016,8,1,19
141427,201601PY20563,542080.0,172070.0,0.042418,51.429773,1,Slight,3,2,2016-08-30,Tuesday,18:00,Bromley,E09000006,5,0,6,30.0,6,4,6,0,,,1,1,1,0,0,1,1,E01000782,3,1,30/08/2016,30/08/2016,1,9,0,9,,8,0,0,0,0,,,6,Male,25,21 - 25,1598,1,8,6,1,,1,1,1,1,25,5,3,0,0,0,0,0,9,1,6,2016.0,01PY20563,E09000006,0.0,0.0,2.0,2016.0,01PY20563,1.0,7.0,0.0,1.0,1.0,-1,2016.0,01PY20563,2016,8,2,18
141432,201601PY20586,546430.0,166590.0,0.102688,51.379424,1,Slight,2,1,2016-08-13,Saturday,03:05,Bromley,E09000006,3,223,6,30.0,0,-1,-1,-1,,,4,1,1,0,0,1,1,E01000812,3,1,13/08/2016,13/08/2016,1,2,0,18,,0,0,0,0,0,,,6,Male,20,16 - 20,49,1,6,3,1,,1,1,1,1,20,4,3,0,0,0,0,0,2,1,3,2016.0,01PY20586,E09000006,0.0,0.0,2.0,2016.0,01PY20586,6.0,2.0,0.0,1.0,1.0,-1,2016.0,01PY20586,2016,8,1,3
141445,201601PY20704,537450.0,169760.0,-0.025036,51.410155,1,Slight,2,1,2016-08-22,Monday,21:58,Bromley,E09000006,3,2015,3,30.0,7,2,3,2015,,,4,1,1,0,0,1,1,E01000714,3,1,22/08/2016,22/08/2016,1,9,0,10,,8,0,0,0,0,,,6,Male,19,16 - 20,-1,-1,-1,7,1,,2,1,1,1,30,6,3,0,0,0,0,0,4,1,3,2016.0,01PY20704,E09000006,0.0,5.0,2.0,2016.0,01PY20704,1.0,7.0,0.0,1.0,1.0,-1,2016.0,01PY20704,2016,8,1,21
141470,201601QA10051,513720.0,188880.0,-0.359923,51.587257,1,Slight,1,2,2016-01-23,Saturday,05:47,Harrow,E09000015,5,0,6,30.0,3,4,6,0,,,4,1,2,0,0,1,1,E01002161,3,1,23/01/2016,23/01/2016,1,9,0,18,,1,0,7,1,1,,,6,Male,23,21 - 25,2143,2,5,6,1,,1,1,1,1,23,5,3,0,0,0,0,0,9,1,6,2016.0,01QA10051,E09000015,0.0,0.0,2.0,2016.0,01QA10051,5.0,1.0,0.0,1.0,1.0,-1,2016.0,01QA10051,2016,1,2,5
141480,201601QA10068,516190.0,190750.0,-0.323667,51.603561,1,Slight,2,2,2016-07-02,Saturday,03:15,Harrow,E09000015,6,0,6,30.0,0,-1,-1,-1,,,4,2,2,0,0,1,1,E01002106,3,1,07/02/2016,07/02/2016,1,9,0,17,,0,0,4,0,0,,,6,Male,22,21 - 25,1598,1,12,5,1,,1,1,1,1,22,5,3,0,0,0,0,0,9,1,5,2016.0,01QA10068,E09000015,0.0,0.0,2.0,2016.0,01QA10068,4.0,1.0,0.0,1.0,1.0,-1,2016.0,01QA10068,2016,7,2,3
141482,201601QA10071,518270.0,189900.0,-0.293933,51.595489,1,Slight,2,1,2016-07-02,Saturday,22:10,Harrow,E09000015,3,4140,1,30.0,1,4,5,0,,,4,5,2,0,0,1,1,E01002202,3,1,07/02/2016,07/02/2016,1,9,0,18,,8,0,0,0,0,,,6,Male,28,26 - 35,1560,2,2,5,1,,2,1,1,1,30,6,3,0,0,0,0,0,3,1,3,2016.0,01QA10071,E09000015,0.0,4.0,2.0,2016.0,01QA10071,1.0,5.0,0.0,3.0,1.0,-1,2016.0,01QA10071,2016,7,1,22
141483,201601QA10072,517080.0,190330.0,-0.310962,51.599602,1,Slight,2,1,2016-01-15,Friday,19:45,Harrow,E09000015,6,0,6,30.0,6,4,6,0,,,7,1,1,0,0,1,2,E01002108,3,1,15/01/2016,15/01/2016,1,9,0,5,,8,0,0,7,0,,,6,Male,23,21 - 25,1498,1,10,-1,-1,,1,1,1,1,23,5,3,0,0,0,0,0,9,-1,-1,2016.0,01QA10072,E09000015,0.0,0.0,2.0,2016.0,01QA10072,6.0,2.0,0.0,4.0,1.0,-1,2016.0,01QA10072,2016,1,1,19
141484,201601QA10073,512770.0,186260.0,-0.37447,51.5639,1,Slight,2,1,2016-07-02,Saturday,19:00,Harrow,E09000015,6,0,6,30.0,6,4,6,0,,,4,5,2,0,0,1,1,E01002215,3,1,07/02/2016,07/02/2016,1,9,0,9,,8,0,0,0,0,,,6,Male,29,26 - 35,1398,2,13,9,1,,2,1,1,1,17,4,3,0,0,0,0,0,3,1,3,2016.0,01QA10073,E09000015,0.0,0.0,2.0,2016.0,01QA10073,8.0,6.0,0.0,1.0,1.0,-1,2016.0,01QA10073,2016,7,1,19
141485,201601QA10075,514890.0,186830.0,-0.343712,51.568595,1,Serious,1,1,2016-02-23,Tuesday,22:05,Harrow,E09000015,4,457,6,30.0,0,-1,-1,-1,,,7,1,1,0,0,1,1,E01002132,2,2,23/02/2016,23/02/2016,1,9,0,18,,0,0,0,0,0,,,6,Male,22,21 - 25,1590,1,10,3,1,,1,1,3,1,21,5,2,10,3,0,0,2,0,1,8,2016.0,01QA10075,E09000015,0.0,7.0,2.0,2016.0,01QA10075,4.0,8.0,0.0,1.0,1.0,-1,2016.0,01QA10075,2016,2,2,22
141487,201601QA10080,517830.0,188960.0,-0.300598,51.587133,1,Slight,2,1,2016-03-01,Tuesday,19:58,Brent,E09000005,3,4006,6,30.0,3,4,6,0,,,4,1,1,0,0,1,1,E01000541,3,1,03/01/2016,03/01/2016,1,9,0,9,,6,0,0,0,0,,,6,Male,29,26 - 35,3311,8,9,4,1,,1,1,1,1,29,6,3,0,0,0,0,0,9,1,4,2016.0,01QA10080,E09000005,0.0,0.0,2.0,2016.0,01QA10080,1.0,7.0,0.0,1.0,1.0,-1,2016.0,01QA10080,2016,3,1,19
141492,201601QA10087,517260.0,189290.0,-0.308711,51.590217,1,Slight,1,1,2016-01-17,Sunday,03:34,Harrow,E09000015,5,0,6,30.0,3,4,6,0,,,4,3,4,0,0,1,1,E01002174,3,1,17/01/2016,17/01/2016,1,9,0,9,,8,1,10,1,10,,,6,Female,28,26 - 35,1368,1,9,-1,-1,,1,1,2,2,27,6,3,0,0,2,0,0,9,1,3,2016.0,01QA10087,E09000015,0.0,0.0,2.0,2016.0,01QA10087,4.0,2.0,0.0,4.0,1.0,-1,2016.0,01QA10087,2016,1,1,3
141497,201601QA10092,515520.0,191890.0,-0.332962,51.613944,1,Slight,2,1,2016-02-13,Saturday,18:50,Harrow,E09000015,5,0,6,30.0,0,-1,-1,-1,,,4,1,2,0,0,1,1,E01002145,3,1,13/02/2016,13/02/2016,1,2,0,18,,0,1,4,0,0,,,1,Male,19,16 - 20,49,1,4,3,1,,1,1,1,1,19,4,3,0,0,0,0,0,2,1,3,2016.0,01QA10092,E09000015,0.0,0.0,2.0,2016.0,01QA10092,8.0,4.0,0.0,1.0,1.0,-1,2016.0,01QA10092,2016,2,1,18
141502,201601QA10100,514340.0,188650.0,-0.351052,51.585065,1,Slight,2,1,2016-02-27,Saturday,00:25,Harrow,E09000015,6,0,6,30.0,6,4,6,0,,,4,1,1,0,0,1,1,E01002159,3,1,27/02/2016,27/02/2016,1,9,0,18,,1,0,0,0,0,,,6,Male,32,26 - 35,998,1,12,4,1,,1,1,1,1,32,6,3,0,0,0,0,0,9,1,4,2016.0,01QA10100,E09000015,0.0,0.0,2.0,2016.0,01QA10100,2.0,6.0,0.0,3.0,1.0,-1,2016.0,01QA10100,2016,2,1,0
141514,201601QA10120,515600.0,189100.0,-0.332726,51.588852,1,Slight,2,1,2016-12-03,Saturday,21:10,Harrow,E09000015,3,409,6,30.0,3,4,6,0,,,4,1,1,0,0,1,1,E01002182,3,1,12/03/2016,12/03/2016,1,9,0,3,,2,0,0,0,0,,,6,Male,25,21 - 25,1397,1,13,8,1,,1,1,1,1,25,5,3,0,0,0,0,0,9,1,8,2016.0,01QA10120,E09000015,0.0,4.0,2.0,2016.0,01QA10120,1.0,5.0,0.0,2.0,1.0,-1,2016.0,01QA10120,2016,12,1,21
141522,201601QA10129,517390.0,191970.0,-0.305939,51.614277,1,Slight,2,1,2016-03-22,Tuesday,19:28,Harrow,E09000015,3,4140,6,30.0,3,4,6,0,,,4,1,1,0,0,1,1,E01002229,3,1,22/03/2016,22/03/2016,1,9,0,18,,1,0,0,0,0,,,6,Female,27,26 - 35,1590,1,12,6,1,,1,1,1,2,27,6,3,0,0,0,0,0,9,1,6,2016.0,01QA10129,E09000015,0.0,8.0,2.0,2016.0,01QA10129,8.0,4.0,0.0,1.0,1.0,-1,2016.0,01QA10129,2016,3,1,19
141535,201601QA10145,513180.0,187230.0,-0.368245,51.572536,1,Slight,3,1,2016-03-19,Saturday,18:30,Harrow,E09000015,6,0,6,30.0,8,4,6,0,,,4,1,1,0,0,1,1,E01002206,3,1,19/03/2016,19/03/2016,1,9,0,18,,1,0,4,0,0,,,6,Female,24,21 - 25,1388,1,6,8,1,,1,1,1,2,24,5,3,0,0,0,0,0,9,1,8,2016.0,01QA10145,E09000015,0.0,0.0,2.0,2016.0,01QA10145,7.0,3.0,0.0,1.0,1.0,-1,2016.0,01QA10145,2016,3,1,18
141549,201601QA10160,518820.0,188800.0,-0.286369,51.585487,1,Serious,1,1,2016-09-03,Saturday,19:01,Brent,E09000005,3,4006,6,30.0,3,4,6,0,,,4,1,2,0,0,1,1,E01033463,2,2,09/03/2016,09/03/2016,1,9,0,18,,1,0,0,0,0,,,6,Female,24,21 - 25,1364,1,7,3,1,,1,1,3,2,48,8,2,5,4,0,0,2,0,-1,-1,2016.0,01QA10160,E09000005,0.0,0.0,2.0,2016.0,01QA10160,7.0,3.0,0.0,1.0,1.0,-1,2016.0,01QA10160,2016,9,2,19
141556,201601QA10169,517920.0,188930.0,-0.299309,51.586844,1,Slight,1,1,2016-03-27,Sunday,02:31,Brent,E09000005,3,4006,6,30.0,9,2,3,4006,,,4,1,1,0,0,1,1,E01000541,3,1,27/03/2016,27/03/2016,1,9,0,18,,2,0,0,0,0,,,6,Male,26,26 - 35,2993,2,6,7,1,,1,1,3,1,24,5,3,1,3,0,0,2,0,1,5,2016.0,01QA10169,E09000005,0.0,5.0,2.0,2016.0,01QA10169,8.0,4.0,0.0,1.0,1.0,-1,2016.0,01QA10169,2016,3,1,2
141561,201601QA10176,515880.0,186150.0,-0.329658,51.562281,1,Slight,2,1,2016-04-18,Monday,23:40,Brent,E09000005,3,4127,6,30.0,3,4,6,0,,,4,1,1,0,0,1,2,E01000562,3,1,18/04/2016,18/04/2016,1,9,0,18,,6,0,0,0,0,,,6,Male,23,21 - 25,1999,1,5,4,1,,2,1,1,1,70,10,3,0,0,0,0,0,9,1,5,2016.0,01QA10176,E09000005,0.0,0.0,2.0,2016.0,01QA10176,4.0,8.0,0.0,1.0,1.0,-1,2016.0,01QA10176,2016,4,1,23
141563,201601QA10178,519120.0,191410.0,-0.281155,51.608881,1,Slight,2,2,2016-04-27,Wednesday,20:30,Harrow,E09000015,6,0,6,20.0,0,-1,-1,-1,,,4,1,1,0,0,1,2,E01002119,3,1,27/04/2016,27/04/2016,1,9,0,2,,0,0,0,0,0,,,6,Male,21,21 - 25,-1,-1,-1,5,1,,1,1,1,1,21,5,3,0,0,0,0,0,9,1,5,2016.0,01QA10178,E09000015,0.0,0.0,2.0,2016.0,01QA10178,0.0,0.0,0.0,2.0,1.0,-1,2016.0,01QA10178,2016,4,2,20
141565,201601QA10180,517800.0,191050.0,-0.300329,51.605923,1,Slight,2,3,2016-11-01,Tuesday,19:19,Harrow,E09000015,3,4140,3,30.0,3,4,6,0,,,4,1,1,0,0,1,1,E01002110,3,1,11/01/2016,11/01/2016,1,9,0,7,,8,0,0,0,0,,,6,Female,34,26 - 35,1497,8,11,6,1,,1,1,1,2,34,6,3,0,0,0,0,0,9,1,6,2016.0,01QA10180,E09000015,0.0,0.0,2.0,2016.0,01QA10180,7.0,1.0,0.0,1.0,1.0,-1,2016.0,01QA10180,2016,11,3,19
141567,201601QA10182,513390.0,187370.0,-0.365171,51.573752,1,Slight,2,1,2016-04-19,Tuesday,20:32,Harrow,E09000015,6,0,6,30.0,8,4,6,0,,,4,1,1,0,0,1,1,E01002241,3,1,19/04/2016,19/04/2016,1,9,0,3,,8,0,0,0,0,,,1,Female,25,21 - 25,-1,-1,-1,-1,-1,,1,1,2,1,43,7,3,0,0,2,0,0,9,-1,-1,2016.0,01QA10182,E09000015,0.0,0.0,2.0,2016.0,01QA10182,1.0,5.0,0.0,4.0,1.0,-1,2016.0,01QA10182,2016,4,1,20
141569,201601QA10184,513430.0,185810.0,-0.365097,51.559723,1,Slight,2,1,2016-04-14,Thursday,18:15,Harrow,E09000015,3,4090,6,30.0,3,4,6,0,,,1,1,1,0,0,1,1,E01002218,3,1,14/04/2016,14/04/2016,1,9,0,9,,8,0,0,0,0,,,6,Male,21,21 - 25,1388,1,8,7,1,,2,1,1,1,29,6,3,0,0,0,0,0,3,1,2,2016.0,01QA10184,E09000015,0.0,0.0,2.0,2016.0,01QA10184,7.0,5.0,0.0,3.0,1.0,-1,2016.0,01QA10184,2016,4,1,18
141573,201601QA10188,516930.0,192390.0,-0.31244,51.618147,1,Slight,1,1,2016-04-22,Friday,22:47,Harrow,E09000015,6,0,6,30.0,3,4,3,4140,,,4,2,2,0,0,1,1,E01002226,3,1,22/04/2016,22/04/2016,1,9,0,9,,2,0,0,0,0,,,6,Male,24,21 - 25,1796,1,9,8,3,,1,1,3,2,51,8,3,5,1,0,0,2,0,-1,-1,2016.0,01QA10188,E09000015,0.0,0.0,2.0,2016.0,01QA10188,8.0,6.0,0.0,1.0,1.0,-1,2016.0,01QA10188,2016,4,1,22
141592,201601QA10212,515880.0,188160.0,-0.328996,51.580346,1,Slight,2,2,2016-04-21,Thursday,19:22,Harrow,E09000015,3,409,6,30.0,3,4,5,0,,,4,1,1,0,0,1,1,E01002126,3,1,21/04/2016,21/04/2016,1,9,0,12,,2,0,0,0,0,,,6,Female,18,16 - 20,1240,1,11,10,1,,1,1,1,2,18,4,3,0,0,0,0,0,9,1,10,2016.0,01QA10212,E09000015,0.0,4.0,2.0,2016.0,01QA10212,4.0,8.0,0.0,3.0,1.0,-1,2016.0,01QA10212,2016,4,2,19
141593,201601QA10213,516270.0,188060.0,-0.323403,51.579367,1,Slight,2,2,2016-12-05,Monday,19:08,Brent,E09000005,3,4006,6,30.0,3,4,6,0,,,1,1,1,0,0,1,1,E01002127,3,1,12/05/2016,12/05/2016,1,9,0,18,,1,0,10,1,2,,,6,Female,24,21 - 25,1199,1,12,-1,-1,,1,1,1,2,24,5,3,0,0,0,0,0,9,-1,-1,2016.0,01QA10213,E09000005,0.0,4.0,2.0,2016.0,01QA10213,6.0,2.0,0.0,3.0,1.0,-1,2016.0,01QA10213,2016,12,2,19
141599,201601QA10219,513600.0,188650.0,-0.361728,51.585214,1,Slight,1,1,2016-05-20,Friday,18:30,Harrow,E09000015,6,0,6,30.0,3,4,3,4090,,,1,1,1,0,0,1,1,E01002157,3,1,20/05/2016,20/05/2016,1,9,0,5,,1,0,0,0,0,,,6,Male,20,16 - 20,1339,1,5,7,1,,1,1,3,1,76,11,3,5,1,0,0,2,0,1,8,2016.0,01QA10219,E09000015,0.0,8.0,2.0,2016.0,01QA10219,8.0,4.0,0.0,1.0,1.0,-1,2016.0,01QA10219,2016,5,1,18
141601,201601QA10221,514370.0,189420.0,-0.350369,51.591979,1,Slight,2,1,2016-05-18,Wednesday,18:03,Harrow,E09000015,5,0,6,30.0,3,4,6,0,,,1,8,2,0,0,1,1,E01002163,3,1,18/05/2016,18/05/2016,1,3,0,14,,1,0,0,0,0,,,1,Male,34,26 - 35,125,1,4,-1,-1,,1,1,1,1,34,6,3,0,0,0,0,0,3,-1,-1,2016.0,01QA10221,E09000015,0.0,1.0,2.0,2016.0,01QA10221,6.0,2.0,0.0,1.0,1.0,-1,2016.0,01QA10221,2016,5,1,18
141603,201601QA10224,512990.0,187040.0,-0.371047,51.570866,1,Slight,2,1,2016-05-13,Friday,20:05,Harrow,E09000015,3,4090,6,30.0,6,4,6,0,,,1,1,1,0,0,1,1,E01002204,3,1,13/05/2016,13/05/2016,1,9,0,18,,8,0,0,0,0,,,6,Male,22,21 - 25,1598,1,5,8,1,,2,1,1,1,21,5,3,0,0,0,0,0,2,1,7,2016.0,01QA10224,E09000015,0.0,1.0,2.0,2016.0,01QA10224,7.0,3.0,0.0,3.0,1.0,-1,2016.0,01QA10224,2016,5,1,20
141619,201601QA10242,517880.0,192690.0,-0.298624,51.620646,1,Slight,2,3,2016-05-29,Sunday,21:15,Harrow,E09000015,3,410,6,30.0,0,-1,-1,-1,,,4,1,1,0,0,1,1,E01002112,3,1,29/05/2016,29/05/2016,1,9,0,4,,0,0,0,0,0,,,6,Female,21,21 - 25,1198,1,13,7,1,,1,1,1,2,21,5,3,0,0,0,0,0,9,1,7,2016.0,01QA10242,E09000015,0.0,1.0,2.0,2016.0,01QA10242,6.0,2.0,0.0,2.0,1.0,-1,2016.0,01QA10242,2016,5,3,21
141623,201601QA10246,515260.0,191590.0,-0.336814,51.611301,1,Slight,5,2,2016-06-06,Monday,18:00,Harrow,E09000015,3,410,6,30.0,3,4,6,0,,,1,1,1,0,0,1,1,E01002144,3,1,06/06/2016,06/06/2016,1,9,0,3,,1,0,0,0,0,,,1,Male,34,26 - 35,1591,1,0,-1,-1,,4,1,1,1,78,11,3,0,0,0,0,0,9,1,10,2016.0,01QA10246,E09000015,0.0,0.0,2.0,2016.0,01QA10246,2.0,6.0,0.0,2.0,1.0,-1,2016.0,01QA10246,2016,6,2,18
141628,201601QA10252,513070.0,187640.0,-0.3697,51.576243,1,Slight,2,1,2016-05-28,Saturday,20:00,Harrow,E09000015,3,4090,6,30.0,0,-1,-1,-1,,,1,1,1,0,0,1,1,E01002239,3,1,28/05/2016,28/05/2016,1,9,0,4,,0,0,0,0,0,,,6,Female,22,21 - 25,1598,1,9,10,1,,1,1,1,2,22,5,3,0,0,0,0,0,9,1,10,2016.0,01QA10252,E09000015,0.0,8.0,2.0,2016.0,01QA10252,2.0,6.0,0.0,2.0,1.0,-1,2016.0,01QA10252,2016,5,1,20
141659,201601QA10288,515590.0,191840.0,-0.331968,51.613481,1,Slight,2,1,2016-07-07,Thursday,18:27,Harrow,E09000015,5,0,6,30.0,1,4,3,410,,,1,1,1,0,0,1,1,E01002145,3,1,07/07/2016,07/07/2016,1,9,0,3,,1,0,0,0,0,,,6,Male,35,26 - 35,1229,1,1,7,1,,1,1,1,1,35,6,3,0,0,0,0,0,9,1,7,2016.0,01QA10288,E09000015,0.0,0.0,2.0,2016.0,01QA10288,8.0,4.0,0.0,2.0,1.0,-1,2016.0,01QA10288,2016,7,1,18
141669,201601QA10301,516710.0,190570.0,-0.316222,51.601835,1,Slight,1,1,2016-07-20,Wednesday,23:00,Harrow,E09000015,5,0,6,30.0,3,4,6,0,,,4,1,1,0,0,1,1,E01002111,3,1,20/07/2016,20/07/2016,1,9,0,18,,1,0,4,0,0,,,6,Male,22,21 - 25,2616,1,12,4,1,,1,1,1,1,22,5,3,0,0,0,0,0,9,1,4,2016.0,01QA10301,E09000015,0.0,0.0,2.0,2016.0,01QA10301,2.0,6.0,0.0,4.0,1.0,-1,2016.0,01QA10301,2016,7,1,23
141672,201601QA10305,518200.0,190000.0,-0.29491,51.596402,1,Slight,2,1,2016-03-24,Thursday,19:30,Harrow,E09000015,3,4140,3,30.0,0,-1,-1,-1,,,7,1,1,0,6,1,1,E01002202,3,1,24/03/2016,24/03/2016,1,9,0,4,,0,0,0,0,0,,,6,Male,24,21 - 25,1896,2,13,5,1,,1,1,2,2,24,5,3,0,0,1,0,0,9,-1,-1,2016.0,01QA10305,E09000015,0.0,0.0,2.0,2016.0,01QA10305,5.0,1.0,0.0,2.0,1.0,-1,2016.0,01QA10305,2016,3,1,19
141674,201601QA10308,513830.0,189040.0,-0.358284,51.588673,1,Slight,2,1,2016-07-23,Saturday,18:58,Harrow,E09000015,5,0,6,30.0,3,4,6,0,,,1,1,1,0,0,1,2,E01002163,3,1,23/07/2016,23/07/2016,1,9,0,18,,1,0,0,0,0,,,6,Male,32,26 - 35,1995,2,15,5,1,,1,1,1,1,32,6,3,0,0,0,0,0,9,1,5,2016.0,01QA10308,E09000015,0.0,0.0,2.0,2016.0,01QA10308,2.0,6.0,0.0,2.0,1.0,-1,2016.0,01QA10308,2016,7,1,18
141682,201601QA10317,518580.0,189620.0,-0.289554,51.592907,1,Serious,2,1,2016-04-19,Tuesday,21:05,Harrow,E09000015,3,4140,6,30.0,3,4,6,0,,,7,9,1,0,0,1,1,E01002169,2,2,19/04/2016,19/04/2016,1,9,0,9,,1,0,0,0,0,,,6,Male,25,21 - 25,-1,-1,-1,4,1,,2,1,1,1,25,5,2,0,0,0,0,0,3,1,6,2016.0,01QA10317,E09000015,0.0,8.0,2.0,2016.0,01QA10317,6.0,4.0,0.0,3.0,1.0,-1,2016.0,01QA10317,2016,4,2,21
141684,201601QA10319,515800.0,191010.0,-0.32921,51.605978,1,Serious,1,1,2016-01-07,Thursday,19:56,Harrow,E09000015,5,0,6,30.0,3,4,6,0,,,1,1,1,0,0,1,1,E01002141,2,2,01/07/2016,01/07/2016,1,2,0,18,,2,0,4,0,0,,,1,Male,20,16 - 20,49,1,6,3,1,,1,1,1,1,20,4,2,0,0,0,0,0,2,1,3,2016.0,01QA10319,E09000015,0.0,0.0,2.0,2016.0,01QA10319,5.0,1.0,0.0,1.0,1.0,-1,2016.0,01QA10319,2016,1,2,19