,accident_index,location_easting_osgr,location_northing_osgr,longitude,latitude,police_force,accident_severity,number_of_vehicles,number_of_casualties,date,day_of_week,time,local_authority_district,local_authority_highway,first_road_class,first_road_number,road_type,speed_limit,junction_detail,junction_control,second_road_class,second_road_number,pedestrian_crossing-human_control,pedestrian_crossing-physical_facilities,light_conditions,weather_conditions,road_surface_conditions,special_conditions_at_site,carriageway_hazards,urban_or_rural_area,did_police_officer_attend_scene_of_accident,lsoa_of_accident_location,accident_severity_num,accident_severity_inv,date2,date_original,vehicle_reference_x,vehicle_type,towing_and_articulation,vehicle_manoeuvre,vehicle_location-restricted_lane,junction_location,skidding_and_overturning,hit_object_in_carriageway,vehicle_leaving_carriageway,hit_object_off_carriageway,1st_point_of_impact,was_vehicle_left_hand_drive?,journey_purpose_of_driver,sex_of_driver,age_of_driver,age_band_of_driver,engine_capacity_cc,propulsion_code,age_of_vehicle,driver_imd_decile,driver_home_area_type,vehicle_imd_decile,vehicle_reference_y,casualty_reference,casualty_class,sex_of_casualty,age_of_casualty,age_band_of_casualty,casualty_severity,pedestrian_location,pedestrian_movement,car_passenger,bus_or_coach_passenger,pedestrian_road_maintenance_worker,casualty_type,casualty_home_area_type,casualty_imd_decile,accident_year_x,accident_reference_x,local_authority_ons_district,pedestrian_crossing_human_control,pedestrian_crossing_physical_facilities,trunk_road_flag,accident_year_y,accident_reference_y,vehicle_direction_from,vehicle_direction_to,vehicle_location_restricted_lane,first_point_of_impact,vehicle_left_hand_drive,generic_make_model,accident_year,accident_reference,year,month,severity,hours
141694,201601QA10332,516970.0,189890.0,-0.312696,51.59567,1,Slight,2,1,2016-08-27,Saturday,19:45,Harrow,E09000015,5,0,6,30.0,0,-1,-1,-1,,,4,1,1,0,0,1,2,E01002174,3,1,27/08/2016,27/08/2016,1,8,0,3,,0,0,0,0,0,,,1,Male,32,26 - 35,1797,8,5,5,1,,1,1,1,1,32,6,3,0,0,0,0,0,8,1,5,2016.0,01QA10332,E09000015,0.0,0.0,2.0,2016.0,01QA10332,4.0,8.0,0.0,3.0,1.0,-1,2016.0,01QA10332,2016,8,1,19
141697,201601QA10335,515130.0,189620.0,-0.339337,51.593622,1,Serious,1,1,2016-01-08,Friday,00:45,Harrow,E09000015,5,0,1,30.0,1,4,6,0,,,4,1,1,0,0,1,1,E01002181,2,2,01/08/2016,01/08/2016,1,9,0,16,,8,0,10,0,0,,,6,Male,22,21 - 25,1149,1,11,8,1,,1,1,1,1,22,5,2,0,0,0,0,0,9,1,8,2016.0,01QA10335,E09000015,0.0,0.0,2.0,2016.0,01QA10335,7.0,1.0,0.0,1.0,1.0,-1,2016.0,01QA10335,2016,1,2,0
141700,201601QA10338,514450.0,189100.0,-0.349319,51.589087,1,Slight,1,1,2016-08-27,Saturday,23:27,Harrow,E09000015,6,0,6,30.0,3,4,6,0,,,4,1,1,0,0,1,1,E01002162,3,1,27/08/2016,27/08/2016,1,3,0,14,,8,0,0,0,0,,,2,Male,20,16 - 20,125,1,3,6,1,,1,1,1,1,20,4,3,0,0,0,0,0,3,1,6,2016.0,01QA10338,E09000015,0.0,0.0,2.0,2016.0,01QA10338,5.0,1.0,0.0,1.0,1.0,-1,2016.0,01QA10338,2016,8,1,23
141711,201601QA10357,513640.0,187900.0,-0.361394,51.578465,1,Slight,1,3,2016-08-27,Saturday,23:45,Harrow,E09000015,5,0,6,30.0,0,-1,-1,-1,,,4,1,1,0,0,1,1,E01002239,3,1,27/08/2016,27/08/2016,1,9,0,18,,0,0,4,7,10,,,6,Male,26,26 - 35,1598,1,14,5,1,,1,1,1,1,26,6,3,0,0,0,0,0,9,1,5,2016.0,01QA10357,E09000015,0.0,0.0,2.0,2016.0,01QA10357,5.0,1.0,0.0,1.0,1.0,-1,2016.0,01QA10357,2016,8,3,23
141718,201601QA10368,513390.0,186270.0,-0.365526,51.563865,1,Serious,2,1,2016-06-17,Friday,23:30,Harrow,E09000015,3,4090,6,30.0,6,2,5,0,,,4,2,2,0,0,1,1,E01002212,2,2,17/06/2016,17/06/2016,1,3,0,18,,8,0,0,0,0,,,2,Male,19,16 - 20,124,1,3,5,1,,1,1,1,1,19,4,2,0,0,0,0,0,3,1,5,2016.0,01QA10368,E09000015,0.0,0.0,2.0,2016.0,01QA10368,8.0,4.0,0.0,1.0,1.0,-1,2016.0,01QA10368,2016,6,2,23
141727,201601QA10444,519020.0,189000.0,-0.283416,51.587242,1,Slight,2,1,2016-06-29,Wednesday,19:00,Harrow,E09000015,6,0,6,30.0,3,4,3,4140,,,7,1,1,0,0,1,2,E01002165,3,1,29/06/2016,29/06/2016,1,9,0,4,,1,0,0,0,0,,,6,Male,29,26 - 35,1798,1,8,1,1,,1,1,1,1,29,6,3,0,0,0,0,0,9,1,1,2016.0,01QA10444,E09000015,0.0,0.0,2.0,2016.0,01QA10444,7.0,3.0,0.0,2.0,1.0,-1,2016.0,01QA10444,2016,6,1,19
141731,201601QA10459,513610.0,187440.0,-0.361975,51.574337,1,Slight,2,1,2016-05-23,Monday,19:20,Harrow,E09000015,6,0,6,30.0,0,-1,-1,-1,,,4,2,2,0,0,1,1,E01002241,3,1,23/05/2016,23/05/2016,1,9,0,16,,0,0,0,0,0,,,6,Male,30,26 - 35,-1,-1,-1,-1,-1,,2,1,1,1,36,7,3,0,0,0,0,0,9,1,6,2016.0,01QA10459,E09000015,0.0,0.0,2.0,2016.0,01QA10459,2.0,5.0,0.0,1.0,1.0,-1,2016.0,01QA10459,2016,5,1,19
141733,201601QK50005,519320.0,188740.0,-0.279176,51.584842,1,Slight,2,1,2016-12-01,Thursday,18:50,Brent,E09000005,3,4006,6,30.0,0,-1,-1,-1,,,4,1,2,0,0,1,1,E01000543,3,1,12/01/2016,12/01/2016,1,9,0,18,,0,0,0,0,0,,,6,Female,27,26 - 35,1598,1,13,4,1,,2,1,2,2,30,6,3,0,0,1,0,0,9,-1,-1,2016.0,01QK50005,E09000005,0.0,4.0,2.0,2016.0,01QK50005,2.0,6.0,0.0,1.0,1.0,-1,2016.0,01QK50005,2016,12,1,18
141735,201601QK50008,521110.0,184060.0,-0.254963,51.5424,1,Slight,2,2,2016-01-15,Friday,18:57,Brent,E09000005,3,407,7,30.0,5,4,3,407,,,4,1,1,0,0,1,1,E01000528,3,1,15/01/2016,15/01/2016,1,9,0,3,,1,0,0,0,0,,,2,Female,35,26 - 35,1390,1,13,4,1,,1,1,1,2,35,6,3,0,0,0,0,0,9,1,4,2016.0,01QK50008,E09000005,0.0,8.0,2.0,2016.0,01QK50008,6.0,2.0,0.0,2.0,1.0,-1,2016.0,01QK50008,2016,1,2,18
141737,201601QK50011,523810.0,184510.0,-0.21589,51.545858,1,Slight,2,1,2016-01-01,Friday,00:15,Brent,E09000005,3,4003,6,30.0,0,-1,-1,-1,,,4,1,2,0,0,1,1,E01000494,3,1,01/01/2016,01/01/2016,1,9,0,18,,0,1,0,0,0,,,6,Male,22,21 - 25,1587,1,19,5,1,,2,1,2,2,9,2,3,0,0,2,0,0,9,1,3,2016.0,01QK50011,E09000005,0.0,0.0,2.0,2016.0,01QK50011,8.0,4.0,0.0,1.0,1.0,-1,2016.0,01QK50011,2016,1,1,0
141740,201601QK50014,518180.0,184270.0,-0.297124,51.544908,1,Slight,2,1,2016-07-01,Friday,18:40,Brent,E09000005,3,4089,6,30.0,3,4,6,0,,,4,2,2,0,0,1,1,E01000632,3,1,07/01/2016,07/01/2016,1,2,0,4,,8,1,0,0,0,,,1,Male,19,16 - 20,49,1,1,3,1,,1,1,1,1,19,4,3,0,0,0,0,0,2,1,3,2016.0,01QK50014,E09000005,0.0,0.0,2.0,2016.0,01QK50014,5.0,1.0,0.0,0.0,1.0,-1,2016.0,01QK50014,2016,7,1,18
141743,201601QK50026,518050.0,183760.0,-0.299169,51.540351,1,Slight,2,1,2016-01-01,Friday,03:30,Brent,E09000005,3,4089,6,30.0,0,-1,-1,-1,,,4,1,1,0,0,1,2,E01000472,3,1,01/01/2016,01/01/2016,1,9,0,9,,0,0,10,1,10,,,6,Male,30,26 - 35,1995,2,5,4,1,,1,1,1,1,30,6,3,0,0,0,0,0,9,1,4,2016.0,01QK50026,E09000005,0.0,4.0,2.0,2016.0,01QK50026,2.0,7.0,0.0,1.0,1.0,-1,2016.0,01QK50026,2016,1,1,3
141754,201601QK50050,521230.0,186240.0,-0.252483,51.561966,1,Slight,2,1,2016-10-01,Saturday,19:59,Brent,E09000005,3,406,3,40.0,0,-1,-1,-1,,,4,1,1,4,0,1,1,E01000509,3,1,10/01/2016,10/01/2016,1,4,0,4,,0,0,0,0,0,,,6,Female,24,21 - 25,-1,-1,-1,9,1,,1,1,1,2,24,5,3,0,0,0,0,0,4,1,9,2016.0,01QK50050,E09000005,0.0,0.0,2.0,2016.0,01QK50050,1.0,5.0,0.0,3.0,1.0,-1,2016.0,01QK50050,2016,10,1,19
141765,201601QK50068,521750.0,186400.0,-0.244929,51.563292,1,Slight,3,1,2016-01-01,Friday,00:28,Brent,E09000005,5,0,6,30.0,3,4,6,0,,,4,1,1,0,0,1,1,E01000502,3,1,01/01/2016,01/01/2016,1,9,0,18,,1,0,0,0,0,,,6,Female,35,26 - 35,1796,1,5,6,1,,1,1,1,2,35,6,3,0,0,0,0,0,9,1,6,2016.0,01QK50068,E09000005,0.0,0.0,2.0,2016.0,01QK50068,6.0,2.0,0.0,1.0,1.0,-1,2016.0,01QK50068,2016,1,1,0
141773,201601QK50077,518620.0,186250.0,-0.290114,51.562611,1,Slight,2,1,2016-12-01,Thursday,20:50,Brent,E09000005,3,4088,6,30.0,3,4,3,4088,,,4,9,2,0,0,1,1,E01000578,3,1,12/01/2016,12/01/2016,1,9,0,16,,2,0,0,0,0,,,1,Male,27,26 - 35,-1,-1,-1,-1,-1,,2,1,1,1,26,6,3,0,0,0,0,0,3,-1,-1,2016.0,01QK50077,E09000005,0.0,8.0,2.0,2016.0,01QK50077,6.0,1.0,0.0,0.0,1.0,-1,2016.0,01QK50077,2016,12,1,20
141780,201601QK50087,521250.0,183740.0,-0.253055,51.539494,1,Slight,2,1,2016-01-16,Saturday,22:02,Brent,E09000005,3,404,6,30.0,9,4,6,0,,,4,2,2,0,0,1,1,E01000521,3,1,16/01/2016,16/01/2016,1,9,0,18,,8,1,0,0,0,,,6,Male,22,21 - 25,-1,-1,-1,3,1,,1,1,1,1,22,5,3,0,0,0,0,0,9,1,3,2016.0,01QK50087,E09000005,0.0,0.0,2.0,2016.0,01QK50087,4.0,8.0,0.0,1.0,1.0,-1,2016.0,01QK50087,2016,1,1,22
141786,201601QK50095,521190.0,189120.0,-0.252067,51.587858,1,Slight,2,1,2016-01-17,Sunday,22:45,Barnet,E09000003,3,5,6,30.0,3,4,6,0,,,7,1,1,0,0,1,1,E01000516,3,1,17/01/2016,17/01/2016,1,3,0,18,,8,0,0,0,0,,,6,Male,34,26 - 35,865,1,10,9,1,,1,1,1,1,34,6,3,0,0,0,0,0,3,1,9,2016.0,01QK50095,E09000003,0.0,8.0,2.0,2016.0,01QK50095,4.0,8.0,0.0,1.0,1.0,-1,2016.0,01QK50095,2016,1,1,22
141816,201601QK50138,519580.0,183950.0,-0.277053,51.541737,1,Serious,3,2,2016-03-01,Tuesday,20:45,Brent,E09000005,6,0,7,30.0,0,-1,-1,-1,,,4,1,2,0,0,1,1,E01000477,2,2,03/01/2016,03/01/2016,1,9,0,18,,0,1,4,0,0,,,1,Male,22,21 - 25,-1,-1,-1,6,1,,1,1,3,1,58,9,2,10,9,0,0,2,0,-1,-1,2016.0,01QK50138,E09000005,0.0,8.0,2.0,2016.0,01QK50138,6.0,2.0,0.0,1.0,1.0,-1,2016.0,01QK50138,2016,3,4,20
141833,201601QK50160,522050.0,184990.0,-0.241093,51.550555,1,Slight,1,2,2016-01-30,Saturday,00:50,Brent,E09000005,3,4088,6,30.0,3,4,3,4088,,,4,2,2,0,0,1,1,E01000506,3,1,30/01/2016,30/01/2016,1,3,0,4,,1,1,0,0,0,,,6,Male,22,21 - 25,125,1,0,1,1,,1,1,1,1,22,5,3,0,0,0,0,0,3,1,1,2016.0,01QK50160,E09000005,0.0,0.0,2.0,2016.0,01QK50160,8.0,4.0,0.0,4.0,1.0,-1,2016.0,01QK50160,2016,1,2,0
141834,201601QK50161,516970.0,185160.0,-0.31427,51.553159,1,Slight,2,1,2016-04-03,Sunday,18:30,Brent,E09000005,3,404,6,30.0,3,4,3,404,,,7,9,1,0,0,1,2,E01000608,3,1,04/03/2016,04/03/2016,1,9,0,3,,1,0,0,0,0,,,6,Female,33,26 - 35,1596,1,8,5,1,,1,1,1,2,33,6,3,0,0,0,0,0,9,1,5,2016.0,01QK50161,E09000005,0.0,4.0,2.0,2016.0,01QK50161,8.0,4.0,0.0,2.0,1.0,-1,2016.0,01QK50161,2016,4,1,18
141842,201601QK50171,522460.0,184650.0,-0.2353,51.547411,1,Slight,2,1,2016-07-03,Sunday,00:15,Brent,E09000005,3,407,6,30.0,3,4,6,0,,,7,9,1,0,0,1,2,E01000640,3,1,07/03/2016,07/03/2016,1,3,0,18,,1,0,0,0,0,,,6,Male,33,26 - 35,125,1,9,6,1,,1,1,1,1,33,6,3,0,0,0,0,0,3,1,6,2016.0,01QK50171,E09000005,0.0,4.0,2.0,2016.0,01QK50171,4.0,8.0,0.0,1.0,1.0,-1,2016.0,01QK50171,2016,7,1,0
141862,201601QK50198,521090.0,185230.0,-0.254849,51.552919,1,Slight,2,1,2016-01-03,Sunday,04:33,Brent,E09000005,3,406,3,40.0,5,4,4,4557,,,4,8,2,0,0,1,1,E01000601,3,1,01/03/2016,01/03/2016,1,9,0,5,,1,5,0,0,0,,,6,Male,29,26 - 35,1149,1,13,2,1,,1,1,1,1,29,6,3,0,0,0,0,0,9,1,2,2016.0,01QK50198,E09000005,0.0,0.0,2.0,2016.0,01QK50198,2.0,6.0,0.0,3.0,1.0,-1,2016.0,01QK50198,2016,1,1,4
141867,201601QK50203,516240.0,185690.0,-0.324619,51.558073,1,Slight,2,1,2016-10-03,Monday,18:35,Brent,E09000005,3,4005,6,30.0,3,4,6,0,,,4,1,1,0,0,1,1,E01000609,3,1,10/03/2016,10/03/2016,1,3,0,18,,1,0,0,0,0,,,1,Male,17,16 - 20,124,1,14,7,1,,1,1,1,1,17,4,3,0,0,0,0,0,3,1,7,2016.0,01QK50203,E09000005,0.0,0.0,2.0,2016.0,01QK50203,4.0,8.0,0.0,1.0,1.0,-1,2016.0,01QK50203,2016,10,1,18
141874,201601QK50227,521180.0,186100.0,-0.253252,51.560719,1,Slight,2,2,2016-08-02,Tuesday,00:30,Brent,E09000005,3,406,3,40.0,3,4,3,4088,,,4,1,1,0,0,1,1,E01000627,3,1,08/02/2016,08/02/2016,1,9,0,7,,8,0,0,0,0,,,6,Male,25,21 - 25,1086,1,10,4,1,,1,1,1,1,25,5,3,0,0,0,0,0,9,1,4,2016.0,01QK50227,E09000005,0.0,0.0,2.0,2016.0,01QK50227,8.0,1.0,0.0,1.0,1.0,-1,2016.0,01QK50227,2016,8,2,0
141880,201601QK50234,519180.0,186770.0,-0.281863,51.567166,1,Slight,2,1,2016-02-23,Tuesday,20:08,Brent,E09000005,6,0,6,30.0,3,4,6,0,,,4,1,1,0,0,1,1,E01000480,3,1,23/02/2016,23/02/2016,1,9,0,7,,8,0,0,0,0,,,6,Male,23,21 - 25,1198,1,6,5,1,,2,1,1,1,44,7,3,0,0,0,0,0,9,1,7,2016.0,01QK50234,E09000005,0.0,0.0,2.0,2016.0,01QK50234,4.0,5.0,0.0,1.0,1.0,-1,2016.0,01QK50234,2016,2,1,20
141893,201601QK50248,524630.0,184670.0,-0.204014,51.547116,1,Slight,2,1,2016-03-17,Thursday,21:51,Brent,E09000005,3,5,6,30.0,3,4,6,0,,,4,1,1,0,0,1,1,E01000561,3,1,17/03/2016,17/03/2016,1,9,0,9,,8,0,0,0,0,,,6,Female,24,21 - 25,-1,-1,-1,6,1,,2,1,1,1,32,6,3,0,0,0,0,0,3,-1,-1,2016.0,01QK50248,E09000005,0.0,0.0,2.0,2016.0,01QK50248,1.0,7.0,0.0,3.0,1.0,-1,2016.0,01QK50248,2016,3,1,21
141895,201601QK50251,517860.0,185070.0,-0.301469,51.552165,1,Slight,1,1,2016-03-22,Tuesday,20:10,Brent,E09000005,3,404,6,30.0,3,4,6,0,,,4,1,1,0,0,1,1,E01000634,3,1,22/03/2016,22/03/2016,1,9,0,14,,1,0,0,0,0,,,6,Male,28,26 - 35,1398,1,13,3,1,,1,1,3,1,18,4,3,5,2,0,0,2,0,1,7,2016.0,01QK50251,E09000005,0.0,0.0,2.0,2016.0,01QK50251,3.0,7.0,0.0,4.0,1.0,-1,2016.0,01QK50251,2016,3,1,20
141898,201601QK50254,521530.0,184540.0,-0.248744,51.546623,1,Slight,1,1,2016-02-18,Thursday,20:26,Brent,E09000005,6,0,6,30.0,0,-1,-1,-1,,,4,1,1,0,0,1,1,E01000527,3,1,18/02/2016,18/02/2016,1,9,0,18,,0,0,10,1,10,,,6,Male,22,21 - 25,1995,2,11,3,1,,1,1,1,1,22,5,3,0,0,0,0,0,9,1,3,2016.0,01QK50254,E09000005,0.0,0.0,2.0,2016.0,01QK50254,5.0,1.0,0.0,1.0,1.0,-1,2016.0,01QK50254,2016,2,1,20
141917,201601QK50277,520640.0,184040.0,-0.261744,51.54232,1,Slight,2,1,2016-02-19,Friday,23:55,Brent,E09000005,6,0,6,20.0,3,4,6,0,,,4,1,1,5,0,1,1,E01033456,3,1,19/02/2016,19/02/2016,1,9,0,17,,2,0,0,0,0,,,6,Female,27,26 - 35,1956,2,6,5,1,,1,1,1,2,27,6,3,0,0,0,0,0,9,1,5,2016.0,01QK50277,E09000005,0.0,0.0,2.0,2016.0,01QK50277,3.0,1.0,0.0,2.0,1.0,-1,2016.0,01QK50277,2016,2,1,23
141928,201601QK50291,517940.0,185060.0,-0.300319,51.552058,1,Slight,2,2,2016-03-19,Saturday,19:15,Brent,E09000005,3,404,6,30.0,3,4,6,0,,,4,1,1,0,0,1,1,E01000634,3,1,19/03/2016,19/03/2016,1,9,0,15,,1,0,0,0,0,,,6,Male,24,21 - 25,-1,-1,-1,5,1,,1,1,1,1,24,5,3,0,0,0,0,0,9,1,5,2016.0,01QK50291,E09000005,0.0,8.0,2.0,2016.0,01QK50291,7.0,3.0,2.0,1.0,1.0,-1,2016.0,01QK50291,2016,3,2,19
141929,201601QK50292,522940.0,184630.0,-0.228388,51.547127,1,Slight,1,1,2016-03-27,Sunday,21:40,Brent,E09000005,3,407,6,30.0,0,-1,-1,-1,,,4,5,2,0,0,1,1,E01000642,3,1,27/03/2016,27/03/2016,1,9,0,18,,0,0,0,0,0,,,6,Male,21,21 - 25,1248,1,7,2,1,,1,1,3,1,24,5,3,5,2,0,0,2,0,1,5,2016.0,01QK50292,E09000005,0.0,0.0,2.0,2016.0,01QK50292,7.0,3.0,0.0,1.0,1.0,-1,2016.0,01QK50292,2016,3,1,21
141945,201601QK50314,523120.0,182740.0,-0.226454,51.530102,1,Serious,1,1,2016-10-03,Monday,22:07,Brent,E09000005,3,404,6,30.0,0,-1,-1,-1,,,4,1,1,0,6,1,1,E01000532,2,2,10/03/2016,10/03/2016,1,3,0,18,,0,1,0,0,0,,,6,Male,19,16 - 20,108,1,6,3,1,,1,1,1,1,19,4,2,0,0,0,0,0,3,1,3,2016.0,01QK50314,E09000005,0.0,4.0,2.0,2016.0,01QK50314,3.0,7.0,0.0,4.0,1.0,-1,2016.0,01QK50314,2016,10,2,22
141950,201601QK50322,521180.0,186090.0,-0.253255,51.560629,1,Slight,2,2,2016-10-04,Tuesday,23:15,Brent,E09000005,3,4088,7,40.0,5,4,3,406,,,4,2,2,0,0,1,1,E01000627,3,1,10/04/2016,10/04/2016,1,9,0,8,,1,0,0,0,0,,,6,Female,30,26 - 35,1596,1,9,7,1,,1,1,1,2,30,6,3,0,0,0,0,0,9,1,7,2016.0,01QK50322,E09000005,0.0,0.0,2.0,2016.0,01QK50322,8.0,1.0,0.0,2.0,1.0,-1,2016.0,01QK50322,2016,10,2,23
141952,201601QK50325,521640.0,185700.0,-0.246758,51.557025,1,Slight,2,1,2016-03-24,Thursday,23:10,Brent,E09000005,3,4088,6,30.0,3,4,6,0,,,4,1,1,0,0,1,1,E01000511,3,1,24/03/2016,24/03/2016,1,9,0,18,,8,0,0,0,0,,,6,Male,26,26 - 35,1956,2,1,5,1,,1,1,1,1,26,6,3,0,0,0,0,0,9,1,5,2016.0,01QK50325,E09000005,0.0,0.0,2.0,2016.0,01QK50325,8.0,4.0,0.0,3.0,1.0,-1,2016.0,01QK50325,2016,3,1,23
141953,201601QK50326,521260.0,185930.0,-0.252157,51.559174,1,Slight,2,2,2016-07-04,Monday,18:30,Brent,E09000005,3,4088,3,40.0,5,4,3,4088,,,1,1,2,0,0,1,1,E01000628,3,1,07/04/2016,07/04/2016,1,9,0,18,,8,0,0,0,0,,,6,Female,21,21 - 25,1364,2,1,-1,-1,,1,1,1,2,21,5,3,0,0,0,0,0,9,-1,-1,2016.0,01QK50326,E09000005,0.0,0.0,2.0,2016.0,01QK50326,8.0,4.0,0.0,2.0,1.0,-1,2016.0,01QK50326,2016,7,2,18
141955,201601QK50331,518380.0,187840.0,-0.29304,51.576951,1,Slight,3,1,2016-03-25,Friday,19:37,Brent,E09000005,5,0,6,30.0,0,-1,-1,-1,,,4,1,1,0,0,1,1,E01000485,3,1,25/03/2016,25/03/2016,1,9,0,18,,0,0,0,0,0,,,6,Male,25,21 - 25,1390,1,15,4,1,,2,1,1,2,48,8,3,0,0,0,0,0,9,1,3,2016.0,01QK50331,E09000005,0.0,0.0,2.0,2016.0,01QK50331,2.0,6.0,0.0,1.0,1.0,-1,2016.0,01QK50331,2016,3,1,19
141959,201601QK50335,524800.0,183970.0,-0.201812,51.540787,1,Slight,2,1,2016-10-04,Tuesday,20:30,Brent,E09000005,3,4003,6,30.0,3,4,6,0,,,4,1,1,0,0,1,1,E01000546,3,1,10/04/2016,10/04/2016,1,3,0,5,,2,0,0,0,0,,,6,Male,19,16 - 20,125,1,1,3,1,,1,1,1,1,19,4,3,0,0,0,0,0,3,1,3,2016.0,01QK50335,E09000005,0.0,0.0,2.0,2016.0,01QK50335,7.0,3.0,0.0,1.0,1.0,-1,2016.0,01QK50335,2016,10,1,20
141963,201601QK50339,520220.0,189570.0,-0.265907,51.59211,1,Slight,2,2,2016-03-29,Tuesday,18:52,Brent,E09000005,5,0,6,30.0,3,4,5,0,,,4,2,2,0,0,1,1,E01000590,3,1,29/03/2016,29/03/2016,1,9,0,10,,8,0,0,0,0,,,6,Male,30,26 - 35,1461,2,12,3,1,,1,1,1,1,30,6,3,0,0,0,0,0,9,1,3,2016.0,01QK50339,E09000005,0.0,0.0,2.0,2016.0,01QK50339,1.0,7.0,0.0,2.0,1.0,-1,2016.0,01QK50339,2016,3,2,18
141971,201601QK50349,521170.0,183860.0,-0.254167,51.540589,1,Slight,2,3,2016-04-14,Thursday,23:42,Brent,E09000005,3,4004,1,30.0,1,4,6,0,,,4,2,2,0,0,1,1,E01000521,3,1,14/04/2016,14/04/2016,1,9,0,17,,8,0,4,0,0,,,6,Male,29,26 - 35,1797,8,6,3,1,,1,1,1,1,29,6,3,0,0,0,0,0,9,1,3,2016.0,01QK50349,E09000005,0.0,0.0,2.0,2016.0,01QK50349,7.0,4.0,0.0,1.0,1.0,-1,2016.0,01QK50349,2016,4,3,23
141999,201601QK50385,522020.0,183150.0,-0.242162,51.534025,1,Slight,2,4,2016-05-14,Saturday,00:10,Brent,E09000005,6,0,2,30.0,3,2,3,404,,,4,1,1,0,0,1,1,E01033455,3,1,14/05/2016,14/05/2016,1,9,0,10,,1,0,0,0,0,,,6,Male,22,21 - 25,1248,2,9,3,1,,1,1,1,1,22,5,3,0,0,0,0,0,9,1,3,2016.0,01QK50385,E09000005,0.0,5.0,2.0,2016.0,01QK50385,6.0,4.0,0.0,2.0,1.0,-1,2016.0,01QK50385,2016,5,4,0
142005,201601QK50393,519850.0,187160.0,-0.272068,51.570529,1,Slight,2,2,2016-02-05,Friday,20:15,Brent,E09000005,3,4140,6,30.0,1,4,3,4140,,,4,1,1,0,0,1,2,E01000481,3,1,02/05/2016,02/05/2016,1,9,0,3,,1,0,0,0,0,,,6,Male,35,26 - 35,1497,8,8,9,1,,1,1,1,1,35,6,3,0,0,0,0,0,9,1,9,2016.0,01QK50393,E09000005,0.0,0.0,2.0,2016.0,01QK50393,1.0,5.0,0.0,2.0,1.0,-1,2016.0,01QK50393,2016,2,2,20
142015,201601QK50406,516090.0,187800.0,-0.326085,51.577068,1,Slight,2,1,2016-05-20,Friday,19:40,Brent,E09000005,3,404,3,40.0,0,-1,-1,-1,,,1,1,1,0,0,1,2,E01002137,3,1,20/05/2016,20/05/2016,1,9,0,18,,0,0,10,1,0,,,6,Female,24,21 - 25,1596,1,11,6,1,,1,1,1,2,24,5,3,0,0,0,0,0,9,1,6,2016.0,01QK50406,E09000005,0.0,0.0,2.0,2016.0,01QK50406,5.0,1.0,0.0,3.0,1.0,-1,2016.0,01QK50406,2016,5,1,19
142019,201601QK50410,520900.0,186220.0,-0.257248,51.561857,1,Slight,2,1,2016-05-19,Thursday,23:28,Brent,E09000005,3,4088,3,30.0,3,4,3,4088,,,4,1,2,0,0,1,1,E01000627,3,1,19/05/2016,19/05/2016,1,9,0,16,,8,0,10,1,10,,,6,Male,28,26 - 35,-1,-1,-1,2,1,,1,1,1,1,28,6,3,0,0,0,0,0,9,1,2,2016.0,01QK50410,E09000005,0.0,0.0,2.0,2016.0,01QK50410,5.0,8.0,0.0,3.0,1.0,-1,2016.0,01QK50410,2016,5,1,23
142033,201601QK50426,519180.0,186140.0,-0.282077,51.561504,1,Slight,2,1,2016-04-24,Sunday,20:17,Brent,E09000005,4,4565,2,30.0,3,4,3,4089,,,4,1,1,0,0,1,1,E01033457,3,1,24/04/2016,24/04/2016,1,9,0,18,,8,0,0,0,0,,,6,Male,28,26 - 35,1997,2,5,5,1,,1,1,1,1,28,6,3,0,0,0,0,0,9,1,5,2016.0,01QK50426,E09000005,0.0,0.0,2.0,2016.0,01QK50426,2.0,6.0,0.0,2.0,1.0,-1,2016.0,01QK50426,2016,4,1,20
142035,201601QK50428,520280.0,184040.0,-0.266933,51.542397,1,Slight,3,1,2016-12-06,Tuesday,23:20,Brent,E09000005,3,404,6,30.0,3,4,6,0,,,4,1,1,0,0,1,1,E01033456,3,1,12/06/2016,12/06/2016,1,9,0,18,,2,0,0,0,0,,,6,Male,25,21 - 25,1968,2,4,2,1,,1,1,1,1,25,5,3,0,0,0,0,0,9,1,2,2016.0,01QK50428,E09000005,0.0,1.0,2.0,2016.0,01QK50428,8.0,4.0,0.0,1.0,1.0,-1,2016.0,01QK50428,2016,12,1,23
142036,201601QK50430,523680.0,185870.0,-0.217286,51.55811,1,Slight,1,1,2016-05-19,Thursday,19:56,Brent,E09000005,3,5,6,30.0,0,-1,-1,-1,,,1,1,1,0,0,1,1,E01000553,3,1,19/05/2016,19/05/2016,1,3,0,14,,0,0,0,0,0,,,6,Male,18,16 - 20,124,1,3,4,1,,1,1,3,1,59,9,3,5,4,0,0,2,0,-1,-1,2016.0,01QK50430,E09000005,0.0,0.0,2.0,2016.0,01QK50430,8.0,4.0,0.0,3.0,1.0,-1,2016.0,01QK50430,2016,5,1,19
142049,201601QK50444,523810.0,185710.0,-0.215468,51.556643,1,Slight,2,1,2016-05-18,Wednesday,22:03,Brent,E09000005,3,5,6,30.0,6,2,3,407,,,4,1,1,0,0,1,1,E01000556,3,1,18/05/2016,18/05/2016,1,9,0,6,,8,0,0,0,0,,,6,Male,28,26 - 35,-1,-1,-1,5,2,,2,1,1,1,42,7,3,0,0,0,0,0,9,1,9,2016.0,01QK50444,E09000005,0.0,5.0,2.0,2016.0,01QK50444,5.0,5.0,0.0,3.0,1.0,-1,2016.0,01QK50444,2016,5,1,22