,accident_index,location_easting_osgr,location_northing_osgr,longitude,latitude,police_force,accident_severity,number_of_vehicles,number_of_casualties,date,day_of_week,time,local_authority_district,local_authority_highway,first_road_class,first_road_number,road_type,speed_limit,junction_detail,junction_control,second_road_class,second_road_number,pedestrian_crossing-human_control,pedestrian_crossing-physical_facilities,light_conditions,weather_conditions,road_surface_conditions,special_conditions_at_site,carriageway_hazards,urban_or_rural_area,did_police_officer_attend_scene_of_accident,lsoa_of_accident_location,accident_severity_num,accident_severity_inv,date2,date_original,vehicle_reference_x,vehicle_type,towing_and_articulation,vehicle_manoeuvre,vehicle_location-restricted_lane,junction_location,skidding_and_overturning,hit_object_in_carriageway,vehicle_leaving_carriageway,hit_object_off_carriageway,1st_point_of_impact,was_vehicle_left_hand_drive?,journey_purpose_of_driver,sex_of_driver,age_of_driver,age_band_of_driver,engine_capacity_cc,propulsion_code,age_of_vehicle,driver_imd_decile,driver_home_area_type,vehicle_imd_decile,vehicle_reference_y,casualty_reference,casualty_class,sex_of_casualty,age_of_casualty,age_band_of_casualty,casualty_severity,pedestrian_location,pedestrian_movement,car_passenger,bus_or_coach_passenger,pedestrian_road_maintenance_worker,casualty_type,casualty_home_area_type,casualty_imd_decile,accident_year_x,accident_reference_x,local_authority_ons_district,pedestrian_crossing_human_control,pedestrian_crossing_physical_facilities,trunk_road_flag,accident_year_y,accident_reference_y,vehicle_direction_from,vehicle_direction_to,vehicle_location_restricted_lane,first_point_of_impact,vehicle_left_hand_drive,generic_make_model,accident_year,accident_reference,year,month,severity,hours
142057,201601QK50453,516050.0,187930.0,-0.326619,51.578244,1,Serious,1,4,2016-06-15,Wednesday,05:00,Brent,E09000005,3,404,1,30.0,1,4,3,409,,,7,9,1,0,0,1,1,E01002126,2,2,15/06/2016,15/06/2016,1,9,0,18,,8,0,10,3,10,,,6,Male,25,21 - 25,1390,1,13,4,1,,1,1,1,1,25,5,2,0,0,0,0,0,9,1,4,2016.0,01QK50453,E09000005,0.0,0.0,2.0,2016.0,01QK50453,7.0,3.0,0.0,1.0,1.0,-1,2016.0,01QK50453,2016,6,8,5
142059,201601QK50455,519820.0,187210.0,-0.272484,51.570985,1,Slight,2,2,2016-04-22,Friday,21:06,Brent,E09000005,3,4140,6,40.0,0,-1,-1,-1,,,4,2,2,0,0,1,1,E01000481,3,1,22/04/2016,22/04/2016,1,9,0,5,,0,0,0,0,0,,,6,Male,32,26 - 35,1360,1,13,5,1,,1,1,1,1,32,6,3,0,0,0,0,0,9,1,5,2016.0,01QK50455,E09000005,0.0,0.0,2.0,2016.0,01QK50455,1.0,5.0,0.0,2.0,1.0,-1,2016.0,01QK50455,2016,4,2,21
142060,201601QK50456,522200.0,185080.0,-0.238899,51.551332,1,Slight,2,1,2016-04-06,Wednesday,18:40,Brent,E09000005,6,0,6,30.0,0,-1,-1,-1,,,1,9,1,0,0,1,2,E01000641,3,1,04/06/2016,04/06/2016,1,9,0,3,,0,0,0,0,0,,,6,Male,24,21 - 25,1242,1,10,3,1,,1,1,1,1,24,5,3,0,0,0,0,0,9,1,3,2016.0,01QK50456,E09000005,0.0,0.0,2.0,2016.0,01QK50456,4.0,8.0,0.0,2.0,1.0,-1,2016.0,01QK50456,2016,4,1,18
142063,201601QK50460,520660.0,185060.0,-0.261106,51.551483,1,Slight,2,1,2016-05-21,Saturday,19:12,Brent,E09000005,3,406,3,40.0,6,2,5,0,,,1,1,1,0,0,1,1,E01000602,3,1,21/05/2016,21/05/2016,1,9,0,18,,8,0,0,0,0,,,6,Female,33,26 - 35,1596,1,9,10,1,,2,1,1,1,26,6,3,0,0,0,0,0,5,1,3,2016.0,01QK50460,E09000005,0.0,5.0,2.0,2016.0,01QK50460,5.0,1.0,0.0,1.0,1.0,-1,2016.0,01QK50460,2016,5,1,19
142064,201601QK50461,524660.0,184450.0,-0.20366,51.545132,1,Slight,2,2,2016-05-22,Sunday,00:27,Brent,E09000005,5,0,6,30.0,0,-1,-1,-1,,,4,1,1,0,0,1,1,E01000490,3,1,22/05/2016,22/05/2016,1,9,0,13,,0,0,4,0,0,,,6,Male,20,16 - 20,1388,1,7,1,1,,1,1,1,1,20,4,3,0,0,0,0,0,9,1,1,2016.0,01QK50461,E09000005,0.0,0.0,2.0,2016.0,01QK50461,6.0,2.0,0.0,1.0,1.0,-1,2016.0,01QK50461,2016,5,2,0
142067,201601QK50466,518200.0,183200.0,-0.297195,51.535287,1,Slight,3,1,2016-04-06,Wednesday,21:12,Brent,E09000005,3,4005,6,30.0,3,4,4,456,,,4,1,1,0,0,1,1,E01000472,3,1,04/06/2016,04/06/2016,1,9,0,18,,1,0,0,0,0,,,6,Male,24,21 - 25,1999,2,10,1,1,,3,1,1,1,27,6,3,0,0,0,0,0,2,1,7,2016.0,01QK50466,E09000005,0.0,1.0,2.0,2016.0,01QK50466,4.0,8.0,0.0,3.0,1.0,-1,2016.0,01QK50466,2016,4,1,21
142068,201601QK50467,516690.0,185700.0,-0.318127,51.55807,1,Slight,2,1,2016-01-22,Friday,20:15,Brent,E09000005,3,404,6,30.0,8,4,6,0,,,7,1,1,0,0,1,1,E01000608,3,1,22/01/2016,22/01/2016,1,9,0,18,,8,0,0,0,0,,,6,Female,20,16 - 20,1598,1,8,7,1,,2,1,1,1,30,6,3,0,0,0,0,0,9,1,6,2016.0,01QK50467,E09000005,0.0,0.0,2.0,2016.0,01QK50467,8.0,4.0,0.0,1.0,1.0,-1,2016.0,01QK50467,2016,1,1,20
142069,201601QK50468,522460.0,184500.0,-0.235353,51.546063,1,Slight,2,1,2016-06-19,Sunday,00:10,Brent,E09000005,6,0,6,30.0,6,4,6,0,,,4,1,1,0,0,1,1,E01000643,3,1,19/06/2016,19/06/2016,1,8,0,18,,8,0,0,0,0,,,1,Male,35,26 - 35,1968,2,1,3,1,,1,1,1,1,35,6,3,0,0,0,0,0,8,1,3,2016.0,01QK50468,E09000005,0.0,0.0,2.0,2016.0,01QK50468,5.0,1.0,0.0,1.0,1.0,-1,2016.0,01QK50468,2016,6,1,0
142080,201601QK50480,521120.0,183500.0,-0.255012,51.537364,1,Slight,2,2,2016-04-25,Monday,19:25,Brent,E09000005,4,4492,6,30.0,3,4,4,4492,,,1,1,1,0,0,1,1,E01000525,3,1,25/04/2016,25/04/2016,1,9,0,17,,8,0,0,0,0,,,6,Female,34,26 - 35,1582,2,0,2,1,,1,1,1,2,34,6,3,0,0,0,0,0,9,1,2,2016.0,01QK50480,E09000005,0.0,0.0,2.0,2016.0,01QK50480,6.0,4.0,0.0,1.0,1.0,-1,2016.0,01QK50480,2016,4,2,19
142081,201601QK50481,519770.0,182930.0,-0.274661,51.532529,1,Slight,1,1,2016-06-26,Sunday,18:09,Brent,E09000005,6,0,6,30.0,3,4,6,0,,,1,1,1,0,0,1,1,E01000600,3,1,26/06/2016,26/06/2016,1,9,0,17,,1,0,10,1,10,,,6,Male,28,26 - 35,1995,2,10,5,1,,1,1,1,1,28,6,3,0,0,0,0,0,9,1,5,2016.0,01QK50481,E09000005,0.0,8.0,2.0,2016.0,01QK50481,4.0,1.0,0.0,1.0,1.0,-1,2016.0,01QK50481,2016,6,1,18
142094,201601QK50497,516460.0,186430.0,-0.321202,51.564678,1,Slight,2,1,2016-02-06,Saturday,18:00,Brent,E09000005,3,404,6,30.0,3,4,6,0,,,1,1,1,0,0,1,1,E01000563,3,1,02/06/2016,02/06/2016,1,9,0,10,,1,0,0,0,0,,,3,Female,35,26 - 35,2000,2,5,8,1,,1,1,1,2,35,6,3,0,0,0,0,0,9,1,8,2016.0,01QK50497,E09000005,0.0,0.0,2.0,2016.0,01QK50497,5.0,3.0,0.0,2.0,1.0,-1,2016.0,01QK50497,2016,2,1,18
142109,201601QK50514,524650.0,184640.0,-0.203736,51.546842,1,Slight,2,1,2016-04-18,Monday,18:43,Brent,E09000005,3,5,6,30.0,6,2,5,0,,,1,1,1,0,0,1,1,E01000561,3,1,18/04/2016,18/04/2016,1,9,0,9,,8,0,0,0,0,,,6,Male,26,26 - 35,1598,1,2,3,1,,2,1,1,1,30,6,3,0,0,0,0,0,1,1,5,2016.0,01QK50514,E09000005,0.0,5.0,2.0,2016.0,01QK50514,1.0,6.0,0.0,3.0,1.0,-1,2016.0,01QK50514,2016,4,1,18
142114,201601QK50520,521210.0,185110.0,-0.25316,51.551815,1,Slight,1,2,2016-09-07,Wednesday,22:28,Brent,E09000005,4,4557,1,30.0,1,4,6,0,,,4,1,1,0,0,1,1,E01000601,3,1,09/07/2016,09/07/2016,1,9,0,9,,3,1,10,1,4,,,6,Male,22,21 - 25,2500,1,15,9,1,,1,1,1,1,22,5,3,0,0,0,0,0,9,1,9,2016.0,01QK50520,E09000005,0.0,0.0,2.0,2016.0,01QK50520,2.0,8.0,0.0,1.0,1.0,-1,2016.0,01QK50520,2016,9,2,22
142133,201601QK50545,521050.0,183460.0,-0.256034,51.53702,1,Slight,2,1,2016-01-06,Wednesday,18:05,Brent,E09000005,4,4492,6,30.0,3,4,6,0,,,1,1,2,0,0,1,1,E01000525,3,1,01/06/2016,01/06/2016,1,9,0,4,,1,0,0,0,0,,,2,Male,32,26 - 35,1796,1,12,1,1,,2,1,1,1,15,3,3,0,0,0,0,0,1,1,2,2016.0,01QK50545,E09000005,0.0,1.0,2.0,2016.0,01QK50545,2.0,6.0,0.0,2.0,1.0,-1,2016.0,01QK50545,2016,1,1,18
142134,201601QK50546,518290.0,187480.0,-0.294459,51.573735,1,Slight,2,1,2016-06-16,Thursday,21:52,Brent,E09000005,5,0,6,30.0,2,4,5,0,,,4,1,1,0,0,1,1,E01000487,3,1,16/06/2016,16/06/2016,1,2,0,13,,8,0,0,0,0,,,1,Male,19,16 - 20,125,1,4,4,1,,1,1,1,1,19,4,3,0,0,0,0,0,2,1,4,2016.0,01QK50546,E09000005,0.0,8.0,2.0,2016.0,01QK50546,1.0,5.0,0.0,4.0,1.0,-1,2016.0,01QK50546,2016,6,1,21
142135,201601QK50547,520770.0,185120.0,-0.2595,51.551999,1,Serious,6,7,2016-06-19,Sunday,19:05,Brent,E09000005,3,406,3,40.0,3,4,6,0,,,1,1,1,0,0,1,1,E01000603,2,2,19/06/2016,19/06/2016,1,9,0,18,,1,1,10,4,6,,,6,Male,21,21 - 25,1995,2,7,4,1,,1,1,1,1,21,5,3,0,0,0,0,0,9,1,4,2016.0,01QK50547,E09000005,0.0,0.0,2.0,2016.0,01QK50547,2.0,6.0,0.0,1.0,1.0,-1,2016.0,01QK50547,2016,6,14,19
142141,201601QK50557,521410.0,183330.0,-0.250891,51.535774,1,Slight,2,2,2016-06-25,Saturday,22:28,Brent,E09000005,4,4492,6,30.0,3,4,6,0,,,4,1,1,0,0,1,1,E01000525,3,1,25/06/2016,25/06/2016,1,9,0,9,,1,0,0,0,0,,,6,Male,26,26 - 35,1896,2,8,7,1,,1,1,1,1,26,6,3,0,0,0,0,0,9,1,7,2016.0,01QK50557,E09000005,0.0,0.0,2.0,2016.0,01QK50557,3.0,8.0,0.0,1.0,1.0,-1,2016.0,01QK50557,2016,6,2,22
142142,201601QK50558,519670.0,186580.0,-0.274861,51.565355,1,Slight,2,1,2016-09-07,Wednesday,21:50,Brent,E09000005,3,4088,3,30.0,6,2,6,0,,,4,1,1,0,0,1,1,E01000481,3,1,09/07/2016,09/07/2016,1,9,0,9,,8,0,0,0,0,,,6,Female,23,21 - 25,1364,1,7,1,1,,2,1,1,1,68,10,3,0,0,0,0,0,3,1,6,2016.0,01QK50558,E09000005,0.0,5.0,2.0,2016.0,01QK50558,7.0,5.0,0.0,4.0,1.0,-1,2016.0,01QK50558,2016,9,1,21
142151,201601QK50569,521070.0,183870.0,-0.255605,51.540701,1,Slight,2,1,2016-02-06,Saturday,19:55,Brent,E09000005,3,404,6,30.0,3,4,6,0,,,1,1,1,0,0,1,1,E01000521,3,1,02/06/2016,02/06/2016,1,9,0,9,,1,0,0,0,0,,,6,Male,32,26 - 35,1798,8,3,1,1,,2,1,1,1,-1,-1,3,0,0,0,0,0,3,1,4,2016.0,01QK50569,E09000005,0.0,0.0,2.0,2016.0,01QK50569,5.0,4.0,0.0,1.0,1.0,-1,2016.0,01QK50569,2016,2,1,19
142152,201601QK50570,518520.0,183920.0,-0.292341,51.541691,1,Slight,1,1,2016-09-07,Wednesday,04:15,Brent,E09000005,5,0,6,30.0,3,4,6,0,,,1,1,1,0,0,1,1,E01000478,3,1,09/07/2016,09/07/2016,1,9,0,17,,2,0,10,1,4,,,6,Male,23,21 - 25,1368,1,6,4,1,,1,1,1,1,23,5,3,0,0,0,0,0,9,1,4,2016.0,01QK50570,E09000005,0.0,8.0,2.0,2016.0,01QK50570,7.0,4.0,0.0,1.0,1.0,-1,2016.0,01QK50570,2016,9,1,4
142155,201601QK50573,521280.0,188980.0,-0.250817,51.586581,1,Slight,3,4,2016-06-29,Wednesday,23:42,Barnet,E09000003,3,5,6,30.0,3,4,6,0,,,4,1,1,0,0,1,1,E01000516,3,1,29/06/2016,29/06/2016,1,9,0,18,,1,0,0,0,0,,,6,Male,29,26 - 35,1396,1,8,8,1,,1,1,1,1,29,6,3,0,0,0,0,0,9,1,8,2016.0,01QK50573,E09000003,0.0,0.0,2.0,2016.0,01QK50573,4.0,8.0,0.0,1.0,1.0,-1,2016.0,01QK50573,2016,6,4,23
142156,201601QK50574,521890.0,184820.0,-0.243458,51.549062,1,Slight,1,1,2016-07-18,Monday,18:53,Brent,E09000005,3,407,6,30.0,3,4,6,0,,,1,1,1,0,0,1,1,E01000638,3,1,18/07/2016,18/07/2016,1,9,0,18,,2,0,0,0,0,,,2,Female,35,26 - 35,1753,2,5,4,1,,1,1,3,1,31,6,3,1,3,0,0,2,0,1,7,2016.0,01QK50574,E09000005,0.0,1.0,2.0,2016.0,01QK50574,3.0,7.0,0.0,3.0,1.0,-1,2016.0,01QK50574,2016,7,1,18
142169,201601QK50588,519390.0,184720.0,-0.27953,51.548697,1,Slight,1,1,2016-09-06,Tuesday,21:00,Brent,E09000005,3,404,6,30.0,3,4,3,404,,,4,1,1,0,0,1,1,E01000620,3,1,09/06/2016,09/06/2016,1,9,0,18,,2,0,0,0,0,,,6,Male,19,16 - 20,1390,1,10,5,1,,1,1,3,1,47,8,3,1,1,0,0,2,0,1,4,2016.0,01QK50588,E09000005,0.0,4.0,2.0,2016.0,01QK50588,8.0,4.0,0.0,4.0,1.0,-1,2016.0,01QK50588,2016,9,1,21
142175,201601QK50596,517850.0,188950.0,-0.300313,51.587038,1,Slight,2,1,2016-03-29,Tuesday,22:05,Brent,E09000005,3,4006,6,30.0,3,4,6,0,,,4,5,2,0,0,1,1,E01000541,3,1,29/03/2016,29/03/2016,1,9,0,3,,1,0,0,0,0,,,6,Male,21,21 - 25,1390,1,13,4,1,,2,1,2,2,22,5,3,0,0,1,0,0,9,-1,-1,2016.0,01QK50596,E09000005,0.0,0.0,2.0,2016.0,01QK50596,4.0,8.0,0.0,2.0,1.0,-1,2016.0,01QK50596,2016,3,1,22
142179,201601QK50600,520650.0,185050.0,-0.261254,51.551396,1,Slight,2,1,2016-06-24,Friday,19:20,Brent,E09000005,3,406,3,40.0,7,2,5,0,,,1,1,1,0,0,1,1,E01000602,3,1,24/06/2016,24/06/2016,1,5,0,11,,2,0,0,0,0,,,6,Male,32,26 - 35,636,1,11,3,1,,1,1,1,1,32,6,3,0,0,0,0,0,5,1,3,2016.0,01QK50600,E09000005,0.0,5.0,2.0,2016.0,01QK50600,2.0,6.0,0.0,0.0,1.0,-1,2016.0,01QK50600,2016,6,1,19
142188,201601QK50612,522220.0,184780.0,-0.238715,51.548631,1,Slight,2,1,2016-03-08,Tuesday,23:28,Brent,E09000005,3,407,6,30.0,3,4,6,0,,,4,1,1,0,0,1,2,E01000640,3,1,03/08/2016,03/08/2016,1,9,0,3,,2,0,0,0,0,,,6,Male,34,26 - 35,998,1,16,7,1,,1,1,1,1,34,6,3,0,0,0,0,0,9,1,7,2016.0,01QK50612,E09000005,0.0,0.0,2.0,2016.0,01QK50612,4.0,8.0,0.0,2.0,1.0,-1,2016.0,01QK50612,2016,3,1,23
142190,201601QK50615,520510.0,184790.0,-0.263361,51.549089,1,Slight,2,1,2016-07-20,Wednesday,18:07,Brent,E09000005,3,406,3,40.0,0,-1,-1,-1,,,1,1,1,0,0,1,1,E01000596,3,1,20/07/2016,20/07/2016,1,9,0,4,,0,0,0,0,0,,,6,Female,33,26 - 35,-1,-1,-1,5,1,,1,1,1,2,33,6,3,0,0,0,0,0,9,1,5,2016.0,01QK50615,E09000005,0.0,7.0,2.0,2016.0,01QK50615,6.0,2.0,0.0,2.0,1.0,-1,2016.0,01QK50615,2016,7,1,18
142193,201601QK50618,519790.0,184450.0,-0.273856,51.546186,1,Slight,2,1,2016-01-08,Friday,20:11,Brent,E09000005,3,404,6,30.0,6,4,3,404,,,4,2,2,0,0,1,1,E01000621,3,1,01/08/2016,01/08/2016,1,9,0,7,,8,0,0,0,0,,,6,Male,19,16 - 20,1199,1,12,3,1,,2,1,1,1,25,5,3,0,0,0,0,0,3,1,6,2016.0,01QK50618,E09000005,0.0,0.0,2.0,2016.0,01QK50618,4.0,6.0,0.0,4.0,1.0,-1,2016.0,01QK50618,2016,1,1,20
142197,201601QK50623,518190.0,184150.0,-0.29702,51.543827,1,Serious,1,1,2016-05-31,Tuesday,00:01,Brent,E09000005,3,4089,6,30.0,0,-1,-1,-1,,,4,1,1,0,6,1,1,E01000473,2,2,31/05/2016,31/05/2016,1,3,0,18,,0,0,10,1,2,,,6,Male,20,16 - 20,124,1,8,1,1,,1,1,1,1,20,4,2,0,0,0,0,0,3,1,1,2016.0,01QK50623,E09000005,0.0,0.0,2.0,2016.0,01QK50623,1.0,5.0,0.0,4.0,1.0,-1,2016.0,01QK50623,2016,5,2,0
142211,201601QK50638,519520.0,183720.0,-0.277996,51.539682,1,Slight,3,2,2016-01-08,Friday,22:05,Brent,E09000005,3,406,3,50.0,0,-1,-1,-1,,,4,2,2,0,0,1,1,E01000600,3,1,01/08/2016,01/08/2016,1,9,0,18,,0,0,0,5,6,,,6,Female,33,26 - 35,1242,1,4,3,1,,1,1,1,2,33,6,3,0,0,0,0,0,9,1,3,2016.0,01QK50638,E09000005,0.0,0.0,2.0,2016.0,01QK50638,6.0,2.0,0.0,1.0,1.0,-1,2016.0,01QK50638,2016,1,2,22
142221,201601QK50651,524430.0,184460.0,-0.206971,51.545273,1,Slight,2,1,2016-08-14,Sunday,18:54,Brent,E09000005,6,0,6,30.0,0,-1,-1,-1,,,1,1,1,0,0,1,1,E01000490,3,1,14/08/2016,14/08/2016,1,9,0,2,,0,0,0,0,0,,,6,Male,34,26 - 35,1995,2,8,2,1,,2,1,1,2,25,5,3,0,0,0,0,0,1,1,3,2016.0,01QK50651,E09000005,0.0,0.0,2.0,2016.0,01QK50651,0.0,0.0,0.0,3.0,1.0,-1,2016.0,01QK50651,2016,8,1,18
142225,201601QK50656,520760.0,186330.0,-0.259229,51.562876,1,Serious,1,1,2016-08-24,Wednesday,00:15,Brent,E09000005,3,4088,6,30.0,3,4,6,0,,,4,1,1,0,0,1,1,E01000627,2,2,24/08/2016,24/08/2016,1,9,0,18,,2,0,0,0,0,,,6,Male,22,21 - 25,1598,1,8,8,1,,1,1,1,1,22,5,2,0,0,0,0,0,9,1,8,2016.0,01QK50656,E09000005,0.0,0.0,2.0,2016.0,01QK50656,8.0,4.0,0.0,1.0,1.0,-1,2016.0,01QK50656,2016,8,2,0
142227,201601QK50658,519420.0,186430.0,-0.278518,51.56406,1,Slight,2,1,2016-08-21,Sunday,21:38,Brent,E09000005,3,4089,6,30.0,3,4,6,0,,,4,1,1,0,0,1,1,E01000482,3,1,21/08/2016,21/08/2016,1,9,0,9,,8,0,0,0,0,,,6,Female,22,21 - 25,1229,1,3,2,1,,2,1,1,1,-1,-1,3,0,0,0,0,0,3,-1,-1,2016.0,01QK50658,E09000005,0.0,0.0,2.0,2016.0,01QK50658,3.0,1.0,0.0,1.0,1.0,-1,2016.0,01QK50658,2016,8,1,21
142229,201601QK50660,521490.0,183590.0,-0.249648,51.538094,1,Slight,2,1,2016-08-27,Saturday,22:00,Brent,E09000005,3,404,2,30.0,0,-1,-1,-1,,,4,1,1,0,0,1,1,E01000523,3,1,27/08/2016,27/08/2016,1,9,0,13,,0,0,0,0,0,,,6,Male,20,16 - 20,1598,1,4,4,1,,2,1,1,2,37,7,3,0,0,0,0,0,1,1,3,2016.0,01QK50660,E09000005,0.0,0.0,2.0,2016.0,01QK50660,5.0,1.0,0.0,4.0,1.0,-1,2016.0,01QK50660,2016,8,1,22
142232,201601QK50663,521050.0,186250.0,-0.255075,51.562095,1,Slight,1,1,2016-05-30,Monday,21:35,Brent,E09000005,6,0,6,30.0,0,-1,-1,-1,,,4,1,1,0,0,1,1,E01000627,3,1,30/05/2016,30/05/2016,1,9,0,18,,0,0,0,0,0,,,6,Male,27,26 - 35,1461,2,2,5,1,,1,1,3,1,-1,-1,3,9,8,0,0,2,0,-1,-1,2016.0,01QK50663,E09000005,0.0,0.0,2.0,2016.0,01QK50663,8.0,4.0,0.0,1.0,1.0,-1,2016.0,01QK50663,2016,5,1,21
142236,201601QK50667,520430.0,183960.0,-0.264798,51.541646,1,Slight,3,1,2016-06-19,Sunday,20:53,Brent,E09000005,3,404,6,30.0,3,4,6,0,,,1,1,1,0,0,1,1,E01033456,3,1,19/06/2016,19/06/2016,1,3,0,14,,1,0,0,0,0,,,1,Male,32,26 - 35,124,1,6,5,1,,1,1,1,1,32,6,3,0,0,0,0,0,3,1,5,2016.0,01QK50667,E09000005,0.0,1.0,2.0,2016.0,01QK50667,4.0,8.0,0.0,1.0,1.0,-1,2016.0,01QK50667,2016,6,1,20
142259,201601QK50701,516280.0,188060.0,-0.323259,51.579365,1,Slight,2,1,2016-11-08,Tuesday,18:37,Brent,E09000005,3,4006,6,30.0,3,4,6,0,,,1,1,1,0,0,1,1,E01000568,3,1,11/08/2016,11/08/2016,1,9,0,9,,8,0,0,0,0,,,6,Male,26,26 - 35,1984,1,15,6,1,,2,1,1,2,24,5,3,0,0,0,0,0,9,1,10,2016.0,01QK50701,E09000005,0.0,4.0,2.0,2016.0,01QK50701,6.0,3.0,0.0,4.0,1.0,-1,2016.0,01QK50701,2016,11,1,18
142260,201601QK50703,520670.0,183900.0,-0.26136,51.541056,1,Slight,2,1,2016-06-16,Thursday,18:30,Brent,E09000005,3,404,6,30.0,3,4,6,0,,,1,9,1,0,0,1,1,E01000599,3,1,16/06/2016,16/06/2016,1,9,0,6,,1,0,0,0,0,,,6,Male,34,26 - 35,2143,2,5,5,1,,2,1,1,1,37,7,3,0,0,0,0,0,3,1,6,2016.0,01QK50703,E09000005,0.0,4.0,2.0,2016.0,01QK50703,3.0,3.0,0.0,3.0,1.0,-1,2016.0,01QK50703,2016,6,1,18
142261,201601QK50709,521160.0,186080.0,-0.253547,51.560543,1,Slight,2,1,2016-07-17,Sunday,21:45,Brent,E09000005,3,4088,7,30.0,5,4,3,406,,,4,1,1,0,0,1,1,E01000627,3,1,17/07/2016,17/07/2016,1,9,0,16,,1,0,0,0,0,,,6,Female,26,26 - 35,-1,-1,-1,4,1,,1,1,1,2,26,6,3,0,0,0,0,0,9,1,4,2016.0,01QK50709,E09000005,0.0,0.0,2.0,2016.0,01QK50709,8.0,2.0,0.0,2.0,1.0,-1,2016.0,01QK50709,2016,7,1,21
142272,201601QK50743,519390.0,186590.0,-0.278896,51.565504,1,Slight,2,1,2016-08-14,Sunday,18:14,Brent,E09000005,3,4088,6,30.0,3,4,6,0,,,1,1,1,0,0,1,1,E01000482,3,1,14/08/2016,14/08/2016,1,3,0,3,,2,0,0,0,0,,,6,Male,18,16 - 20,108,1,1,6,1,,1,1,1,1,18,4,3,0,0,0,0,0,3,1,6,2016.0,01QK50743,E09000005,0.0,1.0,2.0,2016.0,01QK50743,7.0,3.0,0.0,2.0,1.0,-1,2016.0,01QK50743,2016,8,1,18
142275,201601QK50750,518300.0,187590.0,-0.294278,51.574721,1,Slight,1,1,2016-10-08,Saturday,18:15,Brent,E09000005,5,0,6,30.0,0,-1,-1,-1,,,1,1,1,0,0,1,1,E01000487,3,1,10/08/2016,10/08/2016,1,4,0,14,,0,0,0,0,0,,,6,Male,31,26 - 35,-1,-1,-1,6,1,,1,1,3,2,29,6,3,5,2,0,0,2,0,1,6,2016.0,01QK50750,E09000005,0.0,0.0,2.0,2016.0,01QK50750,5.0,1.0,0.0,1.0,1.0,-1,2016.0,01QK50750,2016,10,1,18
142278,201601QK50782,520660.0,185090.0,-0.261096,51.551753,1,Serious,1,1,2016-06-06,Monday,22:15,Brent,E09000005,3,406,3,40.0,7,2,4,4557,,,4,1,1,0,0,1,1,E01000602,2,2,06/06/2016,06/06/2016,1,9,0,17,,8,0,0,0,0,,,6,Female,20,16 - 20,1339,1,5,5,1,,1,1,3,2,54,8,2,1,1,0,0,2,0,1,4,2016.0,01QK50782,E09000005,0.0,5.0,2.0,2016.0,01QK50782,5.0,2.0,0.0,1.0,1.0,-1,2016.0,01QK50782,2016,6,2,22
142279,201601QK50787,519440.0,186580.0,-0.278178,51.565404,1,Slight,2,1,2016-07-13,Wednesday,23:38,Brent,E09000005,3,4088,6,30.0,0,-1,-1,-1,,,4,1,1,0,0,1,1,E01000482,3,1,13/07/2016,13/07/2016,1,9,0,6,,0,0,0,0,0,,,6,Female,29,26 - 35,1339,1,6,2,1,,2,1,1,1,24,5,3,0,0,0,0,0,4,1,5,2016.0,01QK50787,E09000005,0.0,5.0,2.0,2016.0,01QK50787,3.0,3.0,0.0,3.0,1.0,-1,2016.0,01QK50787,2016,7,1,23
142281,201601QK50799,518090.0,183810.0,-0.298575,51.540792,1,Slight,2,1,2016-07-07,Thursday,00:25,Brent,E09000005,3,4089,6,30.0,3,4,6,0,,,4,1,1,0,0,1,1,E01000473,3,1,07/07/2016,07/07/2016,1,9,0,3,,1,0,0,0,0,,,6,Male,22,21 - 25,1995,1,7,5,1,,1,1,1,1,22,5,3,0,0,0,0,0,9,1,5,2016.0,01QK50799,E09000005,0.0,8.0,2.0,2016.0,01QK50799,2.0,6.0,0.0,2.0,1.0,-1,2016.0,01QK50799,2016,7,1,0
142283,201601QK50822,519160.0,186180.0,-0.282351,51.561868,1,Slight,1,1,2016-06-26,Sunday,02:27,Brent,E09000005,3,4089,1,30.0,1,4,3,4089,,,4,1,1,0,0,1,1,E01033457,3,1,26/06/2016,26/06/2016,1,9,0,18,,8,0,10,1,5,,,6,Female,21,21 - 25,1995,2,9,2,1,,1,1,3,1,39,7,3,6,9,0,0,2,0,1,1,2016.0,01QK50822,E09000005,0.0,0.0,2.0,2016.0,01QK50822,6.0,2.0,0.0,1.0,1.0,-1,2016.0,01QK50822,2016,6,1,2
142289,201601QK50881,522620.0,182990.0,-0.233572,51.532457,1,Slight,2,1,2016-09-08,Thursday,22:50,Brent,E09000005,5,0,6,30.0,3,4,3,404,,,4,1,1,0,0,1,1,E01000531,3,1,09/08/2016,09/08/2016,1,9,0,6,,2,0,0,0,0,,,6,Male,28,26 - 35,1797,8,5,1,1,,2,1,1,1,27,6,3,0,0,0,0,0,3,1,4,2016.0,01QK50881,E09000005,0.0,0.0,2.0,2016.0,01QK50881,5.0,5.0,0.0,3.0,1.0,-1,2016.0,01QK50881,2016,9,1,22
142291,201601QK50898,523410.0,184490.0,-0.221663,51.545766,1,Serious,2,1,2016-05-06,Friday,01:37,Brent,E09000005,5,0,6,30.0,6,2,5,0,,,4,1,1,0,0,1,1,E01000489,2,2,05/06/2016,05/06/2016,1,3,0,18,,8,0,0,0,0,,,6,Male,17,16 - 20,124,1,2,5,1,,1,1,1,1,17,4,2,0,0,0,0,0,3,1,5,2016.0,01QK50898,E09000005,0.0,5.0,2.0,2016.0,01QK50898,5.0,1.0,0.0,1.0,1.0,-1,2016.0,01QK50898,2016,5,2,1