,accident_index,location_easting_osgr,location_northing_osgr,longitude,latitude,police_force,accident_severity,number_of_vehicles,number_of_casualties,date,day_of_week,time,local_authority_district,local_authority_highway,first_road_class,first_road_number,road_type,speed_limit,junction_detail,junction_control,second_road_class,second_road_number,pedestrian_crossing-human_control,pedestrian_crossing-physical_facilities,light_conditions,weather_conditions,road_surface_conditions,special_conditions_at_site,carriageway_hazards,urban_or_rural_area,did_police_officer_attend_scene_of_accident,lsoa_of_accident_location,accident_severity_num,accident_severity_inv,date2,date_original,vehicle_reference_x,vehicle_type,towing_and_articulation,vehicle_manoeuvre,vehicle_location-restricted_lane,junction_location,skidding_and_overturning,hit_object_in_carriageway,vehicle_leaving_carriageway,hit_object_off_carriageway,1st_point_of_impact,was_vehicle_left_hand_drive?,journey_purpose_of_driver,sex_of_driver,age_of_driver,age_band_of_driver,engine_capacity_cc,propulsion_code,age_of_vehicle,driver_imd_decile,driver_home_area_type,vehicle_imd_decile,vehicle_reference_y,casualty_reference,casualty_class,sex_of_casualty,age_of_casualty,age_band_of_casualty,casualty_severity,pedestrian_location,pedestrian_movement,car_passenger,bus_or_coach_passenger,pedestrian_road_maintenance_worker,casualty_type,casualty_home_area_type,casualty_imd_decile,accident_year_x,accident_reference_x,local_authority_ons_district,pedestrian_crossing_human_control,pedestrian_crossing_physical_facilities,trunk_road_flag,accident_year_y,accident_reference_y,vehicle_direction_from,vehicle_direction_to,vehicle_location_restricted_lane,first_point_of_impact,vehicle_left_hand_drive,generic_make_model,accident_year,accident_reference,year,month,severity,hours
142299,201601RG40004,538290.0,177550.0,-0.009924,51.479955,1,Slight,2,2,2016-12-01,Thursday,20:36,Greenwich,E09000011,3,206,6,30.0,3,4,6,0,,,7,1,1,0,0,1,1,E01001641,3,1,12/01/2016,12/01/2016,1,9,0,9,,8,0,0,0,0,,,6,Male,25,21 - 25,1995,2,5,7,1,,1,1,2,2,21,5,3,0,0,2,0,0,9,1,5,2016.0,01RG40004,E09000011,0.0,0.0,2.0,2016.0,01RG40004,6.0,3.0,0.0,4.0,1.0,-1,2016.0,01RG40004,2016,12,2,20
142311,201601RG40028,538320.0,177540.0,-0.009496,51.479857,1,Slight,1,1,2016-01-31,Sunday,00:01,Greenwich,E09000011,3,206,6,30.0,3,4,6,0,,,7,1,1,0,0,1,1,E01001641,3,1,31/01/2016,31/01/2016,1,3,0,18,,2,0,0,0,0,,,6,Male,19,16 - 20,124,1,11,5,1,,1,1,3,2,-1,-1,3,5,3,0,0,2,0,1,5,2016.0,01RG40028,E09000011,0.0,0.0,2.0,2016.0,01RG40028,2.0,6.0,0.0,1.0,1.0,-1,2016.0,01RG40028,2016,1,1,0
142315,201601RG40038,544040.0,177910.0,0.07297,51.481756,1,Slight,1,1,2016-06-02,Thursday,18:54,Greenwich,E09000011,5,0,6,30.0,3,4,6,0,,,1,1,1,0,0,1,1,E01001704,3,1,06/02/2016,06/02/2016,1,9,0,9,,8,0,0,0,0,,,6,Male,28,26 - 35,-1,-1,-1,6,1,,1,1,3,2,27,6,3,5,1,0,0,2,0,1,6,2016.0,01RG40038,E09000011,0.0,0.0,2.0,2016.0,01RG40038,6.0,4.0,0.0,4.0,1.0,-1,2016.0,01RG40038,2016,6,1,18
142321,201601RG40050,543580.0,179120.0,0.066842,51.492745,1,Slight,2,1,2016-02-15,Monday,23:50,Greenwich,E09000011,3,206,6,30.0,6,2,6,0,,,4,1,1,0,0,1,1,E01033737,3,1,15/02/2016,15/02/2016,1,9,0,18,,8,0,0,0,0,,,6,Male,25,21 - 25,1796,1,7,2,1,,1,1,2,2,21,5,3,0,0,1,0,0,9,1,2,2016.0,01RG40050,E09000011,0.0,5.0,2.0,2016.0,01RG40050,4.0,8.0,0.0,4.0,1.0,-1,2016.0,01RG40050,2016,2,1,23
142327,201601RG40063,543460.0,173750.0,0.062936,51.444522,1,Slight,2,2,2016-02-20,Saturday,22:50,Greenwich,E09000011,3,211,6,30.0,0,-1,-1,-1,,,4,1,1,0,0,1,1,E01001617,3,1,20/02/2016,20/02/2016,1,9,0,18,,0,0,4,0,0,,,6,Male,28,26 - 35,-1,-1,-1,4,1,,1,1,1,1,28,6,3,0,0,0,0,0,9,1,4,2016.0,01RG40063,E09000011,0.0,0.0,2.0,2016.0,01RG40063,4.0,8.0,0.0,1.0,1.0,-1,2016.0,01RG40063,2016,2,2,22
142328,201601RG40064,542210.0,178870.0,0.04702,51.490845,1,Slight,1,2,2016-02-20,Saturday,19:20,Greenwich,E09000011,6,0,6,30.0,0,-1,-1,-1,,,4,1,2,0,0,1,1,E01001713,3,1,20/02/2016,20/02/2016,1,9,0,18,,0,0,10,1,10,,,6,Male,30,26 - 35,1798,8,1,2,1,,1,1,2,2,30,6,3,0,0,1,0,0,9,1,2,2016.0,01RG40064,E09000011,0.0,0.0,2.0,2016.0,01RG40064,1.0,5.0,0.0,1.0,1.0,-1,2016.0,01RG40064,2016,2,2,19
142360,201601RG40117,544240.0,175310.0,0.074788,51.458342,1,Slight,1,2,2016-03-01,Tuesday,03:49,Greenwich,E09000011,3,2,3,50.0,0,-1,-1,-1,,,4,2,2,0,0,1,1,E01001614,3,1,03/01/2016,03/01/2016,1,9,0,18,,0,0,7,0,0,,,6,Male,18,16 - 20,1587,1,11,1,1,,1,1,1,1,18,4,3,0,0,0,0,0,9,1,1,2016.0,01RG40117,E09000011,0.0,0.0,2.0,2016.0,01RG40117,2.0,6.0,0.0,1.0,1.0,-1,2016.0,01RG40117,2016,3,2,3
142367,201601RG40127,546510.0,179340.0,0.109109,51.493971,1,Slight,3,2,2016-03-21,Monday,23:00,Greenwich,E09000011,6,0,6,30.0,3,4,6,0,,,4,1,1,0,0,1,1,E01001576,3,1,21/03/2016,21/03/2016,1,9,0,18,,8,0,4,1,2,,,6,Male,17,16 - 20,1364,1,1,2,1,,1,1,1,1,17,4,3,0,0,0,0,0,9,1,2,2016.0,01RG40127,E09000011,0.0,0.0,2.0,2016.0,01RG40127,6.0,2.0,0.0,1.0,1.0,-1,2016.0,01RG40127,2016,3,2,23
142374,201601RG40136,540840.0,176750.0,0.026455,51.472137,1,Slight,1,1,2016-03-26,Saturday,01:12,Greenwich,E09000011,3,2,3,50.0,0,-1,-1,-1,,,4,1,1,0,0,1,1,E01001647,3,1,26/03/2016,26/03/2016,1,9,0,18,,0,0,10,1,1,,,6,Male,22,21 - 25,1362,1,3,10,1,,1,1,1,1,22,5,3,0,0,0,0,0,9,1,10,2016.0,01RG40136,E09000011,0.0,0.0,2.0,2016.0,01RG40136,8.0,4.0,0.0,4.0,1.0,-1,2016.0,01RG40136,2016,3,1,1
142389,201601RG40166,541460.0,177760.0,0.03578,51.481058,1,Slight,2,1,2016-09-04,Sunday,23:30,Greenwich,E09000011,4,210,6,30.0,3,4,5,0,,,4,1,1,0,0,1,1,E01001591,3,1,09/04/2016,09/04/2016,1,9,0,18,,8,0,0,0,0,,,6,Male,21,21 - 25,799,2,5,3,1,,1,1,1,1,21,5,3,0,0,0,0,0,9,1,3,2016.0,01RG40166,E09000011,0.0,0.0,2.0,2016.0,01RG40166,6.0,2.0,0.0,4.0,1.0,-1,2016.0,01RG40166,2016,9,1,23
142390,201601RG40167,543310.0,178630.0,0.062756,51.488411,1,Slight,2,1,2016-03-18,Friday,23:30,Greenwich,E09000011,3,205,6,30.0,6,2,4,210,,,4,1,1,0,0,1,1,E01033735,3,1,18/03/2016,18/03/2016,1,9,0,18,,8,0,0,0,0,,,6,Female,21,21 - 25,-1,-1,-1,2,1,,1,1,2,2,26,6,3,0,0,1,0,0,9,-1,-1,2016.0,01RG40167,E09000011,0.0,5.0,2.0,2016.0,01RG40167,4.0,8.0,0.0,1.0,1.0,-1,2016.0,01RG40167,2016,3,1,23
142391,201601RG40168,546280.0,180530.0,0.106291,51.504723,1,Slight,2,2,2016-03-04,Friday,22:50,Greenwich,E09000011,6,0,6,30.0,6,4,6,0,,,4,1,2,0,0,1,1,E01033745,3,1,03/04/2016,03/04/2016,1,9,0,18,,8,0,4,0,0,,,6,Male,19,16 - 20,-1,-1,-1,3,1,,1,1,1,1,19,4,3,0,0,0,0,0,9,1,3,2016.0,01RG40168,E09000011,0.0,0.0,2.0,2016.0,01RG40168,8.0,4.0,0.0,1.0,1.0,-1,2016.0,01RG40168,2016,3,2,22
142395,201601RG40181,539650.0,179010.0,0.010225,51.492741,1,Slight,2,2,2016-12-04,Sunday,18:20,Greenwich,E09000011,3,2052,3,50.0,0,-1,-1,-1,,,1,1,1,0,0,1,1,E01001667,3,1,12/04/2016,12/04/2016,1,5,0,15,,0,0,0,0,0,,,6,Male,29,26 - 35,-1,-1,-1,2,1,,1,1,1,1,29,6,3,0,0,0,0,0,5,1,2,2016.0,01RG40181,E09000011,0.0,4.0,2.0,2016.0,01RG40181,4.0,8.0,0.0,1.0,1.0,-1,2016.0,01RG40181,2016,12,2,18
142396,201601RG40182,539350.0,178170.0,0.005575,51.485266,1,Slight,2,1,2016-11-04,Friday,18:58,Greenwich,E09000011,6,0,6,30.0,3,4,3,206,,,1,1,1,0,0,1,1,E01001662,3,1,11/04/2016,11/04/2016,1,9,0,9,,8,0,0,0,0,,,6,Female,32,26 - 35,1229,1,8,6,1,,2,1,1,1,-1,-1,3,0,0,0,0,0,1,-1,-1,2016.0,01RG40182,E09000011,0.0,0.0,2.0,2016.0,01RG40182,2.0,8.0,0.0,1.0,1.0,-1,2016.0,01RG40182,2016,11,1,18
142406,201601RG40194,539580.0,179070.0,0.009241,51.493297,1,Slight,2,2,2016-03-16,Wednesday,20:59,Greenwich,E09000011,3,2052,1,30.0,1,4,5,0,,,4,1,1,0,0,1,2,E01001667,3,1,16/03/2016,16/03/2016,1,9,0,18,,8,0,0,0,0,,,6,Female,30,26 - 35,1242,1,4,3,1,,1,1,1,2,30,6,3,0,0,0,0,0,9,1,3,2016.0,01RG40194,E09000011,0.0,0.0,2.0,2016.0,01RG40194,4.0,8.0,0.0,2.0,1.0,-1,2016.0,01RG40194,2016,3,2,20
142407,201601RG40195,539060.0,179440.0,0.001901,51.49675,1,Slight,3,1,2016-09-04,Sunday,20:45,Greenwich,E09000011,3,102,3,50.0,0,-1,-1,-1,,,4,1,1,0,0,1,2,E01001667,3,1,09/04/2016,09/04/2016,1,9,0,4,,0,0,0,0,0,,,6,Female,21,21 - 25,1598,2,6,10,3,,1,1,1,2,21,5,3,0,0,0,0,0,9,3,10,2016.0,01RG40195,E09000011,0.0,0.0,2.0,2016.0,01RG40195,4.0,8.0,0.0,2.0,1.0,-1,2016.0,01RG40195,2016,9,1,20
142409,201601RG40199,540800.0,177060.0,0.026003,51.474933,1,Slight,2,2,2016-11-01,Tuesday,00:57,Greenwich,E09000011,3,207,6,30.0,0,-1,-1,-1,,,4,2,2,0,0,1,1,E01001652,3,1,11/01/2016,11/01/2016,1,9,0,15,,0,0,10,1,2,,,6,Male,24,21 - 25,-1,-1,-1,3,1,,1,1,1,1,24,5,3,0,0,0,0,0,9,1,3,2016.0,01RG40199,E09000011,0.0,0.0,2.0,2016.0,01RG40199,2.0,6.0,0.0,1.0,1.0,-1,2016.0,01RG40199,2016,11,2,0
142414,201601RG40205,545150.0,177770.0,0.088887,51.480214,1,Slight,1,1,2016-01-01,Friday,21:15,Greenwich,E09000011,5,0,6,30.0,3,4,6,0,,,4,2,2,0,0,1,1,E01001635,3,1,01/01/2016,01/01/2016,1,9,0,18,,8,0,0,0,0,,,6,Male,25,21 - 25,1796,1,8,4,1,,1,1,1,1,25,5,3,0,0,0,0,0,9,1,4,2016.0,01RG40205,E09000011,0.0,0.0,2.0,2016.0,01RG40205,6.0,2.0,0.0,1.0,1.0,-1,2016.0,01RG40205,2016,1,1,21
142417,201601RG40208,537670.0,177670.0,-0.0188,51.481184,1,Slight,2,2,2016-09-01,Thursday,23:10,Greenwich,E09000011,3,200,6,30.0,0,-1,-1,-1,,,4,2,2,0,0,1,1,E01033728,3,1,09/01/2016,09/01/2016,1,9,0,18,,0,0,0,0,0,,,6,Male,27,26 - 35,1799,1,8,5,1,,1,1,1,1,27,6,3,0,0,0,0,0,9,1,5,2016.0,01RG40208,E09000011,0.0,0.0,2.0,2016.0,01RG40208,7.0,3.0,0.0,4.0,1.0,-1,2016.0,01RG40208,2016,9,2,23
142428,201601RG40223,544240.0,172640.0,0.0737,51.43435,1,Slight,2,2,2016-04-23,Saturday,23:03,Greenwich,E09000011,6,0,6,30.0,3,4,6,0,,,4,1,1,0,0,1,1,E01001601,3,1,23/04/2016,23/04/2016,1,9,0,18,,8,0,0,0,0,,,6,Male,19,16 - 20,-1,-1,-1,4,1,,1,1,1,1,19,4,3,0,0,0,0,0,9,1,4,2016.0,01RG40223,E09000011,0.0,0.0,2.0,2016.0,01RG40223,2.0,6.0,0.0,1.0,1.0,-1,2016.0,01RG40223,2016,4,2,23
142434,201601RG40236,546100.0,179240.0,0.103165,51.493179,1,Slight,2,5,2016-03-14,Monday,20:05,Greenwich,E09000011,6,0,6,30.0,3,4,6,0,,,4,1,1,0,0,1,1,E01001579,3,1,14/03/2016,14/03/2016,1,9,0,7,,8,0,0,0,0,,,6,Male,19,16 - 20,1995,2,2,2,1,,1,1,1,1,19,4,3,0,0,0,0,0,9,1,2,2016.0,01RG40236,E09000011,0.0,0.0,2.0,2016.0,01RG40236,2.0,4.0,0.0,3.0,1.0,-1,2016.0,01RG40236,2016,3,5,20
142440,201601RG40243,541110.0,174270.0,0.029351,51.449784,1,Slight,2,1,2016-04-19,Tuesday,03:10,Greenwich,E09000011,3,20,1,30.0,1,4,3,205,,,4,1,1,0,0,1,2,E01001660,3,1,19/04/2016,19/04/2016,1,9,0,4,,8,0,0,0,0,,,6,Female,26,26 - 35,998,1,5,6,1,,1,1,1,2,26,6,3,0,0,0,0,0,9,1,6,2016.0,01RG40243,E09000011,0.0,0.0,2.0,2016.0,01RG40243,4.0,8.0,0.0,2.0,1.0,-1,2016.0,01RG40243,2016,4,1,3
142445,201601RG40251,546430.0,177480.0,0.107186,51.477279,1,Slight,2,1,2016-02-05,Friday,22:20,Greenwich,E09000011,3,209,6,30.0,0,-1,-1,-1,,,4,1,1,0,0,1,1,E01032567,3,1,02/05/2016,02/05/2016,1,2,0,18,,0,0,4,0,0,,,6,Male,18,16 - 20,100,1,14,1,1,,1,1,1,1,18,4,3,0,0,0,0,0,2,1,1,2016.0,01RG40251,E09000011,0.0,0.0,2.0,2016.0,01RG40251,4.0,8.0,0.0,1.0,1.0,-1,2016.0,01RG40251,2016,2,1,22
142478,201601RG40288,540490.0,176960.0,0.021502,51.474111,1,Slight,2,1,2016-04-24,Sunday,22:20,Greenwich,E09000011,3,2,6,30.0,3,2,3,2213,,,4,1,1,0,0,1,1,E01001583,3,1,24/04/2016,24/04/2016,1,3,0,4,,8,0,0,0,0,,,6,Male,27,26 - 35,125,1,1,4,1,,1,1,1,1,27,6,3,0,0,0,0,0,3,1,4,2016.0,01RG40288,E09000011,0.0,5.0,2.0,2016.0,01RG40288,6.0,2.0,0.0,2.0,1.0,-1,2016.0,01RG40288,2016,4,1,22
142497,201601RG40309,544010.0,178910.0,0.072946,51.490749,1,Slight,3,2,2016-05-29,Sunday,22:22,Greenwich,E09000011,3,206,6,30.0,3,2,5,0,,,4,1,1,0,0,1,1,E01001629,3,1,29/05/2016,29/05/2016,1,9,0,3,,8,0,0,0,0,,,6,Male,24,21 - 25,1796,1,6,6,1,,1,1,1,1,24,5,3,0,0,0,0,0,9,1,6,2016.0,01RG40309,E09000011,0.0,5.0,2.0,2016.0,01RG40309,4.0,8.0,0.0,3.0,1.0,-1,2016.0,01RG40309,2016,5,2,22
142498,201601RG40310,537940.0,176760.0,-0.015269,51.472941,1,Slight,2,1,2016-03-06,Sunday,23:38,Greenwich,E09000011,3,2,6,30.0,6,2,3,2211,,,4,1,1,0,0,1,1,E01001644,3,1,03/06/2016,03/06/2016,1,9,0,18,,8,0,0,0,0,,,6,Male,22,21 - 25,-1,-1,-1,3,1,,1,1,1,1,22,5,3,0,0,0,0,0,9,1,3,2016.0,01RG40310,E09000011,0.0,5.0,2.0,2016.0,01RG40310,2.0,6.0,0.0,1.0,1.0,-1,2016.0,01RG40310,2016,3,1,23
142499,201601RG40311,542620.0,179090.0,0.05301,51.492719,1,Slight,2,2,2016-05-26,Thursday,18:20,Greenwich,E09000011,3,206,6,30.0,6,2,6,0,,,1,1,1,0,0,1,1,E01001713,3,1,26/05/2016,26/05/2016,1,9,0,6,,8,0,0,0,0,,,6,Female,32,26 - 35,1240,1,11,5,1,,1,1,1,2,32,6,3,0,0,0,0,0,9,1,5,2016.0,01RG40311,E09000011,0.0,5.0,2.0,2016.0,01RG40311,2.0,2.0,0.0,3.0,1.0,-1,2016.0,01RG40311,2016,5,2,18
142500,201601RG40312,542550.0,175850.0,0.050696,51.463622,1,Slight,3,1,2016-05-26,Thursday,18:41,Greenwich,E09000011,3,205,6,30.0,3,4,6,0,,,1,1,1,0,0,1,1,E01001611,3,1,26/05/2016,26/05/2016,1,9,0,9,,8,0,0,0,0,,,6,Female,30,26 - 35,1587,1,10,6,1,,3,1,1,1,54,8,3,0,0,0,0,0,1,1,4,2016.0,01RG40312,E09000011,0.0,0.0,2.0,2016.0,01RG40312,2.0,8.0,0.0,3.0,1.0,-1,2016.0,01RG40312,2016,5,1,18
142507,201601RG40323,544360.0,178890.0,0.077975,51.49048,1,Slight,1,1,2016-04-06,Wednesday,03:30,Greenwich,E09000011,6,0,6,30.0,3,4,3,206,,,1,1,1,0,0,1,1,E01001629,3,1,04/06/2016,04/06/2016,1,9,0,18,,8,0,0,0,0,,,6,Male,18,16 - 20,1686,2,10,3,1,,1,1,3,1,-1,-1,3,5,1,0,0,2,0,-1,-1,2016.0,01RG40323,E09000011,0.0,0.0,2.0,2016.0,01RG40323,1.0,5.0,0.0,1.0,1.0,-1,2016.0,01RG40323,2016,4,1,3
142509,201601RG40325,542350.0,174470.0,0.047264,51.451272,1,Slight,2,2,2016-04-29,Friday,19:22,Greenwich,E09000011,3,210,6,30.0,3,4,6,0,,,1,1,1,0,0,1,1,E01001615,3,1,29/04/2016,29/04/2016,1,9,0,18,,8,0,0,0,0,,,6,Male,24,21 - 25,1199,1,14,3,1,,1,1,1,1,24,5,3,0,0,0,0,0,9,1,3,2016.0,01RG40325,E09000011,0.0,0.0,2.0,2016.0,01RG40325,3.0,7.0,0.0,1.0,1.0,-1,2016.0,01RG40325,2016,4,2,19
142513,201601RG40330,540580.0,174730.0,0.021911,51.45405,1,Slight,3,1,2016-05-25,Wednesday,18:17,Greenwich,E09000011,3,20,6,30.0,3,4,6,0,,,1,1,1,0,0,1,1,E01001658,3,1,25/05/2016,25/05/2016,1,9,0,18,,8,0,0,0,0,,,6,Male,20,16 - 20,-1,-1,-1,6,1,,3,1,1,2,50,8,3,0,0,0,0,0,1,1,9,2016.0,01RG40330,E09000011,0.0,0.0,2.0,2016.0,01RG40330,4.0,8.0,0.0,1.0,1.0,-1,2016.0,01RG40330,2016,5,1,18
142516,201601RG40333,540660.0,178410.0,0.024525,51.487099,1,Slight,2,1,2016-05-19,Thursday,21:33,Greenwich,E09000011,3,206,6,30.0,3,4,6,0,,,4,1,1,0,0,1,1,E01001666,3,1,19/05/2016,19/05/2016,1,9,0,9,,8,0,0,0,0,,,6,Male,27,26 - 35,1984,1,9,-1,-1,,2,1,1,1,21,5,3,0,0,0,0,0,3,-1,-1,2016.0,01RG40333,E09000011,0.0,1.0,2.0,2016.0,01RG40333,6.0,4.0,0.0,4.0,1.0,-1,2016.0,01RG40333,2016,5,1,21
142523,201601RG40347,541580.0,177000.0,0.037202,51.474199,1,Slight,2,1,2016-05-26,Thursday,22:27,Greenwich,E09000011,3,207,6,30.0,3,4,5,0,,,4,1,1,0,0,1,1,E01001652,3,1,26/05/2016,26/05/2016,1,9,0,18,,8,0,0,0,0,,,6,Male,26,26 - 35,1995,2,4,-1,-1,,2,1,1,1,39,7,3,0,0,0,0,0,2,1,1,2016.0,01RG40347,E09000011,0.0,0.0,2.0,2016.0,01RG40347,8.0,4.0,0.0,1.0,1.0,-1,2016.0,01RG40347,2016,5,1,22
142534,201601RG40363,538110.0,177200.0,-0.012651,51.476853,1,Slight,2,1,2016-06-16,Thursday,18:25,Greenwich,E09000011,3,2211,6,30.0,0,-1,-1,-1,,,1,1,1,0,0,1,1,E01033746,3,1,16/06/2016,16/06/2016,1,3,0,18,,0,0,0,0,0,,,6,Male,35,26 - 35,-1,-1,-1,1,1,,1,1,1,1,35,6,3,0,0,0,0,0,3,1,1,2016.0,01RG40363,E09000011,0.0,0.0,2.0,2016.0,01RG40363,2.0,6.0,0.0,4.0,1.0,-1,2016.0,01RG40363,2016,6,1,18
142537,201601RG40366,541570.0,177890.0,0.037415,51.482199,1,Slight,2,1,2016-09-06,Tuesday,18:36,Greenwich,E09000011,6,0,6,30.0,3,4,6,0,,,1,1,1,0,0,1,1,E01001591,3,1,09/06/2016,09/06/2016,1,9,0,7,,8,0,0,0,0,,,6,Male,33,26 - 35,1998,1,14,4,1,,2,1,1,1,58,9,3,0,0,0,0,0,9,1,5,2016.0,01RG40366,E09000011,0.0,0.0,2.0,2016.0,01RG40366,8.0,2.0,0.0,1.0,1.0,-1,2016.0,01RG40366,2016,9,1,18
142551,201601RG40388,543310.0,172340.0,0.060209,51.43189,1,Slight,1,1,2016-03-07,Monday,18:34,Greenwich,E09000011,6,0,6,20.0,0,-1,-1,-1,,,1,1,1,0,0,1,2,E01001599,3,1,03/07/2016,03/07/2016,1,9,0,7,,0,0,0,0,0,,,6,Male,26,26 - 35,1390,1,2,4,1,,1,1,3,1,14,3,3,5,1,0,0,2,0,-1,-1,2016.0,01RG40388,E09000011,0.0,0.0,2.0,2016.0,01RG40388,2.0,5.0,0.0,3.0,1.0,-1,2016.0,01RG40388,2016,3,1,18
142560,201601RG40398,543860.0,178950.0,0.070803,51.491147,1,Slight,3,1,2016-05-07,Saturday,18:12,Greenwich,E09000011,3,206,6,30.0,0,-1,-1,-1,,,1,1,1,0,0,1,1,E01033731,3,1,05/07/2016,05/07/2016,1,9,0,3,,0,0,0,0,0,,,6,Female,35,26 - 35,1598,2,3,5,1,,2,1,1,2,39,7,3,0,0,0,0,0,9,1,5,2016.0,01RG40398,E09000011,0.0,0.0,2.0,2016.0,01RG40398,3.0,7.0,0.0,2.0,1.0,-1,2016.0,01RG40398,2016,5,1,18
142570,201601RG40410,544110.0,172450.0,0.071754,51.432675,1,Slight,2,1,2016-08-07,Sunday,18:07,Greenwich,E09000011,3,20,3,40.0,3,4,6,0,,,1,1,1,0,0,1,1,E01001601,3,1,08/07/2016,08/07/2016,1,9,0,3,,8,0,0,0,0,,,6,Male,28,26 - 35,-1,-1,-1,2,1,,1,1,1,1,28,6,3,0,0,0,0,0,9,1,2,2016.0,01RG40410,E09000011,0.0,0.0,2.0,2016.0,01RG40410,5.0,1.0,0.0,2.0,1.0,-1,2016.0,01RG40410,2016,8,1,18
142573,201601RG40414,539500.0,178970.0,0.00805,51.492418,1,Slight,2,1,2016-06-25,Saturday,20:10,Greenwich,E09000011,3,102,3,50.0,0,-1,-1,-1,,,4,1,2,0,0,1,1,E01001667,3,1,25/06/2016,25/06/2016,1,9,0,4,,0,0,0,0,0,,,6,Female,25,21 - 25,1197,1,1,4,1,,1,1,1,2,25,5,3,0,0,0,0,0,9,1,4,2016.0,01RG40414,E09000011,0.0,0.0,2.0,2016.0,01RG40414,8.0,4.0,0.0,2.0,1.0,-1,2016.0,01RG40414,2016,6,1,20
142577,201601RG40420,540060.0,177460.0,0.015513,51.478711,1,Slight,3,3,2016-05-29,Sunday,02:46,Greenwich,E09000011,6,0,6,30.0,0,-1,-1,-1,,,4,1,1,0,0,1,1,E01001580,3,1,29/05/2016,29/05/2016,1,9,0,18,,0,0,4,0,0,,,6,Male,18,16 - 20,1598,2,1,3,1,,1,1,1,1,18,4,3,0,0,0,0,0,9,1,3,2016.0,01RG40420,E09000011,0.0,8.0,2.0,2016.0,01RG40420,7.0,3.0,0.0,1.0,1.0,-1,2016.0,01RG40420,2016,5,3,2
142591,201601RG40441,543250.0,178580.0,0.061872,51.487977,1,Slight,2,1,2016-06-30,Thursday,18:04,Greenwich,E09000011,4,210,6,30.0,3,4,6,0,,,1,1,1,0,0,1,1,E01001699,3,1,30/06/2016,30/06/2016,1,3,0,18,,8,0,0,0,0,,,6,Male,22,21 - 25,124,1,6,3,1,,1,1,1,1,22,5,3,0,0,0,0,0,3,1,3,2016.0,01RG40441,E09000011,0.0,0.0,2.0,2016.0,01RG40441,6.0,2.0,0.0,1.0,1.0,-1,2016.0,01RG40441,2016,6,1,18
142598,201601RG40448,541130.0,174290.0,0.029646,51.449959,1,Slight,1,1,2016-06-07,Tuesday,04:15,Greenwich,E09000011,3,205,3,30.0,1,4,3,20,,,1,1,1,0,0,1,1,E01001660,3,1,06/07/2016,06/07/2016,1,9,0,9,,8,5,0,0,0,,,6,Male,25,21 - 25,1242,1,1,3,1,,1,1,1,1,25,5,3,0,0,0,0,0,9,1,3,2016.0,01RG40448,E09000011,0.0,0.0,2.0,2016.0,01RG40448,3.0,8.0,0.0,4.0,1.0,-1,2016.0,01RG40448,2016,6,1,4
142603,201601RG40453,540870.0,174660.0,0.026054,51.453349,1,Slight,2,1,2016-07-21,Thursday,04:24,Greenwich,E09000011,3,20,6,30.0,6,2,3,2213,,,4,1,1,0,0,1,2,E01001659,3,1,21/07/2016,21/07/2016,1,9,0,18,,8,0,0,0,0,,,6,Male,29,26 - 35,-1,-1,-1,7,1,,2,1,1,1,53,8,3,0,0,0,0,0,9,-1,-1,2016.0,01RG40453,E09000011,0.0,5.0,2.0,2016.0,01RG40453,3.0,7.0,0.0,2.0,1.0,-1,2016.0,01RG40453,2016,7,1,4
142604,201601RG40454,547030.0,179330.0,0.11659,51.493746,1,Slight,2,1,2016-07-22,Friday,18:40,Greenwich,E09000011,6,0,6,30.0,3,4,6,0,,,1,1,1,0,0,1,2,E01001577,3,1,22/07/2016,22/07/2016,1,9,0,18,,8,0,0,0,0,,,6,Female,35,26 - 35,-1,-1,-1,2,1,,1,1,1,2,35,6,3,0,0,0,0,0,9,1,2,2016.0,01RG40454,E09000011,0.0,0.0,2.0,2016.0,01RG40454,5.0,1.0,0.0,1.0,1.0,-1,2016.0,01RG40454,2016,7,1,18
142608,201601RG40462,541420.0,177840.0,0.035236,51.481787,1,Slight,2,1,2016-10-07,Friday,20:00,Greenwich,E09000011,5,0,6,30.0,0,-1,-1,-1,,,4,1,1,0,0,1,2,E01001591,3,1,10/07/2016,10/07/2016,1,9,0,18,,0,0,0,0,0,,,6,Male,31,26 - 35,1998,1,12,-1,-1,,1,1,1,1,31,6,3,0,0,0,0,0,9,-1,-1,2016.0,01RG40462,E09000011,0.0,0.0,2.0,2016.0,01RG40462,1.0,5.0,0.0,3.0,1.0,-1,2016.0,01RG40462,2016,10,1,20
142609,201601RG40464,538980.0,179770.0,0.000879,51.499735,1,Slight,3,4,2016-12-07,Wednesday,18:27,Greenwich,E09000011,3,102,3,30.0,0,-1,-1,-1,,,1,1,1,0,0,1,1,E01001667,3,1,12/07/2016,12/07/2016,1,9,0,18,,0,0,0,0,0,,,6,Female,25,21 - 25,1984,1,6,3,1,,1,1,1,2,25,5,3,0,0,0,0,0,9,1,3,2016.0,01RG40464,E09000011,0.0,0.0,2.0,2016.0,01RG40464,5.0,1.0,0.0,1.0,1.0,-1,2016.0,01RG40464,2016,12,4,18
142612,201601RG40467,541730.0,178830.0,0.040095,51.490606,1,Slight,2,1,2016-07-29,Friday,04:40,Greenwich,E09000011,3,206,3,30.0,0,-1,-1,-1,,,1,1,1,0,0,1,2,E01001709,3,1,29/07/2016,29/07/2016,1,9,0,18,,0,0,0,0,0,,,6,Male,29,26 - 35,1956,2,3,2,1,,1,1,1,1,29,6,3,0,0,0,0,0,9,1,2,2016.0,01RG40467,E09000011,0.0,0.0,2.0,2016.0,01RG40467,6.0,2.0,0.0,3.0,1.0,-1,2016.0,01RG40467,2016,7,1,4