,accident_index,location_easting_osgr,location_northing_osgr,longitude,latitude,police_force,accident_severity,number_of_vehicles,number_of_casualties,date,day_of_week,time,local_authority_district,local_authority_highway,first_road_class,first_road_number,road_type,speed_limit,junction_detail,junction_control,second_road_class,second_road_number,pedestrian_crossing-human_control,pedestrian_crossing-physical_facilities,light_conditions,weather_conditions,road_surface_conditions,special_conditions_at_site,carriageway_hazards,urban_or_rural_area,did_police_officer_attend_scene_of_accident,lsoa_of_accident_location,accident_severity_num,accident_severity_inv,date2,date_original,vehicle_reference_x,vehicle_type,towing_and_articulation,vehicle_manoeuvre,vehicle_location-restricted_lane,junction_location,skidding_and_overturning,hit_object_in_carriageway,vehicle_leaving_carriageway,hit_object_off_carriageway,1st_point_of_impact,was_vehicle_left_hand_drive?,journey_purpose_of_driver,sex_of_driver,age_of_driver,age_band_of_driver,engine_capacity_cc,propulsion_code,age_of_vehicle,driver_imd_decile,driver_home_area_type,vehicle_imd_decile,vehicle_reference_y,casualty_reference,casualty_class,sex_of_casualty,age_of_casualty,age_band_of_casualty,casualty_severity,pedestrian_location,pedestrian_movement,car_passenger,bus_or_coach_passenger,pedestrian_road_maintenance_worker,casualty_type,casualty_home_area_type,casualty_imd_decile,accident_year_x,accident_reference_x,local_authority_ons_district,pedestrian_crossing_human_control,pedestrian_crossing_physical_facilities,trunk_road_flag,accident_year_y,accident_reference_y,vehicle_direction_from,vehicle_direction_to,vehicle_location_restricted_lane,first_point_of_impact,vehicle_left_hand_drive,generic_make_model,accident_year,accident_reference,year,month,severity,hours
143031,201601SX20078,524780.0,190350.0,-0.199836,51.59813,1,Slight,2,1,2016-01-15,Friday,22:00,Barnet,E09000003,3,504,6,30.0,3,4,6,0,,,4,1,1,0,0,1,2,E01000199,3,1,15/01/2016,15/01/2016,1,9,0,3,,1,0,0,0,0,,,6,Male,25,21 - 25,4163,1,9,5,1,,1,1,1,1,25,5,3,0,0,0,0,0,9,1,5,2016.0,01SX20078,E09000003,0.0,0.0,2.0,2016.0,01SX20078,2.0,6.0,0.0,2.0,1.0,-1,2016.0,01SX20078,2016,1,1,22
143036,201601SX20085,522670.0,188950.0,-0.230774,51.586011,1,Slight,2,1,2016-01-23,Saturday,19:20,Barnet,E09000003,3,41,3,40.0,6,2,3,504,,,4,1,1,0,0,1,2,E01000237,3,1,23/01/2016,23/01/2016,1,3,0,5,,8,0,0,0,0,,,1,Male,19,16 - 20,-1,-1,-1,-1,-1,,1,1,1,1,19,4,3,0,0,0,0,0,3,-1,-1,2016.0,01SX20085,E09000003,0.0,5.0,2.0,2016.0,01SX20085,8.0,4.0,0.0,1.0,1.0,-1,2016.0,01SX20085,2016,1,1,19
143040,201601SX20091,523320.0,189160.0,-0.221323,51.587756,1,Slight,1,1,2016-07-02,Saturday,20:03,Barnet,E09000003,6,0,6,30.0,3,4,3,502,,,4,5,2,0,0,1,1,E01000245,3,1,07/02/2016,07/02/2016,1,9,0,9,,5,0,0,0,0,,,6,Male,31,26 - 35,-1,-1,-1,7,1,,1,1,3,2,-1,-1,3,5,4,0,0,2,0,1,6,2016.0,01SX20091,E09000003,0.0,0.0,2.0,2016.0,01SX20091,1.0,6.0,0.0,3.0,1.0,-1,2016.0,01SX20091,2016,7,1,20
143041,201601SX20092,524850.0,187560.0,-0.199818,51.57304,1,Slight,1,1,2016-01-20,Wednesday,21:30,Barnet,E09000003,5,0,6,30.0,6,2,3,502,,,4,1,1,0,0,1,2,E01000144,3,1,20/01/2016,20/01/2016,1,9,0,1,,1,0,0,0,0,,,6,Male,30,26 - 35,1390,1,5,4,1,,1,1,3,2,-1,-1,3,1,1,0,0,2,0,-1,-1,2016.0,01SX20092,E09000003,0.0,5.0,2.0,2016.0,01SX20092,2.0,6.0,0.0,2.0,1.0,-1,2016.0,01SX20092,2016,1,1,21
143052,201601SX20105,526510.0,192140.0,-0.174227,51.613831,1,Slight,2,1,2016-01-25,Monday,19:03,Barnet,E09000003,6,0,6,30.0,8,4,6,0,,,4,1,1,0,0,1,1,E01000323,3,1,25/01/2016,25/01/2016,1,9,0,10,,8,0,0,0,0,,,6,Female,25,21 - 25,1360,1,10,4,1,,2,1,1,2,25,5,3,0,0,0,0,0,1,1,2,2016.0,01SX20105,E09000003,0.0,0.0,2.0,2016.0,01SX20105,3.0,1.0,0.0,4.0,1.0,-1,2016.0,01SX20105,2016,1,1,19
143060,201601SX20121,523770.0,188610.0,-0.215024,51.582715,1,Slight,2,1,2016-01-24,Sunday,20:04,Barnet,E09000003,3,502,6,30.0,6,2,6,0,,,4,2,2,0,0,1,1,E01000311,3,1,24/01/2016,24/01/2016,1,9,0,9,,8,0,0,0,0,,,6,Male,27,26 - 35,1596,1,8,8,1,,2,1,1,1,24,5,3,0,0,0,0,0,5,1,3,2016.0,01SX20121,E09000003,0.0,5.0,2.0,2016.0,01SX20121,8.0,6.0,0.0,1.0,1.0,-1,2016.0,01SX20121,2016,1,1,20
143074,201601SX20142,524030.0,187960.0,-0.211503,51.576816,1,Slight,2,1,2016-02-15,Monday,18:42,Barnet,E09000003,6,0,6,30.0,3,4,6,0,,,4,1,1,0,0,1,1,E01000219,3,1,15/02/2016,15/02/2016,1,9,0,9,,1,0,0,0,0,,,6,Male,29,26 - 35,1998,1,15,7,1,,2,1,1,1,40,7,3,0,0,0,0,0,1,1,9,2016.0,01SX20142,E09000003,0.0,0.0,2.0,2016.0,01SX20142,2.0,8.0,0.0,1.0,1.0,-1,2016.0,01SX20142,2016,2,1,18
143082,201601SX20153,527280.0,189250.0,-0.16416,51.587685,1,Serious,2,1,2016-02-23,Tuesday,00:24,Barnet,E09000003,3,1000,6,30.0,3,4,6,0,,,4,1,1,0,0,1,1,E01000182,2,2,23/02/2016,23/02/2016,1,5,0,4,,8,0,0,0,0,,,6,Male,29,26 - 35,600,1,14,2,1,,1,1,1,1,29,6,2,0,0,0,0,0,5,1,2,2016.0,01SX20153,E09000003,0.0,0.0,2.0,2016.0,01SX20153,1.0,5.0,0.0,1.0,1.0,-1,2016.0,01SX20153,2016,2,2,0
143094,201601SX20166,526630.0,190790.0,-0.172982,51.601671,1,Slight,5,8,2016-02-18,Thursday,22:36,Barnet,E09000003,3,406,3,50.0,5,4,6,0,,,4,1,1,0,0,1,1,E01000184,3,1,18/02/2016,18/02/2016,1,9,0,4,,8,0,0,0,0,,,6,Female,19,16 - 20,998,1,2,3,1,,1,1,1,2,19,4,3,0,0,0,0,0,9,1,3,2016.0,01SX20166,E09000003,0.0,0.0,2.0,2016.0,01SX20166,6.0,2.0,0.0,2.0,1.0,-1,2016.0,01SX20166,2016,2,8,22
143108,201601SX20181,525900.0,191510.0,-0.183258,51.608306,1,Slight,2,1,2016-02-17,Wednesday,22:30,Barnet,E09000003,3,598,6,30.0,0,-1,-1,-1,,,7,1,1,0,0,1,2,E01000317,3,1,17/02/2016,17/02/2016,1,9,0,4,,0,0,0,0,0,,,6,Female,21,21 - 25,1198,1,13,10,1,,1,1,1,2,21,5,3,0,0,0,0,0,9,1,10,2016.0,01SX20181,E09000003,0.0,0.0,2.0,2016.0,01SX20181,2.0,6.0,0.0,2.0,1.0,-1,2016.0,01SX20181,2016,2,1,22
143124,201601SX20203,525180.0,190680.0,-0.193946,51.601007,1,Slight,2,1,2016-12-03,Saturday,19:30,Barnet,E09000003,3,598,6,30.0,3,4,6,0,,,4,1,1,0,0,1,1,E01000196,3,1,12/03/2016,12/03/2016,1,3,0,13,,1,0,0,0,0,,,1,Male,23,21 - 25,125,1,5,6,1,,1,1,1,1,23,5,3,0,0,0,0,0,3,1,6,2016.0,01SX20203,E09000003,0.0,4.0,2.0,2016.0,01SX20203,6.0,2.0,0.0,4.0,1.0,-1,2016.0,01SX20203,2016,12,1,19
143128,201601SX20210,524620.0,186240.0,-0.203602,51.561228,1,Slight,1,1,2016-03-03,Thursday,19:14,Barnet,E09000003,3,41,3,40.0,6,2,3,407,,,4,1,2,0,0,1,1,E01000139,3,1,03/03/2016,03/03/2016,1,3,0,4,,1,0,0,0,0,,,6,Male,20,16 - 20,108,1,8,6,1,,1,1,1,1,20,4,3,0,0,0,0,0,3,1,6,2016.0,01SX20210,E09000003,0.0,5.0,2.0,2016.0,01SX20210,5.0,1.0,0.0,3.0,1.0,-1,2016.0,01SX20210,2016,3,1,19
143132,201601SX20216,524170.0,190780.0,-0.208487,51.602129,1,Slight,2,1,2016-02-13,Saturday,02:44,Barnet,E09000003,4,552,6,30.0,0,-1,-1,-1,,,4,8,4,0,0,1,1,E01000204,3,1,13/02/2016,13/02/2016,1,9,0,17,,0,1,4,0,0,,,6,Male,24,21 - 25,1596,1,10,4,1,,1,1,1,1,24,5,3,0,0,0,0,0,9,1,4,2016.0,01SX20216,E09000003,0.0,0.0,2.0,2016.0,01SX20216,1.0,6.0,0.0,1.0,1.0,-1,2016.0,01SX20216,2016,2,1,2
143133,201601SX20217,525990.0,191630.0,-0.181916,51.609364,1,Slight,2,1,2016-02-16,Tuesday,20:50,Barnet,E09000003,3,598,6,30.0,3,4,6,0,,,4,1,1,0,0,1,1,E01000302,3,1,16/02/2016,16/02/2016,1,2,0,18,,8,0,0,0,0,,,1,Male,21,21 - 25,125,1,11,6,1,,1,1,1,1,21,5,3,0,0,0,0,0,2,1,6,2016.0,01SX20217,E09000003,0.0,4.0,2.0,2016.0,01SX20217,6.0,2.0,0.0,1.0,1.0,-1,2016.0,01SX20217,2016,2,1,20
143134,201601SX20219,520180.0,190390.0,-0.266204,51.599489,1,Slight,1,1,2016-12-02,Friday,03:50,Barnet,E09000003,3,5,6,30.0,3,4,6,0,,,7,1,1,0,7,1,1,E01000129,3,1,12/02/2016,12/02/2016,1,9,0,18,,1,0,10,7,2,,,6,Male,18,16 - 20,1368,1,8,8,1,,1,1,1,1,18,4,3,0,0,0,0,0,9,1,8,2016.0,01SX20219,E09000003,0.0,0.0,2.0,2016.0,01SX20219,4.0,8.0,0.0,1.0,1.0,-1,2016.0,01SX20219,2016,12,1,3
143135,201601SX20225,520920.0,195190.0,-0.253869,51.642469,1,Slight,2,1,2016-02-23,Tuesday,06:00,Barnet,E09000003,3,411,6,30.0,8,4,6,0,,,7,9,1,0,0,1,2,E01000290,3,1,23/02/2016,23/02/2016,1,9,0,18,,1,0,0,0,0,,,6,Male,30,26 - 35,1339,1,3,8,1,,1,1,1,1,30,6,3,0,0,0,0,0,9,1,8,2016.0,01SX20225,E09000003,0.0,0.0,2.0,2016.0,01SX20225,4.0,8.0,0.0,3.0,1.0,-1,2016.0,01SX20225,2016,2,1,6
143136,201601SX20226,527970.0,191580.0,-0.153356,51.608468,1,Slight,2,1,2016-03-20,Sunday,20:20,Barnet,E09000003,4,550,6,30.0,3,4,6,0,,,4,1,1,0,0,1,1,E01000164,3,1,20/03/2016,20/03/2016,1,9,0,6,,8,0,0,0,0,,,6,Female,24,21 - 25,1995,2,5,1,1,,2,1,1,1,27,6,3,0,0,0,0,0,3,1,2,2016.0,01SX20226,E09000003,0.0,0.0,2.0,2016.0,01SX20226,1.0,1.0,0.0,3.0,1.0,-1,2016.0,01SX20226,2016,3,1,20
143152,201601SX20273,524830.0,187580.0,-0.200099,51.573224,1,Slight,2,1,2016-06-03,Friday,21:00,Barnet,E09000003,3,502,6,30.0,0,-1,-1,-1,,,4,1,1,0,0,1,1,E01000144,3,1,06/03/2016,06/03/2016,1,9,0,2,,0,0,0,0,0,,,6,Male,35,26 - 35,-1,-1,-1,7,1,,1,1,1,1,35,6,3,0,0,0,0,0,9,1,7,2016.0,01SX20273,E09000003,0.0,0.0,2.0,2016.0,01SX20273,0.0,0.0,0.0,3.0,1.0,-1,2016.0,01SX20273,2016,6,1,21
143157,201601SX20280,523310.0,187510.0,-0.222046,51.57293,1,Slight,2,1,2016-03-21,Monday,20:14,Barnet,E09000003,6,0,6,30.0,0,-1,-1,-1,,,4,1,1,0,0,1,1,E01000221,3,1,21/03/2016,21/03/2016,1,3,0,17,,0,0,0,0,0,,,6,Male,21,21 - 25,125,1,10,6,1,,1,1,1,1,21,5,3,0,0,0,0,0,3,1,6,2016.0,01SX20280,E09000003,0.0,0.0,2.0,2016.0,01SX20280,1.0,7.0,0.0,1.0,1.0,-1,2016.0,01SX20280,2016,3,1,20
143162,201601SX20286,524770.0,189420.0,-0.200311,51.589774,1,Slight,2,1,2016-02-21,Sunday,18:17,Barnet,E09000003,3,406,3,30.0,6,2,3,598,,,7,9,1,0,0,1,1,E01000203,3,1,21/02/2016,21/02/2016,1,9,0,4,,1,0,0,0,0,,,6,Female,22,21 - 25,1598,2,3,9,1,,1,1,2,2,3,1,3,0,0,2,0,0,9,1,8,2016.0,01SX20286,E09000003,0.0,5.0,2.0,2016.0,01SX20286,7.0,3.0,0.0,1.0,1.0,-1,2016.0,01SX20286,2016,2,1,18
143172,201601SX20299,523290.0,189370.0,-0.221682,51.58965,1,Slight,2,3,2016-03-26,Saturday,20:03,Barnet,E09000003,3,504,6,30.0,6,2,3,502,,,4,5,2,0,0,1,1,E01000243,3,1,26/03/2016,26/03/2016,1,9,0,9,,8,0,0,0,0,,,6,Female,26,26 - 35,1242,1,1,8,1,,1,1,1,2,26,6,3,0,0,0,0,0,9,1,8,2016.0,01SX20299,E09000003,0.0,5.0,2.0,2016.0,01SX20299,7.0,5.0,0.0,4.0,1.0,-1,2016.0,01SX20299,2016,3,3,20
143173,201601SX20301,524100.0,185890.0,-0.211224,51.558197,1,Serious,1,1,2016-03-25,Friday,00:35,Barnet,E09000003,6,0,6,30.0,0,-1,-1,-1,,,7,2,2,0,0,1,1,E01000141,2,2,25/03/2016,25/03/2016,1,9,0,18,,0,0,0,0,0,,,6,Male,19,16 - 20,1364,1,11,6,1,,1,1,3,1,29,6,2,4,1,0,0,2,0,1,2,2016.0,01SX20301,E09000003,0.0,5.0,2.0,2016.0,01SX20301,8.0,4.0,0.0,4.0,1.0,-1,2016.0,01SX20301,2016,3,2,0
143199,201601SX20333,525980.0,192530.0,-0.181737,51.617454,1,Slight,2,2,2016-10-04,Tuesday,00:55,Barnet,E09000003,6,0,6,30.0,6,3,6,0,,,4,1,1,0,0,1,1,E01000277,3,1,10/04/2016,10/04/2016,1,9,0,18,,8,0,0,0,0,,,6,Male,32,26 - 35,2148,2,10,7,1,,1,1,1,1,32,6,3,0,0,0,0,0,9,1,7,2016.0,01SX20333,E09000003,0.0,0.0,2.0,2016.0,01SX20333,1.0,5.0,0.0,1.0,1.0,-1,2016.0,01SX20333,2016,10,2,0
143202,201601SX20337,522340.0,189170.0,-0.235458,51.58806,1,Slight,1,2,2016-10-04,Tuesday,22:25,Barnet,E09000003,3,41,3,40.0,0,-1,-1,-1,,,4,1,1,0,0,1,1,E01000239,3,1,10/04/2016,10/04/2016,1,9,0,17,,0,5,10,5,6,,,6,Male,19,16 - 20,1364,1,10,6,1,,1,1,1,1,19,4,3,0,0,0,0,0,9,1,6,2016.0,01SX20337,E09000003,0.0,0.0,2.0,2016.0,01SX20337,4.0,1.0,0.0,3.0,1.0,-1,2016.0,01SX20337,2016,10,2,22
143212,201601SX20352,524360.0,189270.0,-0.206279,51.588516,1,Slight,2,1,2016-03-20,Sunday,18:35,Barnet,E09000003,3,406,3,40.0,3,2,3,1,,,4,1,1,0,0,1,1,E01000238,3,1,20/03/2016,20/03/2016,1,9,0,3,,1,0,0,0,0,,,6,Male,27,26 - 35,1686,2,2,2,1,,1,1,2,2,23,5,3,0,0,1,0,0,9,1,2,2016.0,01SX20352,E09000003,0.0,5.0,2.0,2016.0,01SX20352,6.0,2.0,0.0,2.0,1.0,-1,2016.0,01SX20352,2016,3,1,18
143221,201601SX20364,523520.0,187870.0,-0.218891,51.576119,1,Slight,2,1,2016-02-04,Thursday,23:45,Barnet,E09000003,3,406,7,40.0,0,-1,-1,-1,,,4,2,2,0,0,1,2,E01000221,3,1,02/04/2016,02/04/2016,1,9,0,18,,0,0,0,0,0,,,6,Female,22,21 - 25,1364,1,10,3,1,,1,1,1,2,22,5,3,0,0,0,0,0,9,1,3,2016.0,01SX20364,E09000003,0.0,0.0,2.0,2016.0,01SX20364,2.0,6.0,0.0,3.0,1.0,-1,2016.0,01SX20364,2016,2,1,23
143250,201601SX20401,523190.0,186580.0,-0.224102,51.564598,1,Slight,2,1,2016-04-22,Friday,19:30,Brent,E09000005,3,5,6,30.0,3,4,5,0,,,4,1,1,0,0,1,2,E01000497,3,1,22/04/2016,22/04/2016,1,9,0,3,,1,0,0,0,0,,,6,Male,27,26 - 35,1582,2,8,3,1,,2,1,3,2,23,5,3,10,9,0,0,2,0,-1,-1,2016.0,01SX20401,E09000005,0.0,0.0,2.0,2016.0,01SX20401,8.0,4.0,0.0,4.0,1.0,-1,2016.0,01SX20401,2016,4,1,19
143252,201601SX20404,524070.0,185910.0,-0.211649,51.558383,1,Slight,1,1,2016-01-04,Monday,23:01,Barnet,E09000003,3,407,2,30.0,3,2,3,407,,,4,1,1,0,0,1,1,E01000141,3,1,01/04/2016,01/04/2016,1,2,0,18,,1,1,0,0,0,,,6,Male,30,26 - 35,125,1,5,3,1,,1,1,1,1,30,6,3,0,0,0,0,0,2,1,3,2016.0,01SX20404,E09000003,0.0,5.0,2.0,2016.0,01SX20404,4.0,8.0,0.0,0.0,1.0,-1,2016.0,01SX20404,2016,1,1,23
143254,201601SX20406,521540.0,191570.0,-0.246169,51.609802,1,Slight,2,2,2016-04-29,Friday,20:20,Barnet,E09000003,5,0,2,30.0,8,4,5,0,,,4,1,1,0,0,1,1,E01000235,3,1,29/04/2016,29/04/2016,1,8,0,9,,5,0,0,0,0,,,1,Male,33,26 - 35,1956,2,5,5,1,,2,1,2,2,18,4,3,0,0,1,0,0,9,1,3,2016.0,01SX20406,E09000003,0.0,0.0,2.0,2016.0,01SX20406,3.0,1.0,0.0,4.0,1.0,-1,2016.0,01SX20406,2016,4,2,20
143263,201601SX20420,528120.0,191360.0,-0.151271,51.606457,1,Serious,2,1,2016-06-05,Sunday,18:10,Barnet,E09000003,3,406,3,50.0,0,-1,-1,-1,,,1,1,1,0,0,1,1,E01000164,2,2,06/05/2016,06/05/2016,1,9,0,12,,0,0,0,0,0,,,6,Male,29,26 - 35,2400,2,2,5,1,,2,1,1,1,26,6,2,0,0,0,0,0,5,1,1,2016.0,01SX20420,E09000003,0.0,0.0,2.0,2016.0,01SX20420,2.0,6.0,0.0,2.0,1.0,-1,2016.0,01SX20420,2016,6,2,18
143264,201601SX20421,521290.0,188650.0,-0.250786,51.583613,1,Slight,1,1,2016-03-05,Saturday,05:55,Brent,E09000005,3,4006,6,30.0,0,-1,-1,-1,,,1,1,1,0,0,1,1,E01000513,3,1,03/05/2016,03/05/2016,1,9,0,18,,0,0,4,0,0,,,6,Male,30,26 - 35,1598,1,10,3,1,,1,1,1,1,30,6,3,0,0,0,0,0,9,1,3,2016.0,01SX20421,E09000005,0.0,0.0,2.0,2016.0,01SX20421,6.0,2.0,0.0,1.0,1.0,-1,2016.0,01SX20421,2016,3,1,5
143268,201601SX20425,524810.0,189400.0,-0.199741,51.589585,1,Slight,2,1,2016-08-04,Thursday,21:09,Barnet,E09000003,3,406,3,50.0,6,2,3,598,,,4,1,1,0,0,1,1,E01000211,3,1,08/04/2016,08/04/2016,1,3,0,4,,8,0,0,0,0,,,6,Male,28,26 - 35,108,1,7,-1,-1,,1,1,1,1,28,6,3,0,0,0,0,0,3,-1,-1,2016.0,01SX20425,E09000003,0.0,0.0,2.0,2016.0,01SX20425,3.0,7.0,0.0,2.0,1.0,-1,2016.0,01SX20425,2016,8,1,21
143271,201601SX20429,520080.0,192920.0,-0.266781,51.622248,1,Slight,2,1,2016-10-05,Wednesday,20:31,Barnet,E09000003,3,41,3,40.0,3,4,3,41,,,4,1,1,0,0,1,1,E01000229,3,1,10/05/2016,10/05/2016,1,9,0,18,,1,0,0,0,0,,,6,Male,28,26 - 35,2926,2,10,1,1,,1,1,1,1,28,6,3,0,0,0,0,0,9,1,1,2016.0,01SX20429,E09000003,0.0,0.0,2.0,2016.0,01SX20429,7.0,3.0,0.0,2.0,1.0,-1,2016.0,01SX20429,2016,10,1,20
143281,201601SX20443,527560.0,192030.0,-0.15911,51.612605,1,Slight,2,1,2016-08-05,Friday,02:14,Barnet,E09000003,3,1003,6,30.0,3,2,4,550,,,4,1,1,0,0,1,1,E01000162,3,1,08/05/2016,08/05/2016,1,9,0,3,,1,0,0,0,0,,,6,Male,33,26 - 35,1198,1,1,6,1,,1,1,1,1,33,6,3,0,0,0,0,0,9,1,6,2016.0,01SX20443,E09000003,0.0,5.0,2.0,2016.0,01SX20443,6.0,2.0,0.0,2.0,1.0,-1,2016.0,01SX20443,2016,8,1,2
143282,201601SX20444,523250.0,186510.0,-0.223262,51.563955,1,Slight,2,1,2016-04-13,Wednesday,05:45,Brent,E09000005,3,5,6,30.0,8,4,6,0,,,1,1,1,0,0,1,1,E01000223,3,1,13/04/2016,13/04/2016,1,3,0,18,,8,0,0,0,0,,,1,Male,20,16 - 20,125,1,3,4,1,,1,1,1,1,20,4,3,0,0,0,0,0,3,1,4,2016.0,01SX20444,E09000005,0.0,4.0,2.0,2016.0,01SX20444,8.0,4.0,0.0,1.0,1.0,-1,2016.0,01SX20444,2016,4,1,5
143292,201601SX20456,526250.0,191940.0,-0.178052,51.612092,1,Slight,2,2,2016-09-05,Monday,19:38,Barnet,E09000003,3,598,6,30.0,3,4,6,0,,,1,1,2,0,0,1,1,E01000302,3,1,09/05/2016,09/05/2016,1,9,0,9,,8,0,0,0,0,,,6,Female,23,21 - 25,1339,1,10,6,1,,1,1,1,2,23,5,3,0,0,0,0,0,9,1,6,2016.0,01SX20456,E09000003,0.0,0.0,2.0,2016.0,01SX20456,8.0,5.0,0.0,3.0,1.0,-1,2016.0,01SX20456,2016,9,2,19
143305,201601SX20472,523770.0,188610.0,-0.215024,51.582715,1,Slight,2,1,2016-04-29,Friday,19:14,Barnet,E09000003,3,502,6,30.0,6,2,6,0,,,1,1,1,0,0,1,1,E01000311,3,1,29/04/2016,29/04/2016,1,9,0,9,,8,0,0,0,0,,,6,Female,30,26 - 35,1242,1,6,8,1,,2,1,1,1,28,6,3,0,0,0,0,0,3,1,2,2016.0,01SX20472,E09000003,0.0,5.0,2.0,2016.0,01SX20472,4.0,2.0,0.0,4.0,1.0,-1,2016.0,01SX20472,2016,4,1,19
143309,201601SX20479,527970.0,192120.0,-0.153159,51.613321,1,Slight,1,1,2016-05-22,Sunday,20:47,Barnet,E09000003,3,1003,6,30.0,3,4,6,0,,,4,2,2,0,0,1,1,E01000161,3,1,22/05/2016,22/05/2016,1,9,0,18,,1,0,10,7,2,,,6,Male,27,26 - 35,999,1,7,2,1,,1,1,1,1,27,6,3,0,0,0,0,0,9,1,2,2016.0,01SX20479,E09000003,0.0,0.0,2.0,2016.0,01SX20479,7.0,3.0,0.0,1.0,1.0,-1,2016.0,01SX20479,2016,5,1,20
143325,201601SX20504,524870.0,189420.0,-0.198868,51.589752,1,Slight,1,1,2016-05-29,Sunday,00:35,Barnet,E09000003,3,406,3,40.0,0,-1,-1,-1,,,4,1,1,0,0,1,1,E01000203,3,1,29/05/2016,29/05/2016,1,9,0,18,,0,0,10,1,4,,,6,Male,34,26 - 35,2568,1,16,2,1,,1,1,1,1,34,6,3,0,0,0,0,0,9,1,2,2016.0,01SX20504,E09000003,0.0,0.0,2.0,2016.0,01SX20504,7.0,3.0,0.0,1.0,1.0,-1,2016.0,01SX20504,2016,5,1,0
143332,201601SX20515,520460.0,191540.0,-0.261769,51.609764,1,Slight,2,1,2016-04-06,Wednesday,20:15,Barnet,E09000003,6,0,6,30.0,3,4,6,0,,,1,1,1,0,0,1,1,E01000132,3,1,04/06/2016,04/06/2016,1,9,0,3,,1,0,0,0,0,,,6,Female,25,21 - 25,1900,2,12,6,1,,2,1,1,1,20,4,3,0,0,0,0,0,3,1,5,2016.0,01SX20515,E09000003,0.0,0.0,2.0,2016.0,01SX20515,7.0,3.0,0.0,2.0,1.0,-1,2016.0,01SX20515,2016,4,1,20
143346,201601SX20534,526300.0,192510.0,-0.177125,51.617203,1,Slight,2,1,2016-03-06,Sunday,19:40,Barnet,E09000003,6,0,6,30.0,3,4,3,1000,,,1,1,1,0,0,1,1,E01000321,3,1,03/06/2016,03/06/2016,1,9,0,18,,1,0,0,0,0,,,6,Male,31,26 - 35,1339,8,8,3,1,,1,1,1,1,31,6,3,0,0,0,0,0,9,1,3,2016.0,01SX20534,E09000003,0.0,0.0,2.0,2016.0,01SX20534,7.0,3.0,0.0,4.0,1.0,-1,2016.0,01SX20534,2016,3,1,19
143348,201601SX20537,524270.0,191050.0,-0.206948,51.604533,1,Slight,2,1,2016-02-06,Saturday,19:40,Barnet,E09000003,4,1462,6,30.0,8,4,6,0,,,1,1,1,0,0,1,1,E01000204,3,1,02/06/2016,02/06/2016,1,9,0,7,,8,0,0,0,0,,,6,Male,34,26 - 35,1968,2,5,7,1,,2,1,1,1,49,8,3,0,0,0,0,0,9,1,9,2016.0,01SX20537,E09000003,0.0,0.0,2.0,2016.0,01SX20537,2.0,4.0,0.0,1.0,1.0,-1,2016.0,01SX20537,2016,2,1,19
143365,201601SX20561,523370.0,187840.0,-0.221065,51.575882,1,Slight,2,2,2016-06-15,Wednesday,20:29,Barnet,E09000003,6,0,6,30.0,3,2,6,0,,,4,1,1,0,0,1,1,E01000307,3,1,15/06/2016,15/06/2016,1,9,0,3,,1,0,0,0,0,,,6,Male,33,26 - 35,1896,2,10,7,1,,1,1,1,1,33,6,3,0,0,0,0,0,9,1,7,2016.0,01SX20561,E09000003,0.0,5.0,2.0,2016.0,01SX20561,6.0,2.0,0.0,2.0,1.0,-1,2016.0,01SX20561,2016,6,2,20
143372,201601SX20569,525600.0,189060.0,-0.188465,51.586354,1,Slight,2,1,2016-06-17,Friday,23:55,Barnet,E09000003,3,1,6,30.0,3,4,6,0,,,4,1,2,0,0,1,1,E01000205,3,1,17/06/2016,17/06/2016,1,9,0,9,,8,0,0,0,0,,,6,Male,24,21 - 25,1968,2,5,2,1,,2,1,1,2,40,7,3,0,0,0,0,0,9,1,7,2016.0,01SX20569,E09000003,0.0,0.0,2.0,2016.0,01SX20569,1.0,7.0,0.0,3.0,1.0,-1,2016.0,01SX20569,2016,6,1,23
143398,201601SX20601,526950.0,195710.0,-0.166582,51.645815,1,Slight,2,1,2016-06-19,Sunday,00:25,Barnet,E09000003,3,110,6,30.0,3,4,3,110,,,4,1,1,0,0,1,1,E01000170,3,1,19/06/2016,19/06/2016,1,9,0,9,,8,0,0,0,0,,,6,Male,26,26 - 35,1995,2,10,5,1,,2,1,1,1,23,5,3,0,0,0,0,0,3,1,5,2016.0,01SX20601,E09000003,0.0,0.0,2.0,2016.0,01SX20601,5.0,4.0,0.0,1.0,1.0,-1,2016.0,01SX20601,2016,6,1,0
143415,201601SX20625,527040.0,195420.0,-0.165387,51.643188,1,Slight,2,2,2016-06-06,Monday,19:10,Barnet,E09000003,3,110,6,30.0,2,4,4,193,,,1,1,1,0,0,1,1,E01000174,3,1,06/06/2016,06/06/2016,1,9,0,3,,2,0,0,0,0,,,6,Female,19,16 - 20,1242,1,7,-1,-1,,1,1,1,2,19,4,3,0,0,0,0,0,9,-1,-1,2016.0,01SX20625,E09000003,0.0,1.0,2.0,2016.0,01SX20625,7.0,3.0,0.0,2.0,1.0,-1,2016.0,01SX20625,2016,6,2,19
143419,201601SX20630,524030.0,187960.0,-0.211503,51.576816,1,Slight,2,1,2016-03-07,Monday,20:50,Barnet,E09000003,6,0,6,30.0,3,4,6,0,,,4,1,1,0,0,1,1,E01000219,3,1,03/07/2016,03/07/2016,1,3,0,13,,8,0,0,0,0,,,6,Male,21,21 - 25,125,1,4,2,1,,1,1,1,1,21,5,3,0,0,0,0,0,3,1,2,2016.0,01SX20630,E09000003,0.0,0.0,2.0,2016.0,01SX20630,2.0,6.0,0.0,4.0,1.0,-1,2016.0,01SX20630,2016,3,1,20