,accident_index,location_easting_osgr,location_northing_osgr,longitude,latitude,police_force,accident_severity,number_of_vehicles,number_of_casualties,date,day_of_week,time,local_authority_district,local_authority_highway,first_road_class,first_road_number,road_type,speed_limit,junction_detail,junction_control,second_road_class,second_road_number,pedestrian_crossing-human_control,pedestrian_crossing-physical_facilities,light_conditions,weather_conditions,road_surface_conditions,special_conditions_at_site,carriageway_hazards,urban_or_rural_area,did_police_officer_attend_scene_of_accident,lsoa_of_accident_location,accident_severity_num,accident_severity_inv,date2,date_original,vehicle_reference_x,vehicle_type,towing_and_articulation,vehicle_manoeuvre,vehicle_location-restricted_lane,junction_location,skidding_and_overturning,hit_object_in_carriageway,vehicle_leaving_carriageway,hit_object_off_carriageway,1st_point_of_impact,was_vehicle_left_hand_drive?,journey_purpose_of_driver,sex_of_driver,age_of_driver,age_band_of_driver,engine_capacity_cc,propulsion_code,age_of_vehicle,driver_imd_decile,driver_home_area_type,vehicle_imd_decile,vehicle_reference_y,casualty_reference,casualty_class,sex_of_casualty,age_of_casualty,age_band_of_casualty,casualty_severity,pedestrian_location,pedestrian_movement,car_passenger,bus_or_coach_passenger,pedestrian_road_maintenance_worker,casualty_type,casualty_home_area_type,casualty_imd_decile,accident_year_x,accident_reference_x,local_authority_ons_district,pedestrian_crossing_human_control,pedestrian_crossing_physical_facilities,trunk_road_flag,accident_year_y,accident_reference_y,vehicle_direction_from,vehicle_direction_to,vehicle_location_restricted_lane,first_point_of_impact,vehicle_left_hand_drive,generic_make_model,accident_year,accident_reference,year,month,severity,hours
143422,201601SX20633,520680.0,191610.0,-0.258569,51.610346,1,Slight,3,2,2016-05-07,Saturday,19:01,Barnet,E09000003,6,0,6,30.0,6,4,6,0,,,1,9,1,0,6,1,1,E01000235,3,1,05/07/2016,05/07/2016,1,3,0,18,,2,0,0,0,0,,,6,Male,24,21 - 25,124,1,12,4,1,,1,1,1,1,24,5,3,0,0,0,0,0,3,1,4,2016.0,01SX20633,E09000003,0.0,1.0,2.0,2016.0,01SX20633,7.0,3.0,0.0,2.0,1.0,-1,2016.0,01SX20633,2016,5,2,19
143447,201601SX20665,521950.0,191340.0,-0.240331,51.607646,1,Slight,1,2,2016-06-25,Saturday,23:17,Barnet,E09000003,5,0,6,30.0,0,-1,-1,-1,,,4,2,2,0,0,1,1,E01000256,3,1,25/06/2016,25/06/2016,1,9,0,18,,0,0,10,1,10,,,6,Female,21,21 - 25,1598,1,13,6,1,,1,1,1,2,21,5,3,0,0,0,0,0,9,1,6,2016.0,01SX20665,E09000003,0.0,0.0,2.0,2016.0,01SX20665,7.0,3.0,0.0,1.0,1.0,-1,2016.0,01SX20665,2016,6,2,23
143449,201601SX20668,519160.0,191710.0,-0.280476,51.611569,1,Slight,3,3,2016-06-30,Thursday,18:36,Barnet,E09000003,3,5,6,30.0,3,4,6,0,,,1,1,1,0,0,1,1,E01002118,3,1,30/06/2016,30/06/2016,1,9,0,18,,2,0,0,0,0,,,6,Male,31,26 - 35,1242,1,1,3,1,,2,1,1,2,62,9,3,0,0,0,0,0,9,1,9,2016.0,01SX20668,E09000003,0.0,0.0,2.0,2016.0,01SX20668,1.0,5.0,0.0,1.0,1.0,-1,2016.0,01SX20668,2016,6,3,18
143450,201601SX20669,522780.0,189520.0,-0.228987,51.591109,1,Slight,2,1,2016-01-07,Thursday,19:15,Barnet,E09000003,5,0,6,30.0,9,4,6,0,,,1,1,1,0,0,1,1,E01000244,3,1,01/07/2016,01/07/2016,1,9,0,17,,8,0,0,0,0,,,6,Male,26,26 - 35,1753,2,16,6,1,,2,1,1,1,49,8,3,0,0,0,0,0,9,1,8,2016.0,01SX20669,E09000003,0.0,0.0,2.0,2016.0,01SX20669,3.0,8.0,0.0,3.0,1.0,-1,2016.0,01SX20669,2016,1,1,19
143458,201601SX20677,526800.0,189460.0,-0.171009,51.589681,1,Serious,1,1,2016-10-06,Thursday,18:43,Barnet,E09000003,3,504,6,30.0,0,-1,-1,-1,,,1,1,1,0,0,1,1,E01000180,2,2,10/06/2016,10/06/2016,1,3,0,18,,0,0,0,0,0,,,6,Male,31,26 - 35,125,1,5,4,1,,1,1,1,1,31,6,2,0,0,0,0,0,3,1,4,2016.0,01SX20677,E09000003,0.0,8.0,2.0,2016.0,01SX20677,8.0,4.0,0.0,4.0,1.0,-1,2016.0,01SX20677,2016,10,2,18
143459,201601SX20678,524230.0,187190.0,-0.20889,51.569852,1,Slight,2,1,2016-07-16,Saturday,22:45,Barnet,E09000003,3,41,3,40.0,3,4,6,0,,,4,1,1,0,0,1,1,E01000222,3,1,16/07/2016,16/07/2016,1,8,0,7,,8,0,0,0,0,,,1,Male,35,26 - 35,1798,8,1,6,1,,2,1,1,1,30,6,3,0,0,0,0,0,3,1,6,2016.0,01SX20678,E09000003,0.0,0.0,2.0,2016.0,01SX20678,5.0,6.0,0.0,4.0,1.0,-1,2016.0,01SX20678,2016,7,1,22
143463,201601SX20683,526100.0,191750.0,-0.180285,51.610418,1,Slight,2,1,2016-07-19,Tuesday,19:41,Barnet,E09000003,3,598,6,30.0,3,4,5,0,,,1,1,1,0,0,1,1,E01000302,3,1,19/07/2016,19/07/2016,1,9,0,9,,8,0,0,0,0,,,6,Male,21,21 - 25,1799,1,17,6,1,,2,1,1,1,21,5,3,0,0,0,0,0,3,1,3,2016.0,01SX20683,E09000003,0.0,0.0,2.0,2016.0,01SX20683,8.0,5.0,0.0,3.0,1.0,-1,2016.0,01SX20683,2016,7,1,19
143464,201601SX20684,523800.0,189440.0,-0.214299,51.590167,1,Slight,2,1,2016-07-19,Tuesday,18:10,Barnet,E09000003,3,504,6,30.0,3,4,6,0,,,1,1,1,0,0,1,1,E01000243,3,1,19/07/2016,19/07/2016,1,9,0,3,,1,0,0,0,0,,,6,Female,24,21 - 25,1596,1,15,7,1,,2,1,1,2,26,6,3,0,0,0,0,0,9,1,5,2016.0,01SX20684,E09000003,0.0,0.0,2.0,2016.0,01SX20684,6.0,2.0,0.0,2.0,1.0,-1,2016.0,01SX20684,2016,7,1,18
143466,201601SX20686,521900.0,191530.0,-0.240986,51.609365,1,Slight,2,2,2016-07-20,Wednesday,21:55,Barnet,E09000003,3,1,3,40.0,3,4,6,0,,,4,1,1,0,0,1,1,E01000256,3,1,20/07/2016,20/07/2016,1,9,0,18,,8,0,0,0,0,,,6,Male,29,26 - 35,1560,2,10,7,1,,1,1,2,2,24,5,3,0,0,1,0,0,9,-1,-1,2016.0,01SX20686,E09000003,0.0,0.0,2.0,2016.0,01SX20686,1.0,5.0,0.0,2.0,1.0,-1,2016.0,01SX20686,2016,7,2,21
143477,201601SX20698,522660.0,187270.0,-0.231504,51.570914,1,Slight,2,1,2016-10-07,Friday,20:28,Barnet,E09000003,3,5,1,30.0,1,2,3,406,,,1,1,1,0,0,1,2,E01000223,3,1,10/07/2016,10/07/2016,1,9,0,18,,8,1,0,0,0,,,6,Male,35,26 - 35,4806,1,6,5,1,,1,1,1,1,35,6,3,0,0,0,0,0,9,1,5,2016.0,01SX20698,E09000003,0.0,0.0,2.0,2016.0,01SX20698,2.0,6.0,0.0,3.0,1.0,-1,2016.0,01SX20698,2016,10,1,20
143486,201601SX20709,523990.0,188420.0,-0.211917,51.580959,1,Slight,5,7,2016-06-17,Friday,05:00,Barnet,E09000003,3,406,3,40.0,6,2,3,502,,,1,1,1,0,0,1,1,E01000215,3,1,17/06/2016,17/06/2016,1,9,0,18,,1,0,0,0,0,,,6,Male,26,26 - 35,2401,2,10,2,1,,2,1,1,1,36,7,3,0,0,0,0,0,9,1,6,2016.0,01SX20709,E09000003,0.0,5.0,2.0,2016.0,01SX20709,1.0,5.0,0.0,1.0,1.0,-1,2016.0,01SX20709,2016,6,7,5
143490,201601SX20714,522360.0,189150.0,-0.235176,51.587875,1,Slight,2,3,2016-06-25,Saturday,21:30,Barnet,E09000003,3,5150,7,40.0,5,4,3,41,,,4,1,1,0,0,1,1,E01000239,3,1,25/06/2016,25/06/2016,1,9,0,7,,1,0,0,0,0,,,6,Male,32,26 - 35,1586,1,8,8,1,,1,1,1,1,32,6,3,0,0,0,0,0,9,1,8,2016.0,01SX20714,E09000003,0.0,0.0,2.0,2016.0,01SX20714,1.0,4.0,0.0,1.0,1.0,-1,2016.0,01SX20714,2016,6,3,21
143502,201601SX20727,521300.0,190210.0,-0.250103,51.597631,1,Slight,1,1,2016-07-28,Thursday,18:20,Barnet,E09000003,6,0,6,30.0,0,-1,-1,-1,,,1,1,1,0,0,1,1,E01000131,3,1,28/07/2016,28/07/2016,1,9,0,16,,0,0,10,1,4,,,6,Male,22,21 - 25,1582,2,5,2,1,,1,1,2,1,23,5,3,0,0,1,0,0,9,1,2,2016.0,01SX20727,E09000003,0.0,0.0,2.0,2016.0,01SX20727,4.0,7.0,0.0,4.0,1.0,-1,2016.0,01SX20727,2016,7,1,18
143509,201601SX20737,523970.0,189560.0,-0.211804,51.591209,1,Slight,2,3,2016-07-21,Thursday,20:21,Barnet,E09000003,3,1,3,40.0,6,2,3,504,,,4,1,1,0,0,1,1,E01000242,3,1,21/07/2016,21/07/2016,1,9,0,3,,1,0,0,0,0,,,6,Male,20,16 - 20,1796,1,7,1,1,,1,1,1,1,20,4,3,0,0,0,0,0,9,1,1,2016.0,01SX20737,E09000003,0.0,5.0,2.0,2016.0,01SX20737,1.0,5.0,0.0,2.0,1.0,-1,2016.0,01SX20737,2016,7,3,20
143535,201601SX20770,519240.0,191620.0,-0.279352,51.610743,1,Slight,2,1,2016-06-29,Wednesday,23:00,Barnet,E09000003,3,5,3,30.0,6,2,3,5100,,,4,2,2,0,0,1,1,E01000194,3,1,29/06/2016,29/06/2016,1,9,0,9,,8,0,0,0,0,,,6,Male,26,26 - 35,1968,2,2,-1,-1,,1,1,2,2,24,5,3,0,0,1,0,0,9,-1,-1,2016.0,01SX20770,E09000003,0.0,5.0,2.0,2016.0,01SX20770,5.0,2.0,0.0,4.0,1.0,-1,2016.0,01SX20770,2016,6,1,23
143548,201601SX20784,524630.0,187490.0,-0.203015,51.57246,1,Slight,2,3,2016-08-17,Wednesday,23:31,Barnet,E09000003,6,0,6,30.0,6,4,6,0,,,4,1,1,0,0,1,1,E01000145,3,1,17/08/2016,17/08/2016,1,9,0,18,,8,0,0,0,0,,,6,Male,33,26 - 35,2993,2,3,7,1,,1,1,2,1,42,7,3,0,0,1,0,0,9,1,8,2016.0,01SX20784,E09000003,0.0,0.0,2.0,2016.0,01SX20784,8.0,4.0,0.0,4.0,1.0,-1,2016.0,01SX20784,2016,8,3,23
143566,201601SX20814,524630.0,195680.0,-0.200106,51.646064,1,Slight,2,1,2016-08-17,Wednesday,18:30,Barnet,E09000003,5,0,6,30.0,3,4,6,0,,,1,1,1,0,0,1,2,E01000292,3,1,17/08/2016,17/08/2016,1,5,0,14,,1,0,0,0,0,,,6,Male,33,26 - 35,803,1,6,2,1,,1,1,1,1,33,6,3,0,0,0,0,0,5,1,2,2016.0,01SX20814,E09000003,0.0,0.0,2.0,2016.0,01SX20814,3.0,7.0,0.0,1.0,1.0,-1,2016.0,01SX20814,2016,8,1,18
143590,201601TD00007,538190.0,179730.0,-0.010511,51.499569,1,Fatal,2,3,2016-01-22,Friday,05:20,Tower Hamlets,E09000030,5,0,6,30.0,3,4,6,0,,,7,1,2,0,0,1,1,E01004221,1,3,22/01/2016,22/01/2016,1,9,0,16,,2,0,10,8,7,,,6,Male,23,21 - 25,2979,1,15,1,1,,1,1,1,1,23,5,1,0,0,0,0,0,9,1,1,2016.0,01TD00007,E09000030,0.0,4.0,2.0,2016.0,01TD00007,7.0,2.0,0.0,3.0,1.0,-1,2016.0,01TD00007,2016,1,9,5
143592,201601TD00010,546260.0,183630.0,0.107289,51.532584,1,Fatal,2,5,2016-03-02,Wednesday,02:23,Barking and Dagenham,E09000002,3,13,6,40.0,0,-1,-1,-1,,,7,1,1,0,0,1,1,E01000045,1,3,03/02/2016,03/02/2016,1,9,0,18,,0,1,7,0,0,,,6,Male,27,26 - 35,1910,2,8,-1,-1,,1,1,1,1,27,6,1,0,0,0,0,0,9,-1,-1,2016.0,01TD00010,E09000002,0.0,0.0,2.0,2016.0,01TD00010,2.0,6.0,0.0,4.0,1.0,-1,2016.0,01TD00010,2016,3,15,2
143596,201601TD00014,532580.0,160640.0,-0.098418,51.329354,1,Fatal,1,1,2016-07-02,Saturday,01:27,Croydon,E09000008,6,0,6,30.0,0,-1,-1,-1,,,7,4,1,0,0,1,1,E01001104,1,3,07/02/2016,07/02/2016,1,9,0,18,,0,0,0,0,0,,,6,Male,25,21 - 25,1995,1,10,9,1,,1,1,3,1,21,5,1,5,3,0,0,2,0,1,9,2016.0,01TD00014,E09000008,0.0,0.0,2.0,2016.0,01TD00014,8.0,4.0,0.0,1.0,1.0,-1,2016.0,01TD00014,2016,7,3,1
143600,201601TD00019,541050.0,190000.0,0.03478,51.591149,1,Fatal,3,4,2016-02-13,Saturday,01:11,Redbridge,E09000026,3,113,6,30.0,3,4,6,0,,,4,1,1,0,0,1,1,E01003765,1,3,13/02/2016,13/02/2016,1,9,0,18,,2,0,0,0,0,,,6,Male,26,26 - 35,2993,2,8,4,1,,1,1,1,1,26,6,3,0,0,0,0,0,9,1,4,2016.0,01TD00019,E09000026,0.0,8.0,2.0,2016.0,01TD00019,2.0,6.0,0.0,1.0,1.0,-1,2016.0,01TD00019,2016,2,12,1
143601,201601TD00021,514460.0,189890.0,-0.348917,51.596185,1,Fatal,1,3,2016-02-15,Monday,20:40,Harrow,E09000015,5,0,3,30.0,1,4,6,0,,,4,1,4,0,0,1,1,E01002154,1,3,15/02/2016,15/02/2016,1,9,0,18,,1,1,9,3,1,,,6,Male,33,26 - 35,1796,1,13,3,1,,1,1,1,1,33,6,2,0,0,0,0,0,9,1,3,2016.0,01TD00021,E09000015,0.0,4.0,2.0,2016.0,01TD00021,8.0,4.0,0.0,1.0,1.0,-1,2016.0,01TD00021,2016,2,9,20
143602,201601TD00022,507520.0,178920.0,-0.452421,51.49895,1,Fatal,1,1,2016-02-19,Friday,22:40,Hillingdon,E09000017,3,408,3,50.0,0,-1,-1,-1,,,7,2,2,0,7,1,1,E01002528,1,3,19/02/2016,19/02/2016,1,9,0,18,,0,0,0,0,0,,,6,Male,28,26 - 35,1360,1,12,4,1,,1,1,3,1,35,6,1,5,1,0,0,2,0,-1,-1,2016.0,01TD00022,E09000017,0.0,0.0,2.0,2016.0,01TD00022,1.0,5.0,0.0,1.0,1.0,-1,2016.0,01TD00022,2016,2,3,22
143608,201601TD00029,528960.0,184390.0,-0.141705,51.543628,1,Fatal,2,1,2016-05-03,Tuesday,20:17,Camden,E09000007,3,400,6,30.0,3,4,6,0,,,7,9,1,0,0,1,1,E01000866,1,3,05/03/2016,05/03/2016,1,3,0,18,,1,0,0,0,0,,,6,Male,30,26 - 35,125,1,8,-1,-1,,1,1,1,1,30,6,1,0,0,0,0,0,3,-1,-1,2016.0,01TD00029,E09000007,0.0,8.0,2.0,2016.0,01TD00029,1.0,5.0,0.0,1.0,1.0,-1,2016.0,01TD00029,2016,5,3,20
143614,201601TD00035,527250.0,180870.0,-0.167621,51.512381,1,Fatal,2,2,2016-03-20,Sunday,00:13,Westminster,E09000033,3,402,6,30.0,3,4,5,0,,,7,1,1,0,0,1,1,E01004689,1,3,20/03/2016,20/03/2016,1,5,0,18,,1,0,0,0,0,,,6,Male,25,21 - 25,-1,-1,-1,2,1,,1,1,1,1,25,5,1,0,0,0,0,0,5,1,2,2016.0,01TD00035,E09000033,0.0,1.0,2.0,2016.0,01TD00035,7.0,3.0,0.0,1.0,1.0,-1,2016.0,01TD00035,2016,3,6,0
143625,201601TD00047,541380.0,189650.0,0.039399,51.587921,1,Fatal,1,2,2016-04-28,Thursday,04:25,Redbridge,E09000026,3,406,3,50.0,0,-1,-1,-1,,,4,1,2,0,0,1,1,E01003764,1,3,28/04/2016,28/04/2016,1,9,0,18,,0,5,10,2,7,,,6,Male,24,21 - 25,1590,1,14,2,1,,1,1,1,1,24,5,2,0,0,0,0,0,9,1,2,2016.0,01TD00047,E09000026,0.0,0.0,2.0,2016.0,01TD00047,8.0,4.0,0.0,1.0,1.0,-1,2016.0,01TD00047,2016,4,6,4
143630,201601TD00053,530180.0,185520.0,-0.123704,51.553503,1,Fatal,1,2,2016-07-05,Tuesday,02:37,Islington,E09000019,3,503,2,30.0,3,2,3,503,,,7,9,1,0,0,1,1,E01002787,1,3,07/05/2016,07/05/2016,1,3,0,18,,2,0,0,0,0,,,6,Male,23,21 - 25,124,1,16,1,1,,1,1,3,2,75,10,1,4,1,0,0,2,0,1,2,2016.0,01TD00053,E09000019,0.0,5.0,2.0,2016.0,01TD00053,6.0,2.0,0.0,4.0,1.0,-1,2016.0,01TD00053,2016,7,6,2
143631,201601TD00054,519760.0,178080.0,-0.276451,51.488942,1,Fatal,1,1,2016-08-05,Friday,21:38,Hounslow,E09000018,3,4,3,40.0,0,-1,-1,-1,,,4,1,1,0,0,1,1,E01002582,1,3,08/05/2016,08/05/2016,1,4,0,18,,0,0,10,1,2,,,6,Male,28,26 - 35,124,1,18,7,1,,1,1,1,1,28,6,1,0,0,0,0,0,4,1,7,2016.0,01TD00054,E09000018,0.0,0.0,2.0,2016.0,01TD00054,4.0,8.0,0.0,4.0,1.0,-1,2016.0,01TD00054,2016,8,3,21
143644,201601TD00069,547900.0,172470.0,0.126245,51.431879,1,Fatal,3,1,2016-12-06,Tuesday,05:09,Bexley,E09000004,6,0,6,30.0,0,-1,-1,-1,,,1,1,1,0,0,1,1,E01000381,1,3,12/06/2016,12/06/2016,1,4,0,17,,0,1,4,0,0,,,6,Male,20,16 - 20,-1,-1,-1,7,1,,1,1,1,1,20,4,1,0,0,0,0,0,4,1,7,2016.0,01TD00069,E09000004,0.0,8.0,2.0,2016.0,01TD00069,6.0,3.0,0.0,1.0,1.0,-1,2016.0,01TD00069,2016,12,3,5
143651,201601TD00082,525730.0,176130.0,-0.191201,51.470122,1,Fatal,1,2,2016-09-08,Thursday,03:10,Hammersmith and Fulham,E09000013,3,217,6,30.0,3,4,6,0,,,4,1,1,0,0,1,1,E01001937,1,3,09/08/2016,09/08/2016,1,9,0,18,,1,0,7,7,2,,,6,Male,25,21 - 25,1997,1,16,2,1,,1,1,2,2,25,5,1,0,0,1,0,0,9,1,2,2016.0,01TD00082,E09000013,0.0,0.0,2.0,2016.0,01TD00082,5.0,1.0,0.0,1.0,1.0,-1,2016.0,01TD00082,2016,9,6,3
143662,201601TW60004,518080.0,174840.0,-0.301719,51.460175,1,Slight,1,1,2016-01-15,Friday,22:50,Richmond upon Thames,E09000027,3,305,6,30.0,0,-1,-1,-1,,,4,1,4,0,0,1,1,E01003876,3,1,15/01/2016,15/01/2016,1,9,0,18,,0,1,0,2,4,,,6,Male,29,26 - 35,1796,1,14,9,1,,1,1,1,1,29,6,3,0,0,0,0,0,9,1,9,2016.0,01TW60004,E09000027,0.0,0.0,2.0,2016.0,01TW60004,6.0,2.0,0.0,1.0,1.0,-1,2016.0,01TW60004,2016,1,1,22
143665,201601TW60008,512630.0,170020.0,-0.381666,51.417962,1,Slight,2,1,2016-01-15,Friday,20:15,Richmond upon Thames,E09000027,6,0,6,30.0,3,4,6,0,,,4,1,1,0,0,1,1,E01003825,3,1,15/01/2016,15/01/2016,1,9,0,18,,8,0,0,0,0,,,2,Male,23,21 - 25,1968,2,1,10,1,,2,1,1,1,36,7,3,0,0,0,0,0,9,1,4,2016.0,01TW60008,E09000027,0.0,0.0,2.0,2016.0,01TW60008,5.0,1.0,0.0,3.0,1.0,-1,2016.0,01TW60008,2016,1,1,20
143669,201601TW60012,521520.0,175930.0,-0.251853,51.469244,1,Slight,2,1,2016-01-17,Sunday,18:45,Richmond upon Thames,E09000027,6,0,6,30.0,6,4,6,0,,,4,1,2,0,0,1,1,E01003857,3,1,17/01/2016,17/01/2016,1,3,0,4,,8,0,0,0,0,,,1,Male,29,26 - 35,109,1,2,4,1,,1,1,1,1,29,6,3,0,0,0,0,0,3,1,4,2016.0,01TW60012,E09000027,0.0,0.0,2.0,2016.0,01TW60012,6.0,2.0,0.0,0.0,1.0,-1,2016.0,01TW60012,2016,1,1,18
143677,201601TW60020,520990.0,175970.0,-0.259466,51.469717,1,Slight,2,1,2016-01-02,Saturday,21:47,Richmond upon Thames,E09000027,3,3003,6,30.0,0,-1,-1,-1,,,4,1,1,0,0,1,1,E01003856,3,1,01/02/2016,01/02/2016,1,9,0,12,,0,0,0,0,0,,,6,Male,26,26 - 35,1995,2,10,7,1,,2,1,1,1,18,4,3,0,0,0,0,0,3,1,3,2016.0,01TW60020,E09000027,0.0,0.0,2.0,2016.0,01TW60020,3.0,7.0,0.0,3.0,1.0,-1,2016.0,01TW60020,2016,1,1,21
143691,201601TW60035,516860.0,170650.0,-0.320655,51.422768,1,Slight,2,1,2016-11-01,Tuesday,05:22,Richmond upon Thames,E09000027,3,310,6,30.0,3,4,6,0,,,4,2,2,0,0,1,1,E01003838,3,1,11/01/2016,11/01/2016,1,3,0,14,,8,0,0,0,0,,,2,Male,33,26 - 35,125,1,1,4,1,,1,1,1,1,33,6,3,0,0,0,0,0,3,1,4,2016.0,01TW60035,E09000027,0.0,0.0,2.0,2016.0,01TW60035,4.0,8.0,0.0,1.0,1.0,-1,2016.0,01TW60035,2016,11,1,5
143696,201601TW60041,518100.0,175270.0,-0.301288,51.464035,1,Slight,2,1,2016-02-02,Tuesday,23:35,Richmond upon Thames,E09000027,3,307,6,30.0,6,2,5,0,,,4,1,1,0,0,1,1,E01003873,3,1,02/02/2016,02/02/2016,1,9,0,4,,8,0,0,0,0,,,6,Male,22,21 - 25,1968,2,1,10,1,,1,1,1,1,22,5,3,0,0,0,0,0,9,1,10,2016.0,01TW60041,E09000027,0.0,5.0,2.0,2016.0,01TW60041,6.0,2.0,0.0,2.0,1.0,-1,2016.0,01TW60041,2016,2,1,23
143702,201601TW60048,515090.0,168940.0,-0.346655,51.407761,1,Slight,2,1,2016-11-02,Wednesday,18:25,Richmond upon Thames,E09000027,3,308,6,30.0,0,-1,-1,-1,,,4,1,1,0,0,1,1,E01003823,3,1,11/02/2016,11/02/2016,1,5,0,18,,0,0,0,0,0,,,2,Male,32,26 - 35,599,1,9,9,1,,1,1,1,1,32,6,3,0,0,0,0,0,5,1,9,2016.0,01TW60048,E09000027,0.0,0.0,2.0,2016.0,01TW60048,4.0,8.0,0.0,1.0,1.0,-1,2016.0,01TW60048,2016,11,1,18
143724,201601TW60076,522390.0,176670.0,-0.239077,51.475707,1,Slight,2,2,2016-03-20,Sunday,18:00,Richmond upon Thames,E09000027,3,306,6,30.0,3,4,5,0,,,1,1,1,0,0,1,1,E01003799,3,1,20/03/2016,20/03/2016,1,5,0,18,,8,0,0,0,0,,,6,Male,29,26 - 35,-1,-1,-1,8,3,,1,1,1,1,29,6,3,0,0,0,0,0,5,3,8,2016.0,01TW60076,E09000027,0.0,0.0,2.0,2016.0,01TW60076,1.0,5.0,0.0,1.0,1.0,-1,2016.0,01TW60076,2016,3,2,18
143729,201601TW60081,517820.0,174600.0,-0.30554,51.458072,1,Slight,2,1,2016-03-23,Wednesday,18:10,Richmond upon Thames,E09000027,3,305,1,30.0,2,4,3,307,,,1,1,1,0,0,1,1,E01003876,3,1,23/03/2016,23/03/2016,1,5,0,9,,8,0,0,0,0,,,2,Female,34,26 - 35,745,1,2,9,1,,1,1,1,2,34,6,3,0,0,0,0,0,5,1,9,2016.0,01TW60081,E09000027,0.0,1.0,2.0,2016.0,01TW60081,8.0,6.0,0.0,4.0,1.0,-1,2016.0,01TW60081,2016,3,1,18
143733,201601TW60085,517530.0,169390.0,-0.31144,51.411305,1,Slight,2,1,2016-12-03,Saturday,18:10,Richmond upon Thames,E09000027,3,308,6,30.0,1,4,3,308,,,4,1,1,0,0,1,1,E01003834,3,1,12/03/2016,12/03/2016,1,9,0,3,,8,0,0,0,0,,,6,Female,28,26 - 35,1598,1,6,4,1,,1,1,1,2,28,6,3,0,0,0,0,0,9,1,4,2016.0,01TW60085,E09000027,0.0,1.0,2.0,2016.0,01TW60085,6.0,2.0,0.0,2.0,1.0,-1,2016.0,01TW60085,2016,12,1,18
143736,201601TW60089,516870.0,170660.0,-0.320507,51.422856,1,Slight,1,1,2016-03-26,Saturday,01:42,Richmond upon Thames,E09000027,3,310,6,30.0,3,4,6,0,,,4,1,2,0,0,1,1,E01003836,3,1,26/03/2016,26/03/2016,1,9,0,1,,8,0,10,7,10,,,6,Male,21,21 - 25,-1,-1,-1,-1,-1,,1,1,3,1,31,6,3,9,5,0,0,2,0,1,7,2016.0,01TW60089,E09000027,0.0,0.0,2.0,2016.0,01TW60089,1.0,5.0,0.0,2.0,1.0,-1,2016.0,01TW60089,2016,3,1,1
143737,201601TW60090,516220.0,168850.0,-0.330445,51.406722,1,Serious,1,1,2016-03-17,Thursday,04:02,Richmond upon Thames,E09000027,3,308,6,40.0,0,-1,-1,-1,,,4,1,1,0,0,1,1,E01003823,2,2,17/03/2016,17/03/2016,1,3,0,18,,0,0,0,0,0,,,6,Male,20,16 - 20,124,1,1,9,1,,1,1,1,1,20,4,2,0,0,0,0,0,3,1,9,2016.0,01TW60090,E09000027,0.0,0.0,2.0,2016.0,01TW60090,7.0,3.0,0.0,0.0,1.0,-1,2016.0,01TW60090,2016,3,2,4
143756,201601TW60115,512960.0,170650.0,-0.376722,51.423558,1,Slight,3,1,2016-01-01,Friday,00:24,Richmond upon Thames,E09000027,5,0,6,30.0,0,-1,-1,-1,,,4,4,2,0,0,1,1,E01003828,3,1,01/01/2016,01/01/2016,1,9,0,2,,0,0,0,0,0,,,6,Female,31,26 - 35,1598,1,15,4,1,,3,1,1,1,35,6,3,0,0,0,0,0,9,-1,-1,2016.0,01TW60115,E09000027,0.0,0.0,2.0,2016.0,01TW60115,0.0,0.0,0.0,2.0,1.0,-1,2016.0,01TW60115,2016,1,1,0
143767,201601TW60130,521430.0,176260.0,-0.253035,51.472229,1,Slight,2,1,2016-02-05,Friday,21:06,Richmond upon Thames,E09000027,3,3003,6,30.0,0,-1,-1,-1,,,4,1,1,0,0,1,1,E01003854,3,1,02/05/2016,02/05/2016,1,4,0,14,,0,0,0,0,0,,,6,Male,24,21 - 25,-1,-1,-1,9,1,,1,1,1,1,24,5,3,0,0,0,0,0,4,1,9,2016.0,01TW60130,E09000027,0.0,0.0,2.0,2016.0,01TW60130,2.0,6.0,0.0,1.0,1.0,-1,2016.0,01TW60130,2016,2,1,21
143768,201601TW60132,514110.0,172450.0,-0.35961,51.439507,1,Slight,2,1,2016-02-05,Friday,04:00,Richmond upon Thames,E09000027,3,305,6,30.0,0,-1,-1,-1,,,4,1,1,0,0,1,1,E01003900,3,1,02/05/2016,02/05/2016,1,9,0,18,,0,5,7,0,0,,,6,Male,22,21 - 25,1368,1,7,9,1,,1,1,1,1,22,5,3,0,0,0,0,0,9,1,9,2016.0,01TW60132,E09000027,0.0,8.0,2.0,2016.0,01TW60132,6.0,2.0,0.0,1.0,1.0,-1,2016.0,01TW60132,2016,2,1,4
143769,201601TW60133,513250.0,173930.0,-0.371505,51.452982,1,Slight,3,1,2016-04-26,Tuesday,22:50,Richmond upon Thames,E09000027,6,0,6,30.0,0,-1,-1,-1,,,4,1,1,0,0,1,1,E01003907,3,1,26/04/2016,26/04/2016,1,9,0,3,,0,0,0,0,0,,,1,Male,34,26 - 35,1560,2,2,4,1,,2,1,1,1,22,5,3,0,0,0,0,0,19,1,8,2016.0,01TW60133,E09000027,0.0,0.0,2.0,2016.0,01TW60133,3.0,7.0,0.0,3.0,1.0,-1,2016.0,01TW60133,2016,4,1,22