,accident_index,location_easting_osgr,location_northing_osgr,longitude,latitude,police_force,accident_severity,number_of_vehicles,number_of_casualties,date,day_of_week,time,local_authority_district,local_authority_highway,first_road_class,first_road_number,road_type,speed_limit,junction_detail,junction_control,second_road_class,second_road_number,pedestrian_crossing-human_control,pedestrian_crossing-physical_facilities,light_conditions,weather_conditions,road_surface_conditions,special_conditions_at_site,carriageway_hazards,urban_or_rural_area,did_police_officer_attend_scene_of_accident,lsoa_of_accident_location,accident_severity_num,accident_severity_inv,date2,date_original,vehicle_reference_x,vehicle_type,towing_and_articulation,vehicle_manoeuvre,vehicle_location-restricted_lane,junction_location,skidding_and_overturning,hit_object_in_carriageway,vehicle_leaving_carriageway,hit_object_off_carriageway,1st_point_of_impact,was_vehicle_left_hand_drive?,journey_purpose_of_driver,sex_of_driver,age_of_driver,age_band_of_driver,engine_capacity_cc,propulsion_code,age_of_vehicle,driver_imd_decile,driver_home_area_type,vehicle_imd_decile,vehicle_reference_y,casualty_reference,casualty_class,sex_of_casualty,age_of_casualty,age_band_of_casualty,casualty_severity,pedestrian_location,pedestrian_movement,car_passenger,bus_or_coach_passenger,pedestrian_road_maintenance_worker,casualty_type,casualty_home_area_type,casualty_imd_decile,accident_year_x,accident_reference_x,local_authority_ons_district,pedestrian_crossing_human_control,pedestrian_crossing_physical_facilities,trunk_road_flag,accident_year_y,accident_reference_y,vehicle_direction_from,vehicle_direction_to,vehicle_location_restricted_lane,first_point_of_impact,vehicle_left_hand_drive,generic_make_model,accident_year,accident_reference,year,month,severity,hours
143776,201601TW60142,514320.0,172150.0,-0.356686,51.436768,1,Slight,2,2,2016-06-05,Sunday,21:00,Richmond upon Thames,E09000027,4,358,6,30.0,0,-1,-1,-1,,,4,1,1,0,0,1,1,E01003900,3,1,06/05/2016,06/05/2016,1,9,0,18,,0,0,10,7,0,,,6,Male,25,21 - 25,1197,1,0,6,1,,2,1,1,1,65,9,3,0,0,0,0,0,9,1,5,2016.0,01TW60142,E09000027,0.0,8.0,2.0,2016.0,01TW60142,8.0,4.0,0.0,1.0,1.0,-1,2016.0,01TW60142,2016,6,2,21
143794,201601TW60161,518110.0,174940.0,-0.301254,51.461067,1,Slight,2,1,2016-05-16,Monday,18:00,Richmond upon Thames,E09000027,3,305,6,30.0,0,-1,-1,-1,,,1,1,1,0,0,1,1,E01003876,3,1,16/05/2016,16/05/2016,1,9,0,7,,0,0,0,0,0,,,6,Male,22,21 - 25,1242,1,3,10,1,,2,1,1,1,31,6,3,0,0,0,0,0,1,1,8,2016.0,01TW60161,E09000027,0.0,0.0,2.0,2016.0,01TW60161,7.0,1.0,0.0,4.0,1.0,-1,2016.0,01TW60161,2016,5,1,18
143802,201601TW60171,516830.0,174540.0,-0.319803,51.457737,1,Slight,1,1,2016-05-23,Monday,03:41,Richmond upon Thames,E09000027,3,316,3,40.0,0,-1,-1,-1,,,4,1,1,0,0,1,1,E01003872,3,1,23/05/2016,23/05/2016,1,9,0,18,,0,0,0,1,2,,,6,Male,27,26 - 35,1390,1,16,4,1,,1,1,1,1,27,6,3,0,0,0,0,0,9,1,4,2016.0,01TW60171,E09000027,0.0,0.0,2.0,2016.0,01TW60171,2.0,6.0,0.0,1.0,1.0,-1,2016.0,01TW60171,2016,5,1,3
143803,201601TW60172,515000.0,171960.0,-0.346969,51.434923,1,Slight,2,1,2016-05-19,Thursday,19:05,Richmond upon Thames,E09000027,4,358,6,30.0,8,4,6,0,,,1,1,1,0,0,1,1,E01003812,3,1,19/05/2016,19/05/2016,1,9,0,9,,5,0,0,0,0,,,2,Male,30,26 - 35,1400,1,10,4,1,,2,1,1,1,45,7,3,0,0,0,0,0,1,1,9,2016.0,01TW60172,E09000027,0.0,0.0,2.0,2016.0,01TW60172,8.0,6.0,0.0,1.0,1.0,-1,2016.0,01TW60172,2016,5,1,19
143812,201601TW60182,516610.0,174860.0,-0.322863,51.460659,1,Slight,1,1,2016-05-30,Monday,23:30,Richmond upon Thames,E09000027,3,3004,3,30.0,3,2,6,0,,,4,1,2,0,0,1,1,E01003872,3,1,30/05/2016,30/05/2016,1,3,0,16,,1,1,0,0,0,,,1,Male,24,21 - 25,124,1,2,7,1,,1,1,1,1,24,5,3,0,0,0,0,0,3,1,7,2016.0,01TW60182,E09000027,0.0,5.0,2.0,2016.0,01TW60182,5.0,8.0,0.0,4.0,1.0,-1,2016.0,01TW60182,2016,5,1,23
143814,201601TW60184,518100.0,175270.0,-0.301288,51.464035,1,Slight,2,1,2016-05-18,Wednesday,18:15,Richmond upon Thames,E09000027,3,307,6,30.0,6,2,5,0,,,1,1,1,0,0,1,2,E01003873,3,1,18/05/2016,18/05/2016,1,3,0,18,,8,0,0,0,0,,,6,Male,35,26 - 35,125,1,5,2,1,,1,1,1,1,35,6,3,0,0,0,0,0,3,1,2,2016.0,01TW60184,E09000027,0.0,5.0,2.0,2016.0,01TW60184,2.0,6.0,0.0,3.0,1.0,-1,2016.0,01TW60184,2016,5,1,18
143822,201601TW60197,513710.0,174330.0,-0.364759,51.456485,1,Slight,2,1,2016-08-06,Saturday,05:36,Richmond upon Thames,E09000027,6,0,6,30.0,0,-1,-1,-1,,,1,2,2,0,0,1,1,E01003908,3,1,08/06/2016,08/06/2016,1,2,0,16,,0,0,0,0,0,,,2,Male,22,21 - 25,124,1,6,8,1,,1,1,1,1,22,5,3,0,0,0,0,0,2,1,8,2016.0,01TW60197,E09000027,0.0,0.0,2.0,2016.0,01TW60197,7.0,1.0,0.0,4.0,1.0,-1,2016.0,01TW60197,2016,8,1,5
143830,201601TW60205,515380.0,172940.0,-0.341186,51.443654,1,Slight,1,2,2016-06-14,Tuesday,19:26,Richmond upon Thames,E09000027,3,311,6,30.0,3,4,6,0,,,1,1,1,0,0,1,1,E01003885,3,1,14/06/2016,14/06/2016,1,3,0,18,,2,1,0,0,0,,,1,Male,20,16 - 20,125,1,7,3,1,,1,1,1,1,20,4,3,0,0,0,0,0,3,1,3,2016.0,01TW60205,E09000027,0.0,0.0,2.0,2016.0,01TW60205,6.0,2.0,0.0,1.0,1.0,-1,2016.0,01TW60205,2016,6,2,19
143844,201601TW60220,521200.0,172290.0,-0.257704,51.436597,1,Slight,2,1,2016-06-23,Thursday,19:30,Richmond upon Thames,E09000027,6,0,1,30.0,1,4,6,0,,,1,2,2,0,0,1,1,E01003817,3,1,23/06/2016,23/06/2016,1,9,0,17,,8,0,0,0,0,,,6,Male,22,21 - 25,1984,2,0,4,1,,2,1,1,1,42,7,3,0,0,0,0,0,1,1,3,2016.0,01TW60220,E09000027,0.0,0.0,2.0,2016.0,01TW60220,5.0,3.0,0.0,3.0,1.0,-1,2016.0,01TW60220,2016,6,1,19
143849,201601TW60228,519980.0,175320.0,-0.274221,51.464089,1,Slight,3,2,2016-06-29,Wednesday,20:35,Richmond upon Thames,E09000027,3,205,6,30.0,0,-1,-1,-1,,,4,1,1,0,0,1,1,E01003804,3,1,29/06/2016,29/06/2016,1,9,0,4,,0,0,0,1,0,,,6,Male,24,21 - 25,1248,2,9,2,1,,1,1,2,2,48,8,3,0,0,2,0,0,9,1,2,2016.0,01TW60228,E09000027,0.0,5.0,2.0,2016.0,01TW60228,3.0,7.0,0.0,2.0,1.0,-1,2016.0,01TW60228,2016,6,2,20
143862,201601TW60246,516040.0,172770.0,-0.331749,51.441991,1,Serious,1,2,2016-06-07,Tuesday,19:02,Richmond upon Thames,E09000027,3,310,6,30.0,0,-1,-1,-1,,,1,1,1,0,0,1,1,E01003896,2,2,06/07/2016,06/07/2016,1,9,0,18,,0,0,10,1,10,,,6,Male,21,21 - 25,1968,2,6,2,1,,1,1,1,1,21,5,3,0,0,0,0,0,9,1,2,2016.0,01TW60246,E09000027,0.0,4.0,2.0,2016.0,01TW60246,2.0,6.0,0.0,4.0,1.0,-1,2016.0,01TW60246,2016,6,4,19
143867,201601TW60254,519780.0,175860.0,-0.276916,51.468985,1,Slight,2,2,2016-07-15,Friday,00:40,Richmond upon Thames,E09000027,3,316,3,40.0,6,2,3,205,,,4,1,1,0,0,1,1,E01003865,3,1,15/07/2016,15/07/2016,1,9,0,18,,8,0,0,1,10,,,6,Male,18,16 - 20,1390,1,13,4,1,,1,1,1,1,18,4,3,0,0,0,0,0,9,1,4,2016.0,01TW60254,E09000027,0.0,5.0,2.0,2016.0,01TW60254,2.0,6.0,0.0,3.0,1.0,-1,2016.0,01TW60254,2016,7,2,0
143881,201601TW60269,517290.0,174100.0,-0.313331,51.453688,1,Serious,1,1,2016-07-24,Sunday,01:40,Richmond upon Thames,E09000027,3,305,6,30.0,3,4,6,0,,,4,1,1,0,0,1,1,E01003894,2,2,24/07/2016,24/07/2016,1,2,0,16,,2,0,0,7,2,,,6,Male,21,21 - 25,-1,-1,-1,8,1,,1,1,1,1,21,5,2,0,0,0,0,0,2,1,8,2016.0,01TW60269,E09000027,0.0,0.0,2.0,2016.0,01TW60269,2.0,5.0,0.0,1.0,1.0,-1,2016.0,01TW60269,2016,7,2,1
143904,201601TW60302,520960.0,175450.0,-0.260075,51.465049,1,Slight,1,1,2016-08-14,Sunday,19:32,Richmond upon Thames,E09000027,3,205,6,30.0,3,4,6,0,,,4,1,1,0,0,1,1,E01003809,3,1,14/08/2016,14/08/2016,1,5,0,14,,8,0,0,0,0,,,2,Male,30,26 - 35,599,1,9,7,1,,1,1,3,1,61,9,3,1,1,0,0,2,0,1,9,2016.0,01TW60302,E09000027,0.0,1.0,2.0,2016.0,01TW60302,7.0,3.0,0.0,1.0,1.0,-1,2016.0,01TW60302,2016,8,1,19
143908,201601TW60307,515360.0,168710.0,-0.342849,51.405639,1,Slight,2,1,2016-09-08,Thursday,18:10,Richmond upon Thames,E09000027,3,308,6,30.0,0,-1,-1,-1,,,1,1,1,0,0,1,1,E01003823,3,1,09/08/2016,09/08/2016,1,9,0,6,,0,0,0,0,0,,,6,Male,34,26 - 35,998,1,2,3,1,,2,1,1,1,42,7,3,0,0,0,0,0,3,1,10,2016.0,01TW60307,E09000027,0.0,0.0,2.0,2016.0,01TW60307,8.0,8.0,0.0,1.0,1.0,-1,2016.0,01TW60307,2016,9,1,18
143915,201601TW60315,514260.0,173240.0,-0.357198,51.446577,1,Slight,1,1,2016-08-31,Wednesday,22:35,Richmond upon Thames,E09000027,3,316,3,40.0,0,-1,-1,-1,,,4,1,1,0,0,1,1,E01003901,3,1,31/08/2016,31/08/2016,1,9,0,18,,0,0,10,1,0,,,6,Female,33,26 - 35,998,1,16,5,1,,1,1,1,2,33,6,3,0,0,0,0,0,9,1,5,2016.0,01TW60315,E09000027,0.0,0.0,2.0,2016.0,01TW60315,2.0,6.0,0.0,1.0,1.0,-1,2016.0,01TW60315,2016,8,1,22
143932,201601TX20019,513670.0,175430.0,-0.364981,51.46638,1,Slight,1,1,2016-02-01,Monday,00:31,Hounslow,E09000018,3,3005,6,30.0,0,-1,-1,-1,,,4,2,2,0,0,1,1,E01002648,3,1,02/01/2016,02/01/2016,1,9,0,18,,0,0,0,0,0,,,6,Male,35,26 - 35,2360,1,16,7,1,,1,1,3,2,9,2,3,9,5,0,0,2,0,-1,-1,2016.0,01TX20019,E09000018,0.0,0.0,2.0,2016.0,01TX20019,1.0,5.0,0.0,4.0,1.0,-1,2016.0,01TX20019,2016,2,1,0
143963,201601TX20059,514860.0,177150.0,-0.347298,51.481599,1,Slight,2,1,2016-01-16,Saturday,22:25,Hounslow,E09000018,3,4,3,40.0,6,2,3,4,,,4,2,2,0,0,1,1,E01002680,3,1,16/01/2016,16/01/2016,1,8,0,9,,8,0,0,0,0,,,2,Male,30,26 - 35,1998,2,9,2,1,,2,1,1,1,31,6,3,0,0,0,0,0,3,1,3,2016.0,01TX20059,E09000018,0.0,0.0,2.0,2016.0,01TX20059,6.0,4.0,0.0,1.0,1.0,-1,2016.0,01TX20059,2016,1,1,22
143964,201601TX20060,510400.0,173350.0,-0.412686,51.448331,1,Slight,2,2,2016-01-28,Thursday,19:38,Hounslow,E09000018,4,3377,6,30.0,0,-1,-1,-1,,,4,4,2,0,0,1,1,E01033000,3,1,28/01/2016,28/01/2016,1,9,0,14,,0,0,10,7,10,,,6,Male,33,26 - 35,2143,2,5,5,1,,1,1,1,1,33,6,3,0,0,0,0,0,9,1,5,2016.0,01TX20060,E09000018,0.0,0.0,2.0,2016.0,01TX20060,4.0,8.0,0.0,3.0,1.0,-1,2016.0,01TX20060,2016,1,2,19
143969,201601TX20067,517620.0,178190.0,-0.307223,51.490379,1,Slight,2,1,2016-01-29,Friday,23:00,Hounslow,E09000018,3,4,6,40.0,0,-1,-1,-1,,,4,5,2,0,0,1,2,E01002565,3,1,29/01/2016,29/01/2016,1,9,0,18,,0,0,0,0,0,,,6,Female,23,21 - 25,1229,1,9,6,1,,1,1,1,2,23,5,3,0,0,0,0,0,9,1,6,2016.0,01TX20067,E09000018,0.0,0.0,1.0,2016.0,01TX20067,2.0,6.0,0.0,3.0,1.0,-1,2016.0,01TX20067,2016,1,1,23
143970,201601TX20069,516310.0,177310.0,-0.326373,51.482741,1,Slight,2,2,2016-01-29,Friday,20:30,Hounslow,E09000018,4,454,6,30.0,6,2,6,0,,,4,1,2,0,0,1,1,E01002679,3,1,29/01/2016,29/01/2016,1,9,0,3,,8,0,0,0,0,,,2,Male,24,21 - 25,1998,2,15,3,1,,1,1,1,1,24,5,3,0,0,0,0,0,9,1,3,2016.0,01TX20069,E09000018,0.0,5.0,2.0,2016.0,01TX20069,4.0,8.0,0.0,2.0,1.0,-1,2016.0,01TX20069,2016,1,2,20
143972,201601TX20071,510920.0,176600.0,-0.404187,51.477441,1,Serious,1,2,2016-01-16,Saturday,02:59,Hounslow,E09000018,3,4,1,30.0,1,4,3,312,,,4,1,1,0,0,1,1,E01002585,2,2,16/01/2016,16/01/2016,1,9,0,4,,8,0,0,3,4,,,6,Male,31,26 - 35,2295,1,17,2,1,,1,1,1,1,31,6,2,0,0,0,0,0,9,1,2,2016.0,01TX20071,E09000018,0.0,4.0,2.0,2016.0,01TX20071,3.0,7.0,0.0,1.0,1.0,-1,2016.0,01TX20071,2016,1,4,2
143982,201601TX20083,521320.0,178540.0,-0.253835,51.492744,1,Slight,1,1,2016-06-02,Thursday,22:00,Hounslow,E09000018,3,315,6,30.0,3,4,6,0,,,7,2,2,0,0,1,1,E01002570,3,1,06/02/2016,06/02/2016,1,9,0,18,,2,0,0,0,0,,,6,Female,22,21 - 25,1598,1,12,7,1,,1,1,3,1,27,6,3,1,3,0,0,2,0,1,6,2016.0,01TX20083,E09000018,0.0,1.0,2.0,2016.0,01TX20083,7.0,3.0,0.0,1.0,1.0,-1,2016.0,01TX20083,2016,6,1,22
143994,201601TX20101,511710.0,176320.0,-0.392904,51.474769,1,Slight,2,1,2016-09-02,Friday,00:08,Hounslow,E09000018,3,3006,6,30.0,3,4,6,0,,,4,1,2,0,0,1,1,E01002587,3,1,09/02/2016,09/02/2016,1,9,0,9,,1,0,0,0,0,,,6,Male,20,16 - 20,-1,-1,-1,5,1,,1,1,1,1,20,4,3,0,0,0,0,0,9,1,5,2016.0,01TX20101,E09000018,0.0,4.0,2.0,2016.0,01TX20101,5.0,4.0,0.0,2.0,1.0,-1,2016.0,01TX20101,2016,9,1,0
144003,201601TX20117,508940.0,172710.0,-0.433884,51.442861,1,Serious,2,2,2016-02-19,Friday,19:40,Hounslow,E09000018,5,0,6,30.0,0,-1,-1,-1,,,4,2,2,4,0,1,1,E01002559,2,2,19/02/2016,19/02/2016,1,9,0,18,,0,0,0,0,0,,,6,Male,31,26 - 35,1956,2,2,3,1,,1,1,1,1,31,6,3,0,0,0,0,0,9,1,3,2016.0,01TX20117,E09000018,0.0,0.0,2.0,2016.0,01TX20117,8.0,4.0,0.0,1.0,1.0,-1,2016.0,01TX20117,2016,2,4,19
144005,201601TX20119,520290.0,177630.0,-0.268974,51.484785,1,Slight,2,2,2016-01-24,Sunday,21:50,Hounslow,E09000018,5,0,6,30.0,6,4,5,0,,,4,2,2,0,0,1,1,E01002578,3,1,24/01/2016,24/01/2016,1,9,0,9,,8,0,0,0,0,,,6,Male,28,26 - 35,1968,2,7,4,1,,1,1,1,1,28,6,3,0,0,0,0,0,9,1,4,2016.0,01TX20119,E09000018,0.0,0.0,2.0,2016.0,01TX20119,4.0,2.0,0.0,3.0,1.0,-1,2016.0,01TX20119,2016,1,2,21
144010,201601TX20124,517840.0,178280.0,-0.304026,51.491142,1,Serious,2,1,2016-02-20,Saturday,01:20,Hounslow,E09000018,3,4,3,30.0,5,2,4,455,,,4,1,2,0,0,1,1,E01002565,2,2,20/02/2016,20/02/2016,1,9,0,18,,8,0,0,0,0,,,6,Male,19,16 - 20,1595,1,2,6,1,,2,1,1,1,32,6,2,0,0,0,0,0,3,1,4,2016.0,01TX20124,E09000018,0.0,5.0,2.0,2016.0,01TX20124,3.0,7.0,0.0,3.0,1.0,-1,2016.0,01TX20124,2016,2,2,1
144012,201601TX20126,520400.0,177930.0,-0.267289,51.487458,1,Serious,3,1,2016-12-02,Friday,21:51,Hounslow,E09000018,3,4,3,40.0,6,2,5,0,,,4,1,1,0,0,1,1,E01002577,2,2,12/02/2016,12/02/2016,1,9,0,9,,8,0,0,0,0,,,6,Male,21,21 - 25,998,7,8,3,1,,2,1,1,1,25,5,2,0,0,0,0,0,3,1,2,2016.0,01TX20126,E09000018,0.0,0.0,2.0,2016.0,01TX20126,1.0,7.0,0.0,1.0,1.0,-1,2016.0,01TX20126,2016,12,2,21
144014,201601TX20128,510280.0,172520.0,-0.41467,51.440894,1,Slight,2,1,2016-02-13,Saturday,18:00,Hounslow,E09000018,3,244,6,30.0,5,2,6,0,,,4,2,2,0,0,1,1,E01002598,3,1,13/02/2016,13/02/2016,1,9,0,9,,8,0,0,0,0,,,2,Female,34,26 - 35,1560,2,9,6,1,,2,1,1,1,29,6,3,0,0,0,0,0,5,1,5,2016.0,01TX20128,E09000018,0.0,5.0,2.0,2016.0,01TX20128,2.0,8.0,0.0,3.0,1.0,-1,2016.0,01TX20128,2016,2,1,18
144018,201601TX20132,516000.0,174810.0,-0.331656,51.460335,1,Slight,2,1,2016-02-28,Sunday,23:06,Hounslow,E09000018,3,310,6,30.0,3,4,6,0,,,4,1,1,0,0,1,1,E01002672,3,1,28/02/2016,28/02/2016,1,9,0,9,,8,0,0,0,0,,,6,Male,31,26 - 35,1799,1,7,6,1,,2,1,1,2,32,6,3,0,0,0,0,0,9,1,6,2016.0,01TX20132,E09000018,0.0,5.0,2.0,2016.0,01TX20132,1.0,7.0,0.0,1.0,1.0,-1,2016.0,01TX20132,2016,2,1,23
144034,201601TX20150,516510.0,176840.0,-0.323649,51.478475,1,Slight,2,2,2016-02-13,Saturday,18:25,Hounslow,E09000018,3,315,6,30.0,6,2,3,310,,,4,2,2,0,0,1,1,E01002682,3,1,13/02/2016,13/02/2016,1,9,0,5,,8,0,0,0,0,,,6,Female,31,26 - 35,1339,1,10,4,1,,1,1,1,2,31,6,3,0,0,0,0,0,9,1,4,2016.0,01TX20150,E09000018,0.0,5.0,2.0,2016.0,01TX20150,2.0,6.0,0.0,1.0,1.0,-1,2016.0,01TX20150,2016,2,2,18
144039,201601TX20158,519130.0,178180.0,-0.285487,51.489974,1,Slight,2,1,2016-02-25,Thursday,00:30,Hounslow,E09000018,3,205,2,30.0,3,2,3,3000,,,7,9,1,0,0,1,2,E01002580,3,1,25/02/2016,25/02/2016,1,8,0,18,,8,0,0,0,0,,,6,Male,28,26 - 35,1798,8,1,4,1,,1,1,1,1,28,6,3,0,0,0,0,0,8,1,4,2016.0,01TX20158,E09000018,0.0,5.0,2.0,2016.0,01TX20158,2.0,6.0,0.0,4.0,1.0,-1,2016.0,01TX20158,2016,2,1,0
144042,201601TX20161,511890.0,171970.0,-0.391689,51.435635,1,Slight,2,1,2016-02-22,Monday,20:45,Hounslow,E09000018,3,314,6,30.0,2,4,6,0,,,4,1,1,0,0,1,1,E01002608,3,1,22/02/2016,22/02/2016,1,9,0,18,,1,0,0,0,0,,,6,Male,21,21 - 25,1349,1,3,8,1,,2,1,1,2,19,4,3,0,0,0,0,0,1,1,5,2016.0,01TX20161,E09000018,0.0,8.0,2.0,2016.0,01TX20161,1.0,5.0,0.0,1.0,1.0,-1,2016.0,01TX20161,2016,2,1,20
144051,201601TX20170,509980.0,175510.0,-0.418056,51.467827,1,Serious,2,1,2016-02-21,Sunday,18:35,Hillingdon,E09000017,3,30,3,50.0,0,-1,-1,-1,,,4,1,1,0,0,1,1,E01002443,2,2,21/02/2016,21/02/2016,1,9,0,18,,0,0,0,0,0,,,6,Male,25,21 - 25,1396,1,16,4,1,,1,1,3,1,29,6,2,5,1,0,0,2,0,1,7,2016.0,01TX20170,E09000017,0.0,0.0,2.0,2016.0,01TX20170,2.0,6.0,0.0,0.0,1.0,-1,2016.0,01TX20170,2016,2,2,18
144057,201601TX20176,511300.0,173050.0,-0.399834,51.445458,1,Slight,2,1,2016-07-03,Sunday,23:25,Hounslow,E09000018,3,312,6,30.0,7,2,6,0,,,4,1,1,0,0,1,1,E01002612,3,1,07/03/2016,07/03/2016,1,3,0,4,,8,0,0,0,0,,,6,Male,20,16 - 20,49,1,6,3,1,,1,1,1,1,20,4,3,0,0,0,0,0,3,1,3,2016.0,01TX20176,E09000018,0.0,5.0,2.0,2016.0,01TX20176,8.0,4.0,0.0,2.0,1.0,-1,2016.0,01TX20176,2016,7,1,23
144074,201601TX20194,515570.0,177280.0,-0.337035,51.482623,1,Slight,2,1,2016-03-15,Tuesday,20:00,Hounslow,E09000018,3,4,3,40.0,6,2,3,4,,,4,4,1,0,0,1,2,E01002675,3,1,15/03/2016,15/03/2016,1,9,0,7,,8,0,0,0,0,,,2,Male,27,26 - 35,1596,1,13,7,1,,1,1,1,1,27,6,3,0,0,0,0,0,9,1,7,2016.0,01TX20194,E09000018,0.0,5.0,2.0,2016.0,01TX20194,7.0,1.0,0.0,3.0,1.0,-1,2016.0,01TX20194,2016,3,1,20
144075,201601TX20195,511830.0,176390.0,-0.391155,51.475375,1,Serious,1,1,2016-02-17,Wednesday,21:30,Hounslow,E09000018,3,4,2,40.0,0,-1,-1,-1,,,4,2,2,0,0,1,1,E01002622,2,2,17/02/2016,17/02/2016,1,9,0,18,,0,0,0,0,0,,,2,Male,25,21 - 25,1390,1,14,3,1,,1,1,3,2,22,5,2,5,2,0,0,2,0,-1,-1,2016.0,01TX20195,E09000018,0.0,0.0,2.0,2016.0,01TX20195,3.0,7.0,0.0,1.0,1.0,-1,2016.0,01TX20195,2016,2,2,21
144080,201601TX20200,512400.0,172920.0,-0.384053,51.444073,1,Serious,2,2,2016-01-28,Thursday,01:25,Hounslow,E09000018,6,0,6,30.0,3,4,6,0,,,4,1,1,0,0,1,1,E01002607,2,2,28/01/2016,28/01/2016,1,9,0,18,,8,1,4,0,0,,,6,Male,22,21 - 25,1590,1,13,4,1,,1,1,1,1,22,5,2,0,0,0,0,0,9,1,4,2016.0,01TX20200,E09000018,0.0,0.0,2.0,2016.0,01TX20200,6.0,2.0,0.0,1.0,1.0,-1,2016.0,01TX20200,2016,1,4,1
144093,201601TX20214,510940.0,176600.0,-0.403899,51.477437,1,Slight,2,1,2016-03-24,Thursday,23:13,Hounslow,E09000018,3,312,1,40.0,1,4,3,4,,,4,2,2,0,0,1,1,E01002585,3,1,24/03/2016,24/03/2016,1,9,0,18,,8,0,0,0,0,,,6,Male,27,26 - 35,1197,1,1,2,1,,1,1,1,1,27,6,3,0,0,0,0,0,9,1,2,2016.0,01TX20214,E09000018,0.0,0.0,2.0,2016.0,01TX20214,1.0,5.0,0.0,3.0,1.0,-1,2016.0,01TX20214,2016,3,1,23
144094,201601TX20216,516680.0,177580.0,-0.320958,51.485091,1,Slight,2,1,2016-03-29,Tuesday,23:10,Hounslow,E09000018,3,4,3,40.0,0,-1,-1,-1,,,4,1,1,0,0,1,1,E01002679,3,1,29/03/2016,29/03/2016,1,3,0,11,,0,1,0,1,0,,,6,Male,27,26 - 35,125,1,1,2,1,,1,1,1,1,27,6,3,0,0,0,0,0,3,1,2,2016.0,01TX20216,E09000018,0.0,7.0,2.0,2016.0,01TX20216,2.0,6.0,0.0,0.0,1.0,-1,2016.0,01TX20216,2016,3,1,23
144095,201601TX20217,510890.0,174030.0,-0.405424,51.454347,1,Serious,1,1,2016-03-24,Thursday,20:16,Hounslow,E09000018,6,0,6,30.0,0,-1,-1,-1,,,4,8,2,0,0,1,1,E01002592,2,2,24/03/2016,24/03/2016,1,9,0,12,,0,1,10,7,10,,,6,Male,25,21 - 25,973,1,15,9,1,,1,1,1,1,25,5,2,0,0,0,0,0,9,1,9,2016.0,01TX20217,E09000018,0.0,0.0,2.0,2016.0,01TX20217,7.0,3.0,0.0,1.0,1.0,-1,2016.0,01TX20217,2016,3,2,20
144097,201601TX20220,515140.0,176390.0,-0.343515,51.474711,1,Slight,2,1,2016-03-25,Friday,20:49,Hounslow,E09000018,3,315,6,30.0,7,4,4,363,,,4,2,2,0,0,1,1,E01002677,3,1,25/03/2016,25/03/2016,1,3,0,16,,8,0,0,0,0,,,6,Male,27,26 - 35,125,1,0,2,1,,1,1,1,1,27,6,3,0,0,0,0,0,3,1,2,2016.0,01TX20220,E09000018,0.0,8.0,2.0,2016.0,01TX20220,6.0,1.0,0.0,1.0,1.0,-1,2016.0,01TX20220,2016,3,1,20
144099,201601TX20222,513890.0,175710.0,-0.361725,51.468852,1,Slight,2,1,2016-03-20,Sunday,00:15,Hounslow,E09000018,6,0,2,30.0,0,-1,-1,-1,,,4,1,1,0,0,1,1,E01033083,3,1,20/03/2016,20/03/2016,1,9,0,6,,0,0,0,0,0,,,6,Female,30,26 - 35,1349,1,3,8,2,,1,1,1,2,30,6,3,0,0,0,0,0,9,2,8,2016.0,01TX20222,E09000018,0.0,0.0,2.0,2016.0,01TX20222,6.0,6.0,0.0,3.0,1.0,-1,2016.0,01TX20222,2016,3,1,0
144103,201601TX20226,512020.0,171360.0,-0.390012,51.430126,1,Slight,1,1,2016-01-31,Sunday,03:50,Hounslow,E09000018,5,0,6,30.0,3,4,6,0,,,7,1,1,0,0,1,1,E01002610,3,1,31/01/2016,31/01/2016,1,9,0,18,,8,0,0,0,0,,,1,Male,29,26 - 35,1995,2,12,6,1,,1,1,1,1,29,6,3,0,0,0,0,0,9,1,6,2016.0,01TX20226,E09000018,0.0,0.0,2.0,2016.0,01TX20226,6.0,2.0,0.0,1.0,1.0,-1,2016.0,01TX20226,2016,1,1,3
144105,201601TX20228,510640.0,177340.0,-0.407986,51.484147,1,Slight,2,1,2016-03-16,Wednesday,18:50,Hounslow,E09000018,3,312,3,40.0,0,-1,-1,-1,,,1,1,1,0,0,1,2,E01002633,3,1,16/03/2016,16/03/2016,1,9,0,18,,0,0,0,0,0,,,2,Male,34,26 - 35,2993,2,11,2,1,,1,1,1,1,34,6,3,0,0,0,0,0,9,1,2,2016.0,01TX20228,E09000018,0.0,7.0,2.0,2016.0,01TX20228,8.0,4.0,0.0,4.0,1.0,-1,2016.0,01TX20228,2016,3,1,18
144106,201601TX20229,516370.0,177420.0,-0.325474,51.483717,1,Serious,1,2,2016-03-24,Thursday,18:57,Hounslow,E09000018,3,4,3,40.0,0,-1,-1,-1,,,4,2,2,0,0,1,1,E01002678,2,2,24/03/2016,24/03/2016,1,9,0,11,,0,1,0,2,10,,,6,Male,26,26 - 35,1598,1,12,3,1,,1,1,1,1,26,6,2,0,0,0,0,0,9,1,3,2016.0,01TX20229,E09000018,0.0,0.0,2.0,2016.0,01TX20229,6.0,2.0,0.0,1.0,1.0,-1,2016.0,01TX20229,2016,3,4,18
144107,201601TX20232,510510.0,172870.0,-0.411253,51.443995,1,Slight,2,1,2016-03-27,Sunday,02:09,Hounslow,E09000018,3,244,6,30.0,6,2,6,0,,,4,1,2,0,0,1,2,E01002598,3,1,27/03/2016,27/03/2016,1,9,0,9,,8,1,0,0,0,,,2,Female,23,21 - 25,1149,1,15,10,1,,1,1,1,2,23,5,3,0,0,0,0,0,9,1,10,2016.0,01TX20232,E09000018,0.0,5.0,2.0,2016.0,01TX20232,6.0,4.0,0.0,4.0,1.0,-1,2016.0,01TX20232,2016,3,1,2