,accident_index,location_easting_osgr,location_northing_osgr,longitude,latitude,police_force,accident_severity,number_of_vehicles,number_of_casualties,date,day_of_week,time,local_authority_district,local_authority_highway,first_road_class,first_road_number,road_type,speed_limit,junction_detail,junction_control,second_road_class,second_road_number,pedestrian_crossing-human_control,pedestrian_crossing-physical_facilities,light_conditions,weather_conditions,road_surface_conditions,special_conditions_at_site,carriageway_hazards,urban_or_rural_area,did_police_officer_attend_scene_of_accident,lsoa_of_accident_location,accident_severity_num,accident_severity_inv,date2,date_original,vehicle_reference_x,vehicle_type,towing_and_articulation,vehicle_manoeuvre,vehicle_location-restricted_lane,junction_location,skidding_and_overturning,hit_object_in_carriageway,vehicle_leaving_carriageway,hit_object_off_carriageway,1st_point_of_impact,was_vehicle_left_hand_drive?,journey_purpose_of_driver,sex_of_driver,age_of_driver,age_band_of_driver,engine_capacity_cc,propulsion_code,age_of_vehicle,driver_imd_decile,driver_home_area_type,vehicle_imd_decile,vehicle_reference_y,casualty_reference,casualty_class,sex_of_casualty,age_of_casualty,age_band_of_casualty,casualty_severity,pedestrian_location,pedestrian_movement,car_passenger,bus_or_coach_passenger,pedestrian_road_maintenance_worker,casualty_type,casualty_home_area_type,casualty_imd_decile,accident_year_x,accident_reference_x,local_authority_ons_district,pedestrian_crossing_human_control,pedestrian_crossing_physical_facilities,trunk_road_flag,accident_year_y,accident_reference_y,vehicle_direction_from,vehicle_direction_to,vehicle_location_restricted_lane,first_point_of_impact,vehicle_left_hand_drive,generic_make_model,accident_year,accident_reference,year,month,severity,hours
144132,201601TX20263,516150.0,177410.0,-0.328644,51.483672,1,Slight,2,1,2016-04-15,Friday,19:27,Hounslow,E09000018,4,454,6,30.0,0,-1,-1,-1,,,7,1,1,0,0,1,1,E01002678,3,1,15/04/2016,15/04/2016,1,2,0,18,,0,0,0,0,0,,,6,Male,32,26 - 35,-1,-1,-1,8,1,,1,1,1,1,32,6,3,0,0,0,0,0,2,1,8,2016.0,01TX20263,E09000018,0.0,0.0,2.0,2016.0,01TX20263,8.0,4.0,0.0,1.0,1.0,-1,2016.0,01TX20263,2016,4,1,19
144137,201601TX20271,514100.0,175870.0,-0.358651,51.470248,1,Slight,1,1,2016-03-26,Saturday,00:10,Hounslow,E09000018,6,0,6,30.0,0,-1,-1,-1,,,4,1,1,0,0,1,1,E01002642,3,1,26/03/2016,26/03/2016,1,9,0,17,,0,0,10,1,2,,,6,Female,34,26 - 35,1197,1,1,6,1,,1,1,1,2,34,6,3,0,0,0,0,0,9,1,6,2016.0,01TX20271,E09000018,0.0,0.0,2.0,2016.0,01TX20271,5.0,2.0,0.0,4.0,1.0,-1,2016.0,01TX20271,2016,3,1,0
144156,201601TX20294,517500.0,178140.0,-0.308968,51.489955,1,Slight,2,1,2016-04-24,Sunday,18:45,Hounslow,E09000018,3,4,3,40.0,6,4,4,452,,,1,1,1,0,0,1,1,E01002565,3,1,24/04/2016,24/04/2016,1,8,0,9,,8,0,0,0,0,,,1,Male,34,26 - 35,1560,2,4,6,1,,1,1,2,2,29,6,3,0,0,2,0,0,8,-1,-1,2016.0,01TX20294,E09000018,0.0,0.0,2.0,2016.0,01TX20294,3.0,1.0,0.0,1.0,1.0,-1,2016.0,01TX20294,2016,4,1,18
144160,201601TX20298,521370.0,177890.0,-0.253338,51.486891,1,Slight,1,1,2016-12-02,Friday,03:13,Hounslow,E09000018,3,4,3,30.0,0,-1,-1,-1,,,4,1,1,0,0,1,1,E01002569,3,1,12/02/2016,12/02/2016,1,9,0,18,,0,2,10,4,6,,,6,Male,20,16 - 20,1598,1,9,2,1,,1,1,1,1,20,4,3,0,0,0,0,0,9,1,2,2016.0,01TX20298,E09000018,0.0,5.0,2.0,2016.0,01TX20298,8.0,4.0,0.0,1.0,1.0,-1,2016.0,01TX20298,2016,12,1,3
144167,201601TX20308,517790.0,178490.0,-0.304676,51.49304,1,Serious,2,1,2016-12-04,Sunday,20:13,Hounslow,E09000018,4,455,6,30.0,3,2,6,0,,,7,1,1,0,0,1,1,E01002564,2,2,12/04/2016,12/04/2016,1,9,0,18,,8,0,0,0,0,,,6,Male,18,16 - 20,1242,1,10,4,1,,2,1,1,1,-1,-1,2,0,0,0,0,0,3,1,5,2016.0,01TX20308,E09000018,0.0,5.0,2.0,2016.0,01TX20308,5.0,1.0,0.0,2.0,1.0,-1,2016.0,01TX20308,2016,12,2,20
144177,201601TX20324,513840.0,177070.0,-0.362007,51.481086,1,Slight,2,5,2016-04-29,Friday,19:44,Hounslow,E09000018,6,0,6,30.0,0,-1,-1,-1,,,7,1,1,0,0,1,1,E01002629,3,1,29/04/2016,29/04/2016,1,9,0,17,,0,0,0,0,0,,,6,Male,30,26 - 35,2000,1,16,5,1,,1,1,2,2,26,6,3,0,0,1,0,0,9,1,5,2016.0,01TX20324,E09000018,0.0,0.0,2.0,2016.0,01TX20324,1.0,7.0,0.0,1.0,1.0,-1,2016.0,01TX20324,2016,4,5,19
144180,201601TX20327,517680.0,178230.0,-0.306346,51.490726,1,Slight,2,1,2016-03-05,Saturday,18:34,Hounslow,E09000018,3,4,3,40.0,6,2,6,0,,,1,1,1,0,0,1,1,E01002565,3,1,03/05/2016,03/05/2016,1,5,0,13,,1,0,0,4,0,,,6,Male,27,26 - 35,599,1,8,3,1,,1,1,1,1,27,6,3,0,0,0,0,0,5,1,3,2016.0,01TX20327,E09000018,0.0,5.0,2.0,2016.0,01TX20327,2.0,6.0,0.0,4.0,1.0,-1,2016.0,01TX20327,2016,3,1,18
144189,201601TX20338,517660.0,177510.0,-0.306874,51.484259,1,Slight,2,1,2016-04-22,Friday,21:07,Hounslow,E09000018,3,3002,6,40.0,3,1,6,0,,,4,2,2,0,0,1,1,E01002684,3,1,22/04/2016,22/04/2016,1,3,0,18,,8,0,0,0,0,,,6,Male,29,26 - 35,124,1,13,4,1,,1,1,1,1,29,6,3,0,0,0,0,0,3,1,4,2016.0,01TX20338,E09000018,0.0,0.0,2.0,2016.0,01TX20338,5.0,1.0,0.0,3.0,1.0,-1,2016.0,01TX20338,2016,4,1,21
144199,201601TX20351,512940.0,175730.0,-0.37539,51.469222,1,Slight,2,1,2016-09-05,Monday,18:28,Hounslow,E09000018,3,3006,6,30.0,3,4,6,0,,,1,1,2,0,0,1,1,E01002663,3,1,09/05/2016,09/05/2016,1,5,0,13,,8,0,0,0,0,,,6,Male,28,26 - 35,849,1,2,4,1,,1,1,1,1,28,6,3,0,0,0,0,0,5,1,4,2016.0,01TX20351,E09000018,0.0,0.0,2.0,2016.0,01TX20351,4.0,8.0,0.0,1.0,1.0,-1,2016.0,01TX20351,2016,9,1,18
144202,201601TX20354,512010.0,178510.0,-0.387892,51.494394,1,Slight,2,1,2016-04-26,Tuesday,20:45,Hounslow,E09000018,5,0,6,30.0,3,4,6,0,,,7,1,1,0,0,1,2,E01002638,3,1,26/04/2016,26/04/2016,1,9,0,9,,8,0,0,0,0,,,6,Male,27,26 - 35,1318,1,0,4,1,,2,1,1,1,43,7,3,0,0,0,0,0,9,1,5,2016.0,01TX20354,E09000018,0.0,0.0,2.0,2016.0,01TX20354,5.0,3.0,0.0,2.0,1.0,-1,2016.0,01TX20354,2016,4,1,20
144209,201601TX20364,508270.0,173710.0,-0.443215,51.451978,1,Slight,1,1,2016-05-13,Friday,18:30,Hounslow,E09000018,6,0,6,30.0,0,-1,-1,-1,,,1,1,1,0,0,1,1,E01002559,3,1,13/05/2016,13/05/2016,1,9,0,18,,0,0,0,0,0,,,2,Male,25,21 - 25,1896,2,12,5,1,,1,1,3,1,9,2,3,5,2,0,0,2,0,1,3,2016.0,01TX20364,E09000018,0.0,0.0,2.0,2016.0,01TX20364,5.0,1.0,0.0,1.0,1.0,-1,2016.0,01TX20364,2016,5,1,18
144221,201601TX20380,513660.0,176840.0,-0.364672,51.479055,1,Slight,2,2,2016-08-05,Friday,21:20,Hounslow,E09000018,3,3005,6,30.0,6,2,3,4,,,4,1,1,0,0,1,2,E01002629,3,1,08/05/2016,08/05/2016,1,9,0,3,,1,0,0,0,0,,,6,Female,21,21 - 25,1360,1,12,7,1,,1,1,1,2,21,5,3,0,0,0,0,0,9,1,7,2016.0,01TX20380,E09000018,0.0,5.0,2.0,2016.0,01TX20380,1.0,5.0,0.0,2.0,1.0,-1,2016.0,01TX20380,2016,8,2,21
144261,201601TX20430,512550.0,178100.0,-0.380248,51.490601,1,Slight,1,1,2016-04-06,Wednesday,18:45,Hounslow,E09000018,6,0,6,30.0,0,-1,-1,-1,,,1,1,1,0,0,1,1,E01002625,3,1,04/06/2016,04/06/2016,1,9,0,5,,0,0,0,0,0,,,6,Female,33,26 - 35,1968,2,3,2,1,,1,1,3,2,11,3,3,5,4,0,0,2,0,1,5,2016.0,01TX20430,E09000018,0.0,0.0,2.0,2016.0,01TX20430,3.0,7.0,0.0,2.0,1.0,-1,2016.0,01TX20430,2016,4,1,18
144273,201601TX20446,517160.0,177210.0,-0.314171,51.481667,1,Slight,1,1,2016-10-06,Thursday,19:29,Hounslow,E09000018,3,315,6,30.0,3,4,6,0,,,1,1,1,0,0,1,1,E01002684,3,1,10/06/2016,10/06/2016,1,9,0,5,,1,0,0,0,0,,,6,Male,25,21 - 25,1339,8,4,2,1,,1,1,3,2,28,6,3,5,1,0,0,2,0,-1,-1,2016.0,01TX20446,E09000018,0.0,0.0,2.0,2016.0,01TX20446,4.0,8.0,0.0,1.0,1.0,-1,2016.0,01TX20446,2016,10,1,19
144276,201601TX20451,515160.0,176390.0,-0.343227,51.474707,1,Slight,1,4,2016-06-13,Monday,01:15,Hounslow,E09000018,3,315,6,30.0,3,4,4,363,,,4,1,1,0,0,1,1,E01002677,3,1,13/06/2016,13/06/2016,1,9,0,17,,1,0,10,1,10,,,6,Male,19,16 - 20,1596,1,13,2,1,,1,1,2,1,18,4,3,0,0,2,0,0,9,1,2,2016.0,01TX20451,E09000018,0.0,4.0,2.0,2016.0,01TX20451,6.0,3.0,0.0,1.0,1.0,-1,2016.0,01TX20451,2016,6,4,1
144293,201601TX20471,518640.0,177910.0,-0.292632,51.48765,1,Slight,2,1,2016-06-20,Monday,18:39,Hounslow,E09000018,3,315,6,30.0,8,4,6,0,,,1,1,1,0,0,1,1,E01002566,3,1,20/06/2016,20/06/2016,1,9,0,9,,8,0,0,0,0,,,6,Male,22,21 - 25,1461,2,2,4,1,,2,1,1,1,33,6,3,0,0,0,0,0,3,1,4,2016.0,01TX20471,E09000018,0.0,0.0,2.0,2016.0,01TX20471,1.0,6.0,0.0,3.0,1.0,-1,2016.0,01TX20471,2016,6,1,18
144294,201601TX20472,510730.0,174020.0,-0.407729,51.454289,1,Slight,2,1,2016-04-06,Wednesday,19:15,Hounslow,E09000018,3,312,6,30.0,3,4,6,0,,,1,1,1,0,0,1,1,E01002592,3,1,04/06/2016,04/06/2016,1,9,0,9,,8,0,0,0,0,,,2,Female,20,16 - 20,-1,-1,-1,4,1,,2,1,1,1,59,9,3,0,0,0,0,0,1,1,4,2016.0,01TX20472,E09000018,0.0,0.0,2.0,2016.0,01TX20472,6.0,4.0,0.0,3.0,1.0,-1,2016.0,01TX20472,2016,4,1,19
144297,201601TX20475,509140.0,173850.0,-0.430656,51.453069,1,Slight,2,2,2016-06-16,Thursday,20:05,Hounslow,E09000018,3,315,1,30.0,2,4,6,0,,,1,2,2,0,0,1,1,E01002558,3,1,16/06/2016,16/06/2016,1,9,0,9,,8,0,0,0,0,,,6,Male,34,26 - 35,1198,1,10,3,1,,1,1,1,1,34,6,3,0,0,0,0,0,9,1,3,2016.0,01TX20475,E09000018,0.0,0.0,2.0,2016.0,01TX20475,3.0,1.0,0.0,1.0,1.0,-1,2016.0,01TX20475,2016,6,2,20
144303,201601TX20481,520180.0,177990.0,-0.270435,51.488044,1,Slight,1,1,2016-06-15,Wednesday,20:50,Hounslow,E09000018,3,4,3,40.0,3,4,5,0,,,1,1,1,0,0,1,1,E01002687,3,1,15/06/2016,15/06/2016,1,9,0,11,,1,0,0,1,10,,,6,Female,24,21 - 25,998,1,13,4,1,,1,1,1,2,24,5,3,0,0,0,0,0,9,1,4,2016.0,01TX20481,E09000018,0.0,0.0,2.0,2016.0,01TX20481,3.0,7.0,0.0,1.0,1.0,-1,2016.0,01TX20481,2016,6,1,20
144309,201601TX20487,518750.0,178370.0,-0.290894,51.491761,1,Slight,2,1,2016-06-24,Friday,19:20,Hounslow,E09000018,3,4,3,40.0,0,-1,-1,-1,,,1,1,1,0,0,1,1,E01002566,3,1,24/06/2016,24/06/2016,1,8,0,18,,0,0,0,0,0,,,1,Male,21,21 - 25,1798,8,2,3,1,,2,1,1,2,29,6,3,0,0,0,0,0,9,1,4,2016.0,01TX20487,E09000018,0.0,0.0,1.0,2016.0,01TX20487,6.0,2.0,0.0,2.0,1.0,-1,2016.0,01TX20487,2016,6,1,19
144317,201601TX20495,515090.0,176330.0,-0.344254,51.474182,1,Serious,2,1,2016-06-25,Saturday,19:51,Hounslow,E09000018,3,315,6,30.0,0,-1,-1,-1,,,1,1,1,0,0,1,1,E01002677,2,2,25/06/2016,25/06/2016,1,3,0,18,,0,0,0,0,0,,,6,Male,19,16 - 20,108,1,2,3,1,,2,1,1,1,17,4,2,0,0,0,0,0,3,1,5,2016.0,01TX20495,E09000018,0.0,0.0,2.0,2016.0,01TX20495,6.0,2.0,0.0,1.0,1.0,-1,2016.0,01TX20495,2016,6,2,19
144322,201601TX20501,520930.0,178500.0,-0.259464,51.492468,1,Slight,2,1,2016-06-13,Monday,19:00,Hounslow,E09000018,3,315,6,30.0,3,4,6,0,,,7,9,1,0,0,1,1,E01002693,3,1,13/06/2016,13/06/2016,1,3,0,13,,1,0,0,0,0,,,6,Male,19,16 - 20,-1,-1,-1,5,1,,1,1,1,1,19,4,3,0,0,0,0,0,3,1,5,2016.0,01TX20501,E09000018,0.0,1.0,2.0,2016.0,01TX20501,7.0,3.0,0.0,2.0,1.0,-1,2016.0,01TX20501,2016,6,1,19
144331,201601TX20511,508040.0,173400.0,-0.446619,51.449235,1,Slight,2,2,2016-03-06,Sunday,21:40,Hounslow,E09000018,3,30,1,30.0,1,2,3,315,,,4,1,1,0,0,1,2,E01002559,3,1,03/06/2016,03/06/2016,1,9,0,3,,8,0,0,0,0,,,6,Male,30,26 - 35,1956,2,4,10,1,,1,1,1,1,30,6,3,0,0,0,0,0,9,1,10,2016.0,01TX20511,E09000018,0.0,5.0,2.0,2016.0,01TX20511,8.0,4.0,0.0,2.0,1.0,-1,2016.0,01TX20511,2016,3,2,21
144348,201601TX20530,510930.0,173210.0,-0.405106,51.446969,1,Slight,2,1,2016-12-07,Wednesday,20:48,Hounslow,E09000018,4,3377,6,30.0,3,4,6,0,,,4,9,1,0,0,1,1,E01002612,3,1,12/07/2016,12/07/2016,1,9,0,9,,8,0,0,0,0,,,6,Male,30,26 - 35,-1,-1,-1,4,1,,2,1,1,1,18,4,3,0,0,0,0,0,3,-1,-1,2016.0,01TX20530,E09000018,0.0,0.0,2.0,2016.0,01TX20530,4.0,2.0,0.0,3.0,1.0,-1,2016.0,01TX20530,2016,12,1,20
144357,201601TX20540,515970.0,174980.0,-0.332032,51.461869,1,Slight,1,1,2016-07-16,Saturday,05:22,Hounslow,E09000018,3,310,6,30.0,3,4,6,0,,,4,1,1,0,0,1,1,E01002670,3,1,16/07/2016,16/07/2016,1,9,0,18,,1,1,7,7,2,,,1,Male,30,26 - 35,1997,2,13,4,1,,1,1,1,1,30,6,3,0,0,0,0,0,9,1,4,2016.0,01TX20540,E09000018,0.0,8.0,2.0,2016.0,01TX20540,5.0,1.0,0.0,1.0,1.0,-1,2016.0,01TX20540,2016,7,1,5
144361,201601TX20545,520320.0,178510.0,-0.268243,51.492688,1,Slight,3,1,2016-07-14,Thursday,20:30,Hounslow,E09000018,3,315,6,30.0,0,-1,-1,-1,,,4,1,1,0,0,1,1,E01002687,3,1,14/07/2016,14/07/2016,1,3,0,14,,0,0,0,0,0,,,1,Male,23,21 - 25,125,1,5,1,1,,1,1,1,1,23,5,3,0,0,0,0,0,3,1,1,2016.0,01TX20545,E09000018,0.0,1.0,2.0,2016.0,01TX20545,7.0,3.0,0.0,4.0,1.0,-1,2016.0,01TX20545,2016,7,1,20
144366,201601TX20552,511510.0,176360.0,-0.39577,51.475168,1,Slight,2,1,2016-07-20,Wednesday,18:00,Hounslow,E09000018,3,30,3,40.0,1,4,3,4,,,1,1,1,0,0,1,1,E01002587,3,1,20/07/2016,20/07/2016,1,9,0,4,,2,0,0,0,0,,,6,Female,25,21 - 25,2143,2,1,1,1,,1,1,1,2,25,5,3,0,0,0,0,0,9,1,1,2016.0,01TX20552,E09000018,1.0,1.0,2.0,2016.0,01TX20552,2.0,6.0,0.0,2.0,1.0,-1,2016.0,01TX20552,2016,7,1,18
144368,201601TX20555,510690.0,176710.0,-0.407463,51.478475,1,Slight,2,1,2016-07-14,Thursday,18:58,Hounslow,E09000018,3,4,3,40.0,3,4,6,0,,,1,1,1,0,0,1,1,E01002583,3,1,14/07/2016,14/07/2016,1,3,0,13,,1,0,0,0,0,,,2,Male,26,26 - 35,125,1,0,5,1,,1,1,1,1,26,6,3,0,0,0,0,0,3,1,5,2016.0,01TX20555,E09000018,0.0,4.0,2.0,2016.0,01TX20555,4.0,8.0,0.0,1.0,1.0,-1,2016.0,01TX20555,2016,7,1,18
144369,201601TX20556,511940.0,172260.0,-0.390878,51.438232,1,Slight,2,1,2016-11-07,Monday,20:50,Hounslow,E09000018,3,314,6,30.0,0,-1,-1,-1,,,7,9,1,0,0,1,1,E01002606,3,1,11/07/2016,11/07/2016,1,9,0,18,,0,0,0,0,0,,,6,Male,19,16 - 20,998,1,0,9,1,,2,1,1,1,12,3,3,0,0,0,0,0,1,1,2,2016.0,01TX20556,E09000018,0.0,0.0,2.0,2016.0,01TX20556,1.0,5.0,0.0,4.0,1.0,-1,2016.0,01TX20556,2016,11,1,20
144382,201601TX20573,521480.0,177910.0,-0.251748,51.487047,1,Slight,1,1,2016-07-18,Monday,19:06,Hounslow,E09000018,3,4,3,40.0,0,-1,-1,-1,,,1,1,1,0,0,1,1,E01002569,3,1,18/07/2016,18/07/2016,1,3,0,18,,0,1,0,0,0,,,1,Male,18,16 - 20,125,1,7,4,1,,1,1,1,1,18,4,3,0,0,0,0,0,3,1,4,2016.0,01TX20573,E09000018,0.0,0.0,2.0,2016.0,01TX20573,2.0,6.0,0.0,3.0,1.0,-1,2016.0,01TX20573,2016,7,1,19
144396,201601TX20591,511520.0,177840.0,-0.39516,51.488468,1,Slight,2,1,2016-02-08,Monday,00:45,Hounslow,E09000018,1,4,3,70.0,0,-1,-1,-1,,,4,2,2,0,0,1,1,E01002638,3,1,02/08/2016,02/08/2016,1,9,0,18,,0,0,0,0,0,,,6,Male,31,26 - 35,1797,8,6,2,1,,2,1,1,1,36,7,3,0,0,0,0,0,8,1,5,2016.0,01TX20591,E09000018,0.0,0.0,1.0,2016.0,01TX20591,3.0,7.0,0.0,3.0,1.0,-1,2016.0,01TX20591,2016,2,1,0
144422,201601TX20626,511190.0,171320.0,-0.401959,51.42993,1,Slight,2,1,2016-08-15,Monday,20:13,Hounslow,E09000018,3,316,1,30.0,1,4,5,0,,,4,1,1,0,0,1,1,E01002610,3,1,15/08/2016,15/08/2016,1,9,0,16,,8,0,10,1,10,,,6,Female,22,21 - 25,1086,1,12,6,1,,1,1,1,2,22,5,3,0,0,0,0,0,9,1,6,2016.0,01TX20626,E09000018,0.0,0.0,2.0,2016.0,01TX20626,3.0,6.0,0.0,1.0,1.0,-1,2016.0,01TX20626,2016,8,1,20
144428,201601TX20633,508030.0,173410.0,-0.44676,51.449327,1,Slight,4,1,2016-08-23,Tuesday,18:15,Hounslow,E09000018,3,30,1,40.0,1,2,3,315,,,1,1,1,0,0,1,1,E01002559,3,1,23/08/2016,23/08/2016,1,9,0,3,,8,0,0,0,0,,,2,Female,23,21 - 25,1398,1,1,3,1,,3,1,1,1,27,6,3,0,0,0,0,0,9,1,9,2016.0,01TX20633,E09000018,0.0,5.0,2.0,2016.0,01TX20633,1.0,5.0,0.0,2.0,1.0,-1,2016.0,01TX20633,2016,8,1,18
144430,201601TX20636,510270.0,174260.0,-0.414272,51.456535,1,Slight,2,1,2016-08-24,Wednesday,19:42,Hounslow,E09000018,6,0,6,30.0,3,4,3,315,,,4,2,2,0,0,1,1,E01002595,3,1,24/08/2016,24/08/2016,1,9,0,9,,8,0,0,0,0,,,6,Male,29,26 - 35,2998,2,33,10,1,,2,1,1,1,34,6,3,0,0,0,0,0,9,1,5,2016.0,01TX20636,E09000018,0.0,0.0,2.0,2016.0,01TX20636,8.0,6.0,0.0,3.0,1.0,-1,2016.0,01TX20636,2016,8,1,19
144435,201601TX20641,510360.0,178220.0,-0.411742,51.492111,1,Slight,2,1,2016-08-28,Sunday,18:40,Hounslow,E09000018,1,4,7,40.0,0,-1,-1,-1,,,1,1,1,0,0,1,1,E01002633,3,1,28/08/2016,28/08/2016,1,5,0,18,,0,0,0,0,0,,,2,Male,32,26 - 35,599,1,9,10,1,,1,1,1,1,32,6,3,0,0,0,0,0,5,1,10,2016.0,01TX20641,E09000018,0.0,0.0,1.0,2016.0,01TX20641,3.0,7.0,0.0,3.0,1.0,-1,2016.0,01TX20641,2016,8,1,18
144441,201601TX20648,513420.0,176950.0,-0.368091,51.480092,1,Slight,2,1,2016-08-26,Friday,23:20,Hounslow,E09000018,6,0,6,30.0,3,4,6,0,,,4,1,1,0,0,1,1,E01002629,3,1,26/08/2016,26/08/2016,1,9,0,18,,8,0,0,0,0,,,6,Male,30,26 - 35,998,1,4,2,1,,1,1,1,1,30,6,3,0,0,0,0,0,9,1,2,2016.0,01TX20648,E09000018,0.0,0.0,2.0,2016.0,01TX20648,3.0,7.0,0.0,1.0,1.0,-1,2016.0,01TX20648,2016,8,1,23
144447,201601TX20656,512720.0,175560.0,-0.37861,51.467738,1,Slight,2,1,2016-08-18,Thursday,21:05,Hounslow,E09000018,3,3063,6,30.0,3,4,6,0,,,4,1,1,0,0,1,1,E01002663,3,1,18/08/2016,18/08/2016,1,9,0,9,,8,0,0,0,0,,,6,Female,18,16 - 20,1364,1,7,3,1,,2,1,1,1,26,6,3,0,0,0,0,0,3,1,3,2016.0,01TX20656,E09000018,0.0,0.0,2.0,2016.0,01TX20656,5.0,3.0,0.0,4.0,1.0,-1,2016.0,01TX20656,2016,8,1,21
144449,201601TX20658,518130.0,178300.0,-0.299844,51.491262,1,Slight,2,2,2016-08-24,Wednesday,20:10,Hounslow,E09000018,3,4,3,40.0,0,-1,-1,-1,,,4,2,2,0,0,1,1,E01002568,3,1,24/08/2016,24/08/2016,1,9,0,18,,0,0,0,1,0,,,6,Female,28,26 - 35,1360,1,12,1,1,,1,1,2,2,8,2,3,0,0,2,0,0,9,1,3,2016.0,01TX20658,E09000018,0.0,0.0,1.0,2016.0,01TX20658,3.0,7.0,0.0,1.0,1.0,-1,2016.0,01TX20658,2016,8,2,20
144471,201601VK30017,521310.0,172180.0,-0.25616,51.435585,1,Slight,2,1,2016-01-02,Saturday,22:53,Kingston upon Thames,E09000021,3,3,6,30.0,3,4,3,308,,,4,1,1,0,0,1,1,E01002955,3,1,01/02/2016,01/02/2016,1,8,0,3,,8,0,0,0,0,,,1,Male,35,26 - 35,1798,8,2,2,1,,1,1,1,1,35,6,3,0,0,0,0,0,8,1,2,2016.0,01VK30017,E09000021,0.0,4.0,2.0,2016.0,01VK30017,2.0,6.0,0.0,2.0,1.0,-1,2016.0,01VK30017,2016,1,1,22
144487,201601VK30034,517600.0,167790.0,-0.310964,51.39691,1,Slight,1,1,2016-02-27,Saturday,18:03,Kingston upon Thames,E09000021,3,307,6,30.0,3,4,6,0,,,4,1,1,0,0,1,1,E01002967,3,1,27/02/2016,27/02/2016,1,9,0,9,,8,0,7,0,0,,,6,Female,26,26 - 35,1598,1,9,6,1,,1,1,1,2,26,6,3,0,0,0,0,0,9,1,6,2016.0,01VK30034,E09000021,0.0,0.0,2.0,2016.0,01VK30034,4.0,2.0,0.0,1.0,2.0,-1,2016.0,01VK30034,2016,2,1,18
144490,201601VK30038,519730.0,166590.0,-0.280765,51.38568,1,Slight,1,1,2016-09-02,Friday,18:05,Kingston upon Thames,E09000021,6,0,6,30.0,0,-1,-1,-1,,,4,1,2,0,0,1,1,E01002916,3,1,09/02/2016,09/02/2016,1,9,0,18,,0,0,0,0,0,,,2,Male,28,26 - 35,1596,1,14,7,1,,1,1,3,2,17,4,3,1,3,0,0,2,0,1,9,2016.0,01VK30038,E09000021,0.0,1.0,2.0,2016.0,01VK30038,1.0,5.0,0.0,1.0,1.0,-1,2016.0,01VK30038,2016,9,1,18
144498,201601VK30051,519120.0,169920.0,-0.28841,51.415737,1,Slight,2,1,2016-03-19,Saturday,19:42,Kingston upon Thames,E09000021,5,0,6,30.0,3,4,6,0,,,7,1,1,0,0,1,1,E01002935,3,1,19/03/2016,19/03/2016,1,3,0,18,,8,0,0,0,0,,,6,Male,31,26 - 35,49,1,4,3,1,,1,1,1,1,31,6,3,0,0,0,0,0,3,1,3,2016.0,01VK30051,E09000021,0.0,0.0,2.0,2016.0,01VK30051,7.0,3.0,0.0,1.0,1.0,-1,2016.0,01VK30051,2016,3,1,19
144500,201601VK30053,520250.0,168510.0,-0.272646,51.402826,1,Slight,3,4,2016-03-13,Sunday,23:31,Kingston upon Thames,E09000021,3,2043,6,30.0,0,-1,-1,-1,,,4,1,1,0,0,1,1,E01002932,3,1,13/03/2016,13/03/2016,1,9,0,14,,0,0,0,0,0,,,6,Male,33,26 - 35,1598,1,14,3,1,,1,4,1,1,33,6,3,0,0,0,0,0,9,1,3,2016.0,01VK30053,E09000021,0.0,0.0,2.0,2016.0,01VK30053,4.0,8.0,0.0,1.0,1.0,-1,2016.0,01VK30053,2016,3,4,23
144505,201601VK30059,518570.0,166820.0,-0.297351,51.38799,1,Slight,2,1,2016-03-24,Thursday,20:25,Kingston upon Thames,E09000021,3,240,6,30.0,3,4,6,0,,,5,2,2,0,0,1,1,E01002999,3,1,24/03/2016,24/03/2016,1,9,0,4,,8,0,0,1,0,,,6,Male,32,26 - 35,-1,-1,-1,1,1,,1,1,1,1,32,6,3,0,0,0,0,0,9,1,1,2016.0,01VK30059,E09000021,0.0,0.0,2.0,2016.0,01VK30059,1.0,5.0,0.0,2.0,1.0,-1,2016.0,01VK30059,2016,3,1,20
144540,201601VK30109,521470.0,168070.0,-0.255266,51.398612,1,Slight,1,1,2016-11-05,Saturday,22:50,Kingston upon Thames,E09000021,4,282,6,30.0,1,4,4,283,,,7,9,1,0,0,1,1,E01002984,3,1,11/05/2016,11/05/2016,1,9,0,7,,2,0,0,0,0,,,6,Female,23,21 - 25,-1,-1,-1,6,1,,1,1,3,1,22,5,3,4,2,0,0,2,0,1,8,2016.0,01VK30109,E09000021,0.0,4.0,2.0,2016.0,01VK30109,1.0,3.0,0.0,1.0,1.0,-1,2016.0,01VK30109,2016,11,1,22
144575,201601VK30157,518910.0,164950.0,-0.293092,51.371112,1,Serious,2,1,2016-07-13,Wednesday,19:05,Kingston upon Thames,E09000021,6,0,6,30.0,3,4,6,0,,,1,1,1,0,0,1,1,E01003000,2,2,13/07/2016,13/07/2016,1,9,0,9,,8,0,0,0,0,,,6,Male,22,21 - 25,1598,1,14,8,1,,2,1,1,1,29,6,2,0,0,0,0,0,1,1,8,2016.0,01VK30157,E09000021,0.0,0.0,2.0,2016.0,01VK30157,1.0,7.0,0.0,1.0,1.0,-1,2016.0,01VK30157,2016,7,2,19