,accident_index,location_easting_osgr,location_northing_osgr,longitude,latitude,police_force,accident_severity,number_of_vehicles,number_of_casualties,date,day_of_week,time,local_authority_district,local_authority_highway,first_road_class,first_road_number,road_type,speed_limit,junction_detail,junction_control,second_road_class,second_road_number,pedestrian_crossing-human_control,pedestrian_crossing-physical_facilities,light_conditions,weather_conditions,road_surface_conditions,special_conditions_at_site,carriageway_hazards,urban_or_rural_area,did_police_officer_attend_scene_of_accident,lsoa_of_accident_location,accident_severity_num,accident_severity_inv,date2,date_original,vehicle_reference_x,vehicle_type,towing_and_articulation,vehicle_manoeuvre,vehicle_location-restricted_lane,junction_location,skidding_and_overturning,hit_object_in_carriageway,vehicle_leaving_carriageway,hit_object_off_carriageway,1st_point_of_impact,was_vehicle_left_hand_drive?,journey_purpose_of_driver,sex_of_driver,age_of_driver,age_band_of_driver,engine_capacity_cc,propulsion_code,age_of_vehicle,driver_imd_decile,driver_home_area_type,vehicle_imd_decile,vehicle_reference_y,casualty_reference,casualty_class,sex_of_casualty,age_of_casualty,age_band_of_casualty,casualty_severity,pedestrian_location,pedestrian_movement,car_passenger,bus_or_coach_passenger,pedestrian_road_maintenance_worker,casualty_type,casualty_home_area_type,casualty_imd_decile,accident_year_x,accident_reference_x,local_authority_ons_district,pedestrian_crossing_human_control,pedestrian_crossing_physical_facilities,trunk_road_flag,accident_year_y,accident_reference_y,vehicle_direction_from,vehicle_direction_to,vehicle_location_restricted_lane,first_point_of_impact,vehicle_left_hand_drive,generic_make_model,accident_year,accident_reference,year,month,severity,hours
144911,201601VW40322,526760.0,169780.0,-0.178652,51.412824,1,Slight,2,2,2016-07-15,Friday,18:40,Merton,E09000024,3,236,6,30.0,6,4,3,236,,,1,9,1,0,0,1,1,E01003408,3,1,15/07/2016,15/07/2016,1,9,0,18,,8,0,0,0,0,,,6,Male,23,21 - 25,2494,1,17,2,1,,1,1,1,1,23,5,3,0,0,0,0,0,9,1,2,2016.0,01VW40322,E09000024,0.0,0.0,2.0,2016.0,01VW40322,2.0,6.0,0.0,1.0,1.0,-1,2016.0,01VW40322,2016,7,2,18
144928,201601VW40346,525310.0,167630.0,-0.20025,51.393823,1,Slight,2,1,2016-07-22,Friday,20:05,Merton,E09000024,6,0,6,30.0,6,4,6,0,,,1,1,1,0,0,1,1,E01003449,3,1,22/07/2016,22/07/2016,1,9,0,9,,8,0,0,0,0,,,6,Female,32,26 - 35,1794,1,10,5,1,,2,1,1,1,52,8,3,0,0,0,0,0,2,1,6,2016.0,01VW40346,E09000024,0.0,0.0,2.0,2016.0,01VW40346,6.0,4.0,0.0,1.0,1.0,-1,2016.0,01VW40346,2016,7,1,20
144931,201601VW40349,526930.0,170630.0,-0.175905,51.420425,1,Slight,2,2,2016-07-29,Friday,01:10,Merton,E09000024,3,24,6,30.0,3,4,6,0,,,4,1,1,0,0,1,1,E01003370,3,1,29/07/2016,29/07/2016,1,3,0,14,,8,1,0,0,0,,,2,Male,24,21 - 25,125,1,2,3,1,,1,1,1,1,24,5,3,0,0,0,0,0,3,1,3,2016.0,01VW40349,E09000024,0.0,4.0,2.0,2016.0,01VW40349,6.0,2.0,0.0,1.0,1.0,-1,2016.0,01VW40349,2016,7,2,1
144941,201601VW40364,525760.0,166970.0,-0.194019,51.387792,1,Slight,2,2,2016-05-08,Sunday,19:57,Sutton,E09000029,4,278,3,30.0,6,4,4,278,,,1,1,1,0,0,1,1,E01003450,3,1,05/08/2016,05/08/2016,1,9,0,18,,8,0,0,0,0,,,6,Female,24,21 - 25,1364,1,9,-1,-1,,1,1,1,2,24,5,3,0,0,0,0,0,9,-1,-1,2016.0,01VW40364,E09000029,0.0,0.0,2.0,2016.0,01VW40364,8.0,4.0,0.0,3.0,1.0,-1,2016.0,01VW40364,2016,5,2,19
144948,201601VW40371,525110.0,169910.0,-0.20232,51.414358,1,Slight,4,2,2016-07-24,Sunday,19:55,Merton,E09000024,3,238,6,30.0,3,2,4,285,,,1,1,1,0,0,1,1,E01003384,3,1,24/07/2016,24/07/2016,1,9,0,4,,2,0,0,0,0,,,6,Male,31,26 - 35,3697,7,20,9,1,,3,1,1,2,49,8,3,0,0,0,0,0,9,1,8,2016.0,01VW40371,E09000024,0.0,5.0,2.0,2016.0,01VW40371,2.0,6.0,0.0,2.0,1.0,-1,2016.0,01VW40371,2016,7,2,19
144961,201601VW40385,525500.0,168240.0,-0.197305,51.399263,1,Slight,2,1,2016-08-20,Saturday,23:20,Merton,E09000024,3,24,3,30.0,3,4,6,0,,,4,1,1,0,0,1,1,E01003427,3,1,20/08/2016,20/08/2016,1,9,0,3,,8,0,0,0,0,,,6,Female,28,26 - 35,1368,1,7,8,1,,1,1,1,2,28,6,3,0,0,0,0,0,9,1,8,2016.0,01VW40385,E09000024,0.0,0.0,2.0,2016.0,01VW40385,2.0,6.0,0.0,2.0,1.0,-1,2016.0,01VW40385,2016,8,1,23
144963,201601VW40387,525300.0,171760.0,-0.198935,51.430943,1,Slight,1,1,2016-08-23,Tuesday,22:23,Merton,E09000024,6,0,6,30.0,0,-1,-1,-1,,,4,1,1,0,0,1,1,E01003476,3,1,23/08/2016,23/08/2016,1,9,0,5,,0,0,0,0,0,,,6,Male,18,16 - 20,1229,1,9,9,1,,1,1,3,1,18,4,3,9,5,0,0,2,0,1,10,2016.0,01VW40387,E09000024,0.0,0.0,2.0,2016.0,01VW40387,6.0,2.0,0.0,2.0,1.0,-1,2016.0,01VW40387,2016,8,1,22
144999,201601WW50038,523350.0,174520.0,-0.226011,51.456176,1,Slight,1,1,2016-01-19,Tuesday,20:50,Wandsworth,E09000032,6,0,6,30.0,1,4,6,0,,,4,1,4,0,0,1,1,E01004643,3,1,19/01/2016,19/01/2016,1,3,0,9,,8,1,0,0,0,,,1,Male,32,26 - 35,108,1,7,3,1,,1,1,1,1,32,6,3,0,0,0,0,0,3,1,3,2016.0,01WW50038,E09000032,0.0,0.0,2.0,2016.0,01WW50038,1.0,7.0,0.0,4.0,1.0,-1,2016.0,01WW50038,2016,1,1,20
145002,201601WW50042,529180.0,171810.0,-0.143133,51.430522,1,Slight,2,1,2016-01-25,Monday,18:45,Wandsworth,E09000032,6,0,6,30.0,8,4,6,0,,,7,9,2,0,0,1,1,E01004523,3,1,25/01/2016,25/01/2016,1,3,0,18,,1,1,0,0,0,,,6,Female,32,26 - 35,108,1,8,2,1,,1,1,1,2,32,6,3,0,0,0,0,0,3,1,2,2016.0,01WW50042,E09000032,0.0,0.0,2.0,2016.0,01WW50042,3.0,7.0,0.0,1.0,1.0,-1,2016.0,01WW50042,2016,1,1,18
145009,201601WW50051,527040.0,177070.0,-0.172013,51.478278,1,Slight,2,1,2016-01-16,Saturday,23:56,Wandsworth,E09000032,5,0,6,30.0,3,4,6,0,,,7,9,1,0,0,1,1,E01004583,3,1,16/01/2016,16/01/2016,1,3,0,18,,1,0,0,0,0,,,6,Male,24,21 - 25,125,1,5,7,1,,1,1,1,1,24,5,3,0,0,0,0,0,3,1,7,2016.0,01WW50051,E09000032,0.0,0.0,2.0,2016.0,01WW50051,2.0,6.0,0.0,1.0,1.0,-1,2016.0,01WW50051,2016,1,1,23
145025,201601WW50073,526220.0,174770.0,-0.184635,51.45779,1,Slight,1,1,2016-01-22,Friday,21:15,Wandsworth,E09000032,3,3036,6,30.0,3,4,3,3036,,,4,1,1,0,0,1,1,E01004510,3,1,22/01/2016,22/01/2016,1,3,0,18,,1,1,0,0,0,,,1,Male,19,16 - 20,108,1,2,-1,-1,,1,1,1,1,19,4,3,0,0,0,0,0,3,-1,-1,2016.0,01WW50073,E09000032,0.0,4.0,2.0,2016.0,01WW50073,2.0,6.0,0.0,0.0,1.0,-1,2016.0,01WW50073,2016,1,1,21
145030,201601WW50080,527720.0,172760.0,-0.163782,51.43939,1,Slight,1,2,2016-01-29,Friday,22:33,Wandsworth,E09000032,3,214,6,30.0,3,2,4,237,,,4,2,2,0,0,1,1,E01004549,3,1,29/01/2016,29/01/2016,1,9,0,17,,8,0,0,0,0,,,6,Female,32,26 - 35,1995,2,4,4,1,,1,1,3,1,44,7,3,1,1,0,0,2,0,1,5,2016.0,01WW50080,E09000032,0.0,5.0,2.0,2016.0,01WW50080,4.0,1.0,0.0,4.0,1.0,-1,2016.0,01WW50080,2016,1,2,22
145036,201601WW50086,527970.0,175030.0,-0.159366,51.459734,1,Slight,2,2,2016-01-31,Sunday,22:15,Wandsworth,E09000032,3,205,6,30.0,3,4,6,0,,,4,1,1,0,0,1,1,E01004554,3,1,31/01/2016,31/01/2016,1,9,0,18,,8,0,0,0,0,,,6,Male,33,26 - 35,2993,2,11,5,1,,1,1,1,1,33,6,3,0,0,0,0,0,9,1,5,2016.0,01WW50086,E09000032,0.0,0.0,2.0,2016.0,01WW50086,3.0,7.0,0.0,1.0,1.0,-1,2016.0,01WW50086,2016,1,2,22
145040,201601WW50090,527050.0,176190.0,-0.172185,51.470367,1,Slight,2,1,2016-01-24,Sunday,19:15,Wandsworth,E09000032,6,0,6,30.0,0,-1,-1,-1,,,4,1,1,0,0,1,1,E01004580,3,1,24/01/2016,24/01/2016,1,3,0,16,,0,0,0,0,0,,,6,Male,28,26 - 35,125,1,8,4,1,,1,1,1,1,28,6,3,0,0,0,0,0,3,1,4,2016.0,01WW50090,E09000032,0.0,0.0,2.0,2016.0,01WW50090,5.0,8.0,0.0,1.0,1.0,-1,2016.0,01WW50090,2016,1,1,19
145057,201601WW50109,523950.0,175030.0,-0.217201,51.460628,1,Slight,2,1,2016-07-02,Saturday,19:18,Wandsworth,E09000032,3,219,6,30.0,6,2,3,205,,,4,2,2,0,0,1,2,E01004506,3,1,07/02/2016,07/02/2016,1,9,0,3,,8,0,0,0,0,,,6,Male,31,26 - 35,1995,2,8,5,1,,1,1,1,1,31,6,3,0,0,0,0,0,9,1,5,2016.0,01WW50109,E09000032,0.0,5.0,2.0,2016.0,01WW50109,5.0,1.0,0.0,1.0,1.0,-1,2016.0,01WW50109,2016,7,1,19
145059,201601WW50111,523570.0,174920.0,-0.222706,51.459723,1,Slight,2,1,2016-12-01,Thursday,18:20,Wandsworth,E09000032,6,0,1,30.0,2,4,6,0,,,4,1,1,0,0,1,1,E01004501,3,1,12/01/2016,12/01/2016,1,9,0,18,,8,0,0,0,0,,,6,Male,35,26 - 35,2993,2,6,6,1,,1,1,1,1,35,6,3,0,0,0,0,0,9,1,6,2016.0,01WW50111,E09000032,0.0,0.0,2.0,2016.0,01WW50111,5.0,1.0,0.0,1.0,1.0,-1,2016.0,01WW50111,2016,12,1,18
145060,201601WW50112,527330.0,171260.0,-0.169929,51.425997,1,Slight,2,2,2016-10-02,Sunday,18:40,Wandsworth,E09000032,3,24,6,30.0,3,4,6,0,,,4,1,1,0,0,1,2,E01004526,3,1,10/02/2016,10/02/2016,1,9,0,10,,8,0,0,0,0,,,6,Female,32,26 - 35,1598,1,1,3,1,,1,1,1,2,32,6,3,0,0,0,0,0,9,1,3,2016.0,01WW50112,E09000032,0.0,0.0,2.0,2016.0,01WW50112,6.0,4.0,0.0,2.0,1.0,-1,2016.0,01WW50112,2016,10,2,18
145066,201601WW50119,524250.0,174950.0,-0.212913,51.459844,1,Serious,3,1,2016-05-02,Monday,19:18,Wandsworth,E09000032,3,205,6,30.0,3,4,6,0,,,4,2,2,0,0,1,1,E01004506,2,2,05/02/2016,05/02/2016,1,3,0,13,,8,0,0,0,0,,,6,Male,20,16 - 20,124,1,15,6,1,,1,1,1,1,20,4,2,0,0,0,0,0,3,1,6,2016.0,01WW50119,E09000032,0.0,0.0,2.0,2016.0,01WW50119,4.0,8.0,0.0,1.0,1.0,-1,2016.0,01WW50119,2016,5,2,19
145069,201601WW50123,522130.0,174250.0,-0.243655,51.454013,1,Slight,2,1,2016-02-24,Wednesday,19:30,Wandsworth,E09000032,3,306,6,30.0,3,4,3,306,,,4,1,1,0,0,1,1,E01004568,3,1,24/02/2016,24/02/2016,1,9,0,17,,1,0,0,0,0,,,6,Male,29,26 - 35,973,1,16,10,1,,2,1,1,1,35,6,3,0,0,0,0,0,9,1,3,2016.0,01WW50123,E09000032,0.0,4.0,2.0,2016.0,01WW50123,7.0,5.0,0.0,1.0,1.0,-1,2016.0,01WW50123,2016,2,1,19
145073,201601WW50130,525390.0,174790.0,-0.196569,51.458154,1,Slight,2,1,2016-07-02,Saturday,18:00,Wandsworth,E09000032,3,217,2,30.0,0,-1,-1,-1,,,4,5,2,0,0,1,1,E01004509,3,1,07/02/2016,07/02/2016,1,9,0,12,,0,0,0,0,0,,,6,Male,24,21 - 25,1598,2,3,4,1,,2,1,1,1,28,6,3,0,0,0,0,0,3,1,8,2016.0,01WW50130,E09000032,0.0,0.0,2.0,2016.0,01WW50130,6.0,2.0,0.0,3.0,1.0,-1,2016.0,01WW50130,2016,7,1,18
145077,201601WW50135,528790.0,174040.0,-0.14793,51.450651,1,Serious,2,1,2016-02-19,Friday,19:25,Wandsworth,E09000032,3,24,6,30.0,8,4,6,0,,,4,1,1,0,0,1,1,E01004476,2,2,19/02/2016,19/02/2016,1,9,0,9,,8,0,0,0,0,,,6,Male,35,26 - 35,1956,2,5,7,1,,2,1,1,1,35,6,2,0,0,0,0,0,5,1,5,2016.0,01WW50135,E09000032,0.0,0.0,2.0,2016.0,01WW50135,3.0,1.0,0.0,3.0,1.0,-1,2016.0,01WW50135,2016,2,2,19
145100,201601WW50163,527470.0,176370.0,-0.166077,51.47189,1,Slight,1,1,2016-02-26,Friday,20:55,Wandsworth,E09000032,3,3205,6,30.0,3,4,6,0,,,4,1,1,0,0,1,1,E01004540,3,1,26/02/2016,26/02/2016,1,9,0,18,,8,0,0,0,0,,,6,Male,31,26 - 35,1560,2,3,8,1,,1,1,3,2,22,5,3,1,1,0,0,2,0,-1,-1,2016.0,01WW50163,E09000032,0.0,4.0,2.0,2016.0,01WW50163,6.0,2.0,0.0,4.0,1.0,-1,2016.0,01WW50163,2016,2,1,20
145123,201601WW50189,527840.0,175560.0,-0.161045,51.464527,1,Slight,2,1,2016-11-03,Thursday,20:00,Wandsworth,E09000032,3,3036,6,30.0,6,4,6,0,,,4,1,1,0,0,1,1,E01004586,3,1,11/03/2016,11/03/2016,1,3,0,18,,8,0,0,0,0,,,6,Male,27,26 - 35,125,1,5,3,1,,1,1,1,1,27,6,3,0,0,0,0,0,3,1,3,2016.0,01WW50189,E09000032,0.0,0.0,2.0,2016.0,01WW50189,2.0,6.0,0.0,1.0,1.0,-1,2016.0,01WW50189,2016,11,1,20
145125,201601WW50191,528510.0,173320.0,-0.152218,51.444244,1,Serious,1,1,2016-09-03,Saturday,22:46,Wandsworth,E09000032,3,24,6,30.0,0,-1,-1,-1,,,4,1,1,0,0,1,1,E01004545,2,2,09/03/2016,09/03/2016,1,9,0,18,,0,0,0,0,0,,,6,Male,19,16 - 20,2204,2,8,4,1,,1,1,3,2,24,5,2,4,1,0,0,2,0,1,7,2016.0,01WW50191,E09000032,0.0,4.0,2.0,2016.0,01WW50191,6.0,2.0,0.0,1.0,1.0,-1,2016.0,01WW50191,2016,9,2,22
145128,201601WW50194,527400.0,176550.0,-0.167019,51.473523,1,Slight,2,1,2016-12-03,Saturday,19:20,Wandsworth,E09000032,6,0,6,30.0,0,-1,-1,-1,,,4,1,1,0,0,1,1,E01004577,3,1,12/03/2016,12/03/2016,1,9,0,18,,0,0,0,0,0,,,6,Male,26,26 - 35,1968,2,5,2,1,,2,1,1,1,42,7,3,0,0,0,0,0,1,1,6,2016.0,01WW50194,E09000032,0.0,0.0,2.0,2016.0,01WW50194,6.0,2.0,0.0,4.0,1.0,-1,2016.0,01WW50194,2016,12,1,19
145129,201601WW50195,524330.0,173370.0,-0.212317,51.445626,1,Slight,2,2,2016-02-26,Friday,19:24,Wandsworth,E09000032,6,0,6,30.0,0,-1,-1,-1,,,4,1,1,0,0,1,1,E01004633,3,1,26/02/2016,26/02/2016,1,9,0,18,,0,0,4,1,10,,,6,Female,31,26 - 35,1769,1,14,4,1,,1,1,1,2,31,6,3,0,0,0,0,0,9,1,4,2016.0,01WW50195,E09000032,0.0,0.0,2.0,2016.0,01WW50195,7.0,3.0,0.0,1.0,1.0,-1,2016.0,01WW50195,2016,2,2,19
145142,201601WW50208,528380.0,175200.0,-0.153406,51.46117,1,Slight,2,1,2016-11-03,Thursday,19:30,Wandsworth,E09000032,3,3,6,30.0,3,4,6,0,,,4,1,1,0,0,1,1,E01004554,3,1,11/03/2016,11/03/2016,1,3,0,18,,8,0,0,0,0,,,6,Male,18,16 - 20,125,1,10,5,1,,2,1,1,1,39,7,3,0,0,0,0,0,5,1,8,2016.0,01WW50208,E09000032,0.0,0.0,2.0,2016.0,01WW50208,3.0,7.0,0.0,1.0,1.0,-1,2016.0,01WW50208,2016,11,1,19
145144,201601WW50210,527310.0,171210.0,-0.170234,51.425552,1,Slight,2,2,2016-03-13,Sunday,02:25,Wandsworth,E09000032,3,24,6,30.0,3,4,6,0,,,4,1,1,0,0,1,1,E01004526,3,1,13/03/2016,13/03/2016,1,9,0,18,,8,0,0,0,0,,,6,Female,30,26 - 35,1598,2,2,7,1,,1,1,1,2,30,6,3,0,0,0,0,0,9,1,7,2016.0,01WW50210,E09000032,0.0,0.0,2.0,2016.0,01WW50210,1.0,5.0,0.0,1.0,2.0,-1,2016.0,01WW50210,2016,3,2,2
145151,201601WW50217,523980.0,175140.0,-0.216731,51.46161,1,Slight,3,2,2016-03-16,Wednesday,18:10,Wandsworth,E09000032,3,219,6,30.0,6,2,6,0,,,1,1,1,0,0,1,1,E01004609,3,1,16/03/2016,16/03/2016,1,9,0,12,,8,0,0,0,0,,,6,Male,27,26 - 35,1995,2,1,5,1,,1,1,1,1,27,6,3,0,0,0,0,0,9,1,5,2016.0,01WW50217,E09000032,0.0,5.0,2.0,2016.0,01WW50217,1.0,5.0,0.0,1.0,1.0,-1,2016.0,01WW50217,2016,3,2,18
145162,201601WW50228,527460.0,175470.0,-0.166545,51.463804,1,Slight,2,1,2016-03-18,Friday,22:13,Wandsworth,E09000032,3,3036,6,30.0,3,4,6,0,,,4,1,1,0,0,1,1,E01004551,3,1,18/03/2016,18/03/2016,1,3,0,18,,2,0,0,0,0,,,6,Male,24,21 - 25,108,1,2,1,1,,1,1,1,1,24,5,3,0,0,0,0,0,3,1,1,2016.0,01WW50228,E09000032,0.0,0.0,2.0,2016.0,01WW50228,3.0,7.0,0.0,3.0,1.0,-1,2016.0,01WW50228,2016,3,1,22
145176,201601WW50244,524050.0,174500.0,-0.215948,51.455843,1,Slight,2,1,2016-08-04,Thursday,20:45,Wandsworth,E09000032,6,0,6,30.0,3,4,6,0,,,4,1,1,0,0,1,1,E01004500,3,1,08/04/2016,08/04/2016,1,3,0,18,,8,0,8,0,0,,,1,Male,30,26 - 35,125,1,9,10,1,,1,1,1,1,30,6,3,0,0,0,0,0,3,1,10,2016.0,01WW50244,E09000032,0.0,0.0,2.0,2016.0,01WW50244,8.0,4.0,0.0,1.0,1.0,-1,2016.0,01WW50244,2016,8,1,20
145178,201601WW50246,526160.0,175320.0,-0.185302,51.462747,1,Slight,2,1,2016-11-04,Friday,18:53,Wandsworth,E09000032,3,217,1,30.0,1,2,3,3205,,,1,1,1,0,0,1,1,E01004538,3,1,11/04/2016,11/04/2016,1,9,0,16,,8,0,0,0,0,,,6,Female,29,26 - 35,1598,2,5,3,1,,2,1,1,1,40,7,3,0,0,0,0,0,2,1,4,2016.0,01WW50246,E09000032,0.0,5.0,2.0,2016.0,01WW50246,8.0,2.0,0.0,1.0,1.0,-1,2016.0,01WW50246,2016,11,1,18
145179,201601WW50247,524100.0,175490.0,-0.214881,51.46473,1,Slight,1,1,2016-03-27,Sunday,19:55,Wandsworth,E09000032,3,219,6,30.0,3,2,3,3209,,,4,2,2,0,0,1,1,E01004609,3,1,27/03/2016,27/03/2016,1,9,0,7,,8,0,0,0,0,,,6,Male,31,26 - 35,1968,2,1,6,1,,1,1,3,2,25,5,3,4,1,0,0,2,0,1,7,2016.0,01WW50247,E09000032,0.0,5.0,2.0,2016.0,01WW50247,2.0,4.0,0.0,4.0,1.0,-1,2016.0,01WW50247,2016,3,1,19
145180,201601WW50248,527840.0,175560.0,-0.161045,51.464527,1,Slight,2,1,2016-06-04,Saturday,19:30,Wandsworth,E09000032,3,3036,6,30.0,6,4,6,0,,,4,1,1,0,0,1,1,E01004586,3,1,06/04/2016,06/04/2016,1,9,0,9,,8,0,0,0,0,,,6,Male,28,26 - 35,1329,1,6,3,1,,2,1,1,1,22,5,3,0,0,0,0,0,3,1,4,2016.0,01WW50248,E09000032,0.0,0.0,2.0,2016.0,01WW50248,8.0,6.0,0.0,1.0,1.0,-1,2016.0,01WW50248,2016,6,1,19
145192,201601WW50262,528740.0,173040.0,-0.149012,51.441676,1,Slight,1,1,2016-07-01,Friday,23:32,Wandsworth,E09000032,4,242,6,30.0,3,4,6,0,,,7,9,1,0,0,1,1,E01004484,3,1,07/01/2016,07/01/2016,1,9,0,9,,1,0,10,1,10,,,6,Female,26,26 - 35,1598,1,14,2,1,,1,1,1,2,26,6,3,0,0,0,0,0,9,1,2,2016.0,01WW50262,E09000032,0.0,4.0,2.0,2016.0,01WW50262,4.0,3.0,0.0,1.0,1.0,-1,2016.0,01WW50262,2016,7,1,23
145194,201601WW50264,526070.0,175400.0,-0.186569,51.463486,1,Serious,2,1,2016-12-01,Thursday,19:46,Wandsworth,E09000032,3,217,6,30.0,3,4,6,0,,,7,9,1,0,0,1,1,E01004509,2,2,12/01/2016,12/01/2016,1,9,0,18,,2,0,0,0,0,,,6,Male,23,21 - 25,1398,1,5,-1,-1,,1,1,3,2,29,6,2,5,1,0,0,2,0,1,6,2016.0,01WW50264,E09000032,0.0,0.0,2.0,2016.0,01WW50264,8.0,4.0,0.0,3.0,1.0,-1,2016.0,01WW50264,2016,12,2,19
145197,201601WW50271,526110.0,172690.0,-0.186959,51.439121,1,Slight,2,1,2016-03-18,Friday,19:30,Wandsworth,E09000032,3,217,6,30.0,3,4,6,0,,,4,1,1,0,0,1,1,E01004498,3,1,18/03/2016,18/03/2016,1,2,0,18,,8,0,0,0,0,,,6,Male,26,26 - 35,125,1,15,3,1,,1,1,1,1,26,6,3,0,0,0,0,0,2,1,3,2016.0,01WW50271,E09000032,0.0,0.0,2.0,2016.0,01WW50271,1.0,5.0,0.0,1.0,1.0,-1,2016.0,01WW50271,2016,3,1,19
145199,201601WW50273,527710.0,173750.0,-0.163568,51.44829,1,Slight,2,2,2016-04-23,Saturday,19:04,Wandsworth,E09000032,4,229,6,30.0,6,2,4,237,,,1,1,1,0,0,1,1,E01004559,3,1,23/04/2016,23/04/2016,1,9,0,9,,8,0,0,0,0,,,6,Female,34,26 - 35,2000,1,11,7,1,,1,1,1,2,34,6,3,0,0,0,0,0,9,1,7,2016.0,01WW50273,E09000032,0.0,5.0,2.0,2016.0,01WW50273,8.0,6.0,0.0,1.0,1.0,-1,2016.0,01WW50273,2016,4,2,19
145209,201601WW50284,528280.0,176850.0,-0.154246,51.476021,1,Slight,2,1,2016-04-26,Tuesday,18:07,Wandsworth,E09000032,5,0,6,30.0,3,4,6,0,,,1,1,1,0,0,1,1,E01004566,3,1,26/04/2016,26/04/2016,1,9,0,9,,8,0,0,0,0,,,6,Male,26,26 - 35,1984,1,13,2,1,,2,1,1,1,43,7,3,0,0,0,0,0,2,1,5,2016.0,01WW50284,E09000032,0.0,0.0,2.0,2016.0,01WW50284,4.0,2.0,0.0,3.0,1.0,-1,2016.0,01WW50284,2016,4,1,18
145225,201601WW50301,525800.0,174900.0,-0.190631,51.459052,1,Slight,2,2,2016-01-04,Monday,18:09,Wandsworth,E09000032,3,217,6,30.0,6,2,5,0,,,1,1,1,0,0,1,1,E01004509,3,1,01/04/2016,01/04/2016,1,9,0,10,,8,0,0,0,0,,,6,Female,34,26 - 35,1995,2,4,3,1,,1,1,1,2,34,6,3,0,0,0,0,0,9,1,3,2016.0,01WW50301,E09000032,0.0,5.0,2.0,2016.0,01WW50301,6.0,4.0,0.0,2.0,1.0,-1,2016.0,01WW50301,2016,1,2,18
145229,201601WW50305,521760.0,175460.0,-0.248561,51.464968,1,Slight,2,1,2016-04-30,Saturday,18:26,Richmond upon Thames,E09000027,3,205,6,30.0,6,2,5,0,,,1,1,1,0,0,1,1,E01004575,3,1,30/04/2016,30/04/2016,1,3,0,18,,8,0,0,0,0,,,6,Male,18,16 - 20,125,1,0,4,1,,1,1,1,1,18,4,3,0,0,0,0,0,3,1,4,2016.0,01WW50305,E09000027,0.0,5.0,2.0,2016.0,01WW50305,3.0,7.0,0.0,1.0,1.0,-1,2016.0,01WW50305,2016,4,1,18
145230,201601WW50306,525060.0,174930.0,-0.201267,51.459486,1,Slight,2,1,2016-08-04,Thursday,19:30,Wandsworth,E09000032,6,0,6,30.0,3,4,5,0,,,4,1,1,0,0,1,1,E01004511,3,1,08/04/2016,08/04/2016,1,8,0,3,,1,0,0,0,0,,,1,Male,34,26 - 35,-1,-1,-1,8,1,,1,1,1,1,34,6,3,0,0,0,0,0,8,1,8,2016.0,01WW50306,E09000032,0.0,0.0,2.0,2016.0,01WW50306,5.0,1.0,0.0,3.0,1.0,-1,2016.0,01WW50306,2016,8,1,19
145257,201601WW50335,526930.0,172880.0,-0.175099,51.440646,1,Slight,2,1,2016-02-05,Friday,22:29,Wandsworth,E09000032,4,229,6,30.0,3,4,6,0,,,4,1,1,0,0,1,1,E01004624,3,1,02/05/2016,02/05/2016,1,9,0,7,,8,0,0,0,0,,,6,Female,20,16 - 20,1242,1,4,3,1,,2,1,1,1,20,4,3,0,0,0,0,0,1,1,7,2016.0,01WW50335,E09000032,0.0,0.0,2.0,2016.0,01WW50335,8.0,2.0,0.0,3.0,1.0,-1,2016.0,01WW50335,2016,2,1,22
145261,201601WW50339,526650.0,175450.0,-0.178206,51.463806,1,Slight,2,1,2016-07-05,Tuesday,19:22,Wandsworth,E09000032,6,0,6,30.0,3,4,6,0,,,1,1,1,0,0,1,1,E01004537,3,1,07/05/2016,07/05/2016,1,9,0,9,,8,0,0,0,0,,,6,Female,32,26 - 35,1390,1,10,4,1,,2,1,1,1,27,6,3,0,0,0,0,0,3,1,4,2016.0,01WW50339,E09000032,0.0,0.0,2.0,2016.0,01WW50339,8.0,6.0,0.0,1.0,1.0,-1,2016.0,01WW50339,2016,7,1,19
145284,201601WW50364,525690.0,174630.0,-0.19231,51.45665,1,Serious,2,1,2016-05-18,Wednesday,18:15,Wandsworth,E09000032,3,3,6,30.0,6,2,3,217,,,1,1,1,0,0,1,2,E01004509,2,2,18/05/2016,18/05/2016,1,3,0,18,,8,0,0,0,0,,,6,Male,28,26 - 35,125,1,1,10,1,,1,1,1,1,28,6,2,0,0,0,0,0,3,1,10,2016.0,01WW50364,E09000032,0.0,5.0,2.0,2016.0,01WW50364,3.0,7.0,0.0,4.0,1.0,-1,2016.0,01WW50364,2016,5,2,18
145289,201601WW50369,527710.0,175850.0,-0.162811,51.467163,1,Slight,2,1,2016-07-05,Tuesday,18:29,Wandsworth,E09000032,3,3220,6,30.0,3,4,6,0,,,1,1,1,0,0,1,1,E01004585,3,1,07/05/2016,07/05/2016,1,9,0,18,,8,0,0,0,0,,,6,Male,25,21 - 25,1896,2,9,7,1,,2,1,1,1,37,7,3,0,0,0,0,0,1,1,2,2016.0,01WW50369,E09000032,0.0,0.0,2.0,2016.0,01WW50369,3.0,7.0,0.0,4.0,1.0,-1,2016.0,01WW50369,2016,7,1,18
145295,201601WW50375,523940.0,175050.0,-0.217338,51.46081,1,Slight,2,3,2016-05-28,Saturday,18:00,Wandsworth,E09000032,3,205,6,30.0,6,2,3,219,,,1,1,1,0,0,1,2,E01004506,3,1,28/05/2016,28/05/2016,1,9,0,18,,8,0,0,0,0,,,6,Male,31,26 - 35,1798,1,8,5,1,,1,1,1,1,31,6,3,0,0,0,0,0,9,1,5,2016.0,01WW50375,E09000032,0.0,5.0,2.0,2016.0,01WW50375,4.0,8.0,0.0,2.0,1.0,-1,2016.0,01WW50375,2016,5,3,18