,accident_index,location_easting_osgr,location_northing_osgr,longitude,latitude,police_force,accident_severity,number_of_vehicles,number_of_casualties,date,day_of_week,time,local_authority_district,local_authority_highway,first_road_class,first_road_number,road_type,speed_limit,junction_detail,junction_control,second_road_class,second_road_number,pedestrian_crossing-human_control,pedestrian_crossing-physical_facilities,light_conditions,weather_conditions,road_surface_conditions,special_conditions_at_site,carriageway_hazards,urban_or_rural_area,did_police_officer_attend_scene_of_accident,lsoa_of_accident_location,accident_severity_num,accident_severity_inv,date2,date_original,vehicle_reference_x,vehicle_type,towing_and_articulation,vehicle_manoeuvre,vehicle_location-restricted_lane,junction_location,skidding_and_overturning,hit_object_in_carriageway,vehicle_leaving_carriageway,hit_object_off_carriageway,1st_point_of_impact,was_vehicle_left_hand_drive?,journey_purpose_of_driver,sex_of_driver,age_of_driver,age_band_of_driver,engine_capacity_cc,propulsion_code,age_of_vehicle,driver_imd_decile,driver_home_area_type,vehicle_imd_decile,vehicle_reference_y,casualty_reference,casualty_class,sex_of_casualty,age_of_casualty,age_band_of_casualty,casualty_severity,pedestrian_location,pedestrian_movement,car_passenger,bus_or_coach_passenger,pedestrian_road_maintenance_worker,casualty_type,casualty_home_area_type,casualty_imd_decile,accident_year_x,accident_reference_x,local_authority_ons_district,pedestrian_crossing_human_control,pedestrian_crossing_physical_facilities,trunk_road_flag,accident_year_y,accident_reference_y,vehicle_direction_from,vehicle_direction_to,vehicle_location_restricted_lane,first_point_of_impact,vehicle_left_hand_drive,generic_make_model,accident_year,accident_reference,year,month,severity,hours
145667,201601XD80077,519510.0,183680.0,-0.278153,51.539325,1,Slight,2,2,2016-07-02,Saturday,22:50,Brent,E09000005,3,406,7,40.0,5,2,5,0,,,4,5,2,3,0,1,1,E01000600,3,1,07/02/2016,07/02/2016,1,9,0,4,,8,0,0,0,0,,,2,Male,21,21 - 25,1390,1,5,8,1,,1,1,1,1,21,5,3,0,0,0,0,0,9,1,8,2016.0,01XD80077,E09000005,0.0,0.0,2.0,2016.0,01XD80077,2.0,6.0,0.0,1.0,1.0,-1,2016.0,01XD80077,2016,7,2,22
145673,201601XD80085,514810.0,183230.0,-0.34604,51.536255,1,Slight,2,1,2016-11-02,Wednesday,19:00,Ealing,E09000009,3,4127,1,30.0,1,2,3,40,,,4,9,1,0,0,1,1,E01001267,3,1,11/02/2016,11/02/2016,1,9,0,18,,8,0,0,0,0,,,2,Male,35,26 - 35,-1,-1,-1,6,1,,1,1,1,1,35,6,3,0,0,0,0,0,9,1,6,2016.0,01XD80085,E09000009,0.0,5.0,2.0,2016.0,01XD80085,1.0,5.0,0.0,3.0,1.0,-1,2016.0,01XD80085,2016,11,1,19
145703,201601XD80127,512810.0,180350.0,-0.375785,51.510773,1,Slight,1,1,2016-02-27,Saturday,19:30,Ealing,E09000009,3,3005,6,30.0,3,4,6,0,,,4,1,1,0,0,1,1,E01001361,3,1,27/02/2016,27/02/2016,1,9,0,18,,2,0,0,0,0,,,6,Male,30,26 - 35,1364,2,4,1,1,,1,1,3,1,66,10,3,5,1,0,0,2,0,1,3,2016.0,01XD80127,E09000009,0.0,0.0,2.0,2016.0,01XD80127,6.0,2.0,0.0,1.0,1.0,-1,2016.0,01XD80127,2016,2,1,19
145704,201601XD80128,513900.0,185240.0,-0.358505,51.554505,1,Slight,2,1,2016-02-27,Saturday,23:10,Ealing,E09000009,3,4090,6,30.0,3,4,6,0,,,4,1,1,0,0,1,1,E01001315,3,1,27/02/2016,27/02/2016,1,9,0,18,,8,0,0,0,0,,,6,Male,19,16 - 20,1995,1,6,5,1,,1,1,1,1,19,4,3,0,0,0,0,0,9,1,5,2016.0,01XD80128,E09000009,0.0,0.0,2.0,2016.0,01XD80128,8.0,4.0,0.0,3.0,1.0,-1,2016.0,01XD80128,2016,2,1,23
145706,201601XD80130,512620.0,179820.0,-0.378691,51.506047,1,Slight,1,1,2016-02-21,Sunday,20:56,Ealing,E09000009,3,3005,6,30.0,0,-1,-1,-1,,,4,1,1,0,0,1,1,E01001362,3,1,21/02/2016,21/02/2016,1,9,0,18,,0,0,0,0,0,,,6,Male,21,21 - 25,2967,2,10,3,1,,1,1,3,1,32,6,3,5,1,0,0,2,0,-1,-1,2016.0,01XD80130,E09000009,0.0,0.0,2.0,2016.0,01XD80130,1.0,5.0,0.0,1.0,1.0,-1,2016.0,01XD80130,2016,2,1,20
145712,201601XD80137,518910.0,180430.0,-0.287897,51.510242,1,Slight,1,1,2016-02-25,Thursday,18:20,Ealing,E09000009,3,4020,6,30.0,6,4,6,0,,,4,1,1,0,0,1,1,E01001352,3,1,25/02/2016,25/02/2016,1,3,0,18,,8,0,0,0,0,,,6,Male,35,26 - 35,124,1,8,6,1,,1,1,1,1,35,6,3,0,0,0,0,0,3,1,6,2016.0,01XD80137,E09000009,0.0,0.0,2.0,2016.0,01XD80137,4.0,8.0,0.0,3.0,1.0,-1,2016.0,01XD80137,2016,2,1,18
145741,201601XD80173,520320.0,181990.0,-0.267056,51.523964,1,Slight,2,1,2016-05-02,Monday,23:05,Ealing,E09000009,3,40,3,30.0,3,4,6,0,,,4,1,1,0,0,1,1,E01001247,3,1,05/02/2016,05/02/2016,1,5,0,18,,8,0,0,0,0,,,6,Male,27,26 - 35,599,1,12,3,1,,1,1,1,1,27,6,3,0,0,0,0,0,5,1,3,2016.0,01XD80173,E09000009,0.0,0.0,2.0,2016.0,01XD80173,4.0,8.0,0.0,1.0,1.0,-1,2016.0,01XD80173,2016,5,1,23
145746,201601XD80179,517380.0,179930.0,-0.3101,51.506068,1,Slight,1,1,2016-10-03,Monday,23:27,Ealing,E09000009,6,0,6,30.0,0,-1,-1,-1,,,7,1,1,0,0,1,1,E01001382,3,1,10/03/2016,10/03/2016,1,9,0,18,,0,1,10,1,2,,,6,Male,20,16 - 20,1124,1,9,2,1,,1,1,2,1,19,4,3,0,0,1,0,0,9,1,4,2016.0,01XD80179,E09000009,0.0,0.0,2.0,2016.0,01XD80179,4.0,8.0,0.0,1.0,1.0,-1,2016.0,01XD80179,2016,10,1,23
145752,201601XD80185,515660.0,180240.0,-0.334771,51.509208,1,Slight,2,1,2016-03-18,Friday,18:43,Ealing,E09000009,5,0,6,30.0,0,-1,-1,-1,,,7,1,1,0,0,1,1,E01001252,3,1,18/03/2016,18/03/2016,1,2,0,18,,0,0,0,0,0,,,1,Male,33,26 - 35,49,1,8,5,1,,1,1,1,1,33,6,3,0,0,0,0,0,2,1,5,2016.0,01XD80185,E09000009,0.0,0.0,2.0,2016.0,01XD80185,5.0,1.0,0.0,2.0,1.0,-1,2016.0,01XD80185,2016,3,1,18
145762,201601XD80197,515230.0,179630.0,-0.341163,51.503814,1,Slight,2,1,2016-03-26,Saturday,18:40,Ealing,E09000009,6,0,6,30.0,0,-1,-1,-1,,,4,5,2,0,0,1,1,E01001254,3,1,26/03/2016,26/03/2016,1,3,0,18,,0,0,0,0,0,,,1,Male,35,26 - 35,125,1,1,2,1,,1,1,1,1,35,6,3,0,0,0,0,0,3,1,2,2016.0,01XD80197,E09000009,0.0,0.0,2.0,2016.0,01XD80197,3.0,7.0,0.0,1.0,1.0,-1,2016.0,01XD80197,2016,3,1,18
145764,201601XD80200,520830.0,180040.0,-0.260376,51.50633,1,Slight,2,1,2016-03-28,Monday,23:00,Ealing,E09000009,3,4020,6,30.0,0,-1,-1,-1,,,4,5,2,0,0,1,1,E01001381,3,1,28/03/2016,28/03/2016,1,2,0,18,,0,0,0,0,0,,,6,Male,18,16 - 20,125,1,8,-1,-1,,1,1,1,1,18,4,3,0,0,0,0,0,2,-1,-1,2016.0,01XD80200,E09000009,0.0,0.0,2.0,2016.0,01XD80200,7.0,3.0,0.0,1.0,1.0,-1,2016.0,01XD80200,2016,3,1,23
145772,201601XD80209,513070.0,184280.0,-0.37078,51.546044,1,Slight,2,1,2016-03-19,Saturday,02:02,Ealing,E09000009,3,312,7,30.0,6,2,5,0,,,4,1,1,0,0,1,2,E01001323,3,1,19/03/2016,19/03/2016,1,9,0,18,,8,0,0,0,0,,,6,Male,22,21 - 25,998,1,10,8,1,,1,1,1,1,22,5,3,0,0,0,0,0,9,1,8,2016.0,01XD80209,E09000009,0.0,0.0,2.0,2016.0,01XD80209,6.0,2.0,0.0,4.0,1.0,-1,2016.0,01XD80209,2016,3,1,2
145776,201601XD80214,512340.0,180460.0,-0.38252,51.511855,1,Slight,2,1,2016-03-24,Thursday,00:25,Ealing,E09000009,3,4020,3,30.0,0,-1,-1,-1,,,4,1,1,0,0,1,2,E01001359,3,1,24/03/2016,24/03/2016,1,3,0,18,,0,0,0,0,0,,,6,Male,28,26 - 35,108,1,7,3,1,,1,1,1,1,28,6,3,0,0,0,0,0,3,1,3,2016.0,01XD80214,E09000009,0.0,0.0,2.0,2016.0,01XD80214,3.0,7.0,0.0,2.0,1.0,-1,2016.0,01XD80214,2016,3,1,0
145782,201601XD80220,513160.0,184250.0,-0.369492,51.545756,1,Slight,2,1,2016-11-03,Thursday,19:08,Ealing,E09000009,6,0,6,30.0,0,-1,-1,-1,,,7,1,1,0,0,1,1,E01001323,3,1,11/03/2016,11/03/2016,1,3,0,18,,0,0,0,0,0,,,6,Male,19,16 - 20,125,1,9,2,1,,1,1,1,1,19,4,3,0,0,0,0,0,3,1,2,2016.0,01XD80220,E09000009,0.0,0.0,2.0,2016.0,01XD80220,1.0,5.0,0.0,3.0,1.0,-1,2016.0,01XD80220,2016,11,1,19
145784,201601XD80222,517280.0,180600.0,-0.311318,51.51211,1,Slight,2,1,2016-03-26,Saturday,23:40,Ealing,E09000009,3,4020,6,50.0,0,-1,-1,-1,,,7,9,1,0,0,1,2,E01001387,3,1,26/03/2016,26/03/2016,1,8,0,18,,0,0,0,0,0,,,6,Male,35,26 - 35,1997,2,5,1,1,,2,1,1,1,32,6,3,0,0,0,0,0,1,1,9,2016.0,01XD80222,E09000009,0.0,0.0,2.0,2016.0,01XD80222,6.0,2.0,0.0,3.0,1.0,-1,2016.0,01XD80222,2016,3,1,23
145792,201601XD80234,514350.0,182250.0,-0.352987,51.52754,1,Serious,1,1,2016-03-16,Wednesday,20:26,Ealing,E09000009,4,455,6,30.0,0,-1,-1,-1,,,4,1,1,0,0,1,1,E01001261,2,2,16/03/2016,16/03/2016,1,9,0,18,,0,0,0,0,0,,,6,Female,20,16 - 20,1199,1,15,4,1,,1,1,3,1,31,6,2,5,3,0,0,2,0,1,8,2016.0,01XD80234,E09000009,0.0,0.0,2.0,2016.0,01XD80234,7.0,3.0,0.0,1.0,1.0,-1,2016.0,01XD80234,2016,3,2,20
145798,201601XD80242,515440.0,180170.0,-0.337962,51.508624,1,Slight,2,1,2016-01-04,Monday,21:30,Ealing,E09000009,3,4020,3,30.0,6,2,3,3002,,,4,1,1,0,0,1,1,E01001252,3,1,01/04/2016,01/04/2016,1,9,0,18,,8,0,0,0,0,,,6,Male,33,26 - 35,1968,2,2,1,1,,2,1,1,2,68,10,3,0,0,0,0,0,9,1,4,2016.0,01XD80242,E09000009,0.0,5.0,2.0,2016.0,01XD80242,3.0,7.0,0.0,1.0,1.0,-1,2016.0,01XD80242,2016,1,1,21
145802,201601XD80247,513770.0,185090.0,-0.360427,51.553183,1,Slight,2,1,2016-03-19,Saturday,19:23,Ealing,E09000009,6,0,6,30.0,3,4,3,312,,,1,1,1,0,0,1,2,E01001316,3,1,19/03/2016,19/03/2016,1,9,0,9,,8,0,0,0,0,,,6,Female,27,26 - 35,999,1,0,6,1,,1,1,1,2,27,6,3,0,0,0,0,0,9,1,6,2016.0,01XD80247,E09000009,0.0,0.0,2.0,2016.0,01XD80247,1.0,7.0,0.0,4.0,1.0,-1,2016.0,01XD80247,2016,3,1,19
145807,201601XD80255,517690.0,179050.0,-0.305929,51.498094,1,Slight,2,1,2016-06-04,Saturday,18:25,Ealing,E09000009,4,455,6,30.0,6,2,4,4491,,,1,1,1,0,0,1,1,E01001301,3,1,06/04/2016,06/04/2016,1,9,0,3,,8,0,0,0,0,,,6,Male,24,21 - 25,1796,1,8,9,1,,1,1,1,1,24,5,3,0,0,0,0,0,9,1,9,2016.0,01XD80255,E09000009,0.0,5.0,2.0,2016.0,01XD80255,5.0,1.0,0.0,2.0,1.0,-1,2016.0,01XD80255,2016,6,1,18
145817,201601XD80268,517610.0,181500.0,-0.306264,51.520131,1,Slight,2,1,2016-09-04,Sunday,20:15,Ealing,E09000009,6,0,6,30.0,3,4,6,0,,,4,1,2,0,0,1,1,E01001226,3,1,09/04/2016,09/04/2016,1,9,0,9,,8,0,0,0,0,,,6,Male,30,26 - 35,1149,1,11,-1,-1,,2,1,1,1,21,5,3,0,0,0,0,0,3,1,5,2016.0,01XD80268,E09000009,0.0,0.0,2.0,2016.0,01XD80268,1.0,7.0,0.0,1.0,1.0,-1,2016.0,01XD80268,2016,9,1,20
145819,201601XD80271,515470.0,180330.0,-0.337478,51.510056,1,Slight,2,1,2016-09-04,Sunday,19:09,Ealing,E09000009,6,0,6,30.0,3,4,6,0,,,4,1,1,0,0,1,1,E01001251,3,1,09/04/2016,09/04/2016,1,3,0,18,,8,0,0,0,0,,,6,Male,33,26 - 35,108,1,5,3,1,,1,1,1,1,33,6,3,0,0,0,0,0,3,1,3,2016.0,01XD80271,E09000009,0.0,0.0,2.0,2016.0,01XD80271,3.0,7.0,0.0,1.0,1.0,-1,2016.0,01XD80271,2016,9,1,19
145824,201601XD80278,521560.0,180900.0,-0.249567,51.513903,1,Slight,2,1,2016-05-04,Wednesday,21:52,Ealing,E09000009,3,40,3,40.0,0,-1,-1,-1,,,4,2,2,0,0,1,1,E01001240,3,1,05/04/2016,05/04/2016,1,9,0,3,,0,0,0,0,0,,,2,Male,34,26 - 35,1796,1,12,4,1,,1,1,1,1,34,6,3,0,0,0,0,0,9,1,4,2016.0,01XD80278,E09000009,0.0,5.0,2.0,2016.0,01XD80278,7.0,3.0,0.0,2.0,1.0,-1,2016.0,01XD80278,2016,5,1,21
145846,201601XD80304,516990.0,181660.0,-0.315143,51.521697,1,Slight,2,1,2016-04-15,Friday,18:08,Ealing,E09000009,4,455,6,30.0,3,4,6,0,,,1,1,2,0,0,1,1,E01001224,3,1,15/04/2016,15/04/2016,1,9,0,18,,8,0,0,0,0,,,6,Female,25,21 - 25,1242,1,1,4,1,,1,1,1,2,25,5,3,0,0,0,0,0,9,1,4,2016.0,01XD80304,E09000009,0.0,0.0,2.0,2016.0,01XD80304,3.0,7.0,0.0,1.0,1.0,-1,2016.0,01XD80304,2016,4,1,18
145847,201601XD80305,512020.0,180540.0,-0.387104,51.512638,1,Slight,2,2,2016-04-15,Friday,18:10,Ealing,E09000009,3,4020,6,30.0,3,4,6,0,,,1,5,2,0,0,1,1,E01001359,3,1,15/04/2016,15/04/2016,1,9,0,18,,8,0,0,0,0,,,6,Female,23,21 - 25,1598,1,9,9,1,,1,1,1,2,23,5,3,0,0,0,0,0,9,1,9,2016.0,01XD80305,E09000009,0.0,0.0,2.0,2016.0,01XD80305,3.0,7.0,0.0,2.0,1.0,-1,2016.0,01XD80305,2016,4,2,18
145848,201601XD80306,517970.0,182700.0,-0.300677,51.530841,1,Slight,3,1,2016-04-15,Friday,18:17,Ealing,E09000009,3,40,3,30.0,3,4,6,0,,,1,2,2,0,0,1,1,E01001277,3,1,15/04/2016,15/04/2016,1,3,0,12,,8,0,0,0,0,,,6,Male,21,21 - 25,-1,-1,-1,4,1,,1,1,1,1,21,5,3,0,0,0,0,0,3,1,4,2016.0,01XD80306,E09000009,0.0,0.0,2.0,2016.0,01XD80306,3.0,7.0,0.0,3.0,1.0,-1,2016.0,01XD80306,2016,4,1,18
145849,201601XD80307,512820.0,180390.0,-0.375629,51.51113,1,Slight,2,1,2016-04-15,Friday,22:15,Ealing,E09000009,3,4020,6,30.0,3,4,3,3005,,,4,1,2,0,0,1,1,E01001361,3,1,15/04/2016,15/04/2016,1,9,0,18,,8,0,0,0,0,,,6,Female,27,26 - 35,-1,-1,-1,5,1,,2,1,1,1,27,6,3,0,0,0,0,0,4,1,2,2016.0,01XD80307,E09000009,0.0,0.0,2.0,2016.0,01XD80307,5.0,1.0,0.0,0.0,1.0,-1,2016.0,01XD80307,2016,4,1,22
145859,201601XD80317,511780.0,180590.0,-0.390546,51.513134,1,Slight,2,1,2016-04-18,Monday,21:20,Ealing,E09000009,3,4020,6,20.0,3,4,6,0,,,4,1,1,0,0,1,1,E01001363,3,1,18/04/2016,18/04/2016,1,9,0,18,,8,5,10,1,1,,,6,Male,21,21 - 25,1199,1,12,2,1,,2,1,1,1,50,8,3,0,0,0,0,0,9,1,2,2016.0,01XD80317,E09000009,0.0,0.0,2.0,2016.0,01XD80317,7.0,3.0,0.0,1.0,1.0,-1,2016.0,01XD80317,2016,4,1,21
145867,201601XD80326,512180.0,182810.0,-0.384077,51.533009,1,Slight,2,1,2016-04-20,Wednesday,18:30,Ealing,E09000009,4,455,6,30.0,3,4,6,0,,,1,1,1,0,0,1,1,E01001330,3,1,20/04/2016,20/04/2016,1,9,0,11,,8,0,0,0,0,,,6,Male,35,26 - 35,1995,2,9,4,1,,2,1,1,1,47,8,3,0,0,0,0,0,3,1,2,2016.0,01XD80326,E09000009,0.0,0.0,2.0,2016.0,01XD80326,4.0,8.0,0.0,4.0,1.0,-1,2016.0,01XD80326,2016,4,1,18
145868,201601XD80327,517680.0,179130.0,-0.306046,51.498815,1,Serious,2,3,2016-04-20,Wednesday,19:04,Ealing,E09000009,4,455,6,30.0,7,1,6,0,,,7,1,1,0,0,1,1,E01001301,2,2,20/04/2016,20/04/2016,1,9,0,18,,8,0,0,0,0,,,2,Female,22,21 - 25,1242,1,1,8,1,,1,1,1,2,22,5,3,0,0,0,0,0,9,1,8,2016.0,01XD80327,E09000009,0.0,0.0,2.0,2016.0,01XD80327,3.0,7.0,0.0,4.0,1.0,-1,2016.0,01XD80327,2016,4,6,19
145869,201601XD80328,514200.0,180880.0,-0.355592,51.515257,1,Slight,1,1,2016-04-20,Wednesday,19:20,Ealing,E09000009,3,4127,6,30.0,3,4,6,0,,,1,1,1,0,0,1,1,E01001220,3,1,20/04/2016,20/04/2016,1,9,0,18,,8,0,0,0,0,,,6,Male,29,26 - 35,1398,1,5,1,1,,1,1,3,1,11,3,3,5,2,0,0,2,0,-1,-1,2016.0,01XD80328,E09000009,0.0,0.0,2.0,2016.0,01XD80328,7.0,3.0,0.0,1.0,1.0,-1,2016.0,01XD80328,2016,4,1,19
145873,201601XD80333,513060.0,180350.0,-0.372184,51.510723,1,Slight,1,1,2016-04-22,Friday,21:50,Ealing,E09000009,3,4020,6,30.0,3,4,6,0,,,4,1,1,0,0,1,1,E01001215,3,1,22/04/2016,22/04/2016,1,9,0,18,,8,0,0,0,0,,,6,Female,25,21 - 25,1229,1,5,4,1,,1,1,3,1,28,6,3,5,1,0,0,2,0,1,7,2016.0,01XD80333,E09000009,0.0,0.0,2.0,2016.0,01XD80333,7.0,3.0,0.0,4.0,1.0,-1,2016.0,01XD80333,2016,4,1,21
145878,201601XD80338,520740.0,181910.0,-0.261033,51.523156,1,Slight,2,1,2016-04-25,Monday,01:00,Ealing,E09000009,3,4000,6,30.0,0,-1,-1,-1,,,7,1,1,0,0,1,1,E01001238,3,1,25/04/2016,25/04/2016,1,9,0,18,,0,1,10,2,10,,,6,Male,21,21 - 25,-1,-1,-1,3,1,,1,1,1,1,21,5,3,0,0,0,0,0,9,1,3,2016.0,01XD80338,E09000009,0.0,0.0,2.0,2016.0,01XD80338,8.0,4.0,0.0,1.0,1.0,-1,2016.0,01XD80338,2016,4,1,1
145879,201601XD80339,520040.0,180330.0,-0.271655,51.509105,1,Slight,1,1,2016-04-27,Wednesday,03:20,Ealing,E09000009,6,0,6,30.0,0,-1,-1,-1,,,4,1,1,0,0,1,1,E01001202,3,1,27/04/2016,27/04/2016,1,2,0,18,,0,0,0,0,0,,,6,Male,21,21 - 25,-1,-1,-1,2,1,,1,1,1,1,21,5,3,0,0,0,0,0,2,1,2,2016.0,01XD80339,E09000009,0.0,0.0,2.0,2016.0,01XD80339,5.0,1.0,0.0,4.0,1.0,-1,2016.0,01XD80339,2016,4,1,3
145896,201601XD80362,511960.0,180550.0,-0.387965,51.512739,1,Slight,2,1,2016-10-01,Saturday,20:00,Ealing,E09000009,3,4020,6,30.0,3,4,6,0,,,4,2,2,0,0,1,1,E01001359,3,1,10/01/2016,10/01/2016,1,3,0,18,,8,1,0,0,0,,,1,Male,25,21 - 25,-1,-1,-1,3,1,,1,1,1,1,25,5,3,0,0,0,0,0,3,1,3,2016.0,01XD80362,E09000009,0.0,0.0,2.0,2016.0,01XD80362,7.0,3.0,0.0,1.0,1.0,-1,2016.0,01XD80362,2016,10,1,20
145897,201601XD80366,512950.0,184150.0,-0.372551,51.544899,1,Slight,2,2,2016-04-17,Sunday,20:25,Ealing,E09000009,3,312,6,30.0,0,-1,-1,-1,,,4,1,1,0,0,1,2,E01001323,3,1,17/04/2016,17/04/2016,1,9,0,5,,0,0,0,0,0,,,4,Male,20,16 - 20,1968,2,4,3,1,,1,1,1,1,20,4,3,0,0,0,0,0,9,1,3,2016.0,01XD80366,E09000009,0.0,0.0,2.0,2016.0,01XD80366,2.0,6.0,0.0,2.0,1.0,-1,2016.0,01XD80366,2016,4,2,20
145904,201601XD80375,515270.0,183050.0,-0.339469,51.534544,1,Slight,2,1,2016-04-26,Tuesday,18:35,Ealing,E09000009,3,40,3,50.0,0,-1,-1,-1,,,1,1,1,0,0,1,1,E01001349,3,1,26/04/2016,26/04/2016,1,9,0,12,,0,0,0,0,0,,,6,Female,33,26 - 35,1229,1,3,6,2,,2,1,1,1,21,5,3,0,0,0,0,0,3,1,1,2016.0,01XD80375,E09000009,0.0,0.0,2.0,2016.0,01XD80375,3.0,7.0,0.0,3.0,1.0,-1,2016.0,01XD80375,2016,4,1,18
145910,201601XD80382,517080.0,180540.0,-0.314219,51.511613,1,Slight,3,1,2016-04-27,Wednesday,19:27,Ealing,E09000009,3,4020,6,30.0,3,4,6,0,,,1,1,1,0,0,1,1,E01001388,3,1,27/04/2016,27/04/2016,1,3,0,18,,1,0,0,0,0,,,6,Male,33,26 - 35,124,1,6,5,1,,1,1,1,1,33,6,3,0,0,0,0,0,3,1,5,2016.0,01XD80382,E09000009,0.0,0.0,2.0,2016.0,01XD80382,7.0,3.0,0.0,1.0,1.0,-1,2016.0,01XD80382,2016,4,1,19
145912,201601XD80385,514960.0,183760.0,-0.343705,51.540988,1,Slight,3,2,2016-04-27,Wednesday,18:05,Ealing,E09000009,3,4127,6,30.0,6,4,6,0,,,1,1,1,0,0,1,1,E01001266,3,1,27/04/2016,27/04/2016,1,9,0,18,,8,0,0,0,0,,,6,Male,27,26 - 35,2777,2,7,9,1,,1,1,1,1,27,6,3,0,0,0,0,0,9,1,9,2016.0,01XD80385,E09000009,0.0,0.0,2.0,2016.0,01XD80385,1.0,5.0,0.0,1.0,1.0,-1,2016.0,01XD80385,2016,4,2,18
145916,201601XD80389,518630.0,181000.0,-0.291738,51.515424,1,Slight,2,1,2016-04-29,Friday,19:30,Ealing,E09000009,3,406,6,30.0,3,4,6,0,,,4,1,1,0,0,1,1,E01001234,3,1,29/04/2016,29/04/2016,1,9,0,9,,8,0,0,0,0,,,6,Female,26,26 - 35,1995,1,11,-1,-1,,2,1,1,1,42,7,3,0,0,0,0,0,5,1,8,2016.0,01XD80389,E09000009,0.0,0.0,2.0,2016.0,01XD80389,3.0,1.0,0.0,1.0,1.0,-1,2016.0,01XD80389,2016,4,1,19
145925,201601XD80399,513700.0,185380.0,-0.361343,51.555804,1,Slight,2,1,2016-02-05,Friday,22:20,Ealing,E09000009,3,312,6,30.0,3,4,6,0,,,7,9,1,0,0,1,1,E01001316,3,1,02/05/2016,02/05/2016,1,4,0,18,,2,0,0,0,0,,,6,Male,26,26 - 35,-1,-1,-1,6,1,,1,1,1,1,26,6,3,0,0,0,0,0,4,1,6,2016.0,01XD80399,E09000009,0.0,0.0,2.0,2016.0,01XD80399,8.0,4.0,0.0,4.0,1.0,-1,2016.0,01XD80399,2016,2,1,22
145937,201601XD80414,513420.0,184650.0,-0.365615,51.549299,1,Slight,2,1,2016-07-05,Tuesday,00:20,Ealing,E09000009,3,312,6,30.0,3,4,6,0,,,4,1,1,0,0,1,1,E01001318,3,1,07/05/2016,07/05/2016,1,9,0,10,,1,0,0,0,0,,,6,Male,30,26 - 35,1598,1,4,4,1,,1,1,1,1,30,6,3,0,0,0,0,0,9,1,4,2016.0,01XD80414,E09000009,0.0,0.0,2.0,2016.0,01XD80414,6.0,4.0,0.0,2.0,1.0,-1,2016.0,01XD80414,2016,7,1,0
145940,201601XD80418,520560.0,181720.0,-0.263691,51.521487,1,Slight,2,2,2016-08-05,Friday,04:20,Ealing,E09000009,3,40,3,50.0,6,4,3,4000,,,1,1,1,0,0,1,1,E01001247,3,1,08/05/2016,08/05/2016,1,9,0,18,,8,0,0,0,0,,,6,Female,21,21 - 25,-1,-1,-1,1,1,,1,1,1,2,21,5,3,0,0,0,0,0,9,1,1,2016.0,01XD80418,E09000009,0.0,0.0,2.0,2016.0,01XD80418,8.0,4.0,0.0,1.0,2.0,-1,2016.0,01XD80418,2016,8,2,4
145941,201601XD80419,514270.0,181560.0,-0.354364,51.521355,1,Slight,1,1,2016-08-05,Friday,05:55,Ealing,E09000009,3,4127,6,30.0,0,-1,-1,-1,,,4,1,1,0,0,1,1,E01001218,3,1,08/05/2016,08/05/2016,1,9,0,12,,0,0,10,7,4,,,6,Male,28,26 - 35,1199,1,14,3,1,,1,1,1,1,28,6,3,0,0,0,0,0,9,1,3,2016.0,01XD80419,E09000009,0.0,0.0,2.0,2016.0,01XD80419,1.0,5.0,0.0,1.0,1.0,-1,2016.0,01XD80419,2016,8,1,5
145943,201601XD80422,520410.0,180050.0,-0.266422,51.506509,1,Slight,1,1,2016-08-05,Friday,18:43,Ealing,E09000009,3,4020,6,30.0,2,4,6,0,,,1,1,1,0,0,1,1,E01001355,3,1,08/05/2016,08/05/2016,1,9,0,5,,2,0,0,0,0,,,6,Male,24,21 - 25,998,1,7,10,1,,1,1,3,2,27,6,3,4,4,0,0,2,0,-1,-1,2016.0,01XD80422,E09000009,0.0,4.0,2.0,2016.0,01XD80422,7.0,3.0,0.0,1.0,1.0,-1,2016.0,01XD80422,2016,8,1,18
145947,201601XD80426,512200.0,182800.0,-0.383792,51.532915,1,Slight,2,1,2016-09-05,Monday,19:32,Ealing,E09000009,4,455,6,30.0,3,4,6,0,,,1,9,1,0,0,1,1,E01001330,3,1,09/05/2016,09/05/2016,1,2,0,18,,1,0,0,0,0,,,1,Male,21,21 - 25,109,1,1,2,1,,1,1,1,1,21,5,3,0,0,0,0,0,2,1,2,2016.0,01XD80426,E09000009,0.0,0.0,2.0,2016.0,01XD80426,3.0,7.0,0.0,1.0,1.0,-1,2016.0,01XD80426,2016,9,1,19
145959,201601XD80443,517930.0,180470.0,-0.301999,51.510807,1,Slight,2,1,2016-05-14,Saturday,20:50,Ealing,E09000009,6,0,6,30.0,3,4,6,0,,,4,1,1,0,0,1,1,E01001236,3,1,14/05/2016,14/05/2016,1,9,0,9,,8,0,0,0,0,,,6,Male,19,16 - 20,1995,2,10,6,1,,2,1,1,1,25,5,3,0,0,0,0,0,2,1,4,2016.0,01XD80443,E09000009,0.0,0.0,2.0,2016.0,01XD80443,8.0,6.0,0.0,1.0,1.0,-1,2016.0,01XD80443,2016,5,1,20
145961,201601XD80445,513760.0,185320.0,-0.360497,51.555252,1,Slight,2,1,2016-05-14,Saturday,20:20,Ealing,E09000009,3,312,6,30.0,1,4,3,312,,,4,1,1,0,0,1,1,E01001315,3,1,14/05/2016,14/05/2016,1,9,0,16,,3,0,0,0,0,,,6,Male,34,26 - 35,2231,2,4,8,1,,1,1,2,2,22,5,3,0,0,1,0,0,9,1,8,2016.0,01XD80445,E09000009,0.0,0.0,2.0,2016.0,01XD80445,5.0,8.0,2.0,2.0,1.0,-1,2016.0,01XD80445,2016,5,1,20