,accident_index,location_easting_osgr,location_northing_osgr,longitude,latitude,police_force,accident_severity,number_of_vehicles,number_of_casualties,date,day_of_week,time,local_authority_district,local_authority_highway,first_road_class,first_road_number,road_type,speed_limit,junction_detail,junction_control,second_road_class,second_road_number,pedestrian_crossing-human_control,pedestrian_crossing-physical_facilities,light_conditions,weather_conditions,road_surface_conditions,special_conditions_at_site,carriageway_hazards,urban_or_rural_area,did_police_officer_attend_scene_of_accident,lsoa_of_accident_location,accident_severity_num,accident_severity_inv,date2,date_original,vehicle_reference_x,vehicle_type,towing_and_articulation,vehicle_manoeuvre,vehicle_location-restricted_lane,junction_location,skidding_and_overturning,hit_object_in_carriageway,vehicle_leaving_carriageway,hit_object_off_carriageway,1st_point_of_impact,was_vehicle_left_hand_drive?,journey_purpose_of_driver,sex_of_driver,age_of_driver,age_band_of_driver,engine_capacity_cc,propulsion_code,age_of_vehicle,driver_imd_decile,driver_home_area_type,vehicle_imd_decile,vehicle_reference_y,casualty_reference,casualty_class,sex_of_casualty,age_of_casualty,age_band_of_casualty,casualty_severity,pedestrian_location,pedestrian_movement,car_passenger,bus_or_coach_passenger,pedestrian_road_maintenance_worker,casualty_type,casualty_home_area_type,casualty_imd_decile,accident_year_x,accident_reference_x,local_authority_ons_district,pedestrian_crossing_human_control,pedestrian_crossing_physical_facilities,trunk_road_flag,accident_year_y,accident_reference_y,vehicle_direction_from,vehicle_direction_to,vehicle_location_restricted_lane,first_point_of_impact,vehicle_left_hand_drive,generic_make_model,accident_year,accident_reference,year,month,severity,hours
145965,201601XD80450,518540.0,182560.0,-0.29251,51.529463,1,Slight,2,1,2016-05-16,Monday,18:40,Ealing,E09000009,3,40,3,40.0,0,-1,-1,-1,,,1,1,1,0,0,1,1,E01001278,3,1,16/05/2016,16/05/2016,1,5,0,18,,0,0,0,0,0,,,6,Male,35,26 - 35,649,1,8,7,3,,1,1,1,1,35,6,3,0,0,0,0,0,5,3,7,2016.0,01XD80450,E09000009,0.0,0.0,2.0,2016.0,01XD80450,3.0,7.0,0.0,1.0,1.0,-1,2016.0,01XD80450,2016,5,1,18
145974,201601XD80459,516030.0,182960.0,-0.328546,51.533579,1,Slight,1,1,2016-05-20,Friday,18:15,Ealing,E09000009,3,40,3,40.0,0,-1,-1,-1,,,1,1,1,0,0,1,1,E01001349,3,1,20/05/2016,20/05/2016,1,3,0,18,,0,0,0,0,0,,,1,Male,18,16 - 20,108,1,0,3,1,,1,1,1,1,18,4,3,0,0,0,0,0,3,1,3,2016.0,01XD80459,E09000009,0.0,0.0,2.0,2016.0,01XD80459,3.0,7.0,0.0,3.0,1.0,-1,2016.0,01XD80459,2016,5,1,18
145975,201601XD80460,514790.0,183890.0,-0.346113,51.542191,1,Slight,1,1,2016-05-20,Friday,18:41,Ealing,E09000009,6,0,6,30.0,0,-1,-1,-1,,,1,1,1,0,0,1,1,E01001272,3,1,20/05/2016,20/05/2016,1,9,0,18,,0,0,0,0,0,,,6,Male,23,21 - 25,-1,-1,-1,3,1,,1,1,3,1,29,6,3,4,3,0,0,2,0,1,2,2016.0,01XD80460,E09000009,0.0,4.0,2.0,2016.0,01XD80460,2.0,6.0,0.0,3.0,1.0,-1,2016.0,01XD80460,2016,5,1,18
145982,201601XD80467,520940.0,182140.0,-0.258072,51.52518,1,Slight,2,1,2016-05-22,Sunday,18:58,Ealing,E09000009,6,0,6,30.0,8,4,6,0,,,1,1,1,0,0,1,1,E01001238,3,1,22/05/2016,22/05/2016,1,9,0,9,,8,0,0,0,0,,,6,Male,22,21 - 25,1349,1,8,6,1,,2,1,1,1,23,5,3,0,0,0,0,0,9,1,2,2016.0,01XD80467,E09000009,0.0,0.0,2.0,2016.0,01XD80467,6.0,4.0,0.0,1.0,1.0,-1,2016.0,01XD80467,2016,5,1,18
145996,201601XD80484,512740.0,180200.0,-0.376842,51.509439,1,Slight,2,1,2016-05-16,Monday,20:00,Ealing,E09000009,3,3005,6,30.0,3,4,6,0,,,4,1,1,0,0,1,2,E01001361,3,1,16/05/2016,16/05/2016,1,9,0,10,,8,0,0,0,0,,,6,Female,23,21 - 25,1364,1,8,3,1,,1,1,1,2,23,5,3,0,0,0,0,0,9,1,3,2016.0,01XD80484,E09000009,0.0,0.0,2.0,2016.0,01XD80484,2.0,7.0,0.0,1.0,1.0,-1,2016.0,01XD80484,2016,5,1,20
146003,201601XD80492,521420.0,182470.0,-0.251043,51.528043,1,Serious,2,1,2016-05-27,Friday,01:45,Ealing,E09000009,3,4000,1,30.0,2,4,3,4000,,,4,1,1,0,0,1,1,E01001239,2,2,27/05/2016,27/05/2016,1,9,0,18,,8,0,0,0,0,,,6,Male,25,21 - 25,1496,2,0,4,1,,2,1,1,1,30,6,2,0,0,0,0,0,1,1,2,2016.0,01XD80492,E09000009,0.0,1.0,2.0,2016.0,01XD80492,6.0,2.0,0.0,1.0,1.0,-1,2016.0,01XD80492,2016,5,2,1
146019,201601XD80511,520600.0,181600.0,-0.263156,51.5204,1,Slight,3,1,2016-05-06,Friday,21:50,Ealing,E09000009,3,40,3,40.0,0,-1,-1,-1,,,7,9,1,0,0,1,1,E01001238,3,1,05/06/2016,05/06/2016,1,9,0,11,,0,0,0,0,0,,,6,Male,25,21 - 25,1968,2,6,9,1,,2,1,1,1,61,9,3,0,0,0,0,0,8,1,7,2016.0,01XD80511,E09000009,0.0,0.0,2.0,2016.0,01XD80511,4.0,8.0,0.0,4.0,1.0,-1,2016.0,01XD80511,2016,5,1,21
146022,201601XD80514,521380.0,180740.0,-0.252215,51.512503,1,Serious,2,1,2016-06-06,Monday,19:04,Ealing,E09000009,5,0,1,30.0,1,4,6,0,,,1,9,1,0,0,1,1,E01001241,2,2,06/06/2016,06/06/2016,1,9,0,18,,8,0,0,0,0,,,6,Male,21,21 - 25,2706,1,4,5,1,,2,1,1,1,54,8,2,0,0,0,0,0,1,1,6,2016.0,01XD80514,E09000009,0.0,0.0,2.0,2016.0,01XD80514,5.0,1.0,0.0,3.0,1.0,-1,2016.0,01XD80514,2016,6,2,19
146033,201601XD80526,514230.0,179600.0,-0.355575,51.503747,1,Slight,1,1,2016-02-02,Tuesday,00:05,Ealing,E09000009,3,4127,6,30.0,2,4,4,454,,,4,2,2,0,0,1,1,E01001337,3,1,02/02/2016,02/02/2016,1,9,0,18,,8,0,10,1,10,,,6,Male,25,21 - 25,599,1,14,-1,-1,,1,1,1,1,25,5,3,0,0,0,0,0,9,-1,-1,2016.0,01XD80526,E09000009,0.0,8.0,2.0,2016.0,01XD80526,6.0,2.0,0.0,1.0,1.0,-1,2016.0,01XD80526,2016,2,1,0
146047,201601XD80543,520810.0,180040.0,-0.260665,51.506334,1,Slight,2,2,2016-05-29,Sunday,05:40,Ealing,E09000009,3,4020,6,30.0,3,4,6,0,,,1,9,1,0,0,1,1,E01001381,3,1,29/05/2016,29/05/2016,1,9,0,18,,1,0,0,0,0,,,6,Female,21,21 - 25,1197,1,1,5,1,,1,1,1,2,21,5,3,0,0,0,0,0,9,1,5,2016.0,01XD80543,E09000009,0.0,4.0,2.0,2016.0,01XD80543,7.0,3.0,0.0,1.0,1.0,-1,2016.0,01XD80543,2016,5,2,5
146050,201601XD80546,521340.0,180900.0,-0.252736,51.51395,1,Slight,1,1,2016-06-17,Friday,18:05,Ealing,E09000009,3,40,3,40.0,0,-1,-1,-1,,,1,1,1,0,0,1,1,E01001241,3,1,17/06/2016,17/06/2016,1,5,0,14,,0,0,0,0,0,,,2,Male,34,26 - 35,954,1,13,2,1,,1,1,3,2,42,7,3,5,2,0,0,2,0,1,2,2016.0,01XD80546,E09000009,0.0,0.0,2.0,2016.0,01XD80546,4.0,8.0,0.0,1.0,1.0,-1,2016.0,01XD80546,2016,6,1,18
146051,201601XD80548,512490.0,180960.0,-0.3802,51.516319,1,Slight,2,4,2016-06-18,Saturday,00:03,Ealing,E09000009,6,0,6,30.0,3,4,6,0,,,4,2,2,0,0,1,1,E01001213,3,1,18/06/2016,18/06/2016,1,9,0,18,,1,0,0,0,0,,,6,Male,28,26 - 35,2993,2,12,4,1,,1,1,1,1,28,6,3,0,0,0,0,0,9,1,4,2016.0,01XD80548,E09000009,0.0,0.0,2.0,2016.0,01XD80548,3.0,7.0,0.0,1.0,1.0,-1,2016.0,01XD80548,2016,6,4,0
146071,201601XD80572,514180.0,182330.0,-0.355411,51.528294,1,Slight,2,1,2016-06-24,Friday,18:10,Ealing,E09000009,4,455,6,30.0,3,4,6,0,,,1,1,1,0,0,1,1,E01001261,3,1,24/06/2016,24/06/2016,1,9,0,4,,8,0,0,0,0,,,6,Male,29,26 - 35,1991,1,0,3,1,,1,1,1,1,29,6,3,0,0,0,0,0,9,1,3,2016.0,01XD80572,E09000009,0.0,4.0,2.0,2016.0,01XD80572,4.0,8.0,0.0,2.0,1.0,-1,2016.0,01XD80572,2016,6,1,18
146079,201601XD80585,517760.0,180730.0,-0.304361,51.513179,1,Slight,1,1,2016-06-27,Monday,19:05,Ealing,E09000009,3,4020,6,30.0,6,2,3,4020,,,1,1,1,0,0,1,1,E01001221,3,1,27/06/2016,27/06/2016,1,3,0,9,,8,0,0,0,0,,,6,Male,28,26 - 35,124,1,13,6,1,,1,1,1,1,28,6,3,0,0,0,0,0,3,1,6,2016.0,01XD80585,E09000009,0.0,5.0,2.0,2016.0,01XD80585,3.0,1.0,0.0,3.0,1.0,-1,2016.0,01XD80585,2016,6,1,19
146080,201601XD80586,513070.0,184280.0,-0.37078,51.546044,1,Slight,2,1,2016-06-27,Monday,20:30,Ealing,E09000009,3,312,6,30.0,6,4,5,0,,,4,1,1,0,0,1,1,E01001323,3,1,27/06/2016,27/06/2016,1,3,0,18,,8,0,0,0,0,,,6,Male,19,16 - 20,125,1,10,6,1,,1,1,1,1,19,4,3,0,0,0,0,0,3,1,6,2016.0,01XD80586,E09000009,0.0,4.0,2.0,2016.0,01XD80586,2.0,6.0,0.0,3.0,1.0,-1,2016.0,01XD80586,2016,6,1,20
146092,201601XD80600,516370.0,182940.0,-0.323653,51.53333,1,Slight,4,1,2016-01-07,Thursday,18:40,Ealing,E09000009,3,40,3,50.0,0,-1,-1,-1,,,1,1,1,0,0,1,1,E01001348,3,1,01/07/2016,01/07/2016,1,9,0,3,,0,0,0,0,0,,,1,Female,22,21 - 25,1493,2,11,-1,-1,,3,1,2,2,63,9,3,0,0,2,0,0,9,1,10,2016.0,01XD80600,E09000009,0.0,0.0,2.0,2016.0,01XD80600,3.0,7.0,0.0,2.0,1.0,-1,2016.0,01XD80600,2016,1,1,18
146098,201601XD80611,517530.0,180670.0,-0.307694,51.512688,1,Serious,1,1,2016-04-07,Thursday,22:28,Ealing,E09000009,3,4020,6,30.0,0,-1,-1,-1,,,4,1,1,0,0,1,1,E01001221,2,2,04/07/2016,04/07/2016,1,2,0,14,,0,0,0,0,0,,,6,Male,24,21 - 25,-1,-1,-1,4,1,,1,1,3,1,-1,-1,2,1,9,0,0,2,0,-1,-1,2016.0,01XD80611,E09000009,0.0,4.0,2.0,2016.0,01XD80611,3.0,7.0,0.0,1.0,1.0,-1,2016.0,01XD80611,2016,4,2,22
146129,201601XD80661,515220.0,184840.0,-0.339604,51.550642,1,Slight,2,1,2016-07-17,Sunday,18:13,Ealing,E09000009,3,4127,6,30.0,6,4,6,0,,,1,1,1,0,0,1,1,E01001269,3,1,17/07/2016,17/07/2016,1,3,0,18,,8,0,0,0,0,,,1,Male,20,16 - 20,125,1,6,-1,-1,,1,1,1,1,20,4,3,0,0,0,0,0,3,-1,-1,2016.0,01XD80661,E09000009,0.0,4.0,2.0,2016.0,01XD80661,1.0,5.0,0.0,1.0,1.0,-1,2016.0,01XD80661,2016,7,1,18
146144,201601XD80680,513340.0,183050.0,-0.367283,51.534934,1,Slight,6,5,2016-07-23,Saturday,21:55,Ealing,E09000009,6,0,6,30.0,3,4,6,0,,,4,1,1,0,0,1,1,E01001258,3,1,23/07/2016,23/07/2016,1,9,0,14,,2,0,4,0,0,,,6,Male,32,26 - 35,-1,-1,-1,3,1,,1,1,1,1,32,6,3,0,0,0,0,0,9,1,3,2016.0,01XD80680,E09000009,0.0,0.0,2.0,2016.0,01XD80680,7.0,3.0,0.0,1.0,1.0,-1,2016.0,01XD80680,2016,7,5,21
146156,201601XD80694,517600.0,183410.0,-0.305771,51.537299,1,Slight,3,1,2016-07-26,Tuesday,04:05,Brent,E09000005,6,0,6,30.0,0,-1,-1,-1,,,4,1,1,0,0,1,1,E01000475,3,1,26/07/2016,26/07/2016,1,9,0,18,,0,0,4,0,0,,,6,Male,25,21 - 25,1598,2,2,4,1,,1,1,1,1,25,5,3,0,0,0,0,0,9,1,4,2016.0,01XD80694,E09000005,0.0,0.0,2.0,2016.0,01XD80694,5.0,1.0,0.0,1.0,1.0,-1,2016.0,01XD80694,2016,7,1,4
146170,201601XD80713,516710.0,180440.0,-0.319581,51.51079,1,Slight,3,3,2016-02-08,Monday,03:26,Ealing,E09000009,3,4020,6,30.0,6,2,4,452,,,4,1,1,0,0,1,1,E01001388,3,1,02/08/2016,02/08/2016,1,9,0,3,,8,0,0,0,0,,,6,Male,25,21 - 25,1598,1,12,2,1,,1,1,1,1,25,5,3,0,0,0,0,0,9,1,2,2016.0,01XD80713,E09000009,0.0,5.0,2.0,2016.0,01XD80713,2.0,6.0,0.0,2.0,1.0,-1,2016.0,01XD80713,2016,2,3,3
146171,201601XD80714,519130.0,179400.0,-0.285076,51.500938,1,Slight,2,3,2016-07-30,Saturday,22:30,Ealing,E09000009,3,406,3,40.0,6,2,3,4000,,,7,9,1,0,0,1,2,E01001231,3,1,30/07/2016,30/07/2016,1,9,0,10,,1,0,0,0,0,,,6,Male,31,26 - 35,1388,1,13,3,1,,1,1,1,1,31,6,3,0,0,0,0,0,9,1,3,2016.0,01XD80714,E09000009,0.0,5.0,2.0,2016.0,01XD80714,4.0,2.0,0.0,2.0,1.0,-1,2016.0,01XD80714,2016,7,3,22
146191,201601XD80743,515190.0,184630.0,-0.340106,51.548761,1,Slight,2,3,2016-10-08,Saturday,00:01,Ealing,E09000009,3,4127,6,30.0,3,2,6,0,,,4,1,1,0,0,1,1,E01001269,3,1,10/08/2016,10/08/2016,1,9,0,4,,8,0,0,0,0,,,6,Male,28,26 - 35,1798,1,6,3,1,,1,1,1,1,28,6,3,0,0,0,0,0,9,1,3,2016.0,01XD80743,E09000009,0.0,5.0,2.0,2016.0,01XD80743,2.0,6.0,0.0,2.0,1.0,-1,2016.0,01XD80743,2016,10,3,0
146199,201601XD80752,513080.0,180360.0,-0.371893,51.510809,1,Serious,1,1,2016-11-08,Tuesday,20:00,Ealing,E09000009,6,0,6,30.0,3,4,3,4020,,,4,1,1,0,0,1,1,E01001215,2,2,11/08/2016,11/08/2016,1,9,0,9,,8,0,0,0,0,,,6,Male,35,26 - 35,1299,1,16,6,1,,1,1,3,2,66,10,2,5,3,0,0,2,0,-1,-1,2016.0,01XD80752,E09000009,0.0,0.0,2.0,2016.0,01XD80752,3.0,1.0,0.0,1.0,1.0,-1,2016.0,01XD80752,2016,11,2,20
146210,201601XD80767,513070.0,178630.0,-0.372591,51.495261,1,Slight,2,1,2016-08-15,Monday,22:40,Ealing,E09000009,3,3005,6,30.0,3,4,6,0,,,4,1,1,0,0,1,1,E01001336,3,1,15/08/2016,15/08/2016,1,9,0,9,,8,0,0,0,0,,,6,Female,29,26 - 35,1398,2,12,2,1,,2,1,1,1,48,8,3,0,0,0,0,0,3,1,3,2016.0,01XD80767,E09000009,0.0,0.0,2.0,2016.0,01XD80767,6.0,4.0,0.0,4.0,1.0,-1,2016.0,01XD80767,2016,8,1,22
146220,201601XD80777,517420.0,181160.0,-0.309115,51.517114,1,Slight,2,1,2016-08-23,Tuesday,19:05,Ealing,E09000009,4,455,6,30.0,3,4,6,0,,,1,1,1,0,0,1,1,E01001228,3,1,23/08/2016,23/08/2016,1,9,0,9,,8,0,0,0,0,,,6,Female,29,26 - 35,1598,1,0,1,1,,2,1,1,1,37,7,3,0,0,0,0,0,1,1,7,2016.0,01XD80777,E09000009,0.0,0.0,2.0,2016.0,01XD80777,6.0,4.0,0.0,3.0,1.0,-1,2016.0,01XD80777,2016,8,1,19
146226,201601XD80783,513050.0,182780.0,-0.371549,51.532566,1,Slight,2,1,2016-08-25,Thursday,21:52,Ealing,E09000009,4,455,6,30.0,1,4,5,0,,,4,1,1,0,0,1,1,E01032744,3,1,25/08/2016,25/08/2016,1,9,0,4,,1,0,0,0,0,,,6,Female,32,26 - 35,1395,1,0,3,1,,1,1,2,2,74,10,3,0,0,1,0,0,9,1,4,2016.0,01XD80783,E09000009,0.0,0.0,2.0,2016.0,01XD80783,3.0,7.0,0.0,2.0,1.0,-1,2016.0,01XD80783,2016,8,1,21
146230,201601XD80787,511300.0,182810.0,-0.396759,51.533183,1,Slight,2,2,2016-08-28,Sunday,23:25,Ealing,E09000009,4,312,6,30.0,3,2,5,0,,,4,1,1,0,0,1,1,E01001331,3,1,28/08/2016,28/08/2016,1,9,0,17,,8,0,0,0,0,,,6,Male,23,21 - 25,1364,1,9,2,1,,1,1,1,1,23,5,3,0,0,0,0,0,9,1,2,2016.0,01XD80787,E09000009,0.0,5.0,2.0,2016.0,01XD80787,5.0,2.0,0.0,1.0,1.0,-1,2016.0,01XD80787,2016,8,2,23
146248,201601XD80830,511300.0,182810.0,-0.396759,51.533183,1,Slight,2,1,2016-08-31,Wednesday,18:15,Ealing,E09000009,5,0,6,30.0,3,2,5,0,,,1,1,1,0,0,1,1,E01001331,3,1,31/08/2016,31/08/2016,1,9,0,17,,8,0,0,0,0,,,6,Male,32,26 - 35,1998,8,0,3,1,,1,1,1,1,32,6,3,0,0,0,0,0,9,1,3,2016.0,01XD80830,E09000009,0.0,5.0,2.0,2016.0,01XD80830,5.0,2.0,0.0,1.0,1.0,-1,2016.0,01XD80830,2016,8,1,18
146249,201601XD80831,514810.0,183240.0,-0.346037,51.536345,1,Slight,1,1,2016-08-26,Friday,02:52,Ealing,E09000009,3,4127,1,30.0,1,2,3,4127,,,4,1,1,0,0,1,1,E01001267,3,1,26/08/2016,26/08/2016,1,9,0,18,,8,0,10,3,10,,,6,Male,27,26 - 35,1984,1,9,-1,-1,,1,1,1,1,27,6,3,0,0,0,0,0,9,-1,-1,2016.0,01XD80831,E09000009,0.0,5.0,2.0,2016.0,01XD80831,2.0,6.0,0.0,1.0,1.0,-1,2016.0,01XD80831,2016,8,1,2
146278,201601XH30027,505380.0,184410.0,-0.481598,51.548699,1,Slight,3,1,2016-01-25,Monday,23:00,Hillingdon,E09000017,4,467,6,30.0,6,4,3,4020,,,4,1,1,0,0,1,1,E01002521,3,1,25/01/2016,25/01/2016,1,9,0,18,,8,0,0,0,0,,,6,Male,19,16 - 20,1242,1,10,5,1,,3,1,1,2,55,8,3,0,0,0,0,0,9,1,5,2016.0,01XH30027,E09000017,0.0,1.0,2.0,2016.0,01XH30027,8.0,4.0,0.0,0.0,1.0,-1,2016.0,01XH30027,2016,1,1,23
146281,201601XH30030,507200.0,178560.0,-0.457138,51.495775,1,Slight,3,3,2016-01-26,Tuesday,18:20,Hillingdon,E09000017,3,408,3,70.0,0,-1,-1,-1,,,4,2,2,0,0,1,1,E01002446,3,1,26/01/2016,26/01/2016,1,9,0,18,,0,0,0,0,0,,,6,Female,20,16 - 20,996,1,7,4,1,,1,1,1,2,20,4,3,0,0,0,0,0,9,1,4,2016.0,01XH30030,E09000017,0.0,0.0,2.0,2016.0,01XH30030,7.0,3.0,0.0,1.0,1.0,-1,2016.0,01XH30030,2016,1,3,18
146301,201601XH30056,508650.0,176900.0,-0.436769,51.480578,1,Slight,2,1,2016-10-01,Saturday,02:25,Hillingdon,E09000017,3,4,3,40.0,0,-1,-1,-1,,,4,2,2,0,0,1,1,E01002443,3,1,10/01/2016,10/01/2016,1,9,0,18,,0,0,0,0,0,,,6,Male,20,16 - 20,1968,2,7,8,1,,2,1,1,1,19,4,3,0,0,0,0,0,9,1,9,2016.0,01XH30056,E09000017,0.0,0.0,2.0,2016.0,01XH30056,3.0,7.0,0.0,0.0,1.0,-1,2016.0,01XH30056,2016,10,1,2
146307,201601XH30064,508890.0,179240.0,-0.432593,51.501564,1,Slight,2,1,2016-01-16,Saturday,20:15,Hillingdon,E09000017,6,0,6,30.0,0,-1,-1,-1,,,4,8,1,0,0,1,1,E01002488,3,1,16/01/2016,16/01/2016,1,9,0,2,,0,0,0,0,0,,,6,Male,21,21 - 25,1995,2,11,3,1,,1,1,2,2,18,4,3,0,0,1,0,0,9,1,5,2016.0,01XH30064,E09000017,0.0,0.0,2.0,2016.0,01XH30064,0.0,0.0,0.0,4.0,1.0,-1,2016.0,01XH30064,2016,1,1,20
146308,201601XH30065,506050.0,180230.0,-0.473197,51.511002,1,Slight,3,3,2016-01-13,Wednesday,20:07,Hillingdon,E09000017,5,0,6,30.0,3,4,5,0,,,4,2,2,0,0,1,1,E01002554,3,1,13/01/2016,13/01/2016,1,9,0,18,,1,0,0,0,0,,,6,Male,23,21 - 25,2000,1,12,3,1,,2,1,1,1,46,8,3,0,0,0,0,0,9,1,9,2016.0,01XH30065,E09000017,0.0,0.0,2.0,2016.0,01XH30065,2.0,6.0,0.0,1.0,1.0,-1,2016.0,01XH30065,2016,1,3,20
146314,201601XH30073,509970.0,186790.0,-0.414683,51.569216,1,Slight,1,1,2016-01-01,Friday,02:53,Hillingdon,E09000017,6,0,6,30.0,3,4,6,0,,,4,8,4,0,0,1,1,E01002469,3,1,01/01/2016,01/01/2016,1,9,0,17,,1,0,4,0,0,,,6,Female,20,16 - 20,1299,1,11,7,1,,1,1,1,2,20,4,3,0,0,0,0,0,9,1,7,2016.0,01XH30073,E09000017,0.0,0.0,2.0,2016.0,01XH30073,5.0,2.0,0.0,1.0,1.0,-1,2016.0,01XH30073,2016,1,1,2
146318,201601XH30079,510030.0,187290.0,-0.413661,51.573698,1,Serious,1,1,2016-04-02,Saturday,18:30,Hillingdon,E09000017,5,0,6,30.0,6,2,5,0,,,4,1,1,0,0,1,1,E01002470,2,2,04/02/2016,04/02/2016,1,9,0,18,,1,0,0,0,0,,,6,Female,35,26 - 35,1590,1,14,7,1,,1,1,3,2,-1,-1,2,1,4,0,0,2,0,-1,-1,2016.0,01XH30079,E09000017,0.0,5.0,2.0,2016.0,01XH30079,6.0,2.0,0.0,3.0,1.0,-1,2016.0,01XH30079,2016,4,2,18
146330,201601XH30096,508430.0,181980.0,-0.438376,51.52628,1,Slight,2,1,2016-01-28,Thursday,23:40,Hillingdon,E09000017,3,4020,3,40.0,6,2,4,465,,,4,1,1,0,0,1,2,E01002400,3,1,28/01/2016,28/01/2016,1,9,0,3,,1,0,0,0,0,,,6,Male,27,26 - 35,1596,1,7,4,1,,1,1,1,1,27,6,3,0,0,0,0,0,9,1,4,2016.0,01XH30096,E09000017,0.0,5.0,2.0,2016.0,01XH30096,4.0,8.0,0.0,2.0,1.0,-1,2016.0,01XH30096,2016,1,1,23
146354,201601XH30133,509920.0,179860.0,-0.417566,51.506938,1,Slight,2,2,2016-02-24,Wednesday,18:31,Hillingdon,E09000017,5,0,6,30.0,0,-1,-1,-1,,,4,1,1,0,0,1,2,E01002506,3,1,24/02/2016,24/02/2016,1,8,0,5,,0,0,0,0,0,,,6,Male,33,26 - 35,2183,2,5,4,1,,1,1,1,1,33,6,3,0,0,0,0,0,8,1,4,2016.0,01XH30133,E09000017,0.0,4.0,2.0,2016.0,01XH30133,4.0,8.0,0.0,2.0,1.0,-1,2016.0,01XH30133,2016,2,2,18
146371,201601XH30159,507940.0,186080.0,-0.44418,51.563226,1,Slight,2,1,2016-07-03,Sunday,19:22,Hillingdon,E09000017,4,466,6,30.0,3,4,6,0,,,4,1,1,0,0,1,1,E01002460,3,1,07/03/2016,07/03/2016,1,9,0,9,,6,0,0,0,0,,,6,Male,34,26 - 35,2616,1,8,10,1,,2,1,1,1,19,4,3,0,0,0,0,0,2,1,7,2016.0,01XH30159,E09000017,0.0,0.0,2.0,2016.0,01XH30159,4.0,1.0,0.0,3.0,1.0,-1,2016.0,01XH30159,2016,7,1,19
146385,201601XH30177,511120.0,180890.0,-0.399958,51.515961,1,Slight,2,1,2016-03-15,Tuesday,19:12,Hillingdon,E09000017,3,4020,3,30.0,0,-1,-1,-1,,,4,1,2,0,0,1,1,E01002546,3,1,15/03/2016,15/03/2016,1,9,0,11,,0,0,0,0,0,,,6,Female,21,21 - 25,1596,1,7,6,2,,1,1,2,2,23,5,3,0,0,1,0,0,9,1,9,2016.0,01XH30177,E09000017,0.0,0.0,2.0,2016.0,01XH30177,8.0,4.0,0.0,4.0,1.0,-1,2016.0,01XH30177,2016,3,1,19
146389,201601XH30182,505350.0,183210.0,-0.48239,51.537919,1,Slight,2,1,2016-03-16,Wednesday,19:55,Hillingdon,E09000017,3,408,6,30.0,6,2,5,0,,,4,1,1,0,0,1,1,E01033724,3,1,16/03/2016,16/03/2016,1,9,0,5,,6,0,0,0,0,,,2,Female,31,26 - 35,898,1,2,4,1,,2,1,1,1,58,9,3,0,0,0,0,0,1,1,4,2016.0,01XH30182,E09000017,0.0,5.0,2.0,2016.0,01XH30182,7.0,3.0,0.0,1.0,1.0,-1,2016.0,01XH30182,2016,3,1,19
146396,201601XH30189,510130.0,188850.0,-0.41173,51.5877,1,Slight,2,1,2016-09-03,Saturday,18:30,Hillingdon,E09000017,6,0,6,30.0,3,4,6,0,,,4,2,2,0,0,1,1,E01002436,3,1,09/03/2016,09/03/2016,1,3,0,18,,8,1,0,0,0,,,2,Male,31,26 - 35,125,1,1,6,1,,1,1,1,1,31,6,3,0,0,0,0,0,3,1,6,2016.0,01XH30189,E09000017,0.0,0.0,2.0,2016.0,01XH30189,4.0,8.0,0.0,0.0,1.0,-1,2016.0,01XH30189,2016,9,1,18
146401,201601XH30195,509390.0,178940.0,-0.425485,51.498771,1,Slight,1,1,2016-03-24,Thursday,19:05,Hillingdon,E09000017,3,437,7,30.0,0,-1,-1,-1,,,4,2,2,0,0,1,1,E01002489,3,1,24/03/2016,24/03/2016,1,9,0,18,,0,0,0,0,0,,,6,Male,25,21 - 25,1968,2,3,4,1,,1,1,3,1,-1,-1,3,5,2,0,0,2,0,-1,-1,2016.0,01XH30195,E09000017,0.0,0.0,2.0,2016.0,01XH30195,2.0,6.0,0.0,1.0,1.0,-1,2016.0,01XH30195,2016,3,1,19
146417,201601XH30218,509400.0,186740.0,-0.42292,51.568877,1,Serious,2,1,2016-05-04,Wednesday,18:05,Hillingdon,E09000017,3,4180,6,30.0,3,4,6,0,,,1,1,1,0,0,1,1,E01002467,2,2,05/04/2016,05/04/2016,1,3,0,18,,1,0,0,0,0,,,6,Male,17,16 - 20,125,1,2,2,1,,1,1,1,1,17,4,2,0,0,0,0,0,3,1,2,2016.0,01XH30218,E09000017,0.0,4.0,2.0,2016.0,01XH30218,4.0,8.0,0.0,1.0,1.0,-1,2016.0,01XH30218,2016,5,2,18
146421,201601XH30225,511400.0,181780.0,-0.395644,51.523905,1,Slight,1,1,2016-06-04,Saturday,19:35,Hillingdon,E09000017,6,0,6,30.0,3,4,6,0,,,4,1,1,0,0,1,1,E01002543,3,1,06/04/2016,06/04/2016,1,9,0,18,,2,0,0,0,0,,,6,Male,34,26 - 35,-1,-1,-1,-1,-1,,1,1,3,2,-1,-1,3,5,2,0,0,2,0,1,3,2016.0,01XH30225,E09000017,0.0,0.0,2.0,2016.0,01XH30225,4.0,8.0,0.0,1.0,1.0,-1,2016.0,01XH30225,2016,6,1,19
146422,201601XH30226,507960.0,186200.0,-0.443854,51.564301,1,Slight,2,1,2016-03-30,Wednesday,21:30,Hillingdon,E09000017,4,466,6,30.0,3,4,4,467,,,4,1,1,0,0,1,2,E01002460,3,1,30/03/2016,30/03/2016,1,9,0,18,,8,1,0,7,0,,,6,Male,30,26 - 35,1991,1,1,9,1,,1,1,1,1,30,6,3,0,0,0,0,0,9,1,9,2016.0,01XH30226,E09000017,0.0,1.0,2.0,2016.0,01XH30226,5.0,1.0,0.0,4.0,1.0,-1,2016.0,01XH30226,2016,3,1,21