,accident_index,location_easting_osgr,location_northing_osgr,longitude,latitude,police_force,accident_severity,number_of_vehicles,number_of_casualties,date,day_of_week,time,local_authority_district,local_authority_highway,first_road_class,first_road_number,road_type,speed_limit,junction_detail,junction_control,second_road_class,second_road_number,pedestrian_crossing-human_control,pedestrian_crossing-physical_facilities,light_conditions,weather_conditions,road_surface_conditions,special_conditions_at_site,carriageway_hazards,urban_or_rural_area,did_police_officer_attend_scene_of_accident,lsoa_of_accident_location,accident_severity_num,accident_severity_inv,date2,date_original,vehicle_reference_x,vehicle_type,towing_and_articulation,vehicle_manoeuvre,vehicle_location-restricted_lane,junction_location,skidding_and_overturning,hit_object_in_carriageway,vehicle_leaving_carriageway,hit_object_off_carriageway,1st_point_of_impact,was_vehicle_left_hand_drive?,journey_purpose_of_driver,sex_of_driver,age_of_driver,age_band_of_driver,engine_capacity_cc,propulsion_code,age_of_vehicle,driver_imd_decile,driver_home_area_type,vehicle_imd_decile,vehicle_reference_y,casualty_reference,casualty_class,sex_of_casualty,age_of_casualty,age_band_of_casualty,casualty_severity,pedestrian_location,pedestrian_movement,car_passenger,bus_or_coach_passenger,pedestrian_road_maintenance_worker,casualty_type,casualty_home_area_type,casualty_imd_decile,accident_year_x,accident_reference_x,local_authority_ons_district,pedestrian_crossing_human_control,pedestrian_crossing_physical_facilities,trunk_road_flag,accident_year_y,accident_reference_y,vehicle_direction_from,vehicle_direction_to,vehicle_location_restricted_lane,first_point_of_impact,vehicle_left_hand_drive,generic_make_model,accident_year,accident_reference,year,month,severity,hours
146430,201601XH30237,510750.0,181070.0,-0.405232,51.517651,1,Slight,2,5,2016-11-04,Friday,18:30,Hillingdon,E09000017,3,4020,3,40.0,3,4,6,0,,,1,1,2,0,0,1,1,E01002396,3,1,11/04/2016,11/04/2016,1,9,0,18,,1,0,0,0,0,,,6,Female,24,21 - 25,1390,1,12,3,1,,1,1,1,2,24,5,3,0,0,0,0,0,9,1,3,2016.0,01XH30237,E09000017,0.0,0.0,2.0,2016.0,01XH30237,7.0,3.0,0.0,1.0,1.0,-1,2016.0,01XH30237,2016,11,5,18
146434,201601XH30245,512290.0,186000.0,-0.381475,51.561659,1,Slight,2,2,2016-04-15,Friday,19:10,Hillingdon,E09000017,5,0,6,30.0,8,4,6,0,,,1,1,1,0,0,1,1,E01002496,3,1,15/04/2016,15/04/2016,1,9,0,9,,8,0,4,0,0,,,6,Male,17,16 - 20,998,1,14,5,1,,1,1,2,2,23,5,3,0,0,2,0,0,9,1,5,2016.0,01XH30245,E09000017,0.0,0.0,2.0,2016.0,01XH30245,2.0,1.0,0.0,3.0,1.0,-1,2016.0,01XH30245,2016,4,2,19
146435,201601XH30246,509420.0,187100.0,-0.422519,51.572109,1,Slight,2,4,2016-04-15,Friday,19:30,Hillingdon,E09000017,3,4180,6,30.0,6,2,5,0,,,1,1,2,0,0,1,1,E01002535,3,1,15/04/2016,15/04/2016,1,9,0,9,,8,0,0,0,0,,,6,Female,27,26 - 35,1956,2,6,4,1,,1,1,1,2,27,6,3,0,0,0,0,0,9,1,4,2016.0,01XH30246,E09000017,0.0,5.0,2.0,2016.0,01XH30246,7.0,5.0,0.0,4.0,1.0,-1,2016.0,01XH30246,2016,4,4,19
146436,201601XH30247,505560.0,184310.0,-0.479033,51.547767,1,Slight,2,1,2016-04-18,Monday,22:07,Hillingdon,E09000017,5,0,6,30.0,3,4,6,0,,,4,1,1,0,0,1,1,E01002514,3,1,18/04/2016,18/04/2016,1,3,0,7,,2,0,4,7,0,,,6,Male,22,21 - 25,-1,-1,-1,3,1,,1,1,1,1,22,5,3,0,0,0,0,0,3,1,3,2016.0,01XH30247,E09000017,0.0,0.0,2.0,2016.0,01XH30247,6.0,8.0,0.0,1.0,1.0,-1,2016.0,01XH30247,2016,4,1,22
146438,201601XH30251,508340.0,186790.0,-0.438193,51.569531,1,Slight,4,3,2016-04-19,Tuesday,18:27,Hillingdon,E09000017,4,466,3,30.0,0,-1,-1,-1,,,1,9,1,0,0,1,1,E01002537,3,1,19/04/2016,19/04/2016,1,9,0,18,,0,0,0,0,0,,,6,Male,23,21 - 25,1968,2,8,8,1,,1,1,1,1,23,5,3,0,0,0,0,0,9,1,8,2016.0,01XH30251,E09000017,0.0,4.0,2.0,2016.0,01XH30251,2.0,6.0,0.0,1.0,1.0,-1,2016.0,01XH30251,2016,4,3,18
146444,201601XH30261,511120.0,185380.0,-0.398542,51.556317,1,Slight,1,1,2016-04-22,Friday,23:00,Hillingdon,E09000017,5,0,6,30.0,3,4,6,0,,,7,9,1,0,0,1,1,E01002497,3,1,22/04/2016,22/04/2016,1,9,0,18,,2,0,0,0,0,,,6,Female,35,26 - 35,1390,1,7,3,1,,1,1,3,1,34,6,3,1,1,0,0,2,0,1,2,2016.0,01XH30261,E09000017,0.0,4.0,2.0,2016.0,01XH30261,6.0,2.0,0.0,1.0,1.0,-1,2016.0,01XH30261,2016,4,1,23
146454,201601XH30274,519360.0,180250.0,-0.281476,51.508529,1,Slight,2,1,2016-04-16,Saturday,01:30,Ealing,E09000009,3,4020,6,30.0,0,-1,-1,-1,,,4,2,2,0,0,1,1,E01001354,3,1,16/04/2016,16/04/2016,1,9,0,11,,0,0,4,0,0,,,6,Male,26,26 - 35,1998,1,12,3,1,,1,1,1,1,26,6,3,0,0,0,0,0,9,1,3,2016.0,01XH30274,E09000009,0.0,0.0,2.0,2016.0,01XH30274,7.0,3.0,0.0,4.0,1.0,-1,2016.0,01XH30274,2016,4,1,1
146457,201601XH30278,509380.0,178490.0,-0.425769,51.494728,1,Slight,2,1,2016-01-05,Tuesday,23:00,Hillingdon,E09000017,6,0,6,30.0,0,-1,-1,-1,,,4,1,1,0,0,1,2,E01002493,3,1,01/05/2016,01/05/2016,1,9,0,1,,0,0,0,0,0,,,6,Male,29,26 - 35,1596,1,9,6,1,,1,1,1,1,29,6,3,0,0,0,0,0,9,1,6,2016.0,01XH30278,E09000017,0.0,0.0,2.0,2016.0,01XH30278,8.0,4.0,0.0,2.0,1.0,-1,2016.0,01XH30278,2016,1,1,23
146462,201601XH30283,505640.0,179160.0,-0.479423,51.501461,1,Slight,2,1,2016-04-20,Wednesday,18:30,Hillingdon,E09000017,5,0,6,30.0,8,4,6,0,,,1,1,1,0,0,1,1,E01002527,3,1,20/04/2016,20/04/2016,1,9,0,9,,8,0,0,0,0,,,6,Female,25,21 - 25,-1,-1,-1,9,1,,2,1,1,1,17,4,3,0,0,0,0,0,2,1,5,2016.0,01XH30283,E09000017,0.0,0.0,2.0,2016.0,01XH30283,2.0,8.0,0.0,3.0,1.0,-1,2016.0,01XH30283,2016,4,1,18
146464,201601XH30285,508260.0,191550.0,-0.437879,51.61233,1,Slight,1,1,2016-04-05,Tuesday,19:28,Hillingdon,E09000017,6,0,6,30.0,3,4,6,0,,,1,1,1,0,0,1,1,E01002475,3,1,04/05/2016,04/05/2016,1,9,0,18,,1,0,7,0,0,,,6,Female,30,26 - 35,2204,2,9,8,1,,1,1,1,2,30,6,3,0,0,0,0,0,9,1,8,2016.0,01XH30285,E09000017,0.0,0.0,2.0,2016.0,01XH30285,4.0,8.0,0.0,1.0,1.0,-1,2016.0,01XH30285,2016,4,1,19
146476,201601XH30307,506540.0,180750.0,-0.465981,51.515584,1,Slight,2,1,2016-11-05,Saturday,18:14,Hillingdon,E09000017,6,0,6,30.0,6,4,6,0,,,1,1,2,0,0,1,1,E01002552,3,1,11/05/2016,11/05/2016,1,9,0,18,,8,0,0,0,0,,,6,Male,24,21 - 25,1388,1,14,3,1,,2,1,1,1,28,6,3,0,0,0,0,0,2,1,3,2016.0,01XH30307,E09000017,0.0,0.0,2.0,2016.0,01XH30307,1.0,5.0,0.0,4.0,1.0,-1,2016.0,01XH30307,2016,11,1,18
146486,201601XH30321,507040.0,178540.0,-0.459448,51.495625,1,Slight,2,1,2016-07-05,Tuesday,21:13,Hillingdon,E09000017,1,4,3,70.0,0,-1,-1,-1,,,4,1,1,0,0,1,2,E01002446,3,1,07/05/2016,07/05/2016,1,9,0,18,,0,0,0,0,0,,,6,Female,26,26 - 35,1596,1,10,6,2,,1,1,1,2,26,6,3,0,0,0,0,0,9,2,6,2016.0,01XH30321,E09000017,0.0,0.0,1.0,2016.0,01XH30321,3.0,7.0,0.0,2.0,1.0,-1,2016.0,01XH30321,2016,7,1,21
146488,201601XH30324,509720.0,182650.0,-0.419579,51.532054,1,Slight,2,1,2016-05-22,Sunday,18:15,Hillingdon,E09000017,5,0,6,50.0,0,-1,-1,-1,,,1,1,1,0,0,1,1,E01002422,3,1,22/05/2016,22/05/2016,1,9,0,9,,0,0,0,0,0,,,6,Male,23,21 - 25,1995,2,6,7,2,,2,1,1,2,57,9,3,0,0,0,0,0,9,1,3,2016.0,01XH30324,E09000017,0.0,0.0,2.0,2016.0,01XH30324,7.0,5.0,0.0,2.0,1.0,-1,2016.0,01XH30324,2016,5,1,18
146500,201601XH30342,508650.0,181880.0,-0.435236,51.525339,1,Slight,2,1,2016-05-26,Thursday,22:15,Hillingdon,E09000017,3,4020,3,40.0,3,4,5,0,,,4,1,1,0,0,1,1,E01002401,3,1,26/05/2016,26/05/2016,1,9,0,9,,6,0,0,0,0,,,6,Male,26,26 - 35,1995,2,9,3,1,,2,1,1,1,25,5,3,0,0,0,0,0,9,-1,-1,2016.0,01XH30342,E09000017,0.0,4.0,2.0,2016.0,01XH30342,5.0,4.0,0.0,1.0,1.0,-1,2016.0,01XH30342,2016,5,1,22
146502,201601XH30347,509140.0,178710.0,-0.429156,51.496752,1,Slight,1,1,2016-05-27,Friday,20:49,Hillingdon,E09000017,6,0,6,30.0,0,-1,-1,-1,,,4,1,1,0,0,1,1,E01002490,3,1,27/05/2016,27/05/2016,1,9,0,18,,0,0,0,0,0,,,6,Male,32,26 - 35,1896,2,12,5,1,,1,1,3,1,-1,-1,3,5,1,0,0,2,0,-1,-1,2016.0,01XH30347,E09000017,0.0,0.0,2.0,2016.0,01XH30347,5.0,1.0,0.0,1.0,1.0,-1,2016.0,01XH30347,2016,5,1,20
146518,201601XH30379,507540.0,183220.0,-0.450822,51.537596,1,Slight,2,1,2016-06-14,Tuesday,18:04,Hillingdon,E09000017,6,0,6,30.0,0,-1,-1,-1,,,1,1,1,0,0,1,1,E01002456,3,1,14/06/2016,14/06/2016,1,9,0,2,,0,0,0,0,0,,,2,Male,28,26 - 35,1998,1,11,-1,-1,,2,1,1,1,-1,-1,3,0,0,0,0,0,1,-1,-1,2016.0,01XH30379,E09000017,0.0,0.0,2.0,2016.0,01XH30379,0.0,0.0,9.0,3.0,1.0,-1,2016.0,01XH30379,2016,6,1,18
146520,201601XH30390,510120.0,181310.0,-0.414233,51.519932,1,Slight,3,2,2016-06-16,Thursday,18:15,Hillingdon,E09000017,3,4020,3,40.0,0,-1,-1,-1,,,1,1,1,0,0,1,1,E01002508,3,1,16/06/2016,16/06/2016,1,9,0,11,,0,1,0,5,6,,,2,Male,28,26 - 35,1560,2,8,5,1,,1,1,1,1,28,6,3,0,0,0,0,0,9,1,5,2016.0,01XH30390,E09000017,0.0,4.0,2.0,2016.0,01XH30390,8.0,4.0,0.0,1.0,1.0,-1,2016.0,01XH30390,2016,6,2,18
146539,201601XH30418,507740.0,182420.0,-0.448184,51.530367,1,Slight,2,1,2016-06-24,Friday,20:42,Hillingdon,E09000017,3,4020,3,40.0,3,2,5,0,,,1,1,1,0,0,1,1,E01002410,3,1,24/06/2016,24/06/2016,1,9,0,3,,1,0,0,0,0,,,6,Female,30,26 - 35,998,1,1,10,1,,1,1,1,2,30,6,3,0,0,0,0,0,9,1,10,2016.0,01XH30418,E09000017,0.0,5.0,2.0,2016.0,01XH30418,8.0,4.0,0.0,2.0,1.0,-1,2016.0,01XH30418,2016,6,1,20
146549,201601XH30439,510770.0,179990.0,-0.405283,51.50794,1,Slight,5,3,2016-06-26,Sunday,18:28,Hillingdon,E09000017,3,312,3,50.0,0,-1,-1,-1,,,1,1,1,0,0,1,1,E01002507,3,1,26/06/2016,26/06/2016,1,9,0,3,,0,0,0,0,0,,,6,Male,27,26 - 35,1968,2,5,3,1,,2,1,1,2,35,6,3,0,0,0,0,0,9,1,3,2016.0,01XH30439,E09000017,0.0,0.0,2.0,2016.0,01XH30439,5.0,1.0,0.0,2.0,1.0,-1,2016.0,01XH30439,2016,6,3,18
146550,201601XH30441,510620.0,181080.0,-0.407102,51.517767,1,Slight,2,2,2016-12-06,Tuesday,18:00,Hillingdon,E09000017,3,4020,3,30.0,6,2,5,0,,,1,1,1,0,0,1,2,E01002505,3,1,12/06/2016,12/06/2016,1,9,0,10,,1,0,0,0,0,,,6,Male,33,26 - 35,1339,1,8,5,1,,1,1,1,1,33,6,3,0,0,0,0,0,9,1,5,2016.0,01XH30441,E09000017,0.0,5.0,2.0,2016.0,01XH30441,8.0,6.0,0.0,2.0,1.0,-1,2016.0,01XH30441,2016,12,2,18
146557,201601XH30456,505970.0,183860.0,-0.473258,51.543645,1,Slight,2,1,2016-07-07,Thursday,21:30,Hillingdon,E09000017,4,483,3,40.0,1,4,3,4020,,,1,1,1,0,0,1,1,E01002515,3,1,07/07/2016,07/07/2016,1,9,0,4,,1,0,0,0,0,,,6,Female,23,21 - 25,2400,2,1,9,1,,1,1,1,2,23,5,3,0,0,0,0,0,9,1,9,2016.0,01XH30456,E09000017,0.0,0.0,2.0,2016.0,01XH30456,1.0,5.0,0.0,2.0,1.0,-1,2016.0,01XH30456,2016,7,1,21
146559,201601XH30461,505700.0,185050.0,-0.476793,51.554392,1,Slight,1,1,2016-07-13,Wednesday,00:45,Hillingdon,E09000017,4,467,6,30.0,3,4,6,0,,,4,1,1,0,0,1,1,E01002514,3,1,13/07/2016,13/07/2016,1,9,0,18,,1,0,10,7,10,,,6,Male,18,16 - 20,1388,1,14,-1,-1,,1,1,1,1,18,4,3,0,0,0,0,0,9,-1,-1,2016.0,01XH30461,E09000017,0.0,0.0,2.0,2016.0,01XH30461,5.0,1.0,0.0,4.0,1.0,-1,2016.0,01XH30461,2016,7,1,0
146567,201601XH30473,505880.0,176950.0,-0.476629,51.481552,1,Serious,1,2,2016-07-19,Tuesday,18:10,Hillingdon,E09000017,3,4,3,50.0,3,2,3,3044,,,1,1,1,0,0,1,1,E01002444,2,2,19/07/2016,19/07/2016,1,3,0,18,,8,0,0,0,0,,,6,Female,29,26 - 35,124,1,8,7,1,,1,1,1,2,29,6,3,0,0,0,0,0,3,1,7,2016.0,01XH30473,E09000017,0.0,5.0,2.0,2016.0,01XH30473,3.0,7.0,0.0,1.0,1.0,-1,2016.0,01XH30473,2016,7,4,18
146590,201601XH30515,507660.0,184820.0,-0.448603,51.551954,1,Slight,3,2,2016-02-08,Monday,21:55,Hillingdon,E09000017,5,0,3,40.0,6,2,3,437,,,4,1,1,0,0,1,1,E01002452,3,1,02/08/2016,02/08/2016,1,9,0,18,,8,0,0,0,0,,,6,Male,24,21 - 25,1995,2,6,5,1,,1,1,1,1,24,5,3,0,0,0,0,0,9,1,5,2016.0,01XH30515,E09000017,0.0,5.0,2.0,2016.0,01XH30515,4.0,8.0,0.0,1.0,1.0,-1,2016.0,01XH30515,2016,2,2,21
146591,201601XH30516,507160.0,178800.0,-0.457641,51.49794,1,Slight,2,1,2016-01-08,Friday,21:19,Hillingdon,E09000017,5,0,6,30.0,3,4,6,0,,,4,2,2,0,0,1,1,E01002446,3,1,01/08/2016,01/08/2016,1,9,0,9,,8,0,10,7,10,,,6,Male,21,21 - 25,1197,1,1,2,1,,1,1,2,1,21,5,3,0,0,1,0,0,9,1,4,2016.0,01XH30516,E09000017,0.0,0.0,2.0,2016.0,01XH30516,7.0,5.0,0.0,4.0,1.0,-1,2016.0,01XH30516,2016,1,1,21
146598,201601XH30524,506590.0,184340.0,-0.464175,51.547843,1,Slight,2,1,2016-12-07,Wednesday,18:00,Hillingdon,E09000017,5,0,6,30.0,3,4,5,0,,,1,1,1,0,0,1,1,E01002515,3,1,12/07/2016,12/07/2016,1,9,0,9,,8,0,0,0,0,,,6,Male,21,21 - 25,999,1,14,7,1,,2,1,1,1,29,6,3,0,0,0,0,0,4,1,3,2016.0,01XH30524,E09000017,0.0,0.0,2.0,2016.0,01XH30524,4.0,3.0,0.0,1.0,1.0,-1,2016.0,01XH30524,2016,12,1,18
146601,201601XH30530,510530.0,190390.0,-0.405474,51.601463,1,Slight,1,1,2016-10-08,Saturday,20:38,Hillingdon,E09000017,3,404,6,30.0,3,4,6,0,,,4,1,1,0,0,1,1,E01002483,3,1,10/08/2016,10/08/2016,1,9,0,18,,8,0,10,1,4,,,6,Female,24,21 - 25,1248,1,0,8,1,,1,1,1,2,24,5,3,0,0,0,0,0,9,1,8,2016.0,01XH30530,E09000017,0.0,0.0,2.0,2016.0,01XH30530,8.0,4.0,0.0,1.0,1.0,-1,2016.0,01XH30530,2016,10,1,20
146615,201601XH30547,508120.0,181590.0,-0.442962,51.522834,1,Slight,2,1,2016-11-08,Tuesday,19:30,Hillingdon,E09000017,4,465,6,30.0,0,-1,-1,-1,,,4,1,1,0,0,1,1,E01002400,3,1,11/08/2016,11/08/2016,1,9,0,3,,0,0,0,0,0,,,6,Male,32,26 - 35,1590,1,14,5,1,,2,1,1,1,21,5,3,0,0,0,0,0,3,1,1,2016.0,01XH30547,E09000017,0.0,0.0,2.0,2016.0,01XH30547,3.0,7.0,0.0,2.0,1.0,-1,2016.0,01XH30547,2016,11,1,19
146621,201601XH30557,511070.0,184520.0,-0.399535,51.548598,1,Slight,2,1,2016-08-14,Sunday,01:25,Hillingdon,E09000017,3,4180,6,30.0,1,4,3,40,,,4,1,1,0,0,1,2,E01002499,3,1,14/08/2016,14/08/2016,1,9,0,3,,1,0,0,0,0,,,6,Female,25,21 - 25,1198,1,2,7,1,,1,1,1,2,25,5,3,0,0,0,0,0,9,1,7,2016.0,01XH30557,E09000017,0.0,8.0,2.0,2016.0,01XH30557,8.0,4.0,0.0,2.0,1.0,-1,2016.0,01XH30557,2016,8,1,1
146639,201601XH30618,505380.0,183560.0,-0.481853,51.541059,1,Slight,1,1,2016-08-30,Tuesday,02:50,Hillingdon,E09000017,3,408,6,30.0,3,4,6,0,,,4,1,1,0,0,1,1,E01002521,3,1,30/08/2016,30/08/2016,1,9,0,18,,1,0,0,1,7,,,6,Male,18,16 - 20,998,1,0,4,1,,1,1,1,1,18,4,3,0,0,0,0,0,9,1,4,2016.0,01XH30618,E09000017,0.0,0.0,2.0,2016.0,01XH30618,1.0,5.0,0.0,4.0,1.0,-1,2016.0,01XH30618,2016,8,1,2
146643,201601XH30679,510500.0,178850.0,-0.409529,51.497747,1,Slight,2,1,2016-08-13,Saturday,18:00,Hounslow,E09000018,3,312,1,30.0,1,2,3,312,,,1,1,1,0,0,1,2,E01002637,3,1,13/08/2016,13/08/2016,1,9,0,3,,1,0,0,0,0,,,6,Male,33,26 - 35,2143,2,5,3,1,,1,1,1,1,33,6,3,0,0,0,0,0,9,1,3,2016.0,01XH30679,E09000018,0.0,5.0,2.0,2016.0,01XH30679,5.0,1.0,0.0,2.0,1.0,-1,2016.0,01XH30679,2016,8,1,18
147128,201601YR90017,530630.0,188980.0,-0.115931,51.584493,1,Slight,2,1,2016-06-01,Wednesday,18:42,Haringey,E09000014,3,103,6,30.0,3,4,6,0,,,4,1,1,0,0,1,1,E01002017,3,1,06/01/2016,06/01/2016,1,9,0,9,,1,0,0,0,0,,,2,Male,31,26 - 35,1598,1,10,1,1,,2,1,1,1,37,7,3,0,0,0,0,0,1,1,3,2016.0,01YR90017,E09000014,0.0,4.0,2.0,2016.0,01YR90017,2.0,8.0,0.0,4.0,1.0,-1,2016.0,01YR90017,2016,6,1,18
147132,201601YR90029,533790.0,189920.0,-0.06999,51.592199,1,Slight,1,1,2016-01-14,Thursday,21:50,Haringey,E09000014,6,0,6,30.0,3,4,3,10,,,4,1,1,0,0,1,1,E01001979,3,1,14/01/2016,14/01/2016,1,9,0,5,,1,0,0,0,0,,,6,Male,30,26 - 35,2993,2,11,-1,-1,,1,1,3,1,52,8,3,4,1,0,0,2,0,1,2,2016.0,01YR90029,E09000014,0.0,4.0,2.0,2016.0,01YR90029,7.0,3.0,0.0,1.0,1.0,-1,2016.0,01YR90029,2016,1,1,21
147134,201601YR90032,533370.0,188680.0,-0.076521,51.581155,1,Slight,2,1,2016-08-01,Monday,19:41,Haringey,E09000014,3,503,6,30.0,8,4,6,0,,,4,1,1,0,0,1,1,E01002046,3,1,08/01/2016,08/01/2016,1,9,0,7,,1,0,0,0,0,,,2,Male,24,21 - 25,2231,2,9,3,1,,2,1,1,1,42,7,3,0,0,0,0,0,3,1,6,2016.0,01YR90032,E09000014,0.0,0.0,2.0,2016.0,01YR90032,2.0,4.0,0.0,3.0,1.0,-1,2016.0,01YR90032,2016,8,1,19
147144,201601YR90053,534240.0,189340.0,-0.06372,51.58688,1,Slight,3,2,2016-08-01,Monday,18:47,Haringey,E09000014,3,503,6,30.0,3,4,6,0,,,4,1,2,0,0,1,1,E01002068,3,1,08/01/2016,08/01/2016,1,3,0,3,,2,0,0,0,0,,,6,Male,25,21 - 25,125,1,8,2,1,,2,1,1,1,41,7,3,0,0,0,0,0,9,1,1,2016.0,01YR90053,E09000014,0.0,1.0,2.0,2016.0,01YR90053,1.0,5.0,0.0,2.0,1.0,-1,2016.0,01YR90053,2016,8,2,18
147149,201601YR90058,534360.0,191660.0,-0.061101,51.6077,1,Slight,2,3,2016-05-01,Sunday,18:15,Haringey,E09000014,5,0,6,30.0,6,4,6,0,,,4,1,1,0,0,1,1,E01002036,3,1,05/01/2016,05/01/2016,1,9,0,18,,8,0,10,3,0,,,6,Female,31,26 - 35,1360,1,13,4,1,,1,1,1,2,31,6,3,0,0,0,0,0,9,1,4,2016.0,01YR90058,E09000014,0.0,0.0,2.0,2016.0,01YR90058,5.0,1.0,0.0,3.0,1.0,-1,2016.0,01YR90058,2016,5,3,18
147162,201601YR90090,531760.0,188730.0,-0.099725,51.581983,1,Slight,2,2,2016-01-20,Wednesday,18:44,Haringey,E09000014,3,105,6,30.0,3,4,6,0,,,4,1,1,0,0,1,2,E01001999,3,1,20/01/2016,20/01/2016,1,9,0,3,,2,0,0,0,0,,,6,Male,25,21 - 25,2497,2,12,3,1,,1,1,1,1,25,5,3,0,0,0,0,0,9,1,3,2016.0,01YR90090,E09000014,0.0,5.0,2.0,2016.0,01YR90090,5.0,1.0,0.0,1.0,1.0,-1,2016.0,01YR90090,2016,1,2,18
147163,201601YR90094,534670.0,190530.0,-0.05706,51.597471,1,Slight,1,2,2016-01-30,Saturday,01:45,Haringey,E09000014,5,0,6,30.0,3,4,6,0,,,4,2,2,0,0,1,2,E01002075,3,1,30/01/2016,30/01/2016,1,9,0,7,,2,0,7,0,0,,,6,Male,23,21 - 25,1124,1,13,2,1,,1,1,1,1,23,5,3,0,0,0,0,0,9,1,2,2016.0,01YR90094,E09000014,0.0,8.0,2.0,2016.0,01YR90094,7.0,2.0,0.0,1.0,1.0,-1,2016.0,01YR90094,2016,1,2,1
147168,201601YR90102,534180.0,189100.0,-0.064677,51.584738,1,Slight,2,1,2016-01-31,Sunday,20:55,Haringey,E09000014,3,503,6,30.0,3,4,6,0,,,4,1,1,0,0,1,1,E01002071,3,1,31/01/2016,31/01/2016,1,9,0,18,,1,0,0,0,0,,,6,Male,23,21 - 25,1956,2,2,4,1,,1,1,1,1,23,5,3,0,0,0,0,0,9,1,4,2016.0,01YR90102,E09000014,0.0,0.0,2.0,2016.0,01YR90102,7.0,3.0,0.0,1.0,1.0,-1,2016.0,01YR90102,2016,1,1,20
147181,201601YR90123,532870.0,189470.0,-0.083434,51.588373,1,Slight,1,1,2016-07-02,Saturday,18:30,Haringey,E09000014,4,153,6,30.0,3,4,6,0,,,4,3,2,0,0,1,1,E01002067,3,1,07/02/2016,07/02/2016,1,9,0,9,,5,0,0,0,0,,,6,Female,29,26 - 35,1229,1,6,2,1,,1,1,3,2,80,11,3,1,1,0,0,2,0,-1,-1,2016.0,01YR90123,E09000014,0.0,1.0,2.0,2016.0,01YR90123,2.0,1.0,0.0,1.0,1.0,-1,2016.0,01YR90123,2016,7,1,18
147182,201601YR90126,528760.0,189670.0,-0.142654,51.591124,1,Slight,1,1,2016-02-22,Monday,00:23,Haringey,E09000014,4,550,6,30.0,1,4,3,504,,,4,1,1,0,0,1,1,E01001997,3,1,22/02/2016,22/02/2016,1,9,0,7,,2,0,0,0,0,,,6,Male,20,16 - 20,1595,1,10,8,1,,1,1,3,1,20,4,3,5,1,0,0,2,0,-1,-1,2016.0,01YR90126,E09000014,0.0,8.0,2.0,2016.0,01YR90126,5.0,8.0,0.0,1.0,1.0,-1,2016.0,01YR90126,2016,2,1,0
147185,201601YR90131,533550.0,188820.0,-0.073871,51.582371,1,Slight,1,1,2016-01-28,Thursday,20:00,Haringey,E09000014,3,503,6,30.0,3,4,6,0,,,7,9,1,0,0,1,2,E01002073,3,1,28/01/2016,28/01/2016,1,9,0,9,,2,0,0,0,0,,,1,Male,30,26 - 35,998,1,1,2,1,,1,1,3,2,32,6,3,5,1,0,0,2,0,1,2,2016.0,01YR90131,E09000014,0.0,0.0,2.0,2016.0,01YR90131,4.0,2.0,0.0,3.0,1.0,-1,2016.0,01YR90131,2016,1,1,20
147188,201601YR90141,533650.0,188990.0,-0.072364,51.583875,1,Slight,2,1,2016-02-29,Monday,19:44,Haringey,E09000014,3,10,3,30.0,9,2,3,504,,,4,1,1,0,0,1,1,E01002069,3,1,29/02/2016,29/02/2016,1,9,0,9,,8,0,0,0,0,,,6,Male,28,26 - 35,1995,2,5,9,1,,2,1,1,1,60,9,3,0,0,0,0,0,1,1,4,2016.0,01YR90141,E09000014,0.0,5.0,2.0,2016.0,01YR90141,1.0,6.0,0.0,4.0,1.0,-1,2016.0,01YR90141,2016,2,1,19
147198,201601YR90152,532640.0,191360.0,-0.086038,51.605411,1,Slight,2,1,2016-01-19,Tuesday,19:35,Haringey,E09000014,3,10,3,40.0,6,2,5,0,,,7,9,1,0,0,1,1,E01002093,3,1,19/01/2016,19/01/2016,1,9,0,9,,8,0,0,0,0,,,6,Female,23,21 - 25,1598,1,10,3,1,,1,1,1,2,23,5,3,0,0,0,0,0,9,1,3,2016.0,01YR90152,E09000014,0.0,5.0,2.0,2016.0,01YR90152,4.0,1.0,0.0,1.0,1.0,-1,2016.0,01YR90152,2016,1,1,19
147200,201601YR90155,530220.0,191050.0,-0.121078,51.60319,1,Slight,1,1,2016-11-02,Wednesday,03:30,Haringey,E09000014,3,109,6,30.0,0,-1,-1,-1,,,4,1,1,0,0,1,1,E01001972,3,1,11/02/2016,11/02/2016,1,9,0,18,,0,1,7,8,10,,,6,Male,26,26 - 35,1984,1,3,3,1,,1,1,1,1,26,6,3,0,0,0,0,0,9,1,3,2016.0,01YR90155,E09000014,0.0,4.0,2.0,2016.0,01YR90155,1.0,5.0,0.0,3.0,1.0,-1,2016.0,01YR90155,2016,11,1,3
147205,201601YR90161,531370.0,189790.0,-0.104954,51.5916,1,Slight,2,1,2016-06-03,Friday,20:56,Haringey,E09000014,3,105,6,30.0,3,4,6,0,,,4,1,1,0,0,1,1,E01002031,3,1,06/03/2016,06/03/2016,1,3,0,18,,8,0,0,0,0,,,1,Male,29,26 - 35,109,1,2,2,1,,1,1,1,1,29,6,3,0,0,0,0,0,3,1,2,2016.0,01YR90161,E09000014,0.0,4.0,2.0,2016.0,01YR90161,4.0,8.0,0.0,1.0,1.0,-1,2016.0,01YR90161,2016,6,1,20
147214,201601YR90170,535130.0,191310.0,-0.050123,51.604371,1,Slight,2,2,2016-03-13,Sunday,05:54,Haringey,E09000014,3,1055,6,30.0,3,4,6,0,,,1,1,1,0,0,1,1,E01002037,3,1,13/03/2016,13/03/2016,1,9,0,18,,1,0,7,0,0,,,6,Male,22,21 - 25,1984,1,8,6,1,,1,1,1,1,22,5,3,0,0,0,0,0,9,1,6,2016.0,01YR90170,E09000014,0.0,8.0,2.0,2016.0,01YR90170,5.0,1.0,0.0,1.0,1.0,-1,2016.0,01YR90170,2016,3,2,5