,accident_index,location_easting_osgr,location_northing_osgr,longitude,latitude,police_force,accident_severity,number_of_vehicles,number_of_casualties,date,day_of_week,time,local_authority_district,local_authority_highway,first_road_class,first_road_number,road_type,speed_limit,junction_detail,junction_control,second_road_class,second_road_number,pedestrian_crossing-human_control,pedestrian_crossing-physical_facilities,light_conditions,weather_conditions,road_surface_conditions,special_conditions_at_site,carriageway_hazards,urban_or_rural_area,did_police_officer_attend_scene_of_accident,lsoa_of_accident_location,accident_severity_num,accident_severity_inv,date2,date_original,vehicle_reference_x,vehicle_type,towing_and_articulation,vehicle_manoeuvre,vehicle_location-restricted_lane,junction_location,skidding_and_overturning,hit_object_in_carriageway,vehicle_leaving_carriageway,hit_object_off_carriageway,1st_point_of_impact,was_vehicle_left_hand_drive?,journey_purpose_of_driver,sex_of_driver,age_of_driver,age_band_of_driver,engine_capacity_cc,propulsion_code,age_of_vehicle,driver_imd_decile,driver_home_area_type,vehicle_imd_decile,vehicle_reference_y,casualty_reference,casualty_class,sex_of_casualty,age_of_casualty,age_band_of_casualty,casualty_severity,pedestrian_location,pedestrian_movement,car_passenger,bus_or_coach_passenger,pedestrian_road_maintenance_worker,casualty_type,casualty_home_area_type,casualty_imd_decile,accident_year_x,accident_reference_x,local_authority_ons_district,pedestrian_crossing_human_control,pedestrian_crossing_physical_facilities,trunk_road_flag,accident_year_y,accident_reference_y,vehicle_direction_from,vehicle_direction_to,vehicle_location_restricted_lane,first_point_of_impact,vehicle_left_hand_drive,generic_make_model,accident_year,accident_reference,year,month,severity,hours
147518,201601YR90565,531960.0,190540.0,-0.09616,51.598202,1,Slight,1,1,2016-06-21,Tuesday,19:20,Haringey,E09000014,3,109,6,30.0,3,2,6,0,,,1,1,1,0,0,1,1,E01002028,3,1,21/06/2016,21/06/2016,1,9,0,4,,8,0,0,0,0,,,6,Male,28,26 - 35,1229,1,10,7,1,,1,1,3,1,10,2,3,4,4,0,0,2,0,1,3,2016.0,01YR90565,E09000014,0.0,5.0,2.0,2016.0,01YR90565,8.0,4.0,2.0,1.0,1.0,-1,2016.0,01YR90565,2016,6,1,19
147521,201601YR90570,533280.0,190430.0,-0.077155,51.596903,1,Slight,2,2,2016-05-07,Saturday,18:49,Haringey,E09000014,6,0,2,20.0,6,4,6,0,,,1,1,1,0,0,1,2,E01001977,3,1,05/07/2016,05/07/2016,1,9,0,7,,8,0,0,0,0,,,6,Female,22,21 - 25,1198,1,5,10,1,,1,1,1,2,22,5,3,0,0,0,0,0,9,1,10,2016.0,01YR90570,E09000014,0.0,0.0,2.0,2016.0,01YR90570,1.0,3.0,0.0,1.0,1.0,-1,2016.0,01YR90570,2016,5,2,18
147534,201601YR90588,530730.0,187430.0,-0.115065,51.57054,1,Slight,2,1,2016-07-15,Friday,22:15,Islington,E09000019,3,1201,6,20.0,7,2,5,0,,,4,1,1,0,0,1,2,E01002805,3,1,15/07/2016,15/07/2016,1,3,0,7,,6,0,0,0,0,,,2,Male,22,21 - 25,125,1,6,5,1,,1,1,1,1,22,5,3,0,0,0,0,0,3,1,5,2016.0,01YR90588,E09000019,0.0,5.0,2.0,2016.0,01YR90588,2.0,4.0,0.0,2.0,1.0,-1,2016.0,01YR90588,2016,7,1,22
147536,201601YR90590,527960.0,188470.0,-0.154633,51.580522,1,Slight,2,1,2016-06-23,Thursday,18:23,Haringey,E09000014,3,1,6,30.0,9,4,3,1,,,1,9,2,0,0,1,2,E01002010,3,1,23/06/2016,23/06/2016,1,9,0,3,,2,0,0,0,0,,,1,Male,24,21 - 25,2993,2,1,7,3,,1,1,1,1,24,5,3,0,0,0,0,0,9,3,7,2016.0,01YR90590,E09000014,0.0,8.0,2.0,2016.0,01YR90590,2.0,6.0,0.0,2.0,1.0,-1,2016.0,01YR90590,2016,6,1,18
147537,201601YR90591,532390.0,191460.0,-0.089608,51.606369,1,Slight,2,1,2016-07-20,Wednesday,20:01,Haringey,E09000014,5,0,6,20.0,0,-1,-1,-1,,,1,1,1,0,0,1,1,E01002093,3,1,20/07/2016,20/07/2016,1,9,0,9,,0,0,0,0,0,,,2,Female,26,26 - 35,1198,1,14,1,1,,1,1,1,2,26,6,3,0,0,0,0,0,9,1,1,2016.0,01YR90591,E09000014,0.0,0.0,2.0,2016.0,01YR90591,8.0,5.0,0.0,3.0,1.0,-1,2016.0,01YR90591,2016,7,1,20
147551,201601YR90606,531560.0,187890.0,-0.102924,51.574481,1,Slight,2,1,2016-06-07,Tuesday,22:05,Haringey,E09000014,4,150,6,20.0,0,-1,-1,-1,,,4,1,1,0,0,1,1,E01002002,3,1,06/07/2016,06/07/2016,1,3,0,4,,0,0,0,0,0,,,6,Male,20,16 - 20,125,1,1,1,1,,1,1,1,1,20,4,3,0,0,0,0,0,3,1,1,2016.0,01YR90606,E09000014,0.0,0.0,2.0,2016.0,01YR90606,2.0,6.0,0.0,1.0,1.0,-1,2016.0,01YR90606,2016,6,1,22
147556,201601YR90611,533270.0,190570.0,-0.077246,51.598163,1,Slight,1,2,2016-01-07,Thursday,22:08,Haringey,E09000014,3,109,6,30.0,3,4,6,0,,,4,1,1,0,0,1,1,E01001978,3,1,01/07/2016,01/07/2016,1,4,0,18,,1,0,0,0,0,,,6,Male,17,16 - 20,125,1,2,2,1,,1,1,1,1,17,4,3,0,0,0,0,0,4,1,2,2016.0,01YR90611,E09000014,0.0,8.0,2.0,2016.0,01YR90611,3.0,7.0,0.0,1.0,1.0,-1,2016.0,01YR90611,2016,1,2,22
147558,201601YR90613,533910.0,190970.0,-0.067858,51.601606,1,Slight,2,3,2016-05-02,Monday,21:41,Haringey,E09000014,3,1010,6,30.0,3,4,6,0,,,4,1,2,0,0,1,1,E01002038,3,1,05/02/2016,05/02/2016,1,9,0,18,,1,0,0,0,0,,,6,Male,19,16 - 20,1368,1,10,2,1,,2,1,2,1,26,6,3,0,0,1,0,0,9,1,7,2016.0,01YR90613,E09000014,0.0,0.0,2.0,2016.0,01YR90613,1.0,5.0,0.0,4.0,1.0,-1,2016.0,01YR90613,2016,5,3,21
147560,201601YR90615,530810.0,189370.0,-0.11319,51.587956,1,Slight,2,1,2016-07-29,Friday,23:02,Haringey,E09000014,3,504,6,30.0,3,4,3,103,,,4,1,1,0,0,1,1,E01002014,3,1,29/07/2016,29/07/2016,1,5,0,13,,8,1,7,0,0,,,6,Male,29,26 - 35,600,1,1,-1,-1,,1,1,1,1,29,6,3,0,0,0,0,0,5,-1,-1,2016.0,01YR90615,E09000014,0.0,8.0,2.0,2016.0,01YR90615,2.0,6.0,0.0,1.0,1.0,-1,2016.0,01YR90615,2016,7,1,23
147566,201601YR90622,534180.0,189620.0,-0.064478,51.589411,1,Slight,2,2,2016-11-07,Monday,23:30,Haringey,E09000014,3,1055,6,30.0,9,2,5,0,,,4,1,1,0,0,1,1,E01002066,3,1,11/07/2016,11/07/2016,1,9,0,18,,8,0,0,0,0,,,6,Male,22,21 - 25,1596,1,8,1,1,,1,1,1,1,22,5,3,0,0,0,0,0,9,1,1,2016.0,01YR90622,E09000014,0.0,0.0,2.0,2016.0,01YR90622,3.0,7.0,0.0,4.0,1.0,-1,2016.0,01YR90622,2016,11,2,23
147589,201601YR90651,533810.0,190110.0,-0.069629,51.593902,1,Slight,2,1,2016-01-08,Friday,20:15,Haringey,E09000014,3,10,6,30.0,3,2,3,10,,,7,1,1,0,0,1,2,E01001979,3,1,01/08/2016,01/08/2016,1,9,0,4,,8,0,0,0,0,,,6,Female,35,26 - 35,1598,1,11,3,1,,1,1,1,2,35,6,3,0,0,0,0,0,9,1,3,2016.0,01YR90651,E09000014,0.0,5.0,2.0,2016.0,01YR90651,1.0,5.0,0.0,2.0,1.0,-1,2016.0,01YR90651,2016,1,1,20
147594,201601YR90656,533290.0,189090.0,-0.077519,51.584859,1,Slight,2,1,2016-12-08,Thursday,21:30,Haringey,E09000014,3,504,6,20.0,3,4,6,0,,,4,1,1,0,0,1,1,E01002069,3,1,12/08/2016,12/08/2016,1,9,0,9,,5,0,0,0,0,,,6,Male,29,26 - 35,4999,1,13,1,1,,2,1,1,1,21,5,3,0,0,0,0,0,3,1,1,2016.0,01YR90656,E09000014,0.0,1.0,2.0,2016.0,01YR90656,8.0,5.0,0.0,3.0,1.0,-1,2016.0,01YR90656,2016,12,1,21
147600,201601YR90662,533280.0,188610.0,-0.077845,51.580548,1,Slight,2,2,2016-05-26,Thursday,19:02,Haringey,E09000014,3,503,6,30.0,3,4,6,0,,,1,1,1,0,0,1,1,E01002046,3,1,26/05/2016,26/05/2016,1,9,0,18,,1,0,0,0,0,,,6,Female,25,21 - 25,1984,1,9,2,1,,1,1,1,2,25,5,3,0,0,0,0,0,9,1,2,2016.0,01YR90662,E09000014,0.0,4.0,2.0,2016.0,01YR90662,2.0,6.0,0.0,1.0,1.0,-1,2016.0,01YR90662,2016,5,2,19
147603,201601YR90665,533630.0,188540.0,-0.072824,51.579836,1,Slight,2,1,2016-01-04,Monday,23:40,Haringey,E09000014,3,10,6,20.0,0,-1,-1,-1,,,4,1,1,0,0,1,2,E01002051,3,1,01/04/2016,01/04/2016,1,8,0,2,,0,0,0,0,0,,,6,Male,34,26 - 35,2143,2,4,-1,-1,,1,1,1,1,34,6,3,0,0,0,0,0,8,-1,-1,2016.0,01YR90665,E09000014,0.0,4.0,2.0,2016.0,01YR90665,0.0,0.0,0.0,3.0,1.0,-1,2016.0,01YR90665,2016,1,1,23
147604,201601YR90666,533890.0,189520.0,-0.0687,51.588581,1,Slight,2,2,2016-08-13,Saturday,05:12,Haringey,E09000014,3,1055,6,30.0,0,-1,-1,-1,,,1,1,1,0,0,1,1,E01002066,3,1,13/08/2016,13/08/2016,1,9,0,7,,0,0,0,0,0,,,6,Male,29,26 - 35,-1,-1,-1,2,1,,1,1,1,1,29,6,3,0,0,0,0,0,9,1,2,2016.0,01YR90666,E09000014,0.0,0.0,2.0,2016.0,01YR90666,3.0,6.0,0.0,4.0,1.0,-1,2016.0,01YR90666,2016,8,2,5
147624,201601YR90690,532600.0,191370.0,-0.086611,51.605511,1,Slight,1,1,2016-07-19,Tuesday,18:27,Haringey,E09000014,5,0,6,20.0,0,-1,-1,-1,,,1,1,1,0,0,1,1,E01002093,3,1,19/07/2016,19/07/2016,1,9,0,18,,0,0,0,0,0,,,6,Female,25,21 - 25,1399,2,5,5,1,,1,1,3,1,79,11,3,4,9,0,0,2,0,1,1,2016.0,01YR90690,E09000014,0.0,5.0,2.0,2016.0,01YR90690,4.0,8.0,0.0,1.0,1.0,-1,2016.0,01YR90690,2016,7,1,18
147625,201601YR90691,535050.0,190660.0,-0.051527,51.598549,1,Slight,2,3,2016-12-08,Thursday,19:54,Haringey,E09000014,3,1055,6,40.0,0,-1,-1,-1,,,1,1,1,0,0,1,1,E01002075,3,1,12/08/2016,12/08/2016,1,9,0,13,,0,5,7,7,10,,,6,Male,27,26 - 35,1984,1,8,5,1,,1,1,1,1,27,6,3,0,0,0,0,0,9,1,5,2016.0,01YR90691,E09000014,0.0,4.0,2.0,2016.0,01YR90691,6.0,2.0,0.0,1.0,1.0,-1,2016.0,01YR90691,2016,12,3,19
147654,201601YR90744,529600.0,190510.0,-0.130225,51.59848,1,Slight,2,1,2016-10-07,Friday,00:15,Haringey,E09000014,5,0,6,20.0,0,-1,-1,-1,,,4,1,1,0,0,1,1,E01001964,3,1,10/07/2016,10/07/2016,1,9,0,18,,0,5,4,0,0,,,6,Female,25,21 - 25,1598,2,5,-1,-1,,1,1,1,2,25,5,3,0,0,0,0,0,9,-1,-1,2016.0,01YR90744,E09000014,0.0,8.0,2.0,2016.0,01YR90744,4.0,8.0,0.0,1.0,1.0,-1,2016.0,01YR90744,2016,10,1,0
147666,201601YR90804,531810.0,189990.0,-0.098531,51.593295,1,Slight,2,3,2016-06-15,Wednesday,23:30,Haringey,E09000014,6,0,6,30.0,3,4,3,1080,,,7,9,1,0,0,1,1,E01002027,3,1,15/06/2016,15/06/2016,1,9,0,18,,1,0,0,0,0,,,6,Male,26,26 - 35,1596,1,11,3,1,,1,1,1,1,26,6,3,0,0,0,0,0,9,1,3,2016.0,01YR90804,E09000014,0.0,4.0,2.0,2016.0,01YR90804,8.0,4.0,0.0,1.0,1.0,-1,2016.0,01YR90804,2016,6,3,23
147669,201601YR90815,531580.0,189440.0,-0.102055,51.588406,1,Slight,1,1,2016-05-07,Saturday,19:18,Haringey,E09000014,3,105,6,30.0,9,2,3,504,,,7,1,1,0,0,1,1,E01002003,3,1,05/07/2016,05/07/2016,1,9,0,18,,1,0,0,0,0,,,6,Female,21,21 - 25,1248,2,7,3,1,,1,1,3,1,9,2,3,10,1,0,0,2,0,1,2,2016.0,01YR90815,E09000014,0.0,5.0,2.0,2016.0,01YR90815,4.0,8.0,0.0,1.0,1.0,-1,2016.0,01YR90815,2016,5,1,19
147681,201601YR90864,531570.0,186880.0,-0.103158,51.565402,1,Slight,2,1,2016-07-17,Sunday,18:23,Hackney,E09000012,3,503,6,30.0,8,4,6,0,,,1,1,1,0,0,1,1,E01001718,3,1,17/07/2016,17/07/2016,1,9,0,7,,1,0,0,0,0,,,6,Male,19,16 - 20,1968,2,1,6,1,,2,1,1,1,27,6,3,0,0,0,0,0,3,1,6,2016.0,01YR90864,E09000012,0.0,0.0,2.0,2016.0,01YR90864,2.0,4.0,0.0,4.0,1.0,-1,2016.0,01YR90864,2016,7,1,18
147697,201601ZD30009,538280.0,163460.0,-0.01556,51.353339,1,Serious,2,2,2016-01-17,Sunday,20:30,Croydon,E09000008,6,0,6,30.0,3,4,6,0,,,4,1,1,0,0,1,1,E01001055,2,2,17/01/2016,17/01/2016,1,9,0,18,,8,0,0,0,0,,,6,Male,34,26 - 35,-1,-1,-1,-1,-1,,2,1,1,1,16,4,3,0,0,0,0,0,2,1,1,2016.0,01ZD30009,E09000008,0.0,0.0,2.0,2016.0,01ZD30009,8.0,4.0,0.0,1.0,1.0,-1,2016.0,01ZD30009,2016,1,4,20
147720,201601ZD30048,532870.0,167230.0,-0.091798,51.38851,1,Slight,2,1,2016-01-21,Thursday,05:56,Croydon,E09000008,3,213,6,30.0,3,4,5,0,,,4,1,1,0,0,1,1,E01001109,3,1,21/01/2016,21/01/2016,1,3,0,18,,8,0,0,0,0,,,6,Male,31,26 - 35,125,1,1,9,1,,1,1,1,1,31,6,3,0,0,0,0,0,3,1,9,2016.0,01ZD30048,E09000008,0.0,0.0,2.0,2016.0,01ZD30048,2.0,6.0,0.0,1.0,1.0,-1,2016.0,01ZD30048,2016,1,1,5
147724,201601ZD30053,532820.0,170900.0,-0.091143,51.421503,1,Slight,1,1,2016-01-29,Friday,05:49,Croydon,E09000008,3,214,6,30.0,6,4,6,0,,,4,1,1,0,0,1,1,E01001162,3,1,29/01/2016,29/01/2016,1,9,0,18,,8,0,0,0,0,,,6,Female,25,21 - 25,1595,2,6,9,1,,1,1,3,2,25,5,3,5,3,0,0,2,0,1,9,2016.0,01ZD30053,E09000008,0.0,0.0,2.0,2016.0,01ZD30053,4.0,8.0,0.0,3.0,1.0,-1,2016.0,01ZD30053,2016,1,1,5
147728,201601ZD30057,530600.0,169740.0,-0.12348,51.411593,1,Serious,2,1,2016-01-26,Tuesday,18:10,Croydon,E09000008,3,23,6,30.0,3,4,6,0,,,1,1,1,0,0,1,1,E01001089,2,2,26/01/2016,26/01/2016,1,9,0,9,,8,0,0,0,0,,,6,Male,23,21 - 25,1200,1,13,6,1,,2,1,1,1,45,7,2,0,0,0,0,0,2,1,2,2016.0,01ZD30057,E09000008,0.0,4.0,2.0,2016.0,01ZD30057,8.0,5.0,0.0,3.0,1.0,-1,2016.0,01ZD30057,2016,1,2,18
147738,201601ZD30073,531070.0,167560.0,-0.117531,51.391894,1,Slight,1,1,2016-02-02,Tuesday,18:15,Croydon,E09000008,3,23,6,30.0,0,-1,-1,-1,,,1,1,1,0,0,1,1,E01001176,3,1,02/02/2016,02/02/2016,1,3,0,18,,0,0,0,0,0,,,6,Male,31,26 - 35,124,1,2,2,1,,1,1,3,1,23,5,3,5,2,0,0,2,0,1,6,2016.0,01ZD30073,E09000008,0.0,0.0,2.0,2016.0,01ZD30073,2.0,6.0,0.0,0.0,1.0,-1,2016.0,01ZD30073,2016,2,1,18
147752,201601ZD30096,531410.0,167460.0,-0.112684,51.390916,1,Slight,2,2,2016-12-02,Friday,19:40,Croydon,E09000008,3,235,6,30.0,3,4,6,0,,,4,1,1,0,0,1,1,E01001178,3,1,12/02/2016,12/02/2016,1,9,0,18,,8,0,0,0,0,,,6,Female,19,16 - 20,1598,1,14,3,1,,1,1,1,2,19,4,3,0,0,0,0,0,9,1,3,2016.0,01ZD30096,E09000008,0.0,0.0,2.0,2016.0,01ZD30096,8.0,4.0,0.0,1.0,1.0,-1,2016.0,01ZD30096,2016,12,2,19
147755,201601ZD30099,531830.0,166000.0,-0.107192,51.377698,1,Slight,1,1,2016-12-02,Friday,23:40,Croydon,E09000008,6,0,6,30.0,3,4,6,0,,,4,1,1,0,0,1,1,E01001014,3,1,12/02/2016,12/02/2016,1,3,0,18,,1,1,0,0,0,,,6,Male,31,26 - 35,-1,-1,-1,-1,-1,,1,1,1,1,31,6,3,0,0,0,0,0,3,-1,-1,2016.0,01ZD30099,E09000008,0.0,0.0,2.0,2016.0,01ZD30099,3.0,7.0,0.0,0.0,1.0,-1,2016.0,01ZD30099,2016,12,1,23
147756,201601ZD30100,531140.0,164140.0,-0.117787,51.361142,1,Slight,2,1,2016-02-13,Saturday,22:44,Croydon,E09000008,3,23,6,30.0,0,-1,-1,-1,,,4,2,2,0,0,1,1,E01001172,3,1,13/02/2016,13/02/2016,1,9,0,12,,0,0,7,0,0,,,6,Male,25,21 - 25,1995,2,1,6,1,,1,1,2,1,24,5,3,0,0,1,0,0,9,1,4,2016.0,01ZD30100,E09000008,0.0,8.0,2.0,2016.0,01ZD30100,5.0,1.0,0.0,1.0,1.0,-1,2016.0,01ZD30100,2016,2,1,22
147757,201601ZD30101,532560.0,167110.0,-0.096295,51.387504,1,Slight,2,1,2016-05-02,Monday,19:10,Croydon,E09000008,3,212,6,30.0,9,2,6,0,,,4,1,2,0,0,1,2,E01001116,3,1,05/02/2016,05/02/2016,1,9,0,4,,8,0,0,0,0,,,6,Male,20,16 - 20,1248,2,12,2,1,,1,1,1,1,20,4,3,0,0,0,0,0,9,1,2,2016.0,01ZD30101,E09000008,0.0,5.0,2.0,2016.0,01ZD30101,5.0,1.0,0.0,0.0,1.0,-1,2016.0,01ZD30101,2016,5,1,19
147759,201601ZD30104,530120.0,164740.0,-0.132209,51.366769,1,Serious,1,1,2016-03-02,Wednesday,20:30,Sutton,E09000029,4,272,6,30.0,3,4,6,0,,,4,1,1,0,0,1,1,E01004079,2,2,03/02/2016,03/02/2016,1,9,0,16,,8,0,0,0,0,,,6,Male,26,26 - 35,-1,-1,-1,6,1,,1,1,3,2,46,8,2,9,9,0,0,2,0,1,9,2016.0,01ZD30104,E09000029,0.0,1.0,2.0,2016.0,01ZD30104,2.0,5.0,0.0,4.0,1.0,-1,2016.0,01ZD30104,2016,3,2,20
147766,201601ZD30121,531270.0,167750.0,-0.114588,51.393555,1,Slight,1,1,2016-02-17,Wednesday,22:58,Croydon,E09000008,3,23,6,30.0,1,4,3,235,,,4,2,2,0,0,1,1,E01001176,3,1,17/02/2016,17/02/2016,1,9,0,7,,8,0,10,0,0,,,6,Female,22,21 - 25,796,1,14,-1,-1,,1,1,1,2,22,5,3,0,0,0,0,0,9,-1,-1,2016.0,01ZD30121,E09000008,0.0,5.0,2.0,2016.0,01ZD30121,4.0,6.0,0.0,3.0,1.0,-1,2016.0,01ZD30121,2016,2,1,22
147767,201601ZD30122,532880.0,167230.0,-0.091654,51.388507,1,Slight,3,2,2016-02-18,Thursday,00:47,Croydon,E09000008,3,213,6,30.0,3,4,5,0,,,4,1,1,0,0,1,1,E01001109,3,1,18/02/2016,18/02/2016,1,9,0,9,,8,0,10,7,10,,,6,Male,32,26 - 35,2295,1,14,3,1,,1,1,1,1,32,6,3,0,0,0,0,0,9,1,3,2016.0,01ZD30122,E09000008,0.0,0.0,2.0,2016.0,01ZD30122,2.0,1.0,0.0,3.0,1.0,-1,2016.0,01ZD30122,2016,2,2,0
147772,201601ZD30129,539150.0,161890.0,-0.003688,51.339018,1,Slight,3,2,2016-02-28,Sunday,22:13,Croydon,E09000008,5,0,6,30.0,3,4,5,0,,,4,1,1,0,0,1,1,E01001079,3,1,28/02/2016,28/02/2016,1,9,0,18,,8,0,0,0,0,,,6,Male,23,21 - 25,1956,2,4,8,1,,1,1,1,1,23,5,3,0,0,0,0,0,9,1,8,2016.0,01ZD30129,E09000008,0.0,0.0,2.0,2016.0,01ZD30129,1.0,5.0,0.0,1.0,1.0,-1,2016.0,01ZD30129,2016,2,2,22
147778,201601ZD30137,532050.0,165030.0,-0.104393,51.36893,1,Slight,2,1,2016-02-22,Monday,18:25,Croydon,E09000008,4,271,1,30.0,1,4,3,236,,,4,1,2,0,0,1,1,E01001042,3,1,22/02/2016,22/02/2016,1,9,0,18,,8,0,0,0,0,,,6,Male,35,26 - 35,3498,1,10,6,1,,2,1,1,1,42,7,3,0,0,0,0,0,3,1,3,2016.0,01ZD30137,E09000008,0.0,0.0,2.0,2016.0,01ZD30137,8.0,4.0,0.0,3.0,1.0,-1,2016.0,01ZD30137,2016,2,1,18
147782,201601ZD30142,531800.0,167210.0,-0.107174,51.388579,1,Slight,2,1,2016-02-25,Thursday,19:18,Croydon,E09000008,5,0,6,30.0,6,4,6,0,,,4,1,1,0,0,1,1,E01001178,3,1,25/02/2016,25/02/2016,1,9,0,16,,8,0,0,0,0,,,6,Female,27,26 - 35,1968,2,12,4,1,,2,1,1,1,33,6,3,0,0,0,0,0,1,1,3,2016.0,01ZD30142,E09000008,0.0,0.0,2.0,2016.0,01ZD30142,4.0,6.0,0.0,3.0,1.0,-1,2016.0,01ZD30142,2016,2,1,19
147783,201601ZD30143,533700.0,167840.0,-0.079647,51.393797,1,Slight,2,1,2016-02-25,Thursday,22:12,Croydon,E09000008,5,0,6,30.0,0,-1,-1,-1,,,4,1,1,0,0,1,1,E01001112,3,1,25/02/2016,25/02/2016,1,9,0,18,,0,0,0,0,0,,,6,Male,28,26 - 35,-1,-1,-1,3,1,,1,1,1,1,28,6,3,0,0,0,0,0,9,1,3,2016.0,01ZD30143,E09000008,0.0,0.0,2.0,2016.0,01ZD30143,8.0,4.0,0.0,1.0,1.0,-1,2016.0,01ZD30143,2016,2,1,22
147793,201601ZD30157,531840.0,168900.0,-0.105973,51.403758,1,Slight,2,1,2016-02-27,Saturday,22:35,Croydon,E09000008,6,0,6,30.0,3,4,6,0,,,4,1,1,0,0,1,1,E01001151,3,1,27/02/2016,27/02/2016,1,9,0,2,,8,0,0,0,0,,,6,Male,35,26 - 35,2493,8,2,-1,-1,,1,1,1,1,35,6,3,0,0,0,0,0,9,-1,-1,2016.0,01ZD30157,E09000008,0.0,0.0,2.0,2016.0,01ZD30157,0.0,0.0,0.0,1.0,1.0,-1,2016.0,01ZD30157,2016,2,1,22
147794,201601ZD30158,531420.0,166320.0,-0.112962,51.380669,1,Slight,2,1,2016-02-19,Friday,20:00,Croydon,E09000008,3,236,6,30.0,3,4,3,213,,,4,5,2,0,0,1,1,E01001011,3,1,19/02/2016,19/02/2016,1,9,0,18,,8,0,0,0,0,,,6,Male,25,21 - 25,1560,2,4,4,1,,2,1,1,1,22,5,3,0,0,0,0,0,1,-1,-1,2016.0,01ZD30158,E09000008,0.0,0.0,2.0,2016.0,01ZD30158,8.0,4.0,0.0,1.0,1.0,-1,2016.0,01ZD30158,2016,2,1,20
147801,201601ZD30168,532850.0,168840.0,-0.091483,51.402983,1,Slight,4,1,2016-08-02,Tuesday,23:40,Croydon,E09000008,3,212,6,30.0,0,-1,-1,-1,,,4,1,1,0,0,1,1,E01001150,3,1,08/02/2016,08/02/2016,1,9,0,18,,0,0,10,1,10,,,6,Male,24,21 - 25,1991,2,6,3,1,,1,1,1,1,24,5,3,0,0,0,0,0,9,1,3,2016.0,01ZD30168,E09000008,0.0,0.0,2.0,2016.0,01ZD30168,2.0,6.0,0.0,4.0,1.0,-1,2016.0,01ZD30168,2016,8,1,23
147817,201601ZD30186,532340.0,168340.0,-0.098997,51.398609,1,Slight,1,1,2016-03-13,Sunday,01:27,Croydon,E09000008,4,266,3,30.0,0,-1,-1,-1,,,4,1,1,0,0,1,1,E01001155,3,1,13/03/2016,13/03/2016,1,9,0,18,,0,0,0,0,0,,,6,Male,27,26 - 35,-1,-1,-1,4,1,,1,1,3,1,26,6,3,5,9,0,0,2,0,-1,-1,2016.0,01ZD30186,E09000008,0.0,0.0,2.0,2016.0,01ZD30186,6.0,2.0,0.0,1.0,1.0,-1,2016.0,01ZD30186,2016,3,1,1
147829,201601ZD30200,529680.0,161980.0,-0.139532,51.342065,1,Serious,1,1,2016-03-03,Thursday,05:35,Croydon,E09000008,3,2022,6,30.0,0,-1,-1,-1,,,4,8,2,0,0,1,1,E01001094,2,2,03/03/2016,03/03/2016,1,9,0,18,,0,0,0,0,0,,,6,Female,30,26 - 35,-1,-1,-1,9,1,,1,1,1,2,30,6,2,0,0,0,0,0,9,1,9,2016.0,01ZD30200,E09000008,0.0,0.0,2.0,2016.0,01ZD30200,7.0,3.0,0.0,1.0,1.0,-1,2016.0,01ZD30200,2016,3,2,5
147846,201601ZD30220,531480.0,162010.0,-0.113692,51.341921,1,Slight,1,1,2016-03-19,Saturday,21:31,Croydon,E09000008,6,0,6,30.0,0,-1,-1,-1,,,4,1,1,0,0,1,1,E01001093,3,1,19/03/2016,19/03/2016,1,3,0,18,,0,0,0,0,0,,,6,Male,24,21 - 25,124,1,4,2,1,,1,1,3,1,22,5,3,5,1,0,0,2,0,1,3,2016.0,01ZD30220,E09000008,0.0,0.0,2.0,2016.0,01ZD30220,4.0,8.0,0.0,4.0,1.0,-1,2016.0,01ZD30220,2016,3,1,21
147851,201601ZD30226,532350.0,166090.0,-0.099692,51.378386,1,Slight,1,2,2016-03-27,Sunday,03:11,Croydon,E09000008,3,212,3,30.0,3,2,5,0,,,4,1,1,0,0,1,1,E01001045,3,1,27/03/2016,27/03/2016,1,9,0,11,,8,0,10,1,10,,,6,Male,21,21 - 25,1998,1,8,2,1,,1,1,1,1,21,5,3,0,0,0,0,0,9,1,2,2016.0,01ZD30226,E09000008,0.0,5.0,2.0,2016.0,01ZD30226,8.0,4.0,0.0,4.0,1.0,-1,2016.0,01ZD30226,2016,3,2,3
147858,201601ZD30234,530660.0,159360.0,-0.12643,51.318294,1,Slight,2,2,2016-03-28,Monday,22:00,Croydon,E09000008,4,2030,6,30.0,3,4,6,0,,,4,2,2,0,0,1,1,E01001016,3,1,28/03/2016,28/03/2016,1,9,0,9,,8,0,0,0,0,,,6,Male,25,21 - 25,973,1,14,6,1,,1,1,1,1,25,5,3,0,0,0,0,0,9,1,6,2016.0,01ZD30234,E09000008,0.0,0.0,2.0,2016.0,01ZD30234,7.0,5.0,0.0,3.0,1.0,-1,2016.0,01ZD30234,2016,3,2,22
147873,201601ZD30255,532780.0,170020.0,-0.092047,51.413604,1,Slight,2,1,2016-03-04,Friday,19:05,Croydon,E09000008,3,215,6,30.0,3,4,5,0,,,4,2,2,0,0,1,1,E01001159,3,1,03/04/2016,03/04/2016,1,9,0,9,,5,0,0,0,0,,,2,Male,26,26 - 35,1395,1,0,-1,-1,,2,1,1,1,24,5,3,0,0,0,0,0,1,1,3,2016.0,01ZD30255,E09000008,0.0,1.0,2.0,2016.0,01ZD30255,8.0,5.0,0.0,4.0,1.0,-1,2016.0,01ZD30255,2016,3,1,19
147881,201601ZD30268,530710.0,169400.0,-0.122025,51.408513,1,Slight,2,1,2016-08-04,Thursday,20:20,Croydon,E09000008,3,23,6,30.0,3,4,6,0,,,7,1,1,0,0,1,1,E01001087,3,1,08/04/2016,08/04/2016,1,9,0,9,,5,0,0,0,0,,,6,Female,31,26 - 35,1360,1,10,4,1,,2,1,1,1,40,7,3,0,0,0,0,0,5,-1,-1,2016.0,01ZD30268,E09000008,0.0,4.0,2.0,2016.0,01ZD30268,5.0,3.0,0.0,4.0,1.0,-1,2016.0,01ZD30268,2016,8,1,20