,accident_index,location_easting_osgr,location_northing_osgr,longitude,latitude,police_force,accident_severity,number_of_vehicles,number_of_casualties,date,day_of_week,time,local_authority_district,local_authority_highway,first_road_class,first_road_number,road_type,speed_limit,junction_detail,junction_control,second_road_class,second_road_number,pedestrian_crossing-human_control,pedestrian_crossing-physical_facilities,light_conditions,weather_conditions,road_surface_conditions,special_conditions_at_site,carriageway_hazards,urban_or_rural_area,did_police_officer_attend_scene_of_accident,lsoa_of_accident_location,accident_severity_num,accident_severity_inv,date2,date_original,vehicle_reference_x,vehicle_type,towing_and_articulation,vehicle_manoeuvre,vehicle_location-restricted_lane,junction_location,skidding_and_overturning,hit_object_in_carriageway,vehicle_leaving_carriageway,hit_object_off_carriageway,1st_point_of_impact,was_vehicle_left_hand_drive?,journey_purpose_of_driver,sex_of_driver,age_of_driver,age_band_of_driver,engine_capacity_cc,propulsion_code,age_of_vehicle,driver_imd_decile,driver_home_area_type,vehicle_imd_decile,vehicle_reference_y,casualty_reference,casualty_class,sex_of_casualty,age_of_casualty,age_band_of_casualty,casualty_severity,pedestrian_location,pedestrian_movement,car_passenger,bus_or_coach_passenger,pedestrian_road_maintenance_worker,casualty_type,casualty_home_area_type,casualty_imd_decile,accident_year_x,accident_reference_x,local_authority_ons_district,pedestrian_crossing_human_control,pedestrian_crossing_physical_facilities,trunk_road_flag,accident_year_y,accident_reference_y,vehicle_direction_from,vehicle_direction_to,vehicle_location_restricted_lane,first_point_of_impact,vehicle_left_hand_drive,generic_make_model,accident_year,accident_reference,year,month,severity,hours
148199,201601ZD30682,532720.0,168260.0,-0.093568,51.397801,1,Slight,2,1,2016-03-08,Tuesday,22:35,Croydon,E09000008,4,266,6,20.0,0,-1,-1,-1,,,4,1,1,0,0,1,2,E01001154,3,1,03/08/2016,03/08/2016,1,9,0,18,,0,0,0,0,0,,,6,Female,25,21 - 25,-1,-1,-1,3,1,,1,1,1,2,25,5,3,0,0,0,0,0,9,1,3,2016.0,01ZD30682,E09000008,0.0,1.0,2.0,2016.0,01ZD30682,8.0,4.0,0.0,1.0,1.0,-1,2016.0,01ZD30682,2016,3,1,22
148214,201601ZD30708,530860.0,166160.0,-0.121063,51.37936,1,Slight,2,2,2016-08-23,Tuesday,20:56,Croydon,E09000008,3,23,3,30.0,7,4,6,0,,,4,1,1,0,0,1,1,E01001010,3,1,23/08/2016,23/08/2016,1,9,0,7,,1,0,0,0,0,,,6,Female,23,21 - 25,1596,1,14,5,1,,1,1,1,2,23,5,3,0,0,0,0,0,9,1,5,2016.0,01ZD30708,E09000008,0.0,0.0,2.0,2016.0,01ZD30708,7.0,1.0,0.0,1.0,1.0,-1,2016.0,01ZD30708,2016,8,2,20
148216,201601ZD30713,534030.0,167520.0,-0.075027,51.390843,1,Slight,2,1,2016-08-29,Monday,18:34,Croydon,E09000008,6,0,6,20.0,3,4,6,0,,,1,1,1,0,0,1,1,E01001193,3,1,29/08/2016,29/08/2016,1,9,0,18,,8,0,0,0,0,,,6,Male,26,26 - 35,1598,1,6,2,1,,2,1,1,1,13,3,3,0,0,0,0,0,1,1,2,2016.0,01ZD30713,E09000008,0.0,0.0,2.0,2016.0,01ZD30713,2.0,6.0,0.0,1.0,1.0,-1,2016.0,01ZD30713,2016,8,1,18
148253,201601ZD30821,531010.0,167510.0,-0.118411,51.391458,1,Slight,2,1,2016-08-20,Saturday,05:54,Croydon,E09000008,3,23,6,30.0,3,4,6,0,,,1,1,1,0,0,1,1,E01001176,3,1,20/08/2016,20/08/2016,1,5,0,18,,8,0,0,0,0,,,6,Male,25,21 - 25,599,1,15,4,1,,1,1,1,1,25,5,3,0,0,0,0,0,5,1,4,2016.0,01ZD30821,E09000008,0.0,0.0,2.0,2016.0,01ZD30821,6.0,2.0,0.0,3.0,1.0,-1,2016.0,01ZD30821,2016,8,1,5
148258,201601ZD30954,534610.0,160290.0,-0.06943,51.325732,1,Slight,3,1,2016-08-17,Wednesday,23:27,Croydon,E09000008,4,269,6,30.0,3,4,6,0,,,4,1,1,0,0,1,1,E01001103,3,1,17/08/2016,17/08/2016,1,9,0,9,,8,0,0,0,0,,,6,Female,18,16 - 20,1240,1,13,10,1,,1,1,1,2,18,4,3,0,0,0,0,0,9,1,10,2016.0,01ZD30954,E09000008,0.0,1.0,2.0,2016.0,01ZD30954,6.0,4.0,0.0,1.0,1.0,-1,2016.0,01ZD30954,2016,8,1,23
148265,201601ZT80006,526040.0,163710.0,-0.191152,51.358431,1,Slight,1,1,2016-01-20,Wednesday,18:16,Sutton,E09000029,4,2230,6,30.0,9,4,4,2230,,,4,1,1,0,0,1,1,E01004152,3,1,20/01/2016,20/01/2016,1,9,0,9,,5,0,0,0,0,,,6,Male,35,26 - 35,-1,-1,-1,4,1,,1,1,3,1,48,8,3,5,3,0,0,2,0,1,4,2016.0,01ZT80006,E09000029,0.0,0.0,2.0,2016.0,01ZT80006,5.0,3.0,0.0,3.0,1.0,-1,2016.0,01ZT80006,2016,1,1,18
148266,201601ZT80007,527620.0,163220.0,-0.168647,51.353675,1,Slight,2,1,2016-02-01,Monday,20:31,Sutton,E09000029,5,0,6,30.0,6,4,6,0,,,4,2,2,0,0,1,1,E01004105,3,1,02/01/2016,02/01/2016,1,9,0,18,,8,0,0,0,0,,,6,Male,18,16 - 20,1360,1,16,-1,-1,,2,1,1,2,39,7,3,0,0,0,0,0,9,1,4,2016.0,01ZT80007,E09000029,0.0,0.0,2.0,2016.0,01ZT80007,1.0,5.0,0.0,1.0,1.0,-1,2016.0,01ZT80007,2016,2,1,20
148294,201601ZT80042,524090.0,166050.0,-0.218328,51.379891,1,Slight,2,1,2016-02-18,Thursday,21:10,Sutton,E09000029,3,24,6,30.0,6,4,6,0,,,4,1,1,0,0,1,1,E01004131,3,1,18/02/2016,18/02/2016,1,9,0,3,,2,0,0,0,0,,,6,Female,20,16 - 20,1229,1,9,2,1,,1,1,1,2,20,4,3,0,0,0,0,0,9,1,2,2016.0,01ZT80042,E09000029,0.0,0.0,2.0,2016.0,01ZT80042,6.0,2.0,0.0,2.0,1.0,-1,2016.0,01ZT80042,2016,2,1,21
148319,201601ZT80074,526520.0,166190.0,-0.18338,51.380613,1,Slight,2,1,2016-09-03,Saturday,21:20,Sutton,E09000029,4,278,6,30.0,0,-1,-1,-1,,,4,1,1,0,0,1,2,E01004128,3,1,09/03/2016,09/03/2016,1,9,0,4,,0,0,0,0,0,,,6,Female,27,26 - 35,1995,2,2,-1,-1,,1,1,1,2,27,6,3,0,0,0,0,0,9,-1,-1,2016.0,01ZT80074,E09000029,0.0,4.0,2.0,2016.0,01ZT80074,8.0,4.0,0.0,2.0,1.0,-1,2016.0,01ZT80074,2016,9,1,21
148320,201601ZT80075,525260.0,165900.0,-0.201578,51.378286,1,Slight,1,1,2016-03-18,Friday,20:01,Sutton,E09000029,3,217,6,30.0,3,2,6,0,,,4,1,1,0,0,1,1,E01004145,3,1,18/03/2016,18/03/2016,1,9,0,18,,8,0,0,0,0,,,6,Female,22,21 - 25,1299,1,12,4,1,,1,1,3,1,21,5,3,1,3,0,0,2,0,-1,-1,2016.0,01ZT80075,E09000029,0.0,5.0,2.0,2016.0,01ZT80075,2.0,6.0,0.0,1.0,1.0,-1,2016.0,01ZT80075,2016,3,1,20
148333,201601ZT80094,528770.0,164430.0,-0.151704,51.36429,1,Slight,1,1,2016-03-24,Thursday,20:21,Sutton,E09000029,3,237,6,30.0,3,2,6,0,,,4,1,2,0,0,1,1,E01004176,3,1,24/03/2016,24/03/2016,1,9,0,18,,8,0,0,0,0,,,6,Male,19,16 - 20,998,1,12,-1,-1,,1,1,3,2,16,4,3,10,1,0,0,2,0,1,4,2016.0,01ZT80094,E09000029,0.0,0.0,2.0,2016.0,01ZT80094,5.0,1.0,0.0,1.0,1.0,-1,2016.0,01ZT80094,2016,3,1,20
148355,201601ZT80128,529640.0,166950.0,-0.138295,51.38674,1,Slight,4,3,2016-03-31,Thursday,20:10,Sutton,E09000029,6,0,6,30.0,0,-1,-1,-1,,,4,1,1,0,0,1,1,E01004076,3,1,31/03/2016,31/03/2016,1,9,0,18,,0,0,0,0,0,,,6,Male,18,16 - 20,-1,-1,-1,-1,-1,,1,1,1,1,18,4,3,0,0,0,0,0,9,-1,-1,2016.0,01ZT80128,E09000029,0.0,0.0,2.0,2016.0,01ZT80128,6.0,2.0,0.0,1.0,1.0,-1,2016.0,01ZT80128,2016,3,3,20
148357,201601ZT80130,524990.0,163840.0,-0.206179,51.359831,1,Slight,2,1,2016-04-22,Friday,23:30,Sutton,E09000029,3,232,1,30.0,2,4,5,0,,,7,1,1,0,0,1,1,E01004158,3,1,22/04/2016,22/04/2016,1,9,0,18,,8,0,0,0,0,,,6,Male,29,26 - 35,-1,-1,-1,-1,-1,,1,1,1,1,29,6,3,0,0,0,0,0,9,-1,-1,2016.0,01ZT80130,E09000029,0.0,0.0,2.0,2016.0,01ZT80130,6.0,2.0,0.0,3.0,1.0,-1,2016.0,01ZT80130,2016,4,1,23
148361,201601ZT80135,527630.0,165280.0,-0.167765,51.372186,1,Slight,1,1,2016-04-23,Saturday,18:38,Sutton,E09000029,5,0,6,30.0,0,-1,-1,-1,,,1,1,1,0,0,1,1,E01004165,3,1,23/04/2016,23/04/2016,1,9,0,18,,0,0,0,0,0,,,6,Female,31,26 - 35,998,1,2,-1,-1,,1,1,3,2,10,2,3,5,3,0,0,2,0,-1,-1,2016.0,01ZT80135,E09000029,0.0,0.0,2.0,2016.0,01ZT80135,1.0,5.0,0.0,3.0,1.0,-1,2016.0,01ZT80135,2016,4,1,18
148372,201601ZT80153,523430.0,165030.0,-0.228161,51.370867,1,Slight,1,1,2016-12-05,Monday,23:03,Sutton,E09000029,3,2043,6,30.0,6,2,3,24,,,4,1,1,0,0,1,1,E01004118,3,1,12/05/2016,12/05/2016,1,9,0,7,,6,0,7,0,0,,,6,Male,19,16 - 20,-1,-1,-1,-1,1,,1,1,2,2,-1,-1,3,0,0,1,0,0,9,-1,-1,2016.0,01ZT80153,E09000029,0.0,0.0,2.0,2016.0,01ZT80153,8.0,2.0,0.0,1.0,1.0,-1,2016.0,01ZT80153,2016,12,1,23
148391,201601ZT80188,527450.0,165750.0,-0.170181,51.376451,1,Slight,2,2,2016-05-06,Friday,21:30,Sutton,E09000029,5,0,1,30.0,2,4,6,0,,,4,1,1,0,0,1,1,E01004163,3,1,05/06/2016,05/06/2016,1,9,0,18,,8,0,0,0,0,,,6,Female,21,21 - 25,1229,1,1,9,1,,1,1,1,2,21,5,3,0,0,0,0,0,9,1,9,2016.0,01ZT80188,E09000029,0.0,0.0,2.0,2016.0,01ZT80188,8.0,4.0,0.0,3.0,1.0,-1,2016.0,01ZT80188,2016,5,2,21
148398,201601ZT80196,526110.0,164510.0,-0.189864,51.365605,1,Slight,2,1,2016-05-26,Thursday,19:00,Sutton,E09000029,6,0,6,30.0,6,4,6,0,,,1,1,1,0,0,1,1,E01004137,3,1,26/05/2016,26/05/2016,1,9,0,5,,8,0,0,0,0,,,6,Female,22,21 - 25,1360,1,11,-1,-1,,1,1,1,2,22,5,3,0,0,0,0,0,9,-1,-1,2016.0,01ZT80196,E09000029,0.0,0.0,2.0,2016.0,01ZT80196,1.0,5.0,0.0,3.0,1.0,-1,2016.0,01ZT80196,2016,5,1,19
148399,201601ZT80198,529070.0,162920.0,-0.147944,51.350651,1,Slight,4,1,2016-06-14,Tuesday,04:41,Sutton,E09000029,3,237,6,30.0,3,4,6,0,,,4,1,1,0,0,1,1,E01004181,3,1,14/06/2016,14/06/2016,1,9,0,18,,2,1,0,0,0,,,6,Female,21,21 - 25,2698,2,6,9,1,,1,1,1,2,21,5,3,0,0,0,0,0,9,1,9,2016.0,01ZT80198,E09000029,0.0,0.0,2.0,2016.0,01ZT80198,1.0,5.0,0.0,1.0,1.0,-1,2016.0,01ZT80198,2016,6,1,4
148416,201601ZT80224,526020.0,165310.0,-0.190873,51.372815,1,Slight,2,2,2016-06-22,Wednesday,18:59,Sutton,E09000029,6,0,6,30.0,8,4,6,0,,,1,1,1,0,0,1,1,E01004149,3,1,22/06/2016,22/06/2016,1,9,0,9,,8,0,0,0,0,,,6,Female,25,21 - 25,1298,1,14,7,1,,1,1,1,2,25,5,3,0,0,0,0,0,9,1,7,2016.0,01ZT80224,E09000029,0.0,0.0,2.0,2016.0,01ZT80224,7.0,5.0,0.0,1.0,1.0,-1,2016.0,01ZT80224,2016,6,2,18
148441,201601ZT80265,527960.0,165440.0,-0.162969,51.37355,1,Slight,2,1,2016-08-07,Sunday,18:30,Sutton,E09000029,4,277,6,30.0,3,4,6,0,,,1,1,1,0,0,1,2,E01004164,3,1,08/07/2016,08/07/2016,1,9,0,17,,8,0,0,0,0,,,6,Male,30,26 - 35,1364,1,9,1,1,,1,1,1,1,30,6,3,0,0,0,0,0,9,1,1,2016.0,01ZT80265,E09000029,0.0,8.0,2.0,2016.0,01ZT80265,1.0,6.0,0.0,3.0,1.0,-1,2016.0,01ZT80265,2016,8,1,18
148451,201601ZT80284,524420.0,164040.0,-0.214292,51.361754,1,Slight,2,1,2016-10-08,Saturday,18:03,Sutton,E09000029,3,217,6,30.0,0,-1,-1,-1,,,1,1,1,0,0,1,1,E01004110,3,1,10/08/2016,10/08/2016,1,9,0,4,,0,0,0,0,0,,,6,Female,26,26 - 35,3800,1,5,10,1,,1,1,1,2,26,6,3,0,0,0,0,0,9,1,10,2016.0,01ZT80284,E09000029,0.0,0.0,2.0,2016.0,01ZT80284,5.0,1.0,0.0,2.0,1.0,-1,2016.0,01ZT80284,2016,10,1,18
148457,201601ZT80297,525450.0,162110.0,-0.200185,51.344182,1,Slight,2,2,2016-08-30,Tuesday,23:27,Sutton,E09000029,6,0,6,30.0,0,-1,-1,-1,,,4,1,1,0,0,1,1,E01004094,3,1,30/08/2016,30/08/2016,1,9,0,6,,0,0,0,0,0,,,6,Female,18,16 - 20,1242,1,4,10,1,,1,1,1,2,18,4,3,0,0,0,0,0,9,1,10,2016.0,01ZT80297,E09000029,0.0,0.0,2.0,2016.0,01ZT80297,1.0,1.0,0.0,3.0,1.0,-1,2016.0,01ZT80297,2016,8,2,23
207548,2016410061541,522687.0,224992.0,-0.217823,51.909914,41,Slight,2,3,2016-08-04,Thursday,21:17,Stevenage,E10000015,3,1072,1,40.0,1,4,6,0,,,4,1,1,0,0,1,1,E01023798,3,1,08/04/2016,08/04/2016,1,9,0,5,,4,0,0,0,0,,,5,Male,30,26 - 35,1997,2,3,10,1,,1,3,1,1,30,6,3,0,0,0,0,0,9,1,10,2016.0,410061541,E07000243,0.0,0.0,2.0,2016.0,410061541,1.0,5.0,0.0,1.0,1.0,-1,2016.0,410061541,2016,8,3,21
207550,2016410061669,524931.0,222645.0,-0.186068,51.888325,41,Serious,2,2,2016-09-04,Sunday,19:07,Stevenage,E10000015,3,602,1,40.0,1,4,6,0,,,1,4,1,0,0,1,1,E01023786,2,2,09/04/2016,09/04/2016,1,9,0,16,,4,0,0,0,0,,,5,Male,26,26 - 35,2979,1,13,5,1,,2,1,2,2,47,8,2,0,0,2,0,0,9,1,6,2016.0,410061669,E07000243,0.0,0.0,2.0,2016.0,410061669,5.0,1.0,0.0,1.0,1.0,-1,2016.0,410061669,2016,9,4,19
207643,2016410066936,520017.0,197403.0,-0.266154,51.662551,41,Slight,2,1,2016-04-25,Monday,18:40,Hertsmere,E10000015,6,0,6,30.0,0,-1,-1,-1,,,5,1,1,0,0,1,2,E01023537,3,1,25/04/2016,25/04/2016,1,9,0,18,,0,0,0,0,0,,,6,Male,19,16 - 20,1199,1,12,5,1,,2,1,1,1,18,4,3,0,0,0,0,0,3,1,5,2016.0,410066936,E07000098,0.0,0.0,2.0,2016.0,410066936,2.0,6.0,0.0,1.0,1.0,-1,2016.0,410066936,2016,4,1,18
207740,2016410072089,525410.0,202067.0,-0.186547,51.70329,41,Slight,1,1,2016-07-05,Tuesday,21:39,Hertsmere,E10000015,6,0,6,30.0,3,4,6,0,,,4,1,1,0,0,1,2,E01023578,3,1,07/05/2016,07/05/2016,1,9,0,16,,1,2,7,2,1,,,5,Male,18,16 - 20,1199,1,14,7,1,,1,1,2,1,18,4,3,0,0,2,0,0,9,1,10,2016.0,410072089,E07000098,0.0,0.0,2.0,2016.0,410072089,2.0,5.0,0.0,1.0,1.0,-1,2016.0,410072089,2016,7,1,21
207793,2016410075425,513902.0,194683.0,-0.355413,51.639377,41,Slight,2,1,2016-12-05,Monday,01:45,Hertsmere,E10000015,3,411,6,30.0,0,-1,-1,-1,,,4,1,1,0,7,1,2,E01023558,3,1,12/05/2016,12/05/2016,1,9,0,18,,0,0,4,0,0,,,5,Male,21,21 - 25,-1,-1,-1,7,1,,1,1,1,1,21,5,3,0,0,0,0,0,9,1,7,2016.0,410075425,E07000098,0.0,4.0,2.0,2016.0,410075425,1.0,5.0,0.0,1.0,1.0,-1,2016.0,410075425,2016,12,1,1
207816,2016410077341,526601.0,223516.0,-0.161495,51.895775,41,Slight,1,3,2016-05-16,Monday,20:30,Stevenage,E10000015,6,0,6,30.0,0,-1,-1,-1,,,1,1,1,0,0,1,1,E01023754,3,1,16/05/2016,16/05/2016,1,9,0,7,,0,2,10,2,0,,,6,Male,18,16 - 20,1896,2,15,8,1,,1,1,1,1,18,4,3,0,0,0,0,0,9,1,8,2016.0,410077341,E07000243,0.0,0.0,2.0,2016.0,410077341,3.0,7.0,0.0,4.0,1.0,-1,2016.0,410077341,2016,5,3,20
207954,2016410083443,524924.0,225762.0,-0.185041,51.916337,41,Slight,2,1,2016-04-06,Wednesday,02:50,Stevenage,E10000015,6,0,6,30.0,0,-1,-1,-1,,,5,8,2,0,0,1,1,E01023781,3,1,04/06/2016,04/06/2016,1,9,0,14,,0,0,4,0,0,,,6,Male,22,21 - 25,-1,-1,-1,4,1,,1,1,1,1,22,5,3,0,0,0,0,0,9,1,4,2016.0,410083443,E07000243,0.0,0.0,2.0,2016.0,410083443,7.0,3.0,0.0,1.0,1.0,-1,2016.0,410083443,2016,4,1,2
207981,2016410084700,519511.0,196737.0,-0.273694,51.656674,41,Slight,1,1,2016-08-06,Saturday,20:45,Hertsmere,E10000015,4,5378,6,30.0,3,4,6,0,,,1,1,1,0,0,1,1,E01023530,3,1,08/06/2016,08/06/2016,1,3,0,7,,8,5,0,1,0,,,1,Male,21,21 - 25,108,1,1,1,1,,1,1,1,1,21,5,3,0,0,0,0,0,3,1,1,2016.0,410084700,E07000098,0.0,8.0,2.0,2016.0,410084700,2.0,4.0,0.0,1.0,1.0,-1,2016.0,410084700,2016,8,1,20
208053,2016410087407,524903.0,221757.0,-0.186796,51.880351,41,Slight,3,1,2016-06-16,Thursday,23:55,Stevenage,E10000015,6,0,6,30.0,3,4,6,0,,,4,1,1,0,0,1,1,E01023783,3,1,16/06/2016,16/06/2016,1,9,0,9,,2,0,4,0,0,,,6,Male,27,26 - 35,1984,1,8,5,1,,1,1,2,1,26,6,3,0,0,1,0,0,9,1,4,2016.0,410087407,E07000243,0.0,0.0,2.0,2016.0,410087407,4.0,8.0,0.0,4.0,1.0,-1,2016.0,410087407,2016,6,1,23
208184,2016410093598,511907.0,196434.0,-0.38367,51.655514,41,Slight,2,2,2016-02-07,Sunday,18:23,Hertsmere,E10000015,6,0,6,30.0,6,4,6,0,,,1,1,1,0,0,1,1,E01023554,3,1,02/07/2016,02/07/2016,1,9,0,18,,8,0,0,0,0,,,5,Male,33,26 - 35,1598,2,1,10,1,,1,1,1,1,33,6,3,0,0,0,0,0,9,1,10,2016.0,410093598,E07000098,0.0,0.0,2.0,2016.0,410093598,3.0,7.0,0.0,1.0,1.0,-1,2016.0,410093598,2016,2,2,18
208236,2016410096316,525461.0,201262.0,-0.186099,51.696044,41,Slight,2,1,2016-11-07,Monday,19:10,Hertsmere,E10000015,6,0,6,30.0,0,-1,-1,-1,,,1,1,1,0,0,1,1,E01023578,3,1,11/07/2016,11/07/2016,1,5,0,13,,0,0,0,0,0,,,2,Male,35,26 - 35,1352,1,10,8,1,,1,1,1,1,35,6,3,0,0,0,0,0,5,1,8,2016.0,410096316,E07000098,0.0,0.0,2.0,2016.0,410096316,3.0,7.0,0.0,1.0,1.0,-1,2016.0,410096316,2016,11,1,19
208281,2016410097556,526702.0,221273.0,-0.160851,51.875596,41,Slight,2,1,2016-07-15,Friday,18:00,Stevenage,E10000015,3,602,6,40.0,1,4,3,602,,,1,1,1,0,0,1,2,E01023763,3,1,15/07/2016,15/07/2016,1,9,0,4,,1,0,0,0,0,,,6,Female,34,26 - 35,1969,2,1,8,3,,2,1,1,1,32,6,3,0,0,0,0,0,9,1,5,2016.0,410097556,E07000243,0.0,7.0,2.0,2016.0,410097556,4.0,8.0,0.0,1.0,1.0,-1,2016.0,410097556,2016,7,1,18
208656,20164100E0023,526895.0,221115.0,-0.158107,51.874132,41,Slight,2,2,2016-03-01,Tuesday,18:00,Stevenage,E10000015,6,0,6,30.0,3,4,6,0,,,4,2,2,0,0,1,1,E01023763,3,1,03/01/2016,03/01/2016,1,9,0,5,,6,0,0,0,0,,,2,Female,24,21 - 25,1248,2,7,4,1,,2,1,2,2,7,2,3,0,0,2,0,0,9,1,8,2016.0,4100E0023,E07000243,0.0,0.0,2.0,2016.0,4100E0023,4.0,2.0,0.0,1.0,1.0,-1,2016.0,4100E0023,2016,3,2,18
208658,20164100E0030,526206.0,221241.0,-0.168064,51.875421,41,Slight,2,1,2016-01-19,Tuesday,23:30,Stevenage,E10000015,5,0,6,30.0,3,4,6,0,,,4,8,4,0,0,1,1,E01023764,3,1,19/01/2016,19/01/2016,1,9,0,14,,2,1,4,0,0,,,6,Male,27,26 - 35,-1,-1,-1,8,1,,1,1,1,1,27,6,3,0,0,0,0,0,9,1,8,2016.0,4100E0030,E07000243,0.0,0.0,2.0,2016.0,4100E0030,7.0,3.0,0.0,1.0,1.0,-1,2016.0,4100E0030,2016,1,1,23
208664,20164100E0054,522382.0,225995.0,-0.221899,51.918995,41,Slight,2,2,2016-05-02,Monday,18:30,Stevenage,E10000015,5,0,6,30.0,3,4,5,0,,,4,1,2,0,0,1,2,E01023795,3,1,05/02/2016,05/02/2016,1,9,0,18,,1,0,0,0,0,,,6,Male,30,26 - 35,-1,-1,-1,4,1,,2,1,1,1,48,8,3,0,0,0,0,0,9,1,5,2016.0,4100E0054,E07000243,0.0,0.0,2.0,2016.0,4100E0054,3.0,7.0,0.0,1.0,1.0,-1,2016.0,4100E0054,2016,5,2,18
208668,20164100E0070,522856.0,224191.0,-0.215653,51.902679,41,Slight,2,2,2016-06-02,Thursday,18:02,Stevenage,E10000015,3,1072,1,40.0,1,4,3,1072,,,1,2,2,0,0,1,1,E01023798,3,1,06/02/2016,06/02/2016,1,9,0,5,,4,1,0,7,11,,,6,Male,24,21 - 25,1397,1,9,6,1,,1,1,1,1,24,5,3,0,0,0,0,0,9,1,6,2016.0,4100E0070,E07000243,0.0,7.0,2.0,2016.0,4100E0070,5.0,1.0,0.0,1.0,1.0,-1,2016.0,4100E0070,2016,6,2,18
208674,20164100E0110,525937.0,223649.0,-0.171092,51.897121,41,Slight,2,2,2016-03-03,Thursday,19:00,Stevenage,E10000015,6,0,6,30.0,2,4,6,0,,,4,1,1,0,0,1,1,E01023752,3,1,03/03/2016,03/03/2016,1,9,0,18,,4,0,0,0,0,,,6,Female,28,26 - 35,1461,2,3,7,1,,1,1,1,2,28,6,3,0,0,0,0,0,9,1,7,2016.0,4100E0110,E07000243,0.0,0.0,2.0,2016.0,4100E0110,2.0,6.0,0.0,3.0,1.0,-1,2016.0,4100E0110,2016,3,2,19
208678,20164100E0116,525030.0,225310.0,-0.183664,51.912252,41,Serious,2,1,2016-03-15,Tuesday,19:44,Stevenage,E10000015,6,0,6,30.0,3,4,3,205,,,4,1,1,0,0,1,1,E01023780,2,2,15/03/2016,15/03/2016,1,9,0,18,,1,0,0,0,0,,,6,Male,22,21 - 25,-1,-1,-1,5,1,,2,1,1,1,39,7,2,0,0,0,0,0,1,1,2,2016.0,4100E0116,E07000243,0.0,0.0,2.0,2016.0,4100E0116,3.0,7.0,0.0,1.0,1.0,-1,2016.0,4100E0116,2016,3,2,19
208681,20164100E0138,523522.0,224888.0,-0.205728,51.908795,41,Slight,2,1,2016-02-17,Wednesday,18:15,Stevenage,E10000015,6,0,6,30.0,2,4,6,0,,,7,9,2,0,0,1,2,E01023775,3,1,17/02/2016,17/02/2016,1,9,0,5,,4,0,0,0,0,,,2,Female,33,26 - 35,1968,2,4,4,1,,2,1,1,1,59,9,3,0,0,0,0,0,1,-1,-1,2016.0,4100E0138,E07000243,0.0,8.0,2.0,2016.0,4100E0138,7.0,3.0,0.0,1.0,1.0,-1,2016.0,4100E0138,2016,2,1,18
208800,20164100J0038,519948.0,197840.0,-0.267002,51.666494,41,Slight,2,1,2016-01-23,Saturday,20:20,Hertsmere,E10000015,4,5378,6,30.0,2,4,6,0,,,4,2,2,0,0,1,1,E01023537,3,1,23/01/2016,23/01/2016,1,9,0,18,,4,0,0,0,0,,,6,Male,20,16 - 20,1995,2,9,8,1,,2,1,1,2,22,5,3,0,0,0,0,0,9,1,5,2016.0,4100J0038,E07000098,0.0,0.0,2.0,2016.0,4100J0038,5.0,1.0,0.0,1.0,1.0,-1,2016.0,4100J0038,2016,1,1,20
208806,20164100J0068,525989.0,200861.0,-0.178608,51.692322,41,Slight,2,3,2016-04-02,Saturday,19:17,Hertsmere,E10000015,3,1000,6,30.0,6,2,3,111,,,4,1,1,0,0,1,1,E01023573,3,1,04/02/2016,04/02/2016,1,9,0,18,,8,0,0,0,0,,,6,Male,18,16 - 20,1390,1,10,5,1,,1,1,1,1,18,4,3,0,0,0,0,0,9,1,5,2016.0,4100J0068,E07000098,0.0,5.0,2.0,2016.0,4100J0068,1.0,5.0,0.0,1.0,1.0,-1,2016.0,4100J0068,2016,4,3,19
208811,20164100J0079,512142.0,195652.0,-0.380525,51.648439,41,Slight,2,2,2016-02-16,Tuesday,19:45,Hertsmere,E10000015,4,462,6,30.0,3,4,6,0,,,4,1,2,0,0,1,1,E01023559,3,1,16/02/2016,16/02/2016,1,9,0,18,,8,0,0,0,0,,,6,Male,22,21 - 25,-1,-1,-1,10,1,,1,1,1,1,22,5,3,0,0,0,0,0,9,1,10,2016.0,4100J0079,E07000098,0.0,8.0,2.0,2016.0,4100J0079,1.0,5.0,0.0,4.0,1.0,-1,2016.0,4100J0079,2016,2,2,19
208819,20164100J0098,518826.0,196213.0,-0.28377,51.652109,41,Fatal,1,1,2016-02-27,Saturday,20:11,Hertsmere,E10000015,4,5378,6,30.0,3,4,6,0,,,4,1,1,0,0,1,1,E01023565,1,3,27/02/2016,27/02/2016,1,9,0,18,,8,0,0,0,0,,,6,Male,29,26 - 35,1896,2,8,6,2,,1,1,3,1,25,5,1,5,3,0,0,0,0,1,6,2016.0,4100J0098,E07000098,0.0,0.0,2.0,2016.0,4100J0098,2.0,6.0,0.0,1.0,1.0,-1,2016.0,4100J0098,2016,2,3,20
208827,20164100J0120,525077.0,201385.0,-0.191608,51.697235,41,Slight,2,1,2016-05-03,Tuesday,18:00,Hertsmere,E10000015,5,0,6,30.0,3,4,6,0,,,1,1,1,0,0,1,1,E01023579,3,1,05/03/2016,05/03/2016,1,9,0,9,,5,0,0,0,0,,,6,Male,19,16 - 20,-1,-1,-1,8,1,,2,1,1,2,35,6,3,0,0,0,0,0,1,1,1,2016.0,4100J0120,E07000098,0.0,4.0,2.0,2016.0,4100J0120,6.0,4.0,0.0,1.0,1.0,-1,2016.0,4100J0120,2016,5,1,18