,accident_index,location_easting_osgr,location_northing_osgr,longitude,latitude,police_force,accident_severity,number_of_vehicles,number_of_casualties,date,day_of_week,time,local_authority_district,local_authority_highway,first_road_class,first_road_number,road_type,speed_limit,junction_detail,junction_control,second_road_class,second_road_number,pedestrian_crossing-human_control,pedestrian_crossing-physical_facilities,light_conditions,weather_conditions,road_surface_conditions,special_conditions_at_site,carriageway_hazards,urban_or_rural_area,did_police_officer_attend_scene_of_accident,lsoa_of_accident_location,accident_severity_num,accident_severity_inv,date2,date_original,vehicle_reference_x,vehicle_type,towing_and_articulation,vehicle_manoeuvre,vehicle_location-restricted_lane,junction_location,skidding_and_overturning,hit_object_in_carriageway,vehicle_leaving_carriageway,hit_object_off_carriageway,1st_point_of_impact,was_vehicle_left_hand_drive?,journey_purpose_of_driver,sex_of_driver,age_of_driver,age_band_of_driver,engine_capacity_cc,propulsion_code,age_of_vehicle,driver_imd_decile,driver_home_area_type,vehicle_imd_decile,vehicle_reference_y,casualty_reference,casualty_class,sex_of_casualty,age_of_casualty,age_band_of_casualty,casualty_severity,pedestrian_location,pedestrian_movement,car_passenger,bus_or_coach_passenger,pedestrian_road_maintenance_worker,casualty_type,casualty_home_area_type,casualty_imd_decile,accident_year_x,accident_reference_x,local_authority_ons_district,pedestrian_crossing_human_control,pedestrian_crossing_physical_facilities,trunk_road_flag,accident_year_y,accident_reference_y,vehicle_direction_from,vehicle_direction_to,vehicle_location_restricted_lane,first_point_of_impact,vehicle_left_hand_drive,generic_make_model,accident_year,accident_reference,year,month,severity,hours
226798,2016450147613,504562.0,171195.0,-0.497302,51.430067,45,Slight,1,1,2016-12-31,Saturday,19:40,Spelthorne,E10000030,5,0,6,30.0,1,4,6,0,,,4,1,1,0,0,1,1,E01030737,3,1,31/12/2016,31/12/2016,1,9,0,18,,3,0,0,0,0,,,5,Female,23,21 - 25,1339,1,10,8,1,,1,1,3,1,43,7,3,9,5,0,0,0,0,1,9,2016.0,450147613,E07000213,0.0,4.0,2.0,2016.0,450147613,4.0,8.0,0.0,4.0,1.0,-1,2016.0,450147613,2016,12,1,19
226937,2016460042455,553729.0,173247.0,0.210371,51.43731,46,Slight,2,1,2016-01-22,Friday,21:15,Dartford,E10000016,6,0,6,30.0,6,4,6,0,,,4,8,2,0,0,1,1,E01024166,3,1,22/01/2016,22/01/2016,1,9,0,18,,8,0,0,3,10,,,6,Male,31,26 - 35,-1,-1,-1,5,1,,2,1,1,2,36,7,3,0,0,0,0,0,9,1,3,2016.0,460042455,E07000107,0.0,0.0,2.0,2016.0,460042455,5.0,1.0,0.0,1.0,1.0,-1,2016.0,460042455,2016,1,1,21
227168,2016460046095,554790.0,174964.0,0.226374,51.452449,46,Slight,3,2,2016-12-02,Friday,21:55,Dartford,E10000016,6,0,6,30.0,3,4,6,0,,,4,8,4,0,0,1,1,E01024148,3,1,12/02/2016,12/02/2016,1,9,0,16,,2,1,4,0,0,,,6,Female,19,16 - 20,1364,1,8,2,1,,1,1,1,2,19,4,3,0,0,0,0,0,9,1,2,2016.0,460046095,E07000107,0.0,8.0,2.0,2016.0,460046095,5.0,8.0,0.0,1.0,1.0,-1,2016.0,460046095,2016,12,2,21
227385,2016460050433,554231.0,174163.0,0.217987,51.445404,46,Slight,1,1,2016-02-03,Wednesday,21:54,Dartford,E10000016,6,0,2,30.0,0,-1,-1,-1,,,4,2,2,0,0,1,1,E01024182,3,1,02/03/2016,02/03/2016,1,9,0,17,,0,1,0,7,11,,,2,Female,18,16 - 20,1299,1,14,-1,-1,,1,1,1,2,18,4,3,0,0,0,0,0,9,-1,-1,2016.0,460050433,E07000107,0.0,0.0,2.0,2016.0,460050433,7.0,5.0,0.0,3.0,1.0,-1,2016.0,460050433,2016,2,1,21
227813,2016460058168,555495.0,174129.0,0.236146,51.444753,46,Slight,2,1,2016-04-04,Monday,02:38,Dartford,E10000016,3,282,3,60.0,0,-1,-1,-1,,,4,1,1,0,0,1,1,E01024163,3,1,04/04/2016,04/04/2016,1,9,0,13,,0,0,0,1,11,,,6,Male,35,26 - 35,1229,1,6,8,1,,1,1,1,1,35,6,3,0,0,0,0,0,9,1,8,2016.0,460058168,E07000107,0.0,0.0,1.0,2016.0,460058168,6.0,2.0,0.0,4.0,1.0,-1,2016.0,460058168,2016,4,1,2
227966,2016460061610,552292.0,174471.0,0.190239,51.448696,46,Slight,2,2,2016-04-15,Friday,00:12,Dartford,E10000016,3,226,6,30.0,0,-1,-1,-1,,,7,1,1,0,0,1,2,E01024147,3,1,15/04/2016,15/04/2016,1,9,0,18,,0,0,0,0,0,,,6,Female,21,21 - 25,1198,1,5,4,1,,2,1,1,2,21,5,3,0,0,0,0,0,9,1,7,2016.0,460061610,E07000107,0.0,0.0,2.0,2016.0,460061610,3.0,7.0,0.0,1.0,1.0,-1,2016.0,460061610,2016,4,2,0
227978,2016460061768,554214.0,173339.0,0.217384,51.438005,46,Slight,2,3,2016-04-23,Saturday,22:17,Dartford,E10000016,3,225,6,40.0,6,2,6,0,,,4,1,1,0,2,1,1,E01024167,3,1,23/04/2016,23/04/2016,1,9,0,9,,5,0,11,1,0,,,6,Female,26,26 - 35,998,1,13,6,1,,1,1,1,2,26,6,3,0,0,0,0,0,9,1,6,2016.0,460061768,E07000107,0.0,5.0,2.0,2016.0,460061768,3.0,1.0,0.0,1.0,1.0,-1,2016.0,460061768,2016,4,3,22
228518,2016460072733,556507.0,173202.0,0.250287,51.436146,46,Slight,3,1,2016-05-26,Thursday,18:22,Dartford,E10000016,6,0,6,30.0,3,4,6,0,,,1,1,1,0,0,1,2,E01024139,3,1,26/05/2016,26/05/2016,1,9,0,15,,1,0,0,0,0,,,3,Female,33,26 - 35,998,1,9,5,1,,2,1,1,1,48,8,3,0,0,0,0,0,5,1,3,2016.0,460072733,E07000107,0.0,0.0,2.0,2016.0,460072733,7.0,3.0,0.0,3.0,1.0,-1,2016.0,460072733,2016,5,1,18
228823,2016460080884,558930.0,174811.0,0.28584,51.449928,46,Slight,2,4,2016-05-26,Thursday,22:32,Dartford,E10000016,3,226,6,30.0,3,4,6,0,,,7,9,1,0,0,1,1,E01024142,3,1,26/05/2016,26/05/2016,1,9,0,9,,2,0,0,0,0,,,6,Female,32,26 - 35,1388,1,7,4,1,,1,1,1,2,32,6,3,0,0,0,0,0,9,1,4,2016.0,460080884,E07000107,0.0,0.0,2.0,2016.0,460080884,4.0,2.0,0.0,1.0,1.0,-1,2016.0,460080884,2016,5,4,22
229177,2016460088239,555812.0,173379.0,0.240374,51.437927,46,Slight,2,1,2016-07-16,Saturday,18:20,Dartford,E10000016,6,0,7,40.0,0,-1,-1,-1,,,1,1,1,0,0,1,1,E01024138,3,1,16/07/2016,16/07/2016,1,9,0,4,,0,0,0,0,0,,,6,Male,28,26 - 35,-1,-1,-1,1,1,,2,1,2,2,65,9,3,0,0,1,0,0,9,1,9,2016.0,460088239,E07000107,0.0,0.0,2.0,2016.0,460088239,3.0,7.0,0.0,1.0,1.0,-1,2016.0,460088239,2016,7,1,18
229209,2016460088992,559599.0,174917.0,0.295507,51.450692,46,Slight,2,1,2016-07-20,Wednesday,04:17,Dartford,E10000016,3,226,6,30.0,3,4,6,0,,,4,1,1,0,0,1,2,E01024142,3,1,20/07/2016,20/07/2016,1,9,0,6,,6,0,0,0,0,,,1,Male,29,26 - 35,1598,1,13,5,1,,2,1,1,1,34,6,3,0,0,0,0,0,4,1,6,2016.0,460088992,E07000107,0.0,0.0,2.0,2016.0,460088992,7.0,7.0,0.0,3.0,1.0,-1,2016.0,460088992,2016,7,1,4
229285,2016460090425,558927.0,174820.0,0.2858,51.450009,46,Slight,2,1,2016-07-21,Thursday,21:30,Dartford,E10000016,3,226,6,30.0,3,4,6,0,,,1,1,1,0,0,1,2,E01024143,3,1,21/07/2016,21/07/2016,1,3,0,13,,8,0,0,0,0,,,6,Male,16,16 - 20,49,1,9,4,2,,1,1,1,1,16,4,3,0,0,0,0,0,3,2,4,2016.0,460090425,E07000107,0.0,0.0,2.0,2016.0,460090425,5.0,1.0,0.0,1.0,1.0,-1,2016.0,460090425,2016,7,1,21
229304,2016460090918,554137.0,174305.0,0.216697,51.446705,46,Slight,2,1,2016-07-22,Friday,23:20,Dartford,E10000016,6,0,6,30.0,6,4,6,0,,,4,1,1,0,0,1,1,E01024181,3,1,22/07/2016,22/07/2016,1,9,0,18,,1,0,0,0,0,,,6,Male,18,16 - 20,1242,1,11,10,1,,2,1,1,2,23,5,3,0,0,0,0,0,9,1,5,2016.0,460090918,E07000107,0.0,0.0,2.0,2016.0,460090918,7.0,3.0,0.0,1.0,1.0,-1,2016.0,460090918,2016,7,1,23
229677,2016460100029,553046.0,172073.0,0.200045,51.426946,46,Slight,2,1,2016-08-18,Thursday,18:47,Dartford,E10000016,4,258,6,30.0,0,-1,-1,-1,,,7,1,1,0,0,1,1,E01024189,3,1,18/08/2016,18/08/2016,1,5,0,13,,0,0,0,0,0,,,2,Male,24,21 - 25,821,1,1,6,2,,1,1,1,1,24,5,3,0,0,0,0,0,5,2,6,2016.0,460100029,E07000107,0.0,0.0,2.0,2016.0,460100029,7.0,3.0,0.0,1.0,1.0,-1,2016.0,460100029,2016,8,1,18
229996,2016460107662,555573.0,173972.0,0.237199,51.443321,46,Slight,2,1,2016-10-09,Sunday,04:50,Dartford,E10000016,3,282,3,60.0,0,-1,-1,-1,,,4,1,1,0,0,1,1,E01024163,3,1,10/09/2016,10/09/2016,1,9,0,18,,0,0,0,0,0,,,6,Male,21,21 - 25,-1,-1,-1,8,1,,1,1,1,1,21,5,3,0,0,0,0,0,9,1,8,2016.0,460107662,E07000107,0.0,0.0,1.0,2016.0,460107662,5.0,1.0,0.0,1.0,1.0,-1,2016.0,460107662,2016,10,1,4
230058,2016460108616,555650.0,173765.0,0.238215,51.44144,46,Serious,2,3,2016-09-09,Friday,18:47,Dartford,E10000016,3,282,3,60.0,0,-1,-1,-1,,,1,1,1,0,0,1,1,E01024163,2,2,09/09/2016,09/09/2016,1,9,0,18,,0,0,0,0,0,,,6,Male,29,26 - 35,-1,-1,-1,2,1,,1,1,1,1,29,6,3,0,0,0,0,0,9,1,2,2016.0,460108616,E07000107,0.0,0.0,1.0,2016.0,460108616,5.0,1.0,0.0,4.0,1.0,-1,2016.0,460108616,2016,9,6,18
230627,2016460122738,561842.0,168526.0,0.324843,51.392637,46,Slight,2,1,2016-10-30,Sunday,00:14,Dartford,E10000016,6,0,6,30.0,3,4,6,0,,,4,7,1,0,0,1,1,E01024160,3,1,30/10/2016,30/10/2016,1,9,0,18,,8,1,0,0,0,,,6,Male,22,21 - 25,1299,1,16,1,1,,1,1,2,2,21,5,3,0,0,0,0,0,9,1,5,2016.0,460122738,E07000107,0.0,0.0,2.0,2016.0,460122738,1.0,5.0,0.0,1.0,1.0,-1,2016.0,460122738,2016,10,1,0
230787,2016460127305,554271.0,173304.0,0.218188,51.437675,46,Serious,2,1,2016-05-11,Wednesday,19:28,Dartford,E10000016,3,225,9,40.0,0,-1,-1,-1,,,1,1,1,0,0,1,1,E01024167,2,2,05/11/2016,05/11/2016,1,9,0,18,,0,0,0,0,0,,,6,Male,24,21 - 25,1798,1,14,7,1,,2,1,1,1,17,4,2,0,0,0,0,0,3,1,7,2016.0,460127305,E07000107,0.0,4.0,2.0,2016.0,460127305,3.0,7.0,0.0,3.0,1.0,-1,2016.0,460127305,2016,5,2,19
230795,2016460127453,560110.0,169143.0,0.300247,51.398671,46,Slight,3,1,2016-10-21,Friday,18:25,Dartford,E10000016,4,260,6,30.0,3,4,6,0,,,4,1,1,0,0,1,1,E01024158,3,1,21/10/2016,21/10/2016,1,9,0,9,,2,0,0,0,0,,,6,Male,17,16 - 20,1198,1,11,9,1,,2,1,1,2,23,5,3,0,0,0,0,0,9,2,6,2016.0,460127453,E07000107,0.0,0.0,2.0,2016.0,460127453,1.0,5.0,0.0,1.0,1.0,-1,2016.0,460127453,2016,10,1,18
230868,2016460128938,555489.0,173323.0,0.235706,51.437513,46,Slight,1,5,2016-11-17,Thursday,21:10,Dartford,E10000016,4,260,1,30.0,0,-1,-1,-1,,,4,1,2,0,0,1,1,E01024136,3,1,17/11/2016,17/11/2016,1,9,0,7,,0,0,10,0,0,,,6,Male,17,16 - 20,1242,1,8,7,1,,1,1,1,1,17,4,3,0,0,0,0,0,9,1,7,2016.0,460128938,E07000107,0.0,0.0,2.0,2016.0,460128938,1.0,5.0,0.0,3.0,1.0,-1,2016.0,460128938,2016,11,5,21
230949,2016460130444,551673.0,172083.0,0.180316,51.427405,46,Slight,3,1,2016-01-11,Monday,03:44,Dartford,E10000016,6,0,6,30.0,0,-1,-1,-1,,,1,1,1,0,0,1,1,E01024153,3,1,01/11/2016,01/11/2016,1,9,0,18,,0,0,0,1,11,,,6,Male,20,16 - 20,1598,1,13,5,1,,1,1,1,1,20,4,3,0,0,0,0,0,9,1,5,2016.0,460130444,E07000107,0.0,0.0,2.0,2016.0,460130444,3.0,7.0,9.0,3.0,1.0,-1,2016.0,460130444,2016,1,1,3
230986,2016460131832,554731.0,173932.0,0.225075,51.443192,46,Slight,2,1,2016-11-21,Monday,19:10,Dartford,E10000016,3,226,6,30.0,0,-1,-1,-1,,,4,2,2,0,0,1,1,E01024164,3,1,21/11/2016,21/11/2016,1,3,0,18,,0,0,0,0,0,,,6,Male,22,21 - 25,124,1,3,6,1,,1,1,1,1,22,5,3,0,0,0,0,0,3,1,6,2016.0,460131832,E07000107,0.0,0.0,2.0,2016.0,460131832,3.0,7.0,0.0,1.0,1.0,-1,2016.0,460131832,2016,11,1,19
231272,2016460137872,556192.0,174012.0,0.246116,51.44351,46,Slight,2,1,2016-05-12,Thursday,19:32,Dartford,E10000016,3,226,6,30.0,3,4,6,0,,,4,8,2,0,0,1,1,E01024169,3,1,05/12/2016,05/12/2016,1,3,0,13,,1,0,0,0,0,,,6,Male,20,16 - 20,125,1,0,5,1,,1,1,1,1,20,4,3,0,0,0,0,0,3,1,5,2016.0,460137872,E07000107,0.0,0.0,2.0,2016.0,460137872,3.0,7.0,0.0,1.0,1.0,-1,2016.0,460137872,2016,5,1,19
231301,2016460138551,554480.0,174142.0,0.221558,51.445147,46,Slight,2,1,2016-12-14,Wednesday,19:30,Dartford,E10000016,6,0,6,30.0,0,-1,-1,-1,,,4,1,1,0,0,1,1,E01024164,3,1,14/12/2016,14/12/2016,1,9,0,18,,0,0,0,0,0,,,2,Male,19,16 - 20,1149,1,0,8,3,,2,1,1,1,35,6,3,0,0,0,0,0,1,2,9,2016.0,460138551,E07000107,0.0,0.0,2.0,2016.0,460138551,1.0,5.0,0.0,1.0,1.0,-1,2016.0,460138551,2016,12,1,19
231377,2016460139626,555130.0,173822.0,0.230764,51.442095,46,Slight,2,3,2016-12-12,Monday,19:35,Dartford,E10000016,3,226,1,30.0,1,4,3,296,,,4,1,2,0,0,1,1,E01024136,3,1,12/12/2016,12/12/2016,1,9,0,18,,1,0,0,0,0,,,6,Female,28,26 - 35,1997,1,8,7,1,,2,1,1,1,33,6,3,0,0,0,0,0,9,1,9,2016.0,460139626,E07000107,0.0,1.0,2.0,2016.0,460139626,3.0,7.0,0.0,1.0,1.0,-1,2016.0,460139626,2016,12,3,19
231400,2016460140188,552384.0,174614.0,0.191623,51.449956,46,Slight,2,4,2016-11-12,Saturday,02:40,Dartford,E10000016,6,0,6,30.0,3,4,6,0,,,4,1,1,0,0,1,1,E01024186,3,1,11/12/2016,11/12/2016,1,9,0,9,,8,0,0,0,0,,,6,Female,23,21 - 25,1968,2,7,2,1,,2,1,1,1,36,7,3,0,0,0,0,0,9,1,5,2016.0,460140188,E07000107,0.0,0.0,2.0,2016.0,460140188,3.0,1.0,0.0,1.0,1.0,-1,2016.0,460140188,2016,11,4,2
231401,2016460140239,557519.0,174993.0,0.265631,51.451957,46,Fatal,1,1,2016-12-24,Saturday,18:05,Dartford,E10000016,3,206,3,50.0,0,-1,-1,-1,,,4,1,1,0,0,1,1,E01024172,1,3,24/12/2016,24/12/2016,1,9,0,18,,0,0,0,4,7,,,6,Male,22,21 - 25,1229,1,9,4,1,,1,1,3,1,28,6,1,1,3,0,0,0,0,1,3,2016.0,460140239,E07000107,0.0,4.0,2.0,2016.0,460140239,3.0,7.0,0.0,1.0,1.0,-1,2016.0,460140239,2016,12,3,18
231484,2016460142526,555005.0,174706.0,0.229353,51.450072,46,Slight,2,3,2016-12-16,Friday,23:45,Dartford,E10000016,6,0,6,30.0,1,4,6,0,,,1,1,1,0,0,1,2,E01024156,3,1,16/12/2016,16/12/2016,1,3,0,18,,4,0,0,0,0,,,1,Male,21,21 - 25,125,1,1,1,1,,1,1,1,1,21,5,3,0,0,0,0,0,3,1,1,2016.0,460142526,E07000107,0.0,0.0,2.0,2016.0,460142526,2.0,6.0,0.0,1.0,1.0,-1,2016.0,460142526,2016,12,3,23
231633,2016460152923,553255.0,172098.0,0.20306,51.427115,46,Slight,2,1,2016-02-10,Wednesday,21:03,Dartford,E10000016,4,258,9,30.0,0,-1,-1,-1,,,7,9,1,0,0,1,1,E01024189,3,1,02/10/2016,02/10/2016,1,9,0,18,,0,0,4,0,0,,,6,Male,31,26 - 35,1997,2,10,7,1,,1,1,1,1,31,6,3,0,0,0,0,0,9,1,7,2016.0,460152923,E07000107,0.0,0.0,2.0,2016.0,460152923,7.0,3.0,0.0,1.0,1.0,-1,2016.0,460152923,2016,2,1,21
231685,2016460265568,555510.0,173130.0,0.235923,51.435773,46,Slight,2,1,2016-01-01,Friday,18:14,Dartford,E10000016,4,260,6,30.0,0,-1,-1,-1,,,1,8,2,0,0,1,1,E01024136,3,1,01/01/2016,01/01/2016,1,9,0,18,,0,1,4,0,0,,,1,Male,26,26 - 35,1598,1,13,8,1,,1,1,1,1,26,6,3,0,0,0,0,0,9,1,8,2016.0,460265568,E07000107,0.0,8.0,2.0,2016.0,460265568,8.0,4.0,0.0,1.0,1.0,-1,2016.0,460265568,2016,1,1,18
231694,2016460265591,553430.0,172650.0,0.205814,51.432027,46,Slight,3,1,2016-01-01,Friday,02:40,Dartford,E10000016,5,0,6,30.0,0,-1,-1,-1,,,7,1,2,0,0,1,1,E01024187,3,1,01/01/2016,01/01/2016,1,9,0,18,,0,0,0,8,10,,,6,Male,31,26 - 35,1398,2,14,-1,-1,,1,1,1,1,31,6,3,0,0,0,0,0,9,-1,-1,2016.0,460265591,E07000107,0.0,0.0,2.0,2016.0,460265591,6.0,2.0,0.0,1.0,1.0,-1,2016.0,460265591,2016,1,1,2
231856,2016460266091,554100.0,173310.0,0.215732,51.437775,46,Slight,2,1,2016-01-19,Tuesday,18:30,Dartford,E10000016,3,225,6,30.0,6,2,3,225,,,4,1,1,0,0,1,1,E01024167,3,1,19/01/2016,19/01/2016,1,9,0,9,,8,0,0,0,0,,,6,Female,29,26 - 35,1199,1,15,-1,-1,,2,1,1,1,16,4,3,0,0,0,0,0,2,1,3,2016.0,460266091,E07000107,0.0,5.0,2.0,2016.0,460266091,5.0,3.0,0.0,4.0,1.0,-1,2016.0,460266091,2016,1,1,18
236102,2016480060200,533160.0,181930.0,-0.082103,51.520546,1,Slight,1,1,2016-03-29,Tuesday,18:27,Hackney,E09000012,5,0,6,20.0,3,4,6,0,,,1,1,1,0,0,1,1,E01033708,3,1,29/03/2016,29/03/2016,1,9,0,1,,1,0,0,0,0,,,1,Male,25,21 - 25,1499,1,1,1,1,,1,1,3,2,30,6,3,9,5,0,0,0,0,-1,-1,2016.0,480060200,E09000012,0.0,0.0,2.0,2016.0,480060200,1.0,5.0,0.0,2.0,1.0,-1,2016.0,480060200,2016,3,1,18
260294,2017010009342,526790.0,181970.0,-0.173845,51.522425,1,Slight,2,1,2017-01-01,Sunday,01:30,Westminster,E09000033,3,5,6,30.0,3,4,6,0,,,4,1,2,0,0,1,1,E01004702,3,1,01/01/2017,01/01/2017,1,9,0,18,,1,0,0,0,0,,,6,Male,33,26 - 35,1797,8,8,9,1,,1,1,2,2,33,6,3,0,0,1,0,0,9,1,5,2017.0,010009342,E09000033,0.0,0.0,2.0,2017.0,010009342,5.0,1.0,0.0,2.0,1.0,-1,2017.0,010009342,2017,1,1,1
260298,2017010009351,514510.0,172370.0,-0.353876,51.438762,1,Slight,2,1,2017-01-01,Sunday,03:31,Richmond upon Thames,E09000027,6,0,6,30.0,0,-1,-1,-1,,,4,1,2,0,0,1,1,E01003900,3,1,01/01/2017,01/01/2017,1,9,0,4,,0,0,0,0,0,,,6,Male,19,16 - 20,1364,1,13,3,1,,2,1,1,1,14,3,3,0,0,0,0,0,3,1,9,2017.0,010009351,E09000027,0.0,0.0,2.0,2017.0,010009351,7.0,3.0,0.0,0.0,1.0,-1,2017.0,010009351,2017,1,1,3
260322,2017010009391,523370.0,164960.0,-0.229039,51.370306,1,Slight,1,1,2017-01-01,Sunday,22:00,Sutton,E09000029,3,24,6,30.0,3,4,6,0,,,4,2,2,0,0,1,1,E01004118,3,1,01/01/2017,01/01/2017,1,2,0,5,,1,0,7,0,0,,,1,Male,34,26 - 35,108,1,2,6,1,,1,1,1,1,34,6,3,0,0,0,0,0,2,1,6,2017.0,010009391,E09000029,0.0,0.0,2.0,2017.0,010009391,1.0,1.0,0.0,0.0,1.0,-1,2017.0,010009391,2017,1,1,22
260323,2017010009393,519120.0,179410.0,-0.28521,51.501085,1,Slight,2,1,2017-01-01,Sunday,21:20,Ealing,E09000009,3,406,3,40.0,6,2,3,4000,,,4,2,2,0,0,1,1,E01001231,3,1,01/01/2017,01/01/2017,1,9,0,18,,1,0,0,0,0,,,6,Female,24,21 - 25,1995,1,12,10,1,,1,1,1,2,24,5,3,0,0,0,0,0,9,1,10,2017.0,010009393,E09000009,0.0,5.0,2.0,2017.0,010009393,1.0,5.0,0.0,1.0,1.0,-1,2017.0,010009393,2017,1,1,21
260324,2017010009394,516840.0,185390.0,-0.316061,51.555307,1,Slight,2,2,2017-01-01,Sunday,19:19,Brent,E09000005,3,404,6,30.0,3,4,6,0,,,4,1,2,0,0,1,1,E01000608,3,1,01/01/2017,01/01/2017,1,9,0,18,,8,0,0,0,0,,,6,Female,34,26 - 35,1956,2,1,3,1,,1,1,1,2,34,6,3,0,0,0,0,0,9,1,3,2017.0,010009394,E09000005,0.0,0.0,2.0,2017.0,010009394,5.0,1.0,0.0,1.0,1.0,-1,2017.0,010009394,2017,1,2,19
260326,2017010009398,512620.0,183870.0,-0.377391,51.542502,1,Slight,2,1,2017-02-01,Wednesday,00:35,Ealing,E09000009,3,40,7,30.0,5,4,3,40,,,4,1,2,0,0,1,1,E01001324,3,1,02/01/2017,02/01/2017,1,9,0,18,,7,0,0,0,0,,,6,Male,26,26 - 35,1975,1,15,7,1,,2,1,1,2,45,7,3,0,0,0,0,0,9,1,3,2017.0,010009398,E09000009,0.0,0.0,2.0,2017.0,010009398,3.0,7.0,0.0,1.0,1.0,-1,2017.0,010009398,2017,2,1,0
260327,2017010009399,530350.0,179670.0,-0.123411,51.500946,1,Slight,3,3,2017-01-01,Sunday,23:42,Westminster,E09000033,3,302,6,30.0,6,2,3,3211,,,4,1,2,0,0,1,1,E01004733,3,1,01/01/2017,01/01/2017,1,9,0,17,,8,0,0,0,0,,,6,Male,19,16 - 20,1900,2,12,6,2,,3,1,1,1,29,6,3,0,0,0,0,0,9,1,4,2017.0,010009399,E09000033,0.0,0.0,2.0,2017.0,010009399,5.0,1.0,0.0,1.0,1.0,-1,2017.0,010009399,2017,1,3,23
260331,2017010009405,531720.0,174830.0,-0.105487,51.457133,1,Slight,1,1,2017-02-01,Wednesday,05:55,Lambeth,E09000022,6,0,6,20.0,0,-1,-1,-1,,,4,7,2,0,0,1,1,E01003071,3,1,02/01/2017,02/01/2017,1,4,0,18,,0,1,0,0,0,,,6,Male,28,26 - 35,124,1,4,7,1,,1,1,1,1,28,6,3,0,0,0,0,0,4,1,7,2017.0,010009405,E09000022,0.0,0.0,2.0,2017.0,010009405,2.0,6.0,0.0,0.0,1.0,-1,2017.0,010009405,2017,2,1,5
260341,2017010009418,530480.0,178010.0,-0.122152,51.485998,1,Serious,1,1,2017-01-01,Sunday,20:30,Lambeth,E09000022,3,203,2,30.0,7,2,3,3204,,,4,2,2,0,0,1,1,E01003102,2,2,01/01/2017,01/01/2017,1,9,0,17,,8,0,0,0,0,,,2,Male,33,26 - 35,1997,2,5,2,1,,1,1,3,2,22,5,2,1,3,0,0,2,0,-1,-1,2017.0,010009418,E09000022,0.0,4.0,2.0,2017.0,010009418,7.0,5.0,0.0,1.0,1.0,-1,2017.0,010009418,2017,1,2,20
260343,2017010009420,526850.0,183130.0,-0.172563,51.532837,1,Slight,2,1,2017-01-01,Sunday,23:20,Westminster,E09000033,3,41,6,30.0,0,-1,-1,-1,,,4,3,2,0,0,1,1,E01004726,3,1,01/01/2017,01/01/2017,1,3,0,18,,0,2,0,0,0,,,6,Male,25,21 - 25,599,1,9,3,1,,1,1,1,1,25,5,3,0,0,0,0,0,3,1,3,2017.0,010009420,E09000033,0.0,0.0,2.0,2017.0,010009420,5.0,1.0,0.0,2.0,1.0,-1,2017.0,010009420,2017,1,1,23
260358,2017010009441,532980.0,188340.0,-0.08227,51.578247,1,Slight,2,1,2017-02-01,Wednesday,19:25,Haringey,E09000014,3,503,6,30.0,9,4,6,0,,,4,1,1,0,0,1,1,E01002054,3,1,02/01/2017,02/01/2017,1,9,0,9,,1,0,0,0,0,,,6,Female,24,21 - 25,1229,1,4,5,1,,2,1,1,1,23,5,3,0,0,0,0,0,3,1,2,2017.0,010009441,E09000014,0.0,0.0,2.0,2017.0,010009441,7.0,3.0,0.0,3.0,1.0,-1,2017.0,010009441,2017,2,1,19
260367,2017010009453,532580.0,182430.0,-0.090264,51.525231,1,Slight,2,1,2017-03-01,Wednesday,00:50,Islington,E09000019,3,5201,6,20.0,3,4,6,0,,,4,1,1,0,0,1,1,E01002704,3,1,03/01/2017,03/01/2017,1,4,0,18,,3,0,0,0,0,,,1,Male,30,26 - 35,249,1,8,5,1,,1,1,1,1,30,6,3,0,0,0,0,0,4,1,5,2017.0,010009453,E09000019,0.0,0.0,2.0,2017.0,010009453,3.0,5.0,0.0,1.0,1.0,-1,2017.0,010009453,2017,3,1,0
260369,2017010009460,528760.0,189670.0,-0.142648,51.591178,1,Slight,2,1,2017-03-01,Wednesday,00:20,Haringey,E09000014,3,504,1,20.0,1,4,4,550,,,4,1,1,0,0,1,1,E01001997,3,1,03/01/2017,03/01/2017,1,3,0,7,,3,0,0,0,0,,,6,Male,30,26 - 35,125,1,4,8,1,,1,1,1,1,30,6,3,0,0,0,0,0,3,1,8,2017.0,010009460,E09000014,0.0,1.0,2.0,2017.0,010009460,6.0,1.0,0.0,4.0,1.0,-1,2017.0,010009460,2017,3,1,0