,accident_index,location_easting_osgr,location_northing_osgr,longitude,latitude,police_force,accident_severity,number_of_vehicles,number_of_casualties,date,day_of_week,time,local_authority_district,local_authority_highway,first_road_class,first_road_number,road_type,speed_limit,junction_detail,junction_control,second_road_class,second_road_number,pedestrian_crossing-human_control,pedestrian_crossing-physical_facilities,light_conditions,weather_conditions,road_surface_conditions,special_conditions_at_site,carriageway_hazards,urban_or_rural_area,did_police_officer_attend_scene_of_accident,lsoa_of_accident_location,accident_severity_num,accident_severity_inv,date2,date_original,vehicle_reference_x,vehicle_type,towing_and_articulation,vehicle_manoeuvre,vehicle_location-restricted_lane,junction_location,skidding_and_overturning,hit_object_in_carriageway,vehicle_leaving_carriageway,hit_object_off_carriageway,1st_point_of_impact,was_vehicle_left_hand_drive?,journey_purpose_of_driver,sex_of_driver,age_of_driver,age_band_of_driver,engine_capacity_cc,propulsion_code,age_of_vehicle,driver_imd_decile,driver_home_area_type,vehicle_imd_decile,vehicle_reference_y,casualty_reference,casualty_class,sex_of_casualty,age_of_casualty,age_band_of_casualty,casualty_severity,pedestrian_location,pedestrian_movement,car_passenger,bus_or_coach_passenger,pedestrian_road_maintenance_worker,casualty_type,casualty_home_area_type,casualty_imd_decile,accident_year_x,accident_reference_x,local_authority_ons_district,pedestrian_crossing_human_control,pedestrian_crossing_physical_facilities,trunk_road_flag,accident_year_y,accident_reference_y,vehicle_direction_from,vehicle_direction_to,vehicle_location_restricted_lane,first_point_of_impact,vehicle_left_hand_drive,generic_make_model,accident_year,accident_reference,year,month,severity,hours
262611,2017010016323,548730.0,187600.0,0.144552,51.567665,1,Serious,2,1,2017-04-02,Sunday,18:46,Barking and Dagenham,E09000002,3,1112,3,30.0,3,2,5,0,,,4,1,1,0,0,1,1,E01000111,2,2,04/02/2017,04/02/2017,1,9,0,18,,8,0,0,0,0,,,6,Male,33,26 - 35,2401,2,12,2,1,,2,1,1,1,29,6,2,0,0,0,0,0,1,1,6,2017.0,010016323,E09000002,0.0,8.0,2.0,2017.0,010016323,5.0,1.0,0.0,1.0,1.0,-1,2017.0,010016323,2017,4,2,18
262613,2017010016325,536580.0,188410.0,-0.030321,51.578015,1,Slight,2,1,2017-04-02,Sunday,19:00,Waltham Forest,E09000031,3,1006,6,30.0,3,4,6,0,,,4,1,1,0,0,1,1,E01004444,3,1,04/02/2017,04/02/2017,1,9,0,18,,2,0,0,0,0,,,6,Male,23,21 - 25,998,1,4,4,1,,2,1,2,2,49,8,3,0,0,1,0,0,9,1,2,2017.0,010016325,E09000031,0.0,1.0,2.0,2017.0,010016325,5.0,1.0,0.0,1.0,1.0,-1,2017.0,010016325,2017,4,1,19
262619,2017010016338,536980.0,181040.0,-0.027418,51.511691,1,Slight,2,1,2017-05-02,Tuesday,19:03,Tower Hamlets,E09000030,3,13,6,30.0,7,2,6,0,,,4,1,1,0,0,1,1,E01004252,3,1,05/02/2017,05/02/2017,1,9,0,3,,1,0,0,0,0,,,6,Female,27,26 - 35,1296,1,11,2,1,,1,1,1,2,27,6,3,0,0,0,0,0,9,1,2,2017.0,010016338,E09000030,0.0,5.0,2.0,2017.0,010016338,3.0,7.0,0.0,2.0,1.0,-1,2017.0,010016338,2017,5,1,19
262624,2017010016346,549080.0,177120.0,0.145169,51.473408,1,Slight,2,1,2017-05-02,Tuesday,01:45,Bexley,E09000004,5,0,6,30.0,2,4,5,0,,,4,1,1,0,0,1,1,E01000440,3,1,05/02/2017,05/02/2017,1,9,0,18,,3,0,0,0,0,,,6,Male,21,21 - 25,-1,-1,-1,8,1,,1,1,2,1,23,5,3,0,0,1,0,0,9,1,8,2017.0,010016346,E09000004,0.0,0.0,2.0,2017.0,010016346,7.0,3.0,0.0,4.0,1.0,-1,2017.0,010016346,2017,5,1,1
262625,2017010016348,523940.0,187910.0,-0.212812,51.576441,1,Slight,2,2,2017-04-02,Sunday,22:25,Barnet,E09000003,6,0,6,30.0,9,4,6,0,,,4,2,2,0,0,1,1,E01000219,3,1,04/02/2017,04/02/2017,1,3,0,18,,1,1,0,0,0,,,1,Male,19,16 - 20,125,1,5,2,1,,1,1,1,1,19,4,3,0,0,0,0,0,3,1,2,2017.0,010016348,E09000003,0.0,0.0,2.0,2017.0,010016348,3.0,7.0,0.0,2.0,1.0,-1,2017.0,010016348,2017,4,2,22
262630,2017010016355,519280.0,188740.0,-0.279746,51.584904,1,Slight,2,2,2017-05-02,Tuesday,21:00,Brent,E09000005,3,4006,6,30.0,0,-1,-1,-1,,,4,8,2,0,0,1,1,E01000591,3,1,05/02/2017,05/02/2017,1,9,0,16,,0,0,0,0,0,,,6,Male,22,21 - 25,2967,2,6,-1,-1,,2,1,1,1,55,8,3,0,0,0,0,0,8,1,6,2017.0,010016355,E09000005,0.0,0.0,2.0,2017.0,010016355,3.0,7.0,0.0,1.0,1.0,-1,2017.0,010016355,2017,5,2,21
262632,2017010016363,532460.0,189210.0,-0.089442,51.586187,1,Slight,1,1,2017-05-02,Tuesday,23:16,Haringey,E09000014,3,504,6,20.0,1,4,6,0,,,4,1,2,0,0,1,1,E01002043,3,1,05/02/2017,05/02/2017,1,9,0,17,,1,0,0,0,0,,,6,Female,29,26 - 35,1796,1,14,2,1,,1,1,3,1,23,5,3,6,9,0,0,2,0,1,4,2017.0,010016363,E09000014,2.0,1.0,2.0,2017.0,010016363,5.0,1.0,0.0,1.0,1.0,-1,2017.0,010016363,2017,5,1,23
262634,2017010016367,532470.0,166800.0,-0.097698,51.384795,1,Slight,2,1,2017-06-02,Friday,02:00,Croydon,E09000008,3,212,6,30.0,9,4,6,0,,,4,1,1,0,0,1,1,E01001118,3,1,06/02/2017,06/02/2017,1,9,0,18,,1,0,0,0,0,,,6,Male,28,26 - 35,1597,1,20,2,1,,1,1,1,1,28,6,3,0,0,0,0,0,9,1,2,2017.0,010016367,E09000008,0.0,0.0,2.0,2017.0,010016367,5.0,1.0,0.0,3.0,1.0,-1,2017.0,010016367,2017,6,1,2
262636,2017010016371,532560.0,187630.0,-0.088595,51.571965,1,Slight,1,1,2017-06-02,Friday,00:30,Hackney,E09000012,6,0,6,20.0,0,-1,-1,-1,,,4,1,1,0,0,1,1,E01033701,3,1,06/02/2017,06/02/2017,1,9,0,18,,0,0,0,0,0,,,1,Male,29,26 - 35,2993,2,1,6,1,,1,1,2,1,28,6,3,0,0,2,0,0,9,1,6,2017.0,010016371,E09000012,0.0,0.0,2.0,2017.0,010016371,0.0,0.0,0.0,0.0,1.0,-1,2017.0,010016371,2017,6,1,0
262684,2017010016506,528290.0,164620.0,-0.158519,51.366162,1,Slight,1,1,2017-06-02,Friday,18:08,Sutton,E09000029,3,232,6,30.0,3,4,3,232,,,4,2,2,0,0,1,1,E01004099,3,1,06/02/2017,06/02/2017,1,9,0,9,,8,0,0,0,0,,,6,Male,17,16 - 20,1198,1,12,9,1,,1,1,3,2,19,4,3,5,1,0,0,2,0,1,8,2017.0,010016506,E09000029,0.0,5.0,2.0,2017.0,010016506,3.0,1.0,0.0,1.0,1.0,-1,2017.0,010016506,2017,6,1,18
262685,2017010016507,543410.0,184420.0,0.066553,51.540468,1,Slight,3,4,2017-06-02,Friday,18:10,Newham,E09000025,3,406,3,50.0,0,-1,-1,-1,,,4,1,2,0,0,1,1,E01003625,3,1,06/02/2017,06/02/2017,1,9,0,4,,0,0,0,0,0,,,6,Male,34,26 - 35,2000,2,7,2,1,,1,1,1,1,34,6,3,0,0,0,0,0,9,1,2,2017.0,010016507,E09000025,0.0,0.0,2.0,2017.0,010016507,1.0,5.0,0.0,2.0,1.0,-1,2017.0,010016507,2017,6,4,18
262688,2017010016510,532460.0,182760.0,-0.091869,51.528225,1,Slight,1,1,2017-06-02,Friday,19:10,Islington,E09000019,3,501,6,30.0,3,4,4,144,,,4,2,2,0,0,1,1,E01002701,3,1,06/02/2017,06/02/2017,1,9,0,18,,1,0,0,0,0,,,6,Male,28,26 - 35,1995,2,8,2,1,,1,1,3,1,60,9,3,1,1,0,0,2,0,1,5,2017.0,010016510,E09000019,0.0,1.0,2.0,2017.0,010016510,3.0,7.0,0.0,4.0,1.0,-1,2017.0,010016510,2017,6,1,19
262689,2017010016511,542960.0,188160.0,0.061587,51.574188,1,Slight,1,1,2017-06-02,Friday,20:40,Redbridge,E09000026,6,0,6,30.0,0,-1,-1,-1,,,4,2,2,0,0,1,1,E01003696,3,1,06/02/2017,06/02/2017,1,9,0,18,,0,0,0,0,0,,,6,Male,24,21 - 25,1368,1,1,6,1,,1,1,3,2,6,2,3,5,1,0,0,2,0,1,7,2017.0,010016511,E09000026,0.0,0.0,2.0,2017.0,010016511,3.0,7.0,0.0,4.0,1.0,-1,2017.0,010016511,2017,6,1,20
262694,2017010016517,550340.0,191300.0,0.169347,51.600484,1,Serious,2,1,2017-06-02,Friday,19:20,Havering,E09000016,4,1459,6,30.0,3,4,6,0,,,4,1,1,0,0,1,1,E01002332,2,2,06/02/2017,06/02/2017,1,3,0,18,,8,0,0,0,0,,,6,Male,18,16 - 20,-1,-1,-1,-1,-1,,1,1,1,1,18,4,2,0,0,0,0,0,3,-1,-1,2017.0,010016517,E09000016,0.0,0.0,2.0,2017.0,010016517,3.0,7.0,0.0,1.0,1.0,-1,2017.0,010016517,2017,6,2,19
262703,2017010016531,533250.0,182370.0,-0.080634,51.524534,1,Slight,2,1,2017-06-02,Friday,23:02,Hackney,E09000012,3,1202,6,20.0,3,4,3,1202,,,4,2,2,0,0,1,1,E01033708,3,1,06/02/2017,06/02/2017,1,3,0,18,,1,0,0,0,0,,,1,Male,20,16 - 20,108,1,4,4,1,,1,1,1,1,20,4,3,0,0,0,0,0,3,1,4,2017.0,010016531,E09000012,0.0,0.0,2.0,2017.0,010016531,3.0,7.0,0.0,1.0,1.0,-1,2017.0,010016531,2017,6,1,23
262768,2017010016703,530150.0,175080.0,-0.12798,51.459743,1,Slight,2,1,2017-07-02,Sunday,18:45,Lambeth,E09000022,3,2217,6,30.0,3,4,6,0,,,4,1,1,0,0,1,1,E01003057,3,1,07/02/2017,07/02/2017,1,9,0,9,,1,0,0,0,0,,,1,Female,21,21 - 25,1598,2,2,2,1,,2,1,1,1,62,9,3,0,0,0,0,0,4,1,8,2017.0,010016703,E09000022,0.0,0.0,2.0,2017.0,010016703,3.0,1.0,0.0,3.0,1.0,-1,2017.0,010016703,2017,7,1,18
262781,2017010016721,526370.0,164510.0,-0.186124,51.365603,1,Slight,1,1,2017-08-02,Wednesday,00:51,Sutton,E09000029,6,0,1,30.0,1,4,6,0,,,4,1,2,0,0,1,1,E01004138,3,1,08/02/2017,08/02/2017,1,4,0,9,,3,0,7,0,0,,,6,Male,35,26 - 35,124,1,9,7,1,,1,1,1,1,35,6,3,0,0,0,0,0,4,1,7,2017.0,010016721,E09000029,0.0,0.0,2.0,2017.0,010016721,3.0,7.0,0.0,3.0,1.0,-1,2017.0,010016721,2017,8,1,0
262787,2017010016743,537640.0,192210.0,-0.013544,51.611904,1,Slight,2,2,2017-01-31,Tuesday,19:50,Waltham Forest,E09000031,6,0,6,20.0,3,4,6,0,,,4,2,2,0,0,1,2,E01004418,3,1,31/01/2017,31/01/2017,1,9,0,18,,1,0,0,0,0,,,6,Male,19,16 - 20,1499,1,1,3,1,,1,1,1,1,19,4,3,0,0,0,0,0,9,1,3,2017.0,010016743,E09000031,0.0,0.0,2.0,2017.0,010016743,9.0,9.0,0.0,1.0,9.0,-1,2017.0,010016743,2017,1,2,19
262793,2017010016792,532730.0,182600.0,-0.088039,51.526723,1,Slight,1,1,2017-06-02,Friday,18:57,Islington,E09000019,3,501,9,30.0,3,9,3,501,,,7,9,9,9,9,1,2,E01001780,3,1,06/02/2017,06/02/2017,1,9,9,18,,9,9,99,9,0,,,6,Male,25,21 - 25,1995,2,6,3,1,,1,1,1,1,25,5,3,0,0,0,0,0,9,1,3,2017.0,010016792,E09000019,0.0,9.0,2.0,2017.0,010016792,9.0,9.0,0.0,9.0,9.0,-1,2017.0,010016792,2017,6,1,18
262797,2017010016816,523800.0,179900.0,-0.217647,51.504484,1,Slight,2,1,2017-01-17,Tuesday,18:10,Hammersmith and Fulham,E09000013,3,402,1,30.0,1,2,3,3220,,,5,1,1,0,0,1,2,E01001943,3,1,17/01/2017,17/01/2017,1,2,0,4,,8,0,0,0,0,,,6,Male,27,26 - 35,-1,-1,-1,6,1,,1,1,1,1,27,6,3,0,0,0,0,0,2,1,6,2017.0,010016816,E09000013,0.0,5.0,2.0,2017.0,010016816,7.0,3.0,0.0,2.0,1.0,-1,2017.0,010016816,2017,1,1,18
262810,2017010016886,541720.0,191220.0,0.04494,51.601997,1,Slight,2,2,2017-01-30,Monday,20:00,Redbridge,E09000026,3,113,6,30.0,0,-1,-1,-1,,,7,1,1,0,0,1,2,E01003659,3,1,30/01/2017,30/01/2017,1,9,0,18,,0,0,0,0,0,,,6,Male,26,26 - 35,1984,1,3,6,1,,1,1,1,1,26,6,3,0,0,0,0,0,9,1,6,2017.0,010016886,E09000026,0.0,4.0,2.0,2017.0,010016886,5.0,1.0,0.0,3.0,9.0,-1,2017.0,010016886,2017,1,2,20
262820,2017010016921,524060.0,175390.0,-0.215486,51.463894,1,Slight,2,1,2017-01-14,Saturday,00:45,Wandsworth,E09000032,3,219,6,30.0,5,3,6,0,,,4,1,1,0,0,1,2,E01004609,3,1,14/01/2017,14/01/2017,1,9,0,18,,7,0,0,0,0,,,6,Male,24,21 - 25,1956,2,5,3,1,,1,1,1,1,24,5,3,0,0,0,0,0,9,1,3,2017.0,010016921,E09000032,0.0,9.0,2.0,2017.0,010016921,9.0,9.0,0.0,4.0,9.0,-1,2017.0,010016921,2017,1,1,0
262836,2017010016967,511950.0,185540.0,-0.386518,51.557645,1,Serious,2,1,2017-08-02,Wednesday,19:15,Hillingdon,E09000017,5,0,6,30.0,3,4,6,0,,,4,1,2,0,0,1,1,E01002497,2,2,08/02/2017,08/02/2017,1,9,0,7,,8,0,0,0,0,,,1,Male,32,26 - 35,-1,-1,-1,6,1,,2,1,1,1,12,3,2,0,0,0,0,0,1,1,3,2017.0,010016967,E09000017,0.0,0.0,2.0,2017.0,010016967,5.0,6.0,0.0,1.0,1.0,-1,2017.0,010016967,2017,8,2,19
262839,2017010016970,537560.0,182180.0,-0.01862,51.521794,1,Slight,3,1,2017-08-02,Wednesday,18:55,Tower Hamlets,E09000030,4,140,1,20.0,2,4,4,140,,,4,1,1,0,0,1,1,E01004242,3,1,08/02/2017,08/02/2017,1,9,0,5,,4,0,0,0,0,,,6,Male,28,26 - 35,1796,1,11,2,1,,2,1,1,1,29,6,3,0,0,0,0,0,3,1,4,2017.0,010016970,E09000030,0.0,1.0,2.0,2017.0,010016970,7.0,3.0,0.0,1.0,1.0,-1,2017.0,010016970,2017,8,1,18
262848,2017010016980,533580.0,186120.0,-0.074459,51.558155,1,Slight,2,1,2017-08-02,Wednesday,21:30,Hackney,E09000012,3,10,2,30.0,5,4,6,0,,,4,1,1,0,0,1,1,E01001830,3,1,08/02/2017,08/02/2017,1,9,0,9,,1,0,0,0,0,,,6,Male,21,21 - 25,1349,1,7,2,1,,2,1,1,1,22,5,3,0,0,0,0,0,3,1,2,2017.0,010016980,E09000012,0.0,4.0,2.0,2017.0,010016980,1.0,1.0,0.0,1.0,1.0,-1,2017.0,010016980,2017,8,1,21
262852,2017010016984,540220.0,183930.0,0.020391,51.536866,1,Slight,2,1,2017-08-02,Wednesday,20:20,Newham,E09000025,4,165,6,30.0,0,-1,-1,-1,,,4,1,1,0,0,1,1,E01003596,3,1,08/02/2017,08/02/2017,1,9,0,18,,0,0,4,0,0,,,6,Male,24,21 - 25,1596,1,13,1,1,,1,1,1,1,24,5,3,0,0,0,0,0,9,1,1,2017.0,010016984,E09000025,0.0,0.0,2.0,2017.0,010016984,7.0,3.0,0.0,1.0,1.0,-1,2017.0,010016984,2017,8,1,20
262853,2017010016985,514810.0,183230.0,-0.346033,51.536309,1,Slight,2,2,2017-08-02,Wednesday,22:14,Ealing,E09000009,3,4127,1,30.0,1,2,3,40,,,4,1,1,0,0,1,1,E01001267,3,1,08/02/2017,08/02/2017,1,9,0,4,,4,0,0,0,0,,,6,Male,32,26 - 35,3474,1,16,2,1,,1,1,1,1,32,6,3,0,0,0,0,0,9,1,2,2017.0,010016985,E09000009,0.0,0.0,2.0,2017.0,010016985,1.0,5.0,0.0,4.0,1.0,-1,2017.0,010016985,2017,8,2,22
262876,2017010017077,523800.0,180030.0,-0.217601,51.505653,1,Slight,1,1,2017-07-01,Saturday,22:00,Hammersmith and Fulham,E09000013,3,3220,9,40.0,0,-1,-1,-1,,,7,9,9,9,9,1,2,E01002873,3,1,07/01/2017,07/01/2017,1,9,9,99,,0,9,99,9,99,,,6,Male,18,16 - 20,1390,1,11,-1,-1,,1,1,1,1,18,4,3,0,0,0,0,0,9,-1,-1,2017.0,010017077,E09000013,9.0,9.0,2.0,2017.0,010017077,9.0,9.0,99.0,9.0,9.0,-1,2017.0,010017077,2017,7,1,22
262914,2017010017254,534080.0,170380.0,-0.073223,51.416588,1,Slight,2,2,2017-08-02,Wednesday,18:15,Bromley,E09000006,3,214,6,30.0,3,4,6,0,,,4,1,1,0,0,1,1,E01000740,3,1,08/02/2017,08/02/2017,1,9,0,9,,5,0,0,0,0,,,6,Female,28,26 - 35,1796,1,13,4,1,,1,1,1,2,28,6,3,0,0,0,0,0,9,1,4,2017.0,010017254,E09000006,0.0,0.0,2.0,2017.0,010017254,1.0,7.0,0.0,3.0,2.0,-1,2017.0,010017254,2017,8,2,18
262929,2017010017273,531460.0,179420.0,-0.107521,51.498442,1,Slight,2,1,2017-09-02,Saturday,20:45,Southwark,E09000028,3,3202,6,30.0,9,4,6,0,,,4,1,2,0,0,1,1,E01032584,3,1,09/02/2017,09/02/2017,1,3,0,18,,1,0,0,0,0,,,2,Male,26,26 - 35,125,1,4,4,1,,1,1,1,1,26,6,3,0,0,0,0,0,3,1,4,2017.0,010017273,E09000028,0.0,0.0,2.0,2017.0,010017273,7.0,3.0,2.0,1.0,1.0,-1,2017.0,010017273,2017,9,1,20
262930,2017010017274,528220.0,167220.0,-0.158587,51.389544,1,Slight,3,1,2017-09-02,Saturday,18:30,Merton,E09000024,3,237,6,30.0,3,4,6,0,,,4,1,2,1,0,1,1,E01003375,3,1,09/02/2017,09/02/2017,1,9,0,18,,1,1,0,0,0,,,2,Female,27,26 - 35,1229,1,11,2,1,,1,1,1,2,27,6,3,0,0,0,0,0,9,1,2,2017.0,010017274,E09000024,0.0,0.0,2.0,2017.0,010017274,5.0,1.0,0.0,1.0,2.0,-1,2017.0,010017274,2017,9,1,18
262933,2017010017279,505370.0,183550.0,-0.481992,51.541025,1,Slight,2,2,2017-09-02,Saturday,19:57,Hillingdon,E09000017,3,408,6,30.0,9,4,6,0,,,4,1,1,0,0,1,1,E01002521,3,1,09/02/2017,09/02/2017,1,9,0,18,,2,0,0,1,0,,,6,Male,26,26 - 35,2993,2,3,9,3,,1,1,1,1,26,6,3,0,0,0,0,0,9,3,9,2017.0,010017279,E09000017,0.0,4.0,2.0,2017.0,010017279,5.0,1.0,0.0,1.0,1.0,-1,2017.0,010017279,2017,9,2,19
262935,2017010017281,517760.0,185060.0,-0.302907,51.55215,1,Slight,2,2,2017-01-28,Saturday,20:25,Brent,E09000005,3,404,6,30.0,3,4,6,0,,,4,1,1,0,0,1,1,E01000631,3,1,28/01/2017,28/01/2017,1,9,0,9,,6,0,0,0,0,,,6,Female,30,26 - 35,999,1,8,2,1,,1,1,1,2,30,6,3,0,0,0,0,0,9,1,2,2017.0,010017281,E09000005,0.0,0.0,2.0,2017.0,010017281,7.0,3.0,0.0,1.0,1.0,-1,2017.0,010017281,2017,1,2,20
262938,2017010017284,532630.0,176130.0,-0.09191,51.468603,1,Slight,2,1,2017-09-02,Saturday,18:10,Southwark,E09000028,3,215,6,20.0,0,-1,-1,-1,,,4,8,2,0,0,1,1,E01003076,3,1,09/02/2017,09/02/2017,1,5,0,18,,0,0,0,0,0,,,6,Male,23,21 - 25,675,1,4,4,1,,1,1,3,2,61,9,3,5,4,0,0,2,0,1,1,2017.0,010017284,E09000028,0.0,4.0,2.0,2017.0,010017284,1.0,5.0,0.0,3.0,1.0,-1,2017.0,010017284,2017,9,1,18
262939,2017010017287,541130.0,169850.0,0.027882,51.410117,1,Slight,2,1,2017-07-02,Sunday,20:15,Bromley,E09000006,5,0,6,30.0,1,4,5,0,,,4,1,1,0,0,1,1,E01000646,3,1,07/02/2017,07/02/2017,1,2,0,18,,8,0,0,0,0,,,6,Male,22,21 - 25,125,1,3,7,1,,1,1,1,1,22,5,3,0,0,0,0,0,2,1,7,2017.0,010017287,E09000006,0.0,0.0,2.0,2017.0,010017287,3.0,7.0,0.0,4.0,1.0,-1,2017.0,010017287,2017,7,1,20
262942,2017010017293,530790.0,176950.0,-0.118082,51.4764,1,Slight,3,1,2017-09-02,Saturday,23:41,Lambeth,E09000022,3,3,6,30.0,9,4,6,0,,,4,2,2,0,0,1,1,E01003186,3,1,09/02/2017,09/02/2017,1,9,0,10,,8,0,0,0,0,,,6,Male,21,21 - 25,999,1,10,2,1,,1,1,1,1,21,5,3,0,0,0,0,0,9,1,2,2017.0,010017293,E09000022,0.0,0.0,2.0,2017.0,010017293,1.0,5.0,0.0,2.0,1.0,-1,2017.0,010017293,2017,9,1,23
262945,2017010017298,529770.0,181020.0,-0.131265,51.513212,1,Slight,1,1,2017-09-02,Saturday,23:15,Westminster,E09000033,5,0,2,30.0,3,4,6,0,,,4,2,2,0,0,1,1,E01004763,3,1,09/02/2017,09/02/2017,1,9,0,9,,2,0,0,0,0,,,1,Male,25,21 - 25,2179,2,6,2,1,,1,1,3,1,34,6,3,5,1,0,0,2,0,1,5,2017.0,010017298,E09000033,0.0,0.0,2.0,2017.0,010017298,0.0,1.0,0.0,1.0,1.0,-1,2017.0,010017298,2017,9,1,23
262946,2017010017302,530120.0,181430.0,-0.126073,51.516816,1,Slight,2,1,2017-03-02,Thursday,18:00,Camden,E09000007,3,401,6,20.0,9,2,3,40,,,5,2,2,0,0,1,2,E01000919,3,1,03/02/2017,03/02/2017,1,4,0,18,,8,0,0,0,0,,,6,Male,27,26 - 35,279,1,10,3,1,,1,1,1,1,27,6,3,0,0,0,0,0,4,1,3,2017.0,010017302,E09000007,0.0,0.0,2.0,2017.0,010017302,1.0,5.0,0.0,2.0,1.0,-1,2017.0,010017302,2017,3,1,18
262971,2017010017413,538120.0,180890.0,-0.011059,51.510065,1,Slight,2,3,2017-04-02,Sunday,02:50,Tower Hamlets,E09000030,6,0,6,20.0,3,4,6,0,,,4,9,1,0,0,1,2,E01004219,3,1,04/02/2017,04/02/2017,1,9,0,4,,1,0,0,0,0,,,6,Male,24,21 - 25,998,1,11,2,1,,1,1,1,1,24,5,3,0,0,0,0,0,9,1,2,2017.0,010017413,E09000030,0.0,0.0,2.0,2017.0,010017413,1.0,5.0,0.0,2.0,1.0,-1,2017.0,010017413,2017,4,3,2
262987,2017010017493,508870.0,181150.0,-0.432285,51.51879,1,Slight,1,1,2017-04-02,Sunday,05:20,Hillingdon,E09000017,6,0,9,30.0,0,-1,-1,-1,,,4,9,9,9,9,1,2,E01002403,3,1,04/02/2017,04/02/2017,1,9,9,4,,0,9,99,9,99,,,6,Male,34,26 - 35,2149,2,10,9,1,,1,1,1,1,34,6,3,0,0,0,0,0,9,1,9,2017.0,010017493,E09000017,0.0,9.0,2.0,2017.0,010017493,9.0,9.0,99.0,3.0,9.0,-1,2017.0,010017493,2017,4,1,5
262990,2017010017499,514220.0,180970.0,-0.355268,51.516116,1,Serious,1,2,2017-09-02,Saturday,18:43,Ealing,E09000009,3,4127,6,30.0,0,-1,-1,-1,,,4,2,2,0,0,1,1,E01001218,2,2,09/02/2017,09/02/2017,1,3,0,18,,0,0,0,0,0,,,6,Male,25,21 - 25,125,1,4,7,1,,1,1,1,1,25,5,2,0,0,0,0,0,3,1,7,2017.0,010017499,E09000009,0.0,8.0,2.0,2017.0,010017499,5.0,1.0,0.0,1.0,1.0,-1,2017.0,010017499,2017,9,4,18
262999,2017010017511,535360.0,182840.0,-0.050057,51.528256,1,Serious,1,1,2017-10-02,Monday,18:40,Tower Hamlets,E09000030,4,135,6,30.0,0,-1,-1,-1,,,4,3,1,0,0,1,1,E01004259,2,2,10/02/2017,10/02/2017,1,3,0,4,,0,2,0,0,0,,,6,Male,28,26 - 35,125,1,12,3,1,,1,1,1,1,28,6,2,0,0,0,0,0,3,1,3,2017.0,010017511,E09000030,0.0,0.0,2.0,2017.0,010017511,3.0,7.0,0.0,0.0,1.0,-1,2017.0,010017511,2017,10,2,18
263003,2017010017518,540610.0,169870.0,0.020418,51.410425,1,Slight,2,1,2017-10-02,Monday,18:30,Bromley,E09000006,6,0,6,30.0,3,4,6,0,,,4,2,2,0,2,1,1,E01000823,3,1,10/02/2017,10/02/2017,1,3,0,18,,1,0,0,0,0,,,6,Male,26,26 - 35,125,1,3,8,1,,1,1,1,1,26,6,3,0,0,0,0,0,3,1,8,2017.0,010017518,E09000006,0.0,0.0,2.0,2017.0,010017518,1.0,5.0,0.0,3.0,1.0,-1,2017.0,010017518,2017,10,1,18
263005,2017010017520,537880.0,180760.0,-0.014566,51.508956,1,Slight,1,1,2017-10-02,Monday,19:05,Tower Hamlets,E09000030,6,0,3,40.0,9,4,6,0,,,4,1,1,0,0,1,1,E01004257,3,1,10/02/2017,10/02/2017,1,9,0,18,,1,0,0,0,0,,,2,Male,26,26 - 35,-1,-1,-1,-1,-1,,1,1,3,1,7,2,3,4,9,0,0,2,0,1,2,2017.0,010017520,E09000030,2.0,5.0,2.0,2017.0,010017520,5.0,1.0,0.0,1.0,1.0,-1,2017.0,010017520,2017,10,1,19
263014,2017010017530,523710.0,177610.0,-0.219745,51.483923,1,Serious,2,1,2017-10-02,Monday,18:10,Hammersmith and Fulham,E09000013,3,219,6,20.0,3,4,6,0,,,4,3,2,0,0,1,1,E01001891,2,2,10/02/2017,10/02/2017,1,9,0,9,,8,0,0,0,0,,,2,Male,28,26 - 35,1968,2,1,7,1,,2,1,1,1,18,4,2,0,0,0,0,0,3,-1,-1,2017.0,010017530,E09000013,0.0,0.0,2.0,2017.0,010017530,1.0,7.0,0.0,4.0,1.0,-1,2017.0,010017530,2017,10,2,18
263017,2017010017533,526420.0,181540.0,-0.17933,51.518644,1,Slight,1,1,2017-10-02,Monday,20:35,Westminster,E09000033,3,4206,3,30.0,7,2,6,0,,,4,3,4,0,0,1,1,E01004681,3,1,10/02/2017,10/02/2017,1,4,0,18,,8,1,0,0,0,,,1,Male,28,26 - 35,124,1,8,4,1,,1,1,1,1,28,6,3,0,0,0,0,0,4,1,4,2017.0,010017533,E09000033,0.0,4.0,2.0,2017.0,010017533,7.0,3.0,0.0,0.0,1.0,-1,2017.0,010017533,2017,10,1,20
263023,2017010017539,534330.0,182700.0,-0.06495,51.527244,1,Slight,1,1,2017-10-02,Monday,21:01,Tower Hamlets,E09000030,4,108,3,20.0,3,4,6,0,,,4,2,2,0,0,1,1,E01004313,3,1,10/02/2017,10/02/2017,1,9,0,18,,1,0,0,0,0,,,6,Male,26,26 - 35,2148,2,8,3,1,,1,1,3,1,27,6,3,5,3,0,0,2,0,1,1,2017.0,010017539,E09000030,0.0,0.0,2.0,2017.0,010017539,1.0,5.0,0.0,0.0,1.0,-1,2017.0,010017539,2017,10,1,21