,accident_index,location_easting_osgr,location_northing_osgr,longitude,latitude,police_force,accident_severity,number_of_vehicles,number_of_casualties,date,day_of_week,time,local_authority_district,local_authority_highway,first_road_class,first_road_number,road_type,speed_limit,junction_detail,junction_control,second_road_class,second_road_number,pedestrian_crossing-human_control,pedestrian_crossing-physical_facilities,light_conditions,weather_conditions,road_surface_conditions,special_conditions_at_site,carriageway_hazards,urban_or_rural_area,did_police_officer_attend_scene_of_accident,lsoa_of_accident_location,accident_severity_num,accident_severity_inv,date2,date_original,vehicle_reference_x,vehicle_type,towing_and_articulation,vehicle_manoeuvre,vehicle_location-restricted_lane,junction_location,skidding_and_overturning,hit_object_in_carriageway,vehicle_leaving_carriageway,hit_object_off_carriageway,1st_point_of_impact,was_vehicle_left_hand_drive?,journey_purpose_of_driver,sex_of_driver,age_of_driver,age_band_of_driver,engine_capacity_cc,propulsion_code,age_of_vehicle,driver_imd_decile,driver_home_area_type,vehicle_imd_decile,vehicle_reference_y,casualty_reference,casualty_class,sex_of_casualty,age_of_casualty,age_band_of_casualty,casualty_severity,pedestrian_location,pedestrian_movement,car_passenger,bus_or_coach_passenger,pedestrian_road_maintenance_worker,casualty_type,casualty_home_area_type,casualty_imd_decile,accident_year_x,accident_reference_x,local_authority_ons_district,pedestrian_crossing_human_control,pedestrian_crossing_physical_facilities,trunk_road_flag,accident_year_y,accident_reference_y,vehicle_direction_from,vehicle_direction_to,vehicle_location_restricted_lane,first_point_of_impact,vehicle_left_hand_drive,generic_make_model,accident_year,accident_reference,year,month,severity,hours
263024,2017010017540,529220.0,180820.0,-0.13926,51.51154,1,Slight,2,1,2017-10-02,Monday,21:55,Westminster,E09000033,3,4201,6,30.0,3,2,5,0,,,5,3,2,0,0,1,1,E01033595,3,1,10/02/2017,10/02/2017,1,3,0,18,,2,0,0,0,0,,,1,Male,31,26 - 35,125,1,2,6,1,,1,1,1,1,31,6,3,0,0,0,0,0,3,1,6,2017.0,010017540,E09000033,0.0,8.0,2.0,2017.0,010017540,1.0,5.0,0.0,3.0,1.0,-1,2017.0,010017540,2017,10,1,21
263025,2017010017542,518220.0,168040.0,-0.301966,51.399083,1,Slight,1,2,2017-10-02,Monday,22:47,Kingston upon Thames,E09000021,3,240,6,30.0,6,2,4,3363,,,4,1,2,0,0,1,1,E01002990,3,1,10/02/2017,10/02/2017,1,9,0,18,,1,0,7,1,10,,,6,Male,21,21 - 25,1199,2,4,9,1,,1,1,1,1,21,5,3,0,0,0,0,0,9,1,9,2017.0,010017542,E09000021,0.0,4.0,2.0,2017.0,010017542,5.0,1.0,0.0,4.0,1.0,-1,2017.0,010017542,2017,10,2,22
263026,2017010017544,518430.0,169510.0,-0.298459,51.412252,1,Slight,3,1,2017-09-02,Saturday,18:16,Kingston upon Thames,E09000021,3,308,2,30.0,7,4,6,0,,,4,1,2,0,0,1,1,E01002968,3,1,09/02/2017,09/02/2017,1,9,0,4,,8,0,0,0,0,,,2,Female,26,26 - 35,1193,1,1,7,1,,1,1,1,2,26,6,3,0,0,0,0,0,9,1,7,2017.0,010017544,E09000021,0.0,5.0,2.0,2017.0,010017544,7.0,3.0,0.0,2.0,1.0,-1,2017.0,010017544,2017,9,1,18
263028,2017010017547,538590.0,181130.0,-0.004196,51.512107,1,Slight,3,3,2017-10-02,Monday,23:51,Tower Hamlets,E09000030,3,13,3,30.0,0,-1,-1,-1,,,4,2,2,0,0,1,1,E01004243,3,1,10/02/2017,10/02/2017,1,9,0,18,,0,0,0,0,0,,,6,Male,24,21 - 25,1229,1,5,3,1,,1,1,2,1,22,5,3,0,0,1,0,0,9,-1,-1,2017.0,010017547,E09000030,0.0,0.0,2.0,2017.0,010017547,7.0,3.0,0.0,1.0,1.0,-1,2017.0,010017547,2017,10,3,23
263029,2017010017549,539040.0,184440.0,0.00359,51.54174,1,Slight,1,1,2017-10-02,Monday,23:40,Newham,E09000025,3,118,2,30.0,3,4,3,11,,,4,2,2,0,0,1,1,E01003619,3,1,10/02/2017,10/02/2017,1,9,0,18,,1,0,0,0,0,,,6,Male,32,26 - 35,1199,2,6,3,1,,1,1,3,1,43,7,3,10,9,0,0,2,0,1,3,2017.0,010017549,E09000025,0.0,0.0,2.0,2017.0,010017549,2.0,6.0,0.0,1.0,1.0,-1,2017.0,010017549,2017,10,1,23
263038,2017010017562,519810.0,186590.0,-0.272833,51.565469,1,Slight,2,1,2017-10-02,Monday,23:30,Brent,E09000005,3,4088,6,30.0,3,2,5,0,,,4,3,2,0,0,1,1,E01000482,3,1,10/02/2017,10/02/2017,1,3,0,18,,8,0,0,0,0,,,6,Male,26,26 - 35,125,1,1,6,1,,1,1,1,1,26,6,3,0,0,0,0,0,3,1,6,2017.0,010017562,E09000005,0.0,4.0,2.0,2017.0,010017562,7.0,3.0,0.0,1.0,1.0,-1,2017.0,010017562,2017,10,1,23
263043,2017010017616,546170.0,187290.0,0.107514,51.565548,1,Slight,2,1,2017-05-02,Tuesday,19:27,Redbridge,E09000026,6,0,6,20.0,0,-1,-1,-1,,,4,1,1,0,0,1,2,E01003769,3,1,05/02/2017,05/02/2017,1,9,0,1,,0,0,0,0,0,,,6,Male,28,26 - 35,1968,2,8,1,1,,1,1,1,1,28,6,3,0,0,0,0,0,9,1,1,2017.0,010017616,E09000026,0.0,0.0,2.0,2017.0,010017616,3.0,7.0,0.0,2.0,1.0,-1,2017.0,010017616,2017,5,1,19
263045,2017010017649,536650.0,175340.0,-0.034376,51.460548,1,Slight,1,1,2017-01-17,Tuesday,18:00,Lewisham,E09000023,4,218,6,30.0,6,2,4,218,,,5,1,1,0,0,1,2,E01003272,3,1,17/01/2017,17/01/2017,1,3,9,18,,8,9,0,0,0,,,6,Male,18,16 - 20,-1,-1,-1,-1,-1,,1,1,3,1,48,8,3,1,9,0,0,2,0,1,6,2017.0,010017649,E09000023,0.0,4.0,2.0,2017.0,010017649,9.0,9.0,0.0,9.0,1.0,-1,2017.0,010017649,2017,1,1,18
263046,2017010017686,537430.0,173580.0,-0.023838,51.444543,1,Slight,2,2,2017-07-02,Sunday,18:38,Lewisham,E09000023,3,205,6,30.0,3,9,6,0,,,4,1,1,0,0,1,2,E01003318,3,1,07/02/2017,07/02/2017,1,9,0,3,,8,0,0,9,0,,,6,Male,23,21 - 25,1598,1,6,-1,-1,,1,1,1,1,23,5,3,0,0,0,0,0,9,-1,-1,2017.0,010017686,E09000023,0.0,0.0,2.0,2017.0,010017686,9.0,9.0,0.0,2.0,1.0,-1,2017.0,010017686,2017,7,2,18
263075,2017010017818,514290.0,180170.0,-0.354519,51.508912,1,Serious,2,1,2017-11-02,Thursday,18:10,Ealing,E09000009,3,4127,3,30.0,3,2,3,4020,,,4,8,2,0,0,1,1,E01001339,2,2,11/02/2017,11/02/2017,1,9,0,18,,1,0,0,0,0,,,6,Male,24,21 - 25,3246,1,13,5,1,,2,1,1,2,25,5,2,0,0,0,0,0,9,1,2,2017.0,010017818,E09000009,0.0,0.0,2.0,2017.0,010017818,5.0,1.0,0.0,1.0,1.0,-1,2017.0,010017818,2017,11,2,18
263076,2017010017819,519550.0,191190.0,-0.275017,51.606866,1,Serious,2,2,2017-11-02,Thursday,19:09,Barnet,E09000003,3,5,6,30.0,6,2,5,0,,,4,3,2,0,0,1,1,E01002119,2,2,11/02/2017,11/02/2017,1,9,0,10,,8,0,0,0,0,,,6,Male,22,21 - 25,-1,-1,-1,3,1,,1,1,2,2,31,6,3,0,0,2,0,0,9,1,5,2017.0,010017819,E09000003,0.0,5.0,2.0,2017.0,010017819,8.0,6.0,0.0,1.0,2.0,-1,2017.0,010017819,2017,11,4,19
263079,2017010017822,537660.0,180970.0,-0.017652,51.510896,1,Slight,1,2,2017-11-02,Thursday,20:46,Tower Hamlets,E09000030,3,13,3,20.0,6,4,6,0,,,4,4,2,0,0,1,1,E01004257,3,1,11/02/2017,11/02/2017,1,9,0,9,,8,0,0,0,0,,,6,Male,24,21 - 25,1968,2,4,2,1,,1,1,3,1,31,6,3,9,9,0,0,2,0,1,1,2017.0,010017822,E09000030,0.0,4.0,2.0,2017.0,010017822,1.0,7.0,0.0,1.0,1.0,-1,2017.0,010017822,2017,11,2,20
263080,2017010017823,532890.0,187940.0,-0.083719,51.574673,1,Slight,2,1,2017-11-02,Thursday,19:55,Hackney,E09000012,3,107,6,30.0,3,4,5,0,,,4,1,2,0,0,1,1,E01001811,3,1,11/02/2017,11/02/2017,1,9,0,18,,1,0,0,0,0,,,6,Male,27,26 - 35,2188,2,10,1,1,,1,1,1,1,27,6,3,0,0,0,0,0,9,1,1,2017.0,010017823,E09000012,2.0,1.0,2.0,2017.0,010017823,7.0,7.0,0.0,4.0,1.0,-1,2017.0,010017823,2017,11,1,19
263083,2017010017826,521210.0,178520.0,-0.25542,51.492642,1,Slight,2,1,2017-11-02,Thursday,21:00,Hounslow,E09000018,3,315,6,30.0,6,2,4,491,,,4,2,2,0,0,1,1,E01002570,3,1,11/02/2017,11/02/2017,1,9,0,9,,8,0,0,0,0,,,6,Male,21,21 - 25,1461,2,1,5,1,,2,1,1,1,38,7,3,0,0,0,0,0,4,1,6,2017.0,010017826,E09000018,0.0,5.0,2.0,2017.0,010017826,3.0,1.0,0.0,3.0,1.0,-1,2017.0,010017826,2017,11,1,21
263085,2017010017830,537930.0,176760.0,-0.015409,51.472998,1,Slight,3,3,2017-11-02,Thursday,18:30,Greenwich,E09000011,3,2,6,30.0,6,2,3,2211,,,4,2,2,0,0,1,1,E01001644,3,1,11/02/2017,11/02/2017,1,9,0,11,,1,0,0,0,0,,,6,Male,20,16 - 20,1398,1,7,4,1,,1,1,1,1,20,4,3,0,0,0,0,0,9,1,4,2017.0,010017830,E09000011,0.0,4.0,2.0,2017.0,010017830,7.0,3.0,0.0,4.0,1.0,-1,2017.0,010017830,2017,11,3,18
263089,2017010017842,529690.0,180340.0,-0.132668,51.507119,1,Slight,3,2,2017-12-02,Saturday,01:15,Westminster,E09000033,3,4,6,30.0,6,4,5,0,,,4,2,2,0,0,1,1,E01004736,3,1,12/02/2017,12/02/2017,1,9,0,18,,2,0,0,0,0,,,6,Male,30,26 - 35,1995,2,1,4,1,,2,1,1,1,36,7,3,0,0,0,0,0,9,1,5,2017.0,010017842,E09000033,0.0,5.0,2.0,2017.0,010017842,3.0,7.0,0.0,1.0,1.0,-1,2017.0,010017842,2017,12,2,1
263094,2017010017848,546750.0,187000.0,0.115755,51.562792,1,Slight,2,1,2017-12-02,Saturday,00:53,Redbridge,E09000026,6,0,6,30.0,3,4,3,1083,,,4,2,2,0,0,1,1,E01003719,3,1,12/02/2017,12/02/2017,1,9,0,18,,2,0,0,0,0,,,6,Male,27,26 - 35,1596,1,12,-1,-1,,2,1,1,1,18,4,3,0,0,0,0,0,9,1,4,2017.0,010017848,E09000026,0.0,0.0,2.0,2017.0,010017848,1.0,5.0,0.0,1.0,1.0,-1,2017.0,010017848,2017,12,1,0
263095,2017010017851,521380.0,188860.0,-0.249408,51.585536,1,Serious,1,1,2017-11-02,Thursday,23:16,Barnet,E09000003,3,5,6,30.0,3,4,6,0,,,4,2,2,0,2,1,1,E01000150,2,2,11/02/2017,11/02/2017,1,9,0,11,,1,0,11,0,0,,,6,Female,30,26 - 35,1595,1,14,4,1,,1,1,3,1,22,5,2,5,1,0,0,2,0,1,6,2017.0,010017851,E09000003,0.0,0.0,2.0,2017.0,010017851,8.0,4.0,2.0,1.0,1.0,-1,2017.0,010017851,2017,11,2,23
263097,2017010017853,543270.0,183620.0,0.06421,51.533315,1,Slight,4,1,2017-12-02,Saturday,01:56,Newham,E09000025,6,0,6,30.0,0,-1,-1,-1,,,4,2,2,0,0,1,1,E01003623,3,1,12/02/2017,12/02/2017,1,9,0,18,,0,5,4,0,0,,,6,Female,28,26 - 35,1598,1,4,1,1,,1,1,1,2,28,6,3,0,0,0,0,0,9,1,1,2017.0,010017853,E09000025,0.0,0.0,2.0,2017.0,010017853,7.0,7.0,0.0,1.0,1.0,-1,2017.0,010017853,2017,12,1,1
263099,2017010017861,529430.0,175300.0,-0.138257,51.461885,1,Slight,2,2,2017-12-02,Saturday,00:38,Lambeth,E09000022,3,3,6,30.0,9,2,4,224,,,4,2,2,0,0,1,1,E01003039,3,1,12/02/2017,12/02/2017,1,9,0,3,,8,0,0,0,0,,,6,Male,27,26 - 35,1968,2,5,1,1,,1,1,1,1,27,6,3,0,0,0,0,0,9,1,1,2017.0,010017861,E09000022,0.0,5.0,2.0,2017.0,010017861,5.0,1.0,0.0,2.0,1.0,-1,2017.0,010017861,2017,12,2,0
263101,2017010017864,534650.0,182670.0,-0.060351,51.526898,1,Slight,2,2,2017-12-02,Saturday,00:29,Tower Hamlets,E09000030,3,1209,3,30.0,3,2,6,0,,,4,2,2,0,0,1,1,E01004211,3,1,12/02/2017,12/02/2017,1,9,0,6,,1,0,0,0,0,,,6,Male,24,21 - 25,1995,2,6,2,1,,1,1,1,1,24,5,3,0,0,0,0,0,9,1,2,2017.0,010017864,E09000030,0.0,4.0,2.0,2017.0,010017864,5.0,3.0,0.0,4.0,1.0,-1,2017.0,010017864,2017,12,2,0
263104,2017010017883,531550.0,190620.0,-0.102041,51.599071,1,Slight,2,1,2017-12-02,Saturday,05:15,Haringey,E09000014,3,109,6,30.0,3,4,6,0,,,4,3,2,0,0,1,1,E01002032,3,1,12/02/2017,12/02/2017,1,9,0,18,,1,0,0,7,10,,,6,Male,23,21 - 25,1596,1,10,2,1,,1,1,2,1,19,4,3,0,0,1,0,0,9,1,2,2017.0,010017883,E09000014,0.0,0.0,2.0,2017.0,010017883,6.0,2.0,9.0,1.0,1.0,-1,2017.0,010017883,2017,12,1,5
263114,2017010017913,532830.0,166440.0,-0.092662,51.381476,1,Slight,2,1,2017-12-02,Saturday,18:50,Croydon,E09000008,3,222,6,30.0,3,4,6,0,,,5,1,2,0,0,1,1,E01001048,3,1,12/02/2017,12/02/2017,1,4,0,18,,1,1,0,0,0,,,1,Male,31,26 - 35,108,1,1,6,1,,1,1,1,1,31,6,3,0,0,0,0,0,4,1,6,2017.0,010017913,E09000008,0.0,0.0,2.0,2017.0,010017913,3.0,7.0,0.0,1.0,1.0,-1,2017.0,010017913,2017,12,1,18
263121,2017010017921,530590.0,184780.0,-0.118062,51.546813,1,Slight,2,1,2017-12-02,Saturday,19:02,Islington,E09000019,3,5203,6,20.0,7,2,5,0,,,4,1,2,0,0,1,1,E01002713,3,1,12/02/2017,12/02/2017,1,9,0,9,,8,0,0,0,0,,,6,Male,35,26 - 35,1197,1,1,3,1,,2,1,1,1,20,4,3,0,0,0,0,0,3,1,2,2017.0,010017921,E09000019,0.0,5.0,2.0,2017.0,010017921,5.0,1.0,0.0,1.0,1.0,-1,2017.0,010017921,2017,12,1,19
263125,2017010017925,533870.0,191410.0,-0.068264,51.605624,1,Slight,2,2,2017-12-02,Saturday,19:20,Haringey,E09000014,3,1010,6,20.0,3,2,5,0,,,4,1,1,0,0,1,1,E01002034,3,1,12/02/2017,12/02/2017,1,9,0,9,,8,0,0,0,0,,,6,Female,19,16 - 20,1364,2,10,5,1,,1,1,1,2,19,4,3,0,0,0,0,0,9,1,5,2017.0,010017925,E09000014,0.0,4.0,2.0,2017.0,010017925,1.0,7.0,0.0,1.0,1.0,-1,2017.0,010017925,2017,12,2,19
263127,2017010017927,528550.0,174580.0,-0.151179,51.455614,1,Slight,4,1,2017-12-02,Saturday,19:35,Wandsworth,E09000032,3,205,6,30.0,9,4,6,0,,,4,1,1,0,0,1,1,E01004477,3,1,12/02/2017,12/02/2017,1,90,0,3,,1,0,0,0,0,,,1,Female,31,26 - 35,-1,-1,-1,-1,-1,,2,1,1,1,49,8,3,0,0,0,0,0,9,1,7,2017.0,010017927,E09000032,0.0,0.0,2.0,2017.0,010017927,1.0,5.0,0.0,3.0,1.0,-1,2017.0,010017927,2017,12,1,19
263128,2017010017929,531130.0,185250.0,-0.110103,51.550912,1,Slight,2,1,2017-11-02,Thursday,21:10,Islington,E09000019,3,1,6,30.0,3,4,4,515,,,4,2,2,0,0,1,1,E01033486,3,1,11/02/2017,11/02/2017,1,3,0,15,,8,0,0,0,0,,,1,Male,26,26 - 35,125,1,8,1,1,,1,1,1,1,26,6,3,0,0,0,0,0,3,1,1,2017.0,010017929,E09000019,0.0,1.0,2.0,2017.0,010017929,1.0,5.0,0.0,3.0,1.0,-1,2017.0,010017929,2017,11,1,21
263134,2017010017938,537440.0,187830.0,-0.018144,51.572595,1,Slight,1,1,2017-12-02,Saturday,22:30,Waltham Forest,E09000031,3,104,6,30.0,3,4,6,0,,,4,1,1,0,0,1,1,E01004420,3,1,12/02/2017,12/02/2017,1,3,0,18,,1,0,0,0,0,,,2,Male,27,26 - 35,125,1,3,4,1,,1,1,3,2,23,5,3,5,1,0,0,2,0,-1,-1,2017.0,010017938,E09000031,2.0,1.0,2.0,2017.0,010017938,1.0,5.0,0.0,1.0,1.0,-1,2017.0,010017938,2017,12,1,22
263136,2017010017943,533960.0,186030.0,-0.069015,51.557256,1,Slight,1,1,2017-12-02,Saturday,21:52,Hackney,E09000012,3,10,2,30.0,3,4,5,0,,,4,1,1,0,0,1,1,E01001833,3,1,12/02/2017,12/02/2017,1,9,0,7,,2,0,10,1,10,,,6,Female,30,26 - 35,999,1,1,5,1,,1,1,1,2,30,6,3,0,0,0,0,0,9,1,5,2017.0,010017943,E09000012,0.0,1.0,2.0,2017.0,010017943,5.0,7.0,0.0,1.0,1.0,-1,2017.0,010017943,2017,12,1,21
263178,2017010018125,538470.0,185450.0,-0.004227,51.550956,1,Slight,2,1,2017-02-13,Monday,18:04,Waltham Forest,E09000031,3,112,6,30.0,3,4,3,112,,,4,1,1,0,0,1,1,E01033583,3,1,13/02/2017,13/02/2017,1,9,0,9,,8,0,0,0,0,,,6,Female,28,26 - 35,1240,1,10,9,2,,1,1,2,2,37,7,3,0,0,2,0,0,9,-1,-1,2017.0,010018125,E09000031,0.0,5.0,2.0,2017.0,010018125,5.0,1.0,0.0,4.0,1.0,-1,2017.0,010018125,2017,2,1,18
263182,2017010018130,535960.0,170160.0,-0.046288,51.414164,1,Slight,2,1,2017-02-13,Monday,18:00,Bromley,E09000006,5,0,1,30.0,2,4,5,0,,,4,1,1,0,0,1,1,E01000799,3,1,13/02/2017,13/02/2017,1,9,0,9,,8,0,0,0,0,,,6,Female,25,21 - 25,-1,-1,-1,8,1,,2,1,1,1,32,6,3,0,0,0,0,0,9,1,7,2017.0,010018130,E09000006,0.0,0.0,2.0,2017.0,010018130,5.0,1.0,0.0,1.0,1.0,-1,2017.0,010018130,2017,2,1,18
263183,2017010018131,522950.0,188470.0,-0.226895,51.581691,1,Slight,3,1,2017-02-13,Monday,18:45,Barnet,E09000003,3,41,3,40.0,0,-1,-1,-1,,,4,1,1,0,0,1,1,E01000314,3,1,13/02/2017,13/02/2017,1,9,0,18,,0,0,0,0,0,,,6,Male,19,16 - 20,1686,2,8,7,1,,2,1,1,2,51,8,3,0,0,0,0,0,9,1,9,2017.0,010018131,E09000003,0.0,0.0,2.0,2017.0,010018131,1.0,5.0,0.0,2.0,1.0,-1,2017.0,010018131,2017,2,1,18
263192,2017010018151,531420.0,174590.0,-0.109892,51.455046,1,Slight,2,1,2017-02-13,Monday,04:56,Lambeth,E09000022,3,2214,6,30.0,3,4,6,0,,,4,1,1,0,0,1,1,E01003074,3,1,13/02/2017,13/02/2017,1,3,0,14,,1,1,0,0,0,,,6,Male,18,16 - 20,125,1,1,3,1,,1,1,1,1,18,4,3,0,0,0,0,0,3,1,3,2017.0,010018151,E09000022,0.0,0.0,2.0,2017.0,010018151,5.0,1.0,0.0,4.0,1.0,-1,2017.0,010018151,2017,2,1,4
263193,2017010018152,520920.0,185160.0,-0.257317,51.552381,1,Slight,2,1,2017-02-13,Monday,23:40,Brent,E09000005,3,406,3,40.0,5,4,3,406,,,4,1,1,0,0,1,1,E01000603,3,1,13/02/2017,13/02/2017,1,9,0,17,,1,0,0,0,0,,,6,Male,28,26 - 35,1956,2,4,1,1,,1,1,1,1,28,6,3,0,0,0,0,0,9,1,1,2017.0,010018152,E09000005,0.0,0.0,2.0,2017.0,010018152,3.0,7.0,0.0,3.0,1.0,-1,2017.0,010018152,2017,2,1,23
263196,2017010018159,525130.0,182040.0,-0.197735,51.523424,1,Slight,2,1,2017-02-14,Tuesday,00:15,Westminster,E09000033,3,404,6,30.0,3,2,6,0,,,4,1,1,0,0,1,1,E01004755,3,1,14/02/2017,14/02/2017,1,9,0,9,,8,0,0,0,0,,,6,Male,20,16 - 20,1598,1,4,4,1,,2,1,1,1,43,7,3,0,0,0,0,0,8,1,3,2017.0,010018159,E09000033,0.0,0.0,2.0,2017.0,010018159,3.0,1.0,0.0,1.0,1.0,-1,2017.0,010018159,2017,2,1,0
263201,2017010018175,517800.0,178280.0,-0.304596,51.491205,1,Slight,2,1,2017-01-28,Saturday,20:45,Hounslow,E09000018,3,4,1,40.0,1,4,4,455,,,4,1,2,0,0,1,2,E01002565,3,1,28/01/2017,28/01/2017,1,9,0,18,,4,0,99,9,0,,,6,Male,19,16 - 20,1197,1,0,5,1,,1,1,1,1,19,4,3,0,0,0,0,0,9,1,5,2017.0,010018175,E09000018,0.0,5.0,2.0,2017.0,010018175,9.0,9.0,99.0,9.0,9.0,-1,2017.0,010018175,2017,1,1,20
263202,2017010018182,547450.0,178890.0,0.122455,51.489738,1,Slight,1,1,2017-01-28,Saturday,20:15,Bexley,E09000004,6,0,2,30.0,5,4,4,213,,,4,1,2,4,0,1,2,E01000417,3,1,28/01/2017,28/01/2017,1,8,0,8,,7,0,0,0,0,,,1,Male,18,16 - 20,-1,-1,-1,-1,-1,,1,1,3,2,26,6,3,5,3,0,0,2,0,1,9,2017.0,010018182,E09000004,0.0,0.0,2.0,2017.0,010018182,9.0,9.0,99.0,1.0,9.0,-1,2017.0,010018182,2017,1,1,20
263204,2017010018219,543750.0,182260.0,0.070571,51.520972,1,Slight,2,2,2017-02-13,Monday,05:00,Newham,E09000025,6,0,9,30.0,99,9,6,0,,,1,1,2,9,9,1,2,E01003482,3,1,13/02/2017,13/02/2017,1,9,9,3,,9,9,0,0,0,,,6,Male,21,21 - 25,1968,2,11,3,1,,1,1,1,1,21,5,3,0,0,0,0,0,9,1,3,2017.0,010018219,E09000025,0.0,9.0,2.0,2017.0,010018219,9.0,9.0,0.0,2.0,9.0,-1,2017.0,010018219,2017,2,2,5
263242,2017010018370,529060.0,187080.0,-0.139271,51.567834,1,Slight,2,1,2017-02-14,Tuesday,18:42,Islington,E09000019,4,519,6,20.0,3,4,6,0,,,4,1,1,0,0,1,1,E01002770,3,1,14/02/2017,14/02/2017,1,9,0,9,,5,0,0,7,0,,,6,Male,32,26 - 35,-1,-1,-1,7,1,,2,1,1,1,26,6,3,0,0,0,0,0,1,1,2,2017.0,010018370,E09000019,1.0,0.0,2.0,2017.0,010018370,1.0,3.0,0.0,4.0,2.0,-1,2017.0,010018370,2017,2,1,18
263246,2017010018374,535830.0,162730.0,-0.050995,51.347426,1,Slight,3,1,2017-02-13,Monday,20:24,Croydon,E09000008,3,2022,6,30.0,5,4,6,0,,,4,1,1,0,0,1,1,E01001066,3,1,13/02/2017,13/02/2017,1,9,0,3,,1,0,0,0,0,,,2,Female,30,26 - 35,1598,1,5,4,1,,1,1,1,2,30,6,3,0,0,0,0,0,9,1,4,2017.0,010018374,E09000008,0.0,4.0,2.0,2017.0,010018374,5.0,1.0,0.0,2.0,1.0,-1,2017.0,010018374,2017,2,1,20
263254,2017010018383,531490.0,177300.0,-0.107878,51.479384,1,Slight,2,1,2017-02-14,Tuesday,18:30,Lambeth,E09000022,5,0,6,30.0,3,4,6,0,,,4,1,1,0,0,1,1,E01003183,3,1,14/02/2017,14/02/2017,1,9,0,5,,1,0,0,0,0,,,2,Male,25,21 - 25,1598,1,13,4,1,,2,1,1,2,52,8,3,0,0,0,0,0,1,1,3,2017.0,010018383,E09000022,0.0,0.0,2.0,2017.0,010018383,5.0,1.0,0.0,0.0,1.0,-1,2017.0,010018383,2017,2,1,18
263257,2017010018387,530090.0,180220.0,-0.126952,51.505949,1,Slight,2,1,2017-02-14,Tuesday,21:40,Westminster,E09000033,3,3212,3,30.0,9,2,6,0,,,4,1,1,0,0,1,1,E01004736,3,1,14/02/2017,14/02/2017,1,9,0,18,,1,0,0,0,0,,,6,Female,32,26 - 35,1796,1,18,7,1,,1,1,2,2,31,6,3,0,0,1,0,0,9,2,8,2017.0,010018387,E09000033,0.0,5.0,2.0,2017.0,010018387,1.0,5.0,0.0,1.0,1.0,-1,2017.0,010018387,2017,2,1,21
263258,2017010018389,516710.0,180440.0,-0.319575,51.510844,1,Slight,2,2,2017-02-14,Tuesday,23:20,Ealing,E09000009,4,452,6,30.0,6,2,3,4020,,,4,1,1,0,0,1,1,E01001388,3,1,14/02/2017,14/02/2017,1,9,0,18,,1,0,0,0,0,,,1,Female,28,26 - 35,1968,2,2,4,1,,1,1,1,2,28,6,3,0,0,0,0,0,9,1,4,2017.0,010018389,E09000009,0.0,5.0,2.0,2017.0,010018389,5.0,1.0,0.0,3.0,1.0,-1,2017.0,010018389,2017,2,2,23
263260,2017010018391,523310.0,180030.0,-0.224658,51.50576,1,Slight,1,1,2017-02-14,Tuesday,23:50,Hammersmith and Fulham,E09000013,3,219,6,30.0,9,4,6,0,,,4,1,1,0,0,1,1,E01001943,3,1,14/02/2017,14/02/2017,1,9,0,5,,2,0,0,0,0,,,6,Female,22,21 - 25,1248,2,10,4,1,,1,1,3,2,20,4,3,5,1,0,0,2,0,1,3,2017.0,010018391,E09000013,0.0,0.0,2.0,2017.0,010018391,5.0,1.0,0.0,1.0,1.0,-1,2017.0,010018391,2017,2,1,23
263262,2017010018393,525760.0,166970.0,-0.194012,51.387847,1,Slight,2,1,2017-02-14,Tuesday,22:32,Sutton,E09000029,4,278,6,30.0,6,4,4,278,,,4,1,1,0,0,1,1,E01003450,3,1,14/02/2017,14/02/2017,1,9,0,10,,6,0,0,0,0,,,6,Female,28,26 - 35,1364,1,10,5,1,,1,1,1,2,28,6,3,0,0,0,0,0,9,1,5,2017.0,010018393,E09000029,0.0,0.0,2.0,2017.0,010018393,7.0,5.0,0.0,1.0,1.0,-1,2017.0,010018393,2017,2,1,22
263266,2017010018399,543570.0,182540.0,0.068093,51.523534,1,Serious,1,1,2017-02-15,Wednesday,00:26,Newham,E09000025,3,13,3,50.0,0,-1,-1,-1,,,4,1,1,0,0,1,1,E01003536,2,2,15/02/2017,15/02/2017,1,9,0,18,,0,0,0,4,6,,,6,Male,23,21 - 25,1995,2,9,2,1,,1,1,2,1,24,5,2,0,0,2,0,0,9,1,3,2017.0,010018399,E09000025,0.0,0.0,2.0,2017.0,010018399,6.0,2.0,0.0,1.0,1.0,-1,2017.0,010018399,2017,2,2,0
263268,2017010018402,546050.0,178380.0,0.102094,51.485519,1,Slight,1,1,2017-02-14,Tuesday,23:20,Greenwich,E09000011,3,206,6,30.0,3,2,3,206,,,4,1,1,0,0,1,1,E01001676,3,1,14/02/2017,14/02/2017,1,9,0,18,,2,0,0,0,0,,,6,Female,17,16 - 20,1198,2,7,7,1,,1,1,3,1,39,7,3,1,1,0,0,2,0,1,3,2017.0,010018402,E09000011,0.0,5.0,2.0,2017.0,010018402,3.0,7.0,0.0,1.0,1.0,-1,2017.0,010018402,2017,2,1,23