,accident_index,location_easting_osgr,location_northing_osgr,longitude,latitude,police_force,accident_severity,number_of_vehicles,number_of_casualties,date,day_of_week,time,local_authority_district,local_authority_highway,first_road_class,first_road_number,road_type,speed_limit,junction_detail,junction_control,second_road_class,second_road_number,pedestrian_crossing-human_control,pedestrian_crossing-physical_facilities,light_conditions,weather_conditions,road_surface_conditions,special_conditions_at_site,carriageway_hazards,urban_or_rural_area,did_police_officer_attend_scene_of_accident,lsoa_of_accident_location,accident_severity_num,accident_severity_inv,date2,date_original,vehicle_reference_x,vehicle_type,towing_and_articulation,vehicle_manoeuvre,vehicle_location-restricted_lane,junction_location,skidding_and_overturning,hit_object_in_carriageway,vehicle_leaving_carriageway,hit_object_off_carriageway,1st_point_of_impact,was_vehicle_left_hand_drive?,journey_purpose_of_driver,sex_of_driver,age_of_driver,age_band_of_driver,engine_capacity_cc,propulsion_code,age_of_vehicle,driver_imd_decile,driver_home_area_type,vehicle_imd_decile,vehicle_reference_y,casualty_reference,casualty_class,sex_of_casualty,age_of_casualty,age_band_of_casualty,casualty_severity,pedestrian_location,pedestrian_movement,car_passenger,bus_or_coach_passenger,pedestrian_road_maintenance_worker,casualty_type,casualty_home_area_type,casualty_imd_decile,accident_year_x,accident_reference_x,local_authority_ons_district,pedestrian_crossing_human_control,pedestrian_crossing_physical_facilities,trunk_road_flag,accident_year_y,accident_reference_y,vehicle_direction_from,vehicle_direction_to,vehicle_location_restricted_lane,first_point_of_impact,vehicle_left_hand_drive,generic_make_model,accident_year,accident_reference,year,month,severity,hours
263564,2017010019401,537950.0,168550.0,-0.018316,51.399216,1,Slight,2,1,2017-02-19,Sunday,01:32,Bromley,E09000006,5,0,1,30.0,1,4,4,230,,,4,1,1,0,0,1,1,E01000770,3,1,19/02/2017,19/02/2017,1,9,0,5,,4,0,0,0,0,,,6,Male,27,26 - 35,1968,2,10,2,1,,2,1,1,2,55,8,3,0,0,0,0,0,9,-1,-1,2017.0,010019401,E09000006,0.0,0.0,2.0,2017.0,010019401,7.0,3.0,0.0,1.0,1.0,-1,2017.0,010019401,2017,2,1,1
263565,2017010019402,540990.0,182870.0,0.031061,51.527149,1,Serious,1,1,2017-02-18,Saturday,23:30,Newham,E09000025,3,124,6,30.0,0,-1,-1,-1,,,4,1,1,0,0,1,1,E01003606,2,2,18/02/2017,18/02/2017,1,9,0,18,,0,0,0,0,0,,,1,Male,31,26 - 35,1339,8,7,3,1,,1,1,3,1,17,4,2,5,2,0,0,2,0,1,2,2017.0,010019402,E09000025,0.0,0.0,2.0,2017.0,010019402,2.0,6.0,0.0,4.0,1.0,-1,2017.0,010019402,2017,2,2,23
263567,2017010019404,538990.0,185610.0,0.003331,51.552266,1,Slight,2,1,2017-02-19,Sunday,01:00,Waltham Forest,E09000031,5,0,6,30.0,3,4,6,0,,,4,1,1,0,0,1,1,E01004337,3,1,19/02/2017,19/02/2017,1,3,0,18,,5,0,0,0,0,,,1,Male,33,26 - 35,108,1,2,2,1,,1,1,1,1,33,6,3,0,0,0,0,0,3,1,2,2017.0,010019404,E09000031,0.0,0.0,2.0,2017.0,010019404,3.0,5.0,0.0,1.0,1.0,-1,2017.0,010019404,2017,2,1,1
263568,2017010019405,531110.0,180190.0,-0.112274,51.505444,1,Slight,1,1,2017-02-19,Sunday,00:50,Lambeth,E09000022,3,3200,6,30.0,9,1,6,0,,,4,1,1,0,0,1,1,E01003016,3,1,19/02/2017,19/02/2017,1,8,0,18,,1,0,0,0,0,,,1,Male,35,26 - 35,2499,2,10,2,1,,1,1,3,1,18,4,3,5,3,0,0,2,0,-1,-1,2017.0,010019405,E09000022,0.0,0.0,2.0,2017.0,010019405,2.0,6.0,0.0,1.0,1.0,-1,2017.0,010019405,2017,2,1,0
263569,2017010019415,545650.0,192480.0,0.102169,51.612317,1,Slight,3,1,2017-02-19,Sunday,04:12,Redbridge,E09000026,6,0,6,30.0,9,4,6,0,,,4,1,1,0,0,1,1,E01003724,3,1,19/02/2017,19/02/2017,1,9,0,18,,8,5,4,0,0,,,6,Female,23,21 - 25,1229,1,3,4,1,,1,1,1,2,23,5,3,0,0,0,0,0,9,1,4,2017.0,010019415,E09000026,0.0,0.0,2.0,2017.0,010019415,3.0,7.0,0.0,4.0,1.0,-1,2017.0,010019415,2017,2,1,4
263594,2017010019492,526760.0,182550.0,-0.174069,51.527644,1,Slight,2,1,2017-02-19,Sunday,20:32,Westminster,E09000033,4,507,6,30.0,6,2,4,507,,,4,2,1,0,0,1,1,E01004728,3,1,19/02/2017,19/02/2017,1,9,0,9,,2,0,0,0,0,,,6,Male,19,16 - 20,-1,-1,-1,1,1,,2,1,1,1,25,5,3,0,0,0,0,0,3,1,2,2017.0,010019492,E09000033,0.0,0.0,2.0,2017.0,010019492,8.0,5.0,0.0,1.0,1.0,-1,2017.0,010019492,2017,2,1,20
263595,2017010019495,538030.0,187820.0,-0.009639,51.572361,1,Slight,1,1,2017-02-19,Sunday,05:30,Waltham Forest,E09000031,6,0,6,30.0,0,-1,-1,-1,,,4,1,1,0,0,1,1,E01033153,3,1,19/02/2017,19/02/2017,1,9,0,18,,0,1,0,0,0,,,6,Female,27,26 - 35,1388,1,14,-1,-1,,1,1,2,2,24,5,3,0,0,1,0,0,9,-1,-1,2017.0,010019495,E09000031,0.0,0.0,2.0,2017.0,010019495,1.0,5.0,0.0,1.0,1.0,-1,2017.0,010019495,2017,2,1,5
263600,2017010019500,525030.0,177000.0,-0.200961,51.478151,1,Serious,2,1,2017-02-19,Sunday,21:00,Hammersmith and Fulham,E09000013,3,304,6,30.0,3,4,6,0,,,4,1,1,0,0,1,1,E01001947,2,2,19/02/2017,19/02/2017,1,9,0,9,,5,0,0,0,0,,,2,Female,27,26 - 35,1598,1,2,2,1,,2,1,1,1,21,5,2,0,0,0,0,0,4,1,4,2017.0,010019500,E09000013,2.0,0.0,2.0,2017.0,010019500,3.0,5.0,0.0,1.0,1.0,-1,2017.0,010019500,2017,2,2,21
263603,2017010019504,548610.0,177690.0,0.138646,51.478653,1,Slight,2,3,2017-02-18,Saturday,23:40,Bexley,E09000004,5,0,6,30.0,3,4,6,0,,,4,1,1,0,0,1,1,E01000420,3,1,18/02/2017,18/02/2017,1,9,0,7,,2,0,0,7,0,,,6,Male,31,26 - 35,2143,2,2,8,1,,2,1,1,1,56,9,3,0,0,0,0,0,8,1,7,2017.0,010019504,E09000004,0.0,0.0,2.0,2017.0,010019504,4.0,4.0,0.0,4.0,1.0,-1,2017.0,010019504,2017,2,3,23
263604,2017010019507,520170.0,190580.0,-0.266276,51.601252,1,Serious,1,1,2017-02-18,Saturday,22:25,Barnet,E09000003,5,0,6,30.0,3,4,6,0,,,4,1,1,0,0,1,1,E01000129,2,2,18/02/2017,18/02/2017,1,9,0,18,,2,0,0,0,0,,,2,Male,26,26 - 35,2000,2,7,5,1,,1,1,3,1,35,6,2,5,4,0,0,2,0,-1,-1,2017.0,010019507,E09000003,0.0,0.0,2.0,2017.0,010019507,2.0,6.0,0.0,1.0,1.0,-1,2017.0,010019507,2017,2,2,22
263605,2017010019508,516260.0,180620.0,-0.325997,51.512555,1,Serious,2,2,2017-02-20,Monday,02:10,Ealing,E09000009,6,0,6,20.0,3,4,6,0,,,4,1,1,0,0,1,1,E01001250,2,2,20/02/2017,20/02/2017,1,9,0,5,,1,0,4,0,0,,,6,Male,20,16 - 20,1595,1,2,4,1,,1,1,2,1,25,5,2,0,0,1,0,0,9,1,5,2017.0,010019508,E09000009,0.0,0.0,2.0,2017.0,010019508,3.0,7.0,9.0,1.0,1.0,-1,2017.0,010019508,2017,2,4,2
263645,2017010019701,537900.0,174430.0,-0.016749,51.452067,1,Serious,2,1,2017-02-14,Tuesday,05:55,Lewisham,E09000023,3,21,6,30.0,3,9,6,0,,,4,1,2,0,0,1,2,E01003322,2,2,14/02/2017,14/02/2017,1,5,0,18,,1,1,0,0,0,,,2,Male,26,26 - 35,599,1,15,5,1,,1,1,1,1,26,6,2,0,0,0,0,0,5,1,5,2017.0,010019701,E09000023,0.0,9.0,2.0,2017.0,010019701,5.0,1.0,0.0,1.0,1.0,-1,2017.0,010019701,2017,2,2,5
263659,2017010019726,524570.0,189320.0,-0.203225,51.588974,1,Slight,2,1,2017-02-19,Sunday,20:30,Barnet,E09000003,3,406,3,40.0,0,-1,-1,-1,,,4,1,1,0,0,1,1,E01000225,3,1,19/02/2017,19/02/2017,1,4,0,15,,0,0,0,0,0,,,6,Male,20,16 - 20,530,1,4,5,1,,1,1,1,1,20,4,3,0,0,0,0,0,4,1,5,2017.0,010019726,E09000003,0.0,0.0,2.0,2017.0,010019726,1.0,3.0,0.0,1.0,1.0,-1,2017.0,010019726,2017,2,1,20
263661,2017010019728,528510.0,172010.0,-0.152686,51.432527,1,Slight,2,1,2017-02-20,Monday,18:25,Wandsworth,E09000032,3,214,7,30.0,8,4,6,0,,,4,1,1,0,0,1,1,E01004482,3,1,20/02/2017,20/02/2017,1,9,0,7,,6,0,0,0,0,,,6,Female,29,26 - 35,2199,2,6,5,1,,2,1,1,2,25,5,3,0,0,0,0,0,1,1,5,2017.0,010019728,E09000032,0.0,1.0,2.0,2017.0,010019728,0.0,5.0,0.0,2.0,1.0,-1,2017.0,010019728,2017,2,1,18
263665,2017010019734,538380.0,185930.0,-0.005336,51.555292,1,Slight,1,1,2017-02-20,Monday,19:55,Waltham Forest,E09000031,3,112,6,30.0,3,4,6,0,,,4,1,1,0,0,1,1,E01004336,3,1,20/02/2017,20/02/2017,1,9,0,4,,2,0,0,0,0,,,6,Male,25,21 - 25,-1,-1,-1,9,1,,1,1,3,1,27,6,3,1,1,0,0,2,0,1,3,2017.0,010019734,E09000031,0.0,1.0,2.0,2017.0,010019734,1.0,5.0,0.0,1.0,1.0,-1,2017.0,010019734,2017,2,1,19
263674,2017010019746,527090.0,166230.0,-0.175172,51.3809,1,Slight,1,1,2017-02-20,Monday,21:17,Sutton,E09000029,6,0,6,30.0,6,4,6,0,,,4,1,1,0,2,1,1,E01004126,3,1,20/02/2017,20/02/2017,1,9,0,18,,8,0,11,0,0,,,6,Male,18,16 - 20,998,1,18,4,1,,1,1,3,1,23,5,3,5,1,0,0,2,0,1,3,2017.0,010019746,E09000029,0.0,0.0,2.0,2017.0,010019746,6.0,7.0,0.0,1.0,1.0,-1,2017.0,010019746,2017,2,1,21
263676,2017010019749,531920.0,187810.0,-0.097757,51.573733,1,Slight,2,1,2017-02-19,Sunday,18:25,Haringey,E09000014,3,105,6,30.0,0,-1,-1,-1,,,4,1,1,0,0,1,1,E01002058,3,1,19/02/2017,19/02/2017,1,4,0,18,,0,0,4,0,0,,,6,Male,22,21 - 25,471,1,1,3,1,,1,1,1,1,22,5,3,0,0,0,0,0,4,1,3,2017.0,010019749,E09000014,0.0,0.0,2.0,2017.0,010019749,1.0,5.0,4.0,1.0,1.0,-1,2017.0,010019749,2017,2,1,18
263677,2017010019755,530050.0,187290.0,-0.124917,51.569494,1,Slight,2,1,2017-02-21,Tuesday,02:15,Islington,E09000019,5,0,6,20.0,3,4,6,0,,,4,2,2,0,0,1,1,E01002760,3,1,21/02/2017,21/02/2017,1,9,0,9,,1,0,10,1,2,,,6,Male,21,21 - 25,996,1,5,3,1,,1,1,1,1,21,5,3,0,0,0,0,0,9,1,3,2017.0,010019755,E09000019,0.0,4.0,2.0,2017.0,010019755,7.0,3.0,9.0,1.0,1.0,-1,2017.0,010019755,2017,2,1,2
263691,2017010019822,549760.0,179000.0,0.155749,51.49012,1,Slight,2,2,2017-11-02,Thursday,18:40,Bexley,E09000004,4,213,1,30.0,1,4,5,0,,,5,2,2,0,0,1,2,E01000335,3,1,11/02/2017,11/02/2017,1,9,0,9,,3,1,0,0,0,,,6,Female,26,26 - 35,1398,1,5,4,1,,1,1,1,2,26,6,3,0,0,0,0,0,9,1,4,2017.0,010019822,E09000004,0.0,9.0,2.0,2017.0,010019822,3.0,1.0,0.0,4.0,9.0,-1,2017.0,010019822,2017,11,2,18
263696,2017010019845,536780.0,187750.0,-0.027693,51.572036,1,Slight,2,1,2017-09-02,Saturday,20:09,Waltham Forest,E09000031,3,1006,9,30.0,99,9,6,0,,,1,9,9,9,9,1,2,E01004425,3,1,09/02/2017,09/02/2017,1,9,9,18,,9,9,99,9,99,,,6,Male,33,26 - 35,1796,1,14,3,1,,1,1,1,1,33,6,3,0,0,0,0,0,9,1,3,2017.0,010019845,E09000031,0.0,9.0,2.0,2017.0,010019845,9.0,9.0,99.0,9.0,9.0,-1,2017.0,010019845,2017,9,1,20
263712,2017010019922,520460.0,183950.0,-0.264363,51.541604,1,Slight,2,3,2017-01-24,Tuesday,19:40,Brent,E09000005,3,404,6,30.0,0,-1,-1,-1,,,4,1,1,0,0,1,2,E01033456,3,1,24/01/2017,24/01/2017,1,9,0,3,,0,0,0,0,0,,,6,Female,22,21 - 25,1248,2,2,4,1,,1,1,1,2,22,5,3,0,0,0,0,0,9,1,4,2017.0,010019922,E09000005,0.0,1.0,2.0,2017.0,010019922,4.0,8.0,0.0,2.0,1.0,-1,2017.0,010019922,2017,1,3,19
263740,2017010020040,546810.0,166810.0,0.108238,51.381361,1,Slight,3,3,2017-02-21,Tuesday,20:14,Bromley,E09000006,3,224,6,30.0,0,-1,-1,-1,,,4,1,1,4,0,1,1,E01000788,3,1,21/02/2017,21/02/2017,1,9,0,5,,0,0,0,0,0,,,6,Female,27,26 - 35,1968,2,1,10,1,,1,1,1,2,27,6,3,0,0,0,0,0,9,1,10,2017.0,010020040,E09000006,0.0,5.0,2.0,2017.0,010020040,5.0,1.0,0.0,2.0,1.0,-1,2017.0,010020040,2017,2,3,20
263744,2017010020045,523430.0,187780.0,-0.220213,51.575385,1,Slight,3,1,2017-02-21,Tuesday,20:25,Barnet,E09000003,3,406,3,40.0,5,4,3,41,,,4,1,1,0,0,1,1,E01000307,3,1,21/02/2017,21/02/2017,1,9,0,18,,8,0,0,0,0,,,2,Female,35,26 - 35,998,1,1,5,1,,1,1,1,2,35,6,3,0,0,0,0,0,9,1,5,2017.0,010020045,E09000003,0.0,0.0,2.0,2017.0,010020045,2.0,4.0,0.0,2.0,1.0,-1,2017.0,010020045,2017,2,1,20
263746,2017010020047,532930.0,166410.0,-0.091237,51.381183,1,Slight,1,1,2017-02-21,Tuesday,18:35,Croydon,E09000008,3,222,6,30.0,3,4,6,0,,,4,1,1,0,0,1,1,E01001048,3,1,21/02/2017,21/02/2017,1,9,0,15,,1,0,0,0,0,,,6,Female,32,26 - 35,-1,-1,-1,2,1,,1,1,3,1,23,5,3,9,9,0,0,2,0,1,3,2017.0,010020047,E09000008,0.0,0.0,2.0,2017.0,010020047,3.0,6.0,0.0,4.0,1.0,-1,2017.0,010020047,2017,2,1,18
263750,2017010020051,513450.0,177060.0,-0.367617,51.481128,1,Slight,1,1,2017-02-21,Tuesday,21:05,Hounslow,E09000018,6,0,6,30.0,0,-1,-1,-1,,,4,1,1,0,0,1,1,E01002628,3,1,21/02/2017,21/02/2017,1,9,0,4,,0,0,0,1,10,,,6,Female,32,26 - 35,1596,1,4,6,1,,1,1,1,2,32,6,3,0,0,0,0,0,9,1,6,2017.0,010020051,E09000018,0.0,0.0,2.0,2017.0,010020051,3.0,7.0,9.0,1.0,1.0,-1,2017.0,010020051,2017,2,1,21
263752,2017010020055,533650.0,187020.0,-0.073108,51.566226,1,Slight,1,1,2017-02-21,Tuesday,22:31,Hackney,E09000012,3,10,3,30.0,3,4,6,0,,,4,1,1,0,0,1,1,E01001800,3,1,21/02/2017,21/02/2017,1,9,0,9,,2,0,0,0,0,,,2,Male,24,21 - 25,973,1,15,2,1,,1,1,3,1,41,7,3,5,1,0,0,2,0,1,4,2017.0,010020055,E09000012,0.0,0.0,2.0,2017.0,010020055,1.0,5.0,0.0,1.0,1.0,-1,2017.0,010020055,2017,2,1,22
263755,2017010020058,534360.0,166470.0,-0.070678,51.381385,1,Slight,2,1,2017-02-20,Monday,21:55,Croydon,E09000008,3,222,2,30.0,3,4,6,0,,,4,1,1,0,2,1,1,E01000993,3,1,20/02/2017,20/02/2017,1,9,0,9,,2,0,0,0,0,,,6,Female,29,26 - 35,1240,1,9,2,1,,2,1,1,1,23,5,3,0,0,0,0,0,3,1,4,2017.0,010020058,E09000008,0.0,0.0,2.0,2017.0,010020058,5.0,3.0,0.0,1.0,1.0,-1,2017.0,010020058,2017,2,1,21
263756,2017010020060,510880.0,176650.0,-0.40474,51.477952,1,Slight,2,1,2017-02-21,Tuesday,21:50,Hounslow,E09000018,3,312,1,40.0,1,4,3,4,,,4,1,1,0,0,1,1,E01002585,3,1,21/02/2017,21/02/2017,1,9,0,16,,8,0,7,0,0,,,6,Female,29,26 - 35,1299,1,17,6,1,,1,1,2,2,24,5,3,0,0,2,0,0,9,1,3,2017.0,010020060,E09000018,0.0,0.0,2.0,2017.0,010020060,5.0,1.0,0.0,1.0,1.0,-1,2017.0,010020060,2017,2,1,21
263774,2017010020189,521400.0,177890.0,-0.252901,51.486939,1,Slight,2,1,2017-07-02,Sunday,19:20,Hounslow,E09000018,3,4,1,30.0,1,4,3,316,,,4,1,1,9,0,1,2,E01002569,3,1,07/02/2017,07/02/2017,1,9,0,99,,1,0,99,0,0,,,6,Female,26,26 - 35,1794,1,12,6,1,,1,1,1,2,26,6,3,0,0,0,0,0,9,1,6,2017.0,010020189,E09000018,0.0,9.0,2.0,2017.0,010020189,9.0,9.0,0.0,2.0,9.0,-1,2017.0,010020189,2017,7,1,19
263775,2017010020193,513390.0,176880.0,-0.368539,51.479522,1,Slight,1,1,2017-11-02,Thursday,21:45,Hounslow,E09000018,6,0,9,30.0,99,9,6,0,,,7,9,9,9,9,1,2,E01002629,3,1,11/02/2017,11/02/2017,1,9,9,18,,9,9,99,9,99,,,6,Male,24,21 - 25,1368,1,9,4,1,,1,1,3,2,38,7,3,10,9,0,0,2,0,1,6,2017.0,010020193,E09000018,0.0,9.0,2.0,2017.0,010020193,9.0,9.0,99.0,9.0,9.0,-1,2017.0,010020193,2017,11,1,21
263807,2017010020295,541050.0,177110.0,0.029623,51.475375,1,Slight,2,1,2017-02-21,Tuesday,19:55,Greenwich,E09000011,3,207,6,30.0,9,4,4,211,,,4,1,1,0,0,1,1,E01001652,3,1,21/02/2017,21/02/2017,1,9,0,18,,8,0,0,0,0,,,6,Male,32,26 - 35,1995,1,13,4,1,,1,1,1,1,32,6,3,0,0,0,0,0,9,1,4,2017.0,010020295,E09000011,0.0,0.0,2.0,2017.0,010020295,1.0,5.0,0.0,4.0,1.0,-1,2017.0,010020295,2017,2,1,19
263810,2017010020298,522750.0,180090.0,-0.232702,51.506421,1,Slight,1,1,2017-02-22,Wednesday,21:20,Hammersmith and Fulham,E09000013,3,4020,6,20.0,0,-1,-1,-1,,,4,2,2,0,0,1,1,E01001942,3,1,22/02/2017,22/02/2017,1,9,0,3,,0,0,0,0,0,,,6,Male,35,26 - 35,1198,1,13,1,1,,1,1,3,1,35,6,3,5,3,0,0,2,0,1,5,2017.0,010020298,E09000013,0.0,0.0,2.0,2017.0,010020298,0.0,0.0,9.0,3.0,1.0,-1,2017.0,010020298,2017,2,1,21
263814,2017010020303,511170.0,176500.0,-0.400613,51.476547,1,Serious,1,1,2017-02-22,Wednesday,20:40,Hounslow,E09000018,3,4,3,40.0,0,-1,-1,-1,,,4,2,2,0,0,1,1,E01002587,2,2,22/02/2017,22/02/2017,1,9,0,18,,0,0,0,0,0,,,6,Male,27,26 - 35,1560,2,2,3,1,,1,1,3,1,34,6,2,5,3,0,0,2,0,1,3,2017.0,010020303,E09000018,0.0,0.0,2.0,2017.0,010020303,4.0,8.0,0.0,1.0,1.0,-1,2017.0,010020303,2017,2,2,20
263815,2017010020304,507470.0,178730.0,-0.453192,51.497306,1,Slight,2,2,2017-02-22,Wednesday,22:35,Hillingdon,E09000017,3,408,3,50.0,1,2,3,408,,,4,2,2,0,0,1,1,E01002446,3,1,22/02/2017,22/02/2017,1,9,0,18,,3,0,0,3,0,,,6,Male,29,26 - 35,4799,1,11,5,1,,1,1,1,1,29,6,3,0,0,0,0,0,9,1,5,2017.0,010020304,E09000017,0.0,0.0,2.0,2017.0,010020304,3.0,7.0,0.0,4.0,1.0,-1,2017.0,010020304,2017,2,2,22
263818,2017010020307,518270.0,187020.0,-0.294896,51.569659,1,Slight,2,1,2017-02-21,Tuesday,20:50,Brent,E09000005,5,0,3,30.0,1,4,6,0,,,4,2,2,0,0,1,1,E01000575,3,1,21/02/2017,21/02/2017,1,9,0,9,,8,0,0,0,0,,,6,Male,23,21 - 25,1995,2,14,7,1,,2,1,1,1,18,4,3,0,0,0,0,0,4,1,4,2017.0,010020307,E09000005,0.0,0.0,2.0,2017.0,010020307,1.0,5.0,0.0,2.0,1.0,-1,2017.0,010020307,2017,2,1,20
263820,2017010020310,534450.0,184780.0,-0.062428,51.545906,1,Serious,2,1,2017-02-22,Wednesday,23:50,Hackney,E09000012,3,1207,6,20.0,6,4,5,0,,,4,1,1,0,0,1,1,E01001763,2,2,22/02/2017,22/02/2017,1,9,0,9,,5,0,0,0,0,,,6,Male,25,21 - 25,1995,1,9,1,1,,2,1,1,1,33,6,2,0,0,0,0,0,1,1,3,2017.0,010020310,E09000012,0.0,0.0,2.0,2017.0,010020310,3.0,7.0,0.0,4.0,1.0,-1,2017.0,010020310,2017,2,2,23
263831,2017010020350,530410.0,178370.0,-0.123027,51.489249,1,Slight,2,1,2017-02-17,Friday,06:00,Lambeth,E09000022,3,3036,6,30.0,0,-1,-1,-1,,,4,1,1,0,0,1,2,E01003109,3,1,17/02/2017,17/02/2017,1,9,9,10,,0,0,0,0,0,,,2,Female,26,26 - 35,1229,1,4,4,1,,1,1,1,2,26,6,3,0,0,0,0,0,9,1,4,2017.0,010020350,E09000022,0.0,4.0,2.0,2017.0,010020350,5.0,1.0,0.0,2.0,9.0,-1,2017.0,010020350,2017,2,1,6
263837,2017010020373,526150.0,171600.0,-0.186765,51.429371,1,Slight,2,1,2017-02-14,Tuesday,18:20,Merton,E09000024,4,235,6,30.0,3,9,6,0,,,4,1,1,0,0,1,2,E01003475,3,1,14/02/2017,14/02/2017,1,9,9,3,,1,9,0,0,0,,,6,Female,34,26 - 35,1968,2,3,6,1,,1,1,1,2,34,6,3,0,0,0,0,0,9,1,6,2017.0,010020373,E09000024,0.0,4.0,2.0,2017.0,010020373,9.0,9.0,0.0,2.0,9.0,-1,2017.0,010020373,2017,2,1,18
263844,2017010020415,515430.0,181030.0,-0.337818,51.51641,1,Serious,2,1,2017-02-22,Wednesday,20:30,Ealing,E09000009,5,0,6,30.0,0,-1,-1,-1,,,4,2,2,0,2,1,1,E01001288,2,2,22/02/2017,22/02/2017,1,2,0,18,,0,0,0,0,0,,,2,Male,18,16 - 20,49,1,11,9,1,,1,1,1,1,18,4,2,0,0,0,0,0,2,1,9,2017.0,010020415,E09000009,0.0,0.0,2.0,2017.0,010020415,1.0,5.0,0.0,1.0,1.0,-1,2017.0,010020415,2017,2,2,20
263851,2017010020443,532540.0,182740.0,-0.090724,51.528026,1,Slight,2,1,2017-02-22,Wednesday,20:50,Islington,E09000019,3,501,6,30.0,3,4,6,0,,,4,9,2,0,0,1,1,E01001779,3,1,22/02/2017,22/02/2017,1,9,0,7,,1,0,0,0,0,,,6,Male,26,26 - 35,1364,1,10,6,1,,2,1,1,2,37,7,3,0,0,0,0,0,3,1,4,2017.0,010020443,E09000019,0.0,0.0,2.0,2017.0,010020443,8.0,4.0,0.0,1.0,1.0,-1,2017.0,010020443,2017,2,1,20
263866,2017010020505,510190.0,174980.0,-0.415192,51.463076,1,Slight,2,2,2017-02-22,Wednesday,18:27,Hounslow,E09000018,3,312,6,30.0,3,2,3,312,,,5,2,2,0,0,1,2,E01002592,3,1,22/02/2017,22/02/2017,1,9,0,9,,8,1,0,0,0,,,1,Female,30,26 - 35,1197,1,2,4,1,,1,1,1,2,30,6,3,0,0,0,0,0,9,1,4,2017.0,010020505,E09000018,0.0,1.0,2.0,2017.0,010020505,8.0,5.0,0.0,3.0,1.0,-1,2017.0,010020505,2017,2,2,18
263885,2017010020549,530240.0,178970.0,-0.125253,51.494681,1,Slight,2,1,2017-02-23,Thursday,20:22,Westminster,E09000033,3,3203,1,30.0,1,4,4,323,,,4,1,1,4,0,1,1,E01004745,3,1,23/02/2017,23/02/2017,1,8,0,5,,3,0,0,0,0,,,2,Male,28,26 - 35,1791,8,5,2,1,,2,1,1,1,24,5,3,0,0,0,0,0,1,1,3,2017.0,010020549,E09000033,0.0,4.0,2.0,2017.0,010020549,5.0,1.0,0.0,3.0,1.0,-1,2017.0,010020549,2017,2,1,20
263891,2017010020560,529420.0,181210.0,-0.136237,51.514999,1,Slight,1,1,2017-02-23,Thursday,22:25,Westminster,E09000033,5,0,2,30.0,6,4,5,0,,,4,1,1,0,0,1,1,E01033595,3,1,23/02/2017,23/02/2017,1,9,0,9,,6,0,0,0,0,,,1,Male,25,21 - 25,1798,8,2,6,1,,1,1,3,2,32,6,3,5,1,0,0,2,0,1,6,2017.0,010020560,E09000033,0.0,0.0,2.0,2017.0,010020560,8.0,5.0,0.0,1.0,1.0,-1,2017.0,010020560,2017,2,1,22
263893,2017010020562,533640.0,188630.0,-0.072641,51.580697,1,Slight,2,1,2017-02-23,Thursday,22:25,Haringey,E09000014,3,10,3,30.0,0,-1,-1,-1,,,4,4,2,1,0,1,1,E01002072,3,1,23/02/2017,23/02/2017,1,9,0,18,,0,0,0,0,0,,,6,Male,21,21 - 25,1396,1,8,3,1,,2,1,1,2,29,6,3,0,0,0,0,0,1,1,1,2017.0,010020562,E09000014,0.0,4.0,2.0,2017.0,010020562,1.0,5.0,0.0,1.0,1.0,-1,2017.0,010020562,2017,2,1,22
263896,2017010020567,530540.0,191150.0,-0.116418,51.604069,1,Serious,1,1,2017-02-23,Thursday,22:45,Haringey,E09000014,6,0,6,20.0,3,4,6,0,,,5,1,1,0,0,1,1,E01001969,2,2,23/02/2017,23/02/2017,1,3,0,18,,1,0,10,2,2,,,1,Male,22,21 - 25,108,1,1,-1,-1,,1,1,1,1,22,5,2,0,0,0,0,0,3,-1,-1,2017.0,010020567,E09000014,0.0,0.0,2.0,2017.0,010020567,7.0,3.0,9.0,1.0,1.0,-1,2017.0,010020567,2017,2,2,22
263897,2017010020568,523390.0,178620.0,-0.223999,51.49307,1,Serious,1,1,2017-02-23,Thursday,23:17,Hammersmith and Fulham,E09000013,3,315,1,30.0,7,2,3,219,,,4,1,1,0,0,1,1,E01001898,2,2,23/02/2017,23/02/2017,1,9,0,18,,1,1,0,0,0,,,2,Male,22,21 - 25,1389,1,16,3,1,,1,1,3,1,32,6,2,1,3,0,0,2,0,1,4,2017.0,010020568,E09000013,0.0,5.0,2.0,2017.0,010020568,2.0,3.0,0.0,1.0,1.0,-1,2017.0,010020568,2017,2,2,23
263898,2017010020569,537940.0,182350.0,-0.01308,51.523229,1,Slight,2,1,2017-02-24,Friday,03:00,Tower Hamlets,E09000030,6,0,6,20.0,0,-1,-1,-1,,,4,1,1,0,0,1,1,E01004238,3,1,24/02/2017,24/02/2017,1,9,0,18,,0,0,0,0,0,,,6,Male,29,26 - 35,2993,2,11,2,1,,1,1,1,1,29,6,3,0,0,0,0,0,9,1,2,2017.0,010020569,E09000030,1.0,1.0,2.0,2017.0,010020569,7.0,3.0,0.0,0.0,1.0,-1,2017.0,010020569,2017,2,1,3