,accident_index,location_easting_osgr,location_northing_osgr,longitude,latitude,police_force,accident_severity,number_of_vehicles,number_of_casualties,date,day_of_week,time,local_authority_district,local_authority_highway,first_road_class,first_road_number,road_type,speed_limit,junction_detail,junction_control,second_road_class,second_road_number,pedestrian_crossing-human_control,pedestrian_crossing-physical_facilities,light_conditions,weather_conditions,road_surface_conditions,special_conditions_at_site,carriageway_hazards,urban_or_rural_area,did_police_officer_attend_scene_of_accident,lsoa_of_accident_location,accident_severity_num,accident_severity_inv,date2,date_original,vehicle_reference_x,vehicle_type,towing_and_articulation,vehicle_manoeuvre,vehicle_location-restricted_lane,junction_location,skidding_and_overturning,hit_object_in_carriageway,vehicle_leaving_carriageway,hit_object_off_carriageway,1st_point_of_impact,was_vehicle_left_hand_drive?,journey_purpose_of_driver,sex_of_driver,age_of_driver,age_band_of_driver,engine_capacity_cc,propulsion_code,age_of_vehicle,driver_imd_decile,driver_home_area_type,vehicle_imd_decile,vehicle_reference_y,casualty_reference,casualty_class,sex_of_casualty,age_of_casualty,age_band_of_casualty,casualty_severity,pedestrian_location,pedestrian_movement,car_passenger,bus_or_coach_passenger,pedestrian_road_maintenance_worker,casualty_type,casualty_home_area_type,casualty_imd_decile,accident_year_x,accident_reference_x,local_authority_ons_district,pedestrian_crossing_human_control,pedestrian_crossing_physical_facilities,trunk_road_flag,accident_year_y,accident_reference_y,vehicle_direction_from,vehicle_direction_to,vehicle_location_restricted_lane,first_point_of_impact,vehicle_left_hand_drive,generic_make_model,accident_year,accident_reference,year,month,severity,hours
264258,2017010021810,516180.0,175770.0,-0.328744,51.46898,1,Slight,2,1,2017-07-02,Sunday,21:22,Hounslow,E09000018,3,3004,1,30.0,1,4,3,310,,,4,8,1,0,0,1,1,E01002668,3,1,07/02/2017,07/02/2017,1,9,0,5,,3,0,0,0,0,,,2,Male,35,26 - 35,1390,1,10,3,1,,2,1,1,1,24,5,3,0,0,0,0,0,4,1,3,2017.0,010021810,E09000018,0.0,0.0,2.0,2017.0,010021810,1.0,3.0,0.0,1.0,1.0,-1,2017.0,010021810,2017,7,1,21
264259,2017010021811,519920.0,184280.0,-0.272034,51.544685,1,Slight,2,1,2017-02-28,Tuesday,22:51,Brent,E09000005,3,406,3,40.0,6,2,3,404,,,4,1,1,0,0,1,1,E01000605,3,1,28/02/2017,28/02/2017,1,9,0,5,,1,0,0,0,0,,,6,Male,26,26 - 35,1995,2,4,4,1,,1,1,1,1,26,6,3,0,0,0,0,0,9,1,4,2017.0,010021811,E09000005,0.0,0.0,2.0,2017.0,010021811,1.0,5.0,0.0,1.0,1.0,-1,2017.0,010021811,2017,2,1,22
264296,2017010022072,528860.0,180170.0,-0.144683,51.505781,1,Slight,1,1,2017-02-28,Tuesday,20:53,Westminster,E09000033,3,4,6,30.0,3,4,6,0,,,4,1,2,0,0,1,1,E01004736,3,1,28/02/2017,28/02/2017,1,5,0,13,,2,1,10,0,0,,,1,Male,35,26 - 35,670,1,5,1,1,,1,1,1,1,35,6,3,0,0,0,0,0,5,1,1,2017.0,010022072,E09000033,0.0,0.0,2.0,2017.0,010022072,2.0,6.0,0.0,3.0,1.0,-1,2017.0,010022072,2017,2,1,20
264309,2017010022105,525680.0,183080.0,-0.18944,51.532649,1,Serious,1,1,2017-01-03,Tuesday,18:57,Westminster,E09000033,5,0,6,30.0,6,4,6,0,,,4,2,2,0,2,1,1,E01004710,2,2,01/03/2017,01/03/2017,1,4,0,17,,8,0,0,0,0,,,6,Male,25,21 - 25,125,1,1,3,1,,1,1,3,2,41,7,2,1,1,0,0,2,0,1,3,2017.0,010022105,E09000033,0.0,1.0,2.0,2017.0,010022105,2.0,7.0,0.0,1.0,1.0,-1,2017.0,010022105,2017,1,2,18
264313,2017010022111,529960.0,178530.0,-0.129446,51.490791,1,Slight,2,1,2017-01-03,Tuesday,20:20,Westminster,E09000033,4,326,6,30.0,3,4,5,0,,,4,2,2,0,0,1,1,E01004745,3,1,01/03/2017,01/03/2017,1,3,0,18,,1,0,0,0,0,,,1,Male,20,16 - 20,125,1,7,8,1,,1,1,1,1,20,4,3,0,0,0,0,0,3,1,8,2017.0,010022111,E09000033,0.0,0.0,2.0,2017.0,010022111,6.0,2.0,0.0,1.0,1.0,-1,2017.0,010022111,2017,1,1,20
264316,2017010022114,522340.0,168200.0,-0.242715,51.399648,1,Serious,2,1,2017-01-03,Tuesday,18:55,Merton,E09000024,4,282,1,30.0,1,2,3,3,,,4,1,2,0,0,1,1,E01003469,2,2,01/03/2017,01/03/2017,1,9,0,18,,3,0,0,0,0,,,6,Male,30,26 - 35,1390,1,10,5,1,,2,1,1,1,47,8,2,0,0,0,0,0,5,1,8,2017.0,010022114,E09000024,0.0,4.0,2.0,2017.0,010022114,7.0,3.0,0.0,1.0,1.0,-1,2017.0,010022114,2017,1,2,18
264318,2017010022117,530320.0,183280.0,-0.122508,51.533395,1,Slight,2,1,2017-01-03,Tuesday,21:00,Camden,E09000007,3,5200,6,20.0,3,2,5,0,,,4,2,2,0,0,1,1,E01000953,3,1,01/03/2017,01/03/2017,1,4,0,3,,1,0,0,0,0,,,6,Male,32,26 - 35,124,1,7,2,1,,1,1,1,1,32,6,3,0,0,0,0,0,4,1,2,2017.0,010022117,E09000007,0.0,5.0,2.0,2017.0,010022117,5.0,1.0,0.0,2.0,1.0,-1,2017.0,010022117,2017,1,1,21
264328,2017010022130,528210.0,182040.0,-0.153363,51.522734,1,Slight,2,1,2017-01-03,Tuesday,19:20,Westminster,E09000033,3,501,3,30.0,3,4,6,0,,,4,2,2,0,0,1,1,E01004712,3,1,01/03/2017,01/03/2017,1,4,0,18,,8,0,0,1,2,,,6,Male,22,21 - 25,125,1,0,5,1,,1,1,1,1,22,5,3,0,0,0,0,0,4,1,5,2017.0,010022130,E09000033,0.0,0.0,2.0,2017.0,010022130,3.0,7.0,2.0,3.0,1.0,-1,2017.0,010022130,2017,1,1,19
264330,2017010022132,507420.0,182900.0,-0.452642,51.534796,1,Serious,1,1,2017-01-03,Tuesday,19:06,Hillingdon,E09000017,3,437,6,30.0,3,4,6,0,,,4,2,2,0,0,1,1,E01002511,2,2,01/03/2017,01/03/2017,1,9,0,18,,1,0,0,0,0,,,6,Female,34,26 - 35,-1,-1,-1,5,1,,1,1,3,2,16,4,2,1,1,0,0,2,0,1,5,2017.0,010022132,E09000017,0.0,1.0,2.0,2017.0,010022132,1.0,5.0,0.0,4.0,1.0,-1,2017.0,010022132,2017,1,2,19
264331,2017010022135,536630.0,181110.0,-0.032431,51.512404,1,Slight,2,1,2017-01-03,Tuesday,22:38,Tower Hamlets,E09000030,3,13,3,30.0,3,4,6,0,,,4,1,1,0,0,1,1,E01004254,3,1,01/03/2017,01/03/2017,1,5,0,18,,1,0,0,0,0,,,2,Male,32,26 - 35,999,1,7,3,1,,1,1,1,1,32,6,3,0,0,0,0,0,5,1,3,2017.0,010022135,E09000030,0.0,4.0,2.0,2017.0,010022135,7.0,3.0,2.0,1.0,1.0,-1,2017.0,010022135,2017,1,1,22
264332,2017010022136,541650.0,184850.0,0.041365,51.544776,1,Slight,2,1,2017-01-03,Tuesday,22:15,Newham,E09000025,6,0,6,30.0,3,4,6,0,,,6,1,2,0,0,1,1,E01003560,3,1,01/03/2017,01/03/2017,1,9,0,5,,8,0,0,0,0,,,6,Male,34,26 - 35,-1,-1,-1,3,1,,2,1,2,2,18,4,3,0,0,1,0,0,9,1,3,2017.0,010022136,E09000025,0.0,0.0,2.0,2017.0,010022136,3.0,7.0,0.0,1.0,1.0,-1,2017.0,010022136,2017,1,1,22
264336,2017010022140,535820.0,170290.0,-0.048251,51.415366,1,Slight,2,1,2017-01-03,Tuesday,23:45,Bromley,E09000006,5,0,6,30.0,6,2,3,213,,,4,4,1,0,0,1,1,E01000805,3,1,01/03/2017,01/03/2017,1,9,0,18,,2,0,0,0,0,,,2,Male,27,26 - 35,1198,1,7,2,1,,1,1,3,1,30,6,3,1,1,0,0,2,0,1,3,2017.0,010022140,E09000006,0.0,5.0,2.0,2017.0,010022140,6.0,2.0,0.0,1.0,1.0,-1,2017.0,010022140,2017,1,1,23
264338,2017010022147,541090.0,174340.0,0.029095,51.450474,1,Slight,2,1,2017-01-03,Tuesday,21:20,Greenwich,E09000011,3,20,3,40.0,1,4,3,205,,,4,2,2,0,0,1,2,E01001660,3,1,01/03/2017,01/03/2017,1,5,0,4,,3,0,0,0,0,,,2,Male,32,26 - 35,999,1,1,6,1,,1,1,1,1,32,6,3,0,0,0,0,0,5,1,6,2017.0,010022147,E09000011,0.0,0.0,2.0,2017.0,010022147,2.0,1.0,0.0,4.0,1.0,-1,2017.0,010022147,2017,1,1,21
264342,2017010022236,530370.0,160230.0,-0.130264,51.326235,1,Slight,2,1,2017-02-21,Tuesday,18:30,Croydon,E09000008,3,23,6,30.0,3,9,4,2030,,,7,2,2,0,0,1,2,E01001023,3,1,21/02/2017,21/02/2017,1,9,0,99,,1,0,99,0,0,,,6,Male,24,21 - 25,1753,2,8,-1,-1,,1,1,1,1,24,5,3,0,0,0,0,0,9,-1,-1,2017.0,010022236,E09000008,0.0,0.0,2.0,2017.0,010022236,9.0,9.0,0.0,3.0,9.0,-1,2017.0,010022236,2017,2,1,18
264348,2017010022276,525150.0,176380.0,-0.199453,51.472552,1,Slight,2,1,2017-02-20,Monday,20:01,Hammersmith and Fulham,E09000013,3,308,6,30.0,3,9,6,0,,,4,1,1,0,0,1,2,E01001925,3,1,20/02/2017,20/02/2017,1,3,0,9,,1,0,0,0,0,,,6,Female,25,21 - 25,125,1,1,4,1,,1,1,1,2,25,5,3,0,0,0,0,0,3,1,4,2017.0,010022276,E09000013,0.0,1.0,2.0,2017.0,010022276,7.0,3.0,0.0,4.0,1.0,-1,2017.0,010022276,2017,2,1,20
264372,2017010022379,534400.0,175570.0,-0.066656,51.463153,1,Slight,1,1,2017-02-03,Friday,19:15,Southwark,E09000028,3,2215,6,30.0,3,4,6,0,,,1,1,1,0,0,1,1,E01004064,3,1,02/03/2017,02/03/2017,1,3,0,5,,1,0,0,0,0,,,2,Male,35,26 - 35,125,1,6,5,1,,1,1,3,2,26,6,3,5,4,0,0,2,0,1,3,2017.0,010022379,E09000028,0.0,0.0,2.0,2017.0,010022379,5.0,1.0,0.0,1.0,1.0,-1,2017.0,010022379,2017,2,1,19
264388,2017010022417,525820.0,164890.0,-0.193885,51.36914,1,Slight,2,2,2017-02-03,Friday,19:30,Sutton,E09000029,6,0,6,20.0,3,4,6,0,,,1,1,1,0,0,1,1,E01004140,3,1,02/03/2017,02/03/2017,1,9,0,18,,1,0,0,0,0,,,6,Female,28,26 - 35,998,1,10,3,1,,1,1,1,2,28,6,3,0,0,0,0,0,9,1,3,2017.0,010022417,E09000029,0.0,0.0,2.0,2017.0,010022417,7.0,3.0,0.0,1.0,1.0,-1,2017.0,010022417,2017,2,2,19
264392,2017010022422,522390.0,189550.0,-0.234596,51.591519,1,Slight,2,2,2017-02-03,Friday,19:26,Barnet,E09000003,3,41,3,50.0,0,-1,-1,-1,,,4,1,1,0,0,1,1,E01000239,3,1,02/03/2017,02/03/2017,1,9,0,18,,0,0,0,0,0,,,6,Female,23,21 - 25,1242,1,9,1,1,,1,1,2,2,31,6,3,0,0,2,0,0,9,-1,-1,2017.0,010022422,E09000003,0.0,0.0,2.0,2017.0,010022422,5.0,1.0,0.0,1.0,1.0,-1,2017.0,010022422,2017,2,2,19
264394,2017010022424,538490.0,191880.0,-0.001407,51.60873,1,Slight,2,1,2017-02-03,Friday,18:25,Waltham Forest,E09000031,4,160,3,30.0,9,4,6,0,,,4,1,1,0,0,1,1,E01004379,3,1,02/03/2017,02/03/2017,1,4,0,4,,2,0,0,0,0,,,1,Male,25,21 - 25,-1,-1,-1,7,1,,1,1,1,1,25,5,3,0,0,0,0,0,4,1,7,2017.0,010022424,E09000031,0.0,4.0,2.0,2017.0,010022424,5.0,1.0,0.0,1.0,1.0,-1,2017.0,010022424,2017,2,1,18
264396,2017010022426,535100.0,179570.0,-0.055056,51.498933,1,Slight,1,1,2017-01-03,Tuesday,21:13,Southwark,E09000028,3,200,1,30.0,1,4,3,200,,,4,2,2,0,0,1,1,E01004033,3,1,01/03/2017,01/03/2017,1,9,0,3,,1,0,0,0,0,,,6,Female,23,21 - 25,875,1,3,3,1,,1,1,3,1,24,5,3,5,3,0,0,2,0,1,3,2017.0,010022426,E09000028,0.0,0.0,2.0,2017.0,010022426,4.0,2.0,0.0,1.0,1.0,-1,2017.0,010022426,2017,1,1,21
264399,2017010022430,523770.0,196400.0,-0.212268,51.652778,1,Slight,2,1,2017-01-03,Tuesday,20:15,Barnet,E09000003,3,411,6,30.0,3,4,6,0,,,4,5,2,0,0,1,1,E01000294,3,1,01/03/2017,01/03/2017,1,9,0,10,,6,1,0,0,0,,,6,Male,34,26 - 35,2967,2,7,4,1,,2,1,1,2,27,6,3,0,0,0,0,0,9,1,4,2017.0,010022430,E09000003,2.0,0.0,2.0,2017.0,010022430,5.0,1.0,0.0,1.0,2.0,-1,2017.0,010022430,2017,1,1,20
264400,2017010022431,519130.0,179410.0,-0.285066,51.501083,1,Slight,2,1,2017-02-03,Friday,20:25,Ealing,E09000009,3,4000,6,30.0,6,2,4,4491,,,4,1,1,0,0,1,1,E01001231,3,1,02/03/2017,02/03/2017,1,5,0,9,,8,5,0,0,0,,,6,Male,29,26 - 35,1000,1,9,4,1,,1,1,1,1,29,6,3,0,0,0,0,0,5,1,4,2017.0,010022431,E09000009,0.0,5.0,2.0,2017.0,010022431,1.0,5.0,0.0,1.0,1.0,-1,2017.0,010022431,2017,2,1,20
264401,2017010022432,537230.0,182810.0,-0.023128,51.527536,1,Slight,2,1,2017-01-03,Tuesday,18:50,Tower Hamlets,E09000030,3,11,6,30.0,3,4,6,0,,,4,1,1,0,0,1,1,E01004267,3,1,01/03/2017,01/03/2017,1,9,0,9,,8,0,0,0,0,,,6,Male,20,16 - 20,-1,-1,-1,2,1,,2,1,1,1,28,6,3,0,0,0,0,0,1,1,3,2017.0,010022432,E09000030,0.0,1.0,2.0,2017.0,010022432,7.0,5.0,4.0,4.0,1.0,-1,2017.0,010022432,2017,1,1,18
264406,2017010022440,530190.0,182600.0,-0.124633,51.527314,1,Serious,1,1,2017-02-03,Friday,22:46,Camden,E09000007,4,504,6,20.0,3,4,6,0,,,4,1,1,0,0,1,1,E01000942,2,2,02/03/2017,02/03/2017,1,9,0,18,,1,0,0,0,0,,,6,Male,22,21 - 25,1686,2,4,2,1,,1,1,3,2,28,6,2,3,2,0,0,2,0,1,5,2017.0,010022440,E09000007,0.0,1.0,2.0,2017.0,010022440,5.0,1.0,0.0,0.0,1.0,-1,2017.0,010022440,2017,2,2,22
264408,2017010022442,520880.0,189480.0,-0.256408,51.591215,1,Serious,1,1,2017-02-03,Friday,22:10,Barnet,E09000003,3,5,6,30.0,6,2,3,5150,,,4,1,1,0,0,1,1,E01000516,2,2,02/03/2017,02/03/2017,1,9,0,18,,2,0,0,0,0,,,1,Male,35,26 - 35,2969,2,9,7,1,,1,1,3,1,42,7,2,5,3,0,0,2,0,1,1,2017.0,010022442,E09000003,0.0,5.0,2.0,2017.0,010022442,4.0,8.0,0.0,1.0,1.0,-1,2017.0,010022442,2017,2,2,22
264409,2017010022443,528810.0,182060.0,-0.144712,51.522777,1,Serious,1,2,2017-03-03,Friday,01:05,Westminster,E09000033,6,0,2,30.0,0,-1,-1,-1,,,4,1,1,0,0,1,1,E01004715,2,2,03/03/2017,03/03/2017,1,9,0,18,,0,0,0,0,0,,,6,Male,26,26 - 35,2979,1,10,-1,-1,,1,1,1,1,26,6,3,0,0,0,0,0,9,-1,-1,2017.0,010022443,E09000033,0.0,0.0,2.0,2017.0,010022443,5.0,1.0,0.0,1.0,1.0,-1,2017.0,010022443,2017,3,4,1
264421,2017010022523,533990.0,168240.0,-0.075324,51.397379,1,Slight,2,1,2017-02-20,Monday,00:14,Croydon,E09000008,5,0,2,20.0,0,-1,-1,-1,,,5,1,1,0,0,1,2,E01001136,3,1,20/02/2017,20/02/2017,1,9,0,3,,0,0,0,0,0,,,1,Male,26,26 - 35,1496,2,1,6,1,,1,1,1,1,26,6,3,0,0,0,0,0,9,1,6,2017.0,010022523,E09000008,0.0,8.0,2.0,2017.0,010022523,0.0,0.0,0.0,2.0,9.0,-1,2017.0,010022523,2017,2,1,0
264430,2017010022559,513930.0,178320.0,-0.360302,51.492356,1,Serious,2,6,2017-02-27,Monday,02:44,Hounslow,E09000018,1,4,3,70.0,0,-1,-1,-1,,,4,2,2,0,0,1,1,E01002678,2,2,27/02/2017,27/02/2017,1,9,0,18,,0,1,0,5,6,,,6,Male,22,21 - 25,2143,2,4,2,1,,1,1,1,1,22,5,3,0,0,0,0,0,9,1,2,2017.0,010022559,E09000018,0.0,0.0,1.0,2017.0,010022559,3.0,7.0,0.0,1.0,1.0,-1,2017.0,010022559,2017,2,12,2
264436,2017010022583,530230.0,178980.0,-0.125393,51.494773,1,Slight,2,1,2017-02-24,Friday,22:20,Westminster,E09000033,4,323,1,30.0,1,4,3,3212,,,4,1,1,0,0,1,1,E01004733,3,1,24/02/2017,24/02/2017,1,3,0,18,,4,0,0,0,0,,,2,Male,27,26 - 35,124,1,13,2,1,,1,1,1,1,27,6,3,0,0,0,0,0,3,1,2,2017.0,010022583,E09000033,0.0,1.0,2.0,2017.0,010022583,5.0,1.0,0.0,1.0,1.0,-1,2017.0,010022583,2017,2,1,22
264470,2017010022658,526870.0,190050.0,-0.16978,51.595022,1,Slight,2,1,2017-03-03,Friday,18:05,Barnet,E09000003,3,1000,6,30.0,8,4,6,0,,,4,1,1,0,0,1,1,E01000185,3,1,03/03/2017,03/03/2017,1,9,0,9,,1,0,0,0,0,,,2,Male,30,26 - 35,999,1,16,3,1,,2,1,1,1,48,8,3,0,0,0,0,0,1,1,7,2017.0,010022658,E09000003,0.0,0.0,2.0,2017.0,010022658,1.0,5.0,0.0,1.0,1.0,-1,2017.0,010022658,2017,3,1,18
264472,2017010022661,529180.0,168420.0,-0.14436,51.400111,1,Slight,1,2,2017-03-03,Friday,19:00,Merton,E09000024,4,272,6,30.0,6,2,5,0,,,4,1,1,0,0,1,1,E01003434,3,1,03/03/2017,03/03/2017,1,9,0,18,,2,0,0,0,0,,,6,Male,32,26 - 35,1995,2,9,6,1,,1,1,3,2,8,2,3,1,1,0,0,2,0,-1,-1,2017.0,010022661,E09000024,0.0,5.0,2.0,2017.0,010022661,8.0,4.0,0.0,1.0,1.0,-1,2017.0,010022661,2017,3,2,19
264476,2017010022666,523490.0,179220.0,-0.222349,51.498441,1,Slight,2,1,2017-03-03,Friday,19:00,Hammersmith and Fulham,E09000013,3,219,6,30.0,9,4,6,0,,,4,1,1,0,0,1,1,E01001856,3,1,03/03/2017,03/03/2017,1,3,0,7,,1,0,0,1,0,,,1,Male,22,21 - 25,125,1,3,5,1,,1,1,1,1,22,5,3,0,0,0,0,0,3,1,5,2017.0,010022666,E09000013,0.0,0.0,2.0,2017.0,010022666,5.0,8.0,2.0,3.0,1.0,-1,2017.0,010022666,2017,3,1,19
264480,2017010022670,526370.0,178460.0,-0.181153,51.490975,1,Serious,2,1,2017-03-03,Friday,20:40,Kensington and Chelsea,E09000020,6,0,6,30.0,3,4,3,3218,,,4,1,1,0,0,1,1,E01002837,2,2,03/03/2017,03/03/2017,1,8,0,9,,8,0,0,0,0,,,1,Male,32,26 - 35,2499,2,11,7,1,,2,1,1,1,31,6,2,0,0,0,0,0,1,1,3,2017.0,010022670,E09000020,0.0,0.0,2.0,2017.0,010022670,5.0,1.0,0.0,4.0,1.0,-1,2017.0,010022670,2017,3,2,20
264482,2017010022673,540360.0,170570.0,0.017103,51.416777,1,Slight,2,1,2017-03-03,Friday,19:15,Bromley,E09000006,3,2212,6,30.0,9,4,6,0,,,4,1,1,0,0,1,1,E01000819,3,1,03/03/2017,03/03/2017,1,9,0,7,,6,0,0,0,0,,,6,Male,33,26 - 35,3199,2,13,3,1,,2,1,1,2,22,5,3,0,0,0,0,0,9,1,7,2017.0,010022673,E09000006,0.0,0.0,2.0,2017.0,010022673,7.0,3.0,0.0,1.0,2.0,-1,2017.0,010022673,2017,3,1,19
264486,2017010022677,538160.0,175690.0,-0.012518,51.463327,1,Slight,2,1,2017-03-03,Friday,20:16,Lewisham,E09000023,3,21,1,30.0,3,2,6,0,,,4,1,1,0,0,1,1,E01003296,3,1,03/03/2017,03/03/2017,1,3,0,18,,8,5,0,0,0,,,6,Male,25,21 - 25,125,1,7,4,1,,1,1,1,1,25,5,3,0,0,0,0,0,3,1,4,2017.0,010022677,E09000023,0.0,4.0,2.0,2017.0,010022677,1.0,5.0,0.0,1.0,1.0,-1,2017.0,010022677,2017,3,1,20
264488,2017010022680,513080.0,176680.0,-0.373065,51.477787,1,Serious,2,1,2017-03-03,Friday,21:19,Hounslow,E09000018,3,3063,2,40.0,6,2,3,4,,,4,1,1,0,0,1,1,E01002621,2,2,03/03/2017,03/03/2017,1,9,0,18,,6,0,0,0,0,,,6,Male,28,26 - 35,2993,2,6,6,1,,2,1,1,1,24,5,2,0,0,0,0,0,3,1,3,2017.0,010022680,E09000018,0.0,0.0,2.0,2017.0,010022680,5.0,3.0,0.0,3.0,1.0,-1,2017.0,010022680,2017,3,2,21
264489,2017010022681,519100.0,179400.0,-0.285502,51.500999,1,Slight,2,1,2017-03-03,Friday,23:00,Ealing,E09000009,3,406,3,30.0,6,2,4,4491,,,4,2,2,0,0,1,1,E01001231,3,1,03/03/2017,03/03/2017,1,9,0,4,,2,0,0,0,0,,,6,Male,23,21 - 25,2204,2,11,10,1,,1,1,1,1,23,5,3,0,0,0,0,0,9,1,10,2017.0,010022681,E09000009,0.0,4.0,2.0,2017.0,010022681,5.0,1.0,0.0,2.0,1.0,-1,2017.0,010022681,2017,3,1,23
264493,2017010022685,534990.0,182130.0,-0.05566,51.521964,1,Slight,2,3,2017-04-03,Monday,01:05,Tower Hamlets,E09000030,3,107,6,20.0,3,3,6,0,,,4,2,2,0,2,1,1,E01004206,3,1,04/03/2017,04/03/2017,1,9,0,18,,1,0,11,0,0,,,6,Male,23,21 - 25,1995,1,11,1,1,,1,1,1,1,23,5,3,0,0,0,0,0,9,1,1,2017.0,010022685,E09000030,0.0,4.0,2.0,2017.0,010022685,5.0,1.0,0.0,1.0,1.0,-1,2017.0,010022685,2017,4,3,1
264495,2017010022687,525650.0,183370.0,-0.189769,51.535262,1,Slight,2,1,2017-04-03,Monday,00:29,Camden,E09000007,3,5,6,30.0,3,4,5,0,,,4,1,2,0,0,1,1,E01000930,3,1,04/03/2017,04/03/2017,1,3,0,18,,8,0,0,0,0,,,6,Male,23,21 - 25,125,1,1,3,1,,1,1,1,1,23,5,3,0,0,0,0,0,3,1,3,2017.0,010022687,E09000007,0.0,0.0,2.0,2017.0,010022687,8.0,6.0,0.0,1.0,1.0,-1,2017.0,010022687,2017,4,1,0
264497,2017010022689,520600.0,184140.0,-0.26228,51.543282,1,Slight,2,1,2017-03-03,Friday,22:45,Brent,E09000005,6,0,6,30.0,3,4,6,0,,,4,1,2,0,0,1,1,E01033456,3,1,03/03/2017,03/03/2017,1,9,0,9,,8,0,0,0,0,,,6,Male,18,16 - 20,1995,1,13,6,1,,2,1,1,2,22,5,3,0,0,0,0,0,9,1,1,2017.0,010022689,E09000005,0.0,0.0,2.0,2017.0,010022689,3.0,7.0,0.0,1.0,1.0,-1,2017.0,010022689,2017,3,1,22
264500,2017010022694,542490.0,175410.0,0.04966,51.459739,1,Slight,2,2,2017-04-03,Monday,01:44,Greenwich,E09000011,3,208,3,30.0,0,-1,-1,-1,,,4,1,2,0,0,1,1,E01001607,3,1,04/03/2017,04/03/2017,1,8,0,18,,0,0,4,0,0,,,1,Male,24,21 - 25,1997,2,8,6,1,,1,1,2,1,30,6,3,0,0,2,0,0,8,1,5,2017.0,010022694,E09000011,0.0,0.0,2.0,2017.0,010022694,5.0,1.0,0.0,1.0,1.0,-1,2017.0,010022694,2017,4,2,1
264501,2017010022695,540110.0,166760.0,0.012008,51.382603,1,Slight,2,1,2017-03-03,Friday,20:30,Bromley,E09000006,6,0,2,30.0,6,4,6,0,,,4,2,2,0,0,1,1,E01000766,3,1,03/03/2017,03/03/2017,1,9,0,18,,8,0,0,0,0,,,6,Male,19,16 - 20,1598,1,3,9,1,,1,1,1,1,19,4,3,0,0,0,0,0,9,1,9,2017.0,010022695,E09000006,0.0,0.0,2.0,2017.0,010022695,5.0,1.0,0.0,1.0,1.0,-1,2017.0,010022695,2017,3,1,20
264502,2017010022696,532690.0,185010.0,-0.087707,51.54839,1,Slight,2,1,2017-03-03,Friday,21:35,Islington,E09000019,3,105,6,20.0,9,4,6,0,,,4,2,2,0,0,1,1,E01002780,3,1,03/03/2017,03/03/2017,1,3,0,17,,6,0,0,0,0,,,1,Male,27,26 - 35,-1,-1,-1,1,1,,1,1,1,1,27,6,3,0,0,0,0,0,3,1,1,2017.0,010022696,E09000019,0.0,0.0,2.0,2017.0,010022696,5.0,1.0,0.0,1.0,1.0,-1,2017.0,010022696,2017,3,1,21
264535,2017010022889,518390.0,185330.0,-0.293734,51.554445,1,Slight,2,1,2017-04-03,Monday,18:48,Brent,E09000005,3,4089,6,30.0,3,4,6,0,,,4,2,2,0,0,1,1,E01000635,3,1,04/03/2017,04/03/2017,1,9,0,3,,1,0,0,0,0,,,6,Male,35,26 - 35,1598,1,11,6,1,,2,1,1,1,51,8,3,0,0,0,0,0,3,1,1,2017.0,010022889,E09000005,0.0,5.0,2.0,2017.0,010022889,0.0,5.0,0.0,3.0,2.0,-1,2017.0,010022889,2017,4,1,18
264536,2017010022890,527450.0,183370.0,-0.163831,51.534859,1,Serious,2,1,2017-04-03,Monday,19:40,Westminster,E09000033,4,525,6,30.0,6,2,3,5205,,,6,1,1,0,0,1,1,E01004730,2,2,04/03/2017,04/03/2017,1,8,0,9,,8,0,0,0,0,,,1,Male,29,26 - 35,2143,2,3,7,1,,2,1,1,2,34,6,2,0,0,0,0,0,1,1,5,2017.0,010022890,E09000033,0.0,4.0,2.0,2017.0,010022890,1.0,6.0,0.0,1.0,1.0,-1,2017.0,010022890,2017,4,2,19
264539,2017010022896,535780.0,169880.0,-0.048982,51.411691,1,Slight,2,1,2017-04-03,Monday,20:05,Bromley,E09000006,3,234,6,30.0,3,4,6,0,,,4,1,1,0,0,1,1,E01000797,3,1,04/03/2017,04/03/2017,1,9,0,7,,8,0,0,0,0,,,6,Female,30,26 - 35,1600,1,13,3,1,,1,1,2,2,6,2,3,0,0,1,0,0,9,1,3,2017.0,010022896,E09000006,0.0,0.0,2.0,2017.0,010022896,4.0,6.0,0.0,2.0,1.0,-1,2017.0,010022896,2017,4,1,20
264540,2017010022898,510820.0,181390.0,-0.404117,51.520568,1,Slight,2,1,2017-04-03,Monday,18:00,Hillingdon,E09000017,5,0,6,30.0,6,4,6,0,,,4,1,2,0,0,1,1,E01002399,3,1,04/03/2017,04/03/2017,1,4,0,18,,8,1,0,0,0,,,6,Male,25,21 - 25,499,1,15,10,2,,1,1,1,1,25,5,3,0,0,0,0,0,4,2,10,2017.0,010022898,E09000017,0.0,8.0,2.0,2017.0,010022898,6.0,2.0,0.0,1.0,1.0,-1,2017.0,010022898,2017,4,1,18