,accident_index,location_easting_osgr,location_northing_osgr,longitude,latitude,police_force,accident_severity,number_of_vehicles,number_of_casualties,date,day_of_week,time,local_authority_district,local_authority_highway,first_road_class,first_road_number,road_type,speed_limit,junction_detail,junction_control,second_road_class,second_road_number,pedestrian_crossing-human_control,pedestrian_crossing-physical_facilities,light_conditions,weather_conditions,road_surface_conditions,special_conditions_at_site,carriageway_hazards,urban_or_rural_area,did_police_officer_attend_scene_of_accident,lsoa_of_accident_location,accident_severity_num,accident_severity_inv,date2,date_original,vehicle_reference_x,vehicle_type,towing_and_articulation,vehicle_manoeuvre,vehicle_location-restricted_lane,junction_location,skidding_and_overturning,hit_object_in_carriageway,vehicle_leaving_carriageway,hit_object_off_carriageway,1st_point_of_impact,was_vehicle_left_hand_drive?,journey_purpose_of_driver,sex_of_driver,age_of_driver,age_band_of_driver,engine_capacity_cc,propulsion_code,age_of_vehicle,driver_imd_decile,driver_home_area_type,vehicle_imd_decile,vehicle_reference_y,casualty_reference,casualty_class,sex_of_casualty,age_of_casualty,age_band_of_casualty,casualty_severity,pedestrian_location,pedestrian_movement,car_passenger,bus_or_coach_passenger,pedestrian_road_maintenance_worker,casualty_type,casualty_home_area_type,casualty_imd_decile,accident_year_x,accident_reference_x,local_authority_ons_district,pedestrian_crossing_human_control,pedestrian_crossing_physical_facilities,trunk_road_flag,accident_year_y,accident_reference_y,vehicle_direction_from,vehicle_direction_to,vehicle_location_restricted_lane,first_point_of_impact,vehicle_left_hand_drive,generic_make_model,accident_year,accident_reference,year,month,severity,hours
264544,2017010022904,533700.0,189220.0,-0.071551,51.585984,1,Slight,3,1,2017-04-03,Monday,22:09,Haringey,E09000014,3,10,6,30.0,0,-1,-1,-1,,,4,1,2,0,0,1,1,E01002066,3,1,04/03/2017,04/03/2017,1,9,0,4,,0,0,0,0,0,,,6,Male,20,16 - 20,1390,1,7,9,1,,3,1,1,1,40,7,3,0,0,0,0,0,3,1,2,2017.0,010022904,E09000014,0.0,0.0,2.0,2017.0,010022904,5.0,1.0,0.0,2.0,1.0,-1,2017.0,010022904,2017,4,1,22
264546,2017010022906,546810.0,186160.0,0.116269,51.555228,1,Slight,2,2,2017-04-03,Monday,21:50,Barking and Dagenham,E09000002,6,0,6,30.0,6,4,6,0,,,4,1,1,0,0,1,1,E01000021,3,1,04/03/2017,04/03/2017,1,9,0,5,,1,0,0,0,0,,,6,Female,22,21 - 25,1242,1,8,2,1,,1,1,1,2,22,5,3,0,0,0,0,0,9,1,2,2017.0,010022906,E09000002,0.0,0.0,2.0,2017.0,010022906,5.0,1.0,0.0,1.0,1.0,-1,2017.0,010022906,2017,4,2,21
264548,2017010022909,528450.0,170060.0,-0.154255,51.415015,1,Slight,2,1,2017-05-03,Wednesday,00:34,Merton,E09000024,3,216,6,30.0,3,4,6,0,,,4,2,2,0,0,1,1,E01003394,3,1,05/03/2017,05/03/2017,1,9,0,18,,1,1,0,0,0,,,6,Male,24,21 - 25,2035,1,10,3,1,,1,1,1,1,24,5,3,0,0,0,0,0,9,1,3,2017.0,010022909,E09000024,0.0,0.0,2.0,2017.0,010022909,1.0,5.0,0.0,1.0,1.0,-1,2017.0,010022909,2017,5,1,0
264551,2017010022913,533660.0,188840.0,-0.072273,51.582579,1,Serious,1,1,2017-04-03,Monday,21:10,Haringey,E09000014,3,10,3,30.0,3,2,3,503,,,4,1,1,0,0,1,1,E01002072,2,2,04/03/2017,04/03/2017,1,9,0,18,,2,0,0,0,0,,,6,Male,23,21 - 25,2993,2,3,4,2,,1,1,3,1,52,8,2,5,3,0,0,2,0,-1,-1,2017.0,010022913,E09000014,0.0,4.0,2.0,2017.0,010022913,1.0,5.0,2.0,1.0,1.0,-1,2017.0,010022913,2017,4,2,21
264554,2017010022920,534550.0,183220.0,-0.061582,51.531864,1,Slight,2,1,2017-05-03,Wednesday,05:10,Tower Hamlets,E09000030,3,1208,6,20.0,3,2,5,0,,,4,1,1,0,0,1,1,E01004202,3,1,05/03/2017,05/03/2017,1,9,0,6,,2,0,0,0,0,,,6,Female,26,26 - 35,1598,2,1,2,1,,1,1,1,2,26,6,3,0,0,0,0,0,9,1,2,2017.0,010022920,E09000030,0.0,4.0,2.0,2017.0,010022920,0.0,0.0,0.0,4.0,1.0,-1,2017.0,010022920,2017,5,1,5
264565,2017010023008,532710.0,187900.0,-0.08633,51.574356,1,Slight,2,2,2017-05-03,Wednesday,04:00,Hackney,E09000012,3,503,6,30.0,3,4,3,107,,,4,1,1,0,0,1,1,E01001811,3,1,05/03/2017,05/03/2017,1,9,0,9,,6,0,0,0,0,,,1,Male,35,26 - 35,1798,8,1,3,1,,2,1,1,1,28,6,3,0,0,0,0,0,9,1,3,2017.0,010023008,E09000012,0.0,4.0,2.0,2017.0,010023008,2.0,8.0,0.0,1.0,1.0,-1,2017.0,010023008,2017,5,2,4
264589,2017010023034,525090.0,184050.0,-0.197597,51.541497,1,Slight,2,1,2017-05-03,Wednesday,20:40,Camden,E09000007,3,5,6,30.0,6,2,6,0,,,4,2,2,0,0,1,1,E01000545,3,1,05/03/2017,05/03/2017,1,3,0,18,,2,2,4,0,0,,,1,Male,31,26 - 35,125,1,1,1,1,,1,1,1,1,31,6,3,0,0,0,0,0,3,1,1,2017.0,010023034,E09000007,0.0,5.0,2.0,2017.0,010023034,4.0,8.0,0.0,1.0,1.0,-1,2017.0,010023034,2017,5,1,20
264596,2017010023041,545690.0,184460.0,0.099423,51.540244,1,Slight,1,1,2017-05-03,Wednesday,20:40,Barking and Dagenham,E09000002,5,0,6,30.0,0,-1,-1,-1,,,4,8,2,0,0,1,1,E01000071,3,1,05/03/2017,05/03/2017,1,9,0,5,,0,5,7,0,0,,,6,Male,28,26 - 35,1360,1,10,3,1,,1,1,1,1,28,6,3,0,0,0,0,0,9,1,3,2017.0,010023041,E09000002,0.0,8.0,2.0,2017.0,010023041,1.0,5.0,0.0,0.0,1.0,-1,2017.0,010023041,2017,5,1,20
264598,2017010023045,537950.0,181020.0,-0.013456,51.511275,1,Slight,2,1,2017-05-03,Wednesday,23:45,Tower Hamlets,E09000030,3,13,6,20.0,3,2,5,0,,,4,2,2,0,0,1,1,E01004247,3,1,05/03/2017,05/03/2017,1,9,0,6,,2,0,0,0,0,,,6,Male,19,16 - 20,1596,1,12,3,1,,2,1,1,1,28,6,3,0,0,0,0,0,2,1,1,2017.0,010023045,E09000030,0.0,0.0,2.0,2017.0,010023045,5.0,1.0,0.0,3.0,1.0,-1,2017.0,010023045,2017,5,1,23
264599,2017010023046,529620.0,181210.0,-0.133356,51.514953,1,Slight,1,1,2017-05-03,Wednesday,22:00,Westminster,E09000033,5,0,6,30.0,6,4,6,0,,,4,2,2,0,0,1,1,E01004763,3,1,05/03/2017,05/03/2017,1,9,0,4,,1,0,0,0,0,,,1,Female,34,26 - 35,1499,2,1,3,1,,1,1,3,1,35,6,3,5,3,0,0,2,0,1,3,2017.0,010023046,E09000033,0.0,0.0,2.0,2017.0,010023046,4.0,3.0,0.0,1.0,2.0,-1,2017.0,010023046,2017,5,1,22
264602,2017010023050,540600.0,172340.0,0.021254,51.432624,1,Slight,2,1,2017-06-03,Saturday,00:20,Lewisham,E09000023,3,2212,6,20.0,3,4,6,0,,,4,1,2,0,0,1,1,E01003263,3,1,06/03/2017,06/03/2017,1,3,0,18,,1,0,0,0,0,,,1,Male,21,21 - 25,108,1,5,4,1,,1,1,1,1,21,5,3,0,0,0,0,0,3,1,4,2017.0,010023050,E09000023,0.0,0.0,2.0,2017.0,010023050,1.0,5.0,0.0,1.0,1.0,-1,2017.0,010023050,2017,6,1,0
264603,2017010023051,513910.0,190720.0,-0.356578,51.60381,1,Serious,4,1,2017-05-03,Wednesday,04:06,Harrow,E09000015,5,0,6,30.0,0,-1,-1,-1,,,4,1,1,0,0,1,1,E01002151,2,2,05/03/2017,05/03/2017,1,9,0,18,,0,1,4,0,0,,,6,Male,22,21 - 25,1796,1,9,7,1,,1,1,2,1,20,4,2,0,0,1,0,0,9,1,5,2017.0,010023051,E09000015,0.0,0.0,2.0,2017.0,010023051,3.0,7.0,0.0,1.0,1.0,-1,2017.0,010023051,2017,5,2,4
264604,2017010023052,551290.0,193650.0,0.184067,51.621344,1,Slight,2,2,2017-05-03,Wednesday,21:40,Havering,E09000016,4,175,6,30.0,0,-1,-1,-1,,,4,2,2,0,0,1,1,E01002304,3,1,05/03/2017,05/03/2017,1,9,0,18,,0,0,0,0,0,,,6,Male,26,26 - 35,1596,1,6,9,3,,1,1,1,1,26,6,3,0,0,0,0,0,9,3,9,2017.0,010023052,E09000016,0.0,0.0,2.0,2017.0,010023052,5.0,1.0,0.0,1.0,1.0,-1,2017.0,010023052,2017,5,2,21
264605,2017010023053,536090.0,170520.0,-0.044282,51.417368,1,Slight,2,1,2017-03-03,Friday,20:00,Bromley,E09000006,5,0,6,30.0,6,2,6,0,,,4,1,2,6,0,1,1,E01000804,3,1,03/03/2017,03/03/2017,1,9,0,9,,8,0,0,0,0,,,6,Male,28,26 - 35,1597,1,9,4,1,,2,1,1,1,26,6,3,0,0,0,0,0,5,1,1,2017.0,010023053,E09000006,0.0,5.0,2.0,2017.0,010023053,2.0,8.0,0.0,1.0,1.0,-1,2017.0,010023053,2017,3,1,20
264608,2017010023060,522130.0,174200.0,-0.243665,51.453618,1,Slight,4,1,2017-03-03,Friday,20:05,Wandsworth,E09000032,3,306,6,30.0,0,-1,-1,-1,,,4,2,2,0,0,1,1,E01004644,3,1,03/03/2017,03/03/2017,1,9,0,9,,0,0,4,0,0,,,1,Male,26,26 - 35,1686,2,4,8,1,,2,1,1,1,42,7,3,0,0,0,0,0,9,1,2,2017.0,010023060,E09000032,0.0,0.0,2.0,2017.0,010023060,1.0,5.0,0.0,1.0,1.0,-1,2017.0,010023060,2017,3,1,20
264614,2017010023084,532790.0,182480.0,-0.08722,51.525631,1,Slight,1,1,2017-02-18,Saturday,20:30,Islington,E09000019,3,501,9,30.0,1,9,3,501,,,4,1,1,0,0,1,2,E01002704,3,1,18/02/2017,18/02/2017,1,9,0,99,,9,0,0,0,0,,,6,Female,25,21 - 25,998,1,3,7,1,,1,1,1,2,25,5,3,0,0,0,0,0,9,1,7,2017.0,010023084,E09000019,0.0,9.0,2.0,2017.0,010023084,9.0,9.0,0.0,9.0,9.0,-1,2017.0,010023084,2017,2,1,20
264663,2017010023284,533090.0,186060.0,-0.081545,51.557732,1,Slight,2,1,2017-06-03,Saturday,18:35,Hackney,E09000012,6,0,6,20.0,0,-1,-1,-1,,,4,1,1,0,0,1,1,E01001736,3,1,06/03/2017,06/03/2017,1,9,0,6,,0,0,0,0,0,,,6,Male,20,16 - 20,1149,1,11,5,1,,2,1,1,2,27,6,3,0,0,0,0,0,1,1,1,2017.0,010023284,E09000012,0.0,0.0,2.0,2017.0,010023284,7.0,3.0,0.0,4.0,1.0,-1,2017.0,010023284,2017,6,1,18
264664,2017010023286,531230.0,178580.0,-0.111145,51.490947,1,Slight,2,1,2017-06-03,Saturday,18:56,Lambeth,E09000022,3,23,6,30.0,3,4,6,0,,,4,1,2,0,0,1,1,E01003111,3,1,06/03/2017,06/03/2017,1,9,0,7,,5,0,0,0,0,,,2,Male,34,26 - 35,-1,-1,-1,10,1,,2,1,1,1,54,8,3,0,0,0,0,0,1,1,8,2017.0,010023286,E09000022,0.0,0.0,2.0,2017.0,010023286,1.0,5.0,0.0,0.0,1.0,-1,2017.0,010023286,2017,6,1,18
264667,2017010023289,516300.0,180330.0,-0.325516,51.50994,1,Serious,1,2,2017-06-03,Saturday,19:37,Ealing,E09000009,3,4020,6,30.0,3,4,6,0,,,4,1,1,0,0,1,1,E01001249,2,2,06/03/2017,06/03/2017,1,5,0,13,,8,0,0,1,0,,,6,Male,34,26 - 35,749,1,10,3,1,,1,1,1,1,34,6,3,0,0,0,0,0,5,1,3,2017.0,010023289,E09000009,0.0,4.0,2.0,2017.0,010023289,7.0,3.0,0.0,1.0,1.0,-1,2017.0,010023289,2017,6,4,19
264670,2017010023292,522150.0,187110.0,-0.238908,51.569642,1,Slight,3,2,2017-06-03,Saturday,19:30,Brent,E09000005,3,406,3,40.0,8,4,6,0,,,4,1,1,0,0,1,1,E01000499,3,1,06/03/2017,06/03/2017,1,9,0,18,,1,0,0,0,0,,,6,Female,32,26 - 35,1242,1,13,6,1,,1,1,1,2,32,6,3,0,0,0,0,0,9,1,6,2017.0,010023292,E09000005,0.0,0.0,2.0,2017.0,010023292,7.0,3.0,0.0,2.0,1.0,-1,2017.0,010023292,2017,6,2,19
264671,2017010023293,526480.0,191100.0,-0.175028,51.604545,1,Slight,2,1,2017-06-03,Saturday,19:00,Barnet,E09000003,3,1000,6,30.0,9,4,6,0,,,4,1,1,0,0,1,1,E01000316,3,1,06/03/2017,06/03/2017,1,9,0,9,,6,0,0,0,0,,,6,Male,31,26 - 35,1364,1,1,6,1,,2,1,1,2,31,6,3,0,0,0,0,0,9,1,8,2017.0,010023293,E09000003,0.0,0.0,2.0,2017.0,010023293,2.0,1.0,0.0,1.0,1.0,-1,2017.0,010023293,2017,6,1,19
264673,2017010023296,529470.0,175300.0,-0.137682,51.461875,1,Serious,2,2,2017-06-03,Saturday,19:40,Lambeth,E09000022,3,3,3,30.0,6,2,3,2217,,,4,1,1,0,0,1,1,E01003032,2,2,06/03/2017,06/03/2017,1,3,0,18,,8,0,0,0,0,,,1,Male,27,26 - 35,125,1,3,2,1,,1,1,1,1,27,6,3,0,0,0,0,0,3,1,2,2017.0,010023296,E09000022,0.0,5.0,2.0,2017.0,010023296,1.0,5.0,0.0,1.0,1.0,-1,2017.0,010023296,2017,6,4,19
264674,2017010023297,535260.0,170100.0,-0.056371,51.413792,1,Slight,2,1,2017-05-03,Wednesday,18:57,Bromley,E09000006,6,0,6,30.0,3,4,6,0,,,4,1,1,0,0,1,1,E01000796,3,1,05/03/2017,05/03/2017,1,9,0,18,,8,0,0,0,0,,,6,Male,33,26 - 35,1296,1,9,2,1,,2,1,1,2,32,6,3,0,0,0,0,0,9,1,8,2017.0,010023297,E09000006,0.0,0.0,2.0,2017.0,010023297,6.0,6.0,0.0,1.0,1.0,-1,2017.0,010023297,2017,5,1,18
264679,2017010023303,540500.0,169400.0,0.018652,51.406229,1,Slight,2,2,2017-07-03,Monday,00:30,Bromley,E09000006,3,21,3,30.0,3,2,3,222,,,4,1,1,0,0,1,1,E01000675,3,1,07/03/2017,07/03/2017,1,9,0,18,,2,0,0,0,0,,,6,Male,19,16 - 20,1364,1,8,3,1,,1,1,1,1,19,4,3,0,0,0,0,0,9,1,3,2017.0,010023303,E09000006,0.0,4.0,2.0,2017.0,010023303,1.0,5.0,0.0,1.0,1.0,-1,2017.0,010023303,2017,7,2,0
264682,2017010023309,522440.0,178410.0,-0.237749,51.491389,1,Slight,2,1,2017-07-03,Monday,05:38,Hammersmith and Fulham,E09000013,3,4,3,40.0,5,4,6,0,,,1,1,2,0,0,1,1,E01001932,3,1,07/03/2017,07/03/2017,1,2,0,18,,1,0,0,0,0,,,2,Female,32,26 - 35,-1,-1,-1,5,1,,1,1,1,2,32,6,3,0,0,0,0,0,2,1,5,2017.0,010023309,E09000013,0.0,0.0,2.0,2017.0,010023309,7.0,3.0,0.0,1.0,1.0,-1,2017.0,010023309,2017,7,1,5
264690,2017010023361,538420.0,184400.0,-0.005361,51.541533,1,Slight,2,2,2017-02-25,Saturday,22:40,Newham,E09000025,6,0,2,30.0,0,-1,-1,-1,,,4,1,2,0,0,1,2,E01033583,3,1,25/02/2017,25/02/2017,1,9,9,3,,0,0,0,0,0,,,6,Male,28,26 - 35,1596,1,7,1,1,,1,1,1,1,28,6,3,0,0,0,0,0,9,1,1,2017.0,010023361,E09000025,0.0,4.0,2.0,2017.0,010023361,5.0,1.0,0.0,2.0,9.0,-1,2017.0,010023361,2017,2,2,22
264695,2017010023396,518740.0,189560.0,-0.287259,51.592388,1,Slight,2,1,2017-02-26,Sunday,03:30,Harrow,E09000015,3,4140,3,30.0,3,2,5,0,,,4,2,2,9,9,1,2,E01002169,3,1,26/02/2017,26/02/2017,1,9,9,18,,1,0,0,0,0,,,6,Male,23,21 - 25,1791,8,5,8,1,,1,1,1,1,23,5,3,0,0,0,0,0,9,1,8,2017.0,010023396,E09000015,0.0,5.0,2.0,2017.0,010023396,5.0,1.0,0.0,2.0,9.0,-1,2017.0,010023396,2017,2,1,3
264727,2017010023553,531930.0,185820.0,-0.098358,51.555847,1,Slight,2,1,2017-02-25,Saturday,19:30,Islington,E09000019,3,1201,9,30.0,3,9,6,0,,,7,9,9,9,9,1,2,E01002752,3,1,25/02/2017,25/02/2017,1,9,9,18,,9,9,99,9,99,,,6,Male,25,21 - 25,1995,2,8,-1,-1,,1,1,1,1,25,5,3,0,0,0,0,0,9,-1,-1,2017.0,010023553,E09000019,0.0,9.0,2.0,2017.0,010023553,9.0,9.0,99.0,9.0,9.0,-1,2017.0,010023553,2017,2,1,19
264744,2017010023582,522880.0,181210.0,-0.23044,51.516458,1,Slight,3,1,2017-07-03,Monday,21:45,Hammersmith and Fulham,E09000013,5,0,6,20.0,0,-1,-1,-1,,,4,1,1,0,0,1,1,E01001874,3,1,07/03/2017,07/03/2017,1,4,0,18,,0,1,0,0,0,,,2,Male,21,21 - 25,125,1,3,2,1,,1,1,1,1,21,5,3,0,0,0,0,0,4,1,2,2017.0,010023582,E09000013,0.0,0.0,2.0,2017.0,010023582,7.0,3.0,0.0,1.0,1.0,-1,2017.0,010023582,2017,7,1,21
264745,2017010023583,522640.0,187250.0,-0.231792,51.570794,1,Slight,2,1,2017-07-03,Monday,21:00,Barnet,E09000003,3,5,3,30.0,1,4,3,406,,,4,2,2,0,0,1,1,E01000223,3,1,07/03/2017,07/03/2017,1,9,0,7,,1,0,0,0,0,,,6,Male,23,21 - 25,999,1,2,6,1,,1,1,1,1,23,5,3,0,0,0,0,0,9,1,6,2017.0,010023583,E09000003,0.0,0.0,2.0,2017.0,010023583,5.0,1.0,0.0,3.0,1.0,-1,2017.0,010023583,2017,7,1,21
264748,2017010023588,536410.0,182490.0,-0.035066,51.524858,1,Serious,2,2,2017-08-03,Thursday,00:52,Tower Hamlets,E09000030,3,11,6,30.0,6,2,3,1205,,,4,2,2,0,0,1,1,E01004270,2,2,08/03/2017,08/03/2017,1,4,0,18,,1,0,0,0,0,,,6,Male,29,26 - 35,125,1,8,2,1,,1,1,1,1,29,6,3,0,0,0,0,0,4,1,2,2017.0,010023588,E09000030,0.0,1.0,2.0,2017.0,010023588,7.0,3.0,0.0,1.0,1.0,-1,2017.0,010023588,2017,8,4,0
264751,2017010023591,538210.0,171820.0,-0.013308,51.428538,1,Slight,2,4,2017-08-03,Thursday,01:25,Lewisham,E09000023,3,2218,3,20.0,6,2,3,21,,,4,2,2,0,0,1,1,E01003352,3,1,08/03/2017,08/03/2017,1,9,0,18,,8,0,0,0,0,,,6,Male,22,21 - 25,2143,2,1,8,1,,1,1,1,1,22,5,3,0,0,0,0,0,9,1,8,2017.0,010023591,E09000023,0.0,5.0,2.0,2017.0,010023591,4.0,8.0,0.0,1.0,1.0,-1,2017.0,010023591,2017,8,4,1
264754,2017010023594,530400.0,176340.0,-0.123919,51.471008,1,Slight,2,1,2017-07-03,Monday,20:30,Lambeth,E09000022,3,3,6,30.0,3,4,6,0,,,4,1,2,0,0,1,1,E01003128,3,1,07/03/2017,07/03/2017,1,9,0,9,,1,0,0,0,0,,,6,Female,25,21 - 25,1686,2,6,1,1,,2,1,1,1,23,5,3,0,0,0,0,0,4,1,6,2017.0,010023594,E09000022,0.0,4.0,2.0,2017.0,010023594,3.0,7.0,0.0,1.0,1.0,-1,2017.0,010023594,2017,7,1,20
264807,2017010023810,509690.0,173670.0,-0.422792,51.451399,1,Serious,2,1,2017-08-03,Thursday,18:48,Hounslow,E09000018,4,3377,1,30.0,3,4,6,0,,,4,1,2,0,0,1,1,E01002560,2,2,08/03/2017,08/03/2017,1,9,0,18,,4,0,0,0,0,,,6,Female,29,26 - 35,1242,1,11,5,1,,2,1,1,1,16,4,2,0,0,0,0,0,2,1,4,2017.0,010023810,E09000018,0.0,0.0,2.0,2017.0,010023810,8.0,4.0,0.0,3.0,1.0,-1,2017.0,010023810,2017,8,2,18
264814,2017010023819,531530.0,183480.0,-0.104999,51.534912,1,Slight,1,1,2017-08-03,Thursday,21:10,Islington,E09000019,3,1,6,30.0,0,-1,-1,-1,,,4,1,1,0,0,1,1,E01002794,3,1,08/03/2017,08/03/2017,1,8,0,3,,0,0,0,0,0,,,1,Male,22,21 - 25,1968,2,3,3,1,,1,1,3,2,26,6,3,9,9,0,0,2,0,1,1,2017.0,010023819,E09000019,0.0,5.0,2.0,2017.0,010023819,3.0,3.0,0.0,2.0,1.0,-1,2017.0,010023819,2017,8,1,21
264817,2017010023823,542270.0,172070.0,0.045153,51.429781,1,Slight,2,1,2017-08-03,Thursday,23:30,Bromley,E09000006,5,0,6,30.0,6,4,6,0,,,1,1,1,0,0,1,1,E01000782,3,1,08/03/2017,08/03/2017,1,9,0,18,,8,0,0,0,0,,,6,Male,27,26 - 35,1499,2,1,2,1,,2,1,1,1,78,11,3,0,0,0,0,0,9,1,2,2017.0,010023823,E09000006,0.0,0.0,2.0,2017.0,010023823,1.0,5.0,0.0,1.0,1.0,-1,2017.0,010023823,2017,8,1,23
264831,2017010023865,521350.0,190760.0,-0.249185,51.602618,1,Slight,1,1,2017-02-25,Saturday,21:52,Barnet,E09000003,6,0,9,30.0,99,9,6,0,,,4,9,9,9,9,1,2,E01000153,3,1,25/02/2017,25/02/2017,1,9,9,99,,9,9,99,9,99,,,6,Male,30,26 - 35,1199,1,13,3,1,,1,1,1,1,30,6,3,0,0,0,0,0,9,1,3,2017.0,010023865,E09000003,0.0,9.0,2.0,2017.0,010023865,9.0,9.0,99.0,9.0,9.0,-1,2017.0,010023865,2017,2,1,21
264880,2017010024081,537510.0,182890.0,-0.019063,51.528186,1,Slight,1,1,2017-09-03,Sunday,20:12,Tower Hamlets,E09000030,3,11,3,30.0,0,-1,-1,-1,,,4,1,1,0,0,1,1,E01004225,3,1,09/03/2017,09/03/2017,1,9,0,4,,0,0,0,0,0,,,6,Male,21,21 - 25,1397,1,15,-1,-1,,1,1,3,2,14,3,3,5,3,0,0,2,0,1,4,2017.0,010024081,E09000030,0.0,5.0,2.0,2017.0,010024081,7.0,3.0,0.0,1.0,1.0,-1,2017.0,010024081,2017,9,1,20
264883,2017010024084,534960.0,180920.0,-0.056555,51.511098,1,Slight,2,1,2017-09-03,Sunday,21:32,Tower Hamlets,E09000030,4,126,6,20.0,3,4,6,0,,,4,1,1,0,0,1,1,E01004301,3,1,09/03/2017,09/03/2017,1,9,0,7,,1,0,0,0,0,,,6,Male,20,16 - 20,1200,1,3,2,1,,2,1,1,1,28,6,3,0,0,0,0,0,1,1,5,2017.0,010024084,E09000030,0.0,1.0,2.0,2017.0,010024084,3.0,7.0,0.0,2.0,1.0,-1,2017.0,010024084,2017,9,1,21
264891,2017010024092,526070.0,171020.0,-0.188121,51.424176,1,Slight,1,1,2017-09-03,Sunday,21:50,Merton,E09000024,3,218,6,30.0,3,3,6,0,,,4,1,1,0,0,1,1,E01003458,3,1,09/03/2017,09/03/2017,1,4,0,18,,2,0,4,0,0,,,6,Male,19,16 - 20,125,1,3,7,1,,1,1,1,1,19,4,3,0,0,0,0,0,4,1,7,2017.0,010024092,E09000024,0.0,0.0,2.0,2017.0,010024092,1.0,5.0,0.0,1.0,1.0,-1,2017.0,010024092,2017,9,1,21
264893,2017010024094,543800.0,184180.0,0.072075,51.538212,1,Serious,1,1,2017-09-03,Sunday,22:45,Barking and Dagenham,E09000002,3,124,6,30.0,0,-1,-1,-1,,,4,1,1,0,0,1,1,E01000008,2,2,09/03/2017,09/03/2017,1,9,0,18,,0,0,0,0,0,,,6,Male,30,26 - 35,2191,2,4,2,1,,1,1,3,1,39,7,2,5,3,0,0,2,0,-1,-1,2017.0,010024094,E09000002,0.0,0.0,2.0,2017.0,010024094,5.0,1.0,0.0,3.0,1.0,-1,2017.0,010024094,2017,9,2,22
264894,2017010024095,507640.0,184830.0,-0.448881,51.552102,1,Slight,2,1,2017-10-03,Tuesday,00:08,Hillingdon,E09000017,3,437,6,30.0,6,2,3,437,,,4,1,1,0,0,1,1,E01002513,3,1,10/03/2017,10/03/2017,1,9,0,18,,8,0,0,0,0,,,6,Male,35,26 - 35,1595,1,7,9,1,,1,1,1,1,35,6,3,0,0,0,0,0,9,1,9,2017.0,010024095,E09000017,0.0,4.0,2.0,2017.0,010024095,5.0,1.0,0.0,1.0,1.0,-1,2017.0,010024095,2017,10,1,0
264895,2017010024096,511980.0,186410.0,-0.385809,51.565458,1,Slight,3,1,2017-10-03,Tuesday,02:50,Hillingdon,E09000017,5,0,6,30.0,3,4,6,0,,,4,1,1,0,0,1,1,E01032577,3,1,10/03/2017,10/03/2017,1,9,0,18,,8,0,0,1,10,,,6,Male,22,21 - 25,1598,1,12,6,2,,1,1,1,1,22,5,3,0,0,0,0,0,9,2,6,2017.0,010024096,E09000017,0.0,0.0,2.0,2017.0,010024096,8.0,4.0,0.0,1.0,1.0,-1,2017.0,010024096,2017,10,1,2
264901,2017010024109,528430.0,180320.0,-0.15082,51.507227,1,Slight,2,1,2017-08-03,Thursday,18:30,Westminster,E09000033,5,0,6,30.0,6,3,6,0,,,4,1,1,0,0,1,2,E01004762,3,1,08/03/2017,08/03/2017,1,4,0,18,,1,0,0,0,0,,,6,Male,29,26 - 35,279,1,1,8,1,,1,1,1,1,29,6,3,0,0,0,0,0,4,1,8,2017.0,010024109,E09000033,0.0,0.0,2.0,2017.0,010024109,5.0,1.0,0.0,1.0,1.0,-1,2017.0,010024109,2017,8,1,18
264914,2017010024210,530890.0,168910.0,-0.119612,51.404123,1,Serious,2,1,2017-02-03,Friday,19:43,Croydon,E09000008,3,23,6,30.0,3,4,6,0,,,4,1,1,0,0,1,2,E01001090,2,2,02/03/2017,02/03/2017,1,9,0,18,,8,0,0,0,0,,,6,Male,32,26 - 35,1499,1,0,9,1,,2,1,1,1,18,4,2,0,0,0,0,0,1,1,5,2017.0,010024210,E09000008,0.0,0.0,2.0,2017.0,010024210,1.0,5.0,0.0,2.0,9.0,-1,2017.0,010024210,2017,2,2,19
264954,2017010024302,531140.0,186540.0,-0.109479,51.562502,1,Slight,4,3,2017-10-03,Tuesday,20:30,Islington,E09000019,3,503,6,30.0,3,4,6,0,,,4,1,1,0,3,1,1,E01002734,3,1,10/03/2017,10/03/2017,1,9,0,4,,2,0,0,0,0,,,1,Male,35,26 - 35,2993,2,2,-1,-1,,2,1,2,1,28,6,3,0,0,1,0,0,9,1,2,2017.0,010024302,E09000019,0.0,0.0,2.0,2017.0,010024302,6.0,2.0,0.0,3.0,1.0,-1,2017.0,010024302,2017,10,3,20