,accident_index,location_easting_osgr,location_northing_osgr,longitude,latitude,police_force,accident_severity,number_of_vehicles,number_of_casualties,date,day_of_week,time,local_authority_district,local_authority_highway,first_road_class,first_road_number,road_type,speed_limit,junction_detail,junction_control,second_road_class,second_road_number,pedestrian_crossing-human_control,pedestrian_crossing-physical_facilities,light_conditions,weather_conditions,road_surface_conditions,special_conditions_at_site,carriageway_hazards,urban_or_rural_area,did_police_officer_attend_scene_of_accident,lsoa_of_accident_location,accident_severity_num,accident_severity_inv,date2,date_original,vehicle_reference_x,vehicle_type,towing_and_articulation,vehicle_manoeuvre,vehicle_location-restricted_lane,junction_location,skidding_and_overturning,hit_object_in_carriageway,vehicle_leaving_carriageway,hit_object_off_carriageway,1st_point_of_impact,was_vehicle_left_hand_drive?,journey_purpose_of_driver,sex_of_driver,age_of_driver,age_band_of_driver,engine_capacity_cc,propulsion_code,age_of_vehicle,driver_imd_decile,driver_home_area_type,vehicle_imd_decile,vehicle_reference_y,casualty_reference,casualty_class,sex_of_casualty,age_of_casualty,age_band_of_casualty,casualty_severity,pedestrian_location,pedestrian_movement,car_passenger,bus_or_coach_passenger,pedestrian_road_maintenance_worker,casualty_type,casualty_home_area_type,casualty_imd_decile,accident_year_x,accident_reference_x,local_authority_ons_district,pedestrian_crossing_human_control,pedestrian_crossing_physical_facilities,trunk_road_flag,accident_year_y,accident_reference_y,vehicle_direction_from,vehicle_direction_to,vehicle_location_restricted_lane,first_point_of_impact,vehicle_left_hand_drive,generic_make_model,accident_year,accident_reference,year,month,severity,hours
265706,2017010026997,542590.0,183950.0,0.054547,51.536452,1,Slight,2,2,2017-03-19,Sunday,21:30,Newham,E09000025,6,0,6,30.0,6,4,6,0,,,4,9,9,0,0,1,2,E01003521,3,1,19/03/2017,19/03/2017,1,2,0,18,,8,0,0,0,0,,,1,Male,24,21 - 25,49,1,6,3,1,,1,1,1,1,24,5,3,0,0,0,0,0,2,1,3,2017.0,010026997,E09000025,0.0,0.0,2.0,2017.0,010026997,1.0,5.0,0.0,1.0,1.0,-1,2017.0,010026997,2017,3,2,21
265717,2017010027011,525140.0,195880.0,-0.192661,51.647802,1,Slight,1,1,2017-03-21,Tuesday,21:00,Barnet,E09000003,5,0,6,30.0,3,4,5,0,,,4,1,1,0,0,1,1,E01000288,3,1,21/03/2017,21/03/2017,1,9,0,9,,8,0,0,0,0,,,6,Male,23,21 - 25,1242,1,3,2,1,,1,1,3,1,45,7,3,5,3,0,0,2,0,1,7,2017.0,010027011,E09000003,0.0,0.0,2.0,2017.0,010027011,7.0,5.0,0.0,2.0,1.0,-1,2017.0,010027011,2017,3,1,21
265720,2017010027016,528040.0,189630.0,-0.153051,51.590983,1,Slight,2,1,2017-03-21,Tuesday,20:44,Haringey,E09000014,3,504,6,20.0,3,4,6,0,,,4,1,1,0,0,1,1,E01001993,3,1,21/03/2017,21/03/2017,1,3,0,18,,8,0,0,0,0,,,1,Male,23,21 - 25,109,1,3,4,1,,1,1,1,1,23,5,3,0,0,0,0,0,3,1,4,2017.0,010027016,E09000014,0.0,8.0,2.0,2017.0,010027016,3.0,7.0,0.0,3.0,1.0,-1,2017.0,010027016,2017,3,1,20
265722,2017010027019,529540.0,185400.0,-0.132968,51.552627,1,Serious,2,1,2017-03-21,Tuesday,19:20,Islington,E09000019,3,5200,6,30.0,3,2,6,0,,,4,1,1,4,0,1,1,E01000924,2,2,21/03/2017,21/03/2017,1,9,0,9,,8,0,0,0,0,,,6,Male,32,26 - 35,1984,1,1,4,1,,2,1,1,1,37,7,2,0,0,0,0,0,5,1,2,2017.0,010027019,E09000019,0.0,0.0,2.0,2017.0,010027019,8.0,4.0,0.0,3.0,1.0,-1,2017.0,010027019,2017,3,2,19
265723,2017010027020,536390.0,162980.0,-0.042863,51.349539,1,Slight,1,1,2017-03-21,Tuesday,22:18,Croydon,E09000008,3,2022,6,30.0,3,4,6,0,,,4,1,1,0,0,1,1,E01001061,3,1,21/03/2017,21/03/2017,1,9,0,18,,6,5,0,0,0,,,2,Female,23,21 - 25,1240,1,13,1,1,,1,1,1,2,23,5,3,0,0,0,0,0,9,1,1,2017.0,010027020,E09000008,0.0,0.0,2.0,2017.0,010027020,6.0,4.0,0.0,1.0,1.0,-1,2017.0,010027020,2017,3,1,22
265729,2017010027027,534100.0,176690.0,-0.070547,51.47329,1,Serious,1,1,2017-03-22,Wednesday,01:00,Southwark,E09000028,3,202,6,20.0,3,4,6,0,,,4,1,1,0,0,1,1,E01004067,2,2,22/03/2017,22/03/2017,1,9,0,18,,1,0,0,0,0,,,6,Male,32,26 - 35,1598,1,10,8,1,,1,1,3,2,18,4,2,5,3,0,0,2,0,-1,-1,2017.0,010027027,E09000028,0.0,0.0,2.0,2017.0,010027027,3.0,7.0,0.0,3.0,1.0,-1,2017.0,010027027,2017,3,2,1
265731,2017010027029,539080.0,168980.0,-0.001915,51.402804,1,Slight,2,1,2017-03-22,Wednesday,00:12,Bromley,E09000006,5,0,6,30.0,3,4,6,0,,,4,1,1,0,0,1,1,E01000828,3,1,22/03/2017,22/03/2017,1,9,0,17,,1,1,0,7,10,,,6,Male,20,16 - 20,1850,1,16,2,1,,1,1,1,1,20,4,3,0,0,0,0,0,9,1,2,2017.0,010027029,E09000006,0.0,0.0,2.0,2017.0,010027029,5.0,4.0,0.0,2.0,1.0,-1,2017.0,010027029,2017,3,1,0
265735,2017010027041,531350.0,178410.0,-0.10948,51.489391,1,Serious,2,1,2017-03-22,Wednesday,04:57,Lambeth,E09000022,3,3204,7,20.0,3,4,6,0,,,4,1,1,0,0,1,1,E01003106,2,2,22/03/2017,22/03/2017,1,4,0,5,,1,1,0,0,0,,,6,Male,22,21 - 25,125,1,3,4,1,,1,1,1,1,22,5,2,0,0,0,0,0,4,1,4,2017.0,010027041,E09000022,0.0,0.0,2.0,2017.0,010027041,2.0,6.0,0.0,3.0,1.0,-1,2017.0,010027041,2017,3,2,4
265782,2017010027261,544010.0,185330.0,0.07557,51.548492,1,Slight,2,1,2017-02-28,Tuesday,21:03,Redbridge,E09000026,3,123,6,30.0,0,-1,-1,-1,,,4,9,9,9,9,1,2,E01003734,3,1,28/02/2017,28/02/2017,1,9,0,18,,0,9,0,0,0,,,6,Male,27,26 - 35,1956,2,5,-1,-1,,1,1,1,1,27,6,3,0,0,0,0,0,9,-1,-1,2017.0,010027261,E09000026,0.0,9.0,2.0,2017.0,010027261,5.0,1.0,0.0,2.0,9.0,-1,2017.0,010027261,2017,2,1,21
265791,2017010027277,536170.0,189470.0,-0.035824,51.58764,1,Serious,2,1,2017-03-22,Wednesday,18:00,Waltham Forest,E09000031,3,503,6,30.0,3,4,6,0,,,1,1,1,0,0,1,1,E01004396,2,2,22/03/2017,22/03/2017,1,2,0,18,,8,0,0,0,0,,,6,Male,18,16 - 20,124,1,6,4,1,,1,1,1,1,18,4,2,0,0,0,0,0,2,1,4,2017.0,010027277,E09000031,0.0,0.0,2.0,2017.0,010027277,3.0,7.0,0.0,4.0,1.0,-1,2017.0,010027277,2017,3,2,18
265803,2017010027294,538530.0,185360.0,-0.003398,51.550133,1,Serious,2,1,2017-03-22,Wednesday,19:45,Newham,E09000025,6,0,6,30.0,3,4,3,112,,,4,8,2,0,0,1,1,E01033583,2,2,22/03/2017,22/03/2017,1,9,0,9,,8,0,0,0,0,,,6,Male,24,21 - 25,1390,1,14,1,1,,2,1,1,1,31,6,2,0,0,0,0,0,4,1,4,2017.0,010027294,E09000025,0.0,4.0,2.0,2017.0,010027294,5.0,3.0,0.0,1.0,1.0,-1,2017.0,010027294,2017,3,2,19
265807,2017010027299,547250.0,168480.0,0.115249,51.396252,1,Slight,2,1,2017-03-20,Monday,18:00,Bromley,E09000006,5,0,6,30.0,3,4,6,0,,,1,1,1,0,0,1,1,E01000719,3,1,20/03/2017,20/03/2017,1,9,0,18,,2,0,0,0,0,,,6,Female,20,16 - 20,1995,2,5,2,1,,1,1,2,2,42,7,3,0,0,1,0,0,9,1,2,2017.0,010027299,E09000006,0.0,0.0,2.0,2017.0,010027299,1.0,5.0,0.0,2.0,1.0,-1,2017.0,010027299,2017,3,1,18
265814,2017010027307,524660.0,175200.0,-0.20692,51.462055,1,Slight,2,1,2017-03-22,Wednesday,20:10,Wandsworth,E09000032,3,3209,6,30.0,3,4,6,0,,,4,2,2,0,0,1,1,E01033135,3,1,22/03/2017,22/03/2017,1,9,0,18,,1,0,0,0,0,,,2,Male,31,26 - 35,1242,1,11,2,1,,1,1,2,1,45,7,3,0,0,1,0,0,9,1,2,2017.0,010027307,E09000032,0.0,4.0,2.0,2017.0,010027307,3.0,7.0,0.0,1.0,1.0,-1,2017.0,010027307,2017,3,1,20
265815,2017010027309,518010.0,187720.0,-0.298411,51.576004,1,Slight,2,1,2017-03-22,Wednesday,22:28,Brent,E09000005,5,0,6,30.0,8,1,6,0,,,4,1,1,0,0,1,1,E01000539,3,1,22/03/2017,22/03/2017,1,9,0,9,,5,0,0,7,10,,,6,Male,27,26 - 35,1998,1,15,8,1,,1,1,1,1,27,6,3,0,0,0,0,0,9,1,8,2017.0,010027309,E09000005,0.0,0.0,2.0,2017.0,010027309,7.0,3.0,0.0,3.0,1.0,-1,2017.0,010027309,2017,3,1,22
265847,2017010027456,535320.0,177240.0,-0.052781,51.477942,1,Slight,2,1,2017-03-17,Friday,21:03,Southwark,E09000028,3,2,9,30.0,3,9,4,2227,,,7,1,9,9,9,1,2,E01004003,3,1,17/03/2017,17/03/2017,1,9,0,99,,9,9,99,9,99,,,6,Male,22,21 - 25,-1,-1,-1,3,1,,1,1,1,1,22,5,3,0,0,0,0,0,9,1,3,2017.0,010027456,E09000028,9.0,9.0,2.0,2017.0,010027456,9.0,9.0,99.0,9.0,1.0,-1,2017.0,010027456,2017,3,1,21
265858,2017010027501,506730.0,186230.0,-0.461576,51.564858,1,Slight,2,1,2017-03-21,Tuesday,20:40,Hillingdon,E09000017,4,467,1,30.0,1,4,5,0,,,4,9,9,9,9,1,2,E01002462,3,1,21/03/2017,21/03/2017,1,9,0,18,,8,0,0,0,0,,,6,Male,30,26 - 35,1199,1,14,3,1,,1,1,1,1,30,6,3,0,0,0,0,0,9,1,3,2017.0,010027501,E09000017,0.0,0.0,2.0,2017.0,010027501,9.0,9.0,0.0,2.0,9.0,-1,2017.0,010027501,2017,3,1,20
265859,2017010027503,529180.0,181530.0,-0.139576,51.51793,1,Slight,2,1,2017-03-22,Wednesday,20:00,Westminster,E09000033,3,5204,6,30.0,0,-1,-1,-1,,,4,1,1,0,0,1,1,E01004765,3,1,22/03/2017,22/03/2017,1,8,0,6,,0,0,0,0,0,,,1,Male,35,26 - 35,1798,8,1,2,1,,2,1,1,1,25,5,3,0,0,0,0,0,1,-1,-1,2017.0,010027503,E09000033,0.0,0.0,2.0,2017.0,010027503,7.0,3.0,0.0,1.0,1.0,-1,2017.0,010027503,2017,3,1,20
265879,2017010073290,521120.0,183500.0,-0.255005,51.537419,1,Slight,3,2,2017-11-28,Tuesday,02:15,Brent,E09000005,4,4492,6,30.0,3,4,4,4492,,,4,1,2,0,0,1,1,E01000525,3,1,28/11/2017,28/11/2017,1,9,0,18,,2,0,0,0,0,,,2,Male,32,26 - 35,1197,1,4,1,1,,1,1,1,1,32,6,3,0,0,0,0,0,9,1,1,2017.0,010073290,E09000005,0.0,0.0,2.0,2017.0,010073290,7.0,3.0,0.0,1.0,1.0,-1,2017.0,010073290,2017,11,2,2
265887,2017010073311,531410.0,191380.0,-0.103777,51.605933,1,Serious,1,1,2017-11-11,Saturday,21:00,Haringey,E09000014,5,0,6,30.0,3,9,6,0,,,7,3,2,9,0,1,2,E01002101,2,2,11/11/2017,11/11/2017,1,9,9,18,,9,9,99,9,99,,,6,Male,30,26 - 35,-1,-1,-1,4,1,,1,1,1,1,30,6,2,0,0,0,0,0,9,1,4,2017.0,010073311,E09000014,0.0,9.0,2.0,2017.0,010073311,9.0,9.0,99.0,9.0,9.0,-1,2017.0,010073311,2017,11,2,21
265902,2017010073381,540660.0,168500.0,0.020594,51.398102,1,Slight,2,1,2017-11-22,Wednesday,18:15,Bromley,E09000006,3,21,9,30.0,99,9,6,0,,,4,9,9,9,9,1,2,E01000670,3,1,22/11/2017,22/11/2017,1,3,9,14,,9,9,99,9,99,,,6,Male,33,26 - 35,124,1,11,9,1,,1,1,1,1,33,6,3,0,0,0,0,0,3,1,9,2017.0,010073381,E09000006,9.0,9.0,2.0,2017.0,010073381,9.0,9.0,99.0,9.0,1.0,-1,2017.0,010073381,2017,11,1,18
265921,2017010073441,520950.0,186130.0,-0.256551,51.561092,1,Slight,3,1,2017-11-23,Thursday,02:40,Brent,E09000005,3,4088,9,30.0,1,9,3,4088,,,4,9,9,0,9,1,2,E01000627,3,1,23/11/2017,23/11/2017,1,9,0,99,,9,9,99,9,99,,,6,Male,28,26 - 35,1968,2,0,4,1,,1,1,1,1,28,6,3,0,0,0,0,0,9,1,4,2017.0,010073441,E09000005,9.0,9.0,2.0,2017.0,010073441,9.0,9.0,99.0,2.0,9.0,-1,2017.0,010073441,2017,11,1,2
265949,2017010073521,517760.0,186260.0,-0.302506,51.562935,1,Serious,1,1,2017-11-28,Tuesday,18:18,Brent,E09000005,3,4088,6,30.0,3,4,6,0,,,4,8,1,0,6,1,1,E01000577,2,2,28/11/2017,28/11/2017,1,3,0,14,,8,0,0,0,0,,,2,Female,22,21 - 25,125,1,0,5,1,,1,1,1,2,22,5,2,0,0,0,0,0,3,1,5,2017.0,010073521,E09000005,0.0,4.0,2.0,2017.0,010073521,3.0,7.0,0.0,0.0,1.0,-1,2017.0,010073521,2017,11,2,18
265951,2017010073523,533930.0,184700.0,-0.069953,51.545311,1,Slight,2,1,2017-11-28,Tuesday,18:15,Hackney,E09000012,4,108,6,20.0,3,4,6,0,,,4,1,1,0,0,1,1,E01001744,3,1,28/11/2017,28/11/2017,1,2,0,18,,8,0,0,0,0,,,6,Male,21,21 - 25,125,1,11,2,1,,1,1,1,1,21,5,3,0,0,0,0,0,2,1,2,2017.0,010073523,E09000012,0.0,0.0,2.0,2017.0,010073523,5.0,1.0,0.0,4.0,1.0,-1,2017.0,010073523,2017,11,1,18
265955,2017010073528,530640.0,166440.0,-0.124113,51.381983,1,Slight,2,1,2017-11-28,Tuesday,06:00,Croydon,E09000008,6,0,1,30.0,1,4,6,0,,,4,1,4,0,0,1,1,E01001010,3,1,28/11/2017,28/11/2017,1,9,0,4,,4,0,0,0,0,,,6,Male,30,26 - 35,2993,2,8,2,1,,1,1,1,1,30,6,3,0,0,0,0,0,9,1,2,2017.0,010073528,E09000008,0.0,0.0,2.0,2017.0,010073528,3.0,7.0,0.0,1.0,1.0,-1,2017.0,010073528,2017,11,1,6
265958,2017010073531,523430.0,179930.0,-0.222965,51.504835,1,Slight,2,1,2017-11-28,Tuesday,20:30,Hammersmith and Fulham,E09000013,3,4020,6,20.0,9,4,6,0,,,4,1,1,0,0,1,1,E01001943,3,1,28/11/2017,28/11/2017,1,3,0,15,,8,0,0,0,0,,,6,Male,18,16 - 20,125,1,1,1,1,,1,1,1,1,18,4,3,0,0,0,0,0,3,1,1,2017.0,010073531,E09000013,0.0,0.0,2.0,2017.0,010073531,7.0,3.0,0.0,1.0,1.0,-1,2017.0,010073531,2017,11,1,20
265964,2017010073547,528310.0,171780.0,-0.155645,51.430505,1,Slight,2,1,2017-11-28,Tuesday,21:10,Wandsworth,E09000032,5,0,6,30.0,6,4,6,0,,,4,1,1,0,0,1,1,E01004483,3,1,28/11/2017,28/11/2017,1,3,0,18,,1,0,0,0,0,,,1,Male,31,26 - 35,108,1,5,3,1,,1,1,1,1,31,6,3,0,0,0,0,0,3,1,3,2017.0,010073547,E09000032,0.0,4.0,2.0,2017.0,010073547,5.0,1.0,0.0,1.0,1.0,-1,2017.0,010073547,2017,11,1,21
265967,2017010073553,533900.0,174040.0,-0.074428,51.449522,1,Slight,2,1,2017-11-28,Tuesday,21:05,Southwark,E09000028,3,2216,9,30.0,3,9,6,0,,,4,1,1,0,0,1,2,E01003958,3,1,28/11/2017,28/11/2017,1,9,0,99,,9,9,99,9,99,,,6,Female,27,26 - 35,1198,1,11,6,1,,1,1,1,2,27,6,3,0,0,0,0,0,9,1,6,2017.0,010073553,E09000028,9.0,9.0,2.0,2017.0,010073553,9.0,9.0,99.0,1.0,9.0,-1,2017.0,010073553,2017,11,1,21
265971,2017010073558,520260.0,190260.0,-0.265087,51.598357,1,Slight,2,1,2017-11-26,Sunday,21:37,Barnet,E09000003,3,5,6,30.0,3,4,6,0,,,4,1,2,0,0,1,1,E01000592,3,1,26/11/2017,26/11/2017,1,9,0,6,,2,0,0,0,0,,,6,Male,27,26 - 35,1896,2,18,-1,-1,,2,1,1,1,29,6,3,0,0,0,0,0,3,1,3,2017.0,010073558,E09000003,0.0,0.0,2.0,2017.0,010073558,5.0,1.0,0.0,4.0,1.0,-1,2017.0,010073558,2017,11,1,21
265973,2017010073561,520920.0,188130.0,-0.256296,51.579074,1,Slight,2,1,2017-11-29,Wednesday,01:45,Brent,E09000005,6,0,6,30.0,0,-1,-1,-1,,,4,1,1,0,0,1,1,E01000518,3,1,29/11/2017,29/11/2017,1,4,0,17,,0,0,10,0,0,,,6,Male,19,16 - 20,125,1,0,-1,-1,,1,1,1,1,19,4,3,0,0,0,0,0,4,-1,-1,2017.0,010073561,E09000005,0.0,0.0,2.0,2017.0,010073561,1.0,5.0,0.0,1.0,1.0,-1,2017.0,010073561,2017,11,1,1
265975,2017010073563,542740.0,174040.0,0.052703,51.447365,1,Slight,2,1,2017-11-28,Tuesday,23:48,Greenwich,E09000011,3,208,6,30.0,0,-1,-1,-1,,,4,1,1,0,0,1,1,E01001615,3,1,28/11/2017,28/11/2017,1,3,0,16,,0,2,4,7,10,,,2,Male,27,26 - 35,125,1,0,6,1,,1,1,1,1,27,6,3,0,0,0,0,0,3,1,6,2017.0,010073563,E09000011,0.0,0.0,2.0,2017.0,010073563,5.0,1.0,0.0,1.0,1.0,-1,2017.0,010073563,2017,11,1,23
265982,2017010073584,533030.0,166120.0,-0.089909,51.378553,1,Slight,1,1,2017-09-13,Wednesday,20:20,Croydon,E09000008,3,222,9,30.0,0,-1,-1,-1,,,7,1,9,0,9,1,2,E01000976,3,1,13/09/2017,13/09/2017,1,3,0,10,,0,0,99,0,0,,,1,Male,21,21 - 25,-1,-1,-1,4,1,,1,1,1,1,21,5,3,0,0,0,0,0,3,1,4,2017.0,010073584,E09000008,0.0,1.0,2.0,2017.0,010073584,9.0,9.0,0.0,2.0,1.0,-1,2017.0,010073584,2017,9,1,20
266034,2017010073815,551140.0,184070.0,0.177783,51.535308,1,Slight,2,2,2017-11-12,Sunday,21:30,Havering,E09000016,3,1112,3,30.0,0,-1,-1,-1,,,4,1,2,0,0,1,1,E01002368,3,1,11/12/2017,11/12/2017,1,9,0,4,,0,0,0,0,0,,,6,Male,23,21 - 25,1339,8,7,2,1,,1,1,1,1,23,5,3,0,0,0,0,0,9,1,2,2017.0,010073815,E09000016,0.0,0.0,2.0,2017.0,010073815,3.0,7.0,0.0,1.0,1.0,-1,2017.0,010073815,2017,11,2,21
266047,2017010073836,530130.0,180050.0,-0.126438,51.504412,1,Slight,1,1,2017-11-29,Wednesday,18:00,Westminster,E09000033,3,3212,6,30.0,0,-1,-1,-1,,,4,1,1,0,0,1,1,E01004736,3,1,29/11/2017,29/11/2017,1,5,0,18,,0,0,0,0,0,,,1,Male,35,26 - 35,599,1,9,2,1,,1,1,3,1,-1,-1,3,4,1,0,0,2,0,-1,-1,2017.0,010073836,E09000033,0.0,5.0,2.0,2017.0,010073836,5.0,1.0,0.0,1.0,1.0,-1,2017.0,010073836,2017,11,1,18
266050,2017010073843,523160.0,179080.0,-0.22715,51.497254,1,Slight,2,1,2017-11-29,Wednesday,19:10,Hammersmith and Fulham,E09000013,5,0,6,30.0,9,4,6,0,,,4,8,1,0,0,1,1,E01001898,3,1,29/11/2017,29/11/2017,1,3,0,13,,1,1,0,0,0,,,6,Male,29,26 - 35,124,1,5,2,1,,1,1,1,1,29,6,3,0,0,0,0,0,3,1,2,2017.0,010073843,E09000013,0.0,0.0,2.0,2017.0,010073843,1.0,5.0,0.0,1.0,1.0,-1,2017.0,010073843,2017,11,1,19
266055,2017010073853,533690.0,187970.0,-0.07217,51.574754,1,Slight,2,1,2017-11-29,Wednesday,19:57,Hackney,E09000012,3,10,6,30.0,3,4,6,0,,,4,1,1,0,0,1,1,E01001814,3,1,29/11/2017,29/11/2017,1,9,0,9,,6,0,0,0,0,,,6,Female,17,16 - 20,1198,1,8,3,1,,2,1,1,1,57,9,3,0,0,0,0,0,3,1,2,2017.0,010073853,E09000012,0.0,0.0,2.0,2017.0,010073853,3.0,2.0,0.0,1.0,1.0,-1,2017.0,010073853,2017,11,1,19
266056,2017010073855,524970.0,162460.0,-0.206943,51.347488,1,Slight,2,1,2017-11-29,Wednesday,18:33,Sutton,E09000029,5,0,1,30.0,1,4,5,0,,,4,1,1,0,0,1,1,E01032623,3,1,29/11/2017,29/11/2017,1,9,0,18,,4,0,0,0,0,,,1,Male,26,26 - 35,-1,-1,-1,10,1,,2,1,1,1,40,7,3,0,0,0,0,0,1,1,9,2017.0,010073855,E09000029,0.0,0.0,2.0,2017.0,010073855,4.0,6.0,0.0,1.0,1.0,-1,2017.0,010073855,2017,11,1,18
266058,2017010073857,523530.0,171160.0,-0.224586,51.425993,1,Slight,2,1,2017-11-29,Wednesday,18:00,Merton,E09000024,4,281,6,30.0,3,4,6,0,,,6,1,1,0,0,1,1,E01003460,3,1,29/11/2017,29/11/2017,1,3,0,13,,2,0,0,0,0,,,6,Male,31,26 - 35,125,1,1,8,1,,1,1,1,1,31,6,3,0,0,0,0,0,3,1,8,2017.0,010073857,E09000024,0.0,0.0,2.0,2017.0,010073857,1.0,5.0,0.0,1.0,1.0,-1,2017.0,010073857,2017,11,1,18
266080,2017010073917,532010.0,181995.0,-0.098639,51.521455,1,Serious,1,1,2017-11-21,Tuesday,23:46,Islington,E09000019,5,0,6,20.0,3,4,6,0,,,1,1,1,0,0,1,2,E01033490,2,2,21/11/2017,21/11/2017,1,9,0,18,,1,0,0,0,0,,,6,Male,34,26 - 35,1950,2,0,6,1,,1,1,3,1,65,9,2,6,9,0,0,2,0,1,9,2017.0,010073917,E09000019,0.0,0.0,2.0,2017.0,010073917,3.0,7.0,0.0,3.0,9.0,-1,2017.0,010073917,2017,11,2,23
266105,2017010074291,523410.0,179930.0,-0.223253,51.504839,1,Slight,2,1,2017-01-09,Monday,20:20,Hammersmith and Fulham,E09000013,3,4020,9,30.0,8,9,6,0,,,1,9,9,9,9,1,2,E01001943,3,1,01/09/2017,01/09/2017,1,9,9,99,,9,9,99,9,99,,,6,Male,29,26 - 35,-1,-1,-1,2,1,,1,1,1,1,29,6,3,0,0,0,0,0,9,1,2,2017.0,010074291,E09000013,9.0,9.0,2.0,2017.0,010074291,9.0,9.0,99.0,9.0,9.0,-1,2017.0,010074291,2017,1,1,20
266129,2017010074361,532320.0,182970.0,-0.093807,51.530145,1,Slight,2,1,2017-11-24,Friday,01:00,Hackney,E09000012,6,0,2,20.0,0,-1,-1,-1,,,7,1,1,0,0,1,2,E01001779,3,1,24/11/2017,24/11/2017,1,9,0,99,,0,9,99,9,99,,,6,Female,27,26 - 35,2143,2,0,3,1,,1,1,1,2,27,6,3,0,0,0,0,0,9,1,3,2017.0,010074361,E09000012,0.0,9.0,2.0,2017.0,010074361,9.0,9.0,99.0,9.0,9.0,-1,2017.0,010074361,2017,11,1,1
266139,2017010074393,523190.0,189390.0,-0.22311,51.589907,1,Slight,2,1,2017-11-30,Thursday,19:58,Barnet,E09000003,3,504,6,30.0,3,4,6,0,,,4,1,1,0,0,1,1,E01000243,3,1,30/11/2017,30/11/2017,1,3,0,4,,8,2,0,0,0,,,6,Male,17,16 - 20,108,1,5,6,1,,1,1,1,1,17,4,3,0,0,0,0,0,3,1,6,2017.0,010074393,E09000003,0.0,1.0,2.0,2017.0,010074393,7.0,3.0,0.0,1.0,1.0,-1,2017.0,010074393,2017,11,1,19
266141,2017010074396,533360.0,187100.0,-0.077259,51.567014,1,Slight,2,1,2017-11-30,Thursday,20:00,Hackney,E09000012,6,0,6,30.0,3,4,4,105,,,4,5,2,0,0,1,1,E01001805,3,1,30/11/2017,30/11/2017,1,9,0,9,,6,0,0,0,0,,,1,Male,30,26 - 35,1968,2,0,1,1,,1,1,1,1,30,6,3,0,0,0,0,0,9,1,1,2017.0,010074396,E09000012,0.0,0.0,2.0,2017.0,010074396,5.0,2.0,0.0,3.0,1.0,-1,2017.0,010074396,2017,11,1,20
266143,2017010074399,536990.0,182930.0,-0.026539,51.528672,1,Slight,2,1,2017-11-30,Thursday,20:15,Tower Hamlets,E09000030,6,0,6,20.0,6,4,6,0,,,4,1,2,0,0,1,1,E01004231,3,1,30/11/2017,30/11/2017,1,9,0,9,,8,0,0,0,0,,,6,Male,28,26 - 35,1796,1,14,2,1,,2,1,1,1,22,5,3,0,0,0,0,0,9,1,7,2017.0,010074399,E09000030,0.0,0.0,2.0,2017.0,010074399,5.0,1.0,0.0,1.0,1.0,-1,2017.0,010074399,2017,11,1,20
266146,2017010074402,550760.0,177360.0,0.169442,51.475119,1,Slight,2,1,2017-11-30,Thursday,18:30,Bexley,E09000004,6,0,6,30.0,0,-1,-1,-1,,,4,1,1,0,0,1,2,E01000372,3,1,30/11/2017,30/11/2017,1,9,0,3,,0,0,0,0,0,,,6,Male,22,21 - 25,1398,1,5,7,1,,1,1,2,2,19,4,3,0,0,1,0,0,9,1,2,2017.0,010074402,E09000004,0.0,0.0,2.0,2017.0,010074402,9.0,9.0,0.0,3.0,1.0,-1,2017.0,010074402,2017,11,1,18
266147,2017010074405,533660.0,189000.0,-0.072212,51.584017,1,Slight,2,1,2017-11-30,Thursday,19:25,Haringey,E09000014,3,10,6,30.0,6,2,3,504,,,4,8,1,0,0,1,1,E01002069,3,1,30/11/2017,30/11/2017,1,3,0,5,,6,0,0,0,0,,,1,Male,24,21 - 25,125,1,3,1,1,,1,1,1,1,24,5,3,0,0,0,0,0,3,1,1,2017.0,010074405,E09000014,0.0,0.0,2.0,2017.0,010074405,0.0,1.0,0.0,3.0,1.0,-1,2017.0,010074405,2017,11,1,19
266151,2017010074409,538390.0,165700.0,-0.013104,51.373499,1,Serious,3,1,2017-11-30,Thursday,20:14,Bromley,E09000006,5,0,6,30.0,0,-1,-1,-1,,,4,8,1,0,0,1,1,E01000841,2,2,30/11/2017,30/11/2017,1,9,0,18,,0,0,4,0,0,,,6,Male,21,21 - 25,1598,2,6,3,1,,2,1,3,1,61,9,2,10,9,0,0,2,0,-1,-1,2017.0,010074409,E09000006,0.0,0.0,2.0,2017.0,010074409,8.0,4.0,0.0,1.0,1.0,-1,2017.0,010074409,2017,11,2,20
266152,2017010074411,512860.0,172110.0,-0.377688,51.436756,1,Slight,1,1,2017-11-30,Thursday,20:20,Hounslow,E09000018,3,316,6,30.0,5,4,3,305,,,4,1,1,0,0,1,1,E01003903,3,1,30/11/2017,30/11/2017,1,9,0,5,,1,0,0,0,0,,,6,Female,32,26 - 35,1229,1,5,4,1,,1,1,3,1,28,6,3,5,9,0,0,2,0,-1,-1,2017.0,010074411,E09000018,0.0,1.0,2.0,2017.0,010074411,3.0,7.0,0.0,3.0,1.0,-1,2017.0,010074411,2017,11,1,20