,accident_index,location_easting_osgr,location_northing_osgr,longitude,latitude,police_force,accident_severity,number_of_vehicles,number_of_casualties,date,day_of_week,time,local_authority_district,local_authority_highway,first_road_class,first_road_number,road_type,speed_limit,junction_detail,junction_control,second_road_class,second_road_number,pedestrian_crossing-human_control,pedestrian_crossing-physical_facilities,light_conditions,weather_conditions,road_surface_conditions,special_conditions_at_site,carriageway_hazards,urban_or_rural_area,did_police_officer_attend_scene_of_accident,lsoa_of_accident_location,accident_severity_num,accident_severity_inv,date2,date_original,vehicle_reference_x,vehicle_type,towing_and_articulation,vehicle_manoeuvre,vehicle_location-restricted_lane,junction_location,skidding_and_overturning,hit_object_in_carriageway,vehicle_leaving_carriageway,hit_object_off_carriageway,1st_point_of_impact,was_vehicle_left_hand_drive?,journey_purpose_of_driver,sex_of_driver,age_of_driver,age_band_of_driver,engine_capacity_cc,propulsion_code,age_of_vehicle,driver_imd_decile,driver_home_area_type,vehicle_imd_decile,vehicle_reference_y,casualty_reference,casualty_class,sex_of_casualty,age_of_casualty,age_band_of_casualty,casualty_severity,pedestrian_location,pedestrian_movement,car_passenger,bus_or_coach_passenger,pedestrian_road_maintenance_worker,casualty_type,casualty_home_area_type,casualty_imd_decile,accident_year_x,accident_reference_x,local_authority_ons_district,pedestrian_crossing_human_control,pedestrian_crossing_physical_facilities,trunk_road_flag,accident_year_y,accident_reference_y,vehicle_direction_from,vehicle_direction_to,vehicle_location_restricted_lane,first_point_of_impact,vehicle_left_hand_drive,generic_make_model,accident_year,accident_reference,year,month,severity,hours
266539,2017010075576,530730.0,174500.0,-0.11985,51.454397,1,Slight,3,5,2017-05-12,Friday,22:27,Lambeth,E09000022,3,23,3,30.0,3,4,6,0,,,4,1,1,0,0,1,1,E01003018,3,1,05/12/2017,05/12/2017,1,9,0,9,,6,1,0,0,0,,,6,Male,22,21 - 25,1398,1,7,1,1,,1,1,1,1,22,5,3,0,0,0,0,0,9,1,1,2017.0,010075576,E09000022,0.0,0.0,2.0,2017.0,010075576,3.0,8.0,0.0,1.0,1.0,-1,2017.0,010075576,2017,5,5,22
266542,2017010075584,540020.0,181740.0,0.016639,51.517236,1,Slight,2,1,2017-05-12,Friday,21:54,Newham,E09000025,3,13,3,50.0,5,4,3,13,,,4,1,1,0,0,1,1,E01003502,3,1,05/12/2017,05/12/2017,1,3,0,18,,2,0,0,0,0,,,6,Male,32,26 - 35,125,1,8,2,1,,1,1,1,1,32,6,3,0,0,0,0,0,3,1,2,2017.0,010075584,E09000025,0.0,0.0,2.0,2017.0,010075584,7.0,3.0,0.0,1.0,1.0,-1,2017.0,010075584,2017,5,1,21
266546,2017010075590,533870.0,182390.0,-0.071695,51.524567,1,Slight,1,1,2017-06-12,Monday,01:30,Tower Hamlets,E09000030,4,134,2,20.0,0,-1,-1,-1,,,4,1,1,0,0,1,1,E01004317,3,1,06/12/2017,06/12/2017,1,9,0,1,,0,0,0,7,0,,,6,Male,20,16 - 20,1399,2,5,6,1,,1,1,3,2,56,9,3,9,9,0,0,2,0,1,3,2017.0,010075590,E09000030,0.0,1.0,2.0,2017.0,010075590,5.0,1.0,0.0,2.0,1.0,-1,2017.0,010075590,2017,6,1,1
266584,2017010075721,529860.0,178980.0,-0.13072,51.494858,1,Slight,1,1,2017-11-26,Sunday,23:00,Westminster,E09000033,4,323,9,30.0,3,9,6,0,,,1,9,9,9,9,1,2,E01004743,3,1,26/11/2017,26/11/2017,1,2,9,99,,9,9,99,9,99,,,6,Male,32,26 - 35,-1,-1,-1,2,1,,1,1,1,1,32,6,3,0,0,0,0,0,2,1,2,2017.0,010075721,E09000033,9.0,9.0,2.0,2017.0,010075721,9.0,9.0,0.0,9.0,1.0,-1,2017.0,010075721,2017,11,1,23
266589,2017010075754,552320.0,175300.0,0.191,51.456193,1,Slight,1,1,2017-08-11,Friday,00:35,Bexley,E09000004,6,0,9,30.0,99,9,6,0,,,4,2,9,9,9,1,2,E01000376,3,1,08/11/2017,08/11/2017,1,9,9,99,,9,9,99,9,99,,,6,Male,20,16 - 20,1596,1,10,9,1,,1,1,1,1,20,4,3,0,0,0,0,0,9,1,9,2017.0,010075754,E09000004,9.0,9.0,2.0,2017.0,010075754,9.0,9.0,99.0,9.0,9.0,-1,2017.0,010075754,2017,8,1,0
266610,2017010075813,529590.0,180740.0,-0.133961,51.510737,1,Slight,2,1,2017-06-12,Monday,20:20,Westminster,E09000033,3,401,6,30.0,7,2,6,0,,,4,1,1,0,0,1,1,E01033595,3,1,06/12/2017,06/12/2017,1,8,0,3,,2,0,0,0,0,,,1,Male,34,26 - 35,1797,8,6,1,1,,2,1,1,1,23,5,3,0,0,0,0,0,1,1,6,2017.0,010075813,E09000033,0.0,1.0,2.0,2017.0,010075813,6.0,2.0,0.0,4.0,1.0,-1,2017.0,010075813,2017,6,1,20
266618,2017010075827,526920.0,183250.0,-0.171511,51.533899,1,Serious,2,1,2017-06-12,Monday,20:20,Westminster,E09000033,6,0,6,30.0,3,4,6,0,,,4,1,1,0,0,1,1,E01004724,2,2,06/12/2017,06/12/2017,1,9,0,5,,1,0,0,0,0,,,6,Female,19,16 - 20,1198,1,1,10,2,,2,1,1,1,51,8,2,0,0,0,0,0,3,1,3,2017.0,010075827,E09000033,0.0,4.0,2.0,2017.0,010075827,6.0,2.0,0.0,4.0,1.0,-1,2017.0,010075827,2017,6,2,20
266619,2017010075828,534800.0,182510.0,-0.058252,51.525424,1,Slight,2,3,2017-06-12,Monday,19:45,Tower Hamlets,E09000030,6,0,6,20.0,0,-1,-1,-1,,,4,1,1,0,0,1,1,E01004212,3,1,06/12/2017,06/12/2017,1,9,0,18,,0,0,0,0,0,,,6,Male,21,21 - 25,1598,2,4,1,1,,1,1,1,1,21,5,3,0,0,0,0,0,9,1,1,2017.0,010075828,E09000030,0.0,0.0,2.0,2017.0,010075828,1.0,5.0,0.0,1.0,1.0,-1,2017.0,010075828,2017,6,3,19
266623,2017010075840,545590.0,187150.0,0.099094,51.56444,1,Slight,2,1,2017-06-12,Monday,21:39,Redbridge,E09000026,6,0,6,30.0,3,4,3,118,,,4,1,1,0,0,1,1,E01003767,3,1,06/12/2017,06/12/2017,1,9,0,7,,2,0,0,0,0,,,6,Male,18,16 - 20,-1,-1,-1,3,1,,2,1,1,1,14,3,3,0,0,0,0,0,1,1,4,2017.0,010075840,E09000026,0.0,0.0,2.0,2017.0,010075840,7.0,1.0,0.0,3.0,1.0,-1,2017.0,010075840,2017,6,1,21
266625,2017010075847,529090.0,162600.0,-0.147766,51.347827,1,Serious,2,1,2017-06-12,Monday,21:50,Sutton,E09000029,3,237,1,30.0,1,4,5,0,,,4,1,1,0,0,1,1,E01004181,2,2,06/12/2017,06/12/2017,1,3,0,5,,4,0,0,0,0,,,2,Male,33,26 - 35,125,1,4,8,1,,1,1,1,1,33,6,2,0,0,0,0,0,3,1,8,2017.0,010075847,E09000029,0.0,0.0,2.0,2017.0,010075847,1.0,5.0,0.0,4.0,1.0,-1,2017.0,010075847,2017,6,2,21
266626,2017010075849,520850.0,185390.0,-0.258247,51.554463,1,Slight,1,1,2017-05-12,Friday,21:25,Brent,E09000005,4,4557,9,30.0,8,9,6,0,,,4,1,1,0,0,1,2,E01000601,3,1,05/12/2017,05/12/2017,1,9,0,99,,9,9,99,9,99,,,6,Male,30,26 - 35,1796,1,8,5,1,,1,1,1,1,30,6,3,0,0,0,0,0,9,1,5,2017.0,010075849,E09000005,9.0,9.0,2.0,2017.0,010075849,9.0,9.0,99.0,2.0,9.0,-1,2017.0,010075849,2017,5,1,21
266628,2017010075853,538210.0,186340.0,-0.007625,51.559018,1,Slight,1,2,2017-06-12,Monday,04:50,Waltham Forest,E09000031,3,112,6,30.0,9,2,6,0,,,1,1,1,0,0,1,2,E01004430,3,1,06/12/2017,06/12/2017,1,9,0,99,,9,9,99,9,99,,,2,Female,32,26 - 35,1995,1,11,2,1,,1,1,1,2,32,6,3,0,0,0,0,0,9,1,2,2017.0,010075853,E09000031,0.0,5.0,2.0,2017.0,010075853,9.0,9.0,99.0,2.0,9.0,-1,2017.0,010075853,2017,6,2,4
266632,2017010075860,541010.0,182310.0,0.031126,51.522112,1,Serious,2,1,2017-06-12,Monday,21:15,Newham,E09000025,3,112,6,30.0,3,2,6,0,,,4,1,1,0,0,1,1,E01003601,2,2,06/12/2017,06/12/2017,1,2,0,18,,2,5,0,0,0,,,6,Male,33,26 - 35,125,1,9,2,1,,1,1,1,1,33,6,2,0,0,0,0,0,2,1,2,2017.0,010075860,E09000025,2.0,5.0,2.0,2017.0,010075860,1.0,5.0,0.0,1.0,1.0,-1,2017.0,010075860,2017,6,2,21
266633,2017010075861,525790.0,168360.0,-0.193089,51.400332,1,Slight,2,1,2017-06-12,Monday,21:30,Merton,E09000024,6,0,9,20.0,3,9,6,0,,,4,1,1,0,0,1,2,E01003453,3,1,06/12/2017,06/12/2017,1,9,0,99,,9,9,99,9,99,,,6,Male,25,21 - 25,1995,2,16,3,1,,1,1,1,1,25,5,3,0,0,0,0,0,9,1,3,2017.0,010075861,E09000024,9.0,0.0,2.0,2017.0,010075861,9.0,9.0,99.0,2.0,9.0,-1,2017.0,010075861,2017,6,1,21
266637,2017010075887,513720.0,172820.0,-0.365093,51.442965,1,Slight,2,2,2017-11-23,Thursday,19:25,Richmond upon Thames,E09000027,4,358,1,30.0,1,2,3,316,,,4,5,2,0,0,1,2,E01003845,3,1,23/11/2017,23/11/2017,1,9,0,3,,4,0,0,0,0,,,2,Female,20,16 - 20,1229,1,10,9,1,,1,1,1,2,20,4,3,0,0,0,0,0,9,1,9,2017.0,010075887,E09000027,0.0,4.0,2.0,2017.0,010075887,9.0,9.0,0.0,2.0,9.0,-1,2017.0,010075887,2017,11,2,19
266653,2017010075967,515470.0,185550.0,-0.335761,51.557026,1,Slight,1,1,2017-11-28,Tuesday,22:40,Harrow,E09000015,3,4127,6,30.0,99,9,6,0,,,4,1,1,0,0,1,2,E01002135,3,1,28/11/2017,28/11/2017,1,9,0,18,,9,0,0,0,0,,,6,Male,27,26 - 35,1950,2,0,9,1,,1,1,1,1,27,6,3,0,0,0,0,0,9,1,9,2017.0,010075967,E09000015,9.0,9.0,2.0,2017.0,010075967,9.0,9.0,0.0,1.0,1.0,-1,2017.0,010075967,2017,11,1,22
266696,2017010076156,528500.0,165990.0,-0.155009,51.378427,1,Slight,2,2,2017-07-12,Wednesday,18:49,Sutton,E09000029,3,237,6,30.0,3,4,6,0,,,4,1,1,0,0,1,1,E01004188,3,1,07/12/2017,07/12/2017,1,9,0,5,,6,0,0,0,0,,,6,Male,22,21 - 25,1197,1,4,10,1,,1,1,1,1,22,5,3,0,0,0,0,0,9,1,10,2017.0,010076156,E09000029,0.0,0.0,2.0,2017.0,010076156,3.0,1.0,0.0,3.0,1.0,-1,2017.0,010076156,2017,7,2,18
266701,2017010076168,526190.0,191870.0,-0.178937,51.61153,1,Slight,2,1,2017-07-12,Wednesday,18:40,Barnet,E09000003,3,598,3,30.0,9,4,6,0,,,4,1,1,0,0,1,1,E01000302,3,1,07/12/2017,07/12/2017,1,2,0,15,,2,0,0,0,0,,,1,Male,20,16 - 20,49,1,2,3,1,,1,1,1,1,20,4,3,0,0,0,0,0,2,1,3,2017.0,010076168,E09000003,0.0,4.0,2.0,2017.0,010076168,1.0,5.0,0.0,1.0,1.0,-1,2017.0,010076168,2017,7,1,18
266714,2017010076189,529410.0,177470.0,-0.137752,51.481391,1,Slight,1,2,2017-07-12,Wednesday,21:02,Wandsworth,E09000032,3,3205,6,30.0,0,-1,-1,-1,,,4,1,2,0,0,1,1,E01004562,3,1,07/12/2017,07/12/2017,1,3,0,18,,0,0,0,0,0,,,2,Male,27,26 - 35,125,1,0,3,1,,1,1,3,2,25,5,3,5,2,0,0,2,0,1,3,2017.0,010076189,E09000032,0.0,0.0,2.0,2017.0,010076189,7.0,3.0,0.0,1.0,1.0,-1,2017.0,010076189,2017,7,2,21
266717,2017010076196,537010.0,180780.0,-0.027087,51.509347,1,Serious,2,3,2017-07-12,Wednesday,23:29,Tower Hamlets,E09000030,6,0,6,20.0,3,4,6,0,,,4,1,1,0,0,1,1,E01004255,2,2,07/12/2017,07/12/2017,1,8,0,9,,8,0,0,0,0,,,1,Male,34,26 - 35,2499,2,6,5,1,,1,1,1,1,34,6,2,0,0,0,0,0,8,1,5,2017.0,010076196,E09000030,0.0,5.0,2.0,2017.0,010076196,6.0,4.0,0.0,1.0,1.0,-1,2017.0,010076196,2017,7,6,23
266719,2017010076201,539320.0,184840.0,0.007783,51.545266,1,Slight,2,1,2017-08-12,Saturday,02:01,Newham,E09000025,6,0,6,30.0,3,4,6,0,,,4,9,1,9,0,1,2,E01003559,3,1,08/12/2017,08/12/2017,1,9,0,99,,9,9,99,9,99,,,6,Male,28,26 - 35,1995,2,5,2,1,,1,1,1,1,28,6,3,0,0,0,0,0,9,1,2,2017.0,010076201,E09000025,0.0,0.0,2.0,2017.0,010076201,9.0,9.0,99.0,4.0,9.0,-1,2017.0,010076201,2017,8,1,2
266724,2017010076209,517260.0,182820.0,-0.310861,51.532121,1,Fatal,1,1,2017-08-12,Saturday,04:05,Ealing,E09000009,3,40,3,40.0,5,4,4,456,,,4,1,1,0,0,1,1,E01001347,1,3,08/12/2017,08/12/2017,1,3,0,7,,5,5,10,1,0,,,6,Male,25,21 - 25,-1,-1,-1,4,1,,1,1,1,1,25,5,1,0,0,0,0,0,3,1,4,2017.0,010076209,E09000009,0.0,0.0,2.0,2017.0,010076209,7.0,3.0,5.0,1.0,1.0,-1,2017.0,010076209,2017,8,3,4
266739,2017010076277,510910.0,177020.0,-0.404192,51.481272,1,Slight,1,1,2017-06-12,Monday,18:20,Hounslow,E09000018,3,312,3,40.0,0,-1,-1,-1,,,4,8,1,0,0,1,2,E01002583,3,1,06/12/2017,06/12/2017,1,9,0,4,,0,9,99,9,99,,,6,Female,27,26 - 35,1591,1,9,6,2,,1,1,1,2,27,6,3,0,0,0,0,0,9,2,6,2017.0,010076277,E09000018,9.0,0.0,2.0,2017.0,010076277,9.0,9.0,99.0,2.0,9.0,-1,2017.0,010076277,2017,6,1,18
266747,2017010076301,523630.0,175180.0,-0.221746,51.462101,1,Slight,2,1,2017-07-12,Wednesday,20:05,Wandsworth,E09000032,3,205,6,30.0,3,4,6,0,,,4,1,1,0,0,1,1,E01004506,3,1,07/12/2017,07/12/2017,1,3,0,18,,1,0,0,0,0,,,1,Male,21,21 - 25,109,1,3,2,1,,1,1,1,1,21,5,3,0,0,0,0,0,3,1,2,2017.0,010076301,E09000032,0.0,0.0,2.0,2017.0,010076301,1.0,5.0,0.0,3.0,1.0,-1,2017.0,010076301,2017,7,1,20
266780,2017010076396,531130.0,185240.0,-0.110107,51.550822,1,Slight,2,1,2017-08-12,Saturday,21:02,Islington,E09000019,3,1,6,20.0,3,4,4,515,,,4,1,1,0,0,1,1,E01002795,3,1,08/12/2017,08/12/2017,1,9,0,9,,6,0,0,0,0,,,6,Male,26,26 - 35,998,1,11,4,1,,2,1,1,2,23,5,3,0,0,0,0,0,1,1,8,2017.0,010076396,E09000019,0.0,1.0,2.0,2017.0,010076396,6.0,4.0,0.0,1.0,1.0,-1,2017.0,010076396,2017,8,1,21
266782,2017010076398,517650.0,179260.0,-0.306429,51.500044,1,Slight,2,1,2017-08-12,Saturday,19:40,Ealing,E09000009,4,455,6,30.0,0,-1,-1,-1,,,4,1,1,0,0,1,1,E01001301,3,1,08/12/2017,08/12/2017,1,3,0,18,,0,0,0,0,0,,,6,Male,24,21 - 25,125,1,1,3,1,,1,1,1,1,24,5,3,0,0,0,0,0,3,1,3,2017.0,010076398,E09000009,0.0,0.0,2.0,2017.0,010076398,1.0,5.0,0.0,1.0,1.0,-1,2017.0,010076398,2017,8,1,19
266794,2017010076423,510780.0,185020.0,-0.403552,51.553202,1,Serious,1,1,2017-08-12,Saturday,19:30,Hillingdon,E09000017,3,4180,6,30.0,0,-1,-1,-1,,,4,1,1,0,6,1,1,E01002499,2,2,08/12/2017,08/12/2017,1,9,0,18,,0,0,11,0,0,,,6,Male,25,21 - 25,2261,1,1,6,1,,1,1,3,2,43,7,2,4,1,0,0,2,0,1,8,2017.0,010076423,E09000017,0.0,4.0,2.0,2017.0,010076423,1.0,4.0,0.0,1.0,1.0,-1,2017.0,010076423,2017,8,2,19
266796,2017010076432,517200.0,182820.0,-0.311726,51.532134,1,Slight,1,4,2017-08-12,Saturday,02:22,Ealing,E09000009,3,40,3,50.0,0,-1,-1,-1,,,4,1,1,0,0,1,2,E01001347,3,1,08/12/2017,08/12/2017,1,8,0,99,,0,9,99,9,99,,,6,Male,34,26 - 35,1910,2,9,1,1,,1,1,1,1,34,6,3,0,0,0,0,0,8,1,1,2017.0,010076432,E09000009,9.0,0.0,2.0,2017.0,010076432,9.0,9.0,99.0,9.0,9.0,-1,2017.0,010076432,2017,8,4,2
266797,2017010076434,520410.0,182770.0,-0.265487,51.53101,1,Slight,2,1,2017-09-12,Tuesday,01:15,Ealing,E09000009,4,4492,6,30.0,0,-1,-1,-1,,,4,1,4,0,0,1,1,E01001246,3,1,09/12/2017,09/12/2017,1,9,0,17,,0,2,4,0,0,,,6,Male,22,21 - 25,1296,1,9,2,1,,1,1,1,1,22,5,3,0,0,0,0,0,9,1,2,2017.0,010076434,E09000009,0.0,0.0,2.0,2017.0,010076434,2.0,6.0,0.0,1.0,1.0,-1,2017.0,010076434,2017,9,1,1
266799,2017010076438,524670.0,161540.0,-0.21157,51.339286,1,Slight,1,1,2017-08-12,Saturday,22:10,Sutton,E09000029,6,0,6,30.0,3,4,6,0,,,4,8,4,0,0,1,1,E01004114,3,1,08/12/2017,08/12/2017,1,9,0,18,,1,5,0,0,0,,,6,Male,26,26 - 35,1896,2,17,10,1,,1,1,1,1,26,6,3,0,0,0,0,0,9,1,10,2017.0,010076438,E09000029,0.0,0.0,2.0,2017.0,010076438,1.0,5.0,0.0,4.0,1.0,-1,2017.0,010076438,2017,8,1,22
266800,2017010076441,524500.0,180910.0,-0.20721,51.513408,1,Slight,2,7,2017-09-12,Tuesday,03:11,Kensington and Chelsea,E09000020,4,450,6,30.0,7,1,6,0,,,4,8,4,0,0,1,1,E01002874,3,1,09/12/2017,09/12/2017,1,9,0,18,,1,0,0,8,2,,,6,Male,26,26 - 35,1598,2,2,1,1,,1,1,1,1,26,6,3,0,0,0,0,0,9,1,1,2017.0,010076441,E09000020,0.0,8.0,2.0,2017.0,010076441,5.0,1.0,0.0,1.0,1.0,-1,2017.0,010076441,2017,9,7,3
266801,2017010076442,529820.0,175500.0,-0.132573,51.463593,1,Slight,1,1,2017-09-12,Tuesday,02:37,Lambeth,E09000022,3,3,6,20.0,3,4,6,0,,,4,1,1,0,0,1,1,E01003054,3,1,09/12/2017,09/12/2017,1,8,0,18,,1,0,0,0,0,,,6,Male,20,16 - 20,1596,1,3,2,1,,1,1,3,1,22,5,3,5,3,0,0,2,0,1,2,2017.0,010076442,E09000022,2.0,0.0,2.0,2017.0,010076442,3.0,7.0,0.0,1.0,1.0,-1,2017.0,010076442,2017,9,1,2
266802,2017010076445,536920.0,184370.0,-0.026988,51.541629,1,Slight,1,1,2017-08-12,Saturday,23:16,Tower Hamlets,E09000030,3,12,3,40.0,0,-1,-1,-1,,,4,1,1,0,0,1,1,E01004223,3,1,08/12/2017,08/12/2017,1,9,0,18,,0,1,10,0,0,,,6,Female,23,21 - 25,1398,1,1,-1,-1,,1,1,1,2,23,5,3,0,0,0,0,0,9,-1,-1,2017.0,010076445,E09000030,0.0,0.0,2.0,2017.0,010076445,5.0,1.0,0.0,4.0,1.0,-1,2017.0,010076445,2017,8,1,23
266803,2017010076446,528090.0,181390.0,-0.155328,51.51692,1,Slight,2,1,2017-08-12,Saturday,23:55,Westminster,E09000033,3,41,3,30.0,3,4,6,0,,,4,1,1,0,0,1,1,E01004714,3,1,08/12/2017,08/12/2017,1,9,0,18,,1,0,0,1,10,,,6,Male,29,26 - 35,-1,-1,-1,3,1,,1,1,1,1,29,6,3,0,0,0,0,0,9,1,3,2017.0,010076446,E09000033,0.0,0.0,2.0,2017.0,010076446,5.0,1.0,9.0,1.0,1.0,-1,2017.0,010076446,2017,8,1,23
266804,2017010076449,531380.0,161510.0,-0.115304,51.337507,1,Slight,1,1,2017-09-12,Tuesday,23:40,Croydon,E09000008,3,22,6,30.0,3,2,3,22,,,4,1,1,0,0,1,1,E01001097,3,1,09/12/2017,09/12/2017,1,9,0,5,,1,0,0,0,0,,,1,Female,33,26 - 35,1498,1,11,6,3,,1,1,3,2,40,7,3,1,3,0,0,2,0,1,6,2017.0,010076449,E09000008,1.0,5.0,2.0,2017.0,010076449,2.0,6.0,0.0,1.0,1.0,-1,2017.0,010076449,2017,9,1,23
266805,2017010076451,528160.0,184990.0,-0.15301,51.549257,1,Slight,2,1,2017-08-12,Saturday,23:10,Camden,E09000007,6,0,9,20.0,6,4,4,517,,,1,1,2,0,0,1,2,E01000891,3,1,08/12/2017,08/12/2017,1,9,0,3,,2,0,0,0,0,,,6,Male,19,16 - 20,1229,1,11,2,1,,1,1,1,1,19,4,3,0,0,0,0,0,9,1,2,2017.0,010076451,E09000007,0.0,0.0,2.0,2017.0,010076451,6.0,2.0,0.0,1.0,1.0,-1,2017.0,010076451,2017,8,1,23
266808,2017010076455,535800.0,176850.0,-0.046024,51.474322,1,Slight,2,1,2017-09-12,Tuesday,02:31,Lewisham,E09000023,3,2,6,30.0,5,2,3,202,,,4,1,1,0,0,1,1,E01003339,3,1,09/12/2017,09/12/2017,1,8,0,18,,2,0,0,0,0,,,6,Male,35,26 - 35,2143,2,6,6,1,,1,1,1,1,35,6,3,0,0,0,0,0,8,1,6,2017.0,010076455,E09000023,0.0,0.0,2.0,2017.0,010076455,5.0,1.0,0.0,2.0,1.0,-1,2017.0,010076455,2017,9,1,2
266810,2017010076466,532170.0,180110.0,-0.09704,51.504478,1,Slight,2,1,2017-07-11,Tuesday,20:45,Southwark,E09000028,6,0,9,30.0,99,9,6,0,,,4,9,9,9,0,1,2,E01003927,3,1,07/11/2017,07/11/2017,1,4,0,99,,9,9,99,9,99,,,6,Male,32,26 - 35,399,1,7,-1,-1,,1,1,1,1,32,6,3,0,0,0,0,0,4,-1,-1,2017.0,010076466,E09000028,9.0,9.0,2.0,2017.0,010076466,9.0,9.0,99.0,1.0,1.0,-1,2017.0,010076466,2017,7,1,20
266854,2017010076596,543470.0,186350.0,0.068204,51.557795,1,Slight,2,1,2017-09-12,Tuesday,19:42,Redbridge,E09000026,3,118,2,30.0,0,-1,-1,-1,,,4,1,9,0,0,1,2,E01003728,3,1,09/12/2017,09/12/2017,1,9,0,99,,0,9,99,9,99,,,6,Male,32,26 - 35,1685,2,5,6,1,,1,1,1,1,32,6,3,0,0,0,0,0,9,1,6,2017.0,010076596,E09000026,9.0,5.0,2.0,2017.0,010076596,9.0,9.0,99.0,2.0,9.0,-1,2017.0,010076596,2017,9,1,19
266856,2017010076600,533140.0,176710.0,-0.084354,51.473696,1,Slight,2,1,2017-09-12,Tuesday,20:42,Southwark,E09000028,3,202,6,20.0,3,3,6,0,,,4,1,1,0,0,1,1,E01003911,3,1,09/12/2017,09/12/2017,1,9,0,3,,1,0,0,0,0,,,2,Male,35,26 - 35,998,1,1,4,1,,2,1,1,1,32,6,3,0,0,0,0,0,3,1,2,2017.0,010076600,E09000028,0.0,1.0,2.0,2017.0,010076600,3.0,7.0,0.0,1.0,1.0,-1,2017.0,010076600,2017,9,1,20
266862,2017010076622,538610.0,174550.0,-0.00649,51.452973,1,Slight,2,2,2017-09-12,Tuesday,18:25,Lewisham,E09000023,6,0,6,20.0,6,4,6,0,,,4,1,1,0,0,1,1,E01003290,3,1,09/12/2017,09/12/2017,1,8,0,18,,8,0,0,7,0,,,1,Male,29,26 - 35,1598,2,1,4,1,,1,1,1,1,29,6,3,0,0,0,0,0,8,1,4,2017.0,010076622,E09000023,0.0,0.0,2.0,2017.0,010076622,2.0,6.0,0.0,1.0,1.0,-1,2017.0,010076622,2017,9,2,18
266870,2017010076636,529840.0,180440.0,-0.130471,51.507983,1,Slight,2,1,2017-09-12,Tuesday,23:30,Westminster,E09000033,3,4,2,20.0,7,2,3,4,,,4,1,1,0,0,1,1,E01004736,3,1,09/12/2017,09/12/2017,1,3,0,3,,1,0,10,0,0,,,6,Male,21,21 - 25,124,1,8,2,1,,1,1,1,1,21,5,3,0,0,0,0,0,3,1,2,2017.0,010076636,E09000033,0.0,5.0,2.0,2017.0,010076636,1.0,5.0,0.0,2.0,1.0,-1,2017.0,010076636,2017,9,1,23
266872,2017010076640,540460.0,181740.0,0.022976,51.517127,1,Slight,1,1,2017-09-12,Tuesday,22:38,Newham,E09000025,3,13,3,50.0,3,4,3,13,,,4,1,2,0,0,1,1,E01003508,3,1,09/12/2017,09/12/2017,1,9,0,18,,8,0,0,1,7,,,6,Male,21,21 - 25,1229,1,12,3,1,,1,1,1,1,21,5,3,0,0,0,0,0,9,1,3,2017.0,010076640,E09000025,0.0,0.0,2.0,2017.0,010076640,3.0,7.0,9.0,1.0,1.0,-1,2017.0,010076640,2017,9,1,22
266882,2017010076667,524640.0,182460.0,-0.204646,51.527307,1,Slight,2,1,2017-09-12,Tuesday,18:00,Westminster,E09000033,6,0,6,20.0,3,4,6,0,,,4,1,1,0,0,1,2,E01004718,3,1,09/12/2017,09/12/2017,1,9,0,99,,9,9,99,9,99,,,6,Female,32,26 - 35,998,1,6,9,1,,1,1,1,2,32,6,3,0,0,0,0,0,9,1,9,2017.0,010076667,E09000033,9.0,9.0,2.0,2017.0,010076667,9.0,9.0,99.0,9.0,9.0,-1,2017.0,010076667,2017,9,1,18
266912,2017010076773,533690.0,189210.0,-0.071699,51.585897,1,Slight,2,1,2017-10-12,Thursday,19:55,Haringey,E09000014,3,10,3,30.0,6,4,6,0,,,4,1,3,0,0,1,1,E01002066,3,1,10/12/2017,10/12/2017,1,9,0,4,,1,0,0,0,0,,,6,Female,28,26 - 35,1240,1,11,3,1,,2,1,1,1,56,9,3,0,0,0,0,0,8,1,1,2017.0,010076773,E09000014,0.0,0.0,2.0,2017.0,010076773,1.0,5.0,0.0,4.0,1.0,-1,2017.0,010076773,2017,10,1,19
266916,2017010076789,526690.0,166090.0,-0.180967,51.379731,1,Slight,1,1,2017-10-12,Thursday,18:40,Sutton,E09000029,4,278,6,30.0,3,4,6,0,,,4,2,2,3,0,1,1,E01004128,3,1,10/12/2017,10/12/2017,1,9,0,14,,1,5,7,0,0,,,6,Male,24,21 - 25,2149,2,10,10,1,,1,1,1,1,24,5,3,0,0,0,0,0,9,1,10,2017.0,010076789,E09000029,0.0,8.0,2.0,2017.0,010076789,8.0,4.0,0.0,1.0,1.0,-1,2017.0,010076789,2017,10,1,18