,accident_index,location_easting_osgr,location_northing_osgr,longitude,latitude,police_force,accident_severity,number_of_vehicles,number_of_casualties,date,day_of_week,time,local_authority_district,local_authority_highway,first_road_class,first_road_number,road_type,speed_limit,junction_detail,junction_control,second_road_class,second_road_number,pedestrian_crossing-human_control,pedestrian_crossing-physical_facilities,light_conditions,weather_conditions,road_surface_conditions,special_conditions_at_site,carriageway_hazards,urban_or_rural_area,did_police_officer_attend_scene_of_accident,lsoa_of_accident_location,accident_severity_num,accident_severity_inv,date2,date_original,vehicle_reference_x,vehicle_type,towing_and_articulation,vehicle_manoeuvre,vehicle_location-restricted_lane,junction_location,skidding_and_overturning,hit_object_in_carriageway,vehicle_leaving_carriageway,hit_object_off_carriageway,1st_point_of_impact,was_vehicle_left_hand_drive?,journey_purpose_of_driver,sex_of_driver,age_of_driver,age_band_of_driver,engine_capacity_cc,propulsion_code,age_of_vehicle,driver_imd_decile,driver_home_area_type,vehicle_imd_decile,vehicle_reference_y,casualty_reference,casualty_class,sex_of_casualty,age_of_casualty,age_band_of_casualty,casualty_severity,pedestrian_location,pedestrian_movement,car_passenger,bus_or_coach_passenger,pedestrian_road_maintenance_worker,casualty_type,casualty_home_area_type,casualty_imd_decile,accident_year_x,accident_reference_x,local_authority_ons_district,pedestrian_crossing_human_control,pedestrian_crossing_physical_facilities,trunk_road_flag,accident_year_y,accident_reference_y,vehicle_direction_from,vehicle_direction_to,vehicle_location_restricted_lane,first_point_of_impact,vehicle_left_hand_drive,generic_make_model,accident_year,accident_reference,year,month,severity,hours
266917,2017010076790,534580.0,181310.0,-0.061879,51.514693,1,Slight,2,1,2017-10-12,Thursday,21:50,Tower Hamlets,E09000030,3,13,3,30.0,3,2,4,108,,,4,8,3,0,0,1,1,E01004319,3,1,10/12/2017,10/12/2017,1,9,0,18,,1,0,0,0,0,,,6,Male,25,21 - 25,1364,1,12,3,1,,2,1,2,2,49,8,3,0,0,1,0,0,9,1,2,2017.0,010076790,E09000030,0.0,5.0,2.0,2017.0,010076790,7.0,3.0,0.0,1.0,1.0,-1,2017.0,010076790,2017,10,1,21
266918,2017010076792,544520.0,177820.0,0.079844,51.48088,1,Slight,2,1,2017-10-12,Thursday,18:50,Greenwich,E09000011,5,0,9,30.0,3,9,5,0,,,4,9,9,9,9,1,2,E01001704,3,1,10/12/2017,10/12/2017,1,9,9,99,,9,9,99,9,99,,,6,Male,27,26 - 35,1497,8,3,2,1,,1,1,1,1,27,6,3,0,0,0,0,0,9,1,2,2017.0,010076792,E09000011,9.0,9.0,2.0,2017.0,010076792,9.0,9.0,99.0,9.0,9.0,-1,2017.0,010076792,2017,10,1,18
266922,2017010076802,533260.0,182540.0,-0.080426,51.526059,1,Slight,2,1,2017-11-12,Sunday,00:20,Hackney,E09000012,5,0,2,20.0,3,4,6,0,,,4,8,2,0,0,1,1,E01033708,3,1,11/12/2017,11/12/2017,1,9,0,5,,1,0,0,0,0,,,6,Male,29,26 - 35,1995,2,7,4,1,,1,1,1,1,29,6,3,0,0,0,0,0,9,1,4,2017.0,010076802,E09000012,0.0,0.0,2.0,2017.0,010076802,5.0,7.0,0.0,4.0,1.0,-1,2017.0,010076802,2017,11,1,0
266923,2017010076804,536770.0,169470.0,-0.034914,51.407769,1,Slight,2,3,2017-10-12,Thursday,22:10,Bromley,E09000006,3,234,1,30.0,1,4,6,0,,,4,1,2,0,0,1,1,E01000703,3,1,10/12/2017,10/12/2017,1,9,0,18,,4,1,7,0,0,,,1,Male,23,21 - 25,1968,2,4,4,1,,1,1,1,1,23,5,3,0,0,0,0,0,9,1,4,2017.0,010076804,E09000006,0.0,0.0,2.0,2017.0,010076804,5.0,1.0,0.0,4.0,1.0,-1,2017.0,010076804,2017,10,3,22
266935,2017010076882,527240.0,168160.0,-0.172327,51.398212,1,Slight,2,1,2017-09-12,Tuesday,20:30,Merton,E09000024,3,217,6,30.0,0,-1,-1,-1,,,4,1,1,0,0,1,2,E01003374,3,1,09/12/2017,09/12/2017,1,9,0,99,,0,9,99,9,99,,,6,Male,32,26 - 35,1395,1,3,3,1,,1,1,1,1,32,6,3,0,0,0,0,0,9,1,3,2017.0,010076882,E09000024,9.0,5.0,2.0,2017.0,010076882,9.0,9.0,99.0,9.0,9.0,-1,2017.0,010076882,2017,9,1,20
266950,2017010076963,538210.0,166440.0,-0.015401,51.380192,1,Slight,2,1,2017-05-12,Friday,18:00,Bromley,E09000006,3,214,6,30.0,9,4,6,0,,,4,1,1,0,0,1,2,E01000835,3,1,05/12/2017,05/12/2017,1,5,0,18,,1,0,0,0,0,,,6,Male,26,26 - 35,645,1,9,-1,-1,,1,1,1,1,26,6,3,0,0,0,0,0,5,-1,-1,2017.0,010076963,E09000006,9.0,9.0,2.0,2017.0,010076963,9.0,9.0,0.0,1.0,1.0,-1,2017.0,010076963,2017,5,1,18
266959,2017010077008,531030.0,175280.0,-0.115246,51.461337,1,Slight,3,1,2017-10-12,Thursday,21:00,Lambeth,E09000022,3,2217,6,30.0,3,2,3,23,,,4,2,2,0,0,1,2,E01003047,3,1,10/12/2017,10/12/2017,1,9,0,99,,9,9,99,9,99,,,6,Male,25,21 - 25,1995,2,6,2,1,,1,1,1,1,25,5,3,0,0,0,0,0,9,1,2,2017.0,010077008,E09000022,2.0,5.0,2.0,2017.0,010077008,9.0,9.0,99.0,1.0,9.0,-1,2017.0,010077008,2017,10,1,21
266975,2017010077041,526950.0,177890.0,-0.173008,51.485722,1,Serious,2,1,2017-11-12,Sunday,19:50,Kensington and Chelsea,E09000020,3,3217,6,30.0,6,4,5,0,,,4,1,2,0,0,1,1,E01002844,2,2,11/12/2017,11/12/2017,1,3,0,13,,8,0,0,0,0,,,6,Male,18,16 - 20,125,1,6,1,1,,1,1,1,1,18,4,2,0,0,0,0,0,3,1,1,2017.0,010077041,E09000020,2.0,4.0,2.0,2017.0,010077041,2.0,6.0,0.0,0.0,1.0,-1,2017.0,010077041,2017,11,2,19
266977,2017010077045,524610.0,178330.0,-0.206537,51.490196,1,Slight,1,1,2017-11-12,Sunday,18:16,Hammersmith and Fulham,E09000013,4,317,6,30.0,5,2,6,0,,,4,1,2,0,0,1,1,E01001914,3,1,11/12/2017,11/12/2017,1,9,0,18,,1,1,0,0,0,,,3,Male,29,26 - 35,1242,1,1,5,1,,1,1,3,1,66,10,3,1,1,0,0,2,0,1,8,2017.0,010077045,E09000013,0.0,5.0,2.0,2017.0,010077045,1.0,5.0,0.0,1.0,1.0,-1,2017.0,010077045,2017,11,1,18
266991,2017010077073,530040.0,183360.0,-0.126513,51.534179,1,Slight,2,1,2017-11-12,Sunday,23:30,Camden,E09000007,6,0,6,20.0,0,-1,-1,-1,,,4,8,1,0,0,1,1,E01000953,3,1,11/12/2017,11/12/2017,1,8,0,13,,0,0,0,0,0,,,1,Male,23,21 - 25,1800,8,5,3,1,,1,1,1,1,23,5,3,0,0,0,0,0,8,1,3,2017.0,010077073,E09000007,0.0,0.0,2.0,2017.0,010077073,2.0,7.0,0.0,4.0,1.0,-1,2017.0,010077073,2017,11,1,23
266996,2017010077084,524400.0,184730.0,-0.207302,51.547761,1,Slight,2,1,2017-11-12,Sunday,21:29,Brent,E09000005,6,0,6,30.0,3,4,6,0,,,4,8,2,0,0,1,1,E01000561,3,1,11/12/2017,11/12/2017,1,9,0,9,,1,0,0,0,0,,,6,Male,20,16 - 20,1969,2,1,4,1,,1,1,2,2,18,4,3,0,0,1,0,0,9,-1,-1,2017.0,010077084,E09000005,0.0,0.0,2.0,2017.0,010077084,8.0,7.0,0.0,1.0,1.0,-1,2017.0,010077084,2017,11,1,21
267014,2017010077190,515640.0,190210.0,-0.331777,51.598874,1,Slight,4,1,2017-11-12,Sunday,19:49,Harrow,E09000015,6,0,6,20.0,0,-1,-1,-1,,,4,1,4,0,0,1,1,E01002235,3,1,11/12/2017,11/12/2017,1,9,0,18,,0,0,0,1,10,,,6,Male,19,16 - 20,1796,1,11,3,1,,3,1,1,1,43,7,3,0,0,0,0,0,9,1,3,2017.0,010077190,E09000015,0.0,0.0,2.0,2017.0,010077190,5.0,1.0,9.0,2.0,1.0,-1,2017.0,010077190,2017,11,1,19
267032,2017010077258,527440.0,176540.0,-0.166441,51.47348,1,Slight,2,1,2017-07-11,Tuesday,19:20,Wandsworth,E09000032,6,0,9,30.0,0,-1,-1,-1,,,4,2,2,9,9,1,2,E01004577,3,1,07/11/2017,07/11/2017,1,9,9,99,,0,9,99,9,99,,,6,Male,26,26 - 35,1198,1,0,6,1,,1,1,1,1,26,6,3,0,0,0,0,0,9,1,6,2017.0,010077258,E09000032,9.0,9.0,2.0,2017.0,010077258,9.0,9.0,99.0,9.0,9.0,-1,2017.0,010077258,2017,7,1,19
267038,2017010077289,550260.0,177060.0,0.16212,51.472557,1,Slight,2,1,2017-03-10,Friday,19:58,Bexley,E09000004,3,220,6,30.0,0,-1,-1,-1,,,4,1,1,0,0,1,2,E01000441,3,1,03/10/2017,03/10/2017,1,3,0,18,,0,0,0,0,0,,,6,Male,26,26 - 35,102,1,14,6,1,,1,1,1,1,26,6,3,0,0,0,0,0,3,1,6,2017.0,010077289,E09000004,9.0,1.0,2.0,2017.0,010077289,9.0,9.0,0.0,1.0,1.0,-1,2017.0,010077289,2017,3,1,19
267050,2017010077344,548750.0,188150.0,0.145073,51.572602,1,Serious,2,1,2017-12-12,Tuesday,19:12,Barking and Dagenham,E09000002,3,118,6,30.0,8,4,6,0,,,4,1,2,0,0,1,1,E01000110,2,2,12/12/2017,12/12/2017,1,9,0,9,,5,0,0,0,0,,,6,Female,25,21 - 25,2926,2,13,6,1,,2,1,1,1,23,5,2,0,0,0,0,0,3,1,3,2017.0,010077344,E09000002,0.0,0.0,2.0,2017.0,010077344,7.0,5.0,0.0,3.0,1.0,-1,2017.0,010077344,2017,12,2,19
267064,2017010077376,524010.0,187500.0,-0.211947,51.572741,1,Slight,5,5,2017-12-12,Tuesday,19:20,Barnet,E09000003,3,41,3,40.0,0,-1,-1,-1,,,4,8,2,0,0,1,1,E01000222,3,1,12/12/2017,12/12/2017,1,2,0,18,,0,2,0,0,0,,,6,Male,22,21 - 25,108,1,1,3,1,,1,1,1,1,22,5,3,0,0,0,0,0,2,1,3,2017.0,010077376,E09000003,0.0,0.0,2.0,2017.0,010077376,4.0,8.0,0.0,3.0,1.0,-1,2017.0,010077376,2017,12,5,19
267065,2017010077383,526980.0,169630.0,-0.175537,51.411481,1,Slight,3,7,2017-12-12,Tuesday,18:00,Merton,E09000024,3,236,6,30.0,3,4,6,0,,,4,1,2,0,0,1,1,E01003407,3,1,12/12/2017,12/12/2017,1,9,0,18,,1,0,0,0,0,,,6,Male,23,21 - 25,1598,1,4,4,1,,1,1,1,1,23,5,3,0,0,0,0,0,9,1,4,2017.0,010077383,E09000024,0.0,0.0,2.0,2017.0,010077383,4.0,1.0,0.0,1.0,1.0,-1,2017.0,010077383,2017,12,7,18
267071,2017010077394,531550.0,181660.0,-0.10539,51.518552,1,Slight,3,1,2017-12-12,Tuesday,23:20,Camden,E09000007,3,201,3,30.0,3,4,4,400,,,4,2,2,0,0,1,1,E01000916,3,1,12/12/2017,12/12/2017,1,9,0,18,,1,0,0,0,0,,,6,Male,25,21 - 25,1200,1,0,2,1,,1,1,2,1,30,6,3,0,0,2,0,0,9,1,2,2017.0,010077394,E09000007,0.0,0.0,2.0,2017.0,010077394,5.0,1.0,0.0,2.0,1.0,-1,2017.0,010077394,2017,12,1,23
267073,2017010077396,531600.0,174470.0,-0.107347,51.453926,1,Serious,1,1,2017-12-13,Wednesday,00:40,Lambeth,E09000022,3,2214,6,30.0,3,4,6,0,,,4,2,2,0,0,1,1,E01003074,2,2,13/12/2017,13/12/2017,1,3,0,18,,8,1,0,0,0,,,6,Male,22,21 - 25,124,1,1,3,1,,1,1,3,1,56,9,2,9,5,0,0,2,0,-1,-1,2017.0,010077396,E09000022,0.0,0.0,2.0,2017.0,010077396,8.0,4.0,0.0,4.0,1.0,-1,2017.0,010077396,2017,12,2,0
267077,2017010077405,532770.0,182300.0,-0.087576,51.524018,1,Slight,1,1,2017-12-13,Wednesday,01:50,Islington,E09000019,3,501,6,20.0,9,4,6,0,,,4,2,2,0,0,1,1,E01002704,3,1,13/12/2017,13/12/2017,1,8,0,18,,1,0,0,0,0,,,1,Male,27,26 - 35,1956,2,4,2,1,,1,1,3,2,22,5,3,5,1,0,0,2,0,-1,-1,2017.0,010077405,E09000019,0.0,0.0,2.0,2017.0,010077405,1.0,5.0,0.0,1.0,1.0,-1,2017.0,010077405,2017,12,1,1
267079,2017010077414,544650.0,186790.0,0.085394,51.561447,1,Serious,2,2,2017-12-13,Wednesday,04:56,Redbridge,E09000026,3,118,6,30.0,0,-1,-1,-1,,,4,2,2,0,0,1,1,E01033591,2,2,13/12/2017,13/12/2017,1,9,0,18,,0,0,4,0,0,,,6,Male,24,21 - 25,1781,1,21,4,1,,1,1,1,1,24,5,3,0,0,0,0,0,9,1,4,2017.0,010077414,E09000026,0.0,0.0,2.0,2017.0,010077414,3.0,3.0,0.0,1.0,1.0,-1,2017.0,010077414,2017,12,4,4
267084,2017010077433,537900.0,192430.0,-0.009705,51.613817,1,Slight,2,1,2017-09-12,Tuesday,02:00,Waltham Forest,E09000031,6,0,6,20.0,0,-1,-1,-1,,,4,1,1,0,0,1,1,E01004416,3,1,09/12/2017,09/12/2017,1,9,0,18,,0,5,4,0,0,,,6,Male,17,16 - 20,1390,1,5,6,1,,1,1,1,1,17,4,3,0,0,0,0,0,9,1,6,2017.0,010077433,E09000031,0.0,0.0,2.0,2017.0,010077433,7.0,3.0,0.0,1.0,1.0,-1,2017.0,010077433,2017,9,1,2
267088,2017010077460,532680.0,178980.0,-0.090121,51.494204,1,Slight,2,2,2017-11-28,Tuesday,20:00,Southwark,E09000028,3,201,3,30.0,99,9,6,0,,,4,1,1,0,0,1,2,E01003942,3,1,28/11/2017,28/11/2017,1,5,0,18,,9,0,0,0,0,,,6,Male,27,26 - 35,599,1,14,1,1,,1,1,1,1,27,6,3,0,0,0,0,0,5,1,1,2017.0,010077460,E09000028,0.0,0.0,2.0,2017.0,010077460,9.0,9.0,0.0,9.0,1.0,-1,2017.0,010077460,2017,11,2,20
267090,2017010077484,522080.0,175410.0,-0.243968,51.464504,1,Slight,3,1,2017-11-28,Tuesday,19:20,Wandsworth,E09000032,3,306,9,40.0,99,9,6,0,,,4,9,9,9,9,1,2,E01004575,3,1,28/11/2017,28/11/2017,1,3,0,18,,1,0,0,0,0,,,6,Male,32,26 - 35,675,1,2,10,1,,1,1,1,1,32,6,3,0,0,0,0,0,3,1,10,2017.0,010077484,E09000032,9.0,9.0,2.0,2017.0,010077484,5.0,1.0,0.0,9.0,1.0,-1,2017.0,010077484,2017,11,1,19
267121,2017010077625,543330.0,179240.0,0.063295,51.493942,1,Slight,2,1,2017-12-12,Tuesday,04:05,Greenwich,E09000011,3,206,9,20.0,3,9,6,0,,,1,9,9,9,9,1,2,E01033737,3,1,12/12/2017,12/12/2017,1,9,0,99,,9,9,99,9,99,,,6,Male,30,26 - 35,1149,1,19,2,1,,1,1,1,1,30,6,3,0,0,0,0,0,9,1,2,2017.0,010077625,E09000011,9.0,9.0,2.0,2017.0,010077625,9.0,9.0,99.0,2.0,9.0,-1,2017.0,010077625,2017,12,1,4
267144,2017010077680,529510.0,179260.0,-0.135656,51.497454,1,Slight,2,2,2017-12-13,Wednesday,18:41,Westminster,E09000033,3,302,6,30.0,6,2,4,323,,,4,2,2,0,0,1,1,E01004744,3,1,13/12/2017,13/12/2017,1,9,0,7,,2,0,0,0,0,,,1,Male,28,26 - 35,1499,2,1,3,1,,1,1,1,1,28,6,3,0,0,0,0,0,9,1,3,2017.0,010077680,E09000033,0.0,5.0,2.0,2017.0,010077680,7.0,1.0,0.0,1.0,1.0,-1,2017.0,010077680,2017,12,2,18
267157,2017010077709,523530.0,173620.0,-0.223729,51.448102,1,Slight,2,1,2017-12-13,Wednesday,18:40,Wandsworth,E09000032,3,219,7,50.0,1,9,3,3,,,4,1,2,0,0,1,2,E01004572,3,1,13/12/2017,13/12/2017,1,9,0,99,,9,9,99,9,99,,,2,Male,27,26 - 35,1332,1,19,10,1,,1,1,1,1,27,6,3,0,0,0,0,0,9,1,10,2017.0,010077709,E09000032,9.0,9.0,2.0,2017.0,010077709,9.0,9.0,99.0,2.0,9.0,-1,2017.0,010077709,2017,12,1,18
267168,2017010077733,541790.0,188250.0,0.044752,51.575292,1,Slight,1,1,2017-12-13,Wednesday,21:50,Redbridge,E09000026,3,406,1,30.0,0,-1,-1,-1,,,4,2,2,9,0,1,2,E01003697,3,1,13/12/2017,13/12/2017,1,8,0,99,,0,9,99,9,99,,,6,Male,25,21 - 25,1798,8,0,2,1,,1,1,1,1,25,5,3,0,0,0,0,0,8,1,2,2017.0,010077733,E09000026,9.0,9.0,2.0,2017.0,010077733,9.0,9.0,99.0,2.0,9.0,-1,2017.0,010077733,2017,12,1,21
267169,2017010077734,532760.0,178030.0,-0.089326,51.485648,1,Slight,2,1,2017-12-13,Wednesday,18:12,Southwark,E09000028,6,0,6,20.0,3,4,6,0,,,4,2,2,0,0,1,1,E01003973,3,1,13/12/2017,13/12/2017,1,4,0,13,,8,0,0,0,0,,,6,Male,34,26 - 35,296,1,4,2,1,,1,1,1,1,34,6,3,0,0,0,0,0,4,1,2,2017.0,010077734,E09000028,0.0,0.0,2.0,2017.0,010077734,4.0,8.0,0.0,1.0,1.0,-1,2017.0,010077734,2017,12,1,18
267171,2017010077737,533900.0,181330.0,-0.071666,51.515034,1,Slight,2,1,2017-12-13,Wednesday,21:15,Tower Hamlets,E09000030,3,11,3,30.0,6,2,3,1202,,,5,5,2,0,0,1,1,E01004325,3,1,13/12/2017,13/12/2017,1,9,0,18,,6,0,0,3,0,,,6,Male,32,26 - 35,1995,2,10,7,1,,1,1,1,1,32,6,3,0,0,0,0,0,9,1,7,2017.0,010077737,E09000030,0.0,5.0,2.0,2017.0,010077737,1.0,5.0,0.0,1.0,1.0,-1,2017.0,010077737,2017,12,1,21
267173,2017010077744,532610.0,167330.0,-0.095489,51.389525,1,Slight,2,1,2017-12-14,Thursday,00:26,Croydon,E09000008,3,212,6,30.0,0,-1,-1,-1,,,4,2,2,0,0,1,1,E01001116,3,1,14/12/2017,14/12/2017,1,9,0,18,,0,0,4,7,10,,,6,Male,27,26 - 35,2143,2,1,-1,-1,,1,1,1,1,27,6,3,0,0,0,0,0,9,-1,-1,2017.0,010077744,E09000008,0.0,0.0,2.0,2017.0,010077744,1.0,5.0,0.0,1.0,1.0,-1,2017.0,010077744,2017,12,1,0
267176,2017010077750,529570.0,182160.0,-0.133727,51.523502,1,Slight,2,1,2017-06-12,Monday,20:25,Camden,E09000007,3,400,2,20.0,0,-1,-1,-1,,,1,1,1,0,0,1,1,E01000854,3,1,06/12/2017,06/12/2017,1,3,0,4,,0,1,0,0,0,,,6,Female,31,26 - 35,125,1,5,4,1,,1,1,1,2,31,6,3,0,0,0,0,0,3,1,4,2017.0,010077750,E09000007,0.0,0.0,2.0,2017.0,010077750,1.0,5.0,2.0,4.0,1.0,-1,2017.0,010077750,2017,6,1,20
267178,2017010077758,534840.0,166580.0,-0.063743,51.38226,1,Slight,2,1,2017-02-12,Sunday,23:30,Croydon,E09000008,3,215,6,30.0,3,4,6,0,,,4,1,2,0,0,1,2,E01000987,3,1,02/12/2017,02/12/2017,1,9,0,9,,8,0,0,0,0,,,6,Female,27,26 - 35,1398,1,11,3,1,,1,1,1,2,27,6,3,0,0,0,0,0,9,1,3,2017.0,010077758,E09000008,0.0,0.0,2.0,2017.0,010077758,5.0,3.0,0.0,3.0,1.0,-1,2017.0,010077758,2017,2,1,23
267181,2017010077768,530880.0,189110.0,-0.112271,51.585658,1,Slight,2,1,2017-02-12,Sunday,02:30,Haringey,E09000014,3,103,2,20.0,0,-1,-1,-1,,,4,1,1,0,0,1,2,E01002014,3,1,02/12/2017,02/12/2017,1,9,0,3,,0,0,0,0,0,,,6,Female,34,26 - 35,1395,1,0,2,1,,1,1,1,2,34,6,3,0,0,0,0,0,9,1,2,2017.0,010077768,E09000014,9.0,9.0,2.0,2017.0,010077768,9.0,9.0,0.0,2.0,9.0,-1,2017.0,010077768,2017,2,1,2
267199,2017010077839,535650.0,178750.0,-0.047452,51.491432,1,Slight,2,1,2017-10-30,Monday,20:40,Southwark,E09000028,3,200,6,30.0,3,4,3,200,,,1,1,1,0,0,1,2,E01004036,3,1,30/10/2017,30/10/2017,1,9,0,18,,1,0,0,0,0,,,6,Male,35,26 - 35,1590,1,12,2,1,,1,1,1,1,35,6,3,0,0,0,0,0,9,1,2,2017.0,010077839,E09000028,0.0,9.0,2.0,2017.0,010077839,9.0,9.0,0.0,2.0,9.0,-1,2017.0,010077839,2017,10,1,20
267221,2017010077927,534990.0,184130.0,-0.054894,51.539936,1,Slight,2,3,2017-12-13,Wednesday,01:20,Hackney,E09000012,3,106,6,20.0,3,4,6,0,,,4,2,2,0,0,1,1,E01001839,3,1,13/12/2017,13/12/2017,1,9,0,18,,8,0,0,0,0,,,6,Male,25,21 - 25,1339,8,5,2,1,,1,1,1,1,25,5,3,0,0,0,0,0,9,1,2,2017.0,010077927,E09000012,0.0,0.0,2.0,2017.0,010077927,7.0,3.0,0.0,3.0,1.0,-1,2017.0,010077927,2017,12,3,1
267254,2017010078016,551440.0,187820.0,0.183718,51.568922,1,Slight,2,3,2017-12-13,Wednesday,20:26,Havering,E09000016,3,125,3,30.0,6,2,6,0,,,4,1,2,0,0,1,1,E01002249,3,1,13/12/2017,13/12/2017,1,9,0,9,,1,0,0,0,0,,,6,Male,30,26 - 35,1910,2,7,3,1,,1,1,2,2,27,6,3,0,0,1,0,0,9,1,3,2017.0,010078016,E09000016,0.0,5.0,2.0,2017.0,010078016,7.0,5.0,0.0,1.0,1.0,-1,2017.0,010078016,2017,12,3,20
267257,2017010078022,532070.0,179050.0,-0.098877,51.494975,1,Slight,2,1,2017-12-14,Thursday,20:40,Southwark,E09000028,3,201,3,30.0,0,-1,-1,-1,,,4,1,1,0,0,1,1,E01032720,3,1,14/12/2017,14/12/2017,1,8,0,4,,0,0,0,0,0,,,1,Male,34,26 - 35,1797,8,4,3,1,,2,1,1,1,27,6,3,0,0,0,0,0,3,1,4,2017.0,010078022,E09000028,0.0,0.0,2.0,2017.0,010078022,3.0,7.0,0.0,4.0,1.0,-1,2017.0,010078022,2017,12,1,20
267259,2017010078028,543300.0,178620.0,0.062612,51.488378,1,Slight,2,2,2017-12-14,Thursday,19:57,Greenwich,E09000011,3,205,3,30.0,3,2,3,205,,,4,1,1,0,0,1,1,E01001699,3,1,14/12/2017,14/12/2017,1,9,0,18,,1,0,0,0,0,,,6,Male,23,21 - 25,2000,2,11,2,1,,1,1,1,1,23,5,3,0,0,0,0,0,9,1,2,2017.0,010078028,E09000011,0.0,5.0,2.0,2017.0,010078028,5.0,1.0,0.0,1.0,1.0,-1,2017.0,010078028,2017,12,2,19
267260,2017010078029,535850.0,190090.0,-0.040201,51.593288,1,Slight,2,2,2017-12-14,Thursday,22:17,Waltham Forest,E09000031,4,179,6,20.0,9,4,6,0,,,4,1,2,0,0,1,1,E01004401,3,1,14/12/2017,14/12/2017,1,9,0,16,,8,0,0,0,0,,,2,Male,32,26 - 35,2143,2,3,4,1,,2,1,1,1,31,6,3,0,0,0,0,0,9,1,4,2017.0,010078029,E09000031,0.0,1.0,2.0,2017.0,010078029,3.0,7.0,0.0,2.0,1.0,-1,2017.0,010078029,2017,12,2,22
267261,2017010078032,525920.0,182780.0,-0.186089,51.529899,1,Slight,2,1,2017-12-14,Thursday,21:55,Westminster,E09000033,5,0,1,30.0,2,4,6,0,,,4,1,1,0,0,1,1,E01004709,3,1,14/12/2017,14/12/2017,1,9,0,18,,4,0,0,0,0,,,6,Male,35,26 - 35,2148,2,14,1,1,,1,1,2,2,26,6,3,0,0,1,0,0,9,1,3,2017.0,010078032,E09000033,2.0,1.0,2.0,2017.0,010078032,1.0,5.0,0.0,4.0,1.0,-1,2017.0,010078032,2017,12,1,21
267263,2017010078036,523290.0,175260.0,-0.22661,51.462894,1,Serious,2,1,2017-12-14,Thursday,21:57,Wandsworth,E09000032,3,205,6,30.0,3,4,6,0,,,4,1,1,0,0,1,1,E01004640,2,2,14/12/2017,14/12/2017,1,9,0,9,,1,0,0,0,0,,,6,Male,20,16 - 20,1995,2,12,10,1,,2,1,1,1,29,6,2,0,0,0,0,0,3,1,5,2017.0,010078036,E09000032,0.0,0.0,2.0,2017.0,010078036,3.0,7.0,0.0,1.0,1.0,-1,2017.0,010078036,2017,12,2,21
267268,2017010078045,528580.0,180920.0,-0.148441,51.512585,1,Slight,2,1,2017-12-15,Friday,00:25,Westminster,E09000033,5,0,6,30.0,6,2,5,0,,,1,1,1,0,0,1,1,E01004762,3,1,15/12/2017,15/12/2017,1,4,0,18,,8,0,0,0,0,,,6,Male,31,26 - 35,279,1,0,5,1,,1,1,1,1,31,6,3,0,0,0,0,0,4,1,5,2017.0,010078045,E09000033,2.0,5.0,2.0,2017.0,010078045,3.0,7.0,0.0,1.0,1.0,-1,2017.0,010078045,2017,12,1,0
267269,2017010078046,510820.0,181020.0,-0.404233,51.517242,1,Slight,2,1,2017-12-14,Thursday,22:19,Hillingdon,E09000017,3,4020,3,30.0,7,2,6,0,,,4,1,4,0,0,1,1,E01002505,3,1,14/12/2017,14/12/2017,1,4,0,18,,1,0,0,0,0,,,6,Male,22,21 - 25,125,1,11,7,1,,1,1,1,1,22,5,3,0,0,0,0,0,4,1,7,2017.0,010078046,E09000017,0.0,5.0,2.0,2017.0,010078046,3.0,7.0,0.0,1.0,1.0,-1,2017.0,010078046,2017,12,1,22
267270,2017010078048,533690.0,189150.0,-0.071722,51.585358,1,Serious,1,2,2017-12-15,Friday,00:01,Haringey,E09000014,3,10,3,30.0,0,-1,-1,-1,,,4,1,1,0,0,1,1,E01002066,2,2,15/12/2017,15/12/2017,1,3,0,18,,0,5,0,0,0,,,6,Male,30,26 - 35,124,1,8,2,1,,1,1,1,1,30,6,3,0,0,0,0,0,3,1,2,2017.0,010078048,E09000014,0.0,5.0,2.0,2017.0,010078048,1.0,5.0,0.0,1.0,1.0,-1,2017.0,010078048,2017,12,4,0
267271,2017010078049,533620.0,165620.0,-0.081625,51.373921,1,Slight,2,2,2017-12-14,Thursday,22:18,Croydon,E09000008,6,0,1,30.0,1,4,3,232,,,4,1,1,0,0,1,1,E01001050,3,1,14/12/2017,14/12/2017,1,9,0,18,,3,1,0,7,0,,,6,Female,29,26 - 35,1598,1,8,7,1,,1,1,1,2,29,6,3,0,0,0,0,0,9,1,7,2017.0,010078049,E09000008,0.0,1.0,2.0,2017.0,010078049,1.0,5.0,0.0,4.0,1.0,-1,2017.0,010078049,2017,12,2,22
267272,2017010078050,538200.0,181750.0,-0.00957,51.517774,1,Slight,3,4,2017-12-14,Thursday,22:52,Tower Hamlets,E09000030,3,12,3,40.0,3,2,6,0,,,4,1,1,0,0,1,1,E01004248,3,1,14/12/2017,14/12/2017,1,9,0,18,,1,0,0,0,0,,,6,Male,35,26 - 35,1753,2,17,3,1,,1,1,2,2,23,5,3,0,0,1,0,0,9,1,2,2017.0,010078050,E09000030,0.0,0.0,2.0,2017.0,010078050,1.0,5.0,0.0,1.0,1.0,-1,2017.0,010078050,2017,12,4,22