,accident_index,location_easting_osgr,location_northing_osgr,longitude,latitude,police_force,accident_severity,number_of_vehicles,number_of_casualties,date,day_of_week,time,local_authority_district,local_authority_highway,first_road_class,first_road_number,road_type,speed_limit,junction_detail,junction_control,second_road_class,second_road_number,pedestrian_crossing-human_control,pedestrian_crossing-physical_facilities,light_conditions,weather_conditions,road_surface_conditions,special_conditions_at_site,carriageway_hazards,urban_or_rural_area,did_police_officer_attend_scene_of_accident,lsoa_of_accident_location,accident_severity_num,accident_severity_inv,date2,date_original,vehicle_reference_x,vehicle_type,towing_and_articulation,vehicle_manoeuvre,vehicle_location-restricted_lane,junction_location,skidding_and_overturning,hit_object_in_carriageway,vehicle_leaving_carriageway,hit_object_off_carriageway,1st_point_of_impact,was_vehicle_left_hand_drive?,journey_purpose_of_driver,sex_of_driver,age_of_driver,age_band_of_driver,engine_capacity_cc,propulsion_code,age_of_vehicle,driver_imd_decile,driver_home_area_type,vehicle_imd_decile,vehicle_reference_y,casualty_reference,casualty_class,sex_of_casualty,age_of_casualty,age_band_of_casualty,casualty_severity,pedestrian_location,pedestrian_movement,car_passenger,bus_or_coach_passenger,pedestrian_road_maintenance_worker,casualty_type,casualty_home_area_type,casualty_imd_decile,accident_year_x,accident_reference_x,local_authority_ons_district,pedestrian_crossing_human_control,pedestrian_crossing_physical_facilities,trunk_road_flag,accident_year_y,accident_reference_y,vehicle_direction_from,vehicle_direction_to,vehicle_location_restricted_lane,first_point_of_impact,vehicle_left_hand_drive,generic_make_model,accident_year,accident_reference,year,month,severity,hours
267710,2017010079422,539860.0,183440.0,0.015009,51.532552,1,Slight,2,1,2017-12-20,Wednesday,20:00,Newham,E09000025,3,112,6,30.0,3,4,6,0,,,4,1,2,0,0,1,1,E01003630,3,1,20/12/2017,20/12/2017,1,9,0,6,,8,0,0,0,0,,,6,Male,22,21 - 25,1198,1,13,5,1,,2,1,1,1,20,4,3,0,0,0,0,0,9,1,2,2017.0,010079422,E09000025,0.0,1.0,2.0,2017.0,010079422,5.0,1.0,0.0,1.0,1.0,-1,2017.0,010079422,2017,12,1,20
267712,2017010079426,533810.0,190120.0,-0.069622,51.594046,1,Slight,2,1,2017-12-20,Wednesday,23:24,Haringey,E09000014,3,10,3,30.0,3,2,3,1010,,,4,1,1,0,0,1,1,E01001979,3,1,20/12/2017,20/12/2017,1,2,0,5,,2,0,0,0,0,,,6,Male,33,26 - 35,125,1,7,-1,-1,,1,1,1,1,33,6,3,0,0,0,0,0,2,-1,-1,2017.0,010079426,E09000014,0.0,1.0,2.0,2017.0,010079426,3.0,1.0,0.0,1.0,1.0,-1,2017.0,010079426,2017,12,1,23
267719,2017010079439,534580.0,181310.0,-0.061879,51.514693,1,Slight,2,3,2017-12-21,Thursday,03:43,Tower Hamlets,E09000030,3,13,6,30.0,6,2,4,108,,,4,1,2,0,0,1,1,E01004319,3,1,21/12/2017,21/12/2017,1,9,0,18,,8,0,0,0,0,,,6,Male,29,26 - 35,2979,1,15,4,1,,1,1,1,1,29,6,3,0,0,0,0,0,9,1,4,2017.0,010079439,E09000030,0.0,5.0,2.0,2017.0,010079439,7.0,3.0,0.0,1.0,1.0,-1,2017.0,010079439,2017,12,3,3
267720,2017010079440,530410.0,178410.0,-0.123012,51.489609,1,Slight,2,1,2017-12-21,Thursday,05:09,Lambeth,E09000022,3,3036,6,30.0,0,-1,-1,-1,,,4,1,2,0,0,1,1,E01003109,3,1,21/12/2017,21/12/2017,1,9,0,18,,0,0,0,0,0,,,1,Male,30,26 - 35,2993,2,10,2,1,,2,1,1,1,29,6,3,0,0,0,0,0,1,1,2,2017.0,010079440,E09000022,0.0,0.0,2.0,2017.0,010079440,1.0,5.0,0.0,1.0,1.0,-1,2017.0,010079440,2017,12,1,5
267726,2017010079460,533780.0,189540.0,-0.070275,51.588841,1,Slight,2,1,2017-02-12,Sunday,02:40,Haringey,E09000014,3,1055,6,30.0,7,9,3,10,,,4,1,1,9,9,1,2,E01002066,3,1,02/12/2017,02/12/2017,1,9,9,99,,9,9,99,9,99,,,6,Male,34,26 - 35,1995,2,2,1,1,,1,1,1,1,34,6,3,0,0,0,0,0,9,1,1,2017.0,010079460,E09000014,9.0,9.0,2.0,2017.0,010079460,9.0,9.0,0.0,2.0,9.0,-1,2017.0,010079460,2017,2,1,2
267737,2017010079505,520330.0,190940.0,-0.263844,51.604454,1,Slight,2,1,2017-12-20,Wednesday,18:15,Barnet,E09000003,6,0,6,30.0,6,9,5,0,,,4,1,1,0,0,1,2,E01000125,3,1,20/12/2017,20/12/2017,1,9,0,18,,9,0,0,0,0,,,6,Male,34,26 - 35,1995,2,10,5,1,,1,1,1,1,34,6,3,0,0,0,0,0,9,1,5,2017.0,010079505,E09000003,0.0,0.0,2.0,2017.0,010079505,9.0,9.0,0.0,2.0,1.0,-1,2017.0,010079505,2017,12,1,18
267773,2017010079612,532560.0,183040.0,-0.090323,51.530717,1,Slight,1,2,2017-12-21,Thursday,19:30,Hackney,E09000012,5,0,6,20.0,3,4,6,0,,,4,1,2,0,0,1,1,E01001779,3,1,21/12/2017,21/12/2017,1,3,0,18,,1,0,0,0,0,,,1,Male,25,21 - 25,125,1,6,2,1,,1,1,1,1,25,5,3,0,0,0,0,0,3,1,2,2017.0,010079612,E09000012,0.0,0.0,2.0,2017.0,010079612,7.0,3.0,0.0,1.0,1.0,-1,2017.0,010079612,2017,12,2,19
267775,2017010079620,529340.0,182090.0,-0.137066,51.522926,1,Slight,2,1,2017-12-21,Thursday,21:00,Camden,E09000007,5,0,2,20.0,3,2,3,400,,,4,1,1,0,0,1,1,E01000854,3,1,21/12/2017,21/12/2017,1,9,0,4,,1,0,0,0,0,,,6,Female,21,21 - 25,1461,2,3,4,1,,2,1,1,1,25,5,3,0,0,0,0,0,2,1,3,2017.0,010079620,E09000007,0.0,4.0,2.0,2017.0,010079620,7.0,3.0,0.0,1.0,1.0,-1,2017.0,010079620,2017,12,1,21
267776,2017010079621,540890.0,190460.0,0.032659,51.595376,1,Slight,2,1,2017-12-21,Thursday,00:40,Redbridge,E09000026,3,406,3,50.0,3,4,6,0,,,4,1,2,0,0,1,1,E01003762,3,1,21/12/2017,21/12/2017,1,9,0,7,,6,0,0,0,0,,,6,Male,26,26 - 35,1995,2,6,3,1,,1,1,1,1,26,6,3,0,0,0,0,0,9,1,3,2017.0,010079621,E09000026,0.0,0.0,2.0,2017.0,010079621,1.0,3.0,0.0,2.0,1.0,-1,2017.0,010079621,2017,12,1,0
267778,2017010079624,517160.0,177220.0,-0.314162,51.481811,1,Slight,2,2,2017-12-21,Thursday,18:06,Hounslow,E09000018,3,315,6,30.0,3,4,6,0,,,4,1,1,0,0,1,1,E01002686,3,1,21/12/2017,21/12/2017,1,9,0,9,,6,0,0,0,0,,,6,Female,34,26 - 35,1951,2,11,5,1,,1,1,1,2,34,6,3,0,0,0,0,0,9,1,5,2017.0,010079624,E09000018,0.0,0.0,2.0,2017.0,010079624,1.0,7.0,0.0,1.0,1.0,-1,2017.0,010079624,2017,12,2,18
267780,2017010079630,529090.0,162590.0,-0.14777,51.347737,1,Slight,2,1,2017-12-20,Wednesday,20:25,Sutton,E09000029,3,237,6,40.0,1,4,5,0,,,4,1,2,0,0,1,1,E01004084,3,1,20/12/2017,20/12/2017,1,9,0,18,,4,0,0,0,0,,,6,Male,29,26 - 35,1968,2,4,7,1,,1,1,1,1,29,6,3,0,0,0,0,0,9,1,7,2017.0,010079630,E09000029,0.0,0.0,2.0,2017.0,010079630,1.0,3.0,0.0,4.0,1.0,-1,2017.0,010079630,2017,12,1,20
267781,2017010079631,526580.0,191910.0,-0.173293,51.611802,1,Slight,3,1,2017-12-22,Friday,22:37,Barnet,E09000003,3,1003,6,30.0,0,-1,-1,-1,,,4,1,2,0,0,1,1,E01000323,3,1,22/12/2017,22/12/2017,1,9,0,18,,0,5,4,7,0,,,6,Female,21,21 - 25,1197,1,0,10,1,,1,1,1,2,21,5,3,0,0,0,0,0,9,1,10,2017.0,010079631,E09000003,0.0,0.0,2.0,2017.0,010079631,3.0,7.0,9.0,1.0,1.0,-1,2017.0,010079631,2017,12,1,22
267785,2017010079636,533220.0,182390.0,-0.081059,51.524721,1,Slight,2,1,2017-12-21,Thursday,21:11,Hackney,E09000012,3,1202,3,20.0,3,4,6,0,,,4,1,2,0,0,1,1,E01033708,3,1,21/12/2017,21/12/2017,1,8,0,18,,2,0,0,0,0,,,1,Male,31,26 - 35,1950,2,1,4,1,,1,1,1,1,31,6,3,0,0,0,0,0,8,1,4,2017.0,010079636,E09000012,0.0,0.0,2.0,2017.0,010079636,7.0,3.0,0.0,2.0,1.0,-1,2017.0,010079636,2017,12,1,21
267790,2017010079649,528050.0,176620.0,-0.157634,51.474061,1,Slight,2,2,2017-12-22,Friday,00:35,Wandsworth,E09000032,3,3205,3,30.0,5,2,6,0,,,4,1,2,0,0,1,1,E01004539,3,1,22/12/2017,22/12/2017,1,9,0,4,,1,0,0,0,0,,,2,Male,34,26 - 35,1995,2,6,3,1,,1,1,1,1,34,6,3,0,0,0,0,0,9,1,3,2017.0,010079649,E09000032,0.0,0.0,2.0,2017.0,010079649,7.0,3.0,0.0,2.0,1.0,-1,2017.0,010079649,2017,12,2,0
267791,2017010079652,524600.0,178340.0,-0.206677,51.490288,1,Serious,2,1,2017-12-22,Friday,01:05,Hammersmith and Fulham,E09000013,4,317,6,30.0,3,4,6,0,,,4,1,1,0,0,1,1,E01001914,2,2,22/12/2017,22/12/2017,1,4,0,18,,2,0,0,0,0,,,2,Male,31,26 - 35,847,1,3,7,1,,1,1,1,1,31,6,2,0,0,0,0,0,4,1,7,2017.0,010079652,E09000013,0.0,4.0,2.0,2017.0,010079652,5.0,1.0,0.0,1.0,1.0,-1,2017.0,010079652,2017,12,2,1
267801,2017010079687,552320.0,182050.0,0.193911,51.516842,1,Slight,1,1,2017-12-16,Saturday,19:00,Havering,E09000016,4,1335,6,30.0,0,-1,-1,-1,,,4,9,9,0,0,1,2,E01002345,3,1,16/12/2017,16/12/2017,1,9,9,6,,0,9,0,0,0,,,6,Female,23,21 - 25,1242,1,5,6,1,,1,1,1,2,23,5,3,0,0,0,0,0,9,1,6,2017.0,010079687,E09000016,0.0,0.0,2.0,2017.0,010079687,9.0,9.0,0.0,9.0,9.0,-1,2017.0,010079687,2017,12,1,19
267834,2017010079794,530490.0,184790.0,-0.119499,51.546926,1,Slight,3,1,2017-12-22,Friday,18:43,Islington,E09000019,6,0,6,20.0,0,-1,-1,-1,,,4,1,1,0,0,1,1,E01002765,3,1,22/12/2017,22/12/2017,1,9,0,9,,0,0,0,0,0,,,6,Female,29,26 - 35,1968,2,3,3,1,,2,1,1,1,24,5,3,0,0,0,0,0,3,1,1,2017.0,010079794,E09000019,0.0,5.0,2.0,2017.0,010079794,3.0,7.0,0.0,1.0,1.0,-1,2017.0,010079794,2017,12,1,18
267835,2017010079795,536500.0,182150.0,-0.033901,51.521781,1,Slight,1,1,2017-12-22,Friday,02:55,Tower Hamlets,E09000030,3,1205,3,30.0,3,2,5,0,,,4,1,1,0,2,1,1,E01004270,3,1,22/12/2017,22/12/2017,1,9,0,18,,8,0,11,0,0,,,6,Male,34,26 - 35,1299,1,15,2,1,,1,1,1,1,34,6,3,0,0,0,0,0,9,1,2,2017.0,010079795,E09000030,0.0,0.0,2.0,2017.0,010079795,5.0,1.0,0.0,1.0,1.0,-1,2017.0,010079795,2017,12,1,2
267841,2017010079808,534040.0,173780.0,-0.072512,51.447153,1,Slight,2,1,2017-12-22,Friday,18:55,Southwark,E09000028,3,2216,6,20.0,3,4,6,0,,,4,1,1,0,0,1,1,E01004075,3,1,22/12/2017,22/12/2017,1,4,0,18,,8,0,0,0,0,,,6,Male,29,26 - 35,125,1,11,2,1,,1,1,1,1,29,6,3,0,0,0,0,0,4,1,2,2017.0,010079808,E09000028,0.0,0.0,2.0,2017.0,010079808,1.0,5.0,0.0,1.0,1.0,-1,2017.0,010079808,2017,12,1,18
267845,2017010079813,529710.0,188010.0,-0.129555,51.576043,1,Slight,2,1,2017-12-22,Friday,20:50,Haringey,E09000014,6,0,6,20.0,6,4,6,0,,,4,8,2,0,0,1,1,E01001984,3,1,22/12/2017,22/12/2017,1,3,0,18,,8,1,0,0,0,,,6,Male,29,26 - 35,108,1,2,1,1,,1,1,1,1,29,6,3,0,0,0,0,0,3,1,1,2017.0,010079813,E09000014,0.0,0.0,2.0,2017.0,010079813,7.0,3.0,0.0,0.0,1.0,-1,2017.0,010079813,2017,12,1,20
267848,2017010079821,525360.0,173080.0,-0.197599,51.442848,1,Slight,2,1,2017-12-22,Friday,23:30,Wandsworth,E09000032,3,218,6,30.0,3,4,6,0,,,4,1,2,0,0,1,1,E01004598,3,1,22/12/2017,22/12/2017,1,4,0,18,,1,2,0,0,0,,,6,Male,19,16 - 20,125,1,5,7,1,,1,1,1,1,19,4,3,0,0,0,0,0,4,1,7,2017.0,010079821,E09000032,0.0,0.0,2.0,2017.0,010079821,5.0,1.0,0.0,1.0,1.0,-1,2017.0,010079821,2017,12,1,23
267852,2017010079828,533110.0,188500.0,-0.080334,51.579654,1,Serious,1,1,2017-12-22,Friday,18:20,Haringey,E09000014,3,503,6,30.0,6,2,4,152,,,4,1,1,0,0,1,1,E01002046,2,2,22/12/2017,22/12/2017,1,9,0,18,,1,0,0,0,0,,,6,Male,27,26 - 35,2987,2,6,2,1,,1,1,3,1,83,11,2,4,9,0,0,2,0,1,1,2017.0,010079828,E09000014,0.0,5.0,2.0,2017.0,010079828,2.0,6.0,0.0,1.0,1.0,-1,2017.0,010079828,2017,12,2,18
267857,2017010079839,522600.0,165760.0,-0.23982,51.377663,1,Slight,1,1,2017-12-23,Saturday,00:01,Sutton,E09000029,3,2043,6,30.0,0,-1,-1,-1,,,4,1,1,0,0,1,1,E01004121,3,1,23/12/2017,23/12/2017,1,9,0,18,,0,0,0,1,4,,,6,Male,28,26 - 35,1995,1,7,-1,-1,,1,1,1,1,28,6,3,0,0,0,0,0,9,-1,-1,2017.0,010079839,E09000029,0.0,0.0,2.0,2017.0,010079839,1.0,4.0,0.0,1.0,1.0,-1,2017.0,010079839,2017,12,1,0
267860,2017010079842,526310.0,178440.0,-0.182024,51.490808,1,Slight,2,1,2017-12-22,Friday,23:20,Kensington and Chelsea,E09000020,3,3218,9,30.0,3,9,6,0,,,4,4,1,0,0,1,2,E01002837,3,1,22/12/2017,22/12/2017,1,3,0,99,,9,9,99,9,99,,,6,Male,22,21 - 25,124,1,0,1,1,,1,1,1,1,22,5,3,0,0,0,0,0,3,1,1,2017.0,010079842,E09000020,9.0,9.0,2.0,2017.0,010079842,9.0,9.0,99.0,1.0,1.0,-1,2017.0,010079842,2017,12,1,23
267864,2017010079857,529850.0,181070.0,-0.130095,51.513643,1,Serious,1,1,2017-12-23,Saturday,03:05,Westminster,E09000033,5,0,2,30.0,3,4,6,0,,,4,8,2,0,0,1,1,E01004763,2,2,23/12/2017,23/12/2017,1,8,0,18,,2,0,0,0,0,,,1,Male,35,26 - 35,2987,2,2,-1,-1,,1,1,3,2,35,6,2,5,1,0,0,2,0,1,2,2017.0,010079857,E09000033,0.0,0.0,2.0,2017.0,010079857,6.0,2.0,0.0,1.0,1.0,-1,2017.0,010079857,2017,12,2,3
267875,2017010079887,542060.0,185520.0,0.047543,51.550693,1,Slight,1,1,2017-12-22,Friday,18:55,Newham,E09000025,3,118,6,30.0,6,2,3,117,,,4,9,1,0,0,1,1,E01003591,3,1,22/12/2017,22/12/2017,1,9,0,18,,8,0,0,0,0,,,6,Male,21,21 - 25,1200,1,1,1,1,,1,1,1,1,21,5,3,0,0,0,0,0,9,1,1,2017.0,010079887,E09000025,0.0,5.0,2.0,2017.0,010079887,1.0,5.0,0.0,3.0,1.0,-1,2017.0,010079887,2017,12,1,18
267902,2017010079950,513110.0,183370.0,-0.370489,51.53791,1,Serious,2,1,2017-12-23,Saturday,19:36,Ealing,E09000009,5,0,6,30.0,3,4,6,0,,,4,1,2,0,0,1,1,E01001263,2,2,23/12/2017,23/12/2017,1,9,0,9,,8,0,0,0,0,,,6,Male,25,21 - 25,1995,2,3,4,1,,2,1,1,1,30,6,2,0,0,0,0,0,4,1,3,2017.0,010079950,E09000009,0.0,0.0,2.0,2017.0,010079950,2.0,8.0,0.0,1.0,1.0,-1,2017.0,010079950,2017,12,2,19
267907,2017010079957,531780.0,170600.0,-0.106197,51.419105,1,Slight,2,1,2017-12-23,Saturday,18:02,Croydon,E09000008,3,215,6,30.0,3,4,6,0,,,4,1,1,0,0,1,1,E01001084,3,1,23/12/2017,23/12/2017,1,3,0,18,,1,1,0,0,0,,,1,Male,30,26 - 35,124,1,12,4,1,,1,1,1,1,30,6,3,0,0,0,0,0,3,1,4,2017.0,010079957,E09000008,0.0,0.0,2.0,2017.0,010079957,5.0,1.0,0.0,1.0,1.0,-1,2017.0,010079957,2017,12,1,18
267912,2017010079976,532450.0,158400.0,-0.101107,51.30931,1,Serious,1,1,2017-12-23,Saturday,22:30,Croydon,E09000008,5,0,6,30.0,0,-1,-1,-1,,,6,1,1,0,0,1,1,E01001072,2,2,23/12/2017,23/12/2017,1,9,0,17,,0,0,0,2,1,,,6,Male,24,21 - 25,1598,1,14,4,1,,1,1,2,2,22,5,2,0,0,1,0,0,9,1,4,2017.0,010079976,E09000008,0.0,0.0,2.0,2017.0,010079976,5.0,1.0,0.0,1.0,1.0,-1,2017.0,010079976,2017,12,2,22
267914,2017010079979,526430.0,179420.0,-0.179946,51.499589,1,Slight,2,1,2017-12-23,Saturday,23:44,Kensington and Chelsea,E09000020,5,0,3,30.0,3,4,5,0,,,4,1,1,0,0,1,1,E01002891,3,1,23/12/2017,23/12/2017,1,8,0,9,,1,0,0,0,0,,,1,Male,27,26 - 35,1497,8,9,3,1,,2,1,1,1,19,4,3,0,0,0,0,0,9,1,3,2017.0,010079979,E09000020,0.0,4.0,2.0,2017.0,010079979,5.0,2.0,0.0,4.0,1.0,-1,2017.0,010079979,2017,12,1,23
267916,2017010079986,536760.0,187850.0,-0.027942,51.57294,1,Slight,2,2,2017-12-24,Sunday,00:15,Waltham Forest,E09000031,3,1006,6,30.0,0,-1,-1,-1,,,4,1,1,0,0,1,1,E01004425,3,1,24/12/2017,24/12/2017,1,9,0,18,,0,0,0,0,0,,,6,Female,29,26 - 35,998,1,4,2,1,,1,1,1,2,29,6,3,0,0,0,0,0,9,1,2,2017.0,010079986,E09000031,0.0,0.0,2.0,2017.0,010079986,1.0,5.0,0.0,2.0,1.0,-1,2017.0,010079986,2017,12,2,0
267917,2017010079987,534400.0,173350.0,-0.067498,51.443203,1,Slight,2,1,2017-12-23,Saturday,23:22,Southwark,E09000028,3,2216,6,20.0,3,2,3,205,,,4,1,1,0,0,1,1,E01003949,3,1,23/12/2017,23/12/2017,1,9,0,5,,1,0,10,0,0,,,6,Female,35,26 - 35,1560,2,6,4,1,,1,1,1,2,35,6,3,0,0,0,0,0,9,1,4,2017.0,010079987,E09000028,0.0,5.0,2.0,2017.0,010079987,7.0,3.0,0.0,4.0,1.0,-1,2017.0,010079987,2017,12,1,23
267919,2017010079994,530310.0,174990.0,-0.125711,51.458897,1,Slight,2,1,2017-12-24,Sunday,04:37,Lambeth,E09000022,6,0,6,30.0,3,4,6,0,,,4,1,1,0,0,1,1,E01003019,3,1,24/12/2017,24/12/2017,1,9,0,18,,6,1,7,1,10,,,6,Male,29,26 - 35,1999,2,2,5,1,,1,1,1,1,29,6,3,0,0,0,0,0,9,1,5,2017.0,010079994,E09000022,0.0,0.0,2.0,2017.0,010079994,1.0,5.0,9.0,4.0,1.0,-1,2017.0,010079994,2017,12,1,4
267947,2017010080078,513340.0,184610.0,-0.366775,51.549009,1,Serious,2,1,2017-12-21,Thursday,20:40,Ealing,E09000009,3,312,3,30.0,3,2,5,0,,,4,1,1,0,0,1,1,E01001322,2,2,21/12/2017,21/12/2017,1,3,0,18,,8,0,0,0,0,,,6,Male,25,21 - 25,124,1,6,8,1,,1,1,1,1,25,5,2,0,0,0,0,0,3,1,8,2017.0,010080078,E09000009,0.0,4.0,2.0,2017.0,010080078,6.0,2.0,0.0,1.0,1.0,-1,2017.0,010080078,2017,12,2,20
267950,2017010080083,531880.0,168070.0,-0.1057,51.396345,1,Slight,1,1,2017-12-24,Sunday,23:15,Croydon,E09000008,4,266,6,30.0,3,4,5,0,,,4,1,1,0,0,1,1,E01000997,3,1,24/12/2017,24/12/2017,1,9,0,9,,1,0,0,0,0,,,1,Male,23,21 - 25,1299,1,14,6,1,,1,1,3,1,31,6,3,10,9,0,0,2,0,1,2,2017.0,010080083,E09000008,0.0,0.0,2.0,2017.0,010080083,1.0,5.0,0.0,0.0,1.0,-1,2017.0,010080083,2017,12,1,23
267952,2017010080087,543280.0,177960.0,0.062056,51.482453,1,Slight,3,1,2017-12-24,Sunday,21:55,Greenwich,E09000011,5,0,6,30.0,6,2,3,205,,,4,1,1,0,0,1,1,E01001699,3,1,24/12/2017,24/12/2017,1,9,0,18,,8,0,0,0,0,,,1,Male,25,21 - 25,3200,2,1,-1,-1,,2,1,1,1,23,5,3,0,0,0,0,0,9,1,3,2017.0,010080087,E09000011,0.0,5.0,2.0,2017.0,010080087,1.0,2.0,0.0,0.0,1.0,-1,2017.0,010080087,2017,12,1,21
267956,2017010080095,536190.0,165980.0,-0.044585,51.376546,1,Serious,1,1,2017-12-25,Monday,01:00,Croydon,E09000008,5,0,6,30.0,0,-1,-1,-1,,,4,1,1,0,0,1,1,E01001133,2,2,25/12/2017,25/12/2017,1,9,0,18,,0,2,10,8,4,,,6,Male,21,21 - 25,1399,2,8,2,1,,1,1,1,1,21,5,2,0,0,0,0,0,9,1,2,2017.0,010080095,E09000008,0.0,0.0,2.0,2017.0,010080095,3.0,7.0,0.0,3.0,1.0,-1,2017.0,010080095,2017,12,2,1
267957,2017010080097,537630.0,183200.0,-0.017214,51.530943,1,Slight,3,1,2017-12-24,Sunday,23:00,Tower Hamlets,E09000030,3,12,3,40.0,5,4,6,0,,,4,1,1,0,0,1,1,E01032764,3,1,24/12/2017,24/12/2017,1,9,0,18,,2,1,6,0,0,,,6,Female,26,26 - 35,1598,1,12,-1,-1,,1,1,1,2,26,6,3,0,0,0,0,0,9,-1,-1,2017.0,010080097,E09000030,0.0,0.0,2.0,2017.0,010080097,8.0,4.0,0.0,2.0,1.0,-1,2017.0,010080097,2017,12,1,23
267958,2017010080098,532060.0,165040.0,-0.10424,51.369073,1,Slight,1,1,2017-12-25,Monday,01:53,Croydon,E09000008,3,236,1,30.0,1,4,4,271,,,4,2,2,0,0,1,1,E01001042,3,1,25/12/2017,25/12/2017,1,9,0,8,,3,1,0,0,0,,,6,Female,19,16 - 20,1398,1,1,6,1,,1,1,1,2,19,4,3,0,0,0,0,0,9,1,6,2017.0,010080098,E09000008,0.0,0.0,2.0,2017.0,010080098,3.0,7.0,0.0,1.0,1.0,-1,2017.0,010080098,2017,12,1,1
267959,2017010080100,524230.0,164630.0,-0.216806,51.367153,1,Serious,3,1,2017-12-25,Monday,02:06,Sutton,E09000029,6,0,6,30.0,0,-1,-1,-1,,,4,1,2,0,0,1,1,E01004115,2,2,25/12/2017,25/12/2017,1,9,0,18,,0,0,4,1,0,,,6,Male,23,21 - 25,2401,1,13,10,1,,1,1,1,1,23,5,2,0,0,0,0,0,9,1,10,2017.0,010080100,E09000029,0.0,0.0,2.0,2017.0,010080100,7.0,3.0,0.0,1.0,1.0,-1,2017.0,010080100,2017,12,2,2
267969,2017010080129,534630.0,181610.0,-0.061044,51.517377,1,Slight,3,3,2017-12-21,Thursday,18:00,Tower Hamlets,E09000030,6,0,2,20.0,6,9,5,0,,,7,1,1,0,9,1,2,E01004322,3,1,21/12/2017,21/12/2017,1,9,0,99,,9,9,99,9,99,,,6,Female,34,26 - 35,1796,1,4,3,1,,1,1,1,2,34,6,3,0,0,0,0,0,9,1,3,2017.0,010080129,E09000030,0.0,0.0,2.0,2017.0,010080129,9.0,9.0,99.0,2.0,9.0,-1,2017.0,010080129,2017,12,3,18
267977,2017010080154,535780.0,176850.0,-0.046311,51.474327,1,Slight,2,2,2017-12-25,Monday,21:00,Lewisham,E09000023,3,2,3,20.0,7,2,3,202,,,4,5,2,0,0,1,1,E01003339,3,1,25/12/2017,25/12/2017,1,9,0,3,,1,0,0,0,0,,,6,Male,35,26 - 35,1995,2,3,3,1,,1,1,1,1,35,6,3,0,0,0,0,0,9,1,3,2017.0,010080154,E09000023,2.0,5.0,2.0,2017.0,010080154,3.0,7.0,0.0,2.0,1.0,-1,2017.0,010080154,2017,12,2,21
267980,2017010080166,536150.0,184620.0,-0.037988,51.544062,1,Slight,2,1,2017-12-25,Monday,21:40,Hackney,E09000012,6,0,6,30.0,3,4,3,106,,,4,4,1,0,0,1,1,E01001845,3,1,25/12/2017,25/12/2017,1,9,0,9,,6,0,10,7,10,,,6,Female,23,21 - 25,1461,2,2,2,1,,1,1,1,2,23,5,3,0,0,0,0,0,9,1,2,2017.0,010080166,E09000012,0.0,0.0,2.0,2017.0,010080166,3.0,7.0,0.0,4.0,1.0,-1,2017.0,010080166,2017,12,1,21
267983,2017010080172,530370.0,172910.0,-0.125614,51.44019,1,Slight,2,2,2017-12-25,Monday,23:40,Lambeth,E09000022,3,23,6,30.0,9,4,6,0,,,4,2,2,0,0,1,1,E01003130,3,1,25/12/2017,25/12/2017,1,9,0,5,,1,0,0,0,0,,,1,Male,32,26 - 35,1339,1,14,8,1,,1,1,1,1,32,6,3,0,0,0,0,0,9,1,8,2017.0,010080172,E09000022,0.0,0.0,2.0,2017.0,010080172,7.0,3.0,0.0,1.0,1.0,-1,2017.0,010080172,2017,12,2,23
267985,2017010080176,521950.0,190980.0,-0.240449,51.604466,1,Slight,3,1,2017-12-25,Monday,23:30,Barnet,E09000003,1,1,3,70.0,5,4,6,0,,,4,2,2,0,3,1,1,E01000260,3,1,25/12/2017,25/12/2017,1,9,0,18,,2,1,7,0,0,,,6,Male,20,16 - 20,1995,2,12,6,1,,2,1,1,1,41,7,3,0,0,0,0,0,9,1,4,2017.0,010080176,E09000003,0.0,0.0,1.0,2017.0,010080176,1.0,5.0,0.0,2.0,1.0,-1,2017.0,010080176,2017,12,1,23
267987,2017010080178,536540.0,190810.0,-0.029966,51.599591,1,Slight,3,1,2017-12-26,Tuesday,00:25,Waltham Forest,E09000031,6,0,6,30.0,6,2,6,0,,,4,8,2,0,0,1,1,E01004403,3,1,26/12/2017,26/12/2017,1,9,0,4,,1,0,0,0,0,,,6,Male,27,26 - 35,1598,2,0,4,1,,2,1,1,2,22,5,3,0,0,0,0,0,9,1,4,2017.0,010080178,E09000031,0.0,5.0,2.0,2017.0,010080178,3.0,7.0,0.0,2.0,1.0,-1,2017.0,010080178,2017,12,1,0
267991,2017010080196,544940.0,183220.0,0.088106,51.529295,1,Slight,2,1,2017-12-25,Monday,21:18,Barking and Dagenham,E09000002,3,13,3,50.0,0,-1,-1,-1,,,4,1,2,0,0,1,1,E01000092,3,1,25/12/2017,25/12/2017,1,9,0,4,,0,0,0,0,0,,,2,Male,35,26 - 35,999,1,1,8,1,,1,1,1,1,35,6,3,0,0,0,0,0,9,1,8,2017.0,010080196,E09000002,0.0,0.0,2.0,2017.0,010080196,7.0,3.0,0.0,2.0,1.0,-1,2017.0,010080196,2017,12,1,21