,accident_index,location_easting_osgr,location_northing_osgr,longitude,latitude,police_force,accident_severity,number_of_vehicles,number_of_casualties,date,day_of_week,time,local_authority_district,local_authority_highway,first_road_class,first_road_number,road_type,speed_limit,junction_detail,junction_control,second_road_class,second_road_number,pedestrian_crossing-human_control,pedestrian_crossing-physical_facilities,light_conditions,weather_conditions,road_surface_conditions,special_conditions_at_site,carriageway_hazards,urban_or_rural_area,did_police_officer_attend_scene_of_accident,lsoa_of_accident_location,accident_severity_num,accident_severity_inv,date2,date_original,vehicle_reference_x,vehicle_type,towing_and_articulation,vehicle_manoeuvre,vehicle_location-restricted_lane,junction_location,skidding_and_overturning,hit_object_in_carriageway,vehicle_leaving_carriageway,hit_object_off_carriageway,1st_point_of_impact,was_vehicle_left_hand_drive?,journey_purpose_of_driver,sex_of_driver,age_of_driver,age_band_of_driver,engine_capacity_cc,propulsion_code,age_of_vehicle,driver_imd_decile,driver_home_area_type,vehicle_imd_decile,vehicle_reference_y,casualty_reference,casualty_class,sex_of_casualty,age_of_casualty,age_band_of_casualty,casualty_severity,pedestrian_location,pedestrian_movement,car_passenger,bus_or_coach_passenger,pedestrian_road_maintenance_worker,casualty_type,casualty_home_area_type,casualty_imd_decile,accident_year_x,accident_reference_x,local_authority_ons_district,pedestrian_crossing_human_control,pedestrian_crossing_physical_facilities,trunk_road_flag,accident_year_y,accident_reference_y,vehicle_direction_from,vehicle_direction_to,vehicle_location_restricted_lane,first_point_of_impact,vehicle_left_hand_drive,generic_make_model,accident_year,accident_reference,year,month,severity,hours
268202,2017010080832,518480.0,182180.0,-0.293496,51.526115,1,Slight,1,1,2017-12-30,Saturday,18:36,Ealing,E09000009,6,0,3,40.0,0,-1,-1,-1,,,4,1,2,0,0,1,1,E01001280,3,1,30/12/2017,30/12/2017,1,5,0,18,,0,0,0,0,0,,,6,Male,31,26 - 35,645,1,4,5,1,,1,1,1,1,31,6,3,0,0,0,0,0,5,1,5,2017.0,010080832,E09000009,0.0,0.0,2.0,2017.0,010080832,7.0,3.0,0.0,4.0,1.0,-1,2017.0,010080832,2017,12,1,18
268210,2017010080851,530950.0,158300.0,-0.122652,51.308757,1,Serious,2,1,2017-12-30,Saturday,18:40,Croydon,E09000008,4,2030,6,30.0,3,4,6,0,,,4,1,2,0,0,1,1,E01001020,2,2,30/12/2017,30/12/2017,1,9,0,9,,6,0,0,0,0,,,6,Male,28,26 - 35,1984,1,7,7,1,,2,1,1,1,21,5,2,0,0,0,0,0,4,1,8,2017.0,010080851,E09000008,0.0,1.0,2.0,2017.0,010080851,6.0,4.0,0.0,1.0,1.0,-1,2017.0,010080851,2017,12,2,18
268218,2017010080867,528100.0,190410.0,-0.151901,51.597979,1,Slight,2,1,2017-12-30,Saturday,23:40,Haringey,E09000014,6,0,6,30.0,3,4,6,0,,,4,2,2,0,0,1,1,E01001995,3,1,30/12/2017,30/12/2017,1,9,0,18,,8,1,0,1,10,,,6,Male,30,26 - 35,1995,1,10,4,1,,1,1,2,1,27,6,3,0,0,1,0,0,9,1,4,2017.0,010080867,E09000014,0.0,0.0,2.0,2017.0,010080867,1.0,5.0,0.0,3.0,1.0,-1,2017.0,010080867,2017,12,1,23
268220,2017010080873,522184.0,174498.0,-0.242786,51.456285,1,Serious,1,1,2017-12-30,Saturday,03:14,Wandsworth,E09000032,3,207,1,30.0,1,4,3,207,,,4,1,2,0,0,1,1,E01004642,2,2,30/12/2017,30/12/2017,1,9,0,17,,4,2,9,0,0,,,6,Male,21,21 - 25,1395,1,1,8,1,,1,1,2,1,23,5,2,0,0,1,0,0,9,1,9,2017.0,010080873,E09000032,0.0,8.0,2.0,2017.0,010080873,3.0,7.0,0.0,1.0,1.0,-1,2017.0,010080873,2017,12,2,3
268222,2017010080878,532290.0,190520.0,-0.091401,51.597999,1,Slight,2,3,2017-12-30,Saturday,23:15,Haringey,E09000014,3,109,6,30.0,3,4,6,0,,,4,2,2,0,0,1,1,E01002088,3,1,30/12/2017,30/12/2017,1,9,0,14,,1,0,0,0,0,,,1,Male,32,26 - 35,999,1,6,2,1,,1,1,1,1,32,6,3,0,0,0,0,0,9,1,2,2017.0,010080878,E09000014,0.0,4.0,2.0,2017.0,010080878,3.0,7.0,0.0,3.0,1.0,-1,2017.0,010080878,2017,12,3,23
268224,2017010080880,536760.0,169470.0,-0.035058,51.407771,1,Slight,2,1,2017-12-31,Sunday,00:37,Bromley,E09000006,3,234,6,30.0,2,4,6,0,,,4,8,2,0,0,1,1,E01000703,3,1,31/12/2017,31/12/2017,1,9,0,9,,4,0,0,0,0,,,6,Female,18,16 - 20,999,1,4,8,1,,2,1,2,2,32,6,3,0,0,2,0,0,8,1,6,2017.0,010080880,E09000006,0.0,4.0,2.0,2017.0,010080880,4.0,2.0,0.0,1.0,1.0,-1,2017.0,010080880,2017,12,1,0
268225,2017010080881,547760.0,186210.0,0.129983,51.55543,1,Slight,2,3,2017-12-30,Saturday,21:15,Barking and Dagenham,E09000002,5,0,6,30.0,3,4,6,0,,,4,2,2,0,0,1,1,E01000083,3,1,30/12/2017,30/12/2017,1,9,0,18,,1,0,0,0,0,,,6,Male,22,21 - 25,2000,1,13,2,1,,1,1,1,1,22,5,3,0,0,0,0,0,9,1,2,2017.0,010080881,E09000002,0.0,0.0,2.0,2017.0,010080881,5.0,1.0,0.0,1.0,1.0,-1,2017.0,010080881,2017,12,3,21
268227,2017010080885,548980.0,186870.0,0.147847,51.56104,1,Slight,2,5,2017-12-30,Saturday,22:09,Barking and Dagenham,E09000002,3,1112,6,30.0,6,2,3,1083,,,4,2,2,0,0,1,1,E01000101,3,1,30/12/2017,30/12/2017,1,9,0,18,,1,0,0,0,0,,,6,Male,26,26 - 35,1997,2,2,3,1,,1,1,1,1,26,6,3,0,0,0,0,0,9,1,3,2017.0,010080885,E09000002,2.0,5.0,2.0,2017.0,010080885,3.0,7.0,0.0,1.0,1.0,-1,2017.0,010080885,2017,12,5,22
268247,2017010080952,539290.0,184910.0,0.007378,51.545902,1,Slight,2,1,2017-12-31,Sunday,19:30,Newham,E09000025,6,0,6,30.0,3,4,6,0,,,7,2,2,0,0,1,2,E01003559,3,1,31/12/2017,31/12/2017,1,9,0,18,,8,0,0,0,0,,,6,Female,34,26 - 35,999,1,11,10,1,,1,1,1,2,34,6,3,0,0,0,0,0,9,1,10,2017.0,010080952,E09000025,0.0,0.0,2.0,2017.0,010080952,1.0,5.0,0.0,1.0,9.0,-1,2017.0,010080952,2017,12,1,19
268248,2017010080953,531420.0,161780.0,-0.114631,51.339924,1,Slight,1,1,2017-12-31,Sunday,20:27,Croydon,E09000008,3,235,6,30.0,0,-1,-1,-1,,,4,1,1,0,0,1,1,E01001097,3,1,31/12/2017,31/12/2017,1,9,0,18,,0,0,0,0,0,,,6,Female,30,26 - 35,2979,1,12,2,1,,1,1,3,1,21,5,3,5,2,0,0,2,0,-1,-1,2017.0,010080953,E09000008,0.0,0.0,2.0,2017.0,010080953,5.0,1.0,0.0,1.0,1.0,-1,2017.0,010080953,2017,12,1,20
268249,2017010080954,525010.0,189400.0,-0.196849,51.589596,1,Slight,1,3,2017-12-31,Sunday,20:20,Barnet,E09000003,3,406,3,40.0,99,9,6,0,,,4,1,2,9,9,1,2,E01000211,3,1,31/12/2017,31/12/2017,1,9,9,99,,9,0,99,0,0,,,6,Male,32,26 - 35,2993,2,7,4,1,,1,1,1,1,32,6,3,0,0,0,0,0,9,1,4,2017.0,010080954,E09000003,9.0,9.0,2.0,2017.0,010080954,9.0,9.0,0.0,2.0,9.0,-1,2017.0,010080954,2017,12,3,20
268250,2017010080956,519310.0,169120.0,-0.285942,51.408562,1,Slight,1,1,2017-12-31,Sunday,21:15,Kingston upon Thames,E09000021,3,2043,6,30.0,0,-1,-1,-1,,,4,1,1,0,0,1,1,E01002970,3,1,31/12/2017,31/12/2017,1,3,0,18,,0,0,0,0,0,,,6,Male,22,21 - 25,125,1,3,6,1,,1,1,3,1,47,8,3,5,1,0,0,2,0,1,8,2017.0,010080956,E09000021,0.0,0.0,2.0,2017.0,010080956,7.0,3.0,0.0,1.0,1.0,-1,2017.0,010080956,2017,12,1,21
268253,2017010080962,541050.0,184540.0,0.032594,51.54214,1,Slight,2,1,2017-12-31,Sunday,21:18,Newham,E09000025,4,167,6,30.0,3,4,5,0,,,4,1,1,0,0,1,1,E01003571,3,1,31/12/2017,31/12/2017,1,4,0,4,,2,0,0,0,0,,,2,Male,33,26 - 35,125,1,3,3,1,,1,1,1,1,33,6,3,0,0,0,0,0,4,1,3,2017.0,010080962,E09000025,0.0,1.0,2.0,2017.0,010080962,1.0,5.0,0.0,2.0,1.0,-1,2017.0,010080962,2017,12,1,21
268254,2017010080963,521070.0,177370.0,-0.257829,51.482336,1,Slight,1,1,2017-12-31,Sunday,22:10,Hounslow,E09000018,3,316,6,40.0,3,4,5,0,,,4,4,1,0,0,1,1,E01002578,3,1,31/12/2017,31/12/2017,1,9,0,17,,1,5,0,0,0,,,6,Male,32,26 - 35,1991,1,20,4,1,,1,1,1,1,32,6,3,0,0,0,0,0,9,1,4,2017.0,010080963,E09000018,0.0,1.0,2.0,2017.0,010080963,5.0,1.0,0.0,1.0,1.0,-1,2017.0,010080963,2017,12,1,22
268257,2017010080978,538170.0,189930.0,-0.006792,51.591286,1,Slight,2,1,2017-12-31,Sunday,20:20,Waltham Forest,E09000031,3,503,6,20.0,9,4,6,0,,,4,5,2,0,0,1,1,E01004470,3,1,31/12/2017,31/12/2017,1,4,0,18,,8,0,4,0,0,,,6,Male,30,26 - 35,125,1,5,4,1,,1,1,1,1,30,6,3,0,0,0,0,0,4,1,4,2017.0,010080978,E09000031,0.0,0.0,2.0,2017.0,010080978,3.0,7.0,0.0,1.0,1.0,-1,2017.0,010080978,2017,12,1,20
268266,2017010081058,532020.0,178850.0,-0.099671,51.49319,1,Slight,2,1,2017-12-31,Sunday,18:05,Southwark,E09000028,3,215,9,30.0,0,-1,-1,-1,,,1,9,9,9,9,1,2,E01032719,3,1,31/12/2017,31/12/2017,1,3,9,99,,0,9,99,9,99,,,6,Female,28,26 - 35,108,1,0,2,1,,1,1,1,2,28,6,3,0,0,0,0,0,3,1,2,2017.0,010081058,E09000028,9.0,9.0,2.0,2017.0,010081058,9.0,9.0,99.0,9.0,1.0,-1,2017.0,010081058,2017,12,1,18
268271,2017010081154,532410.0,177630.0,-0.094514,51.482135,1,Slight,2,1,2017-12-31,Sunday,22:32,Southwark,E09000028,3,215,9,40.0,6,9,4,214,,,6,1,1,0,9,1,2,E01003923,3,1,31/12/2017,31/12/2017,1,9,0,99,,9,9,99,9,99,,,6,Male,30,26 - 35,2143,2,7,10,2,,1,1,2,2,-1,-1,3,0,0,9,0,0,9,1,4,2017.0,010081154,E09000028,9.0,9.0,2.0,2017.0,010081154,9.0,9.0,99.0,9.0,9.0,-1,2017.0,010081154,2017,12,1,22
268272,2017010081156,528730.0,175220.0,-0.148357,51.461325,1,Slight,2,1,2017-12-30,Saturday,20:15,Lambeth,E09000022,3,3,6,30.0,8,9,6,0,,,7,2,2,0,0,1,2,E01003026,3,1,30/12/2017,30/12/2017,1,3,0,99,,9,9,99,9,99,,,6,Male,35,26 - 35,125,1,9,3,1,,1,1,1,1,35,6,3,0,0,0,0,0,3,1,3,2017.0,010081156,E09000022,9.0,9.0,2.0,2017.0,010081156,9.0,9.0,99.0,1.0,1.0,-1,2017.0,010081156,2017,12,1,20
268273,2017010081186,510940.0,178850.0,-0.403186,51.497714,1,Slight,2,1,2017-12-31,Sunday,18:54,Hounslow,E09000018,5,0,6,30.0,6,2,6,0,,,4,1,2,2,0,1,1,E01002637,3,1,31/12/2017,31/12/2017,1,9,0,18,,1,0,0,0,0,,,6,Male,26,26 - 35,1395,1,2,5,1,,2,1,1,1,46,8,3,0,0,0,0,0,1,1,3,2017.0,010081186,E09000018,0.0,5.0,2.0,2017.0,010081186,1.0,5.0,0.0,1.0,1.0,-1,2017.0,010081186,2017,12,1,18
268277,2017010081248,541130.0,181760.0,0.032634,51.51714,1,Slight,2,1,2017-10-12,Thursday,02:43,Newham,E09000025,3,13,3,30.0,5,4,3,112,,,7,9,9,9,9,1,2,E01003604,3,1,10/12/2017,10/12/2017,1,9,9,18,,1,9,99,9,99,,,6,Male,20,16 - 20,1395,1,3,-1,-1,,1,1,1,1,20,4,3,0,0,0,0,0,9,-1,-1,2017.0,010081248,E09000025,9.0,9.0,2.0,2017.0,010081248,7.0,3.0,0.0,2.0,9.0,-1,2017.0,010081248,2017,10,1,2
268284,2017010081394,517610.0,175050.0,-0.308405,51.462214,1,Slight,2,1,2017-12-31,Sunday,02:20,Richmond upon Thames,E09000027,6,0,2,30.0,0,-1,-1,-1,,,4,2,2,0,0,1,1,E01003876,3,1,31/12/2017,31/12/2017,1,9,0,18,,0,5,7,0,0,,,6,Male,30,26 - 35,1995,2,10,4,1,,1,1,1,1,30,6,3,0,0,0,0,0,9,1,4,2017.0,010081394,E09000027,0.0,0.0,2.0,2017.0,010081394,7.0,3.0,0.0,1.0,1.0,-1,2017.0,010081394,2017,12,1,2
268314,2017010082179,528180.0,181050.0,-0.154155,51.513844,1,Slight,2,1,2017-11-19,Sunday,19:57,Westminster,E09000033,3,40,6,30.0,6,2,5,0,,,4,1,1,2,0,1,2,E01004762,3,1,19/11/2017,19/11/2017,1,8,0,3,,1,0,0,0,0,,,6,Male,32,26 - 35,1984,1,6,6,1,,2,1,1,1,-1,-1,3,0,0,0,0,0,1,1,4,2017.0,010082179,E09000033,9.0,5.0,2.0,2017.0,010082179,9.0,9.0,0.0,4.0,9.0,-1,2017.0,010082179,2017,11,1,19
268318,2017010082258,523500.0,179290.0,-0.222181,51.499067,1,Slight,1,1,2017-08-01,Tuesday,19:30,Hammersmith and Fulham,E09000013,3,219,6,20.0,9,4,6,0,,,4,1,1,0,0,1,1,E01001856,3,1,08/01/2017,08/01/2017,1,9,0,18,,8,0,0,0,0,,,6,Male,23,21 - 25,1398,1,0,8,1,,1,1,3,2,51,8,3,8,3,0,0,2,0,1,2,2017.0,010082258,E09000013,0.0,0.0,2.0,2017.0,010082258,5.0,1.0,2.0,1.0,1.0,-1,2017.0,010082258,2017,8,1,19
268333,2017010082575,548280.0,182630.0,0.135973,51.523127,1,Slight,2,1,2017-12-26,Tuesday,02:00,Barking and Dagenham,E09000002,6,0,6,30.0,3,4,6,0,,,1,1,9,0,0,1,2,E01000095,3,1,26/12/2017,26/12/2017,1,9,0,99,,1,0,0,0,0,,,6,Male,33,26 - 35,1399,2,5,-1,-1,,1,1,1,1,33,6,3,0,0,0,0,0,9,-1,-1,2017.0,010082575,E09000002,0.0,0.0,2.0,2017.0,010082575,1.0,2.0,0.0,0.0,9.0,-1,2017.0,010082575,2017,12,1,2
268360,2017010083669,533870.0,191400.0,-0.068268,51.605534,1,Slight,2,1,2017-12-19,Tuesday,19:00,Haringey,E09000014,3,1010,6,30.0,3,4,5,0,,,4,1,1,0,0,1,2,E01002034,3,1,19/12/2017,19/12/2017,1,3,0,18,,1,0,0,0,0,,,1,Male,18,16 - 20,-1,-1,-1,7,1,,1,1,1,1,18,4,3,0,0,0,0,0,3,1,7,2017.0,010083669,E09000014,0.0,5.0,2.0,2017.0,010083669,9.0,9.0,0.0,3.0,1.0,-1,2017.0,010083669,2017,12,1,19
268364,2017010083796,530380.0,171960.0,-0.125819,51.43165,1,Slight,1,4,2017-12-18,Monday,18:30,Lambeth,E09000022,6,0,9,20.0,0,-1,-1,-1,,,4,1,1,0,9,1,2,E01003155,3,1,18/12/2017,18/12/2017,1,9,9,99,,0,9,0,0,0,,,6,Female,30,26 - 35,1796,1,15,-1,-1,,1,1,1,2,30,6,3,0,0,0,0,0,9,-1,-1,2017.0,010083796,E09000022,0.0,5.0,2.0,2017.0,010083796,9.0,9.0,0.0,3.0,1.0,-1,2017.0,010083796,2017,12,4,18
268367,2017010083850,533680.0,187900.0,-0.072341,51.574127,1,Slight,1,1,2017-12-18,Monday,05:45,Hackney,E09000012,3,10,6,30.0,99,9,6,0,,,4,9,9,9,9,1,2,E01001808,3,1,18/12/2017,18/12/2017,1,9,0,4,,1,0,0,0,0,,,6,Female,21,21 - 25,998,1,9,1,1,,1,1,1,2,21,5,3,0,0,0,0,0,9,1,1,2017.0,010083850,E09000012,9.0,9.0,2.0,2017.0,010083850,1.0,5.0,0.0,2.0,9.0,-1,2017.0,010083850,2017,12,1,5
268389,2017010085773,522470.0,191350.0,-0.232815,51.607678,1,Slight,1,1,2017-10-13,Friday,01:00,Barnet,E09000003,5,0,9,30.0,2,4,5,0,,,4,9,9,9,9,1,2,E01000256,3,1,13/10/2017,13/10/2017,1,9,0,10,,9,0,99,9,99,,,6,Male,19,16 - 20,1390,1,8,7,1,,1,1,1,1,19,4,3,0,0,0,0,0,9,1,7,2017.0,010085773,E09000003,9.0,9.0,2.0,2017.0,010085773,9.0,9.0,0.0,9.0,1.0,-1,2017.0,010085773,2017,10,1,1
268393,2017010085948,537960.0,168520.0,-0.018184,51.398944,1,Serious,2,1,2017-12-27,Wednesday,02:57,Bromley,E09000006,4,230,1,30.0,1,4,5,0,,,4,9,9,0,0,1,2,E01000770,2,2,27/12/2017,27/12/2017,1,9,0,5,,4,0,0,0,0,,,6,Male,26,26 - 35,1968,2,2,2,1,,1,1,1,1,26,6,2,0,0,0,0,0,9,1,2,2017.0,010085948,E09000006,9.0,9.0,2.0,2017.0,010085948,9.0,9.0,0.0,1.0,9.0,-1,2017.0,010085948,2017,12,2,2
268401,2017010087186,540820.0,192440.0,0.032443,51.613185,1,Slight,1,1,2017-07-11,Tuesday,19:51,Redbridge,E09000026,6,0,6,30.0,0,-1,-1,-1,,,7,9,9,0,0,1,2,E01003747,3,1,07/11/2017,07/11/2017,1,9,0,16,,0,0,0,0,0,,,6,Male,22,21 - 25,1984,1,0,7,1,,1,1,1,1,22,5,3,0,0,0,0,0,9,1,7,2017.0,010087186,E09000026,0.0,0.0,2.0,2017.0,010087186,9.0,9.0,0.0,9.0,9.0,-1,2017.0,010087186,2017,7,1,19
268427,2017010091096,533040.0,178920.0,-0.084961,51.49358,1,Slight,2,1,2017-12-21,Thursday,18:59,Southwark,E09000028,3,2,9,30.0,1,9,3,201,,,4,9,9,9,9,1,2,E01003960,3,1,21/12/2017,21/12/2017,1,9,9,99,,9,9,99,9,99,,,6,Male,22,21 - 25,1560,2,6,2,1,,1,1,1,1,22,5,3,0,0,0,0,0,9,1,2,2017.0,010091096,E09000028,9.0,9.0,2.0,2017.0,010091096,9.0,9.0,99.0,9.0,9.0,-1,2017.0,010091096,2017,12,1,18
268439,2017010093568,530720.0,177930.0,-0.118727,51.485224,1,Slight,2,1,2017-08-16,Wednesday,20:29,Lambeth,E09000022,3,3204,2,30.0,0,-1,-1,-1,,,4,9,1,0,0,1,1,E01003102,3,1,16/08/2017,16/08/2017,1,9,0,18,,0,0,0,0,0,,,6,Male,24,21 - 25,1200,1,1,3,1,,2,1,1,1,29,6,3,0,0,0,0,0,4,1,4,2017.0,010093568,E09000022,0.0,0.0,2.0,2017.0,010093568,7.0,3.0,0.0,0.0,1.0,-1,2017.0,010093568,2017,8,1,20
268458,2017010100689,533960.0,184840.0,-0.069467,51.546562,1,Slight,2,1,2017-08-31,Thursday,19:30,Hackney,E09000012,4,108,6,30.0,7,9,3,104,,,1,1,1,9,0,1,2,E01001748,3,1,31/08/2017,31/08/2017,1,3,0,10,,9,0,99,9,99,,,6,Male,24,21 - 25,125,1,1,2,1,,1,1,1,1,24,5,3,0,0,0,0,0,3,1,2,2017.0,010100689,E09000012,9.0,9.0,2.0,2017.0,010100689,9.0,9.0,99.0,9.0,1.0,-1,2017.0,010100689,2017,8,1,19
268462,2017010103507,510420.0,176830.0,-0.411305,51.47966,1,Slight,2,1,2017-08-21,Monday,18:40,Hounslow,E09000018,3,4,2,20.0,0,-1,-1,-1,,,1,1,1,0,0,1,2,E01002584,3,1,21/08/2017,21/08/2017,1,9,0,99,,0,9,99,9,99,,,6,Male,31,26 - 35,1798,8,4,4,1,,1,1,1,1,31,6,3,0,0,0,0,0,9,1,4,2017.0,010103507,E09000018,0.0,0.0,2.0,2017.0,010103507,9.0,9.0,99.0,2.0,9.0,-1,2017.0,010103507,2017,8,1,18
318583,2017420252888,557030.0,192669.0,0.266474,51.610959,42,Fatal,1,1,2017-12-30,Saturday,03:33,Brentwood,E10000012,3,12,3,70.0,0,-1,-1,-1,,,4,9,2,0,0,1,2,E01021468,1,3,30/12/2017,30/12/2017,1,9,0,18,,0,0,0,4,0,,,5,Male,25,21 - 25,-1,-1,-1,5,1,,1,1,1,1,25,5,1,0,0,0,0,0,9,-1,-1,2017.0,420252888,E07000068,0.0,0.0,1.0,2017.0,420252888,3.0,7.0,0.0,1.0,1.0,-1,2017.0,420252888,2017,12,3,3
327095,2017450154987,520936.0,164625.0,-0.264103,51.367818,45,Slight,3,3,2017-04-02,Sunday,21:08,Epsom and Ewell,E10000030,3,240,2,40.0,0,-1,-1,-1,,,4,8,2,0,0,1,1,E01030393,3,1,04/02/2017,04/02/2017,1,9,0,18,,0,0,0,0,0,,,6,Not known,26,26 - 35,1998,1,18,-1,-1,,1,1,2,2,14,3,3,0,0,1,0,0,9,1,3,2017.0,450154987,E07000208,0.0,0.0,2.0,2017.0,450154987,1.0,5.0,0.0,4.0,1.0,-1,2017.0,450154987,2017,4,3,21
327175,2017450157406,509210.0,169667.0,-0.43093,51.415512,45,Slight,2,1,2017-02-16,Thursday,20:20,Spelthorne,E10000030,3,244,3,30.0,3,2,6,0,,,4,1,2,0,0,1,1,E01030752,3,1,16/02/2017,16/02/2017,1,9,0,9,,8,0,0,0,0,,,2,Female,29,26 - 35,1242,1,11,8,3,,2,1,2,1,19,4,3,0,0,1,0,0,9,1,10,2017.0,450157406,E07000213,0.0,0.0,2.0,2017.0,450157406,5.0,1.0,0.0,4.0,1.0,-1,2017.0,450157406,2017,2,1,20
327186,2017450157521,506524.0,171055.0,-0.469124,51.428498,45,Slight,2,1,2017-06-02,Friday,18:21,Spelthorne,E10000030,4,377,6,30.0,0,-1,-1,-1,,,5,1,1,0,0,1,1,E01030705,3,1,06/02/2017,06/02/2017,1,9,0,18,,0,0,0,0,0,,,6,Male,23,21 - 25,1497,1,15,10,1,,1,1,1,1,23,5,3,0,0,0,0,0,9,1,10,2017.0,450157521,E07000213,0.0,0.0,2.0,2017.0,450157521,2.0,6.0,0.0,1.0,1.0,-1,2017.0,450157521,2017,6,1,18
327368,2017450163571,520362.0,165109.0,-0.272181,51.37229,45,Slight,2,1,2017-12-03,Sunday,00:03,Epsom and Ewell,E10000030,3,240,9,30.0,9,2,6,0,,,4,1,1,0,0,1,1,E01030388,3,1,12/03/2017,12/03/2017,1,9,0,18,,1,0,0,0,0,,,2,Male,27,26 - 35,1968,2,6,8,1,,1,1,2,1,26,6,3,0,0,1,0,0,9,1,3,2017.0,450163571,E07000208,0.0,0.0,2.0,2017.0,450163571,2.0,6.0,0.0,2.0,1.0,-1,2017.0,450163571,2017,12,1,0
327395,2017450164541,506298.0,173218.0,-0.471725,51.447983,45,Slight,2,2,2017-03-14,Tuesday,18:05,Spelthorne,E10000030,6,0,6,30.0,3,4,6,0,,,4,1,1,0,0,1,1,E01030709,3,1,14/03/2017,14/03/2017,1,9,0,5,,2,0,0,0,0,,,6,Male,25,21 - 25,1400,1,17,7,1,,1,1,2,1,22,5,3,0,0,1,0,0,9,1,7,2017.0,450164541,E07000213,0.0,0.0,2.0,2017.0,450164541,3.0,7.0,0.0,3.0,1.0,-1,2017.0,450164541,2017,3,2,18
327469,2017450166819,509068.0,166928.0,-0.433813,51.39092,45,Slight,2,2,2017-03-22,Wednesday,23:13,Spelthorne,E10000030,3,244,6,30.0,3,4,6,0,,,4,2,2,0,0,1,1,E01030732,3,1,22/03/2017,22/03/2017,1,9,0,18,,1,1,4,7,10,,,6,Male,22,21 - 25,1753,2,15,2,1,,1,1,1,1,22,5,3,0,0,0,0,0,9,1,2,2017.0,450166819,E07000213,0.0,0.0,2.0,2017.0,450166819,5.0,1.0,0.0,1.0,1.0,-1,2017.0,450166819,2017,3,2,23
327528,2017450168986,506452.0,174312.0,-0.469181,51.457787,45,Serious,2,2,2017-03-26,Sunday,19:05,Spelthorne,E10000030,6,0,6,30.0,3,4,6,0,,,4,1,1,0,0,1,1,E01030744,2,2,26/03/2017,26/03/2017,1,9,0,3,,1,1,0,7,0,,,6,Male,28,26 - 35,4999,1,11,3,1,,1,2,1,1,28,6,3,0,0,0,0,0,9,1,3,2017.0,450168986,E07000213,0.0,0.0,2.0,2017.0,450168986,3.0,7.0,0.0,1.0,1.0,-1,2017.0,450168986,2017,3,4,19
327588,2017450171017,503363.0,171743.0,-0.514376,51.435267,45,Slight,2,1,2017-02-04,Saturday,19:30,Spelthorne,E10000030,6,0,6,30.0,0,-1,-1,-1,,,1,1,1,0,0,1,2,E01030736,3,1,02/04/2017,02/04/2017,1,9,0,18,,0,0,0,0,0,,,6,Male,25,21 - 25,1597,1,27,7,1,,1,1,2,2,27,6,3,0,0,1,0,0,9,1,3,2017.0,450171017,E07000213,0.0,0.0,2.0,2017.0,450171017,1.0,1.0,0.0,2.0,1.0,-1,2017.0,450171017,2017,2,1,19
327602,2017450171238,506015.0,172954.0,-0.475875,51.445663,45,Slight,2,1,2017-01-24,Tuesday,22:15,Spelthorne,E10000030,6,0,6,30.0,0,-1,-1,-1,,,4,8,4,0,0,1,1,E01030711,3,1,24/01/2017,24/01/2017,1,9,0,4,,0,0,0,0,0,,,6,Female,21,21 - 25,1229,1,6,10,1,,1,1,1,2,21,5,3,0,0,0,0,0,9,1,10,2017.0,450171238,E07000213,0.0,0.0,2.0,2017.0,450171238,6.0,2.0,0.0,2.0,1.0,-1,2017.0,450171238,2017,1,1,22
327669,2017450172882,506650.0,171932.0,-0.467048,51.436357,45,Slight,1,1,2017-03-29,Wednesday,22:22,Spelthorne,E10000030,4,378,6,30.0,0,-1,-1,-1,,,4,1,1,0,0,1,1,E01030712,3,1,29/03/2017,29/03/2017,1,9,0,18,,0,0,0,0,0,,,6,Not known,35,26 - 35,-1,-1,-1,-1,-1,,1,1,3,2,28,6,3,10,9,0,0,0,0,-1,-1,2017.0,450172882,E07000213,0.0,0.0,2.0,2017.0,450172882,1.0,5.0,0.0,1.0,1.0,-1,2017.0,450172882,2017,3,1,22
327682,2017450173442,520712.0,162968.0,-0.267881,51.352973,45,Slight,2,1,2017-07-04,Tuesday,18:00,Epsom and Ewell,E10000030,6,0,6,30.0,0,-1,-1,-1,,,1,4,1,0,0,1,1,E01030416,3,1,07/04/2017,07/04/2017,1,9,0,18,,0,0,0,0,0,,,2,Male,24,21 - 25,1198,1,13,6,1,,1,1,1,1,24,5,3,0,0,0,0,0,9,1,6,2017.0,450173442,E07000208,0.0,0.0,2.0,2017.0,450173442,1.0,5.0,0.0,1.0,1.0,-1,2017.0,450173442,2017,7,1,18