,accident_index,location_easting_osgr,location_northing_osgr,longitude,latitude,police_force,accident_severity,number_of_vehicles,number_of_casualties,date,day_of_week,time,local_authority_district,local_authority_highway,first_road_class,first_road_number,road_type,speed_limit,junction_detail,junction_control,second_road_class,second_road_number,pedestrian_crossing-human_control,pedestrian_crossing-physical_facilities,light_conditions,weather_conditions,road_surface_conditions,special_conditions_at_site,carriageway_hazards,urban_or_rural_area,did_police_officer_attend_scene_of_accident,lsoa_of_accident_location,accident_severity_num,accident_severity_inv,date2,date_original,vehicle_reference_x,vehicle_type,towing_and_articulation,vehicle_manoeuvre,vehicle_location-restricted_lane,junction_location,skidding_and_overturning,hit_object_in_carriageway,vehicle_leaving_carriageway,hit_object_off_carriageway,1st_point_of_impact,was_vehicle_left_hand_drive?,journey_purpose_of_driver,sex_of_driver,age_of_driver,age_band_of_driver,engine_capacity_cc,propulsion_code,age_of_vehicle,driver_imd_decile,driver_home_area_type,vehicle_imd_decile,vehicle_reference_y,casualty_reference,casualty_class,sex_of_casualty,age_of_casualty,age_band_of_casualty,casualty_severity,pedestrian_location,pedestrian_movement,car_passenger,bus_or_coach_passenger,pedestrian_road_maintenance_worker,casualty_type,casualty_home_area_type,casualty_imd_decile,accident_year_x,accident_reference_x,local_authority_ons_district,pedestrian_crossing_human_control,pedestrian_crossing_physical_facilities,trunk_road_flag,accident_year_y,accident_reference_y,vehicle_direction_from,vehicle_direction_to,vehicle_location_restricted_lane,first_point_of_impact,vehicle_left_hand_drive,generic_make_model,accident_year,accident_reference,year,month,severity,hours
327748,2017450175637,510096.0,169530.0,-0.418237,51.41411,45,Slight,3,1,2017-04-15,Saturday,19:05,Spelthorne,E10000030,6,0,6,30.0,3,2,6,0,,,1,1,1,0,0,1,1,E01030753,3,1,15/04/2017,15/04/2017,1,9,0,9,,1,0,0,0,0,,,5,Male,18,16 - 20,1461,2,1,9,2,,2,1,1,2,30,6,3,0,0,0,0,0,9,1,10,2017.0,450175637,E07000213,0.0,5.0,2.0,2017.0,450175637,1.0,7.0,0.0,1.0,1.0,-1,2017.0,450175637,2017,4,1,19
327759,2017450176074,520076.0,159084.0,-0.278317,51.3182,45,Slight,2,2,2017-04-15,Saturday,20:15,Epsom and Ewell,E10000030,6,0,6,30.0,0,-1,-1,-1,,,6,1,1,0,0,1,1,E01030417,3,1,15/04/2017,15/04/2017,1,9,0,18,,0,0,0,0,0,,,5,Male,23,21 - 25,-1,-1,-1,10,1,,1,1,2,1,21,5,3,0,0,2,0,0,9,-1,-1,2017.0,450176074,E07000208,0.0,0.0,2.0,2017.0,450176074,5.0,1.0,0.0,1.0,1.0,-1,2017.0,450176074,2017,4,2,20
327833,2017450178512,503079.0,171399.0,-0.51856,51.432227,45,Slight,2,1,2017-04-21,Friday,23:35,Spelthorne,E10000030,3,320,6,30.0,1,4,6,0,,,7,1,1,0,0,1,1,E01030666,3,1,21/04/2017,21/04/2017,1,9,0,18,,1,0,0,0,0,,,6,Female,25,21 - 25,1398,1,2,8,1,,2,1,1,1,-1,-1,3,0,0,0,0,0,1,1,5,2017.0,450178512,E07000213,0.0,0.0,2.0,2017.0,450178512,4.0,8.0,0.0,0.0,1.0,-1,2017.0,450178512,2017,4,1,23
327874,2017450180152,509191.0,169958.0,-0.431114,51.418131,45,Slight,2,1,2017-04-27,Thursday,21:25,Spelthorne,E10000030,6,0,6,30.0,0,-1,-1,-1,,,7,1,1,0,0,1,1,E01030725,3,1,27/04/2017,27/04/2017,1,9,0,18,,0,0,0,0,0,,,6,Male,33,26 - 35,1896,2,14,8,1,,1,1,3,1,32,6,3,10,9,0,0,0,0,-1,-1,2017.0,450180152,E07000213,0.0,0.0,2.0,2017.0,450180152,7.0,3.0,0.0,1.0,1.0,-1,2017.0,450180152,2017,4,1,21
327943,2017450182952,522013.0,162617.0,-0.249327,51.349541,45,Slight,2,1,2017-05-05,Friday,19:15,Epsom and Ewell,E10000030,4,2200,6,30.0,0,-1,-1,-1,,,1,1,1,0,0,1,1,E01030392,3,1,05/05/2017,05/05/2017,1,9,0,15,,0,0,0,0,0,,,6,Male,19,16 - 20,1390,1,6,10,1,,1,1,2,2,18,4,3,0,0,1,0,0,9,-1,-1,2017.0,450182952,E07000208,0.0,0.0,2.0,2017.0,450182952,5.0,1.0,0.0,3.0,1.0,-1,2017.0,450182952,2017,5,1,19
328202,2017450193026,522477.0,161327.0,-0.243111,51.337848,45,Slight,3,2,2017-07-06,Thursday,18:53,Epsom and Ewell,E10000030,3,240,6,40.0,0,-1,-1,-1,,,1,1,1,0,0,1,1,E01030396,3,1,07/06/2017,07/06/2017,1,9,0,18,,0,0,0,0,0,,,2,Male,34,26 - 35,-1,-1,-1,10,1,,2,1,1,2,49,8,3,0,0,0,0,0,9,1,9,2017.0,450193026,E07000208,0.0,0.0,2.0,2017.0,450193026,5.0,4.0,0.0,4.0,1.0,-1,2017.0,450193026,2017,7,2,18
328206,2017450193125,522541.0,162270.0,-0.241868,51.346309,45,Slight,3,2,2017-01-06,Friday,20:30,Epsom and Ewell,E10000030,3,232,6,30.0,6,2,6,0,,,4,1,1,0,0,1,1,E01030396,3,1,01/06/2017,01/06/2017,1,9,0,18,,1,1,0,0,0,,,6,Female,18,16 - 20,1124,1,16,-1,-1,,2,1,1,2,24,5,3,0,0,0,0,0,9,-1,-1,2017.0,450193125,E07000208,0.0,5.0,2.0,2017.0,450193125,7.0,3.0,0.0,1.0,1.0,-1,2017.0,450193125,2017,1,2,20
328352,2017450196876,502210.0,172425.0,-0.530761,51.441607,45,Slight,2,3,2017-06-22,Thursday,19:15,Spelthorne,E10000030,1,25,3,70.0,0,-1,-1,-1,,,1,1,1,0,0,1,1,E01030735,3,1,22/06/2017,22/06/2017,1,9,0,4,,0,0,0,0,0,,,5,Male,21,21 - 25,1496,2,1,-1,-1,,1,1,1,1,21,5,3,0,0,0,0,0,9,-1,-1,2017.0,450196876,E07000213,0.0,0.0,1.0,2017.0,450196876,1.0,5.0,0.0,1.0,1.0,-1,2017.0,450196876,2017,6,3,19
328377,2017450197404,509806.0,170047.0,-0.422246,51.418813,45,Slight,2,1,2017-11-06,Monday,19:06,Spelthorne,E10000030,6,0,6,30.0,8,-1,6,0,,,1,1,1,0,0,1,1,E01030752,3,1,11/06/2017,11/06/2017,1,9,0,18,,8,0,0,0,0,,,5,Male,35,26 - 35,1998,2,5,-1,-1,,2,1,1,1,13,3,3,0,0,0,0,0,1,-1,-1,2017.0,450197404,E07000213,0.0,4.0,2.0,2017.0,450197404,5.0,1.0,0.0,1.0,1.0,-1,2017.0,450197404,2017,11,1,19
328422,2017450199106,507428.0,171391.0,-0.456024,51.431347,45,Serious,1,1,2017-06-14,Wednesday,18:55,Spelthorne,E10000030,4,377,6,30.0,0,-1,-1,-1,,,1,1,1,0,0,1,1,E01030702,2,2,14/06/2017,14/06/2017,1,9,0,18,,0,0,0,0,0,,,6,Male,35,26 - 35,1598,2,0,1,1,,1,1,3,1,10,2,2,9,6,0,0,0,0,1,4,2017.0,450199106,E07000213,0.0,0.0,2.0,2017.0,450199106,1.0,5.0,0.0,1.0,1.0,-1,2017.0,450199106,2017,6,2,18
328565,2017450203116,522164.0,164196.0,-0.246618,51.3637,45,Slight,1,3,2017-06-27,Tuesday,22:00,Epsom and Ewell,E10000030,6,0,6,30.0,0,-1,-1,-1,,,4,2,2,0,0,1,1,E01030406,3,1,27/06/2017,27/06/2017,1,9,0,18,,0,1,0,1,0,,,5,Male,18,16 - 20,998,1,0,-1,-1,,1,1,1,1,18,4,3,0,0,0,0,0,9,-1,-1,2017.0,450203116,E07000208,0.0,0.0,2.0,2017.0,450203116,1.0,5.0,0.0,1.0,1.0,-1,2017.0,450203116,2017,6,3,22
328570,2017450203213,504661.0,169833.0,-0.496273,51.417861,45,Slight,2,1,2017-12-07,Thursday,21:00,Spelthorne,E10000030,4,376,1,30.0,1,4,6,0,,,1,1,1,0,0,1,1,E01030726,3,1,12/07/2017,12/07/2017,1,9,0,18,,4,0,0,0,0,,,6,Male,25,21 - 25,1796,1,15,4,1,,1,1,1,1,25,5,3,0,0,0,0,0,9,1,4,2017.0,450203213,E07000213,0.0,0.0,2.0,2017.0,450203213,8.0,4.0,0.0,3.0,1.0,-1,2017.0,450203213,2017,12,1,21
328618,2017450204627,505695.0,174011.0,-0.480163,51.455223,45,Slight,1,1,2017-06-30,Friday,20:30,Spelthorne,E10000030,6,0,6,30.0,0,-1,-1,-1,,,1,1,1,0,0,1,2,E01030744,3,1,30/06/2017,30/06/2017,1,9,0,18,,0,0,0,0,0,,,6,Male,28,26 - 35,1794,1,10,-1,-1,,1,1,3,1,14,3,3,1,1,0,0,0,0,-1,-1,2017.0,450204627,E07000213,0.0,1.0,2.0,2017.0,450204627,1.0,5.0,0.0,0.0,1.0,-1,2017.0,450204627,2017,6,1,20
328620,2017450204650,510087.0,169576.0,-0.418352,51.414525,45,Slight,1,1,2017-02-07,Tuesday,18:10,Spelthorne,E10000030,6,0,6,30.0,0,-1,-1,-1,,,1,1,1,0,0,1,1,E01030754,3,1,02/07/2017,02/07/2017,1,9,0,18,,0,0,0,0,0,,,5,Male,30,26 - 35,1598,1,16,-1,-1,,1,1,3,1,15,3,3,10,9,0,0,2,0,-1,-1,2017.0,450204650,E07000213,0.0,0.0,2.0,2017.0,450204650,1.0,5.0,0.0,1.0,1.0,-1,2017.0,450204650,2017,2,1,18
328654,2017450205354,522254.0,162328.0,-0.245967,51.346892,45,Slight,2,3,2017-09-07,Thursday,22:05,Epsom and Ewell,E10000030,3,24,3,40.0,3,2,4,2200,,,4,1,1,0,0,1,1,E01030392,3,1,09/07/2017,09/07/2017,1,9,0,18,,8,0,0,0,0,,,6,Male,17,16 - 20,1596,1,11,9,1,,1,1,1,1,17,4,3,0,0,0,0,0,9,1,9,2017.0,450205354,E07000208,0.0,0.0,2.0,2017.0,450205354,3.0,7.0,0.0,1.0,1.0,-1,2017.0,450205354,2017,9,3,22
328731,2017450207290,520630.0,164271.0,-0.268616,51.364702,45,Slight,2,1,2017-04-07,Friday,18:52,Epsom and Ewell,E10000030,4,246,6,30.0,0,-1,-1,-1,,,1,4,1,0,0,1,1,E01030394,3,1,04/07/2017,04/07/2017,1,9,0,18,,0,0,0,0,0,,,1,Male,33,26 - 35,1560,2,3,-1,-1,,2,1,1,1,16,4,3,0,0,0,0,0,3,-1,-1,2017.0,450207290,E07000208,0.0,0.0,2.0,2017.0,450207290,2.0,6.0,0.0,0.0,1.0,-1,2017.0,450207290,2017,4,1,18
328929,2017450211715,511825.0,169520.0,-0.393389,51.413682,45,Slight,2,1,2017-10-08,Sunday,18:07,Spelthorne,E10000030,3,308,6,40.0,3,4,6,0,,,1,1,1,0,0,1,1,E01030756,3,1,10/08/2017,10/08/2017,1,9,0,13,,1,0,0,3,0,,,1,Male,34,26 - 35,1560,2,5,-1,-1,,1,1,2,1,27,6,3,0,0,1,0,0,9,-1,-1,2017.0,450211715,E07000213,0.0,0.0,2.0,2017.0,450211715,1.0,3.0,0.0,1.0,1.0,-1,2017.0,450211715,2017,10,1,18
329040,2017450215361,521455.0,160311.0,-0.258121,51.328936,45,Slight,1,1,2017-08-24,Thursday,21:26,Epsom and Ewell,E10000030,4,284,1,40.0,0,-1,-1,-1,,,6,1,1,0,0,1,1,E01030381,3,1,24/08/2017,24/08/2017,1,9,0,16,,0,1,0,0,0,,,6,Male,23,21 - 25,-1,-1,-1,-1,-1,,1,1,1,1,23,5,3,0,0,0,0,0,9,-1,-1,2017.0,450215361,E07000208,0.0,0.0,2.0,2017.0,450215361,3.0,7.0,0.0,4.0,1.0,-1,2017.0,450215361,2017,8,1,21
329065,2017450216568,503430.0,171779.0,-0.513401,51.435579,45,Slight,1,1,2017-08-27,Sunday,03:44,Spelthorne,E10000030,6,0,1,30.0,1,4,6,0,,,4,1,1,0,0,1,1,E01030736,3,1,27/08/2017,27/08/2017,1,9,0,9,,6,1,0,1,0,,,6,Male,21,21 - 25,1839,1,20,-1,-1,,1,1,1,1,21,5,3,0,0,0,0,0,9,-1,-1,2017.0,450216568,E07000213,0.0,0.0,2.0,2017.0,450216568,5.0,1.0,0.0,3.0,1.0,-1,2017.0,450216568,2017,8,1,3
329197,2017450220787,509237.0,166541.0,-0.431504,51.387409,45,Slight,2,1,2017-06-09,Friday,18:51,Spelthorne,E10000030,3,244,6,30.0,0,-1,-1,-1,,,1,1,1,0,0,1,1,E01030732,3,1,06/09/2017,06/09/2017,1,9,0,4,,0,0,0,0,0,,,6,Male,19,16 - 20,1242,1,10,-1,-1,,2,1,2,2,18,4,3,0,0,2,0,0,9,-1,-1,2017.0,450220787,E07000213,0.0,0.0,2.0,2017.0,450220787,3.0,7.0,0.0,1.0,1.0,-1,2017.0,450220787,2017,6,1,18
329198,2017450220819,522412.0,160586.0,-0.244298,51.331202,45,Slight,3,1,2017-11-09,Thursday,22:20,Epsom and Ewell,E10000030,6,0,6,30.0,3,4,6,0,,,1,2,2,0,0,1,1,E01030396,3,1,11/09/2017,11/09/2017,1,9,0,18,,1,0,0,0,0,,,6,Male,17,16 - 20,1796,1,9,8,1,,1,1,1,1,17,4,3,0,0,0,0,0,9,1,8,2017.0,450220819,E07000208,0.0,0.0,2.0,2017.0,450220819,1.0,5.0,0.0,1.0,1.0,-1,2017.0,450220819,2017,11,1,22
329240,2017450221865,507953.0,170481.0,-0.448751,51.423068,45,Slight,3,1,2017-09-15,Friday,18:21,Spelthorne,E10000030,3,308,3,40.0,6,2,4,378,,,1,2,2,0,0,1,1,E01030698,3,1,15/09/2017,15/09/2017,1,9,0,5,,1,0,0,0,0,,,6,Male,18,16 - 20,1390,1,10,9,1,,2,1,2,2,85,11,3,0,0,1,0,0,9,1,7,2017.0,450221865,E07000213,0.0,0.0,2.0,2017.0,450221865,7.0,3.0,0.0,1.0,1.0,-1,2017.0,450221865,2017,9,1,18
329384,2017450226284,504356.0,171892.0,-0.500051,51.436425,45,Slight,2,1,2017-09-27,Wednesday,05:00,Spelthorne,E10000030,3,308,6,40.0,1,4,3,30,,,1,1,1,0,0,1,1,E01030734,3,1,27/09/2017,27/09/2017,1,9,0,5,,1,0,0,0,0,,,1,Female,21,21 - 25,1595,1,1,-1,-1,,2,1,1,1,-1,-1,3,0,0,0,0,0,2,-1,-1,2017.0,450226284,E07000213,0.0,0.0,1.0,2017.0,450226284,6.0,8.0,0.0,1.0,1.0,-1,2017.0,450226284,2017,9,1,5
329423,2017450227244,504393.0,171937.0,-0.499506,51.436822,45,Slight,2,1,2017-09-30,Saturday,00:59,Spelthorne,E10000030,6,0,6,30.0,0,-1,-1,-1,,,4,9,1,0,0,1,2,E01030734,3,1,30/09/2017,30/09/2017,1,9,0,18,,0,0,0,0,0,,,6,Male,35,26 - 35,2143,2,2,-1,-1,,1,1,1,1,35,6,3,0,0,0,0,0,9,-1,-1,2017.0,450227244,E07000213,0.0,0.0,2.0,2017.0,450227244,3.0,7.0,0.0,3.0,1.0,-1,2017.0,450227244,2017,9,1,0
329516,2017450231335,504377.0,171974.0,-0.499725,51.437158,45,Slight,3,1,2017-09-10,Sunday,18:00,Spelthorne,E10000030,6,0,3,50.0,0,-1,-1,-1,,,1,1,1,0,0,1,2,E01030734,3,1,09/10/2017,09/10/2017,1,9,0,3,,0,0,0,0,0,,,6,Female,26,26 - 35,1229,1,5,-1,-1,,1,1,1,2,26,6,3,0,0,0,0,0,9,-1,-1,2017.0,450231335,E07000213,0.0,0.0,2.0,2017.0,450231335,1.0,3.0,0.0,2.0,1.0,-1,2017.0,450231335,2017,9,1,18
329584,2017450233195,510554.0,169870.0,-0.411548,51.417077,45,Serious,2,4,2017-10-14,Saturday,19:00,Spelthorne,E10000030,6,0,6,30.0,0,-1,-1,-1,,,4,1,1,0,0,1,1,E01030754,2,2,14/10/2017,14/10/2017,1,9,0,18,,0,0,0,1,0,,,5,Male,20,16 - 20,2143,2,4,-1,-1,,1,1,1,1,20,4,3,0,0,0,0,0,9,-1,-1,2017.0,450233195,E07000213,0.0,0.0,2.0,2017.0,450233195,1.0,5.0,0.0,1.0,1.0,-1,2017.0,450233195,2017,10,8,19
329613,2017450234029,503735.0,171715.0,-0.509034,51.434948,45,Slight,2,1,2017-10-29,Sunday,20:38,Spelthorne,E10000030,6,0,6,30.0,9,2,3,308,,,4,1,1,0,0,1,1,E01030736,3,1,29/10/2017,29/10/2017,1,9,0,1,,8,0,0,0,0,,,6,Not known,19,16 - 20,-1,-1,-1,-1,-1,,2,1,1,1,53,8,3,0,0,0,0,0,4,1,8,2017.0,450234029,E07000213,2.0,1.0,2.0,2017.0,450234029,2.0,6.0,0.0,2.0,1.0,-1,2017.0,450234029,2017,10,1,20
329805,2017450238622,504314.0,171977.0,-0.50063,51.437196,45,Slight,2,2,2017-06-11,Sunday,19:49,Spelthorne,E10000030,3,30,6,30.0,1,2,6,0,,,1,1,1,0,0,1,1,E01030736,3,1,06/11/2017,06/11/2017,1,9,0,18,,1,0,0,0,0,,,6,Female,31,26 - 35,1796,1,12,-1,-1,,2,1,1,1,56,9,3,0,0,0,0,0,9,-1,-1,2017.0,450238622,E07000213,0.0,0.0,1.0,2017.0,450238622,6.0,2.0,0.0,1.0,1.0,-1,2017.0,450238622,2017,6,2,19
329842,2017450240817,520703.0,161351.0,-0.268557,51.338443,45,Slight,2,1,2017-09-11,Monday,18:30,Epsom and Ewell,E10000030,6,0,6,30.0,0,-1,-1,-1,,,4,1,1,0,0,1,2,E01030409,3,1,09/11/2017,09/11/2017,1,3,0,18,,0,0,0,0,0,,,6,Male,17,16 - 20,-1,-1,-1,-1,-1,,1,1,1,1,17,4,3,0,0,0,0,0,3,-1,-1,2017.0,450240817,E07000208,0.0,0.0,2.0,2017.0,450240817,1.0,5.0,0.0,1.0,1.0,-1,2017.0,450240817,2017,9,1,18
329905,2017450243186,520805.0,161496.0,-0.267045,51.339724,45,Slight,5,3,2017-11-18,Saturday,03:00,Epsom and Ewell,E10000030,6,0,6,30.0,0,-1,-1,-1,,,4,1,1,0,0,1,1,E01030409,3,1,18/11/2017,18/11/2017,1,9,0,18,,0,2,0,0,0,,,6,Male,17,16 - 20,1596,1,2,-1,-1,,1,2,1,1,17,4,3,0,0,0,0,0,9,-1,-1,2017.0,450243186,E07000208,0.0,0.0,2.0,2017.0,450243186,8.0,4.0,0.0,1.0,1.0,-1,2017.0,450243186,2017,11,3,3
329917,2017450243615,509231.0,169544.0,-0.430666,51.414402,45,Slight,1,1,2017-11-21,Tuesday,00:48,Spelthorne,E10000030,6,0,6,30.0,0,-1,-1,-1,,,1,1,2,0,0,1,1,E01030752,3,1,21/11/2017,21/11/2017,1,9,0,4,,0,0,0,0,0,,,1,Female,24,21 - 25,1560,2,3,-1,-1,,1,1,2,2,26,6,3,0,0,1,0,0,9,-1,-1,2017.0,450243615,E07000213,0.0,0.0,2.0,2017.0,450243615,3.0,7.0,0.0,0.0,1.0,-1,2017.0,450243615,2017,11,1,0
329954,2017450245010,521767.0,161774.0,-0.253145,51.342018,45,Slight,3,2,2017-11-23,Thursday,19:20,Epsom and Ewell,E10000030,3,24,3,30.0,0,-1,-1,-1,,,1,1,1,0,0,1,1,E01030391,3,1,23/11/2017,23/11/2017,1,9,0,18,,0,0,0,0,0,,,6,Male,22,21 - 25,1388,1,11,-1,-1,,1,1,1,1,22,5,3,0,0,0,0,0,9,-1,-1,2017.0,450245010,E07000208,0.0,0.0,2.0,2017.0,450245010,6.0,2.0,0.0,1.0,1.0,-1,2017.0,450245010,2017,11,2,19
330048,2017450247155,506745.0,168804.0,-0.466624,51.408223,45,Slight,1,1,2017-01-12,Thursday,23:40,Spelthorne,E10000030,6,0,6,30.0,0,-1,-1,-1,,,4,1,1,0,0,1,1,E01030721,3,1,01/12/2017,01/12/2017,1,9,0,17,,0,0,0,1,2,,,5,Male,34,26 - 35,1390,1,13,-1,-1,,1,1,1,1,34,6,3,0,0,0,0,0,9,-1,-1,2017.0,450247155,E07000213,0.0,0.0,2.0,2017.0,450247155,4.0,8.0,0.0,1.0,1.0,-1,2017.0,450247155,2017,1,1,23
330120,2017450249446,511718.0,169472.0,-0.394942,51.413271,45,Slight,2,1,2017-04-12,Wednesday,19:43,Spelthorne,E10000030,3,308,6,40.0,0,-1,-1,-1,,,4,4,1,0,0,1,1,E01030756,3,1,04/12/2017,04/12/2017,1,3,0,13,,0,0,0,0,0,,,2,Male,34,26 - 35,125,1,10,-1,-1,,1,1,1,1,34,6,3,0,0,0,0,0,3,-1,-1,2017.0,450249446,E07000213,0.0,0.0,2.0,2017.0,450249446,7.0,3.0,0.0,1.0,1.0,-1,2017.0,450249446,2017,4,1,19
330145,2017450249919,509179.0,167980.0,-0.431895,51.400354,45,Slight,4,1,2017-09-12,Tuesday,04:00,Spelthorne,E10000030,6,0,6,30.0,0,-1,-1,-1,,,7,1,4,0,0,1,1,E01030719,3,1,09/12/2017,09/12/2017,1,9,0,18,,0,0,4,0,0,,,6,Male,29,26 - 35,2993,2,5,-1,-1,,1,1,1,1,29,6,3,0,0,0,0,0,9,-1,-1,2017.0,450249919,E07000213,0.0,0.0,2.0,2017.0,450249919,1.0,5.0,0.0,1.0,1.0,-1,2017.0,450249919,2017,9,1,4
330239,2017450252060,504423.0,171764.0,-0.499125,51.435262,45,Slight,1,1,2017-12-16,Saturday,00:30,Spelthorne,E10000030,6,0,6,30.0,9,1,6,0,,,4,1,1,0,0,1,1,E01030734,3,1,16/12/2017,16/12/2017,1,9,0,4,,8,1,0,3,0,,,6,Male,20,16 - 20,1598,1,13,-1,-1,,1,1,1,1,20,4,3,0,0,0,0,0,9,-1,-1,2017.0,450252060,E07000213,0.0,0.0,2.0,2017.0,450252060,1.0,5.0,0.0,1.0,1.0,-1,2017.0,450252060,2017,12,1,0
330747,2017460154115,558413.0,174941.0,0.278464,51.451296,46,Slight,2,1,2017-06-02,Friday,20:25,Dartford,E10000016,6,0,1,30.0,1,4,6,0,,,4,2,2,0,0,1,1,E01024143,3,1,06/02/2017,06/02/2017,1,9,0,7,,4,0,0,0,0,,,1,Male,35,26 - 35,1461,2,1,7,1,,1,1,2,1,46,8,3,0,0,2,0,0,9,1,2,2017.0,460154115,E07000107,0.0,0.0,2.0,2017.0,460154115,7.0,3.0,0.0,4.0,1.0,-1,2017.0,460154115,2017,6,1,20
330896,2017460157068,562234.0,169807.0,0.331059,51.40409,46,Slight,1,1,2017-02-14,Tuesday,20:30,Dartford,E10000016,6,0,6,60.0,0,-1,-1,-1,,,6,1,1,0,0,1,2,E01024157,3,1,14/02/2017,14/02/2017,1,9,0,18,,0,2,0,2,0,,,2,Male,24,21 - 25,-1,-1,-1,7,1,,1,1,1,1,24,5,3,0,0,0,0,0,9,1,7,2017.0,460157068,E07000107,0.0,0.0,2.0,2017.0,460157068,5.0,1.0,0.0,0.0,1.0,-1,2017.0,460157068,2017,2,1,20
331072,2017460161717,555313.0,174572.0,0.233725,51.44884,46,Slight,3,2,2017-02-03,Friday,20:50,Dartford,E10000016,6,0,6,30.0,3,4,6,0,,,4,1,1,0,0,1,1,E01024156,3,1,02/03/2017,02/03/2017,1,9,0,2,,1,0,0,0,0,,,6,Female,33,26 - 35,1753,2,9,5,1,,1,1,1,2,33,6,3,0,0,0,0,0,9,1,5,2017.0,460161717,E07000107,0.0,0.0,2.0,2017.0,460161717,0.0,0.0,0.0,1.0,1.0,-1,2017.0,460161717,2017,2,2,20
331163,2017460164485,553893.0,173512.0,0.212846,51.439703,46,Serious,2,1,2017-06-02,Friday,18:30,Dartford,E10000016,6,0,6,30.0,3,4,6,0,,,4,2,2,0,0,1,1,E01024165,2,2,06/02/2017,06/02/2017,1,5,0,13,,1,0,0,0,0,,,5,Male,22,21 - 25,645,1,11,7,3,,1,1,1,1,22,5,2,0,0,0,0,0,5,3,7,2017.0,460164485,E07000107,0.0,0.0,2.0,2017.0,460164485,5.0,1.0,0.0,1.0,1.0,-1,2017.0,460164485,2017,6,2,18
331168,2017460164546,555468.0,173335.0,0.235411,51.437683,46,Slight,2,1,2017-03-13,Monday,19:30,Dartford,E10000016,3,225,1,40.0,1,4,4,260,,,4,1,1,0,0,1,1,E01024136,3,1,13/03/2017,13/03/2017,1,9,0,18,,4,0,0,0,0,,,6,Female,31,26 - 35,1797,8,2,4,1,,2,1,1,1,50,8,3,0,0,0,0,0,4,2,9,2017.0,460164546,E07000107,0.0,0.0,2.0,2017.0,460164546,5.0,1.0,0.0,1.0,1.0,-1,2017.0,460164546,2017,3,1,19
331173,2017460164599,555770.0,175128.0,0.240541,51.453709,46,Slight,3,1,2017-08-03,Thursday,18:45,Dartford,E10000016,3,282,2,30.0,0,-1,-1,-1,,,5,1,1,0,0,1,1,E01024154,3,1,08/03/2017,08/03/2017,1,9,0,4,,0,0,0,0,0,,,5,Male,22,21 - 25,1242,1,13,9,1,,2,1,1,1,41,7,3,0,0,0,0,0,19,1,2,2017.0,460164599,E07000107,0.0,0.0,1.0,2017.0,460164599,5.0,1.0,0.0,2.0,1.0,-1,2017.0,460164599,2017,8,1,18
331326,2017460168549,554557.0,173991.0,0.222601,51.443826,46,Slight,2,1,2017-03-18,Saturday,23:10,Dartford,E10000016,6,0,6,30.0,6,4,6,0,,,4,1,1,0,0,1,1,E01024164,3,1,18/03/2017,18/03/2017,1,9,0,9,,1,0,0,0,0,,,5,Male,19,16 - 20,1753,2,9,8,1,,1,1,1,1,19,4,3,0,0,0,0,0,9,1,8,2017.0,460168549,E07000107,0.0,0.0,2.0,2017.0,460168549,5.0,3.0,0.0,1.0,1.0,-1,2017.0,460168549,2017,3,1,23
331328,2017460168577,552007.0,174091.0,0.185979,51.445414,46,Slight,2,1,2017-03-21,Tuesday,18:05,Dartford,E10000016,6,0,6,30.0,3,4,6,0,,,7,1,1,0,0,1,2,E01024144,3,1,21/03/2017,21/03/2017,1,9,0,3,,1,0,0,0,0,,,6,Female,18,16 - 20,1199,1,13,10,1,,2,1,1,2,37,7,3,0,0,0,0,0,9,1,4,2017.0,460168577,E07000107,0.0,0.0,2.0,2017.0,460168577,1.0,5.0,0.0,2.0,1.0,-1,2017.0,460168577,2017,3,1,18
331504,2017460173793,555197.0,174521.0,0.232035,51.448413,46,Slight,4,2,2017-03-28,Tuesday,22:48,Dartford,E10000016,6,0,6,30.0,0,-1,-1,-1,,,4,2,2,0,0,1,1,E01024156,3,1,28/03/2017,28/03/2017,1,9,0,18,,0,1,4,0,0,,,6,Female,20,16 - 20,999,1,1,9,2,,1,1,1,2,20,4,3,0,0,0,0,0,9,2,9,2017.0,460173793,E07000107,0.0,0.0,2.0,2017.0,460173793,3.0,7.0,0.0,4.0,1.0,-1,2017.0,460173793,2017,3,2,22
331595,2017460175660,552685.0,173632.0,0.19553,51.441108,46,Serious,1,3,2017-04-15,Saturday,03:09,Dartford,E10000016,6,0,6,30.0,0,-1,-1,-1,,,4,1,1,0,0,1,1,E01024145,2,2,15/04/2017,15/04/2017,1,9,0,18,,0,1,0,1,2,,,6,Female,30,26 - 35,2993,2,4,7,1,,1,1,1,2,30,6,2,0,0,0,0,0,9,1,7,2017.0,460175660,E07000107,0.0,0.0,2.0,2017.0,460175660,7.0,3.0,0.0,1.0,1.0,-1,2017.0,460175660,2017,4,6,3