,accident_index,location_easting_osgr,location_northing_osgr,longitude,latitude,police_force,accident_severity,number_of_vehicles,number_of_casualties,date,day_of_week,time,local_authority_district,local_authority_highway,first_road_class,first_road_number,road_type,speed_limit,junction_detail,junction_control,second_road_class,second_road_number,pedestrian_crossing-human_control,pedestrian_crossing-physical_facilities,light_conditions,weather_conditions,road_surface_conditions,special_conditions_at_site,carriageway_hazards,urban_or_rural_area,did_police_officer_attend_scene_of_accident,lsoa_of_accident_location,accident_severity_num,accident_severity_inv,date2,date_original,vehicle_reference_x,vehicle_type,towing_and_articulation,vehicle_manoeuvre,vehicle_location-restricted_lane,junction_location,skidding_and_overturning,hit_object_in_carriageway,vehicle_leaving_carriageway,hit_object_off_carriageway,1st_point_of_impact,was_vehicle_left_hand_drive?,journey_purpose_of_driver,sex_of_driver,age_of_driver,age_band_of_driver,engine_capacity_cc,propulsion_code,age_of_vehicle,driver_imd_decile,driver_home_area_type,vehicle_imd_decile,vehicle_reference_y,casualty_reference,casualty_class,sex_of_casualty,age_of_casualty,age_band_of_casualty,casualty_severity,pedestrian_location,pedestrian_movement,car_passenger,bus_or_coach_passenger,pedestrian_road_maintenance_worker,casualty_type,casualty_home_area_type,casualty_imd_decile,accident_year_x,accident_reference_x,local_authority_ons_district,pedestrian_crossing_human_control,pedestrian_crossing_physical_facilities,trunk_road_flag,accident_year_y,accident_reference_y,vehicle_direction_from,vehicle_direction_to,vehicle_location_restricted_lane,first_point_of_impact,vehicle_left_hand_drive,generic_make_model,accident_year,accident_reference,year,month,severity,hours
358618,2018010136700,529400.0,178700.0,-0.137445,51.492447,1,Slight,2,1,2018-03-10,Saturday,19:38,Westminster,E09000033,3,202,9,20.0,3,9,6,0,,,7,9,9,0,0,1,2,E01004740,3,1,03/10/2018,03/10/2018,1,9,0,99,,9,9,99,9,99,,,6,Male,22,21 - 25,1968,2,6,3,1,,1,1,1,1,22,5,3,0,0,0,0,0,9,1,3,2018.0,010136700,E09000033,0.0,0.0,2.0,2018.0,010136700,9.0,9.0,99.0,2.0,9.0,-1,2018.0,010136700,2018,3,1,19
358621,2018010136707,540440.0,189280.0,0.025695,51.584885,1,Slight,3,1,2018-04-10,Tuesday,04:54,Redbridge,E09000026,3,113,6,30.0,9,4,6,0,,,4,1,1,0,0,1,1,E01003774,3,1,04/10/2018,04/10/2018,1,9,0,9,,2,0,0,0,0,,,6,Female,28,26 - 35,1386,1,12,8,1,,1,1,1,2,28,6,3,0,0,0,0,0,9,1,8,2018.0,010136707,E09000026,0.0,8.0,2.0,2018.0,010136707,3.0,1.0,0.0,2.0,1.0,-1,2018.0,010136707,2018,4,1,4
358662,2018010136827,528700.0,180660.0,-0.146808,51.510221,1,Slight,2,1,2018-03-10,Saturday,21:00,Westminster,E09000033,5,0,6,30.0,3,4,5,0,,,4,1,1,0,0,1,1,E01004761,3,1,03/10/2018,03/10/2018,1,9,0,17,,2,0,0,0,0,,,6,Male,26,26 - 35,1984,1,17,6,1,,2,1,1,1,46,8,3,0,0,0,0,0,3,-1,-1,2018.0,010136827,E09000033,0.0,4.0,2.0,2018.0,010136827,8.0,4.0,0.0,4.0,1.0,-1,2018.0,010136827,2018,3,1,21
358693,2018010136905,506260.0,178890.0,-0.470568,51.498973,1,Slight,1,1,2018-04-10,Tuesday,18:30,Hillingdon,E09000017,6,0,3,30.0,0,-1,-1,-1,,,1,1,1,0,0,1,1,E01002530,3,1,04/10/2018,04/10/2018,1,9,0,18,,0,0,0,0,0,,,6,Male,30,26 - 35,1248,2,11,5,1,,1,1,3,2,25,5,3,5,4,0,0,2,0,1,2,2018.0,010136905,E09000017,0.0,0.0,2.0,2018.0,010136905,4.0,6.0,0.0,1.0,1.0,-1,2018.0,010136905,2018,4,1,18
358694,2018010136906,535580.0,168670.0,-0.052318,51.400865,1,Slight,3,1,2018-04-10,Tuesday,19:45,Bromley,E09000006,3,214,3,40.0,0,-1,-1,-1,,,4,1,1,0,0,1,1,E01001194,3,1,04/10/2018,04/10/2018,1,90,0,16,,0,0,0,0,0,,,6,Male,28,26 - 35,686,1,12,9,1,,1,1,1,1,28,6,3,0,0,0,0,0,90,1,9,2018.0,010136906,E09000006,0.0,0.0,2.0,2018.0,010136906,1.0,5.0,0.0,3.0,1.0,-1,2018.0,010136906,2018,4,1,19
358698,2018010136926,512300.0,176490.0,-0.384352,51.476234,1,Slight,2,1,2018-04-10,Tuesday,22:10,Hounslow,E09000018,3,4,3,40.0,6,2,5,0,,,4,1,1,0,0,1,1,E01002623,3,1,04/10/2018,04/10/2018,1,3,0,8,,8,5,0,0,0,,,6,Male,30,26 - 35,108,1,2,6,1,,1,1,1,1,30,6,3,0,0,0,0,0,3,1,6,2018.0,010136926,E09000018,2.0,5.0,2.0,2018.0,010136926,3.0,7.0,0.0,2.0,1.0,-1,2018.0,010136926,2018,4,1,22
358700,2018010136928,530210.0,172390.0,-0.128105,51.435554,1,Slight,2,1,2018-04-10,Tuesday,22:05,Lambeth,E09000022,3,23,6,30.0,3,4,6,0,,,4,1,1,0,0,1,1,E01003117,3,1,04/10/2018,04/10/2018,1,9,0,18,,1,0,0,0,0,,,1,Male,30,26 - 35,1997,2,4,4,1,,2,1,2,2,38,7,3,0,0,0,4,0,11,1,3,2018.0,010136928,E09000022,0.0,0.0,2.0,2018.0,010136928,5.0,2.0,0.0,1.0,1.0,-1,2018.0,010136928,2018,4,1,22
358701,2018010136930,541580.0,190140.0,0.042485,51.592327,1,Slight,3,1,2018-04-10,Tuesday,23:00,Redbridge,E09000026,3,1400,3,40.0,8,4,6,0,,,4,1,1,0,0,1,1,E01003677,3,1,04/10/2018,04/10/2018,1,3,0,18,,1,0,10,0,0,,,6,Male,17,16 - 20,125,1,0,4,1,,1,1,1,1,17,4,3,0,0,0,0,0,3,1,4,2018.0,010136930,E09000026,0.0,0.0,2.0,2018.0,010136930,3.0,7.0,9.0,1.0,1.0,-1,2018.0,010136930,2018,4,1,23
358704,2018010136939,530870.0,174910.0,-0.117685,51.458049,1,Slight,2,2,2018-05-10,Thursday,00:36,Lambeth,E09000022,3,23,3,30.0,3,4,6,0,,,4,1,1,0,0,1,1,E01003020,3,1,05/10/2018,05/10/2018,1,9,0,18,,1,0,0,0,0,,,6,Male,32,26 - 35,2179,2,16,6,1,,1,1,2,2,23,5,3,0,0,2,0,0,9,1,4,2018.0,010136939,E09000022,0.0,0.0,2.0,2018.0,010136939,1.0,5.0,0.0,1.0,1.0,-1,2018.0,010136939,2018,5,2,0
358705,2018010136943,525040.0,178600.0,-0.200251,51.492528,1,Slight,2,2,2018-05-10,Thursday,02:00,Kensington and Chelsea,E09000020,3,4,3,30.0,7,2,3,3220,,,4,1,1,0,0,1,1,E01002848,3,1,05/10/2018,05/10/2018,1,9,0,5,,8,0,0,0,0,,,6,Male,30,26 - 35,2987,2,0,9,1,,1,1,1,1,30,6,3,0,0,0,0,0,9,1,9,2018.0,010136943,E09000020,0.0,4.0,2.0,2018.0,010136943,5.0,2.0,0.0,1.0,1.0,-1,2018.0,010136943,2018,5,2,2
358706,2018010136944,534990.0,179580.0,-0.056636,51.499049,1,Slight,1,1,2018-04-10,Tuesday,23:35,Southwark,E09000028,3,200,1,30.0,0,-1,-1,-1,,,4,1,1,0,0,1,1,E01004034,3,1,04/10/2018,04/10/2018,1,9,0,18,,0,0,7,0,0,,,6,Male,27,26 - 35,-1,-1,-1,2,1,,1,1,1,1,27,6,3,0,0,0,0,0,9,1,2,2018.0,010136944,E09000028,0.0,0.0,2.0,2018.0,010136944,7.0,3.0,0.0,1.0,1.0,-1,2018.0,010136944,2018,4,1,23
358717,2018010137009,520580.0,184860.0,-0.262322,51.549757,1,Slight,2,2,2018-04-10,Tuesday,21:05,Brent,E09000005,3,406,3,40.0,0,-1,-1,-1,,,4,1,1,0,0,1,1,E01000602,3,1,04/10/2018,04/10/2018,1,3,0,18,,0,0,0,0,0,,,6,Male,19,16 - 20,125,1,4,-1,-1,,1,1,1,1,19,4,3,0,0,0,0,0,3,-1,-1,2018.0,010137009,E09000005,0.0,0.0,2.0,2018.0,010137009,3.0,7.0,9.0,1.0,1.0,-1,2018.0,010137009,2018,4,2,21
358740,2018010137076,534440.0,184790.0,-0.062568,51.545999,1,Slight,2,1,2018-05-10,Thursday,03:00,Hackney,E09000012,5,0,3,20.0,6,9,3,1207,,,1,8,1,0,0,1,2,E01001763,3,1,05/10/2018,05/10/2018,1,3,0,99,,9,9,99,9,99,,,2,Male,22,21 - 25,125,1,3,3,1,,1,1,1,1,22,5,3,0,0,0,0,0,3,1,3,2018.0,010137076,E09000012,0.0,5.0,2.0,2018.0,010137076,9.0,9.0,99.0,1.0,1.0,-1,2018.0,010137076,2018,5,1,3
358750,2018010137101,519070.0,169230.0,-0.289354,51.409601,1,Slight,1,2,2018-05-10,Thursday,19:08,Kingston upon Thames,E09000021,5,0,6,30.0,3,2,3,2043,,,4,1,1,0,0,1,1,E01002969,3,1,05/10/2018,05/10/2018,1,3,0,5,,2,0,0,0,0,,,1,Male,29,26 - 35,124,1,9,8,1,,1,1,1,1,29,6,3,0,0,0,0,0,3,1,8,2018.0,010137101,E09000021,0.0,5.0,2.0,2018.0,010137101,2.0,6.0,0.0,1.0,1.0,-1,2018.0,010137101,2018,5,2,19
358752,2018010137104,527660.0,173670.0,-0.16431,51.447637,1,Slight,3,1,2018-05-10,Thursday,18:15,Wandsworth,E09000032,4,229,3,30.0,3,2,6,0,,,1,1,1,0,0,1,1,E01004559,3,1,05/10/2018,05/10/2018,1,9,0,18,,1,0,0,0,0,,,6,Male,25,21 - 25,-1,-1,-1,2,1,,3,1,1,2,52,8,3,0,0,0,0,0,9,1,5,2018.0,010137104,E09000032,0.0,0.0,2.0,2018.0,010137104,6.0,2.0,0.0,1.0,1.0,-1,2018.0,010137104,2018,5,1,18
358758,2018010137119,525500.0,181800.0,-0.19249,51.521185,1,Slight,2,1,2018-05-10,Thursday,18:35,Westminster,E09000033,3,404,6,30.0,3,4,6,0,,,4,1,1,0,0,1,1,E01032512,3,1,05/10/2018,05/10/2018,1,9,0,9,,5,0,0,0,0,,,6,Male,27,26 - 35,1598,2,5,4,1,,2,1,1,1,57,9,3,0,0,0,0,0,1,1,2,2018.0,010137119,E09000033,0.0,4.0,2.0,2018.0,010137119,8.0,3.0,0.0,4.0,1.0,-1,2018.0,010137119,2018,5,1,18
358760,2018010137123,537720.0,183150.0,-0.015937,51.530472,1,Slight,2,3,2018-05-10,Thursday,19:15,Tower Hamlets,E09000030,3,12,3,40.0,9,4,3,12,,,4,1,1,0,0,1,1,E01032764,3,1,05/10/2018,05/10/2018,1,9,0,12,,8,0,10,0,0,,,6,Male,23,21 - 25,1198,1,7,2,1,,1,1,1,1,23,5,3,0,0,0,0,0,9,1,2,2018.0,010137123,E09000030,0.0,0.0,2.0,2018.0,010137123,1.0,4.0,0.0,3.0,2.0,-1,2018.0,010137123,2018,5,3,19
358763,2018010137130,528930.0,187680.0,-0.140926,51.573256,1,Slight,2,1,2018-05-10,Thursday,18:00,Haringey,E09000014,3,1,6,30.0,9,4,6,0,,,4,1,1,0,0,1,1,E01002005,3,1,05/10/2018,05/10/2018,1,9,0,15,,1,0,0,0,0,,,6,Male,35,26 - 35,1499,1,3,9,1,,2,1,1,1,29,6,3,0,0,0,0,0,1,1,2,2018.0,010137130,E09000014,0.0,0.0,2.0,2018.0,010137130,1.0,5.0,0.0,4.0,1.0,-1,2018.0,010137130,2018,5,1,18
358772,2018010137154,513910.0,175680.0,-0.36144,51.468632,1,Slight,2,1,2018-05-10,Thursday,20:50,Hounslow,E09000018,6,0,2,30.0,0,-1,-1,-1,,,1,1,1,0,0,1,1,E01033083,3,1,05/10/2018,05/10/2018,1,2,0,4,,0,0,0,0,0,,,1,Male,30,26 - 35,124,1,5,6,1,,1,1,1,1,30,6,3,0,0,0,0,0,2,1,6,2018.0,010137154,E09000018,0.0,0.0,2.0,2018.0,010137154,5.0,1.0,0.0,0.0,1.0,-1,2018.0,010137154,2018,5,1,20
358775,2018010137158,540990.0,184780.0,0.031825,51.544312,1,Slight,2,1,2018-05-10,Thursday,21:52,Newham,E09000025,4,167,6,30.0,6,4,6,0,,,4,1,1,0,0,1,1,E01003571,3,1,05/10/2018,05/10/2018,1,5,0,18,,8,0,0,0,0,,,6,Male,26,26 - 35,998,1,11,-1,-1,,1,1,1,1,26,6,3,0,0,0,0,0,5,-1,-1,2018.0,010137158,E09000025,0.0,0.0,2.0,2018.0,010137158,5.0,1.0,0.0,1.0,1.0,-1,2018.0,010137158,2018,5,1,21
358777,2018010137162,528470.0,189130.0,-0.14703,51.586392,1,Slight,2,2,2018-05-10,Thursday,23:17,Haringey,E09000014,4,550,6,20.0,1,4,5,0,,,4,1,1,0,0,1,1,E01002022,3,1,05/10/2018,05/10/2018,1,9,0,7,,3,0,0,0,0,,,6,Female,29,26 - 35,1398,1,2,10,2,,1,1,1,2,29,6,3,0,0,0,0,0,9,2,10,2018.0,010137162,E09000014,0.0,0.0,2.0,2018.0,010137162,3.0,7.0,0.0,1.0,1.0,-1,2018.0,010137162,2018,5,2,23
358778,2018010137163,518170.0,183430.0,-0.297543,51.537414,1,Serious,2,1,2018-05-10,Thursday,23:55,Brent,E09000005,6,0,6,20.0,3,4,6,0,,,4,1,1,0,0,1,1,E01000478,2,2,05/10/2018,05/10/2018,1,90,0,18,,1,0,0,0,0,,,6,Male,27,26 - 35,-1,-1,-1,3,1,,1,1,1,1,27,6,2,0,0,0,0,0,90,1,3,2018.0,010137163,E09000005,0.0,0.0,2.0,2018.0,010137163,2.0,6.0,9.0,1.0,1.0,-1,2018.0,010137163,2018,5,2,23
358779,2018010137166,536940.0,176850.0,-0.029619,51.474047,1,Slight,2,1,2018-06-10,Sunday,01:12,Lewisham,E09000023,4,218,6,20.0,0,-1,-1,-1,,,4,1,1,0,0,1,1,E01003207,3,1,06/10/2018,06/10/2018,1,9,0,18,,0,0,0,0,0,,,6,Male,31,26 - 35,1896,2,12,4,1,,1,1,1,1,31,6,3,0,0,0,0,0,9,1,4,2018.0,010137166,E09000023,0.0,0.0,2.0,2018.0,010137166,2.0,6.0,0.0,3.0,1.0,-1,2018.0,010137166,2018,6,1,1
358800,2018010137227,529710.0,180340.0,-0.13238,51.507114,1,Serious,2,1,2018-05-10,Thursday,20:15,Westminster,E09000033,3,4,6,30.0,6,4,3,4,,,4,1,1,0,0,1,1,E01004736,2,2,05/10/2018,05/10/2018,1,5,0,18,,8,0,0,0,0,,,2,Male,33,26 - 35,883,1,13,3,1,,1,1,1,1,33,6,2,0,0,0,0,0,5,1,3,2018.0,010137227,E09000033,0.0,4.0,2.0,2018.0,010137227,3.0,7.0,0.0,2.0,1.0,-1,2018.0,010137227,2018,5,2,20
358833,2018010137300,531280.0,186940.0,-0.107311,51.566064,1,Slight,2,1,2018-06-10,Sunday,18:55,Islington,E09000019,3,1201,6,20.0,3,4,6,0,,,4,2,2,0,0,1,1,E01002735,3,1,06/10/2018,06/10/2018,1,9,0,6,,8,0,0,0,0,,,6,Female,33,26 - 35,1984,1,1,3,1,,2,1,1,1,33,6,3,0,0,0,0,0,3,1,2,2018.0,010137300,E09000019,0.0,0.0,2.0,2018.0,010137300,1.0,5.0,0.0,3.0,1.0,-1,2018.0,010137300,2018,6,1,18
358837,2018010137304,528570.0,167990.0,-0.15328,51.396385,1,Slight,2,1,2018-06-10,Sunday,18:00,Merton,E09000024,3,236,6,30.0,0,-1,-1,-1,,,1,2,2,0,0,1,2,E01003375,3,1,06/10/2018,06/10/2018,1,3,0,99,,0,9,99,9,99,,,6,Male,18,16 - 20,124,1,2,2,1,,1,1,1,1,18,4,3,0,0,0,0,0,3,1,2,2018.0,010137304,E09000024,0.0,5.0,2.0,2018.0,010137304,9.0,9.0,99.0,9.0,1.0,-1,2018.0,010137304,2018,6,1,18
358842,2018010137312,531280.0,177900.0,-0.110678,51.484824,1,Slight,2,1,2018-06-10,Sunday,19:45,Lambeth,E09000022,3,23,6,30.0,3,4,6,0,,,4,1,2,0,0,1,1,E01003101,3,1,06/10/2018,06/10/2018,1,4,0,9,,5,0,0,0,0,,,6,Male,35,26 - 35,399,1,9,4,1,,1,1,1,1,35,6,3,0,0,0,0,0,4,1,4,2018.0,010137312,E09000022,0.0,0.0,2.0,2018.0,010137312,8.0,4.0,0.0,4.0,1.0,-1,2018.0,010137312,2018,6,1,19
358843,2018010137313,506110.0,183150.0,-0.471446,51.537291,1,Slight,2,1,2018-06-10,Sunday,19:12,Hillingdon,E09000017,3,4020,3,40.0,6,2,5,0,,,4,8,2,0,0,1,1,E01002414,3,1,06/10/2018,06/10/2018,1,9,0,9,,8,0,0,0,0,,,6,Female,20,16 - 20,1248,2,9,3,1,,2,1,2,2,31,6,3,0,0,1,0,0,9,1,3,2018.0,010137313,E09000017,0.0,5.0,2.0,2018.0,010137313,8.0,7.0,0.0,4.0,1.0,-1,2018.0,010137313,2018,6,1,19
358867,2018010137357,523460.0,179620.0,-0.222641,51.502042,1,Serious,2,1,2018-06-10,Sunday,18:27,Hammersmith and Fulham,E09000013,3,219,6,20.0,3,4,6,0,,,4,2,2,0,0,1,1,E01001857,2,2,06/10/2018,06/10/2018,1,4,0,18,,1,0,0,0,0,,,6,Male,32,26 - 35,125,1,4,6,1,,2,1,1,2,30,6,2,0,0,0,0,0,1,1,6,2018.0,010137357,E09000013,0.0,0.0,2.0,2018.0,010137357,5.0,1.0,0.0,1.0,1.0,-1,2018.0,010137357,2018,6,2,18
358868,2018010137358,531650.0,180070.0,-0.104543,51.50424,1,Slight,2,1,2018-06-10,Sunday,18:00,Southwark,E09000028,6,0,2,20.0,3,4,3,201,,,4,2,2,0,0,1,1,E01032583,3,1,06/10/2018,06/10/2018,1,8,0,10,,6,0,0,1,0,,,1,Male,28,26 - 35,1797,8,7,3,1,,2,1,1,1,50,8,3,0,0,0,0,0,3,1,1,2018.0,010137358,E09000028,0.0,0.0,2.0,2018.0,010137358,3.0,1.0,0.0,1.0,1.0,-1,2018.0,010137358,2018,6,1,18
358869,2018010137359,540200.0,178790.0,0.018059,51.490683,1,Slight,2,2,2018-06-10,Sunday,22:15,Greenwich,E09000011,3,2052,1,30.0,1,4,6,0,,,4,2,2,4,2,1,1,E01001667,3,1,06/10/2018,06/10/2018,1,9,0,18,,4,0,11,0,0,,,6,Male,20,16 - 20,2993,2,7,-1,-1,,1,1,1,1,20,4,3,0,0,0,0,0,9,-1,-1,2018.0,010137359,E09000011,0.0,0.0,2.0,2018.0,010137359,5.0,1.0,0.0,1.0,1.0,-1,2018.0,010137359,2018,6,2,22
358873,2018010137368,540160.0,184900.0,0.019912,51.545597,1,Slight,2,1,2018-06-10,Sunday,23:25,Newham,E09000025,3,118,6,30.0,9,4,6,0,,,4,2,2,0,0,1,1,E01003551,3,1,06/10/2018,06/10/2018,1,3,0,18,,1,2,0,0,0,,,1,Male,20,16 - 20,125,1,7,3,1,,1,1,1,1,20,4,3,0,0,0,0,0,3,1,3,2018.0,010137368,E09000025,2.0,4.0,2.0,2018.0,010137368,7.0,3.0,0.0,0.0,1.0,-1,2018.0,010137368,2018,6,1,23
358910,2018010137500,529190.0,184180.0,-0.138461,51.541743,1,Serious,2,4,2018-07-10,Tuesday,19:28,Camden,E09000007,3,503,6,20.0,6,2,3,5202,,,4,1,1,0,0,1,1,E01000861,2,2,07/10/2018,07/10/2018,1,9,0,5,,6,0,10,0,0,,,6,Male,19,16 - 20,1246,1,11,4,1,,1,1,1,1,19,4,3,0,0,0,0,0,9,1,4,2018.0,010137500,E09000007,0.0,5.0,2.0,2018.0,010137500,4.0,8.0,0.0,3.0,1.0,-1,2018.0,010137500,2018,7,8,19
358912,2018010137503,524990.0,176940.0,-0.201558,51.47762,1,Slight,2,1,2018-07-10,Tuesday,20:40,Hammersmith and Fulham,E09000013,3,304,6,30.0,6,2,5,0,,,4,1,1,0,0,1,1,E01001950,3,1,07/10/2018,07/10/2018,1,9,0,6,,2,0,0,0,0,,,1,Male,33,26 - 35,1797,8,8,3,1,,2,1,1,1,21,5,3,0,0,0,0,0,4,1,6,2018.0,010137503,E09000013,0.0,0.0,2.0,2018.0,010137503,3.0,3.0,0.0,3.0,1.0,-1,2018.0,010137503,2018,7,1,20
358915,2018010137509,544620.0,186270.0,0.084748,51.556782,1,Slight,2,1,2018-07-10,Tuesday,18:54,Redbridge,E09000026,6,0,6,30.0,6,4,6,0,,,4,1,1,0,0,1,1,E01003686,3,1,07/10/2018,07/10/2018,1,9,0,18,,8,0,0,0,0,,,6,Female,26,26 - 35,1796,1,8,4,1,,1,1,1,2,26,6,3,0,0,0,0,0,9,1,4,2018.0,010137509,E09000026,0.0,0.0,2.0,2018.0,010137509,5.0,1.0,0.0,3.0,1.0,-1,2018.0,010137509,2018,7,1,18
358920,2018010137522,533300.0,190580.0,-0.076805,51.5983,1,Slight,2,1,2018-07-10,Tuesday,20:27,Haringey,E09000014,3,109,1,20.0,1,4,3,10,,,4,1,1,0,0,1,1,E01001978,3,1,07/10/2018,07/10/2018,1,9,0,5,,1,0,0,0,0,,,6,Male,27,26 - 35,1598,1,13,-1,-1,,2,1,1,1,38,7,3,0,0,0,0,0,19,1,10,2018.0,010137522,E09000014,0.0,1.0,2.0,2018.0,010137522,7.0,3.0,0.0,2.0,1.0,-1,2018.0,010137522,2018,7,1,20
358923,2018010137529,540980.0,187080.0,0.032602,51.564982,1,Slight,3,2,2018-08-10,Friday,01:30,Redbridge,E09000026,6,0,6,30.0,3,4,6,0,,,4,1,1,0,0,1,1,E01003793,3,1,08/10/2018,08/10/2018,1,9,0,4,,2,0,0,0,0,,,1,Male,34,26 - 35,1560,2,4,4,1,,1,1,1,1,34,6,3,0,0,0,0,0,9,1,4,2018.0,010137529,E09000026,0.0,0.0,2.0,2018.0,010137529,0.0,0.0,0.0,1.0,1.0,-1,2018.0,010137529,2018,8,2,1
358930,2018010137553,541140.0,188460.0,0.035463,51.577342,1,Slight,2,1,2018-09-09,Sunday,03:00,Redbridge,E09000026,3,12,1,30.0,0,-1,-1,-1,,,4,9,9,0,0,1,2,E01003796,3,1,09/09/2018,09/09/2018,1,9,9,18,,0,9,0,0,0,,,6,Male,28,26 - 35,1791,8,7,4,1,,1,1,1,1,28,6,3,0,0,0,0,0,9,1,4,2018.0,010137553,E09000026,0.0,0.0,2.0,2018.0,010137553,9.0,9.0,0.0,2.0,9.0,-1,2018.0,010137553,2018,9,1,3
358945,2018010137596,519260.0,191630.0,-0.279053,51.610882,1,Slight,2,1,2018-07-10,Tuesday,19:45,Barnet,E09000003,3,5100,9,30.0,6,2,3,5,,,4,1,1,0,0,1,2,E01000194,3,1,07/10/2018,07/10/2018,1,9,0,99,,9,9,99,9,99,,,6,Female,24,21 - 25,1398,1,2,3,1,,1,1,1,2,24,5,3,0,0,0,0,0,9,1,3,2018.0,010137596,E09000003,0.0,5.0,2.0,2018.0,010137596,9.0,9.0,99.0,9.0,9.0,-1,2018.0,010137596,2018,7,1,19
358962,2018010137644,533480.0,170430.0,-0.081827,51.417179,1,Slight,2,1,2018-05-10,Thursday,19:00,Croydon,E09000008,5,0,2,20.0,3,4,6,0,,,5,1,1,0,0,1,2,E01001164,3,1,05/10/2018,05/10/2018,1,9,0,99,,8,0,0,0,0,,,6,Female,27,26 - 35,1398,2,5,7,3,,1,1,1,2,27,6,3,0,0,0,0,0,9,3,7,2018.0,010137644,E09000008,0.0,9.0,2.0,2018.0,010137644,9.0,9.0,0.0,3.0,1.0,-1,2018.0,010137644,2018,5,1,19
358988,2018010137727,532870.0,189470.0,-0.083429,51.588427,1,Slight,1,1,2018-08-10,Friday,19:50,Haringey,E09000014,4,153,1,20.0,2,9,6,0,,,7,1,1,0,0,1,2,E01002067,3,1,08/10/2018,08/10/2018,1,9,0,99,,9,9,99,9,99,,,6,Male,33,26 - 35,1598,1,2,7,1,,1,1,1,1,33,6,3,0,0,0,0,0,9,1,7,2018.0,010137727,E09000014,1.0,1.0,2.0,2018.0,010137727,9.0,9.0,99.0,2.0,9.0,-1,2018.0,010137727,2018,8,1,19
358992,2018010137733,538120.0,163340.0,-0.017897,51.352357,1,Slight,1,1,2018-08-10,Friday,19:20,Croydon,E09000008,5,0,6,30.0,0,-1,-1,-1,,,4,1,1,0,0,1,1,E01001055,3,1,08/10/2018,08/10/2018,1,9,0,18,,0,0,0,0,0,,,6,Male,33,26 - 35,1910,2,11,-1,-1,,1,1,3,2,13,3,3,5,1,0,0,2,0,1,2,2018.0,010137733,E09000008,0.0,0.0,2.0,2018.0,010137733,1.0,5.0,0.0,4.0,1.0,-1,2018.0,010137733,2018,8,1,19
358994,2018010137735,525020.0,177570.0,-0.200903,51.483276,1,Serious,2,1,2018-08-10,Friday,21:20,Hammersmith and Fulham,E09000013,4,317,6,20.0,3,4,6,0,,,4,1,1,0,0,1,1,E01001881,2,2,08/10/2018,08/10/2018,1,3,0,13,,1,0,0,0,0,,,1,Female,30,26 - 35,108,1,10,2,1,,1,1,1,2,30,6,2,0,0,0,0,0,3,1,2,2018.0,010137735,E09000013,0.0,1.0,2.0,2018.0,010137735,5.0,1.0,0.0,1.0,1.0,-1,2018.0,010137735,2018,8,2,21
359000,2018010137751,537350.0,191970.0,-0.017824,51.609818,1,Serious,2,1,2018-08-10,Friday,22:40,Waltham Forest,E09000031,3,112,6,30.0,3,4,6,0,,,4,1,1,0,0,1,1,E01004418,2,2,08/10/2018,08/10/2018,1,9,0,16,,6,0,0,0,0,,,6,Not known,28,26 - 35,1951,2,17,2,1,,2,1,1,2,48,8,2,0,0,0,0,0,9,1,5,2018.0,010137751,E09000031,0.0,1.0,2.0,2018.0,010137751,7.0,5.0,0.0,1.0,1.0,-1,2018.0,010137751,2018,8,2,22
359003,2018010137755,536210.0,174000.0,-0.041221,51.448612,1,Slight,2,1,2018-08-10,Friday,23:11,Lewisham,E09000023,4,218,6,30.0,6,2,4,238,,,4,1,1,0,0,1,1,E01003226,3,1,08/10/2018,08/10/2018,1,9,0,18,,1,0,4,0,0,,,6,Male,32,26 - 35,1332,1,12,2,1,,2,1,1,1,19,4,3,0,0,0,0,0,3,1,3,2018.0,010137755,E09000023,2.0,5.0,2.0,2018.0,010137755,5.0,1.0,0.0,1.0,1.0,-1,2018.0,010137755,2018,8,1,23
359004,2018010137760,520250.0,180080.0,-0.26871,51.506867,1,Slight,2,1,2018-08-10,Friday,18:53,Ealing,E09000009,3,4020,7,20.0,0,-1,-1,-1,,,7,1,1,0,0,1,2,E01001202,3,1,08/10/2018,08/10/2018,1,9,0,99,,0,9,99,9,99,,,2,Male,30,26 - 35,1796,1,14,4,1,,1,1,1,1,30,6,3,0,0,0,0,0,9,1,4,2018.0,010137760,E09000009,9.0,9.0,2.0,2018.0,010137760,9.0,9.0,99.0,1.0,9.0,-1,2018.0,010137760,2018,8,1,18