,accident_index,location_easting_osgr,location_northing_osgr,longitude,latitude,police_force,accident_severity,number_of_vehicles,number_of_casualties,date,day_of_week,time,local_authority_district,local_authority_highway,first_road_class,first_road_number,road_type,speed_limit,junction_detail,junction_control,second_road_class,second_road_number,pedestrian_crossing-human_control,pedestrian_crossing-physical_facilities,light_conditions,weather_conditions,road_surface_conditions,special_conditions_at_site,carriageway_hazards,urban_or_rural_area,did_police_officer_attend_scene_of_accident,lsoa_of_accident_location,accident_severity_num,accident_severity_inv,date2,date_original,vehicle_reference_x,vehicle_type,towing_and_articulation,vehicle_manoeuvre,vehicle_location-restricted_lane,junction_location,skidding_and_overturning,hit_object_in_carriageway,vehicle_leaving_carriageway,hit_object_off_carriageway,1st_point_of_impact,was_vehicle_left_hand_drive?,journey_purpose_of_driver,sex_of_driver,age_of_driver,age_band_of_driver,engine_capacity_cc,propulsion_code,age_of_vehicle,driver_imd_decile,driver_home_area_type,vehicle_imd_decile,vehicle_reference_y,casualty_reference,casualty_class,sex_of_casualty,age_of_casualty,age_band_of_casualty,casualty_severity,pedestrian_location,pedestrian_movement,car_passenger,bus_or_coach_passenger,pedestrian_road_maintenance_worker,casualty_type,casualty_home_area_type,casualty_imd_decile,accident_year_x,accident_reference_x,local_authority_ons_district,pedestrian_crossing_human_control,pedestrian_crossing_physical_facilities,trunk_road_flag,accident_year_y,accident_reference_y,vehicle_direction_from,vehicle_direction_to,vehicle_location_restricted_lane,first_point_of_impact,vehicle_left_hand_drive,generic_make_model,accident_year,accident_reference,year,month,severity,hours
359008,2018010137769,535290.0,181750.0,-0.051484,51.518478,1,Serious,1,1,2018-03-10,Saturday,20:50,Tower Hamlets,E09000030,6,0,2,20.0,0,-1,-1,-1,,,4,1,1,0,0,1,1,E01004324,2,2,03/10/2018,03/10/2018,1,3,0,5,,0,2,0,0,0,,,6,Male,20,16 - 20,125,1,10,5,1,,1,1,1,1,20,4,2,0,0,0,0,0,3,1,5,2018.0,010137769,E09000030,0.0,0.0,2.0,2018.0,010137769,3.0,7.0,0.0,0.0,1.0,-1,2018.0,010137769,2018,3,2,20
359078,2018010137954,536490.0,182230.0,-0.034014,51.522503,1,Serious,2,1,2018-09-10,Monday,22:17,Tower Hamlets,E09000030,3,1205,6,30.0,0,-1,-1,-1,,,4,1,1,0,0,1,1,E01004270,2,2,09/10/2018,09/10/2018,1,9,0,6,,0,0,0,0,0,,,6,Male,27,26 - 35,1995,2,4,2,1,,2,1,1,1,23,5,2,0,0,0,0,0,4,1,3,2018.0,010137954,E09000030,0.0,5.0,2.0,2018.0,010137954,3.0,6.0,0.0,3.0,1.0,-1,2018.0,010137954,2018,9,2,22
359080,2018010137960,533420.0,182810.0,-0.078019,51.528448,1,Slight,2,1,2018-10-10,Wednesday,00:45,Hackney,E09000012,3,10,6,20.0,0,-1,-1,-1,,,4,2,1,0,0,1,1,E01033706,3,1,10/10/2018,10/10/2018,1,9,0,4,,0,0,0,0,0,,,1,Male,32,26 - 35,1798,8,1,5,1,,2,1,1,1,45,7,3,0,0,0,0,0,1,-1,-1,2018.0,010137960,E09000012,0.0,0.0,2.0,2018.0,010137960,1.0,5.0,2.0,2.0,1.0,-1,2018.0,010137960,2018,10,1,0
359081,2018010137966,531200.0,168100.0,-0.115457,51.396772,1,Slight,2,2,2018-10-10,Wednesday,02:15,Croydon,E09000008,3,23,3,30.0,3,4,6,0,,,4,1,1,0,0,1,1,E01000995,3,1,10/10/2018,10/10/2018,1,9,0,18,,8,0,7,0,0,,,6,Male,20,16 - 20,1496,2,2,1,1,,1,1,2,1,20,4,3,0,0,2,0,0,9,-1,-1,2018.0,010137966,E09000008,0.0,0.0,2.0,2018.0,010137966,5.0,1.0,0.0,3.0,1.0,-1,2018.0,010137966,2018,10,2,2
359086,2018010137973,524490.0,185320.0,-0.205796,51.553044,1,Slight,2,2,2018-09-10,Monday,05:53,Camden,E09000007,6,0,6,20.0,9,4,6,0,,,4,1,1,0,0,1,1,E01000871,3,1,09/10/2018,09/10/2018,1,9,0,18,,6,0,0,0,0,,,6,Male,22,21 - 25,1598,1,4,5,1,,1,1,1,1,22,5,3,0,0,0,0,0,9,1,5,2018.0,010137973,E09000007,2.0,4.0,2.0,2018.0,010137973,3.0,7.0,0.0,3.0,1.0,-1,2018.0,010137973,2018,9,2,5
359087,2018010137975,527450.0,171480.0,-0.168118,51.428002,1,Slight,2,2,2018-10-10,Wednesday,04:45,Wandsworth,E09000032,3,24,6,30.0,6,2,3,217,,,4,1,1,0,0,1,1,E01004617,3,1,10/10/2018,10/10/2018,1,9,0,5,,2,0,0,0,0,,,6,Male,18,16 - 20,1395,1,3,9,1,,1,1,1,1,18,4,3,0,0,0,0,0,9,1,9,2018.0,010137975,E09000032,0.0,5.0,2.0,2018.0,010137975,3.0,7.0,0.0,4.0,1.0,-1,2018.0,010137975,2018,10,2,4
359089,2018010137978,519790.0,184460.0,-0.273846,51.54633,1,Slight,2,2,2018-03-10,Saturday,23:16,Brent,E09000005,3,404,6,30.0,6,4,3,404,,,4,1,1,0,0,1,1,E01000621,3,1,03/10/2018,03/10/2018,1,9,0,15,,8,0,0,0,0,,,1,Male,28,26 - 35,1582,2,5,7,1,,1,1,1,1,28,6,3,0,0,0,0,0,9,1,7,2018.0,010137978,E09000005,0.0,0.0,2.0,2018.0,010137978,1.0,5.0,2.0,1.0,1.0,-1,2018.0,010137978,2018,3,2,23
359112,2018010138035,521450.0,177890.0,-0.252181,51.486929,1,Slight,2,1,2018-09-10,Monday,18:22,Hounslow,E09000018,3,316,1,40.0,1,2,3,4,,,1,1,1,0,0,1,2,E01002569,3,1,09/10/2018,09/10/2018,1,3,0,99,,9,9,99,9,99,,,6,Male,28,26 - 35,125,1,2,8,1,,1,1,1,1,28,6,3,0,0,0,0,0,3,1,8,2018.0,010138035,E09000018,0.0,0.0,2.0,2018.0,010138035,9.0,9.0,99.0,9.0,1.0,-1,2018.0,010138035,2018,9,1,18
359133,2018010138084,511340.0,186610.0,-0.394975,51.567383,1,Serious,1,1,2018-09-10,Monday,18:25,Hillingdon,E09000017,6,0,6,30.0,9,4,6,0,,,4,1,1,0,0,1,1,E01002421,2,2,09/10/2018,09/10/2018,1,9,0,18,,1,0,0,0,0,,,6,Male,22,21 - 25,1149,1,10,10,1,,1,1,3,1,12,3,2,5,2,0,0,2,0,1,7,2018.0,010138084,E09000017,0.0,0.0,2.0,2018.0,010138084,1.0,5.0,0.0,1.0,1.0,-1,2018.0,010138084,2018,9,2,18
359156,2018010138134,525760.0,191340.0,-0.185333,51.606864,1,Slight,2,1,2018-09-18,Tuesday,20:30,Barnet,E09000003,6,0,6,30.0,6,9,3,598,,,7,1,1,0,0,1,2,E01000298,3,1,18/09/2018,18/09/2018,1,2,0,99,,9,9,99,9,99,,,6,Female,19,16 - 20,-1,-1,-1,2,1,,1,1,1,2,19,4,3,0,0,0,0,0,2,1,2,2018.0,010138134,E09000003,0.0,9.0,2.0,2018.0,010138134,9.0,9.0,99.0,9.0,1.0,-1,2018.0,010138134,2018,9,1,20
359183,2018010138194,533170.0,189570.0,-0.079064,51.589255,1,Slight,2,1,2018-10-10,Wednesday,19:35,Haringey,E09000014,4,153,6,30.0,3,9,4,153,,,4,1,1,0,0,1,2,E01001982,3,1,10/10/2018,10/10/2018,1,9,0,99,,9,9,99,9,99,,,2,Female,23,21 - 25,1329,1,9,5,1,,1,1,1,2,23,5,3,0,0,0,0,0,9,1,5,2018.0,010138194,E09000014,0.0,0.0,2.0,2018.0,010138194,9.0,9.0,99.0,1.0,9.0,-1,2018.0,010138194,2018,10,1,19
359184,2018010138198,530120.0,183110.0,-0.125453,51.531914,1,Slight,2,1,2018-10-10,Wednesday,18:55,Camden,E09000007,3,5202,6,20.0,0,-1,-1,-1,,,4,1,1,0,0,1,1,E01000953,3,1,10/10/2018,10/10/2018,1,8,0,12,,0,0,0,0,0,,,1,Male,34,26 - 35,1477,8,0,3,1,,2,1,1,1,33,6,3,0,0,0,0,0,1,-1,-1,2018.0,010138198,E09000007,0.0,4.0,2.0,2018.0,010138198,5.0,1.0,0.0,1.0,1.0,-1,2018.0,010138198,2018,10,1,18
359188,2018010138212,534330.0,191060.0,-0.06176,51.602369,1,Slight,2,2,2018-10-10,Wednesday,02:37,Haringey,E09000014,5,0,6,30.0,0,-1,-1,-1,,,4,1,1,0,0,1,1,E01002038,3,1,10/10/2018,10/10/2018,1,9,0,18,,0,0,4,0,0,,,2,Male,25,21 - 25,1461,2,3,1,1,,1,1,1,1,25,5,3,0,0,0,0,0,9,1,1,2018.0,010138212,E09000014,0.0,0.0,2.0,2018.0,010138212,3.0,7.0,9.0,3.0,1.0,-1,2018.0,010138212,2018,10,2,2
359192,2018010138219,540560.0,185010.0,0.02572,51.546486,1,Serious,2,1,2018-11-10,Saturday,05:02,Newham,E09000025,3,118,6,30.0,7,2,3,114,,,4,1,1,0,0,1,1,E01003558,2,2,11/10/2018,11/10/2018,1,3,0,18,,1,2,0,0,0,,,2,Male,19,16 - 20,108,1,5,3,1,,1,1,1,1,19,4,2,0,0,0,0,0,3,1,3,2018.0,010138219,E09000025,0.0,5.0,2.0,2018.0,010138219,3.0,7.0,0.0,1.0,1.0,-1,2018.0,010138219,2018,11,2,5
359201,2018010138276,507530.0,178760.0,-0.452318,51.497564,1,Slight,2,1,2018-09-26,Wednesday,20:15,Hillingdon,E09000017,5,0,9,30.0,1,4,3,408,,,4,1,9,0,0,1,2,E01002486,3,1,26/09/2018,26/09/2018,1,9,9,18,,4,9,0,0,0,,,6,Female,19,16 - 20,1400,1,13,4,1,,1,1,1,2,19,4,3,0,0,0,0,0,9,1,4,2018.0,010138276,E09000017,0.0,0.0,2.0,2018.0,010138276,5.0,1.0,99.0,3.0,9.0,-1,2018.0,010138276,2018,9,1,20
359248,2018010138428,530270.0,185710.0,-0.12233,51.555245,1,Serious,2,1,2018-11-10,Saturday,19:25,Islington,E09000019,3,503,3,30.0,3,4,6,0,,,4,2,2,0,0,1,1,E01002787,2,2,11/10/2018,11/10/2018,1,3,0,18,,1,0,0,0,0,,,6,Female,20,16 - 20,125,1,5,3,1,,1,1,1,2,20,4,2,0,0,0,0,0,3,1,3,2018.0,010138428,E09000019,0.0,0.0,2.0,2018.0,010138428,6.0,2.0,0.0,4.0,1.0,-1,2018.0,010138428,2018,11,2,19
359251,2018010138433,533440.0,178480.0,-0.079369,51.489532,1,Slight,2,2,2018-11-10,Saturday,18:30,Southwark,E09000028,3,2,3,30.0,0,-1,-1,-1,,,1,1,1,0,0,1,1,E01003966,3,1,11/10/2018,11/10/2018,1,3,0,6,,0,0,0,0,0,,,6,Male,31,26 - 35,125,1,1,2,1,,1,1,1,1,31,6,3,0,0,0,0,0,3,1,2,2018.0,010138433,E09000028,0.0,0.0,2.0,2018.0,010138433,7.0,3.0,0.0,1.0,1.0,-1,2018.0,010138433,2018,11,2,18
359255,2018010138439,528410.0,178620.0,-0.151727,51.491953,1,Slight,1,1,2018-11-10,Saturday,19:00,Westminster,E09000033,5,0,6,20.0,3,4,6,0,,,4,2,2,0,0,1,1,E01004666,3,1,11/10/2018,11/10/2018,1,9,0,9,,5,0,0,0,0,,,6,Male,31,26 - 35,1198,1,9,-1,-1,,1,1,3,2,23,5,3,5,1,0,0,2,0,-1,-1,2018.0,010138439,E09000033,0.0,8.0,2.0,2018.0,010138439,6.0,4.0,0.0,1.0,1.0,-1,2018.0,010138439,2018,11,1,19
359256,2018010138440,528260.0,168130.0,-0.157683,51.397713,1,Slight,2,1,2018-11-10,Saturday,18:57,Merton,E09000024,3,236,3,30.0,0,-1,-1,-1,,,4,5,2,0,0,1,1,E01003375,3,1,11/10/2018,11/10/2018,1,9,0,9,,0,0,0,0,0,,,6,Male,31,26 - 35,-1,-1,-1,3,1,,2,1,1,1,36,7,3,0,0,0,0,0,1,1,9,2018.0,010138440,E09000024,0.0,0.0,2.0,2018.0,010138440,7.0,3.0,0.0,1.0,1.0,-1,2018.0,010138440,2018,11,1,18
359258,2018010138442,545470.0,188570.0,0.097951,51.57723,1,Slight,2,1,2018-11-10,Saturday,20:02,Redbridge,E09000026,3,12,3,40.0,3,4,6,0,,,4,1,1,0,0,1,1,E01003641,3,1,11/10/2018,11/10/2018,1,9,0,18,,8,0,0,5,6,,,6,Female,30,26 - 35,1229,1,2,3,1,,1,1,1,2,30,6,3,0,0,0,0,0,9,1,3,2018.0,010138442,E09000026,0.0,0.0,2.0,2018.0,010138442,7.0,3.0,0.0,2.0,1.0,-1,2018.0,010138442,2018,11,1,20
359271,2018010138487,524130.0,175590.0,-0.214409,51.465677,1,Slight,1,1,2018-10-10,Wednesday,18:31,Wandsworth,E09000032,3,219,6,30.0,6,2,4,306,,,4,1,2,0,0,1,1,E01004609,3,1,10/10/2018,10/10/2018,1,9,0,18,,1,0,0,0,0,,,6,Male,28,26 - 35,2993,2,9,4,1,,1,1,3,2,12,3,3,5,1,0,0,2,0,1,3,2018.0,010138487,E09000032,0.0,5.0,2.0,2018.0,010138487,5.0,1.0,0.0,1.0,1.0,-1,2018.0,010138487,2018,10,1,18
359272,2018010138489,522570.0,179410.0,-0.23553,51.500348,1,Slight,2,1,2018-11-10,Saturday,21:55,Hammersmith and Fulham,E09000013,3,402,6,20.0,9,4,6,0,,,4,1,2,0,0,1,1,E01001928,3,1,11/10/2018,11/10/2018,1,3,0,18,,1,2,0,0,0,,,1,Male,28,26 - 35,108,1,8,5,1,,1,1,1,1,28,6,3,0,0,0,0,0,3,1,5,2018.0,010138489,E09000013,0.0,8.0,2.0,2018.0,010138489,7.0,3.0,0.0,0.0,1.0,-1,2018.0,010138489,2018,11,1,21
359277,2018010138494,530700.0,176010.0,-0.119724,51.467974,1,Slight,3,1,2018-12-10,Monday,02:25,Lambeth,E09000022,6,0,6,20.0,0,-1,-1,-1,,,4,1,2,0,0,1,1,E01003096,3,1,12/10/2018,12/10/2018,1,9,0,18,,0,1,4,0,0,,,6,Male,25,21 - 25,1395,1,0,2,1,,1,1,1,1,25,5,3,0,0,0,0,0,9,1,2,2018.0,010138494,E09000022,0.0,0.0,2.0,2018.0,010138494,5.0,1.0,0.0,1.0,1.0,-1,2018.0,010138494,2018,12,1,2
359282,2018010138508,529120.0,180980.0,-0.140642,51.513001,1,Serious,2,1,2018-12-10,Monday,05:58,Westminster,E09000033,3,4201,6,30.0,3,2,4,406,,,4,1,1,0,0,1,1,E01033595,2,2,12/10/2018,12/10/2018,1,9,0,18,,2,0,0,0,0,,,6,Male,28,26 - 35,1984,1,11,4,1,,2,1,1,1,54,8,2,0,0,0,0,0,1,-1,-1,2018.0,010138508,E09000033,0.0,5.0,2.0,2018.0,010138508,1.0,5.0,0.0,1.0,1.0,-1,2018.0,010138508,2018,12,2,5
359312,2018010138609,525520.0,184820.0,-0.191126,51.548322,1,Slight,2,1,2018-06-10,Sunday,18:00,Camden,E09000007,4,510,9,20.0,0,-1,-1,-1,,,1,1,1,0,0,1,2,E01000973,3,1,06/10/2018,06/10/2018,1,3,0,99,,0,9,99,9,99,,,6,Male,28,26 - 35,125,1,6,4,1,,1,1,1,1,28,6,3,0,0,0,0,0,3,1,4,2018.0,010138609,E09000007,0.0,0.0,2.0,2018.0,010138609,9.0,9.0,99.0,1.0,1.0,-1,2018.0,010138609,2018,6,1,18
359331,2018010138668,518820.0,180470.0,-0.289174,51.510675,1,Slight,2,1,2018-12-10,Monday,19:10,Ealing,E09000009,3,4020,6,30.0,3,4,6,0,,,4,4,1,0,0,1,1,E01001234,3,1,12/10/2018,12/10/2018,1,3,0,15,,1,5,10,1,10,,,6,Male,19,16 - 20,108,1,6,4,1,,1,1,1,1,19,4,3,0,0,0,0,0,3,1,4,2018.0,010138668,E09000009,0.0,0.0,2.0,2018.0,010138668,7.0,3.0,4.0,3.0,1.0,-1,2018.0,010138668,2018,12,1,19
359334,2018010138673,524720.0,180250.0,-0.204275,51.507428,1,Slight,2,1,2018-12-10,Monday,18:06,Kensington and Chelsea,E09000020,3,402,6,30.0,3,4,6,0,,,1,1,1,0,0,1,1,E01002868,3,1,12/10/2018,12/10/2018,1,9,0,7,,1,0,0,0,0,,,6,Male,20,16 - 20,2143,2,4,4,1,,2,1,1,1,30,6,3,0,0,0,0,0,1,-1,-1,2018.0,010138673,E09000020,0.0,0.0,2.0,2018.0,010138673,3.0,5.0,0.0,3.0,1.0,-1,2018.0,010138673,2018,12,1,18
359335,2018010138674,508280.0,184750.0,-0.439679,51.55126,1,Slight,2,1,2018-12-10,Monday,18:00,Hillingdon,E09000017,3,40,3,60.0,0,-1,-1,-1,,,1,1,1,0,0,1,1,E01002452,3,1,12/10/2018,12/10/2018,1,3,0,18,,0,0,0,0,0,,,6,Male,35,26 - 35,125,1,9,5,1,,1,1,1,1,35,6,3,0,0,0,0,0,3,1,5,2018.0,010138674,E09000017,0.0,0.0,2.0,2018.0,010138674,7.0,3.0,0.0,1.0,1.0,-1,2018.0,010138674,2018,12,1,18
359349,2018010138701,545780.0,185430.0,0.101121,51.548936,1,Slight,1,1,2018-12-10,Monday,19:10,Barking and Dagenham,E09000002,3,124,6,30.0,3,9,6,0,,,4,1,1,0,0,1,2,E01003741,3,1,12/10/2018,12/10/2018,1,9,0,99,,9,9,99,9,99,,,6,Female,27,26 - 35,1995,1,7,2,1,,1,1,1,2,27,6,3,0,0,0,0,0,9,1,2,2018.0,010138701,E09000002,9.0,1.0,2.0,2018.0,010138701,9.0,9.0,99.0,3.0,9.0,-1,2018.0,010138701,2018,12,1,19
359352,2018010138714,529310.0,174420.0,-0.140305,51.454003,1,Slight,2,1,2018-12-10,Monday,20:55,Lambeth,E09000022,5,0,6,30.0,6,4,6,0,,,4,1,1,0,0,1,1,E01003031,3,1,12/10/2018,12/10/2018,1,9,0,9,,1,0,0,0,0,,,6,Male,22,21 - 25,-1,-1,-1,6,1,,2,1,1,1,25,5,3,0,0,0,0,0,3,1,3,2018.0,010138714,E09000022,0.0,8.0,2.0,2018.0,010138714,7.0,3.0,0.0,1.0,1.0,-1,2018.0,010138714,2018,12,1,20
359354,2018010138722,549040.0,175100.0,0.143742,51.455268,1,Slight,2,1,2018-10-13,Saturday,02:35,Bexley,E09000004,3,207,1,30.0,2,4,5,0,,,4,1,1,0,0,1,1,E01000362,3,1,13/10/2018,13/10/2018,1,9,0,18,,4,0,10,7,10,,,6,Female,26,26 - 35,1199,1,16,9,1,,1,1,1,2,26,6,3,0,0,0,0,0,9,1,9,2018.0,010138722,E09000004,0.0,0.0,2.0,2018.0,010138722,5.0,1.0,0.0,4.0,1.0,-1,2018.0,010138722,2018,10,1,2
359355,2018010138730,528770.0,184280.0,-0.144477,51.542738,1,Slight,2,3,2018-10-13,Saturday,05:35,Camden,E09000007,5,0,6,20.0,0,-1,-1,-1,,,4,1,1,0,0,1,1,E01000858,3,1,13/10/2018,13/10/2018,1,9,0,18,,0,0,0,0,0,,,2,Male,33,26 - 35,1798,8,0,5,1,,1,1,1,1,33,6,3,0,0,0,0,0,9,1,5,2018.0,010138730,E09000007,0.0,0.0,2.0,2018.0,010138730,6.0,3.0,0.0,0.0,1.0,-1,2018.0,010138730,2018,10,3,5
359356,2018010138732,536510.0,177020.0,-0.035741,51.475679,1,Slight,1,1,2018-10-13,Saturday,04:06,Lewisham,E09000023,3,2,3,30.0,3,2,3,20,,,4,1,1,0,0,1,1,E01003215,3,1,13/10/2018,13/10/2018,1,9,0,9,,2,0,0,0,0,,,2,Male,23,21 - 25,1364,1,3,3,1,,1,1,3,2,23,5,3,4,3,0,0,2,0,1,6,2018.0,010138732,E09000023,0.0,5.0,2.0,2018.0,010138732,4.0,3.0,0.0,1.0,1.0,-1,2018.0,010138732,2018,10,1,4
359357,2018010138736,547040.0,175620.0,0.115194,51.460463,1,Slight,4,1,2018-10-13,Saturday,00:25,Bexley,E09000004,6,0,6,30.0,0,-1,-1,-1,,,4,4,1,0,0,1,1,E01000388,3,1,13/10/2018,13/10/2018,1,9,0,16,,0,0,4,0,0,,,6,Male,19,16 - 20,1242,1,11,4,1,,1,1,1,1,19,4,3,0,0,0,0,0,9,1,4,2018.0,010138736,E09000004,0.0,0.0,2.0,2018.0,010138736,1.0,5.0,0.0,1.0,1.0,-1,2018.0,010138736,2018,10,1,0
359383,2018010138810,518160.0,184080.0,-0.297469,51.543258,1,Slight,1,2,2018-12-10,Monday,21:55,Brent,E09000005,3,4089,6,30.0,0,-1,-1,-1,,,4,1,1,9,0,1,2,E01000632,3,1,12/10/2018,12/10/2018,1,9,0,99,,0,9,99,9,99,,,2,Male,27,26 - 35,-1,-1,-1,5,1,,1,1,1,1,27,6,3,0,0,0,0,0,9,1,5,2018.0,010138810,E09000005,0.0,0.0,2.0,2018.0,010138810,9.0,9.0,99.0,2.0,9.0,-1,2018.0,010138810,2018,12,2,21
359392,2018010138850,530100.0,180510.0,-0.126701,51.508552,1,Slight,2,1,2018-10-13,Saturday,20:25,Westminster,E09000033,3,400,2,20.0,6,4,3,400,,,1,1,1,9,9,1,2,E01004734,3,1,13/10/2018,13/10/2018,1,3,9,99,,9,9,99,9,99,,,6,Male,31,26 - 35,125,1,8,4,1,,1,1,1,1,31,6,3,0,0,0,0,0,3,1,4,2018.0,010138850,E09000033,9.0,9.0,2.0,2018.0,010138850,9.0,9.0,99.0,1.0,1.0,-1,2018.0,010138850,2018,10,1,20
359395,2018010138853,525340.0,182350.0,-0.194599,51.526164,1,Slight,2,1,2018-10-13,Saturday,20:55,Westminster,E09000033,5,0,3,30.0,0,-1,-1,-1,,,4,1,1,0,0,1,1,E01004676,3,1,13/10/2018,13/10/2018,1,3,0,18,,0,0,0,0,0,,,6,Male,30,26 - 35,125,1,14,4,1,,1,1,1,1,30,6,3,0,0,0,0,0,3,1,4,2018.0,010138853,E09000033,0.0,0.0,2.0,2018.0,010138853,7.0,3.0,0.0,1.0,1.0,-1,2018.0,010138853,2018,10,1,20
359401,2018010138867,553400.0,190540.0,0.213161,51.592831,1,Slight,1,2,2018-10-13,Saturday,22:05,Havering,E09000016,3,12,3,60.0,1,3,3,127,,,4,9,1,0,0,1,1,E01002310,3,1,13/10/2018,13/10/2018,1,9,0,18,,3,0,0,0,0,,,6,Male,30,26 - 35,-1,-1,-1,9,1,,1,1,2,2,35,6,3,0,0,1,0,0,9,1,9,2018.0,010138867,E09000016,0.0,0.0,2.0,2018.0,010138867,7.0,3.0,0.0,1.0,1.0,-1,2018.0,010138867,2018,10,2,22
359402,2018010138868,531020.0,185370.0,-0.111644,51.552016,1,Slight,2,1,2018-10-13,Saturday,20:10,Islington,E09000019,3,1,3,20.0,9,4,6,0,,,4,1,1,0,0,1,1,E01033488,3,1,13/10/2018,13/10/2018,1,9,0,9,,8,0,0,0,0,,,6,Male,33,26 - 35,1398,8,6,4,1,,2,1,1,2,47,8,3,0,0,0,0,0,4,1,5,2018.0,010138868,E09000019,0.0,0.0,2.0,2018.0,010138868,8.0,6.0,0.0,3.0,1.0,-1,2018.0,010138868,2018,10,1,20
359404,2018010138872,529640.0,169020.0,-0.137532,51.405398,1,Slight,1,2,2018-10-13,Saturday,22:20,Merton,E09000024,6,0,6,30.0,0,-1,-1,-1,,,4,4,1,0,2,1,1,E01003415,3,1,13/10/2018,13/10/2018,1,9,0,18,,0,0,11,0,0,,,6,Male,25,21 - 25,1496,2,4,8,1,,1,1,3,2,5,1,3,5,4,0,0,2,0,1,5,2018.0,010138872,E09000024,0.0,0.0,2.0,2018.0,010138872,1.0,5.0,0.0,3.0,1.0,-1,2018.0,010138872,2018,10,2,22
359409,2018010138898,540380.0,173420.0,0.018519,51.442383,1,Slight,1,1,2018-10-13,Saturday,01:00,Lewisham,E09000023,5,0,9,30.0,8,4,6,0,,,7,8,1,0,0,1,2,E01003269,3,1,13/10/2018,13/10/2018,1,9,0,99,,9,9,99,9,99,,,6,Male,31,26 - 35,1499,2,2,3,1,,1,1,1,1,31,6,3,0,0,0,0,0,9,1,3,2018.0,010138898,E09000023,0.0,0.0,2.0,2018.0,010138898,9.0,9.0,99.0,2.0,9.0,-1,2018.0,010138898,2018,10,1,1
359414,2018010138910,531110.0,179460.0,-0.112546,51.498883,1,Slight,2,2,2018-10-14,Sunday,01:36,Lambeth,E09000022,3,302,3,30.0,7,2,4,300,,,4,1,1,0,3,1,1,E01003013,3,1,14/10/2018,14/10/2018,1,9,0,5,,8,0,4,1,0,,,6,Male,24,21 - 25,1395,1,1,2,1,,1,1,3,1,35,6,3,5,1,0,0,2,0,-1,-1,2018.0,010138910,E09000022,0.0,5.0,2.0,2018.0,010138910,4.0,5.0,0.0,1.0,1.0,-1,2018.0,010138910,2018,10,2,1
359428,2018010138953,539060.0,184630.0,0.003953,51.543443,1,Slight,2,1,2018-10-14,Sunday,01:30,Newham,E09000025,3,11,6,20.0,3,2,3,11,,,4,1,1,4,9,1,2,E01003617,3,1,14/10/2018,14/10/2018,1,9,0,9,,8,9,99,9,99,,,6,Male,26,26 - 35,-1,-1,-1,3,1,,1,1,1,1,26,6,3,0,0,0,0,0,9,1,3,2018.0,010138953,E09000025,0.0,5.0,2.0,2018.0,010138953,7.0,5.0,99.0,2.0,1.0,-1,2018.0,010138953,2018,10,1,1
359445,2018010139014,521600.0,174140.0,-0.25131,51.453193,1,Slight,2,2,2018-10-14,Sunday,18:38,Wandsworth,E09000032,6,0,6,20.0,3,4,6,0,,,4,2,2,0,0,1,1,E01004576,3,1,14/10/2018,14/10/2018,1,9,0,18,,8,0,0,0,0,,,6,Male,20,16 - 20,1390,1,15,9,1,,1,1,1,1,20,4,3,0,0,0,0,0,9,1,9,2018.0,010139014,E09000032,0.0,0.0,2.0,2018.0,010139014,3.0,7.0,0.0,1.0,1.0,-1,2018.0,010139014,2018,10,2,18
359452,2018010139032,533870.0,181350.0,-0.07209,51.515221,1,Slight,1,2,2018-10-14,Sunday,20:17,Tower Hamlets,E09000030,3,11,3,20.0,99,9,6,0,,,7,2,2,0,0,1,2,E01004309,3,1,14/10/2018,14/10/2018,1,9,0,99,,9,9,99,9,99,,,6,Female,27,26 - 35,1229,1,11,2,1,,1,1,1,2,27,6,3,0,0,0,0,0,9,1,2,2018.0,010139032,E09000030,0.0,9.0,2.0,2018.0,010139032,9.0,9.0,99.0,2.0,9.0,-1,2018.0,010139032,2018,10,2,20
359453,2018010139033,521070.0,180060.0,-0.256907,51.506513,1,Serious,2,1,2018-10-14,Sunday,20:35,Ealing,E09000009,3,4020,3,30.0,6,2,5,0,,,4,2,2,0,0,1,1,E01001381,2,2,14/10/2018,14/10/2018,1,3,0,18,,8,1,0,0,0,,,6,Male,21,21 - 25,125,1,0,-1,-1,,1,1,1,1,21,5,2,0,0,0,0,0,3,-1,-1,2018.0,010139033,E09000009,0.0,5.0,2.0,2018.0,010139033,7.0,3.0,0.0,1.0,1.0,-1,2018.0,010139033,2018,10,2,20
359463,2018010139054,522870.0,189360.0,-0.227737,51.589707,1,Slight,2,1,2018-10-14,Sunday,21:45,Barnet,E09000003,3,504,3,30.0,0,-1,-1,-1,,,4,2,2,0,0,1,1,E01000244,3,1,14/10/2018,14/10/2018,1,9,0,16,,0,0,0,0,0,,,6,Male,24,21 - 25,1197,1,2,4,1,,1,1,1,1,24,5,3,0,0,0,0,0,9,1,4,2018.0,010139054,E09000003,0.0,0.0,2.0,2018.0,010139054,3.0,7.0,0.0,4.0,1.0,-1,2018.0,010139054,2018,10,1,21