,accident_index,location_easting_osgr,location_northing_osgr,longitude,latitude,police_force,accident_severity,number_of_vehicles,number_of_casualties,date,day_of_week,time,local_authority_district,local_authority_highway,first_road_class,first_road_number,road_type,speed_limit,junction_detail,junction_control,second_road_class,second_road_number,pedestrian_crossing-human_control,pedestrian_crossing-physical_facilities,light_conditions,weather_conditions,road_surface_conditions,special_conditions_at_site,carriageway_hazards,urban_or_rural_area,did_police_officer_attend_scene_of_accident,lsoa_of_accident_location,accident_severity_num,accident_severity_inv,date2,date_original,vehicle_reference_x,vehicle_type,towing_and_articulation,vehicle_manoeuvre,vehicle_location-restricted_lane,junction_location,skidding_and_overturning,hit_object_in_carriageway,vehicle_leaving_carriageway,hit_object_off_carriageway,1st_point_of_impact,was_vehicle_left_hand_drive?,journey_purpose_of_driver,sex_of_driver,age_of_driver,age_band_of_driver,engine_capacity_cc,propulsion_code,age_of_vehicle,driver_imd_decile,driver_home_area_type,vehicle_imd_decile,vehicle_reference_y,casualty_reference,casualty_class,sex_of_casualty,age_of_casualty,age_band_of_casualty,casualty_severity,pedestrian_location,pedestrian_movement,car_passenger,bus_or_coach_passenger,pedestrian_road_maintenance_worker,casualty_type,casualty_home_area_type,casualty_imd_decile,accident_year_x,accident_reference_x,local_authority_ons_district,pedestrian_crossing_human_control,pedestrian_crossing_physical_facilities,trunk_road_flag,accident_year_y,accident_reference_y,vehicle_direction_from,vehicle_direction_to,vehicle_location_restricted_lane,first_point_of_impact,vehicle_left_hand_drive,generic_make_model,accident_year,accident_reference,year,month,severity,hours
359464,2018010139055,522000.0,190880.0,-0.239762,51.603556,1,Slight,1,1,2018-10-14,Sunday,22:19,Barnet,E09000003,1,1,6,50.0,0,-1,-1,-1,,,5,2,2,0,0,1,1,E01000260,3,1,14/10/2018,14/10/2018,1,9,0,17,,0,1,7,0,0,,,2,Female,29,26 - 35,1398,2,14,7,1,,1,1,1,2,29,6,3,0,0,0,0,0,9,1,7,2018.0,010139055,E09000003,0.0,0.0,1.0,2018.0,010139055,3.0,1.0,0.0,1.0,1.0,-1,2018.0,010139055,2018,10,1,22
359466,2018010139059,532740.0,167920.0,-0.093401,51.394797,1,Slight,1,1,2018-10-14,Sunday,21:46,Croydon,E09000008,3,212,3,20.0,0,-1,-1,-1,,,4,1,2,0,0,1,1,E01001001,3,1,14/10/2018,14/10/2018,1,9,0,4,,0,0,0,0,0,,,6,Female,24,21 - 25,1398,1,5,2,1,,1,1,1,2,24,5,3,0,0,0,0,0,9,1,2,2018.0,010139059,E09000008,0.0,0.0,2.0,2018.0,010139059,1.0,5.0,0.0,2.0,1.0,-1,2018.0,010139059,2018,10,1,21
359467,2018010139060,544000.0,178910.0,0.072805,51.490807,1,Slight,2,2,2018-10-14,Sunday,22:55,Greenwich,E09000011,3,206,3,30.0,3,2,5,0,,,4,2,2,0,0,1,1,E01033731,3,1,14/10/2018,14/10/2018,1,9,0,18,,8,0,0,0,0,,,6,Male,24,21 - 25,1995,2,9,9,1,,1,1,1,1,24,5,3,0,0,0,0,0,9,1,9,2018.0,010139060,E09000011,0.0,5.0,2.0,2018.0,010139060,3.0,7.0,0.0,1.0,1.0,-1,2018.0,010139060,2018,10,2,22
359474,2018010139073,537820.0,171520.0,-0.019031,51.425937,1,Slight,3,1,2018-10-15,Monday,02:00,Lewisham,E09000023,3,2218,6,20.0,6,4,3,2218,,,4,2,2,0,0,1,1,E01003192,3,1,15/10/2018,15/10/2018,1,9,0,16,,8,0,10,8,10,,,6,Male,23,21 - 25,1149,1,17,3,1,,1,1,1,1,23,5,3,0,0,0,0,0,9,1,3,2018.0,010139073,E09000023,0.0,0.0,2.0,2018.0,010139073,3.0,7.0,0.0,1.0,1.0,-1,2018.0,010139073,2018,10,1,2
359500,2018010139182,511910.0,176240.0,-0.390044,51.474064,1,Slight,3,1,2018-10-14,Sunday,21:25,Hounslow,E09000018,3,3006,6,30.0,3,9,6,0,,,1,2,2,0,0,1,2,E01002661,3,1,14/10/2018,14/10/2018,1,8,0,99,,9,9,99,9,99,,,6,Male,26,26 - 35,1498,1,0,3,1,,1,1,1,1,26,6,3,0,0,0,0,0,8,1,3,2018.0,010139182,E09000018,0.0,8.0,2.0,2018.0,010139182,9.0,9.0,99.0,2.0,9.0,-1,2018.0,010139182,2018,10,1,21
359521,2018010139240,513030.0,175320.0,-0.374219,51.465573,1,Slight,1,2,2018-10-14,Sunday,03:40,Hounslow,E09000018,6,0,1,30.0,1,4,6,0,,,4,1,1,0,0,1,2,E01002646,3,1,14/10/2018,14/10/2018,1,9,0,18,,8,0,0,0,0,,,6,Male,19,16 - 20,988,1,1,3,1,,1,1,1,1,19,4,3,0,0,0,0,0,9,1,3,2018.0,010139240,E09000018,0.0,0.0,2.0,2018.0,010139240,9.0,9.0,0.0,3.0,9.0,-1,2018.0,010139240,2018,10,2,3
359531,2018010139269,545300.0,186000.0,0.094438,51.554182,1,Slight,2,1,2018-10-15,Monday,23:50,Redbridge,E09000026,5,0,6,30.0,3,4,6,0,,,4,1,1,0,0,1,1,E01003739,3,1,15/10/2018,15/10/2018,1,4,0,9,,5,0,0,1,0,,,6,Male,26,26 - 35,124,1,2,5,1,,1,1,1,1,26,6,3,0,0,0,0,0,4,1,5,2018.0,010139269,E09000026,0.0,0.0,2.0,2018.0,010139269,1.0,5.0,0.0,4.0,1.0,-1,2018.0,010139269,2018,10,1,23
359540,2018010139290,533560.0,191330.0,-0.072768,51.604978,1,Slight,2,1,2018-10-15,Monday,05:15,Haringey,E09000014,5,0,7,20.0,1,4,6,0,,,1,1,1,0,0,1,2,E01032575,3,1,15/10/2018,15/10/2018,1,9,0,99,,9,9,99,9,99,,,6,Female,22,21 - 25,1242,1,9,1,1,,1,1,1,2,22,5,3,0,0,0,0,0,9,1,1,2018.0,010139290,E09000014,9.0,9.0,2.0,2018.0,010139290,9.0,9.0,99.0,2.0,9.0,-1,2018.0,010139290,2018,10,1,5
359543,2018010139301,524140.0,183970.0,-0.211317,51.540988,1,Slight,2,1,2018-10-15,Monday,18:40,Brent,E09000005,5,0,9,30.0,0,-1,-1,-1,,,4,1,2,0,0,1,2,E01000491,3,1,15/10/2018,15/10/2018,1,9,0,99,,0,9,99,9,99,,,6,Female,35,26 - 35,3311,8,11,3,1,,1,1,1,2,35,6,3,0,0,0,0,0,9,1,3,2018.0,010139301,E09000005,0.0,1.0,2.0,2018.0,010139301,9.0,9.0,99.0,4.0,9.0,-1,2018.0,010139301,2018,10,1,18
359570,2018010139369,529820.0,168920.0,-0.134982,51.404459,1,Slight,1,1,2018-09-28,Friday,21:00,Merton,E09000024,5,0,6,30.0,0,-1,-1,-1,,,7,1,1,0,0,1,1,E01003414,3,1,28/09/2018,28/09/2018,1,8,0,5,,0,0,0,0,0,,,6,Not known,28,26 - 35,-1,-1,-1,-1,-1,,1,1,2,2,24,5,3,0,0,2,0,0,8,1,4,2018.0,010139369,E09000024,0.0,0.0,2.0,2018.0,010139369,0.0,7.0,0.0,0.0,1.0,-1,2018.0,010139369,2018,9,1,21
359595,2018010139459,530080.0,185370.0,-0.125194,51.552233,1,Slight,2,1,2018-10-16,Tuesday,19:15,Islington,E09000019,3,503,6,30.0,6,4,6,0,,,5,1,1,0,0,1,1,E01002783,3,1,16/10/2018,16/10/2018,1,9,0,5,,1,0,0,0,0,,,6,Male,22,21 - 25,1596,1,13,2,1,,2,1,1,2,28,6,3,0,0,0,0,0,1,1,2,2018.0,010139459,E09000019,0.0,4.0,2.0,2018.0,010139459,1.0,5.0,0.0,3.0,1.0,-1,2018.0,010139459,2018,10,1,19
359597,2018010139463,526130.0,167190.0,-0.188619,51.389742,1,Serious,2,1,2018-10-16,Tuesday,19:23,Merton,E09000024,3,297,3,40.0,6,2,5,0,,,4,1,1,0,0,1,1,E01003438,2,2,16/10/2018,16/10/2018,1,9,0,17,,8,0,0,1,0,,,6,Male,31,26 - 35,1587,1,11,10,1,,2,1,1,1,31,6,2,0,0,0,0,0,3,1,3,2018.0,010139463,E09000024,0.0,4.0,2.0,2018.0,010139463,3.0,1.0,0.0,1.0,1.0,-1,2018.0,010139463,2018,10,2,19
359598,2018010139464,531190.0,179190.0,-0.111494,51.496438,1,Serious,2,1,2018-10-16,Tuesday,18:30,Lambeth,E09000022,3,23,6,30.0,6,2,3,3203,,,1,1,1,0,0,1,1,E01003014,2,2,16/10/2018,16/10/2018,1,8,0,9,,8,0,0,0,0,,,6,Female,31,26 - 35,1791,8,6,1,1,,2,1,1,1,34,6,2,0,0,0,0,0,3,1,7,2018.0,010139464,E09000022,0.0,5.0,2.0,2018.0,010139464,5.0,3.0,0.0,1.0,1.0,-1,2018.0,010139464,2018,10,2,18
359606,2018010139485,530520.0,175900.0,-0.122355,51.467027,1,Slight,1,1,2018-10-16,Tuesday,20:15,Lambeth,E09000022,6,0,6,20.0,3,4,6,0,,,4,1,1,0,0,1,1,E01003096,3,1,16/10/2018,16/10/2018,1,9,0,18,,2,0,0,0,0,,,2,Female,33,26 - 35,998,1,1,3,1,,1,1,3,2,34,6,3,6,9,0,0,2,0,1,4,2018.0,010139485,E09000022,0.0,1.0,2.0,2018.0,010139485,6.0,2.0,0.0,4.0,1.0,-1,2018.0,010139485,2018,10,1,20
359617,2018010139520,525970.0,195730.0,-0.180725,51.646268,1,Slight,3,2,2018-10-16,Tuesday,21:41,Barnet,E09000003,6,0,6,30.0,6,4,6,0,,,4,1,1,0,0,1,1,E01000269,3,1,16/10/2018,16/10/2018,1,9,0,18,,2,0,4,0,0,,,6,Male,29,26 - 35,1995,2,9,8,1,,2,1,2,2,20,4,3,0,0,1,0,0,9,1,5,2018.0,010139520,E09000003,0.0,0.0,2.0,2018.0,010139520,4.0,8.0,0.0,1.0,1.0,-1,2018.0,010139520,2018,10,2,21
359619,2018010139527,518430.0,182600.0,-0.294075,51.5299,1,Slight,2,1,2018-10-17,Wednesday,00:29,Ealing,E09000009,3,40,3,40.0,5,4,3,406,,,4,1,1,0,0,1,1,E01001277,3,1,17/10/2018,17/10/2018,1,9,0,18,,2,0,0,0,0,,,6,Male,28,26 - 35,1796,1,9,10,1,,1,1,2,1,22,5,3,0,0,2,0,0,9,1,9,2018.0,010139527,E09000009,0.0,0.0,2.0,2018.0,010139527,3.0,7.0,0.0,2.0,1.0,-1,2018.0,010139527,2018,10,1,0
359678,2018010139704,537670.0,176800.0,-0.019135,51.473421,1,Slight,1,1,2018-10-17,Wednesday,18:45,Greenwich,E09000011,3,2,6,30.0,3,4,6,0,,,4,1,1,0,0,1,1,E01001644,3,1,17/10/2018,17/10/2018,1,3,0,14,,2,0,0,0,0,,,6,Male,35,26 - 35,125,1,3,2,1,,1,1,3,2,34,6,3,5,2,0,0,2,0,1,5,2018.0,010139704,E09000011,0.0,0.0,2.0,2018.0,010139704,7.0,3.0,0.0,1.0,1.0,-1,2018.0,010139704,2018,10,1,18
359679,2018010139709,534600.0,184620.0,-0.060327,51.544433,1,Serious,1,1,2018-10-17,Wednesday,18:35,Hackney,E09000012,6,0,6,20.0,0,-1,-1,-1,,,4,2,2,0,0,1,1,E01001763,2,2,17/10/2018,17/10/2018,1,3,0,18,,0,1,0,0,0,,,1,Male,32,26 - 35,-1,-1,-1,3,1,,1,1,1,1,32,6,2,0,0,0,0,0,3,1,3,2018.0,010139709,E09000012,0.0,0.0,2.0,2018.0,010139709,5.0,1.0,0.0,0.0,1.0,-1,2018.0,010139709,2018,10,2,18
359686,2018010139724,530020.0,171540.0,-0.131149,51.427959,1,Slight,1,1,2018-10-17,Wednesday,19:20,Lambeth,E09000022,3,23,6,30.0,0,-1,-1,-1,,,5,1,2,0,0,1,1,E01003120,3,1,17/10/2018,17/10/2018,1,9,0,18,,0,0,0,0,0,,,6,Male,30,26 - 35,2179,2,6,2,1,,1,1,3,1,27,6,3,5,2,0,0,2,0,1,6,2018.0,010139724,E09000022,0.0,0.0,2.0,2018.0,010139724,5.0,1.0,0.0,4.0,1.0,-1,2018.0,010139724,2018,10,1,19
359693,2018010139740,533530.0,168160.0,-0.081963,51.396768,1,Slight,2,1,2018-10-17,Wednesday,20:15,Croydon,E09000008,3,213,6,30.0,6,2,5,0,,,5,1,1,0,0,1,1,E01001112,3,1,17/10/2018,17/10/2018,1,9,0,4,,1,0,0,0,0,,,3,Female,34,26 - 35,1400,1,13,2,1,,1,1,1,2,34,6,3,0,0,0,0,0,9,1,2,2018.0,010139740,E09000008,0.0,5.0,2.0,2018.0,010139740,1.0,5.0,0.0,2.0,1.0,-1,2018.0,010139740,2018,10,1,20
359696,2018010139753,534420.0,169990.0,-0.068484,51.413003,1,Slight,2,1,2018-10-17,Wednesday,18:50,Bromley,E09000006,3,214,6,30.0,0,-1,-1,-1,,,4,1,1,0,0,1,1,E01000740,3,1,17/10/2018,17/10/2018,1,9,0,9,,0,0,0,0,0,,,6,Male,19,16 - 20,1995,2,3,-1,-1,,2,1,1,1,45,7,3,0,0,0,0,0,1,1,5,2018.0,010139753,E09000006,0.0,8.0,2.0,2018.0,010139753,7.0,3.0,0.0,4.0,1.0,-1,2018.0,010139753,2018,10,1,18
359700,2018010139763,508450.0,181980.0,-0.438081,51.52633,1,Slight,2,1,2018-10-18,Thursday,00:40,Hillingdon,E09000017,3,4020,3,40.0,6,2,4,465,,,4,1,1,0,0,1,1,E01002400,3,1,18/10/2018,18/10/2018,1,3,0,15,,2,0,0,0,0,,,6,Male,19,16 - 20,125,1,4,4,1,,1,1,1,1,19,4,3,0,0,0,0,0,3,1,4,2018.0,010139763,E09000017,0.0,5.0,2.0,2018.0,010139763,7.0,3.0,0.0,3.0,1.0,-1,2018.0,010139763,2018,10,1,0
359706,2018010139773,526360.0,177250.0,-0.18173,51.480102,1,Slight,2,1,2018-10-18,Thursday,05:40,Kensington and Chelsea,E09000020,3,3220,2,30.0,3,9,6,0,,,7,1,1,0,0,1,2,E01002841,3,1,18/10/2018,18/10/2018,1,3,0,99,,9,9,99,9,99,,,6,Male,35,26 - 35,124,1,6,2,1,,1,1,1,1,35,6,3,0,0,0,0,0,3,1,2,2018.0,010139773,E09000020,9.0,0.0,2.0,2018.0,010139773,9.0,9.0,99.0,1.0,1.0,-1,2018.0,010139773,2018,10,1,5
359752,2018010139927,546250.0,172530.0,0.102554,51.432902,1,Slight,1,2,2018-10-18,Thursday,18:00,Bexley,E09000004,3,222,3,30.0,6,2,5,0,,,4,1,1,0,0,1,1,E01000462,3,1,18/10/2018,18/10/2018,1,9,0,5,,1,0,0,0,0,,,2,Male,32,26 - 35,1248,1,1,7,1,,1,1,3,1,13,3,3,4,1,0,0,2,0,1,2,2018.0,010139927,E09000004,0.0,5.0,2.0,2018.0,010139927,5.0,1.0,0.0,1.0,1.0,-1,2018.0,010139927,2018,10,2,18
359766,2018010139957,511410.0,176430.0,-0.397181,51.475871,1,Slight,1,1,2018-10-18,Thursday,19:00,Hounslow,E09000018,3,4,3,40.0,0,-1,-1,-1,,,4,1,1,0,0,1,1,E01002635,3,1,18/10/2018,18/10/2018,1,5,0,15,,0,0,0,0,0,,,2,Male,27,26 - 35,599,1,9,5,1,,1,1,3,1,48,8,3,4,4,0,0,2,0,1,2,2018.0,010139957,E09000018,0.0,1.0,2.0,2018.0,010139957,7.0,3.0,0.0,1.0,1.0,-1,2018.0,010139957,2018,10,1,19
359782,2018010140018,511680.0,181920.0,-0.391559,51.525162,1,Slight,4,1,2018-12-10,Monday,05:30,Hillingdon,E09000017,3,312,1,30.0,1,4,5,0,,,4,1,1,0,0,1,2,E01002543,3,1,12/10/2018,12/10/2018,1,9,0,18,,3,0,0,0,0,,,6,Male,33,26 - 35,2000,2,13,-1,-1,,1,1,1,1,33,6,3,0,0,0,0,0,9,-1,-1,2018.0,010140018,E09000017,9.0,9.0,2.0,2018.0,010140018,5.0,1.0,0.0,1.0,9.0,-1,2018.0,010140018,2018,12,1,5
359830,2018010140145,529450.0,181850.0,-0.13557,51.520744,1,Slight,2,1,2018-10-19,Friday,20:20,Camden,E09000007,6,0,2,20.0,0,-1,-1,-1,,,4,1,1,0,0,1,1,E01000851,3,1,19/10/2018,19/10/2018,1,8,0,3,,0,0,0,0,0,,,1,Male,34,26 - 35,1997,2,4,9,1,,2,1,1,1,33,6,3,0,0,0,0,0,3,1,3,2018.0,010140145,E09000007,0.0,0.0,2.0,2018.0,010140145,1.0,5.0,0.0,2.0,1.0,-1,2018.0,010140145,2018,10,1,20
359832,2018010140147,521950.0,179190.0,-0.244534,51.498505,1,Serious,1,2,2018-10-19,Friday,18:20,Hammersmith and Fulham,E09000013,4,409,6,20.0,3,4,6,0,,,4,1,1,0,0,1,1,E01001930,2,2,19/10/2018,19/10/2018,1,5,0,13,,1,2,0,0,0,,,2,Male,29,26 - 35,798,1,10,9,1,,1,1,1,1,29,6,3,0,0,0,0,0,5,1,9,2018.0,010140147,E09000013,0.0,0.0,2.0,2018.0,010140147,3.0,7.0,0.0,1.0,1.0,-1,2018.0,010140147,2018,10,4,18
359836,2018010140155,548340.0,183560.0,0.137228,51.531467,1,Slight,1,1,2018-10-19,Friday,18:25,Barking and Dagenham,E09000002,6,0,2,30.0,0,-1,-1,-1,,,4,1,1,0,0,1,2,E01000095,3,1,19/10/2018,19/10/2018,1,9,0,99,,0,9,99,9,99,,,6,Female,21,21 - 25,1398,1,1,4,1,,1,1,1,2,21,5,3,0,0,0,0,0,9,1,4,2018.0,010140155,E09000002,0.0,0.0,2.0,2018.0,010140155,9.0,9.0,99.0,3.0,9.0,-1,2018.0,010140155,2018,10,1,18
359840,2018010140172,535220.0,179370.0,-0.053405,51.497107,1,Slight,1,1,2018-10-19,Friday,20:35,Southwark,E09000028,3,200,6,20.0,3,4,6,0,,,4,1,1,0,0,1,1,E01004031,3,1,19/10/2018,19/10/2018,1,9,0,18,,2,0,0,0,0,,,2,Male,28,26 - 35,1968,2,11,6,1,,1,1,3,1,20,4,3,1,1,0,0,2,0,1,3,2018.0,010140172,E09000028,0.0,1.0,2.0,2018.0,010140172,1.0,5.0,0.0,1.0,1.0,-1,2018.0,010140172,2018,10,1,20
359842,2018010140184,536930.0,176520.0,-0.029891,51.471084,1,Fatal,3,1,2018-10-19,Friday,18:08,Lewisham,E09000023,3,20,6,30.0,6,2,6,0,,,1,1,1,0,0,1,1,E01003210,1,3,19/10/2018,19/10/2018,1,9,0,7,,8,0,0,0,0,,,6,Female,30,26 - 35,1398,1,15,2,1,,2,1,1,1,35,6,1,0,0,0,0,0,5,1,4,2018.0,010140184,E09000023,0.0,5.0,2.0,2018.0,010140184,4.0,6.0,0.0,2.0,1.0,-1,2018.0,010140184,2018,10,3,18
359846,2018010140192,526360.0,181140.0,-0.180337,51.515062,1,Slight,2,1,2018-10-19,Friday,22:55,Westminster,E09000033,5,0,3,30.0,6,4,6,0,,,4,1,1,0,0,1,1,E01004697,3,1,19/10/2018,19/10/2018,1,3,0,10,,1,0,0,0,0,,,1,Male,18,16 - 20,108,1,9,1,1,,1,1,1,1,18,4,3,0,0,0,0,0,3,1,1,2018.0,010140192,E09000033,0.0,0.0,2.0,2018.0,010140192,1.0,7.0,0.0,2.0,1.0,-1,2018.0,010140192,2018,10,1,22
359850,2018010140197,516170.0,182950.0,-0.326525,51.533514,1,Slight,2,2,2018-10-20,Saturday,00:01,Ealing,E09000009,3,40,7,40.0,0,-1,-1,-1,,,4,1,1,0,0,1,1,E01001348,3,1,20/10/2018,20/10/2018,1,9,0,18,,0,0,7,7,10,,,6,Female,21,21 - 25,1368,1,10,4,2,,1,1,1,2,21,5,3,0,0,0,0,0,9,2,4,2018.0,010140197,E09000009,2.0,4.0,2.0,2018.0,010140197,3.0,7.0,0.0,2.0,1.0,-1,2018.0,010140197,2018,10,2,0
359851,2018010140198,524940.0,178720.0,-0.201648,51.493629,1,Serious,2,1,2018-10-19,Friday,21:10,Kensington and Chelsea,E09000020,3,3220,6,30.0,3,2,6,0,,,4,1,1,0,0,1,1,E01002814,2,2,19/10/2018,19/10/2018,1,8,0,7,,2,0,0,0,0,,,1,Male,32,26 - 35,1956,2,7,2,1,,2,1,1,1,28,6,2,0,0,0,0,0,3,-1,-1,2018.0,010140198,E09000020,0.0,4.0,2.0,2018.0,010140198,5.0,1.0,0.0,4.0,1.0,-1,2018.0,010140198,2018,10,2,21
359855,2018010140204,523840.0,180610.0,-0.216822,51.510856,1,Serious,2,1,2018-10-19,Friday,00:45,Kensington and Chelsea,E09000020,5,0,3,20.0,3,4,6,0,,,4,7,1,0,0,1,1,E01002870,2,2,19/10/2018,19/10/2018,1,2,0,18,,1,0,0,0,0,,,1,Male,18,16 - 20,108,1,0,2,1,,1,1,1,1,18,4,2,0,0,0,0,0,2,1,2,2018.0,010140204,E09000020,0.0,0.0,2.0,2018.0,010140204,3.0,1.0,0.0,1.0,1.0,-1,2018.0,010140204,2018,10,2,0
359856,2018010140207,530030.0,171550.0,-0.131001,51.428046,1,Serious,2,1,2018-10-20,Saturday,04:00,Lambeth,E09000022,3,23,6,30.0,0,-1,-1,-1,,,4,1,1,0,0,1,1,E01003120,2,2,20/10/2018,20/10/2018,1,9,0,18,,0,0,4,0,0,,,6,Male,28,26 - 35,2143,2,2,3,1,,1,1,2,1,29,6,2,0,0,1,0,0,9,1,3,2018.0,010140207,E09000022,2.0,5.0,2.0,2018.0,010140207,1.0,5.0,0.0,4.0,1.0,-1,2018.0,010140207,2018,10,2,4
359857,2018010140208,539570.0,187530.0,0.012452,51.569376,1,Slight,2,1,2018-10-20,Saturday,02:04,Waltham Forest,E09000031,6,0,2,20.0,0,-1,-1,-1,,,4,1,1,0,0,1,1,E01004438,3,1,20/10/2018,20/10/2018,1,3,0,18,,0,5,10,0,0,,,6,Male,17,16 - 20,125,1,4,2,1,,1,1,1,1,17,4,3,0,0,0,0,0,3,1,2,2018.0,010140208,E09000031,0.0,0.0,2.0,2018.0,010140208,6.0,2.0,0.0,3.0,1.0,-1,2018.0,010140208,2018,10,1,2
359863,2018010140229,540640.0,181450.0,0.025453,51.514476,1,Slight,1,2,2018-10-14,Sunday,18:45,Newham,E09000025,5,0,7,30.0,0,-1,-1,-1,,,7,2,2,0,0,1,2,E01003517,3,1,14/10/2018,14/10/2018,1,9,0,99,,0,9,99,9,99,,,6,Male,22,21 - 25,999,1,1,3,1,,1,1,1,1,22,5,3,0,0,0,0,0,9,1,3,2018.0,010140229,E09000025,0.0,1.0,2.0,2018.0,010140229,9.0,9.0,99.0,2.0,9.0,-1,2018.0,010140229,2018,10,2,18
359869,2018010140243,528760.0,172340.0,-0.148972,51.435436,1,Slight,2,1,2018-10-19,Friday,20:50,Wandsworth,E09000032,6,0,3,30.0,6,2,5,0,,,4,1,1,0,0,1,1,E01004486,3,1,19/10/2018,19/10/2018,1,9,0,4,,8,0,0,0,0,,,6,Female,26,26 - 35,1242,1,16,3,1,,2,1,1,1,22,5,3,0,0,0,0,0,4,-1,-1,2018.0,010140243,E09000032,0.0,0.0,2.0,2018.0,010140243,1.0,5.0,0.0,1.0,1.0,-1,2018.0,010140243,2018,10,1,20
359877,2018010140263,528180.0,172550.0,-0.157236,51.437454,1,Slight,2,1,2018-10-19,Friday,20:40,Wandsworth,E09000032,3,24,6,30.0,3,4,6,0,,,4,1,1,0,0,1,1,E01004548,3,1,19/10/2018,19/10/2018,1,9,0,9,,6,0,0,0,0,,,6,Male,32,26 - 35,999,1,2,3,1,,2,1,1,1,43,7,3,0,0,0,0,0,4,1,5,2018.0,010140263,E09000032,0.0,5.0,2.0,2018.0,010140263,3.0,7.0,0.0,1.0,1.0,-1,2018.0,010140263,2018,10,1,20
359904,2018010140335,518030.0,175180.0,-0.302319,51.463295,1,Slight,1,1,2018-10-20,Saturday,19:04,Richmond upon Thames,E09000027,3,307,6,30.0,0,-1,-1,-1,,,4,1,1,0,6,1,1,E01003876,3,1,20/10/2018,20/10/2018,1,3,0,18,,0,0,0,0,0,,,1,Male,25,21 - 25,125,1,0,3,1,,1,1,1,1,25,5,3,0,0,0,0,0,3,1,3,2018.0,010140335,E09000027,0.0,4.0,2.0,2018.0,010140335,2.0,6.0,0.0,0.0,1.0,-1,2018.0,010140335,2018,10,1,19
359906,2018010140338,537310.0,176190.0,-0.024552,51.468027,1,Slight,2,1,2018-10-20,Saturday,20:20,Lewisham,E09000023,3,20,6,30.0,3,4,6,0,,,4,1,1,0,0,1,1,E01003211,3,1,20/10/2018,20/10/2018,1,4,0,9,,5,0,0,0,0,,,6,Male,28,26 - 35,599,1,10,8,1,,1,1,1,1,28,6,3,0,0,0,0,0,4,1,8,2018.0,010140338,E09000023,0.0,0.0,2.0,2018.0,010140338,4.0,1.0,0.0,1.0,1.0,-1,2018.0,010140338,2018,10,1,20
359910,2018010140344,524550.0,166720.0,-0.21148,51.385867,1,Slight,2,1,2018-10-20,Saturday,21:00,Sutton,E09000029,3,24,3,30.0,6,2,4,279,,,4,1,1,0,0,1,1,E01004134,3,1,20/10/2018,20/10/2018,1,9,0,9,,8,0,0,0,0,,,6,Male,28,26 - 35,1896,2,14,4,1,,2,1,1,1,48,8,3,0,0,0,0,0,8,1,3,2018.0,010140344,E09000029,0.0,4.0,2.0,2018.0,010140344,6.0,4.0,0.0,4.0,1.0,-1,2018.0,010140344,2018,10,1,21
359914,2018010140349,528140.0,191370.0,-0.150973,51.606597,1,Slight,2,1,2018-10-20,Saturday,18:11,Barnet,E09000003,3,406,3,50.0,7,9,4,550,,,1,1,1,0,0,1,2,E01000164,3,1,20/10/2018,20/10/2018,1,9,0,99,,9,9,99,9,99,,,6,Female,30,26 - 35,-1,-1,-1,9,1,,1,1,1,2,30,6,3,0,0,0,0,0,9,1,9,2018.0,010140349,E09000003,9.0,9.0,2.0,2018.0,010140349,9.0,9.0,99.0,2.0,9.0,-1,2018.0,010140349,2018,10,1,18
359915,2018010140355,525420.0,172790.0,-0.196839,51.440228,1,Slight,1,1,2018-10-20,Saturday,22:35,Wandsworth,E09000032,3,218,6,30.0,3,4,3,218,,,4,1,1,0,0,1,1,E01003478,3,1,20/10/2018,20/10/2018,1,9,0,17,,2,0,0,1,10,,,1,Male,29,26 - 35,1598,2,2,8,1,,1,1,2,1,49,8,3,0,0,1,0,0,9,1,8,2018.0,010140355,E09000032,0.0,0.0,2.0,2018.0,010140355,1.0,5.0,0.0,4.0,1.0,-1,2018.0,010140355,2018,10,1,22
359916,2018010140358,531300.0,190890.0,-0.105548,51.601556,1,Slight,1,1,2018-10-20,Saturday,23:28,Haringey,E09000014,5,0,6,20.0,3,4,6,0,,,4,1,1,0,0,1,1,E01002099,3,1,20/10/2018,20/10/2018,1,9,0,17,,2,0,0,1,4,,,6,Female,29,26 - 35,1399,1,0,4,1,,1,1,1,2,29,6,3,0,0,0,0,0,9,1,4,2018.0,010140358,E09000014,0.0,0.0,2.0,2018.0,010140358,3.0,7.0,0.0,1.0,1.0,-1,2018.0,010140358,2018,10,1,23