,accident_index,location_easting_osgr,location_northing_osgr,longitude,latitude,police_force,accident_severity,number_of_vehicles,number_of_casualties,date,day_of_week,time,local_authority_district,local_authority_highway,first_road_class,first_road_number,road_type,speed_limit,junction_detail,junction_control,second_road_class,second_road_number,pedestrian_crossing-human_control,pedestrian_crossing-physical_facilities,light_conditions,weather_conditions,road_surface_conditions,special_conditions_at_site,carriageway_hazards,urban_or_rural_area,did_police_officer_attend_scene_of_accident,lsoa_of_accident_location,accident_severity_num,accident_severity_inv,date2,date_original,vehicle_reference_x,vehicle_type,towing_and_articulation,vehicle_manoeuvre,vehicle_location-restricted_lane,junction_location,skidding_and_overturning,hit_object_in_carriageway,vehicle_leaving_carriageway,hit_object_off_carriageway,1st_point_of_impact,was_vehicle_left_hand_drive?,journey_purpose_of_driver,sex_of_driver,age_of_driver,age_band_of_driver,engine_capacity_cc,propulsion_code,age_of_vehicle,driver_imd_decile,driver_home_area_type,vehicle_imd_decile,vehicle_reference_y,casualty_reference,casualty_class,sex_of_casualty,age_of_casualty,age_band_of_casualty,casualty_severity,pedestrian_location,pedestrian_movement,car_passenger,bus_or_coach_passenger,pedestrian_road_maintenance_worker,casualty_type,casualty_home_area_type,casualty_imd_decile,accident_year_x,accident_reference_x,local_authority_ons_district,pedestrian_crossing_human_control,pedestrian_crossing_physical_facilities,trunk_road_flag,accident_year_y,accident_reference_y,vehicle_direction_from,vehicle_direction_to,vehicle_location_restricted_lane,first_point_of_impact,vehicle_left_hand_drive,generic_make_model,accident_year,accident_reference,year,month,severity,hours
359919,2018010140363,549910.0,182570.0,0.159425,51.522158,1,Serious,2,1,2018-10-20,Saturday,23:15,Barking and Dagenham,E09000002,3,13,3,70.0,0,-1,-1,-1,,,4,1,1,0,0,1,1,E01000090,2,2,20/10/2018,20/10/2018,1,5,0,18,,0,1,7,0,0,,,2,Male,25,21 - 25,599,1,15,4,1,,1,1,1,1,25,5,2,0,0,0,0,0,5,1,4,2018.0,010140363,E09000002,0.0,0.0,2.0,2018.0,010140363,7.0,3.0,0.0,0.0,1.0,-1,2018.0,010140363,2018,10,2,23
359920,2018010140364,549960.0,176330.0,0.157495,51.466077,1,Slight,2,1,2018-10-20,Saturday,22:30,Bexley,E09000004,5,0,6,30.0,1,4,3,220,,,4,1,1,0,0,1,1,E01000355,3,1,20/10/2018,20/10/2018,1,9,0,18,,4,0,0,0,0,,,2,Male,22,21 - 25,1398,1,0,9,1,,2,1,1,2,32,6,3,0,0,0,0,0,9,1,5,2018.0,010140364,E09000004,0.0,8.0,2.0,2018.0,010140364,5.0,1.0,0.0,4.0,1.0,-1,2018.0,010140364,2018,10,1,22
359922,2018010140370,531310.0,175260.0,-0.111225,51.461092,1,Slight,3,1,2018-10-20,Saturday,23:15,Lambeth,E09000022,4,223,6,30.0,3,4,6,0,,,4,1,1,0,0,1,1,E01003052,3,1,20/10/2018,20/10/2018,1,9,0,5,,1,0,0,0,0,,,6,Female,26,26 - 35,1596,1,11,1,1,,1,1,1,2,26,6,3,0,0,0,0,0,9,1,1,2018.0,010140370,E09000022,0.0,0.0,2.0,2018.0,010140370,1.0,5.0,0.0,3.0,1.0,-1,2018.0,010140370,2018,10,1,23
359926,2018010140382,521520.0,180880.0,-0.250144,51.513786,1,Slight,1,3,2018-10-21,Sunday,04:50,Ealing,E09000009,3,40,3,40.0,6,2,6,0,,,4,1,1,0,0,1,1,E01001243,3,1,21/10/2018,21/10/2018,1,9,0,18,,2,1,0,1,10,,,6,Male,31,26 - 35,1999,2,0,1,1,,1,1,1,1,31,6,3,0,0,0,0,0,9,1,1,2018.0,010140382,E09000009,0.0,5.0,2.0,2018.0,010140382,3.0,7.0,9.0,1.0,1.0,-1,2018.0,010140382,2018,10,3,4
359962,2018010140487,524670.0,170730.0,-0.208348,51.421879,1,Slight,2,1,2018-10-21,Sunday,19:47,Merton,E09000024,3,219,6,30.0,7,2,4,235,,,4,1,1,0,0,1,1,E01003401,3,1,21/10/2018,21/10/2018,1,3,0,18,,1,1,0,0,0,,,1,Male,18,16 - 20,108,1,2,4,1,,1,1,1,1,18,4,3,0,0,0,0,0,3,1,4,2018.0,010140487,E09000024,0.0,5.0,2.0,2018.0,010140487,8.0,8.0,0.0,1.0,1.0,-1,2018.0,010140487,2018,10,1,19
359963,2018010140488,537910.0,183120.0,-0.013211,51.530156,1,Serious,1,1,2018-10-21,Sunday,20:00,Tower Hamlets,E09000030,3,11,6,30.0,1,2,3,12,,,4,1,1,0,0,1,1,E01033579,2,2,21/10/2018,21/10/2018,1,3,0,18,,4,0,0,0,0,,,6,Male,21,21 - 25,124,1,1,2,1,,1,1,3,1,46,8,2,1,1,0,0,2,0,1,4,2018.0,010140488,E09000030,0.0,4.0,2.0,2018.0,010140488,3.0,7.0,0.0,1.0,1.0,-1,2018.0,010140488,2018,10,2,20
359967,2018010140498,535190.0,181600.0,-0.052982,51.517154,1,Serious,2,1,2018-10-21,Sunday,19:40,Tower Hamlets,E09000030,5,0,6,20.0,6,4,5,0,,,4,1,1,0,0,1,1,E01004323,2,2,21/10/2018,21/10/2018,1,9,0,9,,8,0,0,0,0,,,6,Male,23,21 - 25,1995,2,10,3,1,,2,1,1,1,35,6,2,0,0,0,0,0,1,1,2,2018.0,010140498,E09000030,0.0,0.0,2.0,2018.0,010140498,1.0,3.0,0.0,1.0,1.0,-1,2018.0,010140498,2018,10,2,19
359975,2018010140516,542400.0,168650.0,0.045649,51.399017,1,Slight,2,5,2018-10-21,Sunday,22:10,Bromley,E09000006,5,0,1,30.0,1,4,6,0,,,4,2,2,0,0,1,1,E01000651,3,1,21/10/2018,21/10/2018,1,9,0,18,,4,0,0,0,0,,,6,Male,20,16 - 20,1895,1,17,8,3,,1,1,1,1,20,4,3,0,0,0,0,0,9,3,8,2018.0,010140516,E09000006,0.0,0.0,2.0,2018.0,010140516,7.0,3.0,0.0,1.0,1.0,-1,2018.0,010140516,2018,10,5,22
360024,2018010140645,529590.0,175380.0,-0.135926,51.462567,1,Slight,2,1,2018-10-21,Sunday,00:50,Lambeth,E09000022,3,3,6,30.0,0,-1,-1,-1,,,6,1,1,0,0,1,2,E01003035,3,1,21/10/2018,21/10/2018,1,8,0,99,,0,9,99,9,99,,,2,Male,34,26 - 35,1798,8,3,3,1,,1,1,1,1,34,6,3,0,0,0,0,0,8,1,3,2018.0,010140645,E09000022,9.0,9.0,2.0,2018.0,010140645,9.0,9.0,99.0,1.0,9.0,-1,2018.0,010140645,2018,10,1,0
360038,2018010140679,505450.0,182150.0,-0.481258,51.528426,1,Slight,2,1,2018-10-21,Sunday,18:47,Hillingdon,E09000017,3,408,6,30.0,3,4,6,0,,,4,1,1,0,0,1,1,E01002518,3,1,21/10/2018,21/10/2018,1,9,0,15,,1,0,0,0,0,,,6,Male,18,16 - 20,998,1,13,3,1,,2,1,1,1,25,5,3,0,0,0,0,0,9,1,7,2018.0,010140679,E09000017,0.0,4.0,2.0,2018.0,010140679,6.0,8.0,0.0,1.0,1.0,-1,2018.0,010140679,2018,10,1,18
360039,2018010140680,522900.0,187030.0,-0.22812,51.56876,1,Slight,1,3,2018-10-22,Monday,18:05,Barnet,E09000003,6,0,3,30.0,99,9,6,0,,,1,1,1,4,0,1,2,E01000223,3,1,22/10/2018,22/10/2018,1,9,0,99,,9,9,99,9,99,,,6,Male,27,26 - 35,-1,-1,-1,5,1,,1,1,1,1,27,6,3,0,0,0,0,0,9,1,5,2018.0,010140680,E09000003,0.0,5.0,2.0,2018.0,010140680,9.0,9.0,99.0,9.0,9.0,-1,2018.0,010140680,2018,10,3,18
360040,2018010140681,540990.0,183560.0,0.031337,51.533349,1,Slight,1,1,2018-10-22,Monday,18:17,Newham,E09000025,6,0,6,30.0,3,4,6,0,,,4,1,1,0,0,1,1,E01003599,3,1,22/10/2018,22/10/2018,1,9,0,1,,8,0,0,0,0,,,6,Female,24,21 - 25,1197,1,4,3,1,,1,1,3,1,23,5,3,9,5,0,0,2,0,1,5,2018.0,010140681,E09000025,0.0,0.0,2.0,2018.0,010140681,3.0,7.0,0.0,0.0,1.0,-1,2018.0,010140681,2018,10,1,18
360054,2018010140734,549210.0,184820.0,0.150295,51.54256,1,Slight,2,2,2018-10-22,Monday,23:00,Barking and Dagenham,E09000002,5,0,3,30.0,3,4,6,0,,,4,1,1,0,0,1,1,E01000015,3,1,22/10/2018,22/10/2018,1,9,0,18,,1,0,0,0,0,,,6,Male,28,26 - 35,1461,2,0,2,1,,1,1,1,1,28,6,3,0,0,0,0,0,9,1,2,2018.0,010140734,E09000002,0.0,0.0,2.0,2018.0,010140734,1.0,5.0,0.0,4.0,1.0,-1,2018.0,010140734,2018,10,2,23
360056,2018010140743,531040.0,190280.0,-0.109527,51.596135,1,Slight,2,2,2018-10-22,Monday,05:00,Haringey,E09000014,3,105,6,20.0,0,-1,-1,-1,,,4,1,1,0,0,1,1,E01002029,3,1,22/10/2018,22/10/2018,1,9,0,18,,0,0,0,0,0,,,6,Male,23,21 - 25,1598,2,8,2,1,,1,1,1,1,23,5,3,0,0,0,0,0,9,1,2,2018.0,010140743,E09000014,0.0,4.0,2.0,2018.0,010140743,1.0,5.0,0.0,1.0,1.0,-1,2018.0,010140743,2018,10,2,5
360058,2018010140745,518650.0,165790.0,-0.296538,51.378771,1,Serious,2,1,2018-10-22,Monday,23:42,Kingston upon Thames,E09000021,6,0,6,20.0,3,4,6,0,,,4,1,1,0,0,1,1,E01002998,2,2,22/10/2018,22/10/2018,1,9,0,9,,6,0,10,1,2,,,6,Female,33,26 - 35,995,1,11,8,1,,1,1,1,2,33,6,2,0,0,0,0,0,9,1,8,2018.0,010140745,E09000021,0.0,0.0,2.0,2018.0,010140745,7.0,1.0,9.0,1.0,1.0,-1,2018.0,010140745,2018,10,2,23
360060,2018010140753,532310.0,185080.0,-0.093158,51.549108,1,Serious,4,1,2018-10-22,Monday,23:20,Islington,E09000019,5,0,6,20.0,0,-1,-1,-1,,,4,1,1,0,0,1,1,E01002775,2,2,22/10/2018,22/10/2018,1,9,0,18,,0,0,4,0,0,,,6,Male,18,16 - 20,1991,1,5,2,1,,1,1,1,1,18,4,2,0,0,0,0,0,9,1,2,2018.0,010140753,E09000019,0.0,8.0,2.0,2018.0,010140753,5.0,1.0,0.0,1.0,1.0,-1,2018.0,010140753,2018,10,2,23
360062,2018010140756,538910.0,175190.0,-0.001924,51.45865,1,Slight,2,1,2018-10-23,Tuesday,05:45,Lewisham,E09000023,3,20,6,30.0,3,4,6,0,,,4,1,1,0,0,1,1,E01003282,3,1,23/10/2018,23/10/2018,1,9,0,9,,5,0,0,0,0,,,2,Male,33,26 - 35,2179,2,6,6,1,,2,1,1,1,41,7,3,0,0,0,0,0,1,1,10,2018.0,010140756,E09000023,0.0,1.0,2.0,2018.0,010140756,1.0,7.0,0.0,4.0,1.0,-1,2018.0,010140756,2018,10,1,5
360065,2018010140761,553770.0,188400.0,0.217562,51.573502,1,Slight,2,1,2018-10-21,Sunday,21:40,Havering,E09000016,5,0,6,30.0,2,4,5,0,,,4,1,1,0,0,1,2,E01002274,3,1,21/10/2018,21/10/2018,1,9,0,99,,9,9,99,9,99,,,2,Female,22,21 - 25,1598,1,2,5,1,,1,1,1,2,22,5,3,0,0,0,0,0,9,1,5,2018.0,010140761,E09000016,9.0,9.0,2.0,2018.0,010140761,9.0,9.0,99.0,2.0,9.0,-1,2018.0,010140761,2018,10,1,21
360096,2018010140868,528250.0,168140.0,-0.157823,51.397805,1,Slight,2,1,2018-10-22,Monday,18:30,Merton,E09000024,3,236,6,30.0,0,-1,-1,-1,,,4,1,1,0,0,1,2,E01003375,3,1,22/10/2018,22/10/2018,1,9,0,99,,0,9,99,9,99,,,6,Female,33,26 - 35,1499,1,0,5,1,,2,1,1,1,-1,-1,3,0,0,0,0,0,1,1,9,2018.0,010140868,E09000024,0.0,5.0,2.0,2018.0,010140868,9.0,9.0,99.0,4.0,9.0,-1,2018.0,010140868,2018,10,1,18
360114,2018010140923,544490.0,188220.0,0.083675,51.574337,1,Slight,2,1,2018-10-23,Tuesday,18:55,Redbridge,E09000026,5,0,6,30.0,0,-1,-1,-1,,,4,1,1,0,0,1,1,E01003645,3,1,23/10/2018,23/10/2018,1,9,0,18,,0,0,0,0,0,,,6,Female,26,26 - 35,1362,1,6,2,1,,2,1,1,1,33,6,3,0,0,0,0,0,1,1,5,2018.0,010140923,E09000026,0.0,0.0,2.0,2018.0,010140923,5.0,1.0,0.0,1.0,1.0,-1,2018.0,010140923,2018,10,1,18
360122,2018010140934,517690.0,163520.0,-0.311075,51.358568,1,Slight,2,1,2018-10-22,Monday,21:20,Kingston upon Thames,E09000021,3,243,3,30.0,3,2,6,0,,,4,1,1,0,0,1,1,E01002949,3,1,22/10/2018,22/10/2018,1,4,0,4,,1,1,0,0,0,,,6,Male,21,21 - 25,689,1,3,6,1,,1,1,1,1,21,5,3,0,0,0,0,0,4,1,6,2018.0,010140934,E09000021,0.0,0.0,2.0,2018.0,010140934,5.0,1.0,0.0,4.0,1.0,-1,2018.0,010140934,2018,10,1,21
360126,2018010140943,534560.0,178140.0,-0.063376,51.486211,1,Serious,2,1,2018-10-23,Tuesday,19:00,Southwark,E09000028,6,0,6,30.0,3,4,3,2208,,,4,1,1,0,0,1,1,E01003989,2,2,23/10/2018,23/10/2018,1,9,0,13,,1,5,0,7,0,,,6,Male,19,16 - 20,2993,2,0,3,1,,1,1,1,1,19,4,2,0,0,0,0,0,9,1,3,2018.0,010140943,E09000028,0.0,0.0,2.0,2018.0,010140943,6.0,2.0,0.0,1.0,1.0,-1,2018.0,010140943,2018,10,2,19
360127,2018010140949,534640.0,167630.0,-0.066218,51.391743,1,Slight,2,1,2018-10-23,Tuesday,22:25,Croydon,E09000008,6,0,6,30.0,3,4,3,215,,,4,1,1,0,0,1,1,E01001186,3,1,23/10/2018,23/10/2018,1,9,0,7,,5,0,10,3,10,,,6,Female,21,21 - 25,1390,1,9,-1,-1,,1,1,2,1,21,5,3,0,0,2,0,0,9,1,2,2018.0,010140949,E09000008,0.0,0.0,2.0,2018.0,010140949,6.0,2.0,9.0,1.0,1.0,-1,2018.0,010140949,2018,10,1,22
360128,2018010140951,535930.0,183410.0,-0.041626,51.533241,1,Slight,1,2,2018-10-24,Wednesday,01:51,Tower Hamlets,E09000030,3,1205,1,30.0,1,4,4,118,,,4,1,1,0,2,1,1,E01004234,3,1,24/10/2018,24/10/2018,1,9,0,18,,4,2,11,0,0,,,6,Male,26,26 - 35,1242,1,5,-1,-1,,1,1,1,1,26,6,3,0,0,0,0,0,9,-1,-1,2018.0,010140951,E09000030,0.0,1.0,2.0,2018.0,010140951,5.0,5.0,0.0,1.0,1.0,-1,2018.0,010140951,2018,10,2,1
360153,2018010141046,528150.0,173990.0,-0.157146,51.450403,1,Slight,2,1,2018-10-23,Tuesday,18:20,Wandsworth,E09000032,4,237,6,30.0,99,4,6,0,,,1,1,1,0,0,1,2,E01004550,3,1,23/10/2018,23/10/2018,1,3,0,99,,9,9,99,9,99,,,6,Male,34,26 - 35,123,1,11,10,1,,1,1,1,1,34,6,3,0,0,0,0,0,3,1,10,2018.0,010141046,E09000032,0.0,1.0,2.0,2018.0,010141046,9.0,9.0,99.0,1.0,1.0,-1,2018.0,010141046,2018,10,1,18
360157,2018010141053,513850.0,174710.0,-0.362616,51.459926,1,Slight,2,2,2018-10-23,Tuesday,18:30,Hounslow,E09000018,6,0,6,30.0,3,4,4,361,,,4,1,1,0,0,1,1,E01002657,3,1,23/10/2018,23/10/2018,1,9,0,18,,1,0,0,0,0,,,1,Male,18,16 - 20,998,1,16,5,1,,1,1,1,1,18,4,3,0,0,0,0,0,9,1,5,2018.0,010141053,E09000018,0.0,1.0,2.0,2018.0,010141053,3.0,7.0,0.0,4.0,1.0,-1,2018.0,010141053,2018,10,2,18
360164,2018010141075,535150.0,179610.0,-0.054321,51.49928,1,Slight,2,1,2018-10-14,Sunday,19:30,Southwark,E09000028,3,101,1,20.0,1,3,3,200,,,4,1,1,0,0,1,2,E01004033,3,1,14/10/2018,14/10/2018,1,9,0,99,,9,9,99,9,99,,,2,Male,24,21 - 25,1896,2,10,2,1,,1,1,1,1,24,5,3,0,0,0,0,0,9,1,2,2018.0,010141075,E09000028,0.0,9.0,2.0,2018.0,010141075,9.0,9.0,99.0,2.0,9.0,-1,2018.0,010141075,2018,10,1,19
360171,2018010141103,528310.0,189680.0,-0.149137,51.591371,1,Slight,1,1,2018-10-24,Wednesday,18:30,Haringey,E09000014,5,0,9,20.0,6,2,3,504,,,7,1,1,0,0,1,2,E01001991,3,1,24/10/2018,24/10/2018,1,3,0,99,,9,9,99,9,99,,,6,Male,35,26 - 35,124,1,9,6,1,,1,1,1,1,35,6,3,0,0,0,0,0,3,1,6,2018.0,010141103,E09000014,0.0,9.0,2.0,2018.0,010141103,9.0,9.0,99.0,9.0,1.0,-1,2018.0,010141103,2018,10,1,18
360178,2018010141117,526930.0,170630.0,-0.175898,51.42048,1,Slight,2,1,2018-10-24,Wednesday,18:40,Merton,E09000024,3,24,6,30.0,3,4,6,0,,,4,1,1,0,0,1,1,E01003370,3,1,24/10/2018,24/10/2018,1,9,0,9,,5,0,0,7,10,,,2,Male,17,16 - 20,1999,2,0,7,1,,2,1,1,1,30,6,3,0,0,0,0,0,1,1,8,2018.0,010141117,E09000024,0.0,0.0,2.0,2018.0,010141117,3.0,4.0,0.0,4.0,1.0,-1,2018.0,010141117,2018,10,1,18
360184,2018010141127,509730.0,181540.0,-0.419774,51.522129,1,Slight,2,1,2018-10-24,Wednesday,19:43,Hillingdon,E09000017,3,4020,2,40.0,0,-1,-1,-1,,,4,1,1,0,0,1,2,E01002508,3,1,24/10/2018,24/10/2018,1,9,0,99,,0,9,99,9,99,,,2,Male,33,26 - 35,1596,1,13,1,1,,1,1,1,1,33,6,3,0,0,0,0,0,9,1,1,2018.0,010141127,E09000017,9.0,5.0,2.0,2018.0,010141127,9.0,9.0,99.0,2.0,9.0,-1,2018.0,010141127,2018,10,1,19
360189,2018010141135,524660.0,170750.0,-0.208485,51.422061,1,Slight,1,1,2018-10-24,Wednesday,18:11,Merton,E09000024,3,219,6,30.0,7,2,3,219,,,4,1,1,0,0,1,1,E01003401,3,1,24/10/2018,24/10/2018,1,9,0,5,,5,0,7,0,0,,,6,Female,20,16 - 20,1242,1,4,3,1,,1,1,1,2,20,4,3,0,0,0,0,0,9,1,3,2018.0,010141135,E09000024,0.0,5.0,2.0,2018.0,010141135,4.0,2.0,0.0,1.0,1.0,-1,2018.0,010141135,2018,10,1,18
360191,2018010141139,542640.0,174670.0,0.051519,51.453051,1,Slight,1,1,2018-10-24,Wednesday,18:35,Greenwich,E09000011,3,208,6,30.0,0,-1,-1,-1,,,4,1,1,0,0,1,1,E01001621,3,1,24/10/2018,24/10/2018,1,9,0,18,,0,0,10,0,0,,,6,Male,21,21 - 25,998,1,5,2,1,,1,1,3,1,20,4,3,9,5,0,0,2,0,1,3,2018.0,010141139,E09000011,0.0,0.0,2.0,2018.0,010141139,1.0,5.0,0.0,1.0,1.0,-1,2018.0,010141139,2018,10,1,18
360195,2018010141153,534050.0,183110.0,-0.068828,51.530995,1,Slight,2,1,2018-10-24,Wednesday,19:54,Tower Hamlets,E09000030,3,1208,6,20.0,3,9,6,0,,,7,1,1,0,0,1,2,E01004318,3,1,24/10/2018,24/10/2018,1,4,0,99,,9,9,99,9,99,,,6,Male,25,21 - 25,-1,-1,-1,3,1,,1,1,1,1,25,5,3,0,0,0,0,0,4,1,3,2018.0,010141153,E09000030,0.0,1.0,2.0,2018.0,010141153,9.0,9.0,99.0,1.0,1.0,-1,2018.0,010141153,2018,10,1,19
360196,2018010141156,537770.0,189320.0,-0.012801,51.585903,1,Serious,3,3,2018-10-24,Wednesday,23:35,Waltham Forest,E09000031,6,0,6,30.0,7,3,6,0,,,4,1,1,0,0,1,1,E01004409,2,2,24/10/2018,24/10/2018,1,9,0,18,,8,0,0,0,0,,,6,Male,23,21 - 25,1598,1,10,-1,-1,,3,1,1,2,28,6,3,0,0,0,0,0,19,-1,-1,2018.0,010141156,E09000031,0.0,0.0,2.0,2018.0,010141156,1.0,5.0,0.0,1.0,1.0,-1,2018.0,010141156,2018,10,6,23
360199,2018010141161,551230.0,190400.0,0.1818,51.592159,1,Slight,2,1,2018-10-25,Thursday,00:01,Havering,E09000016,3,12,3,50.0,6,2,5,0,,,4,1,1,0,0,1,1,E01002334,3,1,25/10/2018,25/10/2018,1,9,0,18,,8,5,0,4,0,,,6,Male,32,26 - 35,999,1,6,2,1,,1,1,1,1,32,6,3,0,0,0,0,0,9,1,2,2018.0,010141161,E09000016,0.0,8.0,2.0,2018.0,010141161,2.0,6.0,0.0,3.0,1.0,-1,2018.0,010141161,2018,10,1,0
360202,2018010141172,531140.0,164780.0,-0.117544,51.36695,1,Slight,1,1,2018-10-25,Thursday,05:56,Croydon,E09000008,3,232,6,30.0,0,-1,-1,-1,,,4,8,1,0,0,1,2,E01001167,3,1,25/10/2018,25/10/2018,1,9,0,3,,0,0,0,0,0,,,6,Male,28,26 - 35,1598,2,8,6,1,,1,1,1,1,28,6,3,0,0,0,0,0,9,1,6,2018.0,010141172,E09000008,9.0,5.0,2.0,2018.0,010141172,3.0,7.0,0.0,2.0,9.0,-1,2018.0,010141172,2018,10,1,5
360203,2018010141173,517180.0,185020.0,-0.311282,51.551911,1,Slight,1,1,2018-10-25,Thursday,05:19,Brent,E09000005,3,404,6,30.0,3,4,3,404,,,4,1,1,0,0,1,1,E01000612,3,1,25/10/2018,25/10/2018,1,9,0,18,,2,5,0,0,0,,,6,Male,33,26 - 35,1386,1,15,3,1,,1,1,1,1,33,6,3,0,0,0,0,0,9,1,3,2018.0,010141173,E09000005,0.0,0.0,2.0,2018.0,010141173,3.0,7.0,0.0,1.0,1.0,-1,2018.0,010141173,2018,10,1,5
360224,2018010141247,544540.0,189670.0,0.084992,51.587353,1,Slight,1,1,2018-10-24,Wednesday,19:40,Redbridge,E09000026,5,0,6,30.0,0,-1,-1,-1,,,4,1,1,0,0,1,1,E01003638,3,1,24/10/2018,24/10/2018,1,9,0,18,,0,0,0,0,0,,,6,Male,32,26 - 35,-1,-1,-1,6,1,,1,1,3,1,9,2,3,5,2,0,0,2,0,1,9,2018.0,010141247,E09000026,0.0,0.0,2.0,2018.0,010141247,7.0,3.0,0.0,1.0,1.0,-1,2018.0,010141247,2018,10,1,19
360233,2018010141273,533670.0,182290.0,-0.074614,51.523716,1,Slight,2,1,2018-08-31,Friday,02:00,Tower Hamlets,E09000030,3,1209,6,30.0,3,9,4,135,,,1,1,1,0,9,1,2,E01004317,3,1,31/08/2018,31/08/2018,1,9,0,99,,9,9,99,9,99,,,6,Male,32,26 - 35,2143,2,7,4,1,,1,1,1,1,32,6,3,0,0,0,0,0,9,1,4,2018.0,010141273,E09000030,9.0,9.0,2.0,2018.0,010141273,9.0,9.0,99.0,9.0,9.0,-1,2018.0,010141273,2018,8,1,2
360242,2018010141298,533260.0,168490.0,-0.085718,51.399797,1,Slight,2,1,2018-10-24,Wednesday,19:00,Croydon,E09000008,4,266,9,20.0,3,2,5,0,,,4,1,1,0,0,1,2,E01001139,3,1,24/10/2018,24/10/2018,1,3,0,99,,9,9,99,9,99,,,6,Female,18,16 - 20,124,1,2,2,1,,1,1,1,2,18,4,3,0,0,0,0,0,3,1,2,2018.0,010141298,E09000008,0.0,5.0,2.0,2018.0,010141298,9.0,9.0,99.0,9.0,1.0,-1,2018.0,010141298,2018,10,1,19
360248,2018010141307,534230.0,181590.0,-0.066814,51.517293,1,Slight,2,1,2018-10-25,Thursday,18:35,Tower Hamlets,E09000030,3,11,3,30.0,3,4,3,11,,,4,1,1,0,0,1,1,E01004309,3,1,25/10/2018,25/10/2018,1,9,0,7,,2,0,0,0,0,,,1,Male,30,26 - 35,-1,-1,-1,3,1,,2,1,1,1,25,5,3,0,0,0,0,0,1,1,2,2018.0,010141307,E09000030,0.0,0.0,2.0,2018.0,010141307,7.0,3.0,0.0,0.0,1.0,-1,2018.0,010141307,2018,10,1,18
360257,2018010141320,536790.0,187790.0,-0.027533,51.572393,1,Serious,2,1,2018-10-25,Thursday,19:00,Waltham Forest,E09000031,3,1006,6,30.0,3,4,5,0,,,4,1,1,0,0,1,1,E01004421,2,2,25/10/2018,25/10/2018,1,9,0,9,,5,0,0,0,0,,,6,Male,17,16 - 20,-1,-1,-1,-1,-1,,2,1,1,1,50,8,2,0,0,0,0,0,1,1,2,2018.0,010141320,E09000031,0.0,0.0,2.0,2018.0,010141320,1.0,2.0,0.0,3.0,1.0,-1,2018.0,010141320,2018,10,2,19
360262,2018010141330,516600.0,171320.0,-0.324166,51.428898,1,Serious,2,1,2018-10-25,Thursday,20:15,Richmond upon Thames,E09000027,3,310,6,30.0,6,2,3,310,,,4,1,1,0,0,1,1,E01003891,2,2,25/10/2018,25/10/2018,1,9,0,9,,8,0,0,0,0,,,6,Female,32,26 - 35,1968,2,3,10,1,,2,1,1,1,39,7,2,0,0,0,0,0,1,-1,-1,2018.0,010141330,E09000027,0.0,5.0,2.0,2018.0,010141330,5.0,6.0,0.0,1.0,1.0,-1,2018.0,010141330,2018,10,2,20
360267,2018010141344,533790.0,189900.0,-0.069994,51.592073,1,Serious,1,1,2018-10-24,Wednesday,20:10,Haringey,E09000014,6,0,6,30.0,7,9,6,0,,,7,1,9,0,0,1,2,E01001979,2,2,24/10/2018,24/10/2018,1,9,0,99,,9,9,99,9,99,,,6,Male,23,21 - 25,2000,2,8,2,1,,1,1,3,1,53,8,2,10,9,0,0,2,0,-1,-1,2018.0,010141344,E09000014,0.0,5.0,2.0,2018.0,010141344,9.0,9.0,99.0,9.0,9.0,-1,2018.0,010141344,2018,10,2,20
360268,2018010141345,520380.0,190130.0,-0.2634,51.597163,1,Slight,1,1,2018-10-25,Thursday,19:53,Barnet,E09000003,3,5,3,30.0,6,3,3,5,,,4,1,1,0,0,1,1,E01000129,3,1,25/10/2018,25/10/2018,1,9,0,18,,1,0,0,0,0,,,6,Male,30,26 - 35,1796,1,4,5,1,,1,1,3,2,31,6,3,1,3,0,0,2,0,1,3,2018.0,010141345,E09000003,0.0,1.0,2.0,2018.0,010141345,1.0,5.0,0.0,1.0,1.0,-1,2018.0,010141345,2018,10,1,19
360269,2018010141348,518630.0,182970.0,-0.291069,51.533184,1,Slight,2,1,2018-10-25,Thursday,23:00,Ealing,E09000009,3,406,3,40.0,0,-1,-1,-1,,,4,1,1,0,0,1,1,E01001277,3,1,25/10/2018,25/10/2018,1,2,0,18,,0,0,0,0,0,,,6,Male,22,21 - 25,50,1,1,4,1,,1,1,1,1,22,5,3,0,0,0,0,0,2,1,4,2018.0,010141348,E09000009,0.0,0.0,2.0,2018.0,010141348,5.0,1.0,0.0,3.0,1.0,-1,2018.0,010141348,2018,10,1,23
360272,2018010141353,539380.0,172820.0,0.003904,51.437238,1,Slight,2,3,2018-10-26,Friday,01:00,Lewisham,E09000023,5,0,6,30.0,6,4,6,0,,,4,1,1,0,0,1,1,E01003222,3,1,26/10/2018,26/10/2018,1,9,0,3,,1,0,0,0,0,,,6,Male,29,26 - 35,2996,2,9,1,1,,1,1,1,1,29,6,3,0,0,0,0,0,9,1,1,2018.0,010141353,E09000023,0.0,0.0,2.0,2018.0,010141353,0.0,0.0,0.0,2.0,1.0,-1,2018.0,010141353,2018,10,3,1