,accident_index,location_easting_osgr,location_northing_osgr,longitude,latitude,police_force,accident_severity,number_of_vehicles,number_of_casualties,date,day_of_week,time,local_authority_district,local_authority_highway,first_road_class,first_road_number,road_type,speed_limit,junction_detail,junction_control,second_road_class,second_road_number,pedestrian_crossing-human_control,pedestrian_crossing-physical_facilities,light_conditions,weather_conditions,road_surface_conditions,special_conditions_at_site,carriageway_hazards,urban_or_rural_area,did_police_officer_attend_scene_of_accident,lsoa_of_accident_location,accident_severity_num,accident_severity_inv,date2,date_original,vehicle_reference_x,vehicle_type,towing_and_articulation,vehicle_manoeuvre,vehicle_location-restricted_lane,junction_location,skidding_and_overturning,hit_object_in_carriageway,vehicle_leaving_carriageway,hit_object_off_carriageway,1st_point_of_impact,was_vehicle_left_hand_drive?,journey_purpose_of_driver,sex_of_driver,age_of_driver,age_band_of_driver,engine_capacity_cc,propulsion_code,age_of_vehicle,driver_imd_decile,driver_home_area_type,vehicle_imd_decile,vehicle_reference_y,casualty_reference,casualty_class,sex_of_casualty,age_of_casualty,age_band_of_casualty,casualty_severity,pedestrian_location,pedestrian_movement,car_passenger,bus_or_coach_passenger,pedestrian_road_maintenance_worker,casualty_type,casualty_home_area_type,casualty_imd_decile,accident_year_x,accident_reference_x,local_authority_ons_district,pedestrian_crossing_human_control,pedestrian_crossing_physical_facilities,trunk_road_flag,accident_year_y,accident_reference_y,vehicle_direction_from,vehicle_direction_to,vehicle_location_restricted_lane,first_point_of_impact,vehicle_left_hand_drive,generic_make_model,accident_year,accident_reference,year,month,severity,hours
360275,2018010141363,534480.0,180700.0,-0.063552,51.509235,1,Slight,2,2,2018-10-26,Friday,05:32,Tower Hamlets,E09000030,3,1203,6,30.0,0,-1,-1,-1,,,4,1,1,0,0,1,1,E01004294,3,1,26/10/2018,26/10/2018,1,9,0,18,,0,0,0,0,0,,,6,Male,26,26 - 35,2143,2,0,3,1,,1,1,1,1,26,6,3,0,0,0,0,0,9,1,3,2018.0,010141363,E09000030,0.0,0.0,2.0,2018.0,010141363,7.0,3.0,0.0,1.0,1.0,-1,2018.0,010141363,2018,10,2,5
360287,2018010141409,534310.0,181630.0,-0.065646,51.517633,1,Slight,2,2,2018-10-14,Sunday,20:30,Tower Hamlets,E09000030,3,11,9,30.0,99,9,6,0,,,7,9,9,9,9,1,2,E01004325,3,1,14/10/2018,14/10/2018,1,9,9,18,,9,9,99,9,99,,,6,Female,27,26 - 35,-1,-1,-1,8,1,,1,1,1,2,27,6,3,0,0,0,0,0,9,1,8,2018.0,010141409,E09000030,9.0,9.0,2.0,2018.0,010141409,9.0,9.0,99.0,2.0,9.0,-1,2018.0,010141409,2018,10,2,20
360306,2018010141452,524630.0,194270.0,-0.200601,51.633446,1,Slight,2,1,2018-10-25,Thursday,21:32,Barnet,E09000003,3,5109,6,30.0,3,4,5,0,,,4,1,1,0,0,1,1,E01000279,3,1,25/10/2018,25/10/2018,1,9,0,18,,1,0,0,0,0,,,1,Male,25,21 - 25,1560,2,4,5,1,,2,1,2,1,23,5,3,0,0,1,0,0,9,1,6,2018.0,010141452,E09000003,0.0,0.0,2.0,2018.0,010141452,7.0,3.0,0.0,0.0,1.0,-1,2018.0,010141452,2018,10,1,21
360324,2018010141498,531710.0,168000.0,-0.108168,51.395756,1,Serious,2,1,2018-10-26,Friday,18:10,Croydon,E09000008,4,266,6,30.0,3,4,6,0,,,4,1,1,0,0,1,1,E01001002,2,2,26/10/2018,26/10/2018,1,9,0,10,,8,0,0,0,0,,,6,Male,28,26 - 35,1596,1,13,3,1,,2,1,1,1,34,6,2,0,0,0,0,0,4,1,3,2018.0,010141498,E09000008,0.0,1.0,2.0,2018.0,010141498,1.0,3.0,0.0,4.0,1.0,-1,2018.0,010141498,2018,10,2,18
360325,2018010141499,535920.0,181140.0,-0.042645,51.512845,1,Slight,2,1,2018-10-26,Friday,18:00,Tower Hamlets,E09000030,3,13,6,30.0,9,4,6,0,,,4,1,1,0,0,1,1,E01032769,3,1,26/10/2018,26/10/2018,1,5,0,18,,6,0,0,0,0,,,2,Male,30,26 - 35,1255,1,8,8,1,,1,1,1,1,30,6,3,0,0,0,0,0,5,1,8,2018.0,010141499,E09000030,0.0,0.0,2.0,2018.0,010141499,7.0,3.0,0.0,4.0,1.0,-1,2018.0,010141499,2018,10,1,18
360333,2018010141513,529130.0,170890.0,-0.14418,51.42232,1,Slight,2,1,2018-10-26,Friday,19:10,Wandsworth,E09000032,3,216,6,30.0,3,4,6,0,,,4,1,1,0,0,1,1,E01004522,3,1,26/10/2018,26/10/2018,1,3,0,7,,1,0,0,0,0,,,1,Male,31,26 - 35,108,1,2,3,1,,1,1,1,1,31,6,3,0,0,0,0,0,3,1,3,2018.0,010141513,E09000032,0.0,0.0,2.0,2018.0,010141513,6.0,2.0,0.0,1.0,1.0,-1,2018.0,010141513,2018,10,1,19
360335,2018010141516,529250.0,175930.0,-0.140617,51.467587,1,Serious,1,1,2018-10-26,Friday,18:30,Lambeth,E09000022,5,0,6,30.0,3,4,6,0,,,5,1,1,0,0,1,1,E01003036,2,2,26/10/2018,26/10/2018,1,3,0,17,,1,0,0,1,2,,,6,Male,16,16 - 20,120,1,3,-1,-1,,1,1,1,1,16,4,2,0,0,0,0,0,3,-1,-1,2018.0,010141516,E09000022,0.0,0.0,2.0,2018.0,010141516,5.0,1.0,0.0,1.0,1.0,-1,2018.0,010141516,2018,10,2,18
360336,2018010141517,520510.0,181810.0,-0.264374,51.522361,1,Slight,2,3,2018-10-26,Friday,20:15,Ealing,E09000009,3,40,3,40.0,0,-1,-1,-1,,,4,1,1,0,0,1,1,E01001247,3,1,26/10/2018,26/10/2018,1,9,0,18,,0,0,10,0,0,,,2,Male,25,21 - 25,1984,1,1,6,1,,2,1,2,1,19,4,3,0,0,2,0,0,8,1,4,2018.0,010141517,E09000009,0.0,0.0,2.0,2018.0,010141517,7.0,7.0,0.0,3.0,1.0,-1,2018.0,010141517,2018,10,3,20
360342,2018010141526,537940.0,194570.0,-0.008286,51.633037,1,Serious,1,2,2018-10-26,Friday,18:55,Waltham Forest,E09000031,6,0,3,30.0,9,4,6,0,,,4,1,1,0,0,1,1,E01004357,2,2,26/10/2018,26/10/2018,1,4,0,18,,1,1,0,0,0,,,6,Male,30,26 - 35,-1,-1,-1,3,1,,1,1,1,1,30,6,2,0,0,0,0,0,4,1,3,2018.0,010141526,E09000031,0.0,0.0,2.0,2018.0,010141526,7.0,3.0,0.0,3.0,1.0,-1,2018.0,010141526,2018,10,4,18
360343,2018010141528,531720.0,184590.0,-0.101846,51.544843,1,Slight,1,1,2018-10-26,Friday,20:10,Islington,E09000019,3,1200,6,20.0,3,4,6,0,,,4,1,1,4,0,1,1,E01002791,3,1,26/10/2018,26/10/2018,1,3,0,18,,1,0,0,0,0,,,6,Male,20,16 - 20,125,1,5,4,1,,1,1,3,2,8,2,3,6,9,0,0,2,0,1,5,2018.0,010141528,E09000019,0.0,0.0,2.0,2018.0,010141528,4.0,8.0,9.0,1.0,1.0,-1,2018.0,010141528,2018,10,1,20
360344,2018010141529,531250.0,182660.0,-0.109339,51.527608,1,Slight,1,1,2018-10-26,Friday,19:50,Islington,E09000019,5,0,6,20.0,3,4,6,0,,,4,1,1,0,0,1,1,E01002726,3,1,26/10/2018,26/10/2018,1,9,0,18,,2,0,0,0,0,,,6,Male,35,26 - 35,1997,2,6,6,1,,1,1,3,2,17,4,3,1,3,0,0,2,0,1,3,2018.0,010141529,E09000019,0.0,1.0,2.0,2018.0,010141529,5.0,1.0,0.0,1.0,1.0,-1,2018.0,010141529,2018,10,1,19
360345,2018010141534,516750.0,185550.0,-0.317306,51.556763,1,Serious,2,1,2018-10-26,Friday,20:43,Brent,E09000005,3,404,6,30.0,0,-1,-1,-1,,,4,1,1,0,0,1,1,E01000608,2,2,26/10/2018,26/10/2018,1,3,0,18,,0,0,0,0,0,,,6,Male,34,26 - 35,125,1,1,5,1,,1,1,1,1,34,6,2,0,0,0,0,0,3,1,5,2018.0,010141534,E09000005,0.0,4.0,2.0,2018.0,010141534,1.0,5.0,0.0,1.0,1.0,-1,2018.0,010141534,2018,10,2,20
360355,2018010141558,534690.0,167380.0,-0.065594,51.389485,1,Slight,1,1,2018-10-26,Friday,22:12,Croydon,E09000008,3,215,6,30.0,3,4,4,243,,,7,1,1,0,0,1,1,E01001186,3,1,26/10/2018,26/10/2018,1,9,0,18,,8,0,0,0,0,,,6,Male,17,16 - 20,1242,1,11,2,1,,1,1,3,1,40,7,3,5,3,0,0,2,0,1,4,2018.0,010141558,E09000008,0.0,0.0,2.0,2018.0,010141558,1.0,5.0,0.0,1.0,1.0,-1,2018.0,010141558,2018,10,1,22
360358,2018010141567,540690.0,184760.0,0.027494,51.544207,1,Slight,2,1,2018-10-26,Friday,21:17,Newham,E09000025,6,0,2,20.0,0,-1,-1,-1,,,4,1,1,0,0,1,1,E01003570,3,1,26/10/2018,26/10/2018,1,9,0,5,,0,0,0,0,0,,,6,Male,25,21 - 25,1582,2,2,1,1,,1,1,1,1,25,5,3,0,0,0,0,0,9,1,1,2018.0,010141567,E09000025,0.0,0.0,2.0,2018.0,010141567,1.0,3.0,0.0,4.0,1.0,-1,2018.0,010141567,2018,10,1,21
360359,2018010141568,545880.0,182790.0,0.101469,51.525189,1,Slight,2,2,2018-10-26,Friday,22:40,Barking and Dagenham,E09000002,5,0,6,20.0,3,4,6,0,,,7,1,1,0,0,1,2,E01000092,3,1,26/10/2018,26/10/2018,1,9,0,99,,9,9,99,9,99,,,6,Male,32,26 - 35,999,1,1,3,1,,1,1,1,1,32,6,3,0,0,0,0,0,9,1,3,2018.0,010141568,E09000002,0.0,0.0,2.0,2018.0,010141568,9.0,9.0,99.0,2.0,9.0,-1,2018.0,010141568,2018,10,2,22
360360,2018010141569,519090.0,178150.0,-0.286067,51.489767,1,Slight,5,2,2018-10-26,Friday,23:45,Hounslow,E09000018,3,205,2,30.0,0,-1,-1,-1,,,1,1,1,0,0,1,1,E01002580,3,1,26/10/2018,26/10/2018,1,9,0,18,,0,0,4,0,0,,,6,Male,23,21 - 25,1968,2,7,10,1,,1,1,1,1,23,5,3,0,0,0,0,0,9,1,10,2018.0,010141569,E09000018,0.0,0.0,2.0,2018.0,010141569,1.0,5.0,0.0,1.0,1.0,-1,2018.0,010141569,2018,10,2,23
360364,2018010141581,537480.0,190910.0,-0.016363,51.600261,1,Slight,2,1,2018-10-26,Friday,23:20,Waltham Forest,E09000031,3,112,1,30.0,1,2,4,179,,,4,1,1,0,0,1,1,E01004344,3,1,26/10/2018,26/10/2018,1,9,0,17,,4,0,0,0,0,,,6,Female,29,26 - 35,1390,1,8,4,1,,1,1,1,2,29,6,3,0,0,0,0,0,9,1,4,2018.0,010141581,E09000031,0.0,5.0,2.0,2018.0,010141581,5.0,1.0,0.0,2.0,1.0,-1,2018.0,010141581,2018,10,1,23
360407,2018010141701,531070.0,174900.0,-0.114811,51.457913,1,Slight,2,1,2018-10-27,Saturday,18:30,Lambeth,E09000022,3,204,6,20.0,3,4,6,0,,,4,4,1,0,0,1,1,E01003176,3,1,27/10/2018,27/10/2018,1,9,0,3,,1,0,0,0,0,,,6,Male,21,21 - 25,1968,2,8,2,1,,2,1,1,1,24,5,3,0,0,0,0,0,5,1,2,2018.0,010141701,E09000022,2.0,4.0,2.0,2018.0,010141701,5.0,1.0,0.0,2.0,1.0,-1,2018.0,010141701,2018,10,1,18
360411,2018010141711,535690.0,163130.0,-0.052852,51.351054,1,Slight,2,1,2018-10-27,Saturday,19:00,Croydon,E09000008,6,0,9,20.0,0,-1,-1,-1,,,7,1,1,0,0,1,2,E01001066,3,1,27/10/2018,27/10/2018,1,9,0,99,,0,9,99,9,99,,,6,Male,25,21 - 25,2979,1,1,9,1,,1,1,1,1,25,5,3,0,0,0,0,0,9,1,9,2018.0,010141711,E09000008,0.0,9.0,2.0,2018.0,010141711,9.0,9.0,99.0,3.0,9.0,-1,2018.0,010141711,2018,10,1,19
360413,2018010141718,534860.0,184000.0,-0.056817,51.538799,1,Slight,2,1,2018-10-27,Saturday,20:14,Hackney,E09000012,3,107,6,20.0,3,4,6,0,,,4,1,1,0,0,1,1,E01001839,3,1,27/10/2018,27/10/2018,1,9,0,9,,1,0,0,0,0,,,6,Female,22,21 - 25,1242,1,3,10,1,,2,1,1,1,39,7,3,0,0,0,0,0,3,1,2,2018.0,010141718,E09000012,0.0,0.0,2.0,2018.0,010141718,5.0,1.0,0.0,1.0,1.0,-1,2018.0,010141718,2018,10,1,20
360414,2018010141719,533200.0,166320.0,-0.087393,51.380311,1,Slight,2,1,2018-10-27,Saturday,21:18,Croydon,E09000008,3,222,3,30.0,3,4,6,0,,,4,1,1,0,0,1,1,E01000976,3,1,27/10/2018,27/10/2018,1,9,0,18,,6,0,0,0,0,,,6,Male,20,16 - 20,1248,2,10,4,1,,1,1,1,1,20,4,3,0,0,0,0,0,9,1,4,2018.0,010141719,E09000008,0.0,1.0,2.0,2018.0,010141719,1.0,5.0,0.0,4.0,1.0,-1,2018.0,010141719,2018,10,1,21
360418,2018010141727,528750.0,175820.0,-0.147851,51.466713,1,Slight,3,5,2018-10-27,Saturday,20:35,Lambeth,E09000022,3,3036,6,30.0,3,4,6,0,,,4,2,2,0,0,1,1,E01003037,3,1,27/10/2018,27/10/2018,1,9,0,3,,1,0,0,0,0,,,6,Female,30,26 - 35,1991,1,0,4,1,,1,1,1,2,30,6,3,0,0,0,0,0,9,1,4,2018.0,010141727,E09000022,0.0,0.0,2.0,2018.0,010141727,5.0,1.0,0.0,2.0,1.0,-1,2018.0,010141727,2018,10,5,20
360419,2018010141731,522650.0,179530.0,-0.234337,51.501409,1,Slight,1,1,2018-10-27,Saturday,18:15,Hammersmith and Fulham,E09000013,6,0,6,20.0,0,-1,-1,-1,,,4,2,2,0,0,1,2,E01001858,3,1,27/10/2018,27/10/2018,1,8,0,18,,0,9,99,9,99,,,6,Male,34,26 - 35,2993,2,5,9,1,,1,1,1,1,34,6,3,0,0,0,0,0,8,1,9,2018.0,010141731,E09000013,9.0,9.0,2.0,2018.0,010141731,9.0,9.0,99.0,2.0,9.0,-1,2018.0,010141731,2018,10,1,18
360428,2018010141755,527660.0,175510.0,-0.163647,51.464173,1,Serious,2,1,2018-10-28,Sunday,00:05,Wandsworth,E09000032,3,3036,3,30.0,3,4,6,0,,,4,1,2,0,0,1,1,E01004588,2,2,28/10/2018,28/10/2018,1,9,0,9,,1,0,0,0,0,,,6,Male,29,26 - 35,1364,1,10,4,1,,2,1,1,1,20,4,2,0,0,0,0,0,1,1,5,2018.0,010141755,E09000032,0.0,0.0,2.0,2018.0,010141755,7.0,5.0,0.0,4.0,1.0,-1,2018.0,010141755,2018,10,2,0
360430,2018010141762,531900.0,172280.0,-0.103847,51.434175,1,Slight,2,3,2018-10-28,Sunday,22:25,Lambeth,E09000022,3,215,3,30.0,3,4,6,0,,,4,1,1,0,0,1,1,E01003079,3,1,28/10/2018,28/10/2018,1,9,0,9,,6,0,0,0,0,,,6,Female,28,26 - 35,1598,1,9,2,1,,1,1,1,2,28,6,3,0,0,0,0,0,9,1,2,2018.0,010141762,E09000022,0.0,0.0,2.0,2018.0,010141762,1.0,7.0,0.0,1.0,1.0,-1,2018.0,010141762,2018,10,3,22
360434,2018010141772,532200.0,182860.0,-0.095577,51.529184,1,Slight,2,3,2018-10-28,Sunday,03:12,Islington,E09000019,3,501,6,30.0,3,4,6,0,,,4,1,1,0,0,1,1,E01002702,3,1,28/10/2018,28/10/2018,1,9,0,18,,8,0,0,0,0,,,1,Male,32,26 - 35,1797,8,7,4,1,,1,1,1,1,32,6,3,0,0,0,0,0,9,1,4,2018.0,010141772,E09000019,0.0,0.0,2.0,2018.0,010141772,8.0,4.0,0.0,2.0,1.0,-1,2018.0,010141772,2018,10,3,3
360435,2018010141774,533470.0,183720.0,-0.076954,51.536614,1,Slight,2,3,2018-10-28,Sunday,03:22,Hackney,E09000012,3,10,6,20.0,3,2,6,0,,,4,2,1,0,2,1,1,E01001754,3,1,28/10/2018,28/10/2018,1,9,0,18,,2,0,0,0,0,,,6,Male,23,21 - 25,1560,2,3,8,1,,2,1,1,2,53,8,3,0,0,0,0,0,9,1,6,2018.0,010141774,E09000012,2.0,5.0,2.0,2018.0,010141774,1.0,5.0,0.0,1.0,1.0,-1,2018.0,010141774,2018,10,3,3
360440,2018010141799,529110.0,180990.0,-0.140782,51.513093,1,Slight,2,2,2018-10-28,Sunday,00:59,Westminster,E09000033,3,4201,6,20.0,6,2,4,406,,,4,1,1,0,0,1,2,E01033595,3,1,28/10/2018,28/10/2018,1,3,0,18,,2,0,0,0,0,,,1,Male,31,26 - 35,125,1,3,2,1,,1,1,3,2,24,5,3,5,1,0,0,2,0,1,2,2018.0,010141799,E09000033,9.0,9.0,2.0,2018.0,010141799,5.0,1.0,0.0,4.0,1.0,-1,2018.0,010141799,2018,10,2,0
360476,2018010141887,518270.0,169340.0,-0.300815,51.410757,1,Slight,1,2,2018-10-28,Sunday,21:28,Kingston upon Thames,E09000021,3,307,2,30.0,3,2,3,308,,,4,1,1,0,0,1,1,E01002968,3,1,28/10/2018,28/10/2018,1,9,0,18,,1,0,0,0,0,,,6,Male,21,21 - 25,1117,1,31,9,1,,1,1,3,2,30,6,3,8,3,0,0,2,0,1,8,2018.0,010141887,E09000021,0.0,5.0,2.0,2018.0,010141887,5.0,1.0,0.0,1.0,1.0,-1,2018.0,010141887,2018,10,2,21
360477,2018010141892,532520.0,178980.0,-0.092424,51.494241,1,Slight,2,2,2018-10-28,Sunday,20:35,Southwark,E09000028,3,201,6,30.0,3,9,3,201,,,4,1,1,3,0,1,2,E01032720,3,1,28/10/2018,28/10/2018,1,9,0,99,,9,9,99,9,99,,,6,Female,24,21 - 25,1149,1,0,1,1,,1,1,1,2,24,5,3,0,0,0,0,0,9,1,1,2018.0,010141892,E09000028,0.0,0.0,2.0,2018.0,010141892,9.0,9.0,99.0,9.0,9.0,-1,2018.0,010141892,2018,10,2,20
360478,2018010141894,551570.0,188810.0,0.186018,51.577782,1,Slight,1,1,2018-10-28,Sunday,03:41,Havering,E09000016,5,0,3,30.0,1,2,5,0,,,4,1,2,0,0,1,1,E01032741,3,1,28/10/2018,28/10/2018,1,9,0,15,,1,2,0,0,0,,,6,Male,31,26 - 35,-1,-1,-1,-1,-1,,1,1,1,1,31,6,3,0,0,0,0,0,9,-1,-1,2018.0,010141894,E09000016,0.0,5.0,2.0,2018.0,010141894,7.0,3.0,0.0,4.0,1.0,-1,2018.0,010141894,2018,10,1,3
360484,2018010141910,536180.0,182340.0,-0.038437,51.523566,1,Slight,1,1,2018-10-29,Monday,04:00,Tower Hamlets,E09000030,3,11,6,30.0,0,-1,-1,-1,,,4,8,1,0,0,1,1,E01004261,3,1,29/10/2018,29/10/2018,1,9,0,18,,0,1,10,7,10,,,6,Male,25,21 - 25,2143,2,4,5,1,,1,1,1,1,25,5,3,0,0,0,0,0,9,1,5,2018.0,010141910,E09000030,0.0,4.0,2.0,2018.0,010141910,3.0,7.0,4.0,1.0,1.0,-1,2018.0,010141910,2018,10,1,4
360487,2018010141916,530710.0,181030.0,-0.117723,51.513085,1,Slight,2,1,2018-10-29,Monday,02:30,Westminster,E09000033,3,4,2,30.0,3,2,3,4200,,,4,1,1,0,2,1,1,E01004735,3,1,29/10/2018,29/10/2018,1,9,0,18,,8,2,7,7,10,,,6,Male,26,26 - 35,2143,2,4,-1,-1,,1,1,2,1,18,4,3,0,0,1,0,0,9,1,2,2018.0,010141916,E09000033,0.0,5.0,2.0,2018.0,010141916,1.0,5.0,0.0,1.0,1.0,-1,2018.0,010141916,2018,10,1,2
360502,2018010141974,528330.0,179810.0,-0.152446,51.502666,1,Slight,2,1,2018-10-28,Sunday,23:55,Westminster,E09000033,3,4,1,30.0,1,2,3,4,,,7,1,1,0,0,1,2,E01004691,3,1,28/10/2018,28/10/2018,1,5,0,18,,1,9,0,0,0,,,2,Male,30,26 - 35,599,1,10,10,1,,1,1,1,1,30,6,3,0,0,0,0,0,5,1,10,2018.0,010141974,E09000033,9.0,5.0,2.0,2018.0,010141974,5.0,1.0,0.0,4.0,1.0,-1,2018.0,010141974,2018,10,1,23
360536,2018010142065,526850.0,181930.0,-0.172995,51.522052,1,Slight,2,1,2018-10-29,Monday,19:00,Westminster,E09000033,3,5,6,30.0,0,-1,-1,-1,,,4,1,1,0,0,1,1,E01033604,3,1,29/10/2018,29/10/2018,1,3,0,18,,0,0,0,0,0,,,1,Male,32,26 - 35,108,1,2,3,1,,1,1,1,1,32,6,3,0,0,0,0,0,3,1,3,2018.0,010142065,E09000033,0.0,5.0,2.0,2018.0,010142065,8.0,4.0,0.0,4.0,1.0,-1,2018.0,010142065,2018,10,1,19
360537,2018010142068,539600.0,181580.0,0.010527,51.515902,1,Serious,2,1,2018-10-29,Monday,18:08,Newham,E09000025,3,13,3,30.0,0,-1,-1,-1,,,4,1,1,0,0,1,1,E01033585,2,2,29/10/2018,29/10/2018,1,5,0,18,,0,0,0,0,0,,,2,Male,33,26 - 35,745,1,1,-1,-1,,1,1,1,1,33,6,2,0,0,0,0,0,5,-1,-1,2018.0,010142068,E09000025,0.0,0.0,2.0,2018.0,010142068,7.0,3.0,0.0,1.0,1.0,-1,2018.0,010142068,2018,10,2,18
360539,2018010142070,542530.0,172180.0,0.048935,51.430704,1,Slight,2,2,2018-10-29,Monday,18:15,Bromley,E09000006,6,0,6,30.0,0,-1,-1,-1,,,4,1,1,0,0,1,1,E01000781,3,1,29/10/2018,29/10/2018,1,9,0,18,,0,0,0,0,0,,,6,Female,24,21 - 25,1796,1,12,1,1,,1,1,1,2,24,5,3,0,0,0,0,0,9,1,1,2018.0,010142070,E09000006,0.0,0.0,2.0,2018.0,010142070,1.0,5.0,0.0,1.0,1.0,-1,2018.0,010142070,2018,10,2,18
360542,2018010142077,523580.0,181060.0,-0.220409,51.514958,1,Slight,2,1,2018-10-29,Monday,18:39,Hammersmith and Fulham,E09000013,3,3220,1,40.0,1,2,3,40,,,4,8,1,0,0,1,1,E01002877,3,1,29/10/2018,29/10/2018,1,9,0,7,,3,0,0,0,0,,,6,Male,25,21 - 25,2401,2,12,8,1,,2,1,1,1,27,6,3,0,0,0,0,0,3,1,3,2018.0,010142077,E09000013,0.0,0.0,2.0,2018.0,010142077,1.0,5.0,0.0,3.0,1.0,-1,2018.0,010142077,2018,10,1,18
360548,2018010142091,523900.0,176980.0,-0.217231,51.478219,1,Serious,2,1,2018-10-29,Monday,18:16,Hammersmith and Fulham,E09000013,3,219,6,30.0,9,4,6,0,,,1,1,1,0,0,1,1,E01001918,2,2,29/10/2018,29/10/2018,1,5,0,18,,2,5,10,0,0,,,6,Male,34,26 - 35,-1,-1,-1,5,1,,1,1,1,1,34,6,2,0,0,0,0,0,5,1,5,2018.0,010142091,E09000013,0.0,0.0,2.0,2018.0,010142091,5.0,1.0,0.0,3.0,1.0,-1,2018.0,010142091,2018,10,2,18
360555,2018010142109,531360.0,177990.0,-0.109493,51.485615,1,Slight,2,1,2018-10-29,Monday,22:35,Lambeth,E09000022,3,3,3,30.0,3,2,6,0,,,4,1,1,0,0,1,1,E01003107,3,1,29/10/2018,29/10/2018,1,9,0,9,,5,0,0,0,0,,,6,Male,24,21 - 25,899,1,4,2,1,,2,1,1,1,31,6,3,0,0,0,0,0,3,1,4,2018.0,010142109,E09000022,0.0,4.0,2.0,2018.0,010142109,5.0,3.0,0.0,4.0,1.0,-1,2018.0,010142109,2018,10,1,22
360556,2018010142112,531180.0,175940.0,-0.112844,51.467234,1,Slight,1,1,2018-10-29,Monday,23:35,Lambeth,E09000022,6,0,6,20.0,3,4,3,23,,,4,1,1,0,0,1,1,E01003047,3,1,29/10/2018,29/10/2018,1,9,0,4,,1,0,0,0,0,,,1,Male,31,26 - 35,-1,-1,-1,-1,-1,,1,1,3,2,24,5,3,5,1,0,0,2,0,1,1,2018.0,010142112,E09000022,0.0,0.0,2.0,2018.0,010142112,3.0,7.0,0.0,1.0,1.0,-1,2018.0,010142112,2018,10,1,23
360557,2018010142113,524400.0,174880.0,-0.210773,51.459236,1,Slight,2,1,2018-10-29,Monday,18:48,Wandsworth,E09000032,3,205,6,30.0,3,4,6,0,,,1,1,1,0,0,1,1,E01004507,3,1,29/10/2018,29/10/2018,1,2,0,18,,8,0,0,0,0,,,6,Male,31,26 - 35,125,1,1,8,1,,1,1,1,1,31,6,3,0,0,0,0,0,2,1,8,2018.0,010142113,E09000032,0.0,4.0,2.0,2018.0,010142113,7.0,3.0,0.0,1.0,1.0,-1,2018.0,010142113,2018,10,1,18
360559,2018010142122,520960.0,175440.0,-0.260072,51.465014,1,Slight,1,1,2018-10-27,Saturday,18:36,Richmond upon Thames,E09000027,3,205,6,30.0,0,-1,-1,-1,,,4,1,1,0,0,1,1,E01003809,3,1,27/10/2018,27/10/2018,1,9,0,18,,0,0,0,0,0,,,6,Female,33,26 - 35,1956,2,7,6,1,,1,1,3,1,15,3,3,1,1,0,0,2,0,1,10,2018.0,010142122,E09000027,0.0,1.0,2.0,2018.0,010142122,3.0,7.0,0.0,4.0,1.0,-1,2018.0,010142122,2018,10,1,18
360574,2018010142189,530060.0,175090.0,-0.129271,51.459853,1,Slight,2,1,2018-10-21,Sunday,00:10,Lambeth,E09000022,4,221,9,30.0,3,2,3,2217,,,4,1,1,0,0,1,2,E01003057,3,1,21/10/2018,21/10/2018,1,9,0,3,,9,9,99,9,99,,,6,Female,24,21 - 25,1242,1,7,4,1,,1,1,1,2,24,5,3,0,0,0,0,0,9,1,4,2018.0,010142189,E09000022,9.0,5.0,2.0,2018.0,010142189,9.0,9.0,99.0,4.0,9.0,-1,2018.0,010142189,2018,10,1,0
360587,2018010142229,521260.0,186290.0,-0.252026,51.562464,1,Slight,2,1,2018-10-10,Wednesday,23:00,Brent,E09000005,3,406,3,50.0,99,9,6,0,,,4,1,1,0,0,1,2,E01000509,3,1,10/10/2018,10/10/2018,1,9,0,18,,9,0,0,0,0,,,6,Male,20,16 - 20,1598,1,3,3,1,,1,1,1,1,20,4,3,0,0,0,0,0,9,1,3,2018.0,010142229,E09000005,0.0,0.0,2.0,2018.0,010142229,9.0,9.0,0.0,3.0,1.0,-1,2018.0,010142229,2018,10,1,23
360603,2018010142268,524430.0,178960.0,-0.208906,51.495898,1,Slight,2,1,2018-10-30,Tuesday,20:31,Hammersmith and Fulham,E09000013,3,315,6,20.0,3,4,6,0,,,4,1,1,0,0,1,1,E01001866,3,1,30/10/2018,30/10/2018,1,9,0,9,,8,0,0,0,0,,,6,Male,30,26 - 35,1389,1,14,6,1,,2,1,1,1,49,8,3,0,0,0,0,0,1,1,4,2018.0,010142268,E09000013,0.0,0.0,2.0,2018.0,010142268,5.0,3.0,0.0,1.0,1.0,-1,2018.0,010142268,2018,10,1,20