,accident_index,location_easting_osgr,location_northing_osgr,longitude,latitude,police_force,accident_severity,number_of_vehicles,number_of_casualties,date,day_of_week,time,local_authority_district,local_authority_highway,first_road_class,first_road_number,road_type,speed_limit,junction_detail,junction_control,second_road_class,second_road_number,pedestrian_crossing-human_control,pedestrian_crossing-physical_facilities,light_conditions,weather_conditions,road_surface_conditions,special_conditions_at_site,carriageway_hazards,urban_or_rural_area,did_police_officer_attend_scene_of_accident,lsoa_of_accident_location,accident_severity_num,accident_severity_inv,date2,date_original,vehicle_reference_x,vehicle_type,towing_and_articulation,vehicle_manoeuvre,vehicle_location-restricted_lane,junction_location,skidding_and_overturning,hit_object_in_carriageway,vehicle_leaving_carriageway,hit_object_off_carriageway,1st_point_of_impact,was_vehicle_left_hand_drive?,journey_purpose_of_driver,sex_of_driver,age_of_driver,age_band_of_driver,engine_capacity_cc,propulsion_code,age_of_vehicle,driver_imd_decile,driver_home_area_type,vehicle_imd_decile,vehicle_reference_y,casualty_reference,casualty_class,sex_of_casualty,age_of_casualty,age_band_of_casualty,casualty_severity,pedestrian_location,pedestrian_movement,car_passenger,bus_or_coach_passenger,pedestrian_road_maintenance_worker,casualty_type,casualty_home_area_type,casualty_imd_decile,accident_year_x,accident_reference_x,local_authority_ons_district,pedestrian_crossing_human_control,pedestrian_crossing_physical_facilities,trunk_road_flag,accident_year_y,accident_reference_y,vehicle_direction_from,vehicle_direction_to,vehicle_location_restricted_lane,first_point_of_impact,vehicle_left_hand_drive,generic_make_model,accident_year,accident_reference,year,month,severity,hours
360605,2018010142271,542270.0,184580.0,0.05019,51.542193,1,Slight,2,1,2018-10-30,Tuesday,20:33,Newham,E09000025,3,117,6,30.0,9,2,6,0,,,4,1,1,4,2,1,1,E01003529,3,1,30/10/2018,30/10/2018,1,9,0,18,,1,0,0,0,0,,,6,Male,22,21 - 25,1995,2,7,2,1,,2,1,1,1,59,9,3,0,0,0,0,0,9,1,3,2018.0,010142271,E09000025,0.0,4.0,2.0,2018.0,010142271,5.0,1.0,0.0,1.0,1.0,-1,2018.0,010142271,2018,10,1,20
360608,2018010142283,519050.0,185800.0,-0.28406,51.55853,1,Slight,2,1,2018-10-30,Tuesday,21:00,Brent,E09000005,5,0,3,30.0,0,-1,-1,-1,,,4,1,1,0,0,1,1,E01033424,3,1,30/10/2018,30/10/2018,1,4,0,13,,0,0,0,0,0,,,1,Male,19,16 - 20,108,1,1,1,1,,1,1,1,1,19,4,3,0,0,0,0,0,4,1,1,2018.0,010142283,E09000005,0.0,0.0,2.0,2018.0,010142283,5.0,1.0,0.0,1.0,1.0,-1,2018.0,010142283,2018,10,1,21
360609,2018010142285,526680.0,176260.0,-0.177478,51.471134,1,Slight,2,1,2018-10-30,Tuesday,20:43,Wandsworth,E09000032,4,305,9,20.0,0,-1,-1,-1,,,4,1,1,0,0,1,2,E01033133,3,1,30/10/2018,30/10/2018,1,3,0,99,,0,9,99,9,99,,,6,Male,23,21 - 25,108,1,2,2,1,,1,1,1,1,23,5,3,0,0,0,0,0,3,1,2,2018.0,010142285,E09000032,0.0,1.0,2.0,2018.0,010142285,9.0,9.0,99.0,9.0,1.0,-1,2018.0,010142285,2018,10,1,20
360610,2018010142289,525470.0,181830.0,-0.192911,51.521462,1,Slight,1,1,2018-10-30,Tuesday,22:08,Westminster,E09000033,6,0,6,30.0,3,4,3,404,,,4,1,1,0,0,1,1,E01032512,3,1,30/10/2018,30/10/2018,1,8,0,1,,2,0,0,0,0,,,1,Male,31,26 - 35,2148,2,8,2,1,,1,1,2,2,64,9,3,0,0,2,0,0,8,1,1,2018.0,010142289,E09000033,0.0,0.0,2.0,2018.0,010142289,7.0,1.0,0.0,0.0,1.0,-1,2018.0,010142289,2018,10,1,22
360614,2018010142296,516870.0,182960.0,-0.316435,51.53346,1,Slight,1,1,2018-10-31,Wednesday,00:10,Ealing,E09000009,6,0,7,20.0,0,-1,-1,-1,,,7,9,9,9,9,1,2,E01001347,3,1,31/10/2018,31/10/2018,1,9,0,99,,0,9,99,9,99,,,6,Male,33,26 - 35,1598,1,9,6,1,,1,1,1,1,33,6,3,0,0,0,0,0,9,1,6,2018.0,010142296,E09000009,0.0,9.0,2.0,2018.0,010142296,9.0,9.0,99.0,1.0,9.0,-1,2018.0,010142296,2018,10,1,0
360615,2018010142299,535200.0,169250.0,-0.057557,51.406168,1,Slight,2,1,2018-10-30,Tuesday,05:25,Bromley,E09000006,3,214,9,30.0,0,-1,-1,-1,,,4,1,9,0,0,1,2,E01000699,3,1,30/10/2018,30/10/2018,1,9,0,99,,0,9,99,9,99,,,6,Female,30,26 - 35,1197,1,1,1,1,,1,1,1,2,30,6,3,0,0,0,0,0,9,1,1,2018.0,010142299,E09000006,9.0,5.0,2.0,2018.0,010142299,9.0,9.0,99.0,3.0,9.0,-1,2018.0,010142299,2018,10,1,5
360623,2018010142332,535630.0,165690.0,-0.052737,51.374074,1,Slight,3,1,2018-10-30,Tuesday,19:00,Croydon,E09000008,3,232,6,30.0,0,-1,-1,-1,,,7,9,1,0,0,1,2,E01001134,3,1,30/10/2018,30/10/2018,1,9,0,99,,0,9,99,9,99,,,2,Female,27,26 - 35,998,1,1,9,1,,1,1,1,2,27,6,3,0,0,0,0,0,9,1,9,2018.0,010142332,E09000008,0.0,5.0,2.0,2018.0,010142332,9.0,9.0,99.0,2.0,9.0,-1,2018.0,010142332,2018,10,1,19
360643,2018010142404,523700.0,181460.0,-0.21854,51.518526,1,Slight,2,1,2018-10-19,Friday,18:10,Kensington and Chelsea,E09000020,6,0,6,30.0,3,4,6,0,,,1,9,9,0,0,1,2,E01002877,3,1,19/10/2018,19/10/2018,1,9,0,3,,1,0,0,0,0,,,6,Male,30,26 - 35,1598,1,4,2,1,,1,1,1,1,30,6,3,0,0,0,0,0,9,1,2,2018.0,010142404,E09000020,0.0,0.0,2.0,2018.0,010142404,9.0,9.0,0.0,4.0,9.0,-1,2018.0,010142404,2018,10,1,18
360655,2018010142444,511670.0,183130.0,-0.391319,51.536039,1,Slight,2,1,2018-10-30,Tuesday,21:47,Ealing,E09000009,3,312,1,30.0,1,2,4,455,,,4,1,1,0,0,1,2,E01001328,3,1,30/10/2018,30/10/2018,1,9,0,99,,9,9,99,9,99,,,6,Male,34,26 - 35,2993,2,3,2,1,,1,1,1,1,34,6,3,0,0,0,0,0,9,1,2,2018.0,010142444,E09000009,0.0,5.0,2.0,2018.0,010142444,9.0,9.0,99.0,3.0,9.0,-1,2018.0,010142444,2018,10,1,21
360672,2018010142491,525620.0,176700.0,-0.192576,51.475324,1,Slight,2,1,2018-10-31,Wednesday,18:00,Hammersmith and Fulham,E09000013,3,217,6,20.0,6,4,6,0,,,4,1,1,0,0,1,1,E01001924,3,1,31/10/2018,31/10/2018,1,9,0,18,,1,0,0,0,0,,,6,Male,19,16 - 20,1198,1,10,5,1,,2,1,1,1,50,8,3,0,0,0,0,0,1,1,2,2018.0,010142491,E09000013,0.0,0.0,2.0,2018.0,010142491,3.0,7.0,4.0,3.0,1.0,-1,2018.0,010142491,2018,10,1,18
360674,2018010142495,538190.0,181730.0,-0.009722,51.517597,1,Slight,2,1,2018-10-31,Wednesday,18:20,Tower Hamlets,E09000030,3,12,3,40.0,6,2,6,0,,,4,1,1,0,0,1,1,E01004249,3,1,31/10/2018,31/10/2018,1,9,0,18,,8,0,0,0,0,,,2,Female,31,26 - 35,998,1,0,5,1,,2,1,1,1,54,8,3,0,0,0,0,0,4,1,3,2018.0,010142495,E09000030,0.0,4.0,2.0,2018.0,010142495,5.0,1.0,0.0,3.0,1.0,-1,2018.0,010142495,2018,10,1,18
360677,2018010142499,540830.0,172350.0,0.024565,51.432656,1,Slight,1,1,2018-10-30,Tuesday,20:12,Lewisham,E09000023,6,0,3,20.0,0,-1,-1,-1,,,4,1,1,0,0,1,1,E01003263,3,1,30/10/2018,30/10/2018,1,9,0,18,,0,5,10,0,0,,,6,Male,28,26 - 35,1598,1,17,-1,-1,,1,1,1,1,28,6,3,0,0,0,0,0,9,-1,-1,2018.0,010142499,E09000023,0.0,0.0,2.0,2018.0,010142499,5.0,1.0,0.0,1.0,1.0,-1,2018.0,010142499,2018,10,1,20
360680,2018010142505,519060.0,175710.0,-0.287321,51.467843,1,Slight,2,1,2018-10-31,Wednesday,19:45,Richmond upon Thames,E09000027,3,316,3,30.0,1,9,6,0,,,4,2,1,9,9,1,2,E01003862,3,1,31/10/2018,31/10/2018,1,9,0,4,,8,0,99,0,0,,,6,Female,23,21 - 25,1229,1,4,5,1,,1,1,1,2,23,5,3,0,0,0,0,0,9,1,5,2018.0,010142505,E09000027,0.0,1.0,2.0,2018.0,010142505,7.0,3.0,0.0,2.0,9.0,-1,2018.0,010142505,2018,10,1,19
360696,2018010142544,533770.0,180640.0,-0.0738,51.508865,1,Serious,1,1,2018-10-31,Wednesday,21:46,Barnet,E09000003,3,100,3,30.0,6,2,3,100,,,4,2,2,0,0,1,1,E01004293,2,2,31/10/2018,31/10/2018,1,2,0,5,,8,0,0,0,0,,,2,Male,27,26 - 35,124,1,11,4,1,,1,1,1,1,27,6,2,0,0,0,0,0,2,1,4,2018.0,010142544,E09000003,0.0,4.0,-1.0,2018.0,010142544,1.0,5.0,0.0,4.0,1.0,-1,2018.0,010142544,2018,10,2,21
360697,2018010142545,517690.0,192590.0,-0.301394,51.61984,1,Slight,2,1,2018-10-31,Wednesday,18:18,Harrow,E09000015,3,410,6,30.0,0,-1,-1,-1,,,4,1,1,0,0,1,1,E01002112,3,1,31/10/2018,31/10/2018,1,4,0,14,,0,0,0,7,0,,,6,Male,32,26 - 35,250,1,5,2,1,,1,1,1,1,32,6,3,0,0,0,0,0,4,1,2,2018.0,010142545,E09000015,0.0,0.0,2.0,2018.0,010142545,3.0,7.0,0.0,4.0,1.0,-1,2018.0,010142545,2018,10,1,18
360700,2018010142558,514400.0,182240.0,-0.352263,51.527494,1,Serious,1,1,2018-01-11,Thursday,00:35,Ealing,E09000009,4,455,6,30.0,6,2,3,4127,,,4,2,2,0,0,1,1,E01001261,2,2,01/11/2018,01/11/2018,1,9,0,18,,1,0,0,0,0,,,2,Male,25,21 - 25,1198,1,6,2,1,,1,1,3,1,21,5,2,4,2,0,0,2,0,1,4,2018.0,010142558,E09000009,0.0,5.0,2.0,2018.0,010142558,1.0,5.0,0.0,1.0,1.0,-1,2018.0,010142558,2018,1,2,0
360701,2018010142562,538280.0,181460.0,-0.008531,51.515148,1,Slight,1,1,2018-01-11,Thursday,04:05,Tower Hamlets,E09000030,3,12,3,50.0,5,4,4,125,,,4,2,2,0,0,1,1,E01004246,3,1,01/11/2018,01/11/2018,1,9,0,4,,6,0,0,0,0,,,1,Male,17,16 - 20,2993,2,1,-1,-1,,1,1,3,1,17,4,3,9,5,0,0,2,0,-1,-1,2018.0,010142562,E09000030,0.0,0.0,2.0,2018.0,010142562,2.0,4.0,0.0,1.0,1.0,-1,2018.0,010142562,2018,1,1,4
360702,2018010142563,531820.0,184430.0,-0.100464,51.543382,1,Slight,1,1,2018-01-11,Thursday,03:43,Islington,E09000019,3,1200,2,20.0,6,4,5,0,,,4,2,2,4,2,1,1,E01002791,3,1,01/11/2018,01/11/2018,1,9,0,7,,1,1,11,1,2,,,6,Female,26,26 - 35,1995,2,0,2,1,,1,1,1,2,26,6,3,0,0,0,0,0,9,1,2,2018.0,010142563,E09000019,0.0,5.0,2.0,2018.0,010142563,4.0,2.0,9.0,1.0,1.0,-1,2018.0,010142563,2018,1,1,3
360712,2018010142609,530960.0,168620.0,-0.118713,51.401501,1,Slight,2,1,2018-10-27,Saturday,19:40,Croydon,E09000008,3,23,9,30.0,3,4,6,0,,,4,1,1,0,0,1,2,E01001182,3,1,27/10/2018,27/10/2018,1,3,9,99,,9,9,99,9,99,,,2,Male,32,26 - 35,125,1,2,4,1,,1,1,1,1,32,6,3,0,0,0,0,0,3,1,4,2018.0,010142609,E09000008,0.0,9.0,2.0,2018.0,010142609,9.0,9.0,99.0,2.0,1.0,-1,2018.0,010142609,2018,10,1,19
360754,2018010142743,523860.0,169110.0,-0.220558,51.407497,1,Slight,2,3,2018-09-23,Sunday,20:30,Merton,E09000024,3,298,3,30.0,3,2,6,0,,,4,2,2,0,0,1,2,E01003382,3,1,23/09/2018,23/09/2018,1,9,0,3,,8,0,99,1,0,,,6,Male,31,26 - 35,1199,1,16,6,1,,1,1,1,1,31,6,3,0,0,0,0,0,9,1,6,2018.0,010142743,E09000024,9.0,9.0,2.0,2018.0,010142743,9.0,9.0,0.0,2.0,9.0,-1,2018.0,010142743,2018,9,3,20
360760,2018010142754,532450.0,166570.0,-0.098071,51.382733,1,Slight,1,1,2018-01-11,Thursday,18:30,Croydon,E09000008,3,222,2,30.0,3,4,3,2220,,,4,8,2,0,0,1,1,E01001110,3,1,01/11/2018,01/11/2018,1,9,0,16,,2,1,10,1,10,,,2,Male,22,21 - 25,1598,1,12,4,1,,1,1,3,1,56,9,3,6,9,0,0,2,0,1,2,2018.0,010142754,E09000008,0.0,8.0,2.0,2018.0,010142754,1.0,3.0,0.0,1.0,1.0,-1,2018.0,010142754,2018,1,1,18
360762,2018010142760,517860.0,183780.0,-0.301894,51.540624,1,Slight,2,2,2018-01-11,Thursday,19:05,Brent,E09000005,3,4005,1,30.0,1,4,6,0,,,4,1,1,0,0,1,1,E01000475,3,1,01/11/2018,01/11/2018,1,9,0,18,,4,0,0,0,0,,,6,Female,21,21 - 25,998,1,10,4,1,,2,1,2,2,65,9,3,0,0,2,0,0,9,-1,-1,2018.0,010142760,E09000005,0.0,0.0,2.0,2018.0,010142760,1.0,5.0,0.0,1.0,1.0,-1,2018.0,010142760,2018,1,2,19
360767,2018010142769,529470.0,173960.0,-0.138172,51.449833,1,Slight,2,1,2018-01-11,Thursday,19:07,Lambeth,E09000022,3,205,3,30.0,3,4,6,0,,,4,1,2,0,0,1,1,E01003160,3,1,01/11/2018,01/11/2018,1,2,0,18,,1,0,0,0,0,,,1,Male,19,16 - 20,49,1,8,4,1,,1,1,1,1,19,4,3,0,0,0,0,0,2,1,4,2018.0,010142769,E09000022,0.0,0.0,2.0,2018.0,010142769,7.0,3.0,0.0,1.0,1.0,-1,2018.0,010142769,2018,1,1,19
360780,2018010142791,549410.0,175040.0,0.149038,51.454631,1,Slight,2,1,2018-01-11,Thursday,19:42,Bexley,E09000004,5,0,6,30.0,1,4,5,0,,,4,1,2,0,0,1,1,E01000362,3,1,01/11/2018,01/11/2018,1,9,0,18,,8,0,0,0,0,,,6,Male,19,16 - 20,1229,1,10,2,1,,2,1,1,1,80,11,3,0,0,0,0,0,9,1,8,2018.0,010142791,E09000004,2.0,1.0,2.0,2018.0,010142791,1.0,5.0,0.0,1.0,1.0,-1,2018.0,010142791,2018,1,1,19
360781,2018010142792,512900.0,182830.0,-0.373688,51.533099,1,Slight,1,1,2018-01-11,Thursday,18:10,Ealing,E09000009,4,455,6,30.0,9,4,6,0,,,4,1,1,0,0,1,1,E01032744,3,1,01/11/2018,01/11/2018,1,3,0,18,,1,0,0,0,0,,,6,Male,30,26 - 35,125,1,7,7,1,,1,1,1,1,30,6,3,0,0,0,0,0,3,1,7,2018.0,010142792,E09000009,0.0,0.0,2.0,2018.0,010142792,7.0,3.0,0.0,4.0,1.0,-1,2018.0,010142792,2018,1,1,18
360782,2018010142793,510610.0,180970.0,-0.407274,51.516834,1,Slight,2,1,2018-01-11,Thursday,19:20,Hillingdon,E09000017,5,0,6,20.0,6,4,6,0,,,4,1,2,0,0,1,1,E01002505,3,1,01/11/2018,01/11/2018,1,9,0,18,,8,0,0,0,0,,,6,Male,33,26 - 35,998,1,6,3,1,,1,1,1,1,33,6,3,0,0,0,0,0,9,1,3,2018.0,010142793,E09000017,0.0,0.0,2.0,2018.0,010142793,7.0,7.0,0.0,3.0,1.0,-1,2018.0,010142793,2018,1,1,19
360785,2018010142800,550570.0,176630.0,0.166397,51.468611,1,Serious,2,1,2018-10-30,Tuesday,19:38,Bexley,E09000004,6,0,6,30.0,7,4,6,0,,,4,2,2,0,0,1,1,E01000369,2,2,30/10/2018,30/10/2018,1,3,0,18,,8,0,0,0,0,,,6,Male,17,16 - 20,124,1,6,8,1,,1,1,1,1,17,4,2,0,0,0,0,0,3,1,8,2018.0,010142800,E09000004,0.0,0.0,2.0,2018.0,010142800,3.0,7.0,0.0,3.0,1.0,-1,2018.0,010142800,2018,10,2,19
360786,2018010142801,518900.0,185530.0,-0.286314,51.556135,1,Slight,2,1,2018-01-11,Thursday,22:50,Brent,E09000005,4,4565,2,30.0,3,4,4,4565,,,4,1,1,0,0,1,1,E01033424,3,1,01/11/2018,01/11/2018,1,3,0,18,,8,0,0,0,0,,,6,Male,18,16 - 20,125,1,0,2,1,,1,1,1,1,18,4,3,0,0,0,0,0,3,1,2,2018.0,010142801,E09000005,0.0,0.0,2.0,2018.0,010142801,5.0,1.0,0.0,3.0,1.0,-1,2018.0,010142801,2018,1,1,22
360793,2018010142815,530320.0,183000.0,-0.122612,51.530879,1,Slight,1,1,2018-02-11,Sunday,00:47,Islington,E09000019,6,0,3,30.0,9,2,6,0,,,4,8,1,0,0,1,1,E01000953,3,1,02/11/2018,02/11/2018,1,8,0,17,,1,0,0,0,0,,,1,Male,25,21 - 25,1797,8,8,3,1,,1,1,3,1,35,6,3,1,1,0,0,2,0,1,5,2018.0,010142815,E09000019,0.0,5.0,2.0,2018.0,010142815,6.0,2.0,0.0,4.0,1.0,-1,2018.0,010142815,2018,2,1,0
360794,2018010142820,541500.0,159040.0,0.028904,51.312886,1,Slight,3,1,2018-02-11,Sunday,01:37,Bromley,E09000006,6,0,6,30.0,0,-1,-1,-1,,,4,8,2,0,0,1,1,E01000659,3,1,02/11/2018,02/11/2018,1,9,0,7,,0,1,0,7,0,,,6,Female,21,21 - 25,1229,1,8,9,1,,1,1,1,2,21,5,3,0,0,0,0,0,9,1,9,2018.0,010142820,E09000006,0.0,0.0,2.0,2018.0,010142820,4.0,6.0,0.0,1.0,1.0,-1,2018.0,010142820,2018,2,1,1
360797,2018010142827,509790.0,175590.0,-0.420759,51.468637,1,Slight,2,1,2018-01-11,Thursday,18:00,London Airport (Heathrow),EHEATHROW,6,0,1,30.0,1,4,6,0,,,4,1,2,0,0,1,1,E01002443,3,1,01/11/2018,01/11/2018,1,9,0,5,,4,0,0,0,0,,,2,Female,33,26 - 35,1329,1,1,5,1,,2,1,1,1,36,7,3,0,0,0,0,0,1,1,9,2018.0,010142827,EHEATHROW,0.0,0.0,2.0,2018.0,010142827,5.0,7.0,0.0,3.0,1.0,-1,2018.0,010142827,2018,1,1,18
360804,2018010142845,530710.0,183560.0,-0.116785,51.535822,1,Slight,2,1,2018-10-24,Wednesday,18:25,Islington,E09000019,3,5203,6,30.0,9,4,6,0,,,4,1,1,0,0,1,1,E01002697,3,1,24/10/2018,24/10/2018,1,9,0,4,,1,0,0,0,0,,,2,Male,22,21 - 25,2179,2,7,4,1,,2,1,1,1,50,8,3,0,0,0,0,0,1,1,5,2018.0,010142845,E09000019,0.0,1.0,2.0,2018.0,010142845,1.0,5.0,0.0,2.0,1.0,-1,2018.0,010142845,2018,10,1,18
360838,2018010142932,534450.0,179450.0,-0.06446,51.498009,1,Slight,2,1,2018-10-26,Friday,18:20,Southwark,E09000028,3,200,3,30.0,99,2,6,0,,,4,1,1,9,9,1,2,E01004022,3,1,26/10/2018,26/10/2018,1,9,0,18,,9,0,0,0,0,,,6,Male,35,26 - 35,1388,1,12,1,1,,1,1,1,1,35,6,3,0,0,0,0,0,9,1,1,2018.0,010142932,E09000028,9.0,9.0,2.0,2018.0,010142932,9.0,9.0,0.0,4.0,9.0,-1,2018.0,010142932,2018,10,1,18
360861,2018010143013,523430.0,165040.0,-0.22815,51.371012,1,Slight,2,1,2018-02-11,Sunday,20:12,Sutton,E09000029,3,2043,6,30.0,6,2,3,24,,,4,1,1,0,0,1,1,E01004118,3,1,02/11/2018,02/11/2018,1,9,0,18,,8,0,0,0,0,,,6,Male,32,26 - 35,2926,2,12,10,1,,2,1,1,1,55,8,3,0,0,0,0,0,2,1,9,2018.0,010143013,E09000029,0.0,5.0,2.0,2018.0,010143013,1.0,7.0,0.0,0.0,1.0,-1,2018.0,010143013,2018,2,1,20
360876,2018010143036,526790.0,169480.0,-0.178321,51.410176,1,Serious,2,1,2018-02-11,Sunday,18:00,Merton,E09000024,5,0,6,30.0,3,4,6,0,,,4,1,2,0,0,1,1,E01003408,2,2,02/11/2018,02/11/2018,1,9,0,9,,5,0,0,0,0,,,2,Male,28,26 - 35,1560,2,3,6,1,,2,1,1,1,17,4,2,0,0,0,0,0,3,1,2,2018.0,010143036,E09000024,0.0,0.0,2.0,2018.0,010143036,5.0,7.0,0.0,1.0,1.0,-1,2018.0,010143036,2018,2,2,18
360885,2018010143054,532590.0,165010.0,-0.096641,51.36868,1,Slight,2,1,2018-02-11,Sunday,19:45,Croydon,E09000008,3,212,6,30.0,3,4,6,0,,,4,1,1,0,0,1,1,E01001047,3,1,02/11/2018,02/11/2018,1,4,0,13,,8,2,0,0,0,,,6,Male,19,16 - 20,125,1,8,4,1,,1,1,1,1,19,4,3,0,0,0,0,0,4,1,4,2018.0,010143054,E09000008,0.0,0.0,2.0,2018.0,010143054,5.0,1.0,0.0,1.0,1.0,-1,2018.0,010143054,2018,2,1,19
360887,2018010143057,532600.0,186150.0,-0.088575,51.558656,1,Slight,2,1,2018-02-11,Sunday,00:59,Hackney,E09000012,5,0,6,20.0,0,-1,-1,-1,,,4,1,1,0,0,1,1,E01001806,3,1,02/11/2018,02/11/2018,1,9,0,5,,0,0,0,0,0,,,6,Male,22,21 - 25,1390,1,8,3,1,,1,1,1,1,22,5,3,0,0,0,0,0,9,1,3,2018.0,010143057,E09000012,0.0,0.0,2.0,2018.0,010143057,3.0,7.0,0.0,1.0,2.0,-1,2018.0,010143057,2018,2,1,0
360889,2018010143063,533500.0,184380.0,-0.076271,51.542538,1,Slight,2,1,2018-02-11,Sunday,22:45,Hackney,E09000012,3,10,6,20.0,6,2,5,0,,,4,1,1,0,0,1,1,E01033700,3,1,02/11/2018,02/11/2018,1,9,0,9,,5,0,0,0,0,,,6,Female,18,16 - 20,1461,2,4,1,1,,2,1,1,1,36,7,3,0,0,0,0,0,3,1,1,2018.0,010143063,E09000012,0.0,4.0,2.0,2018.0,010143063,5.0,3.0,0.0,1.0,1.0,-1,2018.0,010143063,2018,2,1,22
360890,2018010143064,540730.0,169910.0,0.022159,51.410755,1,Slight,2,2,2018-02-11,Sunday,23:50,Bromley,E09000006,6,0,6,20.0,0,-1,-1,-1,,,4,1,1,0,0,1,1,E01000823,3,1,02/11/2018,02/11/2018,1,9,0,1,,0,0,4,0,0,,,6,Male,25,21 - 25,4367,2,3,-1,-1,,1,1,3,2,43,7,3,9,6,0,0,2,0,1,7,2018.0,010143064,E09000006,0.0,0.0,2.0,2018.0,010143064,0.0,6.0,0.0,2.0,1.0,-1,2018.0,010143064,2018,2,2,23
360891,2018010143065,525930.0,173150.0,-0.189377,51.443351,1,Slight,1,1,2018-02-11,Sunday,18:30,Wandsworth,E09000032,3,217,6,30.0,3,4,6,0,,,4,1,1,0,0,1,1,E01004496,3,1,02/11/2018,02/11/2018,1,9,0,9,,1,0,0,0,0,,,6,Male,21,21 - 25,1590,1,14,5,1,,1,1,3,1,77,11,3,9,7,0,0,2,0,1,7,2018.0,010143065,E09000032,0.0,0.0,2.0,2018.0,010143065,4.0,6.0,0.0,1.0,1.0,-1,2018.0,010143065,2018,2,1,18
360894,2018010143070,544990.0,175110.0,0.085497,51.456409,1,Slight,2,1,2018-03-11,Sunday,00:44,Bexley,E09000004,3,2,3,50.0,0,-1,-1,-1,,,4,1,1,0,0,1,1,E01001614,3,1,03/11/2018,03/11/2018,1,9,0,18,,0,0,0,0,0,,,6,Male,35,26 - 35,2143,2,3,-1,-1,,1,1,1,1,35,6,3,0,0,0,0,0,9,-1,-1,2018.0,010143070,E09000004,0.0,0.0,2.0,2018.0,010143070,7.0,3.0,0.0,2.0,1.0,-1,2018.0,010143070,2018,3,1,0
360911,2018010143127,526200.0,179000.0,-0.183407,51.495866,1,Slight,2,1,2018-02-11,Sunday,21:30,Kensington and Chelsea,E09000020,6,0,6,30.0,3,4,4,325,,,4,1,1,0,0,1,1,E01002888,3,1,02/11/2018,02/11/2018,1,3,0,18,,8,5,0,0,0,,,1,Male,33,26 - 35,125,1,5,1,1,,1,1,1,1,33,6,3,0,0,0,0,0,3,1,1,2018.0,010143127,E09000020,0.0,0.0,2.0,2018.0,010143127,5.0,1.0,0.0,4.0,1.0,-1,2018.0,010143127,2018,2,1,21
360913,2018010143130,543530.0,185130.0,0.068571,51.546817,1,Slight,2,6,2018-02-11,Sunday,21:04,Newham,E09000025,3,406,3,50.0,0,-1,-1,-1,,,4,1,1,0,0,1,1,E01003580,3,1,02/11/2018,02/11/2018,1,9,0,18,,0,0,0,0,0,,,6,Male,34,26 - 35,2967,2,6,8,1,,1,1,1,1,34,6,3,0,0,0,0,0,9,1,8,2018.0,010143130,E09000025,0.0,0.0,2.0,2018.0,010143130,1.0,5.0,0.0,1.0,1.0,-1,2018.0,010143130,2018,2,6,21
360914,2018010143131,534600.0,173120.0,-0.06471,51.441089,1,Slight,2,1,2018-02-11,Sunday,05:15,Lewisham,E09000023,3,205,6,30.0,3,2,3,205,,,1,1,1,0,0,1,2,E01003254,3,1,02/11/2018,02/11/2018,1,9,0,99,,9,9,99,9,99,,,6,Female,29,26 - 35,1798,1,7,7,1,,1,1,1,2,29,6,3,0,0,0,0,0,9,1,7,2018.0,010143131,E09000023,9.0,9.0,2.0,2018.0,010143131,9.0,9.0,99.0,2.0,9.0,-1,2018.0,010143131,2018,2,1,5
360922,2018010143147,528670.0,181970.0,-0.146762,51.522001,1,Slight,2,1,2018-02-11,Sunday,21:10,Westminster,E09000033,5,0,6,30.0,6,2,6,0,,,7,1,2,9,0,1,2,E01004713,3,1,02/11/2018,02/11/2018,1,3,0,99,,9,9,99,9,99,,,6,Male,17,16 - 20,108,1,2,5,1,,1,1,1,1,17,4,3,0,0,0,0,0,3,1,5,2018.0,010143147,E09000033,9.0,5.0,2.0,2018.0,010143147,9.0,9.0,99.0,1.0,1.0,-1,2018.0,010143147,2018,2,1,21
360937,2018010143192,529230.0,170850.0,-0.142757,51.421938,1,Serious,2,1,2018-03-11,Sunday,18:55,Wandsworth,E09000032,6,0,6,30.0,3,4,6,0,,,4,1,1,0,0,1,1,E01004521,2,2,03/11/2018,03/11/2018,1,3,0,18,,1,5,0,0,0,,,1,Male,34,26 - 35,102,1,11,2,1,,1,1,1,1,34,6,2,0,0,0,0,0,3,1,2,2018.0,010143192,E09000032,0.0,0.0,2.0,2018.0,010143192,7.0,3.0,0.0,3.0,1.0,-1,2018.0,010143192,2018,3,2,18
360941,2018010143198,531500.0,189630.0,-0.103133,51.590186,1,Slight,1,3,2018-03-11,Sunday,18:20,Haringey,E09000014,3,105,3,30.0,6,4,3,504,,,4,1,1,0,0,1,1,E01002003,3,1,03/11/2018,03/11/2018,1,3,0,18,,1,1,0,0,0,,,6,Male,19,16 - 20,125,1,7,2,1,,1,1,1,1,19,4,3,0,0,0,0,0,3,1,2,2018.0,010143198,E09000014,0.0,0.0,2.0,2018.0,010143198,5.0,1.0,0.0,4.0,1.0,-1,2018.0,010143198,2018,3,3,18