,accident_index,location_easting_osgr,location_northing_osgr,longitude,latitude,police_force,accident_severity,number_of_vehicles,number_of_casualties,date,day_of_week,time,local_authority_district,local_authority_highway,first_road_class,first_road_number,road_type,speed_limit,junction_detail,junction_control,second_road_class,second_road_number,pedestrian_crossing-human_control,pedestrian_crossing-physical_facilities,light_conditions,weather_conditions,road_surface_conditions,special_conditions_at_site,carriageway_hazards,urban_or_rural_area,did_police_officer_attend_scene_of_accident,lsoa_of_accident_location,accident_severity_num,accident_severity_inv,date2,date_original,vehicle_reference_x,vehicle_type,towing_and_articulation,vehicle_manoeuvre,vehicle_location-restricted_lane,junction_location,skidding_and_overturning,hit_object_in_carriageway,vehicle_leaving_carriageway,hit_object_off_carriageway,1st_point_of_impact,was_vehicle_left_hand_drive?,journey_purpose_of_driver,sex_of_driver,age_of_driver,age_band_of_driver,engine_capacity_cc,propulsion_code,age_of_vehicle,driver_imd_decile,driver_home_area_type,vehicle_imd_decile,vehicle_reference_y,casualty_reference,casualty_class,sex_of_casualty,age_of_casualty,age_band_of_casualty,casualty_severity,pedestrian_location,pedestrian_movement,car_passenger,bus_or_coach_passenger,pedestrian_road_maintenance_worker,casualty_type,casualty_home_area_type,casualty_imd_decile,accident_year_x,accident_reference_x,local_authority_ons_district,pedestrian_crossing_human_control,pedestrian_crossing_physical_facilities,trunk_road_flag,accident_year_y,accident_reference_y,vehicle_direction_from,vehicle_direction_to,vehicle_location_restricted_lane,first_point_of_impact,vehicle_left_hand_drive,generic_make_model,accident_year,accident_reference,year,month,severity,hours
361726,2018010145482,531850.0,188000.0,-0.098695,51.575457,1,Slight,2,1,2018-11-13,Tuesday,00:10,Haringey,E09000014,3,105,6,20.0,3,2,4,150,,,4,1,1,0,0,1,1,E01002002,3,1,13/11/2018,13/11/2018,1,9,0,10,,8,0,0,0,0,,,6,Male,28,26 - 35,1598,2,0,2,1,,2,1,1,1,22,5,3,0,0,0,0,0,9,1,1,2018.0,010145482,E09000014,0.0,5.0,2.0,2018.0,010145482,1.0,8.0,0.0,1.0,1.0,-1,2018.0,010145482,2018,11,1,0
361731,2018010145489,520470.0,182880.0,-0.264585,51.531986,1,Slight,1,1,2018-10-11,Thursday,04:00,Ealing,E09000009,4,4492,6,30.0,9,4,6,0,,,4,2,2,0,0,1,1,E01001246,3,1,10/11/2018,10/11/2018,1,9,0,18,,1,0,0,0,0,,,6,Male,25,21 - 25,2204,2,10,3,1,,1,1,2,1,-1,-1,3,0,0,1,0,0,9,-1,-1,2018.0,010145489,E09000009,0.0,0.0,2.0,2018.0,010145489,1.0,5.0,0.0,1.0,2.0,-1,2018.0,010145489,2018,10,1,4
361734,2018010145498,544270.0,170190.0,0.073137,51.412383,1,Slight,2,1,2018-11-13,Tuesday,19:56,Bromley,E09000006,3,222,6,30.0,0,-1,-1,-1,,,4,1,1,0,0,1,2,E01000696,3,1,13/11/2018,13/11/2018,1,9,0,99,,0,9,99,9,99,,,6,Male,35,26 - 35,2143,2,0,8,1,,1,1,1,1,35,6,3,0,0,0,0,0,9,1,8,2018.0,010145498,E09000006,0.0,9.0,2.0,2018.0,010145498,9.0,9.0,99.0,2.0,9.0,-1,2018.0,010145498,2018,11,1,19
361739,2018010145510,540560.0,185000.0,0.025716,51.546396,1,Slight,1,1,2018-09-11,Tuesday,19:55,Newham,E09000025,3,114,6,30.0,6,2,3,118,,,4,2,2,0,0,1,2,E01003558,3,1,09/11/2018,09/11/2018,1,3,9,18,,8,9,99,9,99,,,6,Male,30,26 - 35,125,1,0,2,1,,1,1,1,1,30,6,3,0,0,0,0,0,3,1,2,2018.0,010145510,E09000025,0.0,5.0,2.0,2018.0,010145510,9.0,9.0,0.0,1.0,1.0,-1,2018.0,010145510,2018,9,1,19
361779,2018010145628,543280.0,188400.0,0.0663,51.576263,1,Slight,2,1,2018-11-11,Sunday,01:25,Redbridge,E09000026,3,123,6,30.0,1,2,3,12,,,4,2,2,0,0,1,2,E01003690,3,1,11/11/2018,11/11/2018,1,9,0,99,,9,9,99,9,99,,,6,Male,19,16 - 20,1229,1,9,6,1,,1,1,1,1,19,4,3,0,0,0,0,0,9,1,6,2018.0,010145628,E09000026,0.0,5.0,2.0,2018.0,010145628,9.0,9.0,99.0,2.0,9.0,-1,2018.0,010145628,2018,11,1,1
361783,2018010145643,540410.0,177850.0,0.020708,51.482184,1,Slight,2,1,2018-07-11,Wednesday,18:30,Greenwich,E09000011,3,102,3,50.0,0,-1,-1,-1,,,4,2,2,0,0,1,2,E01001592,3,1,07/11/2018,07/11/2018,1,9,0,99,,0,9,99,9,99,,,2,Female,32,26 - 35,1339,1,12,10,1,,1,1,1,2,32,6,3,0,0,0,0,0,9,1,10,2018.0,010145643,E09000011,0.0,0.0,2.0,2018.0,010145643,9.0,9.0,99.0,9.0,9.0,-1,2018.0,010145643,2018,7,1,18
361785,2018010145647,547740.0,167750.0,0.121983,51.389565,1,Slight,1,1,2018-11-14,Wednesday,18:45,Bromley,E09000006,4,258,6,30.0,9,3,6,0,,,4,8,1,0,0,1,1,E01000724,3,1,14/11/2018,14/11/2018,1,2,0,18,,1,0,0,0,0,,,6,Male,26,26 - 35,124,1,8,6,3,,1,1,1,1,26,6,3,0,0,0,0,0,2,3,6,2018.0,010145647,E09000006,0.0,0.0,2.0,2018.0,010145647,5.0,1.0,0.0,1.0,1.0,-1,2018.0,010145647,2018,11,1,18
361799,2018010145687,527300.0,195900.0,-0.161451,51.647497,1,Serious,3,1,2018-11-14,Wednesday,19:41,Barnet,E09000003,6,0,6,30.0,0,-1,-1,-1,,,4,1,1,0,0,1,1,E01000169,2,2,14/11/2018,14/11/2018,1,5,0,14,,0,0,4,0,0,,,6,Male,25,21 - 25,599,1,11,7,1,,1,1,1,1,25,5,2,0,0,0,0,0,5,1,7,2018.0,010145687,E09000003,0.0,0.0,2.0,2018.0,010145687,5.0,1.0,0.0,1.0,1.0,-1,2018.0,010145687,2018,11,2,19
361808,2018010145708,516690.0,185700.0,-0.318121,51.558124,1,Slight,2,1,2018-12-11,Tuesday,19:55,Brent,E09000005,3,404,6,30.0,3,4,6,0,,,4,1,1,0,0,1,2,E01000608,3,1,12/11/2018,12/11/2018,1,3,0,18,,8,1,0,0,0,,,6,Male,23,21 - 25,115,1,3,7,1,,1,1,1,1,23,5,3,0,0,0,0,0,3,1,7,2018.0,010145708,E09000005,0.0,1.0,2.0,2018.0,010145708,9.0,9.0,0.0,0.0,1.0,-1,2018.0,010145708,2018,12,1,19
361813,2018010145718,530080.0,185380.0,-0.125191,51.552323,1,Serious,2,1,2018-11-14,Wednesday,21:08,Islington,E09000019,3,503,6,30.0,3,4,6,0,,,4,1,1,0,0,1,1,E01002783,2,2,14/11/2018,14/11/2018,1,5,0,18,,2,0,0,0,0,,,6,Male,32,26 - 35,-1,-1,-1,8,1,,1,1,1,1,32,6,2,0,0,0,0,0,5,1,8,2018.0,010145718,E09000019,0.0,0.0,2.0,2018.0,010145718,6.0,2.0,0.0,1.0,1.0,-1,2018.0,010145718,2018,11,2,21
361815,2018010145721,536780.0,181660.0,-0.030058,51.51731,1,Slight,2,3,2018-11-14,Wednesday,23:02,Tower Hamlets,E09000030,3,1205,6,30.0,6,2,4,140,,,4,1,1,0,2,1,1,E01004273,3,1,14/11/2018,14/11/2018,1,9,0,18,,2,0,11,0,0,,,6,Male,21,21 - 25,1364,1,11,2,1,,1,1,1,1,21,5,3,0,0,0,0,0,9,1,2,2018.0,010145721,E09000030,0.0,5.0,2.0,2018.0,010145721,5.0,1.0,0.0,1.0,1.0,-1,2018.0,010145721,2018,11,3,23
361819,2018010145726,544540.0,186520.0,0.083697,51.559049,1,Slight,2,1,2018-11-14,Wednesday,22:15,Redbridge,E09000026,3,1083,6,30.0,0,-1,-1,-1,,,4,1,1,0,0,1,1,E01033591,3,1,14/11/2018,14/11/2018,1,9,0,9,,0,0,0,0,0,,,6,Male,23,21 - 25,1399,2,10,3,1,,2,1,1,1,30,6,3,0,0,0,0,0,3,1,2,2018.0,010145726,E09000026,0.0,8.0,2.0,2018.0,010145726,7.0,3.0,0.0,1.0,1.0,-1,2018.0,010145726,2018,11,1,22
361821,2018010145729,523620.0,171310.0,-0.22324,51.427322,1,Serious,1,2,2018-11-15,Thursday,01:13,Merton,E09000024,3,219,6,30.0,0,-1,-1,-1,,,4,1,1,0,0,1,1,E01003460,2,2,15/11/2018,15/11/2018,1,9,0,17,,0,5,10,1,0,,,6,Male,32,26 - 35,-1,-1,-1,9,1,,1,1,1,1,32,6,2,0,0,0,0,0,9,1,9,2018.0,010145729,E09000024,0.0,0.0,2.0,2018.0,010145729,3.0,7.0,0.0,1.0,2.0,-1,2018.0,010145729,2018,11,4,1
361822,2018010145730,544870.0,185760.0,0.088142,51.552136,1,Slight,2,2,2018-11-14,Wednesday,23:40,Redbridge,E09000026,6,0,1,20.0,2,4,6,0,,,4,1,1,0,0,1,1,E01003684,3,1,14/11/2018,14/11/2018,1,9,0,5,,3,0,0,0,0,,,6,Male,18,16 - 20,998,1,3,10,1,,1,1,1,1,18,4,3,0,0,0,0,0,9,1,10,2018.0,010145730,E09000026,0.0,0.0,2.0,2018.0,010145730,3.0,7.0,0.0,4.0,1.0,-1,2018.0,010145730,2018,11,2,23
361823,2018010145731,543960.0,167550.0,0.067613,51.388739,1,Slight,1,1,2018-11-14,Wednesday,23:55,Bromley,E09000006,5,0,6,30.0,6,4,6,0,,,4,1,1,0,0,1,1,E01000811,3,1,14/11/2018,14/11/2018,1,9,0,5,,8,0,0,0,0,,,2,Male,21,21 - 25,-1,-1,-1,1,1,,1,1,3,2,51,8,3,4,1,0,0,2,0,1,5,2018.0,010145731,E09000006,0.0,8.0,2.0,2018.0,010145731,7.0,5.0,0.0,1.0,1.0,-1,2018.0,010145731,2018,11,1,23
361842,2018010145781,530920.0,189760.0,-0.111452,51.59149,1,Slight,2,1,2018-03-11,Sunday,21:45,Haringey,E09000014,4,138,6,30.0,99,9,6,0,,,4,1,1,0,0,1,2,E01002030,3,1,03/11/2018,03/11/2018,1,2,9,18,,8,9,0,9,0,,,6,Male,19,16 - 20,49,1,1,1,1,,1,1,1,1,19,4,3,0,0,0,0,0,2,1,1,2018.0,010145781,E09000014,0.0,0.0,2.0,2018.0,010145781,9.0,9.0,0.0,4.0,1.0,-1,2018.0,010145781,2018,3,1,21
361875,2018010145910,526050.0,182880.0,-0.18418,51.530769,1,Slight,2,1,2018-11-14,Wednesday,18:50,Westminster,E09000033,5,0,2,30.0,6,2,3,5,,,4,1,1,0,0,1,1,E01004648,3,1,14/11/2018,14/11/2018,1,9,0,4,,1,0,0,0,0,,,6,Male,26,26 - 35,1999,2,0,3,1,,2,1,1,1,20,4,3,0,0,0,0,0,1,1,2,2018.0,010145910,E09000033,0.0,5.0,2.0,2018.0,010145910,2.0,6.0,0.0,2.0,1.0,-1,2018.0,010145910,2018,11,1,18
361878,2018010145915,534060.0,180850.0,-0.069543,51.510683,1,Slight,3,2,2018-11-15,Thursday,19:03,Tower Hamlets,E09000030,4,126,2,20.0,3,4,6,0,,,4,1,1,0,0,1,1,E01004294,3,1,15/11/2018,15/11/2018,1,3,0,15,,1,0,0,0,0,,,6,Male,19,16 - 20,125,1,10,4,1,,1,1,1,1,19,4,3,0,0,0,0,0,3,1,4,2018.0,010145915,E09000030,0.0,0.0,2.0,2018.0,010145915,7.0,3.0,5.0,1.0,1.0,-1,2018.0,010145915,2018,11,2,19
361884,2018010145930,524100.0,175500.0,-0.214872,51.464874,1,Slight,2,1,2018-11-13,Tuesday,22:45,Wandsworth,E09000032,3,219,6,20.0,3,2,3,3209,,,4,1,9,0,0,1,2,E01004609,3,1,13/11/2018,13/11/2018,1,9,0,99,,9,9,99,9,99,,,6,Male,35,26 - 35,1798,8,2,3,1,,1,1,1,1,35,6,3,0,0,0,0,0,9,1,3,2018.0,010145930,E09000032,0.0,5.0,2.0,2018.0,010145930,9.0,9.0,99.0,1.0,9.0,-1,2018.0,010145930,2018,11,1,22
361892,2018010145951,534430.0,175840.0,-0.066122,51.465573,1,Slight,2,1,2018-11-15,Thursday,19:52,Southwark,E09000028,3,2215,3,20.0,3,4,6,0,,,4,1,1,0,0,1,1,E01004062,3,1,15/11/2018,15/11/2018,1,9,0,5,,8,0,0,0,0,,,6,Female,29,26 - 35,1296,1,12,1,1,,2,1,1,2,58,9,3,0,0,0,0,0,9,1,2,2018.0,010145951,E09000028,0.0,0.0,2.0,2018.0,010145951,1.0,5.0,0.0,1.0,1.0,-1,2018.0,010145951,2018,11,1,19
361894,2018010145954,533680.0,168790.0,-0.079571,51.402394,1,Serious,2,1,2018-11-15,Thursday,21:46,Croydon,E09000008,3,215,6,30.0,3,4,6,0,,,4,1,1,0,0,1,1,E01001139,2,2,15/11/2018,15/11/2018,1,9,0,18,,2,0,0,0,0,,,6,Male,25,21 - 25,1390,1,5,4,1,,2,1,1,1,48,8,2,0,0,0,0,0,2,1,6,2018.0,010145954,E09000008,0.0,0.0,2.0,2018.0,010145954,4.0,8.0,0.0,1.0,1.0,-1,2018.0,010145954,2018,11,2,21
361895,2018010145963,529750.0,180910.0,-0.131594,51.512228,1,Slight,1,1,2018-11-16,Friday,03:20,Westminster,E09000033,5,0,6,30.0,3,4,3,401,,,4,1,1,0,0,1,1,E01004763,3,1,16/11/2018,16/11/2018,1,8,0,18,,2,0,0,0,0,,,1,Male,34,26 - 35,1797,8,8,3,1,,1,1,3,2,28,6,3,5,1,0,0,2,0,1,3,2018.0,010145963,E09000033,0.0,0.0,2.0,2018.0,010145963,5.0,1.0,0.0,4.0,1.0,-1,2018.0,010145963,2018,11,1,3
361896,2018010145964,534110.0,173610.0,-0.07157,51.445608,1,Slight,2,1,2018-11-15,Thursday,03:45,Southwark,E09000028,3,2216,6,20.0,0,-1,-1,-1,,,4,1,2,0,0,1,1,E01004075,3,1,15/11/2018,15/11/2018,1,3,0,18,,0,0,0,1,0,,,2,Male,33,26 - 35,124,1,21,3,1,,1,1,1,1,33,6,3,0,0,0,0,0,3,1,3,2018.0,010145964,E09000028,1.0,0.0,2.0,2018.0,010145964,5.0,1.0,0.0,1.0,1.0,-1,2018.0,010145964,2018,11,1,3
361898,2018010145969,545250.0,187530.0,0.094349,51.567942,1,Slight,3,1,2018-11-16,Friday,02:22,Redbridge,E09000026,5,0,6,20.0,3,4,6,0,,,4,8,2,0,0,1,1,E01003757,3,1,16/11/2018,16/11/2018,1,9,0,18,,1,2,4,0,0,,,6,Male,19,16 - 20,2987,2,10,5,1,,1,1,1,1,19,4,3,0,0,0,0,0,9,1,5,2018.0,010145969,E09000026,0.0,0.0,2.0,2018.0,010145969,1.0,5.0,0.0,1.0,1.0,-1,2018.0,010145969,2018,11,1,2
361938,2018010146109,543040.0,174420.0,0.057171,51.450704,1,Slight,1,1,2018-11-16,Friday,18:20,Greenwich,E09000011,6,0,6,20.0,3,4,3,210,,,4,7,2,0,0,1,1,E01001615,3,1,16/11/2018,16/11/2018,1,9,0,7,,2,0,0,0,0,,,6,Female,21,21 - 25,1997,1,13,9,1,,1,1,3,2,39,7,3,5,1,0,0,2,0,1,2,2018.0,010146109,E09000011,0.0,4.0,2.0,2018.0,010146109,5.0,1.0,0.0,1.0,1.0,-1,2018.0,010146109,2018,11,1,18
361941,2018010146125,510270.0,178840.0,-0.412838,51.497756,1,Slight,2,1,2018-11-16,Friday,19:46,Hillingdon,E09000017,6,0,6,30.0,99,2,6,0,,,7,1,1,0,0,1,2,E01002492,3,1,16/11/2018,16/11/2018,1,9,0,99,,9,9,99,9,99,,,6,Female,19,16 - 20,1896,2,14,3,1,,1,1,1,2,19,4,3,0,0,0,0,0,9,1,3,2018.0,010146125,E09000017,0.0,5.0,2.0,2018.0,010146125,9.0,9.0,99.0,9.0,9.0,-1,2018.0,010146125,2018,11,1,19
361945,2018010146139,518160.0,183280.0,-0.297738,51.536068,1,Slight,2,1,2018-11-16,Friday,18:22,Brent,E09000005,3,4005,3,30.0,3,4,6,0,,,4,1,1,0,1,1,1,E01000472,3,1,16/11/2018,16/11/2018,1,2,0,18,,1,0,0,0,0,,,1,Male,33,26 - 35,-1,-1,-1,4,1,,1,1,1,1,33,6,3,0,0,0,0,0,2,1,4,2018.0,010146139,E09000005,0.0,0.0,2.0,2018.0,010146139,3.0,7.0,0.0,1.0,1.0,-1,2018.0,010146139,2018,11,1,18
361949,2018010146148,533780.0,190130.0,-0.070051,51.594143,1,Slight,1,1,2018-11-16,Friday,18:10,Haringey,E09000014,3,10,2,20.0,3,3,6,0,,,4,2,2,0,0,1,1,E01001979,3,1,16/11/2018,16/11/2018,1,9,0,4,,1,0,0,0,0,,,6,Male,31,26 - 35,2499,1,12,2,1,,1,1,3,1,49,8,3,5,3,0,0,2,0,1,7,2018.0,010146148,E09000014,0.0,4.0,2.0,2018.0,010146148,5.0,1.0,0.0,1.0,1.0,-1,2018.0,010146148,2018,11,1,18
361957,2018010146168,533080.0,182220.0,-0.08314,51.523226,1,Slight,2,1,2018-11-16,Friday,23:05,Hackney,E09000012,6,0,3,20.0,6,4,6,0,,,4,1,2,0,0,1,1,E01033708,3,1,16/11/2018,16/11/2018,1,8,0,18,,1,0,0,0,0,,,1,Male,33,26 - 35,1968,2,5,9,1,,1,1,1,1,33,6,3,0,0,0,0,0,8,1,9,2018.0,010146168,E09000012,0.0,0.0,2.0,2018.0,010146168,7.0,3.0,0.0,4.0,1.0,-1,2018.0,010146168,2018,11,1,23
361960,2018010146172,518070.0,189540.0,-0.296934,51.592349,1,Slight,2,2,2018-11-16,Friday,22:35,Harrow,E09000015,5,0,6,30.0,0,-1,-1,-1,,,4,8,2,0,0,1,1,E01002167,3,1,16/11/2018,16/11/2018,1,9,0,18,,0,0,0,0,0,,,6,Male,24,21 - 25,1242,1,5,6,1,,1,1,1,1,24,5,3,0,0,0,0,0,9,1,6,2018.0,010146172,E09000015,0.0,0.0,2.0,2018.0,010146172,5.0,1.0,0.0,1.0,1.0,-1,2018.0,010146172,2018,11,2,22
361961,2018010146173,531930.0,179490.0,-0.100728,51.498962,1,Serious,1,1,2018-11-16,Friday,22:18,Southwark,E09000028,3,3202,6,20.0,0,-1,-1,-1,,,4,2,2,0,0,1,1,E01003932,2,2,16/11/2018,16/11/2018,1,3,0,13,,0,0,0,0,0,,,1,Male,19,16 - 20,108,1,2,3,1,,1,1,1,1,19,4,2,0,0,0,0,0,3,1,3,2018.0,010146173,E09000028,0.0,0.0,2.0,2018.0,010146173,3.0,7.0,0.0,0.0,1.0,-1,2018.0,010146173,2018,11,2,22
361963,2018010146177,534100.0,177190.0,-0.070357,51.477783,1,Slight,3,1,2018-11-17,Saturday,03:55,Southwark,E09000028,4,215,6,20.0,6,2,4,215,,,4,1,2,0,0,1,1,E01003990,3,1,17/11/2018,17/11/2018,1,9,0,18,,1,5,4,0,0,,,6,Male,31,26 - 35,1998,1,12,2,1,,1,1,1,1,31,6,3,0,0,0,0,0,9,1,2,2018.0,010146177,E09000028,0.0,5.0,2.0,2018.0,010146177,1.0,5.0,0.0,1.0,1.0,-1,2018.0,010146177,2018,11,1,3
361977,2018010146223,534490.0,181720.0,-0.063019,51.518399,1,Slight,2,2,2018-11-17,Saturday,00:01,Tower Hamlets,E09000030,3,11,9,30.0,6,2,4,108,,,4,1,1,0,0,1,2,E01004309,3,1,17/11/2018,17/11/2018,1,9,0,99,,9,9,99,9,99,,,6,Male,28,26 - 35,1968,2,4,2,1,,1,1,1,1,28,6,3,0,0,0,0,0,9,1,2,2018.0,010146223,E09000030,0.0,9.0,2.0,2018.0,010146223,9.0,9.0,99.0,9.0,9.0,-1,2018.0,010146223,2018,11,2,0
361989,2018010146258,533030.0,160740.0,-0.091918,51.330204,1,Slight,2,1,2018-11-17,Saturday,03:00,Croydon,E09000008,3,2022,6,30.0,0,-1,-1,-1,,,4,2,2,0,0,1,2,E01001104,3,1,17/11/2018,17/11/2018,1,9,0,99,,0,9,99,9,99,,,6,Male,20,16 - 20,998,1,18,5,1,,1,1,1,1,20,4,3,0,0,0,0,0,9,1,5,2018.0,010146258,E09000008,0.0,1.0,2.0,2018.0,010146258,9.0,9.0,99.0,1.0,9.0,-1,2018.0,010146258,2018,11,1,3
361996,2018010146283,529480.0,173710.0,-0.138119,51.447584,1,Slight,1,1,2018-11-16,Friday,19:40,Lambeth,E09000022,5,0,6,20.0,0,-1,-1,-1,,,4,2,2,0,0,1,1,E01003156,3,1,16/11/2018,16/11/2018,1,9,0,18,,0,0,0,0,0,,,6,Male,26,26 - 35,1296,1,12,5,1,,1,1,3,2,29,6,3,5,3,0,0,2,0,1,5,2018.0,010146283,E09000022,0.0,1.0,2.0,2018.0,010146283,2.0,6.0,0.0,3.0,1.0,-1,2018.0,010146283,2018,11,1,19
362005,2018010146296,522580.0,184640.0,-0.233567,51.54735,1,Slight,2,1,2018-11-17,Saturday,19:23,Brent,E09000005,3,407,6,30.0,3,4,6,0,,,4,1,1,0,0,1,1,E01000640,3,1,17/11/2018,17/11/2018,1,3,0,18,,2,0,0,0,0,,,1,Male,34,26 - 35,108,1,2,3,1,,2,1,1,1,22,5,3,0,0,0,0,0,3,1,1,2018.0,010146296,E09000005,0.0,0.0,2.0,2018.0,010146296,3.0,8.0,0.0,2.0,1.0,-1,2018.0,010146296,2018,11,1,19
362009,2018010146300,514840.0,192640.0,-0.342526,51.620878,1,Slight,2,1,2018-11-17,Saturday,18:30,Harrow,E09000015,3,409,6,30.0,3,2,3,409,,,7,2,1,0,0,1,2,E01002144,3,1,17/11/2018,17/11/2018,1,9,0,99,,1,0,0,0,0,,,6,Male,31,26 - 35,1598,1,1,3,1,,1,1,1,1,31,6,3,0,0,0,0,0,9,1,3,2018.0,010146300,E09000015,0.0,0.0,2.0,2018.0,010146300,5.0,1.0,0.0,2.0,1.0,-1,2018.0,010146300,2018,11,1,18
362013,2018010146310,534640.0,180720.0,-0.06124,51.509377,1,Slight,1,1,2018-11-17,Saturday,19:15,Tower Hamlets,E09000030,3,1203,3,30.0,0,-1,-1,-1,,,7,1,1,0,0,1,1,E01004295,3,1,17/11/2018,17/11/2018,1,3,0,13,,0,5,0,0,0,,,1,Male,22,21 - 25,108,1,3,2,1,,1,1,1,1,22,5,3,0,0,0,0,0,3,1,2,2018.0,010146310,E09000030,0.0,0.0,2.0,2018.0,010146310,7.0,3.0,0.0,4.0,1.0,-1,2018.0,010146310,2018,11,1,19
362016,2018010146321,550360.0,178940.0,0.164359,51.489422,1,Slight,2,2,2018-11-17,Saturday,18:50,Bexley,E09000004,6,0,6,30.0,3,4,6,0,,,4,1,1,0,0,1,1,E01000408,3,1,17/11/2018,17/11/2018,1,9,0,18,,1,0,0,0,0,,,6,Female,27,26 - 35,1970,1,10,5,1,,1,1,1,2,27,6,3,0,0,0,0,0,9,1,5,2018.0,010146321,E09000004,0.0,0.0,2.0,2018.0,010146321,8.0,4.0,0.0,1.0,1.0,-1,2018.0,010146321,2018,11,2,18
362019,2018010146326,518620.0,179450.0,-0.292397,51.501549,1,Serious,2,1,2018-11-17,Saturday,21:00,Ealing,E09000009,4,4491,6,30.0,0,-1,-1,-1,,,4,1,1,0,0,1,1,E01001231,2,2,17/11/2018,17/11/2018,1,9,0,18,,0,0,0,0,0,,,6,Female,23,21 - 25,1229,1,4,6,1,,2,1,1,1,24,5,2,0,0,0,0,0,5,-1,-1,2018.0,010146326,E09000009,0.0,0.0,2.0,2018.0,010146326,3.0,7.0,0.0,1.0,1.0,-1,2018.0,010146326,2018,11,2,21
362020,2018010146327,542690.0,190090.0,0.058478,51.591598,1,Slight,2,1,2018-11-17,Saturday,18:18,Redbridge,E09000026,5,0,1,30.0,1,4,6,0,,,4,1,1,0,0,1,1,E01003679,3,1,17/11/2018,17/11/2018,1,9,0,18,,3,0,0,0,0,,,6,Female,28,26 - 35,1240,1,13,-1,-1,,1,1,1,2,28,6,3,0,0,0,0,0,9,-1,-1,2018.0,010146327,E09000026,0.0,0.0,2.0,2018.0,010146327,1.0,5.0,0.0,4.0,1.0,-1,2018.0,010146327,2018,11,1,18
362025,2018010146344,520140.0,192920.0,-0.265909,51.622289,1,Slight,4,2,2018-11-17,Saturday,23:32,Barnet,E09000003,3,41,3,50.0,0,-1,-1,-1,,,4,1,1,0,0,1,1,E01000229,3,1,17/11/2018,17/11/2018,1,9,0,12,,0,1,0,0,0,,,6,Female,32,26 - 35,999,1,6,5,1,,1,1,1,2,32,6,3,0,0,0,0,0,9,1,5,2018.0,010146344,E09000003,0.0,7.0,2.0,2018.0,010146344,7.0,3.0,0.0,2.0,1.0,-1,2018.0,010146344,2018,11,2,23
362029,2018010146351,523390.0,178430.0,-0.224065,51.491362,1,Serious,1,1,2018-11-17,Saturday,23:05,Hammersmith and Fulham,E09000013,3,219,6,30.0,9,2,3,219,,,4,1,1,0,0,1,1,E01001898,2,2,17/11/2018,17/11/2018,1,3,0,18,,2,0,0,0,0,,,6,Female,27,26 - 35,125,1,9,2,1,,1,1,3,1,23,5,2,4,1,0,0,2,0,1,10,2018.0,010146351,E09000013,0.0,5.0,2.0,2018.0,010146351,3.0,7.0,0.0,1.0,1.0,-1,2018.0,010146351,2018,11,2,23
362031,2018010146357,535560.0,182090.0,-0.047465,51.521468,1,Serious,2,1,2018-11-18,Sunday,02:07,Tower Hamlets,E09000030,3,11,6,30.0,0,-1,-1,-1,,,4,1,1,0,0,1,1,E01004290,2,2,18/11/2018,18/11/2018,1,2,0,18,,0,2,0,0,0,,,1,Male,24,21 - 25,125,1,14,3,1,,1,1,1,1,24,5,2,0,0,0,0,0,2,1,3,2018.0,010146357,E09000030,0.0,0.0,2.0,2018.0,010146357,3.0,7.0,0.0,4.0,1.0,-1,2018.0,010146357,2018,11,2,2
362032,2018010146358,524520.0,184810.0,-0.205544,51.548453,1,Serious,2,1,2018-11-18,Sunday,02:24,Brent,E09000005,3,5,6,30.0,9,4,6,0,,,4,8,2,0,0,1,1,E01000561,2,2,18/11/2018,18/11/2018,1,4,0,18,,1,5,10,1,0,,,6,Male,26,26 - 35,600,1,14,8,1,,1,1,1,1,26,6,2,0,0,0,0,0,4,1,8,2018.0,010146358,E09000005,0.0,1.0,2.0,2018.0,010146358,8.0,4.0,0.0,1.0,1.0,-1,2018.0,010146358,2018,11,2,2
362034,2018010146367,532560.0,180020.0,-0.091458,51.503578,1,Serious,1,1,2018-11-18,Sunday,04:11,Southwark,E09000028,3,3,3,30.0,0,-1,-1,-1,,,4,1,1,0,0,1,1,E01003929,2,2,18/11/2018,18/11/2018,1,9,0,18,,0,0,0,0,0,,,6,Male,22,21 - 25,1596,1,12,4,1,,1,1,3,1,30,6,2,5,1,0,0,2,0,1,2,2018.0,010146367,E09000028,0.0,0.0,2.0,2018.0,010146367,5.0,1.0,0.0,1.0,1.0,-1,2018.0,010146367,2018,11,2,4
362036,2018010146370,543410.0,184400.0,0.066545,51.540288,1,Slight,2,1,2018-11-18,Sunday,05:00,Newham,E09000025,3,406,3,50.0,0,-1,-1,-1,,,4,2,1,0,0,1,1,E01003625,3,1,18/11/2018,18/11/2018,1,9,0,18,,0,0,7,1,6,,,2,Male,27,26 - 35,999,1,3,8,1,,1,1,1,1,27,6,3,0,0,0,0,0,9,1,8,2018.0,010146370,E09000025,0.0,0.0,2.0,2018.0,010146370,1.0,5.0,0.0,2.0,1.0,-1,2018.0,010146370,2018,11,1,5