,accident_index,location_easting_osgr,location_northing_osgr,longitude,latitude,police_force,accident_severity,number_of_vehicles,number_of_casualties,date,day_of_week,time,local_authority_district,local_authority_highway,first_road_class,first_road_number,road_type,speed_limit,junction_detail,junction_control,second_road_class,second_road_number,pedestrian_crossing-human_control,pedestrian_crossing-physical_facilities,light_conditions,weather_conditions,road_surface_conditions,special_conditions_at_site,carriageway_hazards,urban_or_rural_area,did_police_officer_attend_scene_of_accident,lsoa_of_accident_location,accident_severity_num,accident_severity_inv,date2,date_original,vehicle_reference_x,vehicle_type,towing_and_articulation,vehicle_manoeuvre,vehicle_location-restricted_lane,junction_location,skidding_and_overturning,hit_object_in_carriageway,vehicle_leaving_carriageway,hit_object_off_carriageway,1st_point_of_impact,was_vehicle_left_hand_drive?,journey_purpose_of_driver,sex_of_driver,age_of_driver,age_band_of_driver,engine_capacity_cc,propulsion_code,age_of_vehicle,driver_imd_decile,driver_home_area_type,vehicle_imd_decile,vehicle_reference_y,casualty_reference,casualty_class,sex_of_casualty,age_of_casualty,age_band_of_casualty,casualty_severity,pedestrian_location,pedestrian_movement,car_passenger,bus_or_coach_passenger,pedestrian_road_maintenance_worker,casualty_type,casualty_home_area_type,casualty_imd_decile,accident_year_x,accident_reference_x,local_authority_ons_district,pedestrian_crossing_human_control,pedestrian_crossing_physical_facilities,trunk_road_flag,accident_year_y,accident_reference_y,vehicle_direction_from,vehicle_direction_to,vehicle_location_restricted_lane,first_point_of_impact,vehicle_left_hand_drive,generic_make_model,accident_year,accident_reference,year,month,severity,hours
362051,2018010146451,533570.0,185760.0,-0.074739,51.554922,1,Slight,2,1,2018-11-18,Sunday,18:32,Hackney,E09000012,3,10,6,20.0,6,4,6,0,,,4,1,1,0,0,1,1,E01001834,3,1,18/11/2018,18/11/2018,1,9,0,18,,1,0,0,0,0,,,1,Male,35,26 - 35,2993,2,2,2,1,,2,1,1,1,28,6,3,0,0,0,0,0,1,1,1,2018.0,010146451,E09000012,0.0,0.0,2.0,2018.0,010146451,5.0,1.0,0.0,4.0,1.0,-1,2018.0,010146451,2018,11,1,18
362052,2018010146452,531570.0,183510.0,-0.104411,51.535173,1,Slight,2,1,2018-11-18,Sunday,18:12,Islington,E09000019,3,1,3,20.0,6,2,6,0,,,5,1,1,0,0,1,1,E01002794,3,1,18/11/2018,18/11/2018,1,3,0,9,,8,0,0,0,0,,,6,Male,34,26 - 35,125,1,0,2,1,,2,1,1,1,34,6,3,0,0,0,0,0,3,1,1,2018.0,010146452,E09000019,0.0,5.0,2.0,2018.0,010146452,2.0,7.0,0.0,1.0,1.0,-1,2018.0,010146452,2018,11,1,18
362053,2018010146453,530800.0,176970.0,-0.11793,51.476578,1,Slight,2,1,2018-11-18,Sunday,18:31,Lambeth,E09000022,3,3,3,30.0,9,4,6,0,,,4,1,1,0,0,1,1,E01003186,3,1,18/11/2018,18/11/2018,1,9,0,7,,6,0,0,0,0,,,6,Male,33,26 - 35,1968,2,7,4,1,,2,1,1,1,28,6,3,0,0,0,0,0,5,-1,-1,2018.0,010146453,E09000022,0.0,0.0,2.0,2018.0,010146453,7.0,3.0,0.0,4.0,1.0,-1,2018.0,010146453,2018,11,1,18
362057,2018010146470,521460.0,188720.0,-0.248302,51.58426,1,Slight,2,2,2018-11-18,Sunday,19:25,Barnet,E09000003,3,5,6,30.0,6,2,3,4006,,,4,1,1,0,0,1,1,E01000312,3,1,18/11/2018,18/11/2018,1,9,0,18,,8,0,0,0,0,,,6,Male,25,21 - 25,1968,2,12,6,1,,1,1,2,1,24,5,3,0,0,1,0,0,9,1,6,2018.0,010146470,E09000003,0.0,5.0,2.0,2018.0,010146470,5.0,1.0,0.0,1.0,1.0,-1,2018.0,010146470,2018,11,2,19
362062,2018010146483,521400.0,188800.0,-0.24914,51.584992,1,Slight,2,1,2018-11-18,Sunday,21:05,Barnet,E09000003,3,5,3,30.0,3,4,6,0,,,4,1,1,0,0,1,1,E01000513,3,1,18/11/2018,18/11/2018,1,3,0,18,,1,0,0,0,0,,,6,Male,18,16 - 20,125,1,1,5,1,,1,1,1,1,18,4,3,0,0,0,0,0,3,1,5,2018.0,010146483,E09000003,0.0,0.0,2.0,2018.0,010146483,1.0,5.0,2.0,3.0,1.0,-1,2018.0,010146483,2018,11,1,21
362064,2018010146489,537820.0,173940.0,-0.01809,51.447684,1,Slight,1,1,2018-11-18,Sunday,20:32,Lewisham,E09000023,3,21,6,30.0,6,4,6,0,,,4,1,1,0,0,1,1,E01003324,3,1,18/11/2018,18/11/2018,1,9,0,18,,8,0,0,0,0,,,6,Female,34,26 - 35,1364,1,12,8,1,,1,1,3,1,43,7,3,4,3,0,0,2,0,-1,-1,2018.0,010146489,E09000023,0.0,5.0,2.0,2018.0,010146489,2.0,6.0,0.0,1.0,2.0,-1,2018.0,010146489,2018,11,1,20
362066,2018010146498,538090.0,182390.0,-0.010904,51.523552,1,Slight,1,1,2018-11-17,Saturday,23:38,Tower Hamlets,E09000030,3,12,6,30.0,3,4,4,140,,,4,1,1,0,0,1,1,E01004238,3,1,17/11/2018,17/11/2018,1,9,0,3,,1,0,0,0,0,,,2,Male,23,21 - 25,1995,1,8,4,1,,1,1,1,1,23,5,3,0,0,0,0,0,9,1,4,2018.0,010146498,E09000030,0.0,0.0,2.0,2018.0,010146498,7.0,3.0,0.0,2.0,1.0,-1,2018.0,010146498,2018,11,1,23
362069,2018010146505,532690.0,175990.0,-0.091099,51.467331,1,Slight,2,1,2018-11-18,Sunday,22:00,Southwark,E09000028,3,215,6,30.0,6,2,3,2216,,,4,1,1,0,0,1,2,E01003076,3,1,18/11/2018,18/11/2018,1,5,0,99,,9,9,99,9,99,,,6,Male,24,21 - 25,749,1,2,4,1,,1,1,1,1,24,5,3,0,0,0,0,0,5,1,4,2018.0,010146505,E09000028,0.0,9.0,2.0,2018.0,010146505,9.0,9.0,99.0,2.0,1.0,-1,2018.0,010146505,2018,11,1,22
362078,2018010146522,535860.0,181170.0,-0.043498,51.513129,1,Serious,1,3,2018-11-19,Monday,00:23,Tower Hamlets,E09000030,3,13,6,30.0,3,4,6,0,,,4,1,1,0,0,1,1,E01032769,2,2,19/11/2018,19/11/2018,1,9,0,18,,2,0,0,1,10,,,6,Male,21,21 - 25,1461,2,8,7,1,,1,1,1,1,21,5,3,0,0,0,0,0,9,1,7,2018.0,010146522,E09000030,0.0,4.0,2.0,2018.0,010146522,7.0,3.0,9.0,1.0,1.0,-1,2018.0,010146522,2018,11,6,0
362113,2018010146637,537780.0,183060.0,-0.015107,51.529648,1,Slight,2,1,2018-11-17,Saturday,02:34,Tower Hamlets,E09000030,3,12,9,30.0,1,9,3,12,,,7,2,2,0,0,1,2,E01032764,3,1,17/11/2018,17/11/2018,1,9,0,99,,9,9,99,9,99,,,6,Male,24,21 - 25,1198,1,7,2,1,,1,1,1,1,24,5,3,0,0,0,0,0,9,1,2,2018.0,010146637,E09000030,9.0,9.0,2.0,2018.0,010146637,9.0,9.0,99.0,2.0,9.0,-1,2018.0,010146637,2018,11,1,2
362121,2018010146657,537680.0,180750.0,-0.01745,51.508914,1,Slight,2,1,2018-11-19,Monday,18:30,Tower Hamlets,E09000030,6,0,6,20.0,3,4,6,0,,,4,2,2,0,0,1,1,E01004256,3,1,19/11/2018,19/11/2018,1,9,0,5,,1,0,0,0,0,,,6,Male,23,21 - 25,2231,2,12,-1,-1,,2,1,1,1,33,6,3,0,0,0,0,0,9,1,3,2018.0,010146657,E09000030,2.0,4.0,2.0,2018.0,010146657,7.0,3.0,0.0,1.0,1.0,-1,2018.0,010146657,2018,11,1,18
362122,2018010146658,534870.0,181760.0,-0.05753,51.518668,1,Slight,6,1,2018-11-19,Monday,19:50,Tower Hamlets,E09000030,6,0,6,20.0,6,4,6,0,,,4,2,2,0,0,1,1,E01004322,3,1,19/11/2018,19/11/2018,1,9,0,18,,1,0,0,0,0,,,1,Female,35,26 - 35,1200,1,0,3,1,,4,1,2,2,30,6,3,0,0,1,0,0,9,1,7,2018.0,010146658,E09000030,0.0,0.0,2.0,2018.0,010146658,1.0,5.0,0.0,0.0,1.0,-1,2018.0,010146658,2018,11,1,19
362125,2018010146662,530540.0,174030.0,-0.122756,51.450217,1,Slight,2,1,2018-11-18,Sunday,18:38,Lambeth,E09000022,3,23,3,20.0,9,4,6,0,,,4,1,2,0,0,1,1,E01003024,3,1,18/11/2018,18/11/2018,1,9,0,9,,5,0,0,0,0,,,6,Male,29,26 - 35,1595,1,4,8,1,,2,1,1,1,24,5,3,0,0,0,0,0,1,1,4,2018.0,010146662,E09000022,2.0,8.0,2.0,2018.0,010146662,1.0,5.0,0.0,4.0,1.0,-1,2018.0,010146662,2018,11,1,18
362129,2018010146668,537120.0,183420.0,-0.024476,51.533044,1,Slight,2,1,2018-11-18,Sunday,19:15,Tower Hamlets,E09000030,4,142,6,30.0,3,4,5,0,,,4,2,2,0,0,1,1,E01004224,3,1,18/11/2018,18/11/2018,1,9,0,9,,8,0,0,0,0,,,6,Male,29,26 - 35,2993,2,3,2,1,,2,1,1,1,47,8,3,0,0,0,0,0,3,1,3,2018.0,010146668,E09000030,0.0,0.0,2.0,2018.0,010146668,5.0,7.0,0.0,1.0,1.0,-1,2018.0,010146668,2018,11,1,19
362132,2018010146671,534120.0,181320.0,-0.068501,51.514892,1,Serious,2,1,2018-11-19,Monday,20:00,Tower Hamlets,E09000030,3,13,2,30.0,3,4,4,134,,,6,2,2,0,2,1,1,E01032766,2,2,19/11/2018,19/11/2018,1,9,0,7,,1,0,0,0,0,,,6,Male,28,26 - 35,2197,2,18,1,1,,2,1,1,1,29,6,2,0,0,0,0,0,3,1,3,2018.0,010146671,E09000030,0.0,0.0,2.0,2018.0,010146671,4.0,6.0,0.0,1.0,1.0,-1,2018.0,010146671,2018,11,2,20
362161,2018010146758,529310.0,183200.0,-0.137091,51.532908,1,Serious,2,1,2018-11-19,Monday,22:17,Camden,E09000007,3,4200,6,20.0,6,2,3,400,,,4,2,2,0,1,1,1,E01000952,2,2,19/11/2018,19/11/2018,1,9,0,18,,2,0,0,0,0,,,6,Male,22,21 - 25,999,1,2,2,1,,2,1,1,1,38,7,2,0,0,0,0,0,3,1,2,2018.0,010146758,E09000007,0.0,5.0,2.0,2018.0,010146758,3.0,5.0,0.0,1.0,1.0,-1,2018.0,010146758,2018,11,2,22
362211,2018010146922,526960.0,176270.0,-0.173445,51.471161,1,Slight,1,1,2018-11-20,Tuesday,18:10,Wandsworth,E09000032,6,0,6,30.0,7,4,6,0,,,4,2,2,0,0,1,1,E01004580,3,1,20/11/2018,20/11/2018,1,9,0,4,,1,0,0,0,0,,,6,Male,25,21 - 25,1229,1,13,3,1,,1,1,3,2,23,5,3,5,3,0,0,2,0,1,7,2018.0,010146922,E09000032,0.0,0.0,2.0,2018.0,010146922,4.0,1.0,0.0,1.0,1.0,-1,2018.0,010146922,2018,11,1,18
362214,2018010146927,538830.0,168650.0,-0.005636,51.3999,1,Slight,2,1,2018-11-20,Tuesday,18:25,Bromley,E09000006,5,0,6,20.0,3,4,6,0,,,4,2,2,0,0,1,1,E01000830,3,1,20/11/2018,20/11/2018,1,9,0,5,,1,0,0,0,0,,,2,Male,32,26 - 35,1997,2,7,6,1,,2,1,1,1,33,6,3,0,0,0,0,0,4,1,7,2018.0,010146927,E09000006,0.0,0.0,2.0,2018.0,010146927,1.0,5.0,0.0,1.0,1.0,-1,2018.0,010146927,2018,11,1,18
362229,2018010146980,549230.0,190950.0,0.153184,51.597634,1,Slight,2,5,2018-11-20,Tuesday,20:30,Havering,E09000016,4,174,3,30.0,2,4,5,0,,,4,2,2,0,0,1,1,E01002325,3,1,20/11/2018,20/11/2018,1,8,0,9,,4,1,0,0,0,,,1,Male,35,26 - 35,1797,1,3,3,1,,1,1,1,1,35,6,3,0,0,0,0,0,8,1,3,2018.0,010146980,E09000016,0.0,0.0,2.0,2018.0,010146980,1.0,7.0,0.0,4.0,1.0,-1,2018.0,010146980,2018,11,5,20
362230,2018010146981,538040.0,183200.0,-0.011307,51.530843,1,Slight,2,1,2018-11-20,Tuesday,21:30,Newham,E09000025,3,11,2,30.0,0,-1,-1,-1,,,4,2,2,0,0,1,2,E01033579,3,1,20/11/2018,20/11/2018,1,9,0,99,,0,9,99,9,99,,,6,Male,27,26 - 35,1397,1,9,3,1,,1,1,1,1,27,6,3,0,0,0,0,0,9,1,3,2018.0,010146981,E09000025,0.0,5.0,2.0,2018.0,010146981,9.0,9.0,99.0,2.0,9.0,-1,2018.0,010146981,2018,11,1,21
362231,2018010146984,534410.0,167940.0,-0.069404,51.394583,1,Slight,2,1,2018-11-20,Tuesday,18:53,Croydon,E09000008,5,0,6,20.0,3,9,6,0,,,4,2,2,0,0,1,2,E01001191,3,1,20/11/2018,20/11/2018,1,9,0,3,,9,9,99,9,99,,,6,Female,28,26 - 35,1398,2,6,2,1,,1,1,1,2,28,6,3,0,0,0,0,0,9,1,2,2018.0,010146984,E09000008,0.0,0.0,2.0,2018.0,010146984,9.0,9.0,99.0,2.0,9.0,-1,2018.0,010146984,2018,11,1,18
362234,2018010146989,527450.0,181820.0,-0.164391,51.520929,1,Slight,2,1,2018-11-20,Tuesday,19:04,Westminster,E09000033,3,501,6,20.0,6,2,4,507,,,7,2,2,0,0,1,2,E01033603,3,1,20/11/2018,20/11/2018,1,8,0,5,,8,0,0,0,0,,,6,Male,32,26 - 35,1598,2,5,2,1,,1,1,1,1,32,6,3,0,0,0,0,0,8,1,2,2018.0,010146989,E09000033,0.0,5.0,2.0,2018.0,010146989,7.0,3.0,0.0,4.0,9.0,-1,2018.0,010146989,2018,11,1,19
362235,2018010146990,533180.0,173150.0,-0.085117,51.441694,1,Slight,2,1,2018-11-20,Tuesday,18:15,Southwark,E09000028,3,205,2,20.0,6,2,6,0,,,4,2,2,0,0,1,1,E01004069,3,1,20/11/2018,20/11/2018,1,9,0,3,,1,0,0,0,0,,,6,Female,33,26 - 35,1796,1,9,3,1,,1,1,1,2,33,6,3,0,0,0,0,0,9,1,3,2018.0,010146990,E09000028,0.0,4.0,2.0,2018.0,010146990,3.0,7.0,0.0,2.0,1.0,-1,2018.0,010146990,2018,11,1,18
362242,2018010146998,515630.0,185160.0,-0.333582,51.553488,1,Serious,2,1,2018-11-21,Wednesday,01:05,Ealing,E09000009,3,4090,6,30.0,3,3,6,0,,,4,2,2,0,0,1,1,E01001312,2,2,21/11/2018,21/11/2018,1,9,0,18,,1,0,0,0,0,,,6,Male,29,26 - 35,-1,-1,-1,5,1,,1,1,1,1,29,6,2,0,0,0,0,0,9,1,5,2018.0,010146998,E09000009,0.0,0.0,2.0,2018.0,010146998,3.0,7.0,0.0,1.0,2.0,-1,2018.0,010146998,2018,11,2,1
362259,2018010147076,524320.0,186140.0,-0.207957,51.560451,1,Slight,2,1,2018-11-19,Monday,19:45,Barnet,E09000003,3,407,9,30.0,0,-1,-1,-1,,,7,9,9,9,9,1,2,E01000143,3,1,19/11/2018,19/11/2018,1,3,9,99,,0,9,99,9,99,,,6,Male,29,26 - 35,125,1,3,4,1,,1,1,1,1,29,6,3,0,0,0,0,0,3,1,4,2018.0,010147076,E09000003,9.0,9.0,2.0,2018.0,010147076,9.0,9.0,99.0,9.0,1.0,-1,2018.0,010147076,2018,11,1,19
362271,2018010147123,518600.0,178300.0,-0.293071,51.491218,1,Slight,2,1,2018-11-20,Tuesday,19:05,Hounslow,E09000018,1,4,3,70.0,0,-1,-1,-1,,,4,5,2,0,0,1,2,E01002566,3,1,20/11/2018,20/11/2018,1,9,0,99,,0,9,99,9,99,,,2,Male,28,26 - 35,1398,1,5,7,3,,1,1,1,1,28,6,3,0,0,0,0,0,9,3,7,2018.0,010147123,E09000018,0.0,0.0,1.0,2018.0,010147123,9.0,9.0,99.0,2.0,9.0,-1,2018.0,010147123,2018,11,1,19
362284,2018010147160,527900.0,180800.0,-0.158279,51.51166,1,Slight,2,1,2018-11-20,Tuesday,18:40,Westminster,E09000033,3,4202,3,40.0,0,-1,-1,-1,,,4,2,2,0,0,1,1,E01004689,3,1,20/11/2018,20/11/2018,1,9,0,3,,0,0,0,0,0,,,6,Female,21,21 - 25,1197,1,3,2,1,,1,1,1,2,21,5,3,0,0,0,0,0,9,1,2,2018.0,010147160,E09000033,0.0,0.0,2.0,2018.0,010147160,5.0,1.0,0.0,2.0,1.0,-1,2018.0,010147160,2018,11,1,18
362289,2018010147180,509290.0,179330.0,-0.426798,51.50235,1,Slight,2,1,2018-11-20,Tuesday,19:25,Hillingdon,E09000017,3,437,7,30.0,3,4,6,0,,,7,5,2,0,0,1,2,E01002489,3,1,20/11/2018,20/11/2018,1,9,0,99,,9,9,99,9,99,,,2,Male,34,26 - 35,1242,1,11,4,1,,1,1,1,1,34,6,3,0,0,0,0,0,9,1,4,2018.0,010147180,E09000017,9.0,5.0,2.0,2018.0,010147180,9.0,9.0,99.0,1.0,9.0,-1,2018.0,010147180,2018,11,1,19
362296,2018010147196,531110.0,175730.0,-0.113929,51.465363,1,Slight,1,2,2018-11-21,Wednesday,19:18,Lambeth,E09000022,3,23,6,20.0,0,-1,-1,-1,,,4,1,1,0,0,1,1,E01003061,3,1,21/11/2018,21/11/2018,1,3,0,18,,0,5,0,0,0,,,1,Male,32,26 - 35,125,1,4,3,1,,1,1,1,1,32,6,3,0,0,0,0,0,3,1,3,2018.0,010147196,E09000022,0.0,0.0,2.0,2018.0,010147196,1.0,5.0,0.0,1.0,1.0,-1,2018.0,010147196,2018,11,2,19
362297,2018010147197,534630.0,177710.0,-0.062532,51.48233,1,Slight,2,1,2018-11-21,Wednesday,00:25,Southwark,E09000028,3,2,6,30.0,3,2,6,0,,,7,2,2,0,0,1,2,E01003988,3,1,21/11/2018,21/11/2018,1,5,0,99,,9,9,99,9,99,,,2,Male,27,26 - 35,649,1,2,3,1,,1,1,1,1,27,6,3,0,0,0,0,0,5,1,3,2018.0,010147197,E09000028,0.0,9.0,2.0,2018.0,010147197,9.0,9.0,99.0,9.0,1.0,-1,2018.0,010147197,2018,11,1,0
362317,2018010147233,550070.0,174860.0,0.158453,51.45284,1,Slight,2,2,2018-11-21,Wednesday,22:40,Bexley,E09000004,6,0,6,30.0,9,4,6,0,,,4,1,4,0,0,1,1,E01000331,3,1,21/11/2018,21/11/2018,1,9,0,18,,8,1,0,3,10,,,6,Male,17,16 - 20,1995,2,14,2,1,,1,1,2,1,21,5,3,0,0,1,0,0,9,1,10,2018.0,010147233,E09000004,0.0,0.0,2.0,2018.0,010147233,7.0,3.0,0.0,1.0,1.0,-1,2018.0,010147233,2018,11,2,22
362318,2018010147235,531950.0,182950.0,-0.099145,51.530051,1,Serious,1,1,2018-11-21,Wednesday,23:00,Islington,E09000019,3,501,6,30.0,3,4,6,0,,,4,1,1,0,0,1,1,E01002707,2,2,21/11/2018,21/11/2018,1,4,0,3,,2,0,0,0,0,,,2,Male,28,26 - 35,-1,-1,-1,7,1,,1,1,3,1,59,9,2,5,3,0,0,2,0,1,2,2018.0,010147235,E09000019,0.0,0.0,2.0,2018.0,010147235,4.0,8.0,0.0,1.0,1.0,-1,2018.0,010147235,2018,11,2,23
362319,2018010147236,526560.0,195670.0,-0.172224,51.645597,1,Slight,2,1,2018-11-21,Wednesday,22:00,Barnet,E09000003,6,0,6,30.0,0,-1,-1,-1,,,4,1,1,0,0,1,1,E01000270,3,1,21/11/2018,21/11/2018,1,9,0,18,,0,0,10,7,1,,,6,Male,20,16 - 20,1198,1,2,4,1,,1,1,1,1,20,4,3,0,0,0,0,0,9,1,4,2018.0,010147236,E09000003,0.0,0.0,2.0,2018.0,010147236,1.0,5.0,0.0,1.0,1.0,-1,2018.0,010147236,2018,11,1,22
362320,2018010147238,535480.0,181200.0,-0.048959,51.51349,1,Slight,2,1,2018-11-21,Wednesday,23:20,Tower Hamlets,E09000030,3,13,6,30.0,9,2,6,0,,,4,1,4,0,0,1,1,E01004305,3,1,21/11/2018,21/11/2018,1,9,0,18,,8,0,0,0,0,,,4,Male,28,26 - 35,1896,2,13,4,1,,1,1,3,1,36,7,3,1,1,0,0,2,0,1,2,2018.0,010147238,E09000030,0.0,4.0,2.0,2018.0,010147238,7.0,3.0,0.0,1.0,1.0,-1,2018.0,010147238,2018,11,1,23
362321,2018010147240,525680.0,163130.0,-0.196517,51.353353,1,Slight,3,3,2018-11-21,Wednesday,21:43,Sutton,E09000029,6,0,6,30.0,6,4,6,0,,,4,1,2,0,0,1,1,E01004155,3,1,21/11/2018,21/11/2018,1,9,0,18,,8,0,10,0,0,,,6,Male,26,26 - 35,-1,-1,-1,10,1,,1,1,1,1,26,6,3,0,0,0,0,0,9,1,10,2018.0,010147240,E09000029,0.0,0.0,2.0,2018.0,010147240,5.0,1.0,0.0,1.0,1.0,-1,2018.0,010147240,2018,11,3,21
362328,2018010147255,521950.0,184090.0,-0.242839,51.542543,1,Serious,2,1,2018-11-21,Wednesday,22:09,Brent,E09000005,6,0,6,30.0,0,-1,-1,-1,,,4,8,1,0,0,1,1,E01000643,2,2,21/11/2018,21/11/2018,1,9,0,18,,0,0,0,0,0,,,6,Male,21,21 - 25,1995,2,6,3,1,,2,1,1,1,26,6,2,0,0,0,0,0,2,-1,-1,2018.0,010147255,E09000005,0.0,0.0,2.0,2018.0,010147255,1.0,5.0,0.0,1.0,1.0,-1,2018.0,010147255,2018,11,2,22
362331,2018010147262,536520.0,175680.0,-0.036115,51.463635,1,Slight,2,1,2018-11-19,Monday,01:20,Lewisham,E09000023,4,218,9,30.0,6,9,6,0,,,1,1,9,0,0,1,2,E01003214,3,1,19/11/2018,19/11/2018,1,8,0,99,,9,9,99,9,99,,,6,Male,29,26 - 35,1798,8,3,5,1,,1,1,1,1,29,6,3,0,0,0,0,0,8,1,5,2018.0,010147262,E09000023,9.0,9.0,2.0,2018.0,010147262,9.0,9.0,99.0,1.0,9.0,-1,2018.0,010147262,2018,11,1,1
362356,2018010147360,516990.0,174590.0,-0.317478,51.458208,1,Slight,2,1,2018-10-11,Thursday,20:00,Richmond upon Thames,E09000027,3,316,3,40.0,3,4,6,0,,,7,2,2,0,0,1,2,E01003872,3,1,10/11/2018,10/11/2018,1,9,0,18,,1,0,0,0,0,,,6,Female,27,26 - 35,1200,1,1,6,1,,1,1,1,2,27,6,3,0,0,0,0,0,9,1,6,2018.0,010147360,E09000027,0.0,0.0,2.0,2018.0,010147360,1.0,5.0,0.0,2.0,1.0,-1,2018.0,010147360,2018,10,1,20
362361,2018010147370,525680.0,176420.0,-0.191812,51.472794,1,Slight,2,1,2018-11-16,Friday,21:00,Hammersmith and Fulham,E09000013,3,217,6,30.0,3,4,3,217,,,4,1,1,0,0,1,2,E01001925,3,1,16/11/2018,16/11/2018,1,3,0,99,,9,9,99,9,99,,,6,Male,32,26 - 35,125,1,0,2,1,,1,1,1,1,32,6,3,0,0,0,0,0,3,1,2,2018.0,010147370,E09000013,9.0,9.0,2.0,2018.0,010147370,9.0,9.0,99.0,1.0,1.0,-1,2018.0,010147370,2018,11,1,21
362367,2018010147392,529690.0,180340.0,-0.132668,51.507119,1,Slight,2,1,2018-10-31,Wednesday,22:40,Westminster,E09000033,3,4,7,30.0,3,9,3,4,,,4,9,9,9,9,1,2,E01004736,3,1,31/10/2018,31/10/2018,1,9,9,99,,9,9,99,9,99,,,6,Male,34,26 - 35,1560,2,4,2,1,,1,1,1,1,34,6,3,0,0,0,0,0,9,1,2,2018.0,010147392,E09000033,9.0,9.0,2.0,2018.0,010147392,9.0,9.0,99.0,9.0,9.0,-1,2018.0,010147392,2018,10,1,22
362369,2018010147395,525860.0,178090.0,-0.188627,51.487763,1,Slight,2,2,2018-10-31,Wednesday,22:05,Kensington and Chelsea,E09000020,3,3220,6,30.0,6,2,6,0,,,4,1,9,0,0,1,2,E01002896,3,1,31/10/2018,31/10/2018,1,9,0,18,,1,0,0,0,0,,,6,Male,20,16 - 20,1900,2,11,2,1,,1,1,1,1,20,4,3,0,0,0,0,0,9,1,2,2018.0,010147395,E09000020,0.0,0.0,2.0,2018.0,010147395,5.0,1.0,0.0,1.0,1.0,-1,2018.0,010147395,2018,10,2,22
362396,2018010147493,532250.0,171360.0,-0.099158,51.425825,1,Slight,1,1,2018-11-22,Thursday,18:15,Lambeth,E09000022,4,232,6,30.0,0,-1,-1,-1,,,4,1,1,0,0,1,1,E01003086,3,1,22/11/2018,22/11/2018,1,9,0,4,,0,0,0,0,0,,,2,Female,23,21 - 25,1198,1,4,4,1,,1,1,3,2,25,5,3,5,1,0,0,2,0,1,2,2018.0,010147493,E09000022,0.0,0.0,2.0,2018.0,010147493,1.0,5.0,0.0,1.0,1.0,-1,2018.0,010147493,2018,11,1,18
362401,2018010147509,527420.0,179380.0,-0.165705,51.499007,1,Slight,1,1,2018-11-21,Wednesday,20:30,Westminster,E09000033,6,0,3,20.0,6,9,6,0,,,4,1,1,9,9,1,2,E01002819,3,1,21/11/2018,21/11/2018,1,4,0,18,,1,0,0,0,0,,,6,Male,22,21 - 25,125,1,2,1,1,,1,1,1,1,22,5,3,0,0,0,0,0,4,1,1,2018.0,010147509,E09000033,9.0,9.0,2.0,2018.0,010147509,5.0,1.0,0.0,1.0,1.0,-1,2018.0,010147509,2018,11,1,20
362409,2018010147524,532340.0,190170.0,-0.090812,51.594842,1,Slight,2,1,2018-11-23,Friday,00:10,Haringey,E09000014,4,155,6,20.0,0,-1,-1,-1,,,4,2,2,0,0,1,1,E01002088,3,1,23/11/2018,23/11/2018,1,9,0,4,,0,0,0,0,0,,,6,Male,27,26 - 35,1998,2,9,3,1,,2,1,1,2,22,5,3,0,0,0,0,0,9,1,3,2018.0,010147524,E09000014,0.0,0.0,2.0,2018.0,010147524,1.0,5.0,0.0,1.0,1.0,-1,2018.0,010147524,2018,11,1,0
362410,2018010147526,525390.0,177210.0,-0.195705,51.479959,1,Slight,1,2,2018-11-23,Friday,03:15,Hammersmith and Fulham,E09000013,3,304,6,20.0,9,2,4,318,,,4,1,1,0,0,1,1,E01001920,3,1,23/11/2018,23/11/2018,1,3,0,16,,1,0,0,0,0,,,1,Male,25,21 - 25,125,1,0,4,1,,1,1,1,1,25,5,3,0,0,0,0,0,3,1,4,2018.0,010147526,E09000013,0.0,4.0,2.0,2018.0,010147526,5.0,1.0,0.0,1.0,1.0,-1,2018.0,010147526,2018,11,2,3
362454,2018010147653,530910.0,187300.0,-0.112512,51.569385,1,Slight,1,2,2018-11-23,Friday,18:06,Haringey,E09000014,3,1201,6,20.0,3,4,6,0,,,4,9,2,0,6,1,1,E01002805,3,1,23/11/2018,23/11/2018,1,3,0,18,,8,1,0,0,0,,,1,Male,30,26 - 35,125,1,1,2,1,,1,1,1,1,30,6,3,0,0,0,0,0,3,1,2,2018.0,010147653,E09000014,0.0,5.0,2.0,2018.0,010147653,1.0,5.0,0.0,0.0,1.0,-1,2018.0,010147653,2018,11,2,18