,accident_index,location_easting_osgr,location_northing_osgr,longitude,latitude,police_force,accident_severity,number_of_vehicles,number_of_casualties,date,day_of_week,time,local_authority_district,local_authority_highway,first_road_class,first_road_number,road_type,speed_limit,junction_detail,junction_control,second_road_class,second_road_number,pedestrian_crossing-human_control,pedestrian_crossing-physical_facilities,light_conditions,weather_conditions,road_surface_conditions,special_conditions_at_site,carriageway_hazards,urban_or_rural_area,did_police_officer_attend_scene_of_accident,lsoa_of_accident_location,accident_severity_num,accident_severity_inv,date2,date_original,vehicle_reference_x,vehicle_type,towing_and_articulation,vehicle_manoeuvre,vehicle_location-restricted_lane,junction_location,skidding_and_overturning,hit_object_in_carriageway,vehicle_leaving_carriageway,hit_object_off_carriageway,1st_point_of_impact,was_vehicle_left_hand_drive?,journey_purpose_of_driver,sex_of_driver,age_of_driver,age_band_of_driver,engine_capacity_cc,propulsion_code,age_of_vehicle,driver_imd_decile,driver_home_area_type,vehicle_imd_decile,vehicle_reference_y,casualty_reference,casualty_class,sex_of_casualty,age_of_casualty,age_band_of_casualty,casualty_severity,pedestrian_location,pedestrian_movement,car_passenger,bus_or_coach_passenger,pedestrian_road_maintenance_worker,casualty_type,casualty_home_area_type,casualty_imd_decile,accident_year_x,accident_reference_x,local_authority_ons_district,pedestrian_crossing_human_control,pedestrian_crossing_physical_facilities,trunk_road_flag,accident_year_y,accident_reference_y,vehicle_direction_from,vehicle_direction_to,vehicle_location_restricted_lane,first_point_of_impact,vehicle_left_hand_drive,generic_make_model,accident_year,accident_reference,year,month,severity,hours
362465,2018010147676,537820.0,173950.0,-0.018086,51.447774,1,Slight,2,2,2018-11-23,Friday,18:00,Lewisham,E09000023,3,21,6,30.0,6,4,6,0,,,4,1,1,0,0,1,1,E01003324,3,1,23/11/2018,23/11/2018,1,3,0,15,,1,0,0,0,0,,,1,Male,25,21 - 25,124,1,6,-1,-1,,1,1,1,1,25,5,3,0,0,0,0,0,3,-1,-1,2018.0,010147676,E09000023,0.0,4.0,2.0,2018.0,010147676,7.0,3.0,0.0,0.0,1.0,-1,2018.0,010147676,2018,11,2,18
362467,2018010147681,533270.0,186560.0,-0.078761,51.562182,1,Slight,2,1,2018-11-23,Friday,18:05,Hackney,E09000012,4,104,6,20.0,3,4,5,0,,,4,8,1,4,0,1,1,E01001741,3,1,23/11/2018,23/11/2018,1,9,0,9,,6,0,0,0,0,,,2,Male,21,21 - 25,1360,1,18,3,1,,2,1,1,2,33,6,3,0,0,0,0,0,1,1,4,2018.0,010147681,E09000012,0.0,0.0,2.0,2018.0,010147681,1.0,7.0,0.0,1.0,1.0,-1,2018.0,010147681,2018,11,1,18
362469,2018010147693,538220.0,176070.0,-0.011506,51.466727,1,Slight,2,1,2018-11-23,Friday,20:10,Lewisham,E09000023,3,2211,6,20.0,3,2,6,0,,,4,1,1,0,0,1,1,E01003296,3,1,23/11/2018,23/11/2018,1,5,0,18,,8,0,0,0,0,,,6,Male,32,26 - 35,599,1,20,3,1,,1,1,1,1,32,6,3,0,0,0,0,0,5,1,3,2018.0,010147693,E09000023,0.0,5.0,2.0,2018.0,010147693,4.0,8.0,0.0,1.0,1.0,-1,2018.0,010147693,2018,11,1,20
362470,2018010147694,536260.0,189490.0,-0.034518,51.587798,1,Slight,2,1,2018-11-23,Friday,20:45,Waltham Forest,E09000031,3,503,6,20.0,3,4,6,0,,,4,1,1,0,0,1,1,E01004396,3,1,23/11/2018,23/11/2018,1,9,0,7,,1,0,0,0,0,,,6,Male,27,26 - 35,1896,2,12,4,1,,2,1,1,1,49,8,3,0,0,0,0,0,1,1,2,2018.0,010147694,E09000031,0.0,0.0,2.0,2018.0,010147694,3.0,7.0,0.0,0.0,1.0,-1,2018.0,010147694,2018,11,1,20
362474,2018010147702,524660.0,182870.0,-0.204212,51.530987,1,Slight,2,1,2018-11-23,Friday,21:05,Westminster,E09000033,6,0,6,20.0,6,4,6,0,,,4,1,1,0,0,1,1,E01004723,3,1,23/11/2018,23/11/2018,1,8,0,18,,8,0,0,0,0,,,1,Male,35,26 - 35,1798,8,3,1,1,,1,1,1,1,35,6,3,0,0,0,0,0,8,1,1,2018.0,010147702,E09000033,0.0,0.0,2.0,2018.0,010147702,6.0,2.0,0.0,1.0,1.0,-1,2018.0,010147702,2018,11,1,21
362477,2018010147717,532930.0,191540.0,-0.081781,51.607014,1,Slight,2,3,2018-11-23,Friday,21:30,Haringey,E09000014,6,0,6,20.0,3,4,6,0,,,4,1,1,0,0,1,1,E01002091,3,1,23/11/2018,23/11/2018,1,9,0,18,,8,0,0,0,0,,,6,Male,34,26 - 35,1995,2,13,-1,-1,,2,1,1,1,29,6,3,0,0,0,0,0,9,1,1,2018.0,010147717,E09000014,0.0,4.0,2.0,2018.0,010147717,7.0,3.0,0.0,1.0,1.0,-1,2018.0,010147717,2018,11,3,21
362478,2018010147718,535050.0,175510.0,-0.057328,51.46246,1,Slight,1,1,2018-11-23,Friday,22:05,Southwark,E09000028,5,0,6,30.0,0,-1,-1,-1,,,4,1,2,0,0,1,1,E01004019,3,1,23/11/2018,23/11/2018,1,8,0,18,,0,0,0,0,0,,,1,Male,28,26 - 35,1798,8,1,2,1,,1,1,2,2,34,6,3,0,0,2,0,0,8,1,2,2018.0,010147718,E09000028,0.0,0.0,2.0,2018.0,010147718,0.0,0.0,0.0,0.0,1.0,-1,2018.0,010147718,2018,11,1,22
362479,2018010147719,542510.0,175260.0,0.049887,51.458386,1,Slight,5,1,2018-11-23,Friday,23:35,Greenwich,E09000011,3,208,3,30.0,8,4,6,0,,,4,8,1,0,0,1,1,E01001607,3,1,23/11/2018,23/11/2018,1,9,0,15,,8,0,0,0,0,,,6,Male,29,26 - 35,1968,2,5,2,1,,1,1,2,1,36,7,3,0,0,1,0,0,9,-1,-1,2018.0,010147719,E09000011,0.0,5.0,2.0,2018.0,010147719,0.0,5.0,0.0,1.0,1.0,-1,2018.0,010147719,2018,11,1,23
362481,2018010147723,521430.0,191610.0,-0.247736,51.61024,1,Slight,2,2,2018-11-24,Saturday,01:03,Barnet,E09000003,5,0,6,30.0,3,4,5,0,,,4,1,1,0,0,1,1,E01000235,3,1,24/11/2018,24/11/2018,1,9,0,18,,1,0,0,0,0,,,6,Male,31,26 - 35,1797,8,8,3,1,,1,1,1,1,31,6,3,0,0,0,0,0,9,1,3,2018.0,010147723,E09000003,0.0,0.0,2.0,2018.0,010147723,2.0,1.0,0.0,4.0,1.0,-1,2018.0,010147723,2018,11,2,1
362485,2018010147735,548050.0,185870.0,0.134021,51.552299,1,Slight,2,2,2018-11-24,Saturday,01:30,Barking and Dagenham,E09000002,3,124,3,30.0,3,4,6,0,,,4,1,1,0,0,1,1,E01000078,3,1,24/11/2018,24/11/2018,1,9,0,4,,1,1,0,1,10,,,6,Male,20,16 - 20,1498,1,6,6,3,,1,1,1,1,20,4,3,0,0,0,0,0,9,3,6,2018.0,010147735,E09000002,0.0,0.0,2.0,2018.0,010147735,1.0,5.0,0.0,1.0,1.0,-1,2018.0,010147735,2018,11,2,1
362487,2018010147737,537320.0,192330.0,-0.018116,51.61306,1,Slight,2,1,2018-11-24,Saturday,02:17,Waltham Forest,E09000031,3,112,6,30.0,3,4,6,0,,,4,8,2,0,0,1,1,E01004454,3,1,24/11/2018,24/11/2018,1,9,0,16,,5,0,0,7,10,,,6,Male,22,21 - 25,1149,1,13,3,1,,1,1,1,1,22,5,3,0,0,0,0,0,9,1,3,2018.0,010147737,E09000031,0.0,0.0,2.0,2018.0,010147737,1.0,5.0,9.0,1.0,1.0,-1,2018.0,010147737,2018,11,1,2
362488,2018010147741,520250.0,188680.0,-0.265772,51.58416,1,Slight,2,1,2018-11-24,Saturday,03:45,Brent,E09000005,3,4006,6,30.0,7,2,5,0,,,4,1,1,0,0,1,1,E01000515,3,1,24/11/2018,24/11/2018,1,9,0,9,,1,0,0,0,0,,,6,Male,20,16 - 20,1396,1,10,4,1,,2,1,1,1,54,8,3,0,0,0,0,0,8,1,3,2018.0,010147741,E09000005,0.0,5.0,2.0,2018.0,010147741,5.0,1.0,0.0,3.0,1.0,-1,2018.0,010147741,2018,11,1,3
362491,2018010147744,534580.0,181310.0,-0.061879,51.514693,1,Slight,2,1,2018-01-12,Friday,18:29,Tower Hamlets,E09000030,4,108,3,30.0,6,2,3,13,,,4,1,1,0,0,1,1,E01004319,3,1,01/12/2018,01/12/2018,1,9,0,9,,8,0,0,0,0,,,6,Male,26,26 - 35,2401,2,13,4,1,,1,1,1,1,26,6,3,0,0,0,0,0,9,1,4,2018.0,010147744,E09000030,0.0,4.0,2.0,2018.0,010147744,3.0,5.0,0.0,2.0,1.0,-1,2018.0,010147744,2018,1,1,18
362510,2018010147807,530060.0,180370.0,-0.127328,51.507304,1,Slight,2,1,2018-11-22,Thursday,19:45,Westminster,E09000033,3,4,1,30.0,1,2,4,308,,,7,1,1,0,0,1,2,E01004736,3,1,22/11/2018,22/11/2018,1,9,0,99,,9,9,99,9,99,,,2,Female,24,21 - 25,-1,-1,-1,4,1,,1,1,1,2,24,5,3,0,0,0,0,0,9,1,4,2018.0,010147807,E09000033,0.0,1.0,2.0,2018.0,010147807,9.0,9.0,99.0,9.0,9.0,-1,2018.0,010147807,2018,11,1,19
362524,2018010147841,540360.0,169570.0,0.016707,51.407791,1,Slight,2,1,2018-11-24,Saturday,19:09,Bromley,E09000006,3,2212,3,30.0,3,4,3,21,,,4,1,1,0,0,1,1,E01000675,3,1,24/11/2018,24/11/2018,1,9,0,9,,5,0,0,0,0,,,6,Male,34,26 - 35,2993,2,2,9,1,,2,1,1,1,33,6,3,0,0,0,0,0,4,1,2,2018.0,010147841,E09000006,0.0,8.0,2.0,2018.0,010147841,7.0,3.0,0.0,1.0,1.0,-1,2018.0,010147841,2018,11,1,19
362525,2018010147842,541050.0,168170.0,0.026066,51.39504,1,Slight,3,1,2018-11-24,Saturday,20:28,Bromley,E09000006,3,21,6,30.0,3,2,4,265,,,4,1,1,0,0,1,1,E01000671,3,1,24/11/2018,24/11/2018,1,9,0,4,,1,0,0,0,0,,,6,Female,20,16 - 20,1198,1,5,10,1,,2,1,1,2,48,8,3,0,0,0,0,0,9,1,9,2018.0,010147842,E09000006,0.0,0.0,2.0,2018.0,010147842,5.0,1.0,0.0,1.0,1.0,-1,2018.0,010147842,2018,11,1,20
362527,2018010147850,546110.0,185080.0,0.105732,51.545706,1,Slight,2,1,2018-11-24,Saturday,01:05,Barking and Dagenham,E09000002,6,0,3,30.0,3,4,6,0,,,4,1,1,0,0,1,1,E01000066,3,1,24/11/2018,24/11/2018,1,9,0,7,,1,0,0,0,0,,,3,Male,19,16 - 20,1389,1,15,3,1,,1,1,1,1,19,4,3,0,0,0,0,0,9,1,3,2018.0,010147850,E09000002,0.0,0.0,2.0,2018.0,010147850,3.0,1.0,0.0,1.0,1.0,-1,2018.0,010147850,2018,11,1,1
362533,2018010147860,531910.0,172190.0,-0.103737,51.433363,1,Slight,2,1,2018-11-23,Friday,20:31,Lambeth,E09000022,3,215,2,20.0,3,2,3,215,,,7,1,1,0,0,1,2,E01003080,3,1,23/11/2018,23/11/2018,1,9,0,99,,9,9,99,9,99,,,2,Male,34,26 - 35,2720,2,11,7,1,,1,1,1,1,34,6,3,0,0,0,0,0,9,1,7,2018.0,010147860,E09000022,0.0,5.0,2.0,2018.0,010147860,9.0,9.0,99.0,2.0,9.0,-1,2018.0,010147860,2018,11,1,20
362544,2018010147882,528140.0,182020.0,-0.154379,51.52257,1,Serious,2,4,2018-11-25,Sunday,03:29,Westminster,E09000033,3,501,3,30.0,3,4,6,0,,,4,1,1,0,0,1,1,E01004712,2,2,25/11/2018,25/11/2018,1,9,0,18,,1,0,0,0,0,,,6,Male,23,21 - 25,4663,1,3,4,1,,1,1,2,1,24,5,3,0,0,1,0,0,9,1,3,2018.0,010147882,E09000033,0.0,0.0,2.0,2018.0,010147882,3.0,7.0,0.0,2.0,1.0,-1,2018.0,010147882,2018,11,8,3
362545,2018010147883,541510.0,181940.0,0.038179,51.518662,1,Serious,3,2,2018-11-25,Sunday,00:30,Newham,E09000025,3,13,3,50.0,0,-1,-1,-1,,,4,1,1,0,0,1,1,E01003516,2,2,25/11/2018,25/11/2018,1,9,0,12,,0,5,0,0,0,,,6,Not known,28,26 - 35,1995,2,11,-1,-1,,1,1,2,1,18,4,2,0,0,2,0,0,9,1,7,2018.0,010147883,E09000025,0.0,0.0,2.0,2018.0,010147883,3.0,7.0,0.0,3.0,1.0,-1,2018.0,010147883,2018,11,4,0
362547,2018010147889,523530.0,172800.0,-0.224015,51.440733,1,Slight,2,3,2018-11-25,Sunday,03:55,Wandsworth,E09000032,3,219,6,30.0,0,-1,-1,-1,,,4,1,1,0,0,1,1,E01004573,3,1,25/11/2018,25/11/2018,1,9,0,18,,0,0,0,0,0,,,6,Male,19,16 - 20,1798,8,4,-1,-1,,2,1,1,1,43,7,3,0,0,0,0,0,9,1,5,2018.0,010147889,E09000032,0.0,0.0,2.0,2018.0,010147889,1.0,5.0,0.0,1.0,1.0,-1,2018.0,010147889,2018,11,3,3
362549,2018010147891,541220.0,160840.0,0.025602,51.329131,1,Slight,1,1,2018-11-24,Saturday,22:59,Bromley,E09000006,3,233,6,30.0,0,-1,-1,-1,,,4,1,2,0,0,1,1,E01000658,3,1,24/11/2018,24/11/2018,1,9,0,18,,0,0,0,1,1,,,6,Male,35,26 - 35,1598,1,14,5,1,,1,1,1,1,35,6,3,0,0,0,0,0,9,1,5,2018.0,010147891,E09000006,0.0,0.0,2.0,2018.0,010147891,1.0,5.0,0.0,1.0,1.0,-1,2018.0,010147891,2018,11,1,22
362550,2018010147892,529810.0,182520.0,-0.130137,51.526683,1,Slight,1,1,2018-11-25,Sunday,02:35,Camden,E09000007,3,4200,6,30.0,0,-1,-1,-1,,,4,1,1,0,0,1,2,E01000852,3,1,25/11/2018,25/11/2018,1,8,0,99,,0,9,99,9,99,,,6,Male,34,26 - 35,1797,8,4,3,1,,1,1,1,1,34,6,3,0,0,0,0,0,8,1,3,2018.0,010147892,E09000007,9.0,1.0,2.0,2018.0,010147892,9.0,9.0,99.0,2.0,9.0,-1,2018.0,010147892,2018,11,1,2
362553,2018010147901,532910.0,184430.0,-0.084755,51.543126,1,Slight,4,1,2018-11-25,Sunday,05:48,Islington,E09000019,5,0,6,20.0,0,-1,-1,-1,,,4,1,1,0,0,1,1,E01002718,3,1,25/11/2018,25/11/2018,1,9,0,18,,0,0,10,0,0,,,6,Male,25,21 - 25,1991,1,0,3,1,,1,1,1,1,25,5,3,0,0,0,0,0,9,1,3,2018.0,010147901,E09000019,0.0,0.0,2.0,2018.0,010147901,3.0,7.0,0.0,1.0,1.0,-1,2018.0,010147901,2018,11,1,5
362573,2018010147965,534180.0,180680.0,-0.06788,51.509127,1,Slight,2,3,2018-11-25,Sunday,00:11,Tower Hamlets,E09000030,3,1203,7,20.0,3,2,3,1203,,,4,1,1,9,9,1,2,E01004294,3,1,25/11/2018,25/11/2018,1,9,0,99,,9,9,99,9,99,,,6,Male,34,26 - 35,1396,1,14,-1,-1,,1,1,1,1,34,6,3,0,0,0,0,0,9,-1,-1,2018.0,010147965,E09000030,0.0,9.0,2.0,2018.0,010147965,9.0,9.0,99.0,9.0,9.0,-1,2018.0,010147965,2018,11,3,0
362593,2018010148019,519520.0,170060.0,-0.282607,51.416966,1,Slight,2,1,2018-11-25,Sunday,21:20,Kingston upon Thames,E09000021,3,308,6,30.0,0,-1,-1,-1,,,4,1,1,0,0,1,1,E01002954,3,1,25/11/2018,25/11/2018,1,9,0,18,,0,0,0,0,0,,,6,Male,22,21 - 25,1781,1,14,9,1,,2,1,1,1,23,5,3,0,0,0,0,0,9,1,8,2018.0,010148019,E09000021,0.0,4.0,2.0,2018.0,010148019,5.0,1.0,0.0,1.0,1.0,-1,2018.0,010148019,2018,11,1,21
362604,2018010148034,531090.0,190130.0,-0.108862,51.594775,1,Slight,2,1,2018-11-25,Sunday,19:21,Haringey,E09000014,3,105,3,20.0,0,-1,-1,-1,,,4,1,1,0,0,1,1,E01002026,3,1,25/11/2018,25/11/2018,1,9,0,18,,0,0,0,0,0,,,6,Male,30,26 - 35,1598,2,6,2,1,,2,1,2,2,33,6,3,0,0,1,0,0,9,1,1,2018.0,010148034,E09000014,0.0,0.0,2.0,2018.0,010148034,5.0,1.0,0.0,1.0,1.0,-1,2018.0,010148034,2018,11,1,19
362610,2018010148043,511690.0,176240.0,-0.393211,51.474108,1,Slight,2,1,2018-11-26,Monday,03:24,Hounslow,E09000018,6,0,6,30.0,0,-1,-1,-1,,,4,1,1,0,0,1,1,E01002587,3,1,26/11/2018,26/11/2018,1,9,0,18,,0,0,4,0,0,,,6,Female,31,26 - 35,998,1,0,6,1,,1,1,1,2,31,6,3,0,0,0,0,0,9,1,6,2018.0,010148043,E09000018,0.0,0.0,2.0,2018.0,010148043,4.0,8.0,0.0,1.0,1.0,-1,2018.0,010148043,2018,11,1,3
362638,2018010148159,525690.0,185320.0,-0.188497,51.552778,1,Slight,2,1,2018-11-16,Friday,18:30,Camden,E09000007,3,41,6,30.0,0,-1,-1,-1,,,4,5,2,0,0,1,2,E01000969,3,1,16/11/2018,16/11/2018,1,9,0,99,,0,9,99,9,99,,,6,Male,32,26 - 35,2993,2,10,5,1,,1,1,1,1,32,6,3,0,0,0,0,0,9,1,5,2018.0,010148159,E09000007,9.0,9.0,2.0,2018.0,010148159,9.0,9.0,99.0,2.0,9.0,-1,2018.0,010148159,2018,11,1,18
362650,2018010148191,538180.0,181020.0,-0.010144,51.511219,1,Slight,1,1,2018-11-26,Monday,18:00,Tower Hamlets,E09000030,3,13,3,30.0,3,2,3,1206,,,4,1,1,0,0,1,1,E01004219,3,1,26/11/2018,26/11/2018,1,9,0,18,,1,0,0,0,0,,,6,Male,26,26 - 35,2000,2,14,1,1,,1,1,3,2,23,5,3,1,1,0,0,2,0,1,2,2018.0,010148191,E09000030,0.0,5.0,2.0,2018.0,010148191,3.0,7.0,0.0,0.0,1.0,-1,2018.0,010148191,2018,11,1,18
362671,2018010148239,531710.0,172620.0,-0.106453,51.437274,1,Slight,1,1,2018-11-25,Sunday,18:18,Lambeth,E09000022,6,0,6,30.0,3,4,6,0,,,4,1,1,0,0,1,1,E01003166,3,1,25/11/2018,25/11/2018,1,8,0,9,,6,0,0,0,0,,,1,Male,30,26 - 35,1798,8,7,1,1,,1,1,3,2,40,7,3,5,3,0,0,2,0,1,2,2018.0,010148239,E09000022,0.0,0.0,2.0,2018.0,010148239,4.0,8.0,0.0,1.0,1.0,-1,2018.0,010148239,2018,11,1,18
362674,2018010148246,520910.0,186200.0,-0.257104,51.56173,1,Slight,1,1,2018-11-26,Monday,22:09,Brent,E09000005,3,4088,1,30.0,3,4,6,0,,,4,1,1,0,0,1,1,E01000627,3,1,26/11/2018,26/11/2018,1,4,0,14,,3,0,0,0,0,,,6,Male,31,26 - 35,125,1,3,3,1,,1,1,3,2,20,4,3,4,1,0,0,2,0,1,2,2018.0,010148246,E09000005,0.0,4.0,2.0,2018.0,010148246,5.0,1.0,0.0,1.0,1.0,-1,2018.0,010148246,2018,11,1,22
362702,2018010148339,530310.0,173530.0,-0.126248,51.445776,1,Slight,2,1,2018-11-11,Sunday,00:01,Lambeth,E09000022,3,205,9,30.0,99,9,6,0,,,7,9,9,9,9,1,2,E01003137,3,1,11/11/2018,11/11/2018,1,9,9,99,,9,9,99,9,99,,,6,Male,23,21 - 25,1995,2,4,5,1,,1,1,2,2,21,5,3,0,0,9,0,0,9,1,5,2018.0,010148339,E09000022,9.0,9.0,2.0,2018.0,010148339,9.0,9.0,99.0,9.0,9.0,-1,2018.0,010148339,2018,11,1,0
362716,2018010148385,533290.0,190280.0,-0.077063,51.595607,1,Slight,2,1,2018-11-27,Tuesday,18:15,Haringey,E09000014,6,0,2,20.0,99,9,6,0,,,7,5,2,0,0,1,2,E01001977,3,1,27/11/2018,27/11/2018,1,9,0,99,,9,9,99,9,99,,,6,Male,30,26 - 35,999,1,1,2,1,,1,1,1,1,30,6,3,0,0,0,0,0,9,1,2,2018.0,010148385,E09000014,0.0,0.0,2.0,2018.0,010148385,9.0,9.0,99.0,9.0,9.0,-1,2018.0,010148385,2018,11,1,18
362718,2018010148388,527510.0,189510.0,-0.160741,51.590024,1,Slight,1,1,2018-11-27,Tuesday,18:55,Barnet,E09000003,3,504,3,30.0,9,1,6,0,,,4,2,2,0,0,1,1,E01000182,3,1,27/11/2018,27/11/2018,1,9,0,18,,2,1,0,0,0,,,6,Male,23,21 - 25,1198,1,9,9,1,,1,1,3,2,44,7,3,1,1,0,0,2,0,1,4,2018.0,010148388,E09000003,0.0,1.0,2.0,2018.0,010148388,3.0,7.0,0.0,1.0,1.0,-1,2018.0,010148388,2018,11,1,18
362726,2018010148408,531820.0,190930.0,-0.098029,51.601794,1,Slight,3,1,2018-11-27,Tuesday,18:30,Haringey,E09000014,6,0,6,20.0,9,4,6,0,,,1,2,2,0,0,1,1,E01002104,3,1,27/11/2018,27/11/2018,1,9,0,18,,1,0,4,0,0,,,6,Male,19,16 - 20,2976,1,16,-1,-1,,1,1,1,1,19,4,3,0,0,0,0,0,9,-1,-1,2018.0,010148408,E09000014,0.0,0.0,2.0,2018.0,010148408,2.0,6.0,0.0,3.0,1.0,-1,2018.0,010148408,2018,11,1,18
362733,2018010148420,538140.0,187580.0,-0.008147,51.570177,1,Slight,1,1,2018-11-27,Tuesday,19:50,Waltham Forest,E09000031,3,112,6,30.0,3,4,6,0,,,1,1,2,0,0,1,1,E01004367,3,1,27/11/2018,27/11/2018,1,9,0,9,,2,0,0,0,0,,,6,Male,35,26 - 35,1600,2,8,5,1,,1,1,3,2,44,7,3,5,3,0,0,2,0,1,2,2018.0,010148420,E09000031,0.0,1.0,2.0,2018.0,010148420,5.0,3.0,0.0,1.0,1.0,-1,2018.0,010148420,2018,11,1,19
362736,2018010148424,516960.0,185150.0,-0.31441,51.553125,1,Slight,2,1,2018-11-24,Saturday,20:45,Brent,E09000005,3,404,9,30.0,99,9,6,0,,,4,9,9,9,9,1,2,E01000608,3,1,24/11/2018,24/11/2018,1,2,0,99,,1,0,0,0,0,,,2,Female,33,26 - 35,101,1,9,3,1,,1,1,1,2,33,6,3,0,0,0,0,0,2,1,3,2018.0,010148424,E09000005,9.0,9.0,2.0,2018.0,010148424,5.0,1.0,0.0,9.0,1.0,-1,2018.0,010148424,2018,11,1,20
362746,2018010148443,544370.0,185880.0,0.080984,51.553342,1,Slight,2,1,2018-11-27,Tuesday,18:15,Redbridge,E09000026,6,0,1,30.0,2,4,6,0,,,4,2,2,0,0,1,2,E01003685,3,1,27/11/2018,27/11/2018,1,9,0,99,,9,9,99,9,99,,,2,Female,27,26 - 35,1598,2,9,2,1,,1,1,1,2,27,6,3,0,0,0,0,0,9,1,2,2018.0,010148443,E09000026,9.0,9.0,2.0,2018.0,010148443,9.0,9.0,99.0,4.0,9.0,-1,2018.0,010148443,2018,11,1,18
362749,2018010148448,527510.0,178580.0,-0.164698,51.491797,1,Slight,2,1,2018-11-28,Wednesday,22:46,Kensington and Chelsea,E09000020,5,0,6,30.0,6,4,6,0,,,4,1,2,0,0,1,1,E01002861,3,1,28/11/2018,28/11/2018,1,9,0,9,,6,0,0,0,0,,,6,Male,25,21 - 25,1499,8,3,7,1,,2,1,1,1,27,6,3,0,0,0,0,0,3,1,4,2018.0,010148448,E09000020,0.0,1.0,2.0,2018.0,010148448,3.0,1.0,0.0,3.0,1.0,-1,2018.0,010148448,2018,11,1,22
362754,2018010148454,544310.0,186970.0,0.080566,51.563151,1,Slight,2,1,2018-11-27,Tuesday,18:51,Redbridge,E09000026,5,0,6,30.0,0,-1,-1,-1,,,4,1,2,0,0,1,1,E01003782,3,1,27/11/2018,27/11/2018,1,9,0,18,,0,0,0,1,0,,,6,Male,22,21 - 25,1995,2,6,4,1,,1,1,1,1,22,5,3,0,0,0,0,0,9,1,4,2018.0,010148454,E09000026,0.0,0.0,2.0,2018.0,010148454,2.0,6.0,0.0,3.0,1.0,-1,2018.0,010148454,2018,11,1,18
362755,2018010148455,520240.0,190650.0,-0.265242,51.601867,1,Slight,2,3,2018-11-27,Tuesday,23:25,Barnet,E09000003,5,0,3,30.0,3,4,6,0,,,4,1,2,0,0,1,1,E01000129,3,1,27/11/2018,27/11/2018,1,9,0,16,,1,0,0,0,0,,,6,Male,20,16 - 20,1896,2,9,7,1,,1,1,1,1,20,4,3,0,0,0,0,0,9,1,7,2018.0,010148455,E09000003,0.0,0.0,2.0,2018.0,010148455,3.0,7.0,0.0,1.0,1.0,-1,2018.0,010148455,2018,11,3,23
362756,2018010148456,536130.0,185180.0,-0.03806,51.549099,1,Slight,3,3,2018-11-28,Wednesday,00:14,Hackney,E09000012,4,112,6,30.0,3,4,3,102,,,4,2,2,0,0,1,1,E01001848,3,1,28/11/2018,28/11/2018,1,9,0,18,,6,1,0,0,0,,,6,Female,28,26 - 35,998,1,0,9,1,,1,1,1,2,28,6,3,0,0,0,0,0,9,1,9,2018.0,010148456,E09000012,0.0,1.0,2.0,2018.0,010148456,7.0,1.0,0.0,1.0,1.0,-1,2018.0,010148456,2018,11,3,0
362758,2018010148458,523760.0,191520.0,-0.214136,51.608924,1,Serious,2,1,2018-11-28,Wednesday,00:12,Barnet,E09000003,6,0,6,30.0,0,-1,-1,-1,,,4,1,2,0,0,1,1,E01000257,2,2,28/11/2018,28/11/2018,1,9,0,18,,0,0,0,0,0,,,1,Male,29,26 - 35,1499,1,1,5,1,,2,1,1,1,18,4,2,0,0,0,0,0,3,-1,-1,2018.0,010148458,E09000003,0.0,0.0,2.0,2018.0,010148458,5.0,1.0,0.0,0.0,1.0,-1,2018.0,010148458,2018,11,2,0
362760,2018010148462,531420.0,172980.0,-0.110489,51.440577,1,Slight,2,2,2018-11-27,Tuesday,20:50,Lambeth,E09000022,3,205,6,30.0,0,-1,-1,-1,,,4,1,2,0,0,1,1,E01003133,3,1,27/11/2018,27/11/2018,1,5,0,18,,0,0,0,0,0,,,6,Male,29,26 - 35,599,1,9,2,1,,1,1,1,1,29,6,3,0,0,0,0,0,5,1,2,2018.0,010148462,E09000022,0.0,0.0,2.0,2018.0,010148462,3.0,7.0,0.0,1.0,1.0,-1,2018.0,010148462,2018,11,2,20
362762,2018010148465,512820.0,180390.0,-0.375622,51.511184,1,Slight,1,1,2018-11-28,Wednesday,04:00,Ealing,E09000009,3,4020,6,20.0,6,2,3,3005,,,4,2,2,0,0,1,1,E01001361,3,1,28/11/2018,28/11/2018,1,9,0,18,,1,0,0,0,0,,,6,Female,25,21 - 25,1794,1,14,5,1,,1,1,3,1,27,6,3,1,3,0,0,2,0,1,1,2018.0,010148465,E09000009,0.0,5.0,2.0,2018.0,010148465,7.0,7.0,0.0,1.0,1.0,-1,2018.0,010148465,2018,11,1,4
362765,2018010148473,535350.0,182610.0,-0.05029,51.526191,1,Slight,2,1,2018-11-27,Tuesday,21:05,Tower Hamlets,E09000030,4,120,6,20.0,0,-1,-1,-1,,,7,1,2,0,0,1,2,E01032787,3,1,27/11/2018,27/11/2018,1,9,0,99,,0,9,99,9,99,,,6,Male,31,26 - 35,1498,1,10,2,1,,1,1,1,1,31,6,3,0,0,0,0,0,9,1,2,2018.0,010148473,E09000030,0.0,5.0,2.0,2018.0,010148473,9.0,9.0,99.0,2.0,9.0,-1,2018.0,010148473,2018,11,1,21