,accident_index,location_easting_osgr,location_northing_osgr,longitude,latitude,police_force,accident_severity,number_of_vehicles,number_of_casualties,date,day_of_week,time,local_authority_district,local_authority_highway,first_road_class,first_road_number,road_type,speed_limit,junction_detail,junction_control,second_road_class,second_road_number,pedestrian_crossing-human_control,pedestrian_crossing-physical_facilities,light_conditions,weather_conditions,road_surface_conditions,special_conditions_at_site,carriageway_hazards,urban_or_rural_area,did_police_officer_attend_scene_of_accident,lsoa_of_accident_location,accident_severity_num,accident_severity_inv,date2,date_original,vehicle_reference_x,vehicle_type,towing_and_articulation,vehicle_manoeuvre,vehicle_location-restricted_lane,junction_location,skidding_and_overturning,hit_object_in_carriageway,vehicle_leaving_carriageway,hit_object_off_carriageway,1st_point_of_impact,was_vehicle_left_hand_drive?,journey_purpose_of_driver,sex_of_driver,age_of_driver,age_band_of_driver,engine_capacity_cc,propulsion_code,age_of_vehicle,driver_imd_decile,driver_home_area_type,vehicle_imd_decile,vehicle_reference_y,casualty_reference,casualty_class,sex_of_casualty,age_of_casualty,age_band_of_casualty,casualty_severity,pedestrian_location,pedestrian_movement,car_passenger,bus_or_coach_passenger,pedestrian_road_maintenance_worker,casualty_type,casualty_home_area_type,casualty_imd_decile,accident_year_x,accident_reference_x,local_authority_ons_district,pedestrian_crossing_human_control,pedestrian_crossing_physical_facilities,trunk_road_flag,accident_year_y,accident_reference_y,vehicle_direction_from,vehicle_direction_to,vehicle_location_restricted_lane,first_point_of_impact,vehicle_left_hand_drive,generic_make_model,accident_year,accident_reference,year,month,severity,hours
362775,2018010148504,528570.0,176810.0,-0.150082,51.475651,1,Slight,2,1,2018-11-16,Friday,21:20,Wandsworth,E09000032,3,3205,3,30.0,0,-1,-1,-1,,,4,2,2,0,0,1,2,E01033100,3,1,16/11/2018,16/11/2018,1,3,9,18,,0,0,0,0,0,,,6,Male,20,16 - 20,125,1,1,4,1,,1,1,1,1,20,4,3,0,0,0,0,0,3,1,4,2018.0,010148504,E09000032,9.0,0.0,2.0,2018.0,010148504,5.0,1.0,0.0,1.0,1.0,-1,2018.0,010148504,2018,11,1,21
362777,2018010148513,522360.0,181130.0,-0.237958,51.515852,1,Slight,2,1,2018-11-15,Thursday,18:00,Hammersmith and Fulham,E09000013,5,0,6,30.0,3,9,6,0,,,4,9,9,9,0,1,2,E01001876,3,1,15/11/2018,15/11/2018,1,3,0,3,,8,0,99,0,0,,,6,Male,23,21 - 25,124,1,8,5,1,,1,1,1,1,23,5,3,0,0,0,0,0,3,1,5,2018.0,010148513,E09000013,9.0,9.0,2.0,2018.0,010148513,9.0,9.0,0.0,0.0,1.0,-1,2018.0,010148513,2018,11,1,18
362815,2018010148595,543080.0,182630.0,0.061071,51.524467,1,Slight,1,2,2018-11-28,Wednesday,01:50,Newham,E09000025,6,0,9,30.0,0,-1,-1,-1,,,1,2,2,0,0,1,2,E01003536,3,1,28/11/2018,28/11/2018,1,9,0,99,,0,9,99,9,99,,,6,Male,20,16 - 20,1242,1,8,3,1,,1,1,1,1,20,4,3,0,0,0,0,0,9,1,3,2018.0,010148595,E09000025,0.0,9.0,2.0,2018.0,010148595,9.0,9.0,99.0,2.0,9.0,-1,2018.0,010148595,2018,11,2,1
362840,2018010148668,511490.0,183050.0,-0.393939,51.535356,1,Slight,2,1,2018-11-28,Wednesday,20:48,Ealing,E09000009,6,0,7,30.0,5,4,6,0,,,4,1,2,0,0,1,1,E01001327,3,1,28/11/2018,28/11/2018,1,9,0,18,,8,1,0,0,0,,,6,Male,21,21 - 25,2143,2,0,9,1,,2,1,1,2,45,7,3,0,0,0,0,0,9,1,2,2018.0,010148668,E09000009,0.0,0.0,2.0,2018.0,010148668,1.0,5.0,0.0,1.0,1.0,-1,2018.0,010148668,2018,11,1,20
362847,2018010148681,541200.0,184010.0,0.034543,51.53734,1,Slight,2,3,2018-11-16,Friday,23:30,Newham,E09000025,4,165,6,30.0,3,2,4,167,,,4,2,2,9,0,1,2,E01003566,3,1,16/11/2018,16/11/2018,1,9,0,18,,1,0,0,0,0,,,6,Male,32,26 - 35,1596,1,12,3,1,,1,1,1,1,32,6,3,0,0,0,0,0,9,1,3,2018.0,010148681,E09000025,0.0,5.0,2.0,2018.0,010148681,3.0,7.0,0.0,1.0,1.0,-1,2018.0,010148681,2018,11,3,23
362852,2018010148692,534140.0,170310.0,-0.072387,51.415945,1,Slight,2,1,2018-11-28,Wednesday,20:30,Bromley,E09000006,3,214,9,30.0,3,9,5,0,,,4,8,9,9,0,1,2,E01000741,3,1,28/11/2018,28/11/2018,1,9,0,99,,9,9,99,9,99,,,6,Male,34,26 - 35,-1,-1,-1,3,1,,1,1,1,1,34,6,3,0,0,0,0,0,9,1,3,2018.0,010148692,E09000006,9.0,1.0,2.0,2018.0,010148692,9.0,9.0,99.0,9.0,9.0,-1,2018.0,010148692,2018,11,1,20
362853,2018010148696,537070.0,181020.0,-0.02613,51.511489,1,Serious,1,1,2018-11-28,Wednesday,22:08,Tower Hamlets,E09000030,3,13,6,30.0,3,4,3,13,,,4,8,2,0,0,1,1,E01004252,2,2,28/11/2018,28/11/2018,1,9,0,18,,2,0,0,0,0,,,2,Male,25,21 - 25,1395,1,0,2,1,,1,1,3,1,29,6,2,4,1,0,0,2,0,1,2,2018.0,010148696,E09000030,0.0,4.0,2.0,2018.0,010148696,3.0,7.0,0.0,1.0,1.0,-1,2018.0,010148696,2018,11,2,22
362854,2018010148701,532430.0,177390.0,-0.094316,51.479973,1,Slight,2,1,2018-11-28,Wednesday,18:55,Southwark,E09000028,3,215,3,20.0,0,-1,-1,-1,,,4,2,2,0,0,1,1,E01003924,3,1,28/11/2018,28/11/2018,1,9,0,9,,0,0,0,0,0,,,6,Male,25,21 - 25,1242,1,3,3,1,,2,1,1,1,44,7,3,0,0,0,0,0,3,1,4,2018.0,010148701,E09000028,0.0,0.0,2.0,2018.0,010148701,1.0,5.0,0.0,3.0,1.0,-1,2018.0,010148701,2018,11,1,18
362855,2018010148703,524870.0,180760.0,-0.201934,51.511978,1,Slight,2,1,2018-11-27,Tuesday,20:30,Kensington and Chelsea,E09000020,4,415,6,30.0,6,4,6,0,,,4,2,2,0,0,1,1,E01002882,3,1,27/11/2018,27/11/2018,1,8,0,9,,5,0,0,0,0,,,1,Male,33,26 - 35,1497,8,9,7,1,,2,1,1,1,30,6,3,0,0,0,0,0,3,1,6,2018.0,010148703,E09000020,0.0,0.0,2.0,2018.0,010148703,5.0,1.0,0.0,1.0,1.0,-1,2018.0,010148703,2018,11,1,20
362858,2018010148708,515210.0,185860.0,-0.339409,51.559865,1,Slight,3,1,2018-11-28,Wednesday,23:09,Harrow,E09000015,6,0,6,30.0,0,-1,-1,-1,,,4,2,2,0,0,1,1,E01002134,3,1,28/11/2018,28/11/2018,1,9,0,4,,0,0,4,0,0,,,6,Male,24,21 - 25,1598,1,12,6,1,,1,1,1,1,24,5,3,0,0,0,0,0,9,1,6,2018.0,010148708,E09000015,0.0,0.0,2.0,2018.0,010148708,2.0,6.0,0.0,1.0,1.0,-1,2018.0,010148708,2018,11,1,23
362859,2018010148709,524880.0,177010.0,-0.203116,51.478274,1,Slight,2,1,2018-11-29,Thursday,00:32,Hammersmith and Fulham,E09000013,5,0,6,20.0,3,4,6,0,,,4,8,2,0,1,1,1,E01001947,3,1,29/11/2018,29/11/2018,1,9,0,9,,1,0,0,0,0,,,6,Male,28,26 - 35,1596,1,13,8,1,,2,1,1,1,40,7,3,0,0,0,0,0,1,1,3,2018.0,010148709,E09000013,0.0,0.0,2.0,2018.0,010148709,3.0,1.0,0.0,4.0,1.0,-1,2018.0,010148709,2018,11,1,0
362861,2018010148712,528700.0,161840.0,-0.153638,51.341085,1,Serious,1,2,2018-11-29,Thursday,00:37,Sutton,E09000029,5,0,6,30.0,0,-1,-1,-1,,,6,2,2,0,0,1,1,E01004108,2,2,29/11/2018,29/11/2018,1,9,0,18,,0,1,10,1,3,,,6,Male,17,16 - 20,1587,1,25,10,1,,1,1,1,1,17,4,2,0,0,0,0,0,9,1,10,2018.0,010148712,E09000029,0.0,0.0,2.0,2018.0,010148712,6.0,2.0,9.0,1.0,1.0,-1,2018.0,010148712,2018,11,4,0
362881,2018010148757,525270.0,174220.0,-0.19849,51.453113,1,Slight,2,1,2018-11-23,Friday,18:45,Wandsworth,E09000032,5,0,6,30.0,3,9,6,0,,,4,1,1,0,0,1,2,E01004601,3,1,23/11/2018,23/11/2018,1,9,0,99,,9,9,99,9,99,,,6,Male,32,26 - 35,1395,1,2,7,1,,1,1,1,1,32,6,3,0,0,0,0,0,9,1,7,2018.0,010148757,E09000032,9.0,9.0,2.0,2018.0,010148757,9.0,9.0,99.0,2.0,9.0,-1,2018.0,010148757,2018,11,1,18
362912,2018010148863,530560.0,186080.0,-0.118012,51.558503,1,Slight,2,2,2018-11-29,Thursday,18:54,Islington,E09000019,3,503,2,30.0,6,4,6,0,,,4,1,1,0,0,1,1,E01002731,3,1,29/11/2018,29/11/2018,1,9,0,9,,1,0,0,0,0,,,6,Male,18,16 - 20,1242,1,9,8,1,,1,1,1,1,18,4,3,0,0,0,0,0,9,1,8,2018.0,010148863,E09000019,0.0,0.0,2.0,2018.0,010148863,8.0,4.0,0.0,3.0,1.0,-1,2018.0,010148863,2018,11,2,18
362916,2018010148869,520030.0,168610.0,-0.275767,51.403826,1,Slight,2,1,2018-11-29,Thursday,19:10,Kingston upon Thames,E09000021,3,2043,6,30.0,3,4,3,2043,,,4,1,2,0,0,1,1,E01002973,3,1,29/11/2018,29/11/2018,1,3,0,18,,1,0,0,0,0,,,6,Male,19,16 - 20,125,1,5,6,1,,1,1,1,1,19,4,3,0,0,0,0,0,3,1,6,2018.0,010148869,E09000021,2.0,4.0,2.0,2018.0,010148869,2.0,6.0,0.0,1.0,1.0,-1,2018.0,010148869,2018,11,1,19
362929,2018010148894,528320.0,184630.0,-0.150835,51.545985,1,Slight,2,1,2018-11-28,Wednesday,19:07,Camden,E09000007,4,517,6,30.0,6,2,5,0,,,4,2,2,0,0,1,1,E01000905,3,1,28/11/2018,28/11/2018,1,3,0,5,,1,0,0,0,0,,,1,Male,25,21 - 25,125,1,5,5,1,,1,1,1,1,25,5,3,0,0,0,0,0,3,1,5,2018.0,010148894,E09000007,0.0,1.0,2.0,2018.0,010148894,5.0,1.0,0.0,2.0,1.0,-1,2018.0,010148894,2018,11,1,19
362931,2018010148897,523490.0,185690.0,-0.220082,51.556588,1,Slight,2,1,2018-11-29,Thursday,19:50,Brent,E09000005,6,0,6,30.0,0,-1,-1,-1,,,4,8,2,0,0,1,1,E01000553,3,1,29/11/2018,29/11/2018,1,9,0,4,,0,0,0,0,0,,,6,Male,19,16 - 20,1084,1,0,6,1,,1,1,2,1,17,4,3,0,0,1,0,0,9,1,6,2018.0,010148897,E09000005,0.0,0.0,2.0,2018.0,010148897,5.0,8.0,0.0,2.0,1.0,-1,2018.0,010148897,2018,11,1,19
362932,2018010148900,539450.0,183940.0,0.0093,51.537146,1,Serious,2,1,2018-11-29,Thursday,20:49,Newham,E09000025,4,165,6,30.0,3,2,4,164,,,4,2,1,0,0,1,1,E01003636,2,2,29/11/2018,29/11/2018,1,3,0,18,,1,0,0,0,0,,,1,Male,35,26 - 35,125,1,1,3,1,,1,1,1,1,35,6,2,0,0,0,0,0,3,1,3,2018.0,010148900,E09000025,0.0,0.0,2.0,2018.0,010148900,7.0,3.0,0.0,1.0,1.0,-1,2018.0,010148900,2018,11,2,20
362934,2018010148904,536840.0,182070.0,-0.029034,51.52098,1,Slight,2,4,2018-11-29,Thursday,20:15,Tower Hamlets,E09000030,5,0,6,20.0,3,9,6,0,,,1,2,2,0,0,1,2,E01004271,3,1,29/11/2018,29/11/2018,1,9,0,99,,9,9,99,9,99,,,6,Male,23,21 - 25,1598,2,3,2,1,,1,1,1,1,23,5,3,0,0,0,0,0,9,1,2,2018.0,010148904,E09000030,0.0,1.0,2.0,2018.0,010148904,9.0,9.0,99.0,2.0,9.0,-1,2018.0,010148904,2018,11,4,20
362936,2018010148909,525370.0,177210.0,-0.195993,51.479963,1,Slight,1,2,2018-11-28,Wednesday,22:00,Hammersmith and Fulham,E09000013,3,304,6,20.0,3,2,3,304,,,4,8,1,0,0,1,1,E01001953,3,1,28/11/2018,28/11/2018,1,3,0,16,,1,0,0,0,0,,,1,Male,29,26 - 35,108,1,1,6,1,,1,1,1,1,29,6,3,0,0,0,0,0,3,1,6,2018.0,010148909,E09000013,0.0,4.0,2.0,2018.0,010148909,7.0,3.0,0.0,1.0,1.0,-1,2018.0,010148909,2018,11,2,22
362937,2018010148910,539030.0,184640.0,0.003524,51.54354,1,Slight,2,1,2018-11-29,Thursday,18:28,Newham,E09000025,3,11,9,20.0,3,2,3,11,,,7,1,1,0,0,1,2,E01003617,3,1,29/11/2018,29/11/2018,1,9,0,99,,9,9,99,9,99,,,2,Male,25,21 - 25,1598,1,9,2,1,,1,1,1,1,25,5,3,0,0,0,0,0,9,1,2,2018.0,010148910,E09000025,0.0,5.0,2.0,2018.0,010148910,9.0,9.0,99.0,3.0,9.0,-1,2018.0,010148910,2018,11,1,18
362942,2018010148927,530940.0,172120.0,-0.117709,51.432959,1,Slight,1,1,2018-11-29,Thursday,21:30,Lambeth,E09000022,5,0,6,30.0,6,2,5,0,,,4,2,2,0,0,1,1,E01003154,3,1,29/11/2018,29/11/2018,1,9,0,9,,8,0,0,0,0,,,6,Male,24,21 - 25,1364,1,11,-1,-1,,1,1,3,2,47,8,3,5,3,0,0,2,0,1,3,2018.0,010148927,E09000022,0.0,0.0,2.0,2018.0,010148927,3.0,5.0,0.0,4.0,1.0,-1,2018.0,010148927,2018,11,1,21
362944,2018010148936,529850.0,178060.0,-0.131202,51.486592,1,Slight,1,1,2018-11-30,Friday,04:30,Westminster,E09000033,3,3212,2,30.0,0,-1,-1,-1,,,4,1,1,0,0,1,1,E01004737,3,1,30/11/2018,30/11/2018,1,9,0,9,,0,1,0,0,0,,,6,Male,30,26 - 35,-1,-1,-1,2,1,,1,1,1,1,30,6,3,0,0,0,0,0,9,1,2,2018.0,010148936,E09000033,0.0,0.0,2.0,2018.0,010148936,7.0,3.0,0.0,1.0,1.0,-1,2018.0,010148936,2018,11,1,4
362984,2018010149050,531860.0,188030.0,-0.09854,51.575724,1,Slight,2,1,2018-11-16,Friday,23:30,Haringey,E09000014,3,105,6,20.0,3,2,4,150,,,4,2,2,0,0,1,2,E01002002,3,1,16/11/2018,16/11/2018,1,9,0,99,,9,9,99,9,99,,,6,Female,26,26 - 35,2967,2,0,2,1,,1,1,1,2,26,6,3,0,0,0,0,0,9,1,2,2018.0,010149050,E09000014,9.0,9.0,2.0,2018.0,010149050,9.0,9.0,99.0,2.0,9.0,-1,2018.0,010149050,2018,11,1,23
363016,2018010149127,526660.0,179500.0,-0.176605,51.500256,1,Serious,2,1,2018-11-30,Friday,18:52,Westminster,E09000033,6,0,6,30.0,0,-1,-1,-1,,,4,1,1,0,0,1,1,E01004692,2,2,30/11/2018,30/11/2018,1,90,0,4,,0,0,0,0,0,,,1,Male,27,26 - 35,-1,-1,-1,4,1,,2,1,1,2,33,6,2,0,0,0,0,0,2,1,4,2018.0,010149127,E09000033,0.0,1.0,2.0,2018.0,010149127,3.0,7.0,0.0,2.0,2.0,-1,2018.0,010149127,2018,11,2,18
363020,2018010149141,550480.0,184320.0,0.168381,51.53773,1,Slight,3,1,2018-11-30,Friday,18:09,Barking and Dagenham,E09000002,3,1112,3,30.0,0,-1,-1,-1,,,4,1,1,0,0,1,1,E01000103,3,1,30/11/2018,30/11/2018,1,9,0,18,,0,0,0,0,0,,,6,Male,30,26 - 35,2179,2,3,7,1,,2,1,1,2,28,6,3,0,0,0,0,0,9,1,6,2018.0,010149141,E09000002,0.0,0.0,2.0,2018.0,010149141,8.0,4.0,0.0,1.0,1.0,-1,2018.0,010149141,2018,11,1,18
363026,2018010149154,523500.0,179500.0,-0.222107,51.500955,1,Slight,4,3,2018-11-30,Friday,21:15,Hammersmith and Fulham,E09000013,3,219,6,30.0,3,4,6,0,,,4,1,1,0,0,1,1,E01001854,3,1,30/11/2018,30/11/2018,1,9,0,18,,1,1,0,0,0,,,1,Male,26,26 - 35,1198,1,5,1,1,,1,1,1,1,26,6,3,0,0,0,0,0,9,1,1,2018.0,010149154,E09000013,0.0,0.0,2.0,2018.0,010149154,5.0,1.0,0.0,1.0,1.0,-1,2018.0,010149154,2018,11,3,21
363028,2018010149160,537600.0,171560.0,-0.022178,51.42635,1,Slight,2,1,2018-11-30,Friday,21:15,Lewisham,E09000023,3,2218,6,30.0,3,4,6,0,,,4,8,2,0,0,1,1,E01003192,3,1,30/11/2018,30/11/2018,1,9,0,18,,8,1,0,2,10,,,6,Male,27,26 - 35,1995,2,2,2,1,,2,1,1,1,34,6,3,0,0,0,0,0,9,1,2,2018.0,010149160,E09000023,0.0,0.0,2.0,2018.0,010149160,6.0,1.0,0.0,1.0,1.0,-1,2018.0,010149160,2018,11,1,21
363032,2018010149169,537960.0,186120.0,-0.011315,51.557102,1,Slight,2,1,2018-11-30,Friday,20:18,Waltham Forest,E09000031,3,106,9,30.0,0,-1,-1,-1,,,7,1,1,0,0,1,2,E01004430,3,1,30/11/2018,30/11/2018,1,3,0,99,,0,9,99,9,99,,,6,Male,28,26 - 35,125,1,14,2,1,,1,1,1,1,28,6,3,0,0,0,0,0,3,1,2,2018.0,010149169,E09000031,9.0,9.0,2.0,2018.0,010149169,9.0,9.0,99.0,2.0,1.0,-1,2018.0,010149169,2018,11,1,20
363079,2018010149295,541160.0,174060.0,0.02999,51.447941,1,Slight,3,1,2018-01-12,Friday,18:00,Greenwich,E09000011,3,20,3,40.0,0,-1,-1,-1,,,4,1,1,0,0,1,1,E01001660,3,1,01/12/2018,01/12/2018,1,9,0,18,,0,5,0,0,0,,,6,Female,20,16 - 20,1598,1,11,4,1,,1,1,1,2,20,4,3,0,0,0,0,0,9,1,4,2018.0,010149295,E09000011,0.0,0.0,2.0,2018.0,010149295,5.0,1.0,0.0,1.0,1.0,-1,2018.0,010149295,2018,1,1,18
363081,2018010149306,538330.0,180660.0,-0.008125,51.507947,1,Slight,2,1,2018-01-12,Friday,19:03,Tower Hamlets,E09000030,3,1206,1,30.0,1,9,3,1261,,,7,2,9,0,0,1,2,E01004219,3,1,01/12/2018,01/12/2018,1,9,0,99,,9,9,99,9,99,,,6,Male,34,26 - 35,2143,2,1,4,1,,1,1,1,1,34,6,3,0,0,0,0,0,9,1,4,2018.0,010149306,E09000030,0.0,9.0,2.0,2018.0,010149306,9.0,9.0,99.0,2.0,9.0,-1,2018.0,010149306,2018,1,1,19
363092,2018010149338,548250.0,176050.0,0.132778,51.464011,1,Slight,2,1,2018-01-12,Friday,21:40,Bexley,E09000004,5,0,6,30.0,3,4,6,0,,,4,2,2,0,0,1,1,E01000356,3,1,01/12/2018,01/12/2018,1,2,0,18,,1,0,0,0,0,,,6,Male,16,16 - 20,49,1,4,7,1,,1,1,1,1,16,4,3,0,0,0,0,0,2,1,7,2018.0,010149338,E09000004,0.0,1.0,2.0,2018.0,010149338,5.0,1.0,0.0,1.0,1.0,-1,2018.0,010149338,2018,1,1,21
363093,2018010149340,544310.0,189960.0,0.081794,51.590018,1,Serious,2,1,2018-01-12,Friday,22:01,Redbridge,E09000026,5,0,6,30.0,6,2,3,123,,,4,1,1,0,0,1,1,E01003705,2,2,01/12/2018,01/12/2018,1,3,0,18,,1,0,0,0,0,,,1,Male,24,21 - 25,108,1,2,6,1,,1,1,1,1,24,5,2,0,0,0,0,0,3,1,6,2018.0,010149340,E09000026,0.0,0.0,2.0,2018.0,010149340,2.0,6.0,0.0,1.0,1.0,-1,2018.0,010149340,2018,1,2,22
363096,2018010149346,533840.0,185190.0,-0.071064,51.549736,1,Slight,3,2,2018-01-12,Friday,23:07,Hackney,E09000012,5,0,6,20.0,6,4,5,0,,,4,2,2,0,0,1,1,E01001748,3,1,01/12/2018,01/12/2018,1,9,0,18,,8,0,0,0,0,,,6,Male,24,21 - 25,1598,2,0,1,1,,1,1,1,1,24,5,3,0,0,0,0,0,9,1,1,2018.0,010149346,E09000012,0.0,0.0,2.0,2018.0,010149346,7.0,3.0,0.0,1.0,1.0,-1,2018.0,010149346,2018,1,2,23
363098,2018010149351,534390.0,177980.0,-0.065884,51.484813,1,Slight,2,1,2018-01-12,Friday,04:47,Southwark,E09000028,3,2208,6,30.0,3,9,5,0,,,7,1,1,0,0,1,2,E01004038,3,1,01/12/2018,01/12/2018,1,8,0,99,,9,9,99,9,99,,,6,Male,29,26 - 35,1798,8,6,2,1,,1,1,1,1,29,6,3,0,0,0,0,0,8,1,2,2018.0,010149351,E09000028,9.0,9.0,2.0,2018.0,010149351,9.0,9.0,99.0,9.0,9.0,-1,2018.0,010149351,2018,1,1,4
363100,2018010149357,527470.0,188600.0,-0.161648,51.581855,1,Serious,1,1,2018-02-12,Monday,00:15,Haringey,E09000014,3,1,6,40.0,9,2,6,0,,,4,2,2,0,0,1,1,E01001994,2,2,02/12/2018,02/12/2018,1,9,0,18,,8,1,10,7,10,,,6,Male,26,26 - 35,1197,1,4,-1,-1,,1,1,1,1,26,6,2,0,0,0,0,0,9,-1,-1,2018.0,010149357,E09000014,0.0,5.0,2.0,2018.0,010149357,5.0,1.0,0.0,1.0,1.0,-1,2018.0,010149357,2018,2,2,0
363101,2018010149360,519130.0,191760.0,-0.280886,51.612078,1,Slight,2,1,2018-01-11,Thursday,22:50,Barnet,E09000003,3,5,6,30.0,0,-1,-1,-1,,,4,2,2,0,0,1,1,E01002118,3,1,01/11/2018,01/11/2018,1,9,0,9,,0,0,0,0,0,,,6,Male,21,21 - 25,1560,2,3,3,1,,2,1,1,1,18,4,3,0,0,0,0,0,2,2,6,2018.0,010149360,E09000003,0.0,0.0,2.0,2018.0,010149360,6.0,4.0,0.0,1.0,1.0,-1,2018.0,010149360,2018,1,1,22
363129,2018010149460,537420.0,187800.0,-0.018444,51.57233,1,Slight,2,1,2018-01-12,Friday,20:35,Waltham Forest,E09000031,3,104,6,30.0,0,-1,-1,-1,,,4,4,1,0,0,1,2,E01004423,3,1,01/12/2018,01/12/2018,1,3,0,99,,0,9,99,9,99,,,6,Male,24,21 - 25,125,1,14,2,1,,1,1,1,1,24,5,3,0,0,0,0,0,3,1,2,2018.0,010149460,E09000031,0.0,9.0,2.0,2018.0,010149460,9.0,9.0,99.0,9.0,1.0,-1,2018.0,010149460,2018,1,1,20
363132,2018010149467,536040.0,189140.0,-0.037827,51.584706,1,Slight,2,1,2018-02-12,Monday,18:22,Waltham Forest,E09000031,3,1006,6,20.0,3,4,6,0,,,4,1,1,0,0,1,1,E01004393,3,1,02/12/2018,02/12/2018,1,3,0,15,,1,0,0,0,0,,,2,Male,26,26 - 35,125,1,2,2,1,,1,1,1,1,26,6,3,0,0,0,0,0,3,1,2,2018.0,010149467,E09000031,0.0,1.0,2.0,2018.0,010149467,5.0,1.0,0.0,1.0,1.0,-1,2018.0,010149467,2018,2,1,18
363135,2018010149470,528310.0,181870.0,-0.151985,51.521184,1,Slight,2,1,2018-01-12,Friday,01:53,Westminster,E09000033,4,524,7,20.0,3,3,4,524,,,1,2,2,9,0,1,2,E01004717,3,1,01/12/2018,01/12/2018,1,3,0,99,,9,9,99,9,99,,,6,Male,32,26 - 35,125,1,0,5,1,,1,1,1,1,32,6,3,0,0,0,0,0,3,1,5,2018.0,010149470,E09000033,9.0,1.0,2.0,2018.0,010149470,9.0,9.0,99.0,2.0,1.0,-1,2018.0,010149470,2018,1,1,1
363138,2018010149482,531570.0,183510.0,-0.104411,51.535173,1,Slight,2,2,2018-02-12,Monday,20:10,Islington,E09000019,3,1,6,20.0,3,2,6,0,,,4,1,2,0,0,1,1,E01002794,3,1,02/12/2018,02/12/2018,1,9,0,18,,1,0,0,0,0,,,6,Male,21,21 - 25,2143,2,1,4,1,,1,1,1,1,21,5,3,0,0,0,0,0,9,1,4,2018.0,010149482,E09000019,0.0,0.0,2.0,2018.0,010149482,6.0,2.0,0.0,1.0,1.0,-1,2018.0,010149482,2018,2,2,20
363139,2018010149487,516910.0,173820.0,-0.318883,51.451304,1,Slight,2,1,2018-02-12,Monday,19:06,Richmond upon Thames,E09000027,3,305,1,30.0,2,4,3,3004,,,4,1,1,0,0,1,1,E01003895,3,1,02/12/2018,02/12/2018,1,9,0,5,,4,0,0,0,0,,,6,Male,28,26 - 35,1560,2,4,3,1,,2,1,1,1,52,8,3,0,0,0,0,0,1,1,7,2018.0,010149487,E09000027,0.0,0.0,2.0,2018.0,010149487,1.0,4.0,0.0,1.0,1.0,-1,2018.0,010149487,2018,2,1,19
363141,2018010149494,523910.0,189260.0,-0.212768,51.588581,1,Slight,4,1,2018-01-12,Friday,04:37,Barnet,E09000003,6,0,6,30.0,3,4,6,0,,,4,1,2,0,0,1,1,E01000238,3,1,01/12/2018,01/12/2018,1,3,0,9,,5,0,10,0,0,,,6,Male,35,26 - 35,125,1,5,-1,-1,,1,1,1,1,35,6,3,0,0,0,0,0,3,-1,-1,2018.0,010149494,E09000003,0.0,0.0,2.0,2018.0,010149494,5.0,1.0,0.0,1.0,1.0,-1,2018.0,010149494,2018,1,1,4
363148,2018010149523,539060.0,171010.0,-0.001407,51.421051,1,Slight,2,1,2018-02-12,Monday,23:41,Lewisham,E09000023,3,21,6,30.0,9,4,6,0,,,4,1,2,0,0,1,1,E01003235,3,1,02/12/2018,02/12/2018,1,3,0,18,,8,0,0,0,0,,,1,Female,16,16 - 20,125,1,1,2,1,,1,1,1,2,16,4,3,0,0,0,0,0,3,1,2,2018.0,010149523,E09000023,0.0,4.0,2.0,2018.0,010149523,1.0,5.0,0.0,1.0,1.0,-1,2018.0,010149523,2018,2,1,23
363182,2018010149637,530350.0,177820.0,-0.124093,51.48432,1,Slight,1,1,2018-02-12,Monday,22:20,Lambeth,E09000022,3,203,6,30.0,0,-1,-1,-1,,,4,4,2,0,0,1,2,E01033207,3,1,02/12/2018,02/12/2018,1,90,0,99,,0,9,99,9,99,,,6,Female,24,21 - 25,-1,-1,-1,4,1,,1,1,1,2,24,5,3,0,0,0,0,0,90,1,4,2018.0,010149637,E09000022,0.0,5.0,2.0,2018.0,010149637,9.0,9.0,99.0,4.0,9.0,-1,2018.0,010149637,2018,2,1,22
363190,2018010149660,530610.0,182590.0,-0.118586,51.527128,1,Slight,1,1,2018-03-12,Monday,18:50,Camden,E09000007,3,5200,6,20.0,3,2,3,5200,,,4,1,2,0,0,1,1,E01000940,3,1,03/12/2018,03/12/2018,1,9,0,9,,5,0,0,0,0,,,6,Male,24,21 - 25,1995,1,11,2,1,,1,1,3,1,76,11,3,1,3,0,0,2,0,1,2,2018.0,010149660,E09000007,0.0,5.0,2.0,2018.0,010149660,7.0,5.0,0.0,1.0,1.0,-1,2018.0,010149660,2018,3,1,18