,accident_index,location_easting_osgr,location_northing_osgr,longitude,latitude,police_force,accident_severity,number_of_vehicles,number_of_casualties,date,day_of_week,time,local_authority_district,local_authority_highway,first_road_class,first_road_number,road_type,speed_limit,junction_detail,junction_control,second_road_class,second_road_number,pedestrian_crossing-human_control,pedestrian_crossing-physical_facilities,light_conditions,weather_conditions,road_surface_conditions,special_conditions_at_site,carriageway_hazards,urban_or_rural_area,did_police_officer_attend_scene_of_accident,lsoa_of_accident_location,accident_severity_num,accident_severity_inv,date2,date_original,vehicle_reference_x,vehicle_type,towing_and_articulation,vehicle_manoeuvre,vehicle_location-restricted_lane,junction_location,skidding_and_overturning,hit_object_in_carriageway,vehicle_leaving_carriageway,hit_object_off_carriageway,1st_point_of_impact,was_vehicle_left_hand_drive?,journey_purpose_of_driver,sex_of_driver,age_of_driver,age_band_of_driver,engine_capacity_cc,propulsion_code,age_of_vehicle,driver_imd_decile,driver_home_area_type,vehicle_imd_decile,vehicle_reference_y,casualty_reference,casualty_class,sex_of_casualty,age_of_casualty,age_band_of_casualty,casualty_severity,pedestrian_location,pedestrian_movement,car_passenger,bus_or_coach_passenger,pedestrian_road_maintenance_worker,casualty_type,casualty_home_area_type,casualty_imd_decile,accident_year_x,accident_reference_x,local_authority_ons_district,pedestrian_crossing_human_control,pedestrian_crossing_physical_facilities,trunk_road_flag,accident_year_y,accident_reference_y,vehicle_direction_from,vehicle_direction_to,vehicle_location_restricted_lane,first_point_of_impact,vehicle_left_hand_drive,generic_make_model,accident_year,accident_reference,year,month,severity,hours
363201,2018010149682,513100.0,176680.0,-0.372777,51.477783,1,Slight,2,1,2018-03-12,Monday,18:30,Hounslow,E09000018,3,4,3,40.0,6,2,3,3063,,,4,1,1,0,0,1,1,E01002621,3,1,03/12/2018,03/12/2018,1,9,0,10,,1,0,0,0,0,,,6,Male,19,16 - 20,1364,1,12,10,1,,1,1,1,1,19,4,3,0,0,0,0,0,9,1,10,2018.0,010149682,E09000018,0.0,0.0,2.0,2018.0,010149682,3.0,2.0,0.0,2.0,1.0,-1,2018.0,010149682,2018,3,1,18
363202,2018010149688,530970.0,183060.0,-0.113224,51.531268,1,Slight,1,1,2018-02-12,Monday,22:51,Islington,E09000019,3,501,2,20.0,0,-1,-1,-1,,,7,1,1,0,0,1,2,E01002728,3,1,02/12/2018,02/12/2018,1,9,0,99,,0,9,99,9,99,,,6,Female,34,26 - 35,999,1,2,5,2,,1,1,1,2,34,6,3,0,0,0,0,0,9,2,5,2018.0,010149688,E09000019,0.0,0.0,2.0,2018.0,010149688,9.0,9.0,99.0,2.0,9.0,-1,2018.0,010149688,2018,2,1,22
363210,2018010149712,519560.0,191500.0,-0.274767,51.60965,1,Slight,2,1,2018-03-12,Monday,06:00,Barnet,E09000003,6,0,6,20.0,3,9,6,0,,,7,1,2,9,0,1,2,E01000194,3,1,03/12/2018,03/12/2018,1,9,0,99,,9,9,99,9,99,,,6,Male,35,26 - 35,1580,8,0,6,1,,1,1,1,1,35,6,3,0,0,0,0,0,9,1,6,2018.0,010149712,E09000003,0.0,0.0,2.0,2018.0,010149712,9.0,9.0,99.0,1.0,9.0,-1,2018.0,010149712,2018,3,1,6
363214,2018010149723,527440.0,171480.0,-0.168261,51.428005,1,Slight,2,1,2018-03-12,Monday,19:20,Wandsworth,E09000032,3,217,9,30.0,6,2,3,24,,,4,2,2,9,0,1,2,E01004617,3,1,03/12/2018,03/12/2018,1,9,0,99,,9,9,99,9,99,,,6,Male,25,21 - 25,2926,2,15,2,1,,1,1,1,1,25,5,3,0,0,0,0,0,9,1,2,2018.0,010149723,E09000032,0.0,5.0,2.0,2018.0,010149723,9.0,9.0,99.0,2.0,9.0,-1,2018.0,010149723,2018,3,1,19
363217,2018010149733,542580.0,175950.0,0.051172,51.464568,1,Slight,2,2,2018-03-12,Monday,19:28,Greenwich,E09000011,3,205,6,30.0,0,-1,-1,-1,,,4,1,1,0,0,1,1,E01001611,3,1,03/12/2018,03/12/2018,1,9,0,18,,0,0,4,0,0,,,6,Male,19,16 - 20,1598,1,16,1,1,,1,1,2,1,23,5,3,0,0,2,0,0,9,-1,-1,2018.0,010149733,E09000011,0.0,0.0,2.0,2018.0,010149733,6.0,2.0,0.0,1.0,1.0,-1,2018.0,010149733,2018,3,2,19
363222,2018010149747,524460.0,164660.0,-0.213493,51.367372,1,Serious,1,2,2018-03-12,Monday,22:59,Sutton,E09000029,3,217,3,40.0,0,-1,-1,-1,,,4,1,1,0,0,1,1,E01004115,2,2,03/12/2018,03/12/2018,1,9,0,18,,0,0,10,6,10,,,6,Male,20,16 - 20,1596,1,12,9,1,,1,1,1,1,20,4,2,0,0,0,0,0,9,1,9,2018.0,010149747,E09000029,0.0,0.0,2.0,2018.0,010149747,2.0,6.0,0.0,1.0,1.0,-1,2018.0,010149747,2018,3,4,22
363235,2018010149782,524260.0,182320.0,-0.21017,51.526133,1,Slight,1,2,2018-03-12,Monday,22:15,Kensington and Chelsea,E09000020,5,0,6,30.0,3,4,6,0,,,4,8,2,9,0,1,2,E01002852,3,1,03/12/2018,03/12/2018,1,9,0,99,,9,9,99,9,99,,,6,Male,22,21 - 25,1995,2,8,1,1,,1,1,1,1,22,5,3,0,0,0,0,0,9,1,1,2018.0,010149782,E09000020,0.0,9.0,2.0,2018.0,010149782,9.0,9.0,99.0,9.0,9.0,-1,2018.0,010149782,2018,3,2,22
363270,2018010149869,526240.0,176520.0,-0.183717,51.473569,1,Slight,2,1,2018-04-12,Thursday,19:15,Hammersmith and Fulham,E09000013,6,0,1,30.0,1,4,6,0,,,4,1,1,0,0,1,1,E01001939,3,1,04/12/2018,04/12/2018,1,9,0,5,,4,0,0,0,0,,,2,Male,33,26 - 35,1332,1,14,6,1,,2,1,1,1,28,6,3,0,0,0,0,0,3,1,3,2018.0,010149869,E09000013,0.0,0.0,2.0,2018.0,010149869,7.0,3.0,0.0,1.0,1.0,-1,2018.0,010149869,2018,4,1,19
363272,2018010149871,547990.0,173210.0,0.12785,51.438561,1,Slight,2,1,2018-04-12,Thursday,18:08,Bexley,E09000004,3,222,6,30.0,3,4,6,0,,,4,1,1,0,0,1,1,E01000445,3,1,04/12/2018,04/12/2018,1,9,0,9,,5,0,0,0,0,,,6,Female,19,16 - 20,1240,1,11,9,1,,2,1,1,1,14,3,3,0,0,0,0,0,1,1,5,2018.0,010149871,E09000004,0.0,0.0,2.0,2018.0,010149871,5.0,1.0,0.0,4.0,1.0,-1,2018.0,010149871,2018,4,1,18
363292,2018010149931,510680.0,181500.0,-0.406099,51.521584,1,Slight,2,1,2018-03-12,Monday,20:22,Hillingdon,E09000017,6,0,6,30.0,0,-1,-1,-1,,,4,1,1,0,0,1,2,E01002399,3,1,03/12/2018,03/12/2018,1,9,0,99,,0,9,99,9,99,,,6,Male,30,26 - 35,1995,2,5,7,1,,1,1,1,1,30,6,3,0,0,0,0,0,9,1,7,2018.0,010149931,E09000017,9.0,9.0,2.0,2018.0,010149931,9.0,9.0,99.0,1.0,9.0,-1,2018.0,010149931,2018,3,1,20
363300,2018010149956,529670.0,177640.0,-0.133947,51.482859,1,Slight,1,1,2018-04-12,Thursday,21:42,Wandsworth,E09000032,3,3205,3,30.0,3,4,6,0,,,4,2,2,3,0,1,2,E01004562,3,1,04/12/2018,04/12/2018,1,3,0,99,,8,9,99,9,99,,,2,Male,33,26 - 35,125,1,6,8,1,,1,1,1,1,33,6,3,0,0,0,0,0,3,1,8,2018.0,010149956,E09000032,0.0,0.0,2.0,2018.0,010149956,9.0,9.0,99.0,9.0,1.0,-1,2018.0,010149956,2018,4,1,21
363306,2018010149966,529130.0,175140.0,-0.142632,51.460515,1,Serious,1,1,2018-04-12,Thursday,20:20,Lambeth,E09000022,6,0,2,30.0,0,-1,-1,-1,,,4,2,2,0,0,1,1,E01003026,2,2,04/12/2018,04/12/2018,1,9,0,18,,0,0,0,0,0,,,6,Male,24,21 - 25,1461,2,1,5,1,,1,1,3,2,27,6,2,5,3,0,0,2,0,1,5,2018.0,010149966,E09000022,0.0,0.0,2.0,2018.0,010149966,5.0,1.0,0.0,1.0,1.0,-1,2018.0,010149966,2018,4,2,20
363307,2018010149969,533190.0,175730.0,-0.084003,51.464877,1,Slight,2,1,2018-04-12,Thursday,21:09,Southwark,E09000028,3,2216,3,20.0,6,2,6,0,,,4,2,2,0,0,1,1,E01004049,3,1,04/12/2018,04/12/2018,1,9,0,9,,8,0,0,0,0,,,6,Male,25,21 - 25,2180,2,23,6,1,,2,1,1,1,29,6,3,0,0,0,0,0,3,1,5,2018.0,010149969,E09000028,0.0,5.0,2.0,2018.0,010149969,5.0,1.0,0.0,1.0,1.0,-1,2018.0,010149969,2018,4,1,21
363310,2018010149974,538200.0,181730.0,-0.009578,51.517594,1,Slight,2,1,2018-05-12,Saturday,00:55,Tower Hamlets,E09000030,3,12,3,40.0,6,2,6,0,,,4,2,2,4,0,1,1,E01004249,3,1,05/12/2018,05/12/2018,1,9,0,18,,8,0,0,0,0,,,6,Male,23,21 - 25,1500,2,0,3,1,,2,1,1,1,27,6,3,0,0,0,0,0,9,1,3,2018.0,010149974,E09000030,0.0,4.0,2.0,2018.0,010149974,1.0,5.0,0.0,1.0,1.0,-1,2018.0,010149974,2018,5,1,0
363311,2018010149975,527140.0,175010.0,-0.171308,51.459797,1,Slight,1,1,2018-05-12,Saturday,00:25,Wandsworth,E09000032,3,3,6,30.0,6,2,4,229,,,4,2,2,0,0,1,1,E01004553,3,1,05/12/2018,05/12/2018,1,3,0,13,,1,1,10,7,1,,,6,Male,22,21 - 25,125,1,3,9,1,,1,1,1,1,22,5,3,0,0,0,0,0,3,1,9,2018.0,010149975,E09000032,0.0,5.0,2.0,2018.0,010149975,3.0,7.0,0.0,3.0,1.0,-1,2018.0,010149975,2018,5,1,0
363312,2018010149976,541120.0,160830.0,0.024164,51.329066,1,Serious,1,1,2018-04-12,Thursday,22:44,Bromley,E09000006,3,233,6,30.0,3,4,6,0,,,4,2,2,0,0,1,1,E01000747,2,2,04/12/2018,04/12/2018,1,9,0,18,,1,0,0,1,2,,,6,Male,35,26 - 35,1796,1,10,2,1,,1,1,1,1,35,6,2,0,0,0,0,0,9,1,2,2018.0,010149976,E09000006,0.0,8.0,2.0,2018.0,010149976,6.0,2.0,0.0,1.0,1.0,-1,2018.0,010149976,2018,4,2,22
363315,2018010149984,509690.0,179400.0,-0.421016,51.502902,1,Slight,1,1,2018-05-12,Saturday,00:22,Hillingdon,E09000017,5,0,6,30.0,0,-1,-1,-1,,,4,2,2,0,0,1,1,E01002407,3,1,05/12/2018,05/12/2018,1,3,0,18,,0,0,0,0,0,,,6,Male,19,16 - 20,108,1,1,-1,-1,,1,1,3,1,20,4,3,5,1,0,0,2,0,1,4,2018.0,010149984,E09000017,0.0,0.0,2.0,2018.0,010149984,1.0,5.0,0.0,1.0,1.0,-1,2018.0,010149984,2018,5,1,0
363316,2018010149985,542410.0,191710.0,0.055095,51.606226,1,Slight,3,1,2018-05-12,Saturday,00:59,Redbridge,E09000026,3,113,6,30.0,3,4,4,173,,,4,2,2,0,0,1,1,E01003656,3,1,05/12/2018,05/12/2018,1,9,0,9,,6,0,0,0,0,,,6,Male,18,16 - 20,1997,2,0,-1,-1,,3,1,1,1,27,6,3,0,0,0,0,0,9,1,5,2018.0,010149985,E09000026,0.0,8.0,2.0,2018.0,010149985,2.0,7.0,0.0,1.0,1.0,-1,2018.0,010149985,2018,5,1,0
363317,2018010149986,531830.0,188240.0,-0.098894,51.577618,1,Serious,3,1,2018-05-12,Saturday,01:58,Haringey,E09000014,3,105,6,30.0,0,-1,-1,-1,,,7,2,2,0,0,1,1,E01002002,2,2,05/12/2018,05/12/2018,1,9,0,6,,0,0,0,0,0,,,6,Male,21,21 - 25,2171,1,15,2,1,,1,1,1,1,21,5,2,0,0,0,0,0,9,1,2,2018.0,010149986,E09000014,2.0,4.0,2.0,2018.0,010149986,0.0,5.0,0.0,3.0,1.0,-1,2018.0,010149986,2018,5,2,1
363318,2018010149987,537240.0,176930.0,-0.025271,51.474694,1,Slight,2,1,2018-04-12,Thursday,23:00,Lewisham,E09000023,3,2,6,30.0,0,-1,-1,-1,,,4,2,2,0,0,1,1,E01003207,3,1,04/12/2018,04/12/2018,1,9,0,18,,0,0,0,0,0,,,6,Male,23,21 - 25,-1,-1,-1,2,1,,1,1,2,1,22,5,3,0,0,2,0,0,9,1,3,2018.0,010149987,E09000023,0.0,0.0,2.0,2018.0,010149987,3.0,7.0,0.0,2.0,1.0,-1,2018.0,010149987,2018,4,1,23
363351,2018010150071,526880.0,181080.0,-0.172869,51.514407,1,Slight,2,1,2018-04-12,Thursday,19:43,Westminster,E09000033,5,0,6,30.0,3,4,6,0,,,4,2,2,0,0,1,1,E01004683,3,1,04/12/2018,04/12/2018,1,3,0,6,,2,0,0,0,0,,,1,Male,31,26 - 35,125,1,0,5,1,,1,1,1,1,31,6,3,0,0,0,0,0,3,1,5,2018.0,010150071,E09000033,0.0,4.0,2.0,2018.0,010150071,4.0,8.0,0.0,2.0,1.0,-1,2018.0,010150071,2018,4,1,19
363352,2018010150076,546180.0,173780.0,0.102063,51.444152,1,Serious,2,1,2018-04-12,Thursday,20:49,Bexley,E09000004,5,0,6,30.0,3,4,5,0,,,4,2,2,0,0,1,1,E01000350,2,2,04/12/2018,04/12/2018,1,4,0,18,,1,2,0,0,0,,,6,Male,29,26 - 35,125,1,0,8,1,,1,1,1,1,29,6,2,0,0,0,0,0,4,1,8,2018.0,010150076,E09000004,0.0,0.0,2.0,2018.0,010150076,1.0,5.0,0.0,1.0,1.0,-1,2018.0,010150076,2018,4,2,20
363367,2018010150136,536630.0,188210.0,-0.029677,51.576206,1,Slight,1,2,2018-05-12,Saturday,00:05,Waltham Forest,E09000031,3,1006,9,20.0,0,-1,-1,-1,,,7,2,2,0,0,1,2,E01004449,3,1,05/12/2018,05/12/2018,1,9,0,99,,0,9,99,9,99,,,6,Male,19,16 - 20,1598,2,4,1,1,,1,1,1,1,19,4,3,0,0,0,0,0,9,1,1,2018.0,010150136,E09000031,0.0,5.0,2.0,2018.0,010150136,9.0,9.0,99.0,1.0,9.0,-1,2018.0,010150136,2018,5,2,0
363377,2018010150167,529900.0,182690.0,-0.128778,51.52819,1,Slight,2,1,2018-05-12,Saturday,19:50,Camden,E09000007,3,501,3,30.0,3,4,6,0,,,7,2,2,0,0,1,1,E01000956,3,1,05/12/2018,05/12/2018,1,3,0,9,,5,0,0,0,0,,,2,Male,24,21 - 25,125,1,1,5,1,,1,1,1,1,24,5,3,0,0,0,0,0,3,1,5,2018.0,010150167,E09000007,0.0,0.0,2.0,2018.0,010150167,5.0,4.0,0.0,1.0,1.0,-1,2018.0,010150167,2018,5,1,19
363380,2018010150172,532580.0,165390.0,-0.096643,51.372098,1,Slight,2,1,2018-05-12,Saturday,19:01,Croydon,E09000008,5,0,3,30.0,0,-1,-1,-1,,,4,2,2,0,0,1,1,E01001045,3,1,05/12/2018,05/12/2018,1,9,0,3,,0,0,0,0,0,,,6,Female,29,26 - 35,1598,1,5,3,1,,1,1,1,2,29,6,3,0,0,0,0,0,9,1,3,2018.0,010150172,E09000008,0.0,4.0,2.0,2018.0,010150172,1.0,5.0,0.0,2.0,1.0,-1,2018.0,010150172,2018,5,1,19
363381,2018010150173,524980.0,175090.0,-0.202355,51.460996,1,Slight,2,1,2018-05-12,Saturday,19:07,Wandsworth,E09000032,3,3209,6,30.0,3,4,6,0,,,4,1,2,0,0,1,1,E01033135,3,1,05/12/2018,05/12/2018,1,9,0,9,,5,0,0,0,0,,,6,Female,35,26 - 35,1496,1,3,9,1,,2,1,1,2,37,7,3,0,0,0,0,0,1,1,9,2018.0,010150173,E09000032,0.0,4.0,2.0,2018.0,010150173,8.0,5.0,0.0,1.0,1.0,-1,2018.0,010150173,2018,5,1,19
363384,2018010150184,530610.0,184560.0,-0.117855,51.544831,1,Serious,2,1,2018-05-12,Saturday,18:25,Islington,E09000019,3,5203,6,20.0,3,4,6,0,,,4,2,2,0,0,1,1,E01002713,2,2,05/12/2018,05/12/2018,1,5,0,13,,2,0,0,0,0,,,6,Male,30,26 - 35,689,1,0,2,1,,1,1,1,1,30,6,2,0,0,0,0,0,5,1,2,2018.0,010150184,E09000019,0.0,1.0,2.0,2018.0,010150184,5.0,1.0,0.0,4.0,1.0,-1,2018.0,010150184,2018,5,2,18
363389,2018010150194,534190.0,188080.0,-0.064918,51.575623,1,Serious,1,1,2018-05-12,Saturday,21:10,Hackney,E09000012,6,0,6,20.0,3,4,6,0,,,4,2,2,0,0,1,1,E01001825,2,2,05/12/2018,05/12/2018,1,9,0,7,,1,0,0,0,0,,,6,Male,17,16 - 20,2996,1,9,3,1,,1,1,3,1,14,3,2,5,2,0,0,2,0,1,3,2018.0,010150194,E09000012,0.0,0.0,2.0,2018.0,010150194,7.0,3.0,0.0,4.0,1.0,-1,2018.0,010150194,2018,5,2,21
363395,2018010150204,526970.0,195710.0,-0.166287,51.645864,1,Slight,1,1,2018-05-12,Saturday,21:42,Barnet,E09000003,3,110,6,30.0,3,4,3,110,,,4,2,2,0,0,1,1,E01000170,3,1,05/12/2018,05/12/2018,1,9,0,18,,5,0,0,0,0,,,6,Female,19,16 - 20,998,1,13,4,1,,1,1,3,2,60,9,3,4,1,0,0,2,0,1,5,2018.0,010150204,E09000003,2.0,8.0,2.0,2018.0,010150204,5.0,3.0,0.0,1.0,1.0,-1,2018.0,010150204,2018,5,1,21
363396,2018010150205,528510.0,185090.0,-0.147929,51.550076,1,Slight,2,1,2018-05-12,Saturday,20:50,Camden,E09000007,6,0,6,30.0,99,9,6,0,,,1,2,2,9,9,1,2,E01000889,3,1,05/12/2018,05/12/2018,1,3,0,99,,9,9,99,9,99,,,6,Male,26,26 - 35,125,1,1,1,1,,1,1,1,1,26,6,3,0,0,0,0,0,3,1,1,2018.0,010150205,E09000007,9.0,9.0,2.0,2018.0,010150205,9.0,9.0,99.0,1.0,1.0,-1,2018.0,010150205,2018,5,1,20
363397,2018010150206,531370.0,175910.0,-0.110121,51.46692,1,Slight,2,1,2018-05-12,Saturday,22:00,Lambeth,E09000022,6,0,6,20.0,3,4,6,0,,,4,9,2,0,0,1,1,E01003049,3,1,05/12/2018,05/12/2018,1,9,0,1,,1,0,0,0,0,,,6,Female,17,16 - 20,1388,1,9,-1,-1,,2,1,1,1,17,4,3,0,0,0,0,0,3,1,1,2018.0,010150206,E09000022,0.0,0.0,2.0,2018.0,010150206,5.0,1.0,0.0,2.0,1.0,-1,2018.0,010150206,2018,5,1,22
363398,2018010150208,508160.0,178480.0,-0.443332,51.494927,1,Slight,2,2,2018-06-12,Tuesday,02:30,Hillingdon,E09000017,1,4,3,70.0,0,-1,-1,-1,,,4,1,2,0,0,1,1,E01002486,3,1,06/12/2018,06/12/2018,1,9,0,18,,0,0,0,0,0,,,6,Male,34,26 - 35,1910,2,11,-1,-1,,1,1,1,1,34,6,3,0,0,0,0,0,9,-1,-1,2018.0,010150208,E09000017,0.0,0.0,1.0,2018.0,010150208,7.0,3.0,0.0,1.0,1.0,-1,2018.0,010150208,2018,6,2,2
363399,2018010150209,512400.0,176810.0,-0.382811,51.47909,1,Slight,3,1,2018-06-12,Tuesday,00:23,Hounslow,E09000018,5,0,6,30.0,3,4,6,0,,,4,1,1,0,0,1,1,E01002623,3,1,06/12/2018,06/12/2018,1,9,0,7,,5,0,0,0,0,,,6,Male,19,16 - 20,1149,1,6,-1,-1,,1,1,1,1,19,4,3,0,0,0,0,0,9,-1,-1,2018.0,010150209,E09000018,0.0,0.0,2.0,2018.0,010150209,5.0,7.0,0.0,1.0,1.0,-1,2018.0,010150209,2018,6,1,0
363400,2018010150210,516830.0,185410.0,-0.316198,51.555488,1,Slight,2,1,2018-06-12,Tuesday,00:47,Brent,E09000005,3,404,6,20.0,3,4,6,0,,,4,1,2,0,0,1,1,E01000608,3,1,06/12/2018,06/12/2018,1,9,0,5,,1,0,0,0,0,,,6,Male,29,26 - 35,998,1,0,2,1,,2,1,1,1,24,5,3,0,0,0,0,0,1,1,6,2018.0,010150210,E09000005,0.0,1.0,2.0,2018.0,010150210,0.0,0.0,3.0,3.0,1.0,-1,2018.0,010150210,2018,6,1,0
363414,2018010150256,529870.0,182660.0,-0.129221,51.527927,1,Slight,2,1,2018-05-12,Saturday,20:50,Camden,E09000007,6,0,3,30.0,0,-1,-1,-1,,,1,1,2,0,0,1,2,E01000956,3,1,05/12/2018,05/12/2018,1,3,0,99,,0,9,99,9,99,,,6,Male,30,26 - 35,125,1,3,3,1,,1,1,1,1,30,6,3,0,0,0,0,0,3,1,3,2018.0,010150256,E09000007,0.0,0.0,2.0,2018.0,010150256,9.0,9.0,99.0,1.0,1.0,-1,2018.0,010150256,2018,5,1,20
363436,2018010150307,521790.0,183380.0,-0.245391,51.536197,1,Serious,2,1,2018-11-23,Friday,19:00,Brent,E09000005,3,4000,7,30.0,6,9,3,404,,,4,8,9,9,9,1,2,E01033455,2,2,23/11/2018,23/11/2018,1,3,5,99,,9,5,99,9,99,,,6,Male,29,26 - 35,125,1,8,5,1,,1,1,1,1,29,6,2,0,0,0,0,0,3,1,5,2018.0,010150307,E09000005,9.0,9.0,2.0,2018.0,010150307,9.0,9.0,99.0,4.0,1.0,-1,2018.0,010150307,2018,11,2,19
363457,2018010150388,529880.0,183270.0,-0.128852,51.533407,1,Slight,2,1,2018-06-12,Tuesday,19:00,Camden,E09000007,3,5202,6,20.0,3,1,6,0,,,4,1,2,0,0,1,1,E01000953,3,1,06/12/2018,06/12/2018,1,3,0,4,,1,1,0,0,0,,,1,Male,31,26 - 35,108,1,2,5,1,,1,1,1,1,31,6,3,0,0,0,0,0,3,1,5,2018.0,010150388,E09000007,0.0,1.0,2.0,2018.0,010150388,5.0,1.0,0.0,2.0,1.0,-1,2018.0,010150388,2018,6,1,19
363459,2018010150394,509390.0,176920.0,-0.426104,51.480669,1,Slight,2,1,2018-01-12,Friday,22:30,Hillingdon,E09000017,3,4,3,40.0,0,-1,-1,-1,,,7,2,2,0,0,1,2,E01002443,3,1,01/12/2018,01/12/2018,1,9,0,99,,0,9,99,9,99,,,2,Female,27,26 - 35,1296,1,12,3,1,,1,1,1,2,27,6,3,0,0,0,0,0,9,1,3,2018.0,010150394,E09000017,0.0,0.0,2.0,2018.0,010150394,9.0,9.0,99.0,9.0,1.0,-1,2018.0,010150394,2018,1,1,22
363461,2018010150398,540190.0,178830.0,0.017931,51.491045,1,Slight,1,1,2018-04-12,Thursday,18:18,Greenwich,E09000011,6,0,7,30.0,9,2,6,0,,,7,1,2,0,0,1,2,E01033733,3,1,04/12/2018,04/12/2018,1,9,0,99,,9,9,99,9,99,,,6,Female,33,26 - 35,898,1,4,3,1,,1,1,2,2,-1,-1,3,0,0,2,0,0,9,1,2,2018.0,010150398,E09000011,0.0,5.0,2.0,2018.0,010150398,9.0,9.0,99.0,2.0,9.0,-1,2018.0,010150398,2018,4,1,18
363464,2018010150401,546170.0,171580.0,0.101012,51.424386,1,Slight,3,2,2018-06-12,Tuesday,19:15,Bexley,E09000004,3,222,6,30.0,0,-1,-1,-1,,,4,2,2,0,0,1,2,E01000457,3,1,06/12/2018,06/12/2018,1,9,0,99,,0,9,99,9,99,,,2,Male,35,26 - 35,1999,1,12,6,1,,1,1,1,1,35,6,3,0,0,0,0,0,9,1,6,2018.0,010150401,E09000004,0.0,1.0,2.0,2018.0,010150401,9.0,9.0,99.0,2.0,9.0,-1,2018.0,010150401,2018,6,2,19
363466,2018010150403,544080.0,167470.0,0.069304,51.38799,1,Serious,2,1,2018-06-12,Tuesday,20:00,Bromley,E09000006,6,0,6,30.0,0,-1,-1,-1,,,4,2,2,0,0,1,1,E01000811,2,2,06/12/2018,06/12/2018,1,9,0,4,,0,0,0,0,0,,,6,Female,23,21 - 25,999,1,2,2,1,,2,1,1,1,18,4,2,0,0,0,0,0,3,3,7,2018.0,010150403,E09000006,0.0,0.0,2.0,2018.0,010150403,5.0,1.0,0.0,1.0,1.0,-1,2018.0,010150403,2018,6,2,20
363468,2018010150407,527680.0,168760.0,-0.16579,51.403505,1,Slight,2,3,2018-06-12,Tuesday,19:03,Merton,E09000024,3,217,6,30.0,3,2,6,0,,,7,2,2,0,0,1,2,E01003379,3,1,06/12/2018,06/12/2018,1,9,0,99,,9,9,99,9,99,,,2,Female,25,21 - 25,1360,1,7,3,1,,1,1,1,2,25,5,3,0,0,0,0,0,9,1,3,2018.0,010150407,E09000024,9.0,9.0,2.0,2018.0,010150407,9.0,9.0,99.0,9.0,9.0,-1,2018.0,010150407,2018,6,3,19
363469,2018010150408,541010.0,174250.0,0.027908,51.449685,1,Slight,2,1,2018-06-12,Tuesday,19:30,Greenwich,E09000011,3,205,1,30.0,3,4,6,0,,,1,9,2,0,0,1,1,E01001660,3,1,06/12/2018,06/12/2018,1,5,0,3,,1,0,0,0,0,,,6,Male,22,21 - 25,689,1,2,2,1,,1,1,1,1,22,5,3,0,0,0,0,0,5,1,2,2018.0,010150408,E09000011,0.0,0.0,2.0,2018.0,010150408,8.0,4.0,0.0,2.0,1.0,-1,2018.0,010150408,2018,6,1,19
363477,2018010150436,525050.0,181040.0,-0.199242,51.514455,1,Serious,2,1,2018-07-12,Thursday,02:45,Kensington and Chelsea,E09000020,5,0,1,20.0,2,3,5,0,,,4,2,2,0,0,1,1,E01002886,2,2,07/12/2018,07/12/2018,1,9,0,18,,3,0,0,0,0,,,6,Female,24,21 - 25,1799,1,12,7,1,,1,1,1,2,24,5,2,0,0,0,0,0,9,1,7,2018.0,010150436,E09000020,0.0,0.0,2.0,2018.0,010150436,4.0,8.0,0.0,1.0,1.0,-1,2018.0,010150436,2018,7,2,2
363478,2018010150437,508390.0,189030.0,-0.436774,51.589708,1,Serious,2,2,2018-07-12,Thursday,00:45,Hillingdon,E09000017,3,4180,6,50.0,0,-1,-1,-1,,,6,2,2,0,0,1,1,E01002538,2,2,07/12/2018,07/12/2018,1,9,0,18,,0,0,0,0,0,,,2,Female,26,26 - 35,1597,1,10,7,1,,1,1,1,2,26,6,2,0,0,0,0,0,9,1,7,2018.0,010150437,E09000017,0.0,0.0,2.0,2018.0,010150437,5.0,1.0,0.0,3.0,1.0,-1,2018.0,010150437,2018,7,4,0
363481,2018010150442,539840.0,181470.0,0.01394,51.514854,1,Slight,4,1,2018-07-12,Thursday,05:30,Newham,E09000025,6,0,6,30.0,0,-1,-1,-1,,,4,2,2,0,0,1,1,E01033585,3,1,07/12/2018,07/12/2018,1,9,0,1,,0,0,0,7,1,,,6,Male,28,26 - 35,2993,2,7,2,1,,3,1,1,1,29,6,3,0,0,0,0,0,9,-1,-1,2018.0,010150442,E09000025,0.0,0.0,2.0,2018.0,010150442,5.0,1.0,0.0,2.0,1.0,-1,2018.0,010150442,2018,7,1,5
363490,2018010150470,534200.0,189650.0,-0.064174,51.589729,1,Slight,2,1,2018-01-12,Friday,22:00,Haringey,E09000014,5,0,6,30.0,3,2,3,1055,,,4,1,1,0,0,1,2,E01002081,3,1,01/12/2018,01/12/2018,1,9,0,99,,1,0,0,0,0,,,6,Male,32,26 - 35,1580,8,2,2,1,,1,1,1,1,32,6,3,0,0,0,0,0,9,1,2,2018.0,010150470,E09000014,9.0,5.0,2.0,2018.0,010150470,9.0,9.0,0.0,2.0,9.0,-1,2018.0,010150470,2018,1,1,22