,accident_index,location_easting_osgr,location_northing_osgr,longitude,latitude,police_force,accident_severity,number_of_vehicles,number_of_casualties,date,day_of_week,time,local_authority_district,local_authority_highway,first_road_class,first_road_number,road_type,speed_limit,junction_detail,junction_control,second_road_class,second_road_number,pedestrian_crossing-human_control,pedestrian_crossing-physical_facilities,light_conditions,weather_conditions,road_surface_conditions,special_conditions_at_site,carriageway_hazards,urban_or_rural_area,did_police_officer_attend_scene_of_accident,lsoa_of_accident_location,accident_severity_num,accident_severity_inv,date2,date_original,vehicle_reference_x,vehicle_type,towing_and_articulation,vehicle_manoeuvre,vehicle_location-restricted_lane,junction_location,skidding_and_overturning,hit_object_in_carriageway,vehicle_leaving_carriageway,hit_object_off_carriageway,1st_point_of_impact,was_vehicle_left_hand_drive?,journey_purpose_of_driver,sex_of_driver,age_of_driver,age_band_of_driver,engine_capacity_cc,propulsion_code,age_of_vehicle,driver_imd_decile,driver_home_area_type,vehicle_imd_decile,vehicle_reference_y,casualty_reference,casualty_class,sex_of_casualty,age_of_casualty,age_band_of_casualty,casualty_severity,pedestrian_location,pedestrian_movement,car_passenger,bus_or_coach_passenger,pedestrian_road_maintenance_worker,casualty_type,casualty_home_area_type,casualty_imd_decile,accident_year_x,accident_reference_x,local_authority_ons_district,pedestrian_crossing_human_control,pedestrian_crossing_physical_facilities,trunk_road_flag,accident_year_y,accident_reference_y,vehicle_direction_from,vehicle_direction_to,vehicle_location_restricted_lane,first_point_of_impact,vehicle_left_hand_drive,generic_make_model,accident_year,accident_reference,year,month,severity,hours
363515,2018010150547,527900.0,177760.0,-0.15938,51.48434,1,Slight,2,1,2018-06-12,Tuesday,19:23,Kensington and Chelsea,E09000020,3,3212,6,30.0,3,4,6,0,,,4,1,1,0,0,1,1,E01002900,3,1,06/12/2018,06/12/2018,1,9,0,9,,8,0,0,0,0,,,1,Male,32,26 - 35,1560,2,3,6,1,,2,1,1,1,28,6,3,0,0,0,0,0,5,1,4,2018.0,010150547,E09000020,0.0,0.0,2.0,2018.0,010150547,1.0,5.0,0.0,1.0,1.0,-1,2018.0,010150547,2018,6,1,19
363521,2018010150571,523610.0,180680.0,-0.22011,51.511536,1,Slight,2,1,2018-06-12,Tuesday,19:21,Hammersmith and Fulham,E09000013,3,3220,6,40.0,1,2,6,0,,,4,1,2,0,0,1,2,E01002870,3,1,06/12/2018,06/12/2018,1,9,0,99,,9,9,99,9,99,,,2,Female,24,21 - 25,998,1,3,9,1,,1,1,1,2,24,5,3,0,0,0,0,0,9,1,9,2018.0,010150571,E09000013,0.0,0.0,2.0,2018.0,010150571,9.0,9.0,99.0,2.0,9.0,-1,2018.0,010150571,2018,6,1,19
363532,2018010150621,524000.0,196420.0,-0.208938,51.652907,1,Slight,1,1,2018-07-12,Thursday,18:50,Barnet,E09000003,3,411,6,30.0,3,4,6,0,,,4,2,2,0,0,1,1,E01000294,3,1,07/12/2018,07/12/2018,1,9,0,9,,5,0,0,0,0,,,6,Male,34,26 - 35,1591,1,0,2,1,,1,1,3,1,67,10,3,1,4,0,0,2,0,1,8,2018.0,010150621,E09000003,0.0,8.0,2.0,2018.0,010150621,7.0,5.0,0.0,4.0,1.0,-1,2018.0,010150621,2018,7,1,18
363542,2018010150642,542440.0,183550.0,0.052224,51.532895,1,Slight,2,1,2018-07-12,Thursday,18:03,Newham,E09000025,3,124,6,30.0,3,2,6,0,,,7,1,1,0,9,1,2,E01003525,3,1,07/12/2018,07/12/2018,1,9,0,99,,9,9,99,9,99,,,6,Female,35,26 - 35,1999,2,0,2,1,,1,1,1,2,35,6,3,0,0,0,0,0,9,1,2,2018.0,010150642,E09000025,9.0,5.0,2.0,2018.0,010150642,9.0,9.0,99.0,2.0,9.0,-1,2018.0,010150642,2018,7,1,18
363548,2018010150662,534800.0,191060.0,-0.054977,51.602256,1,Serious,2,1,2018-07-12,Thursday,20:08,Haringey,E09000014,4,137,6,20.0,6,4,5,0,,,4,8,1,0,0,1,1,E01002075,2,2,07/12/2018,07/12/2018,1,9,0,9,,1,0,0,0,0,,,6,Female,33,26 - 35,1995,2,13,1,1,,2,1,1,1,37,7,2,0,0,0,0,0,3,-1,-1,2018.0,010150662,E09000014,0.0,5.0,2.0,2018.0,010150662,1.0,5.0,0.0,4.0,1.0,-1,2018.0,010150662,2018,7,2,20
363549,2018010150663,533760.0,189490.0,-0.070583,51.588396,1,Slight,2,1,2018-07-12,Thursday,19:50,Haringey,E09000014,3,10,3,30.0,3,2,4,153,,,4,1,1,0,0,1,1,E01002066,3,1,07/12/2018,07/12/2018,1,9,0,10,,5,0,0,0,0,,,6,Male,28,26 - 35,1910,2,10,1,1,,2,1,1,1,24,5,3,0,0,0,0,0,3,1,1,2018.0,010150663,E09000014,0.0,5.0,2.0,2018.0,010150663,5.0,7.0,0.0,4.0,1.0,-1,2018.0,010150663,2018,7,1,19
363551,2018010150666,527640.0,176050.0,-0.16374,51.469031,1,Slight,3,1,2018-07-12,Thursday,20:00,Wandsworth,E09000032,3,3220,6,30.0,3,4,6,0,,,4,1,1,0,0,1,1,E01004534,3,1,07/12/2018,07/12/2018,1,2,0,3,,1,0,0,0,0,,,1,Male,22,21 - 25,108,1,2,4,1,,1,1,1,1,22,5,3,0,0,0,0,0,2,1,4,2018.0,010150666,E09000032,0.0,0.0,2.0,2018.0,010150666,5.0,1.0,0.0,2.0,1.0,-1,2018.0,010150666,2018,7,1,20
363554,2018010150672,527720.0,181750.0,-0.160527,51.520239,1,Slight,2,2,2018-06-12,Tuesday,23:15,Westminster,E09000033,6,0,6,30.0,3,4,6,0,,,4,1,2,0,0,1,1,E01004662,3,1,06/12/2018,06/12/2018,1,3,0,18,,1,2,0,0,0,,,1,Male,22,21 - 25,108,1,2,3,1,,1,1,1,1,22,5,3,0,0,0,0,0,3,1,3,2018.0,010150672,E09000033,0.0,0.0,2.0,2018.0,010150672,2.0,6.0,0.0,3.0,1.0,-1,2018.0,010150672,2018,6,2,23
363555,2018010150675,541690.0,168810.0,0.035514,51.400632,1,Slight,1,1,2018-07-12,Thursday,20:45,Bromley,E09000006,4,265,6,30.0,0,-1,-1,-1,,,4,1,1,0,0,1,1,E01000648,3,1,07/12/2018,07/12/2018,1,9,0,5,,0,0,0,0,0,,,6,Male,28,26 - 35,998,1,0,4,1,,1,1,3,1,14,3,3,5,3,0,0,2,0,1,8,2018.0,010150675,E09000006,0.0,0.0,2.0,2018.0,010150675,5.0,1.0,0.0,1.0,1.0,-1,2018.0,010150675,2018,7,1,20
363559,2018010150697,508580.0,173630.0,-0.438772,51.451253,1,Slight,2,1,2018-08-12,Sunday,01:30,Hounslow,E09000018,3,315,9,30.0,99,9,6,0,,,1,9,1,0,0,1,2,E01002557,3,1,08/12/2018,08/12/2018,1,9,0,99,,9,9,99,9,99,,,6,Male,30,26 - 35,2496,2,15,3,1,,1,1,1,1,30,6,3,0,0,0,0,0,9,1,3,2018.0,010150697,E09000018,0.0,9.0,2.0,2018.0,010150697,9.0,9.0,99.0,2.0,9.0,-1,2018.0,010150697,2018,8,1,1
363560,2018010150698,522780.0,180890.0,-0.231991,51.513604,1,Slight,2,1,2018-08-12,Sunday,02:16,Hammersmith and Fulham,E09000013,6,0,3,20.0,9,4,6,0,,,4,1,2,0,0,1,1,E01001958,3,1,08/12/2018,08/12/2018,1,9,0,4,,1,0,0,0,0,,,1,Male,29,26 - 35,1200,1,0,5,1,,1,1,2,1,23,5,3,0,0,2,0,0,9,1,5,2018.0,010150698,E09000013,0.0,0.0,2.0,2018.0,010150698,1.0,5.0,0.0,4.0,1.0,-1,2018.0,010150698,2018,8,1,2
363562,2018010150705,534450.0,177300.0,-0.065279,51.478688,1,Slight,3,1,2018-08-12,Sunday,01:07,Southwark,E09000028,5,0,6,20.0,6,4,6,0,,,4,8,1,0,0,1,1,E01032805,3,1,08/12/2018,08/12/2018,1,9,0,18,,1,0,4,0,0,,,6,Female,22,21 - 25,2143,2,1,2,1,,1,1,1,2,22,5,3,0,0,0,0,0,9,1,2,2018.0,010150705,E09000028,0.0,0.0,2.0,2018.0,010150705,6.0,2.0,0.0,1.0,1.0,-1,2018.0,010150705,2018,8,1,1
363563,2018010150706,537410.0,187810.0,-0.018584,51.572422,1,Slight,1,1,2018-07-12,Thursday,22:15,Waltham Forest,E09000031,3,104,6,20.0,3,4,6,0,,,4,1,2,4,0,1,1,E01004423,3,1,07/12/2018,07/12/2018,1,9,0,18,,1,0,0,0,0,,,6,Male,25,21 - 25,2204,2,11,3,1,,1,1,3,1,72,10,3,1,1,0,0,2,0,-1,-1,2018.0,010150706,E09000031,0.0,4.0,2.0,2018.0,010150706,1.0,5.0,0.0,4.0,1.0,-1,2018.0,010150706,2018,7,1,22
363565,2018010150710,539610.0,181700.0,0.010718,51.516978,1,Slight,2,1,2018-07-12,Thursday,22:35,Newham,E09000025,6,0,6,30.0,3,4,3,124,,,4,1,2,0,0,1,1,E01003503,3,1,07/12/2018,07/12/2018,1,9,0,18,,1,0,0,0,0,,,6,Male,23,21 - 25,1995,2,3,2,1,,2,1,1,1,19,4,3,0,0,0,0,0,1,1,1,2018.0,010150710,E09000025,0.0,0.0,2.0,2018.0,010150710,1.0,5.0,0.0,1.0,1.0,-1,2018.0,010150710,2018,7,1,22
363566,2018010150711,537970.0,174800.0,-0.015598,51.455375,1,Serious,1,2,2018-08-12,Sunday,05:08,Lewisham,E09000023,3,21,3,30.0,0,-1,-1,-1,,,4,1,1,0,0,1,1,E01033327,2,2,08/12/2018,08/12/2018,1,9,0,18,,0,0,0,1,1,,,6,Male,21,21 - 25,1587,1,14,2,1,,1,1,1,1,21,5,2,0,0,0,0,0,9,1,2,2018.0,010150711,E09000023,0.0,5.0,2.0,2018.0,010150711,5.0,1.0,0.0,1.0,1.0,-1,2018.0,010150711,2018,8,4,5
363568,2018010150713,511970.0,182870.0,-0.387078,51.533643,1,Slight,2,1,2018-08-12,Sunday,01:30,Ealing,E09000009,4,455,6,30.0,0,-1,-1,-1,,,4,1,1,0,0,1,1,E01001330,3,1,08/12/2018,08/12/2018,1,9,0,17,,0,0,0,1,2,,,6,Male,26,26 - 35,2179,2,3,4,1,,1,1,1,1,26,6,3,0,0,0,0,0,9,1,4,2018.0,010150713,E09000009,0.0,0.0,2.0,2018.0,010150713,3.0,7.0,0.0,1.0,1.0,-1,2018.0,010150713,2018,8,1,1
363569,2018010150714,539620.0,178280.0,0.009509,51.486243,1,Slight,2,1,2018-08-12,Sunday,03:57,Greenwich,E09000011,3,206,6,30.0,9,4,6,0,,,4,1,1,0,0,1,1,E01001662,3,1,08/12/2018,08/12/2018,1,9,0,18,,2,0,10,0,0,,,2,Male,35,26 - 35,2143,2,3,4,1,,1,1,1,1,35,6,3,0,0,0,0,0,9,1,4,2018.0,010150714,E09000011,0.0,8.0,2.0,2018.0,010150714,7.0,3.0,0.0,1.0,1.0,-1,2018.0,010150714,2018,8,1,3
363570,2018010150716,532210.0,165210.0,-0.102023,51.370566,1,Slight,2,1,2018-08-12,Sunday,02:55,Croydon,E09000008,6,0,7,30.0,3,4,6,0,,,1,5,2,0,0,1,2,E01001042,3,1,08/12/2018,08/12/2018,1,8,0,99,,9,9,99,9,99,,,6,Male,28,26 - 35,1598,2,5,3,1,,1,1,1,1,28,6,3,0,0,0,0,0,8,1,3,2018.0,010150716,E09000008,0.0,0.0,2.0,2018.0,010150716,9.0,9.0,99.0,1.0,9.0,-1,2018.0,010150716,2018,8,1,2
363579,2018010150735,523810.0,188130.0,-0.214609,51.578447,1,Slight,1,1,2018-07-12,Thursday,20:15,Barnet,E09000003,3,406,3,40.0,3,9,3,406,,,7,8,1,9,9,1,2,E01000219,3,1,07/12/2018,07/12/2018,1,9,0,99,,9,9,99,9,99,,,6,Male,26,26 - 35,999,1,9,3,1,,1,1,1,1,26,6,3,0,0,0,0,0,9,1,3,2018.0,010150735,E09000003,9.0,9.0,2.0,2018.0,010150735,9.0,9.0,99.0,1.0,9.0,-1,2018.0,010150735,2018,7,1,20
363595,2018010150794,523320.0,179960.0,-0.224539,51.505128,1,Slight,2,1,2018-07-12,Thursday,21:05,Hammersmith and Fulham,E09000013,3,219,6,20.0,7,2,3,4020,,,4,1,1,9,0,1,2,E01001943,3,1,07/12/2018,07/12/2018,1,9,0,99,,9,9,99,9,99,,,6,Male,30,26 - 35,1995,2,6,7,1,,1,1,1,1,30,6,3,0,0,0,0,0,9,1,7,2018.0,010150794,E09000013,9.0,5.0,2.0,2018.0,010150794,9.0,9.0,99.0,2.0,9.0,-1,2018.0,010150794,2018,7,1,21
363608,2018010150834,534630.0,185200.0,-0.059673,51.549638,1,Slight,2,1,2018-08-12,Sunday,19:45,Hackney,E09000012,5,0,6,20.0,7,2,5,0,,,4,2,2,0,0,1,1,E01001758,3,1,08/12/2018,08/12/2018,1,9,0,5,,8,0,0,0,0,,,6,Male,34,26 - 35,2993,2,7,5,1,,2,1,2,2,15,3,3,0,0,2,0,0,9,1,2,2018.0,010150834,E09000012,0.0,4.0,2.0,2018.0,010150834,2.0,4.0,0.0,3.0,1.0,-1,2018.0,010150834,2018,8,1,19
363615,2018010150851,532820.0,184760.0,-0.085928,51.546113,1,Slight,2,1,2018-08-12,Sunday,03:30,Islington,E09000019,6,0,6,20.0,5,9,6,0,,,1,1,1,0,0,1,2,E01002716,3,1,08/12/2018,08/12/2018,1,9,0,99,,9,9,99,9,99,,,6,Male,28,26 - 35,1396,1,4,2,1,,1,1,1,1,28,6,3,0,0,0,0,0,9,1,2,2018.0,010150851,E09000019,9.0,0.0,2.0,2018.0,010150851,9.0,9.0,99.0,1.0,9.0,-1,2018.0,010150851,2018,8,1,3
363616,2018010150853,538760.0,190770.0,0.002051,51.598689,1,Slight,1,5,2018-07-12,Thursday,20:10,Waltham Forest,E09000031,6,0,3,50.0,0,-1,-1,-1,,,4,1,1,0,0,1,2,E01004377,3,1,07/12/2018,07/12/2018,1,9,0,99,,0,9,99,9,99,,,6,Male,33,26 - 35,1784,1,13,7,1,,1,1,1,1,33,6,3,0,0,0,0,0,9,1,7,2018.0,010150853,E09000031,0.0,0.0,2.0,2018.0,010150853,9.0,9.0,99.0,2.0,9.0,-1,2018.0,010150853,2018,7,5,20
363620,2018010150863,533420.0,168290.0,-0.083494,51.397962,1,Serious,2,1,2018-08-12,Sunday,22:40,Croydon,E09000008,5,0,6,30.0,6,4,6,0,,,4,4,1,0,0,1,2,E01001111,2,2,08/12/2018,08/12/2018,1,9,0,9,,8,0,0,0,0,,,6,Male,29,26 - 35,1598,2,2,2,1,,2,1,1,2,29,6,2,0,0,0,0,0,9,1,5,2018.0,010150863,E09000008,0.0,0.0,2.0,2018.0,010150863,2.0,8.0,0.0,1.0,1.0,-1,2018.0,010150863,2018,8,2,22
363621,2018010150865,531160.0,182370.0,-0.110743,51.525023,1,Slight,2,1,2018-08-12,Sunday,23:15,Islington,E09000019,3,401,6,30.0,6,2,3,201,,,4,1,1,0,0,1,1,E01002726,3,1,08/12/2018,08/12/2018,1,3,0,18,,1,0,0,0,0,,,1,Male,31,26 - 35,125,1,2,-1,-1,,1,1,1,1,31,6,3,0,0,0,0,0,3,-1,-1,2018.0,010150865,E09000019,0.0,0.0,2.0,2018.0,010150865,5.0,1.0,0.0,1.0,1.0,-1,2018.0,010150865,2018,8,1,23
363623,2018010150868,523990.0,175030.0,-0.216619,51.460674,1,Slight,2,1,2018-08-12,Sunday,22:05,Wandsworth,E09000032,3,205,6,30.0,0,-1,-1,-1,,,4,1,2,0,0,1,1,E01004506,3,1,08/12/2018,08/12/2018,1,3,0,18,,0,0,0,0,0,,,6,Male,18,16 - 20,125,1,2,5,1,,1,1,1,1,18,4,3,0,0,0,0,0,3,1,5,2018.0,010150868,E09000032,0.0,4.0,2.0,2018.0,010150868,7.0,3.0,0.0,1.0,1.0,-1,2018.0,010150868,2018,8,1,22
363624,2018010150871,545310.0,168970.0,0.087582,51.401155,1,Slight,2,2,2018-08-12,Sunday,23:58,Bromley,E09000006,3,208,6,30.0,3,3,3,208,,,4,1,2,0,0,1,1,E01000698,3,1,08/12/2018,08/12/2018,1,9,0,16,,1,0,10,1,4,,,6,Male,17,16 - 20,1198,1,12,1,1,,1,1,2,2,16,4,3,0,0,1,0,0,9,1,2,2018.0,010150871,E09000006,0.0,0.0,2.0,2018.0,010150871,5.0,1.0,0.0,1.0,1.0,-1,2018.0,010150871,2018,8,2,23
363626,2018010150873,530120.0,171010.0,-0.129906,51.423173,1,Slight,1,1,2018-08-12,Sunday,23:56,Lambeth,E09000022,3,23,6,30.0,0,-1,-1,-1,,,4,1,1,0,0,1,1,E01003115,3,1,08/12/2018,08/12/2018,1,3,0,18,,0,2,0,0,0,,,1,Male,18,16 - 20,108,1,4,5,1,,1,1,1,1,18,4,3,0,0,0,0,0,3,1,5,2018.0,010150873,E09000022,0.0,4.0,2.0,2018.0,010150873,4.0,8.0,0.0,0.0,1.0,-1,2018.0,010150873,2018,8,1,23
363627,2018010150876,538510.0,185220.0,-0.003741,51.54888,1,Slight,2,2,2018-08-12,Sunday,23:59,Newham,E09000025,3,112,1,30.0,1,4,3,112,,,4,4,1,0,0,1,1,E01033583,3,1,08/12/2018,08/12/2018,1,9,0,5,,3,0,0,0,0,,,6,Male,27,26 - 35,1968,2,9,5,1,,1,1,1,1,27,6,3,0,0,0,0,0,9,1,5,2018.0,010150876,E09000025,0.0,0.0,2.0,2018.0,010150876,1.0,5.0,0.0,4.0,1.0,-1,2018.0,010150876,2018,8,2,23
363628,2018010150878,513400.0,184640.0,-0.365901,51.549266,1,Slight,2,1,2018-09-12,Wednesday,04:25,Ealing,E09000009,3,312,6,30.0,3,4,6,0,,,4,1,1,0,0,1,1,E01001318,3,1,09/12/2018,09/12/2018,1,9,0,18,,1,1,0,1,4,,,6,Male,25,21 - 25,1461,2,4,5,1,,1,1,1,1,25,5,3,0,0,0,0,0,9,1,5,2018.0,010150878,E09000009,0.0,4.0,2.0,2018.0,010150878,6.0,2.0,0.0,2.0,1.0,-1,2018.0,010150878,2018,9,1,4
363629,2018010150881,526890.0,188870.0,-0.169917,51.584413,1,Slight,2,1,2018-09-12,Wednesday,00:50,Barnet,E09000003,3,1,3,50.0,3,2,6,0,,,4,1,1,0,0,1,1,E01000208,3,1,09/12/2018,09/12/2018,1,9,0,9,,8,0,0,0,0,,,6,Male,26,26 - 35,1400,1,12,4,1,,2,1,1,1,40,7,3,0,0,0,0,0,9,1,2,2018.0,010150881,E09000003,0.0,0.0,2.0,2018.0,010150881,5.0,2.0,0.0,1.0,1.0,-1,2018.0,010150881,2018,9,1,0
363630,2018010150892,529250.0,180850.0,-0.138817,51.511803,1,Slight,1,1,2018-08-12,Sunday,19:32,Westminster,E09000033,5,0,2,20.0,3,4,6,0,,,4,1,2,0,0,1,2,E01033595,3,1,08/12/2018,08/12/2018,1,9,9,99,,9,9,99,9,99,,,6,Male,33,26 - 35,2494,8,4,4,1,,1,1,3,2,26,6,3,10,3,0,0,2,0,1,3,2018.0,010150892,E09000033,0.0,0.0,2.0,2018.0,010150892,9.0,9.0,99.0,9.0,9.0,-1,2018.0,010150892,2018,8,1,19
363635,2018010150911,533780.0,182270.0,-0.073037,51.52351,1,Slight,2,1,2018-08-12,Sunday,20:40,Tower Hamlets,E09000030,4,135,2,20.0,3,4,6,0,,,4,1,1,0,0,1,1,E01004317,3,1,08/12/2018,08/12/2018,1,9,0,18,,1,0,0,0,0,,,6,Male,20,16 - 20,1242,1,16,2,1,,2,1,1,2,54,8,3,0,0,0,0,0,1,1,2,2018.0,010150911,E09000030,0.0,0.0,2.0,2018.0,010150911,1.0,5.0,0.0,0.0,1.0,-1,2018.0,010150911,2018,8,1,20
363651,2018010150958,551530.0,188450.0,0.185286,51.574558,1,Slight,2,2,2018-07-12,Thursday,19:31,Havering,E09000016,5,0,6,30.0,0,-1,-1,-1,,,7,1,1,0,0,1,2,E01002356,3,1,07/12/2018,07/12/2018,1,9,0,99,,0,9,99,9,99,,,2,Male,32,26 - 35,1995,2,5,4,1,,1,1,1,1,32,6,3,0,0,0,0,0,9,1,4,2018.0,010150958,E09000016,0.0,0.0,2.0,2018.0,010150958,9.0,9.0,99.0,1.0,9.0,-1,2018.0,010150958,2018,7,2,19
363654,2018010150962,547930.0,186600.0,0.132598,51.55889,1,Slight,2,3,2018-08-12,Sunday,20:00,Barking and Dagenham,E09000002,5,0,6,30.0,3,9,6,0,,,4,5,2,0,0,1,2,E01000102,3,1,08/12/2018,08/12/2018,1,9,0,99,,9,9,99,9,99,,,6,Female,27,26 - 35,998,1,1,3,1,,1,1,1,2,27,6,3,0,0,0,0,0,9,1,3,2018.0,010150962,E09000002,0.0,8.0,2.0,2018.0,010150962,9.0,9.0,99.0,2.0,9.0,-1,2018.0,010150962,2018,8,3,20
363665,2018010151006,523930.0,179600.0,-0.21588,51.50176,1,Slight,2,1,2018-09-12,Wednesday,18:30,Hammersmith and Fulham,E09000013,5,0,2,30.0,2,4,6,0,,,4,1,2,0,0,1,1,E01001852,3,1,09/12/2018,09/12/2018,1,2,0,18,,3,0,10,0,0,,,6,Male,25,21 - 25,124,1,9,3,1,,1,1,1,1,25,5,3,0,0,0,0,0,2,1,3,2018.0,010151006,E09000013,0.0,0.0,2.0,2018.0,010151006,7.0,3.0,0.0,3.0,1.0,-1,2018.0,010151006,2018,9,1,18
363670,2018010151017,526660.0,184290.0,-0.174884,51.543304,1,Serious,2,1,2018-09-12,Wednesday,22:35,Camden,E09000007,3,41,3,30.0,7,2,3,41,,,4,1,1,0,0,1,1,E01000963,2,2,09/12/2018,09/12/2018,1,4,0,18,,1,2,10,0,0,,,6,Male,29,26 - 35,278,1,2,3,1,,1,1,1,1,29,6,2,0,0,0,0,0,4,1,3,2018.0,010151017,E09000007,0.0,5.0,2.0,2018.0,010151017,1.0,5.0,0.0,1.0,1.0,-1,2018.0,010151017,2018,9,2,22
363676,2018010151030,516420.0,181670.0,-0.323346,51.521959,1,Slight,3,1,2018-09-12,Wednesday,02:48,Ealing,E09000009,4,452,6,30.0,3,4,6,0,,,4,1,1,0,0,1,1,E01001204,3,1,09/12/2018,09/12/2018,1,9,0,18,,1,2,4,0,0,,,6,Female,30,26 - 35,1587,1,15,8,1,,1,1,1,2,30,6,3,0,0,0,0,0,9,1,8,2018.0,010151030,E09000009,0.0,0.0,2.0,2018.0,010151030,5.0,1.0,0.0,1.0,1.0,-1,2018.0,010151030,2018,9,1,2
363677,2018010151033,538600.0,194870.0,0.001363,51.63557,1,Slight,3,1,2018-09-12,Wednesday,20:48,Waltham Forest,E09000031,6,0,2,20.0,0,-1,-1,-1,,,4,1,2,0,0,1,1,E01004352,3,1,09/12/2018,09/12/2018,1,9,0,3,,0,0,0,0,0,,,1,Male,31,26 - 35,1560,2,4,4,1,,1,1,1,1,31,6,3,0,0,0,0,0,9,1,4,2018.0,010151033,E09000031,0.0,0.0,2.0,2018.0,010151033,3.0,7.0,0.0,1.0,1.0,-1,2018.0,010151033,2018,9,1,20
363679,2018010151037,529820.0,184320.0,-0.12933,51.542857,1,Slight,4,2,2018-10-12,Friday,03:30,Camden,E09000007,6,0,6,30.0,0,-1,-1,-1,,,4,1,1,0,0,1,1,E01000868,3,1,10/12/2018,10/12/2018,1,9,0,18,,0,0,0,1,10,,,6,Male,33,26 - 35,1400,2,11,-1,-1,,3,1,1,1,34,6,3,0,0,0,0,0,9,1,5,2018.0,010151037,E09000007,0.0,0.0,2.0,2018.0,010151037,5.0,1.0,0.0,2.0,1.0,-1,2018.0,010151037,2018,10,2,3
363681,2018010151041,516240.0,188040.0,-0.323836,51.579247,1,Slight,2,1,2018-09-12,Wednesday,22:31,Brent,E09000005,3,4006,3,30.0,9,4,3,4006,,,4,1,1,0,0,1,1,E01000568,3,1,09/12/2018,09/12/2018,1,9,0,10,,2,0,0,0,0,,,6,Male,23,21 - 25,2204,2,9,-1,-1,,2,1,1,1,28,6,3,0,0,0,0,0,3,-1,-1,2018.0,010151041,E09000005,0.0,0.0,2.0,2018.0,010151041,7.0,2.0,0.0,3.0,1.0,-1,2018.0,010151041,2018,9,1,22
363683,2018010151043,527740.0,172270.0,-0.163664,51.435037,1,Slight,2,1,2018-08-12,Sunday,18:30,Wandsworth,E09000032,6,0,6,30.0,3,2,6,0,,,4,1,2,0,0,1,2,E01004618,3,1,08/12/2018,08/12/2018,1,9,0,99,,9,9,99,9,99,,,6,Female,34,26 - 35,2143,2,7,6,1,,1,1,1,2,34,6,3,0,0,0,0,0,9,1,6,2018.0,010151043,E09000032,0.0,5.0,2.0,2018.0,010151043,9.0,9.0,99.0,2.0,9.0,-1,2018.0,010151043,2018,8,1,18
363699,2018010151100,538740.0,177870.0,-0.003318,51.482775,1,Slight,2,3,2018-09-12,Wednesday,18:00,Greenwich,E09000011,3,206,6,20.0,6,9,6,0,,,7,1,1,9,0,1,2,E01001641,3,1,09/12/2018,09/12/2018,1,9,0,99,,9,9,99,9,99,,,6,Male,34,26 - 35,2290,1,13,-1,-1,,1,1,1,1,34,6,3,0,0,0,0,0,9,-1,-1,2018.0,010151100,E09000011,0.0,9.0,2.0,2018.0,010151100,9.0,9.0,99.0,2.0,9.0,-1,2018.0,010151100,2018,9,3,18
363701,2018010151104,532170.0,176090.0,-0.098543,51.468351,1,Slight,2,1,2018-11-16,Friday,18:00,Lambeth,E09000022,3,2217,6,30.0,6,9,6,0,,,4,8,1,0,0,1,2,E01003075,3,1,16/11/2018,16/11/2018,1,9,0,99,,9,9,99,9,99,,,6,Male,27,26 - 35,1796,1,10,5,1,,1,1,1,1,27,6,3,0,0,0,0,0,9,1,5,2018.0,010151104,E09000022,9.0,9.0,2.0,2018.0,010151104,9.0,9.0,99.0,1.0,9.0,-1,2018.0,010151104,2018,11,1,18
363728,2018010151202,518090.0,190390.0,-0.296359,51.599984,1,Slight,2,1,2018-01-12,Friday,18:15,Harrow,E09000015,3,4140,3,30.0,3,4,6,0,,,4,1,1,0,0,1,1,E01002203,3,1,01/12/2018,01/12/2018,1,9,0,7,,1,0,0,0,0,,,6,Female,30,26 - 35,4991,1,10,5,1,,1,1,1,2,30,6,3,0,0,0,0,0,9,1,5,2018.0,010151202,E09000015,0.0,0.0,2.0,2018.0,010151202,5.0,1.0,0.0,2.0,2.0,-1,2018.0,010151202,2018,1,1,18
363729,2018010151206,525410.0,179530.0,-0.194593,51.500804,1,Slight,2,1,2018-10-12,Friday,18:55,Kensington and Chelsea,E09000020,5,0,2,20.0,6,4,6,0,,,4,1,1,0,0,1,1,E01002825,3,1,10/12/2018,10/12/2018,1,90,0,13,,1,0,8,0,0,,,6,Male,35,26 - 35,-1,-1,-1,4,1,,1,1,1,1,35,6,3,0,0,0,0,0,90,1,4,2018.0,010151206,E09000020,0.0,0.0,2.0,2018.0,010151206,5.0,1.0,0.0,3.0,1.0,-1,2018.0,010151206,2018,10,1,18