,accident_index,location_easting_osgr,location_northing_osgr,longitude,latitude,police_force,accident_severity,number_of_vehicles,number_of_casualties,date,day_of_week,time,local_authority_district,local_authority_highway,first_road_class,first_road_number,road_type,speed_limit,junction_detail,junction_control,second_road_class,second_road_number,pedestrian_crossing-human_control,pedestrian_crossing-physical_facilities,light_conditions,weather_conditions,road_surface_conditions,special_conditions_at_site,carriageway_hazards,urban_or_rural_area,did_police_officer_attend_scene_of_accident,lsoa_of_accident_location,accident_severity_num,accident_severity_inv,date2,date_original,vehicle_reference_x,vehicle_type,towing_and_articulation,vehicle_manoeuvre,vehicle_location-restricted_lane,junction_location,skidding_and_overturning,hit_object_in_carriageway,vehicle_leaving_carriageway,hit_object_off_carriageway,1st_point_of_impact,was_vehicle_left_hand_drive?,journey_purpose_of_driver,sex_of_driver,age_of_driver,age_band_of_driver,engine_capacity_cc,propulsion_code,age_of_vehicle,driver_imd_decile,driver_home_area_type,vehicle_imd_decile,vehicle_reference_y,casualty_reference,casualty_class,sex_of_casualty,age_of_casualty,age_band_of_casualty,casualty_severity,pedestrian_location,pedestrian_movement,car_passenger,bus_or_coach_passenger,pedestrian_road_maintenance_worker,casualty_type,casualty_home_area_type,casualty_imd_decile,accident_year_x,accident_reference_x,local_authority_ons_district,pedestrian_crossing_human_control,pedestrian_crossing_physical_facilities,trunk_road_flag,accident_year_y,accident_reference_y,vehicle_direction_from,vehicle_direction_to,vehicle_location_restricted_lane,first_point_of_impact,vehicle_left_hand_drive,generic_make_model,accident_year,accident_reference,year,month,severity,hours
364103,2018010152260,510710.0,179540.0,-0.406282,51.503961,1,Slight,1,1,2018-12-15,Saturday,00:05,Hillingdon,E09000017,5,0,6,20.0,0,-1,-1,-1,,,7,1,1,0,0,1,2,E01002507,3,1,15/12/2018,15/12/2018,1,9,0,99,,0,9,99,9,99,,,6,Male,24,21 - 25,1329,1,2,3,1,,1,1,1,1,24,5,3,0,0,0,0,0,9,1,3,2018.0,010152260,E09000017,0.0,9.0,2.0,2018.0,010152260,9.0,9.0,99.0,9.0,9.0,-1,2018.0,010152260,2018,12,1,0
364143,2018010152368,505370.0,184420.0,-0.481731,51.548845,1,Slight,1,1,2018-12-15,Saturday,20:40,Hillingdon,E09000017,4,467,6,30.0,6,4,3,4020,,,4,1,2,0,0,1,1,E01002521,3,1,15/12/2018,15/12/2018,1,9,0,18,,8,1,0,0,0,,,2,Female,28,26 - 35,998,1,15,-1,-1,,1,1,3,1,48,8,3,1,3,0,0,2,0,1,7,2018.0,010152368,E09000017,2.0,1.0,2.0,2018.0,010152368,5.0,1.0,0.0,1.0,1.0,-1,2018.0,010152368,2018,12,1,20
364144,2018010152371,537010.0,183880.0,-0.025882,51.537204,1,Serious,2,1,2018-12-15,Saturday,19:02,Tower Hamlets,E09000030,3,12,3,40.0,0,-1,-1,-1,,,4,2,2,0,0,1,1,E01004224,2,2,15/12/2018,15/12/2018,1,9,0,12,,0,0,0,0,0,,,6,Male,35,26 - 35,1796,1,11,2,1,,2,1,1,1,33,6,2,0,0,0,0,0,4,1,5,2018.0,010152371,E09000030,0.0,0.0,2.0,2018.0,010152371,5.0,1.0,0.0,3.0,1.0,-1,2018.0,010152371,2018,12,2,19
364146,2018010152374,544510.0,184570.0,0.082465,51.541535,1,Slight,2,1,2018-12-15,Saturday,19:00,Barking and Dagenham,E09000002,3,123,6,30.0,0,-1,-1,-1,,,4,2,2,0,0,1,1,E01000009,3,1,15/12/2018,15/12/2018,1,9,0,18,,0,0,0,0,0,,,6,Male,32,26 - 35,1991,1,1,2,1,,2,1,2,2,58,9,3,0,0,2,0,0,9,1,3,2018.0,010152374,E09000002,0.0,0.0,2.0,2018.0,010152374,5.0,1.0,0.0,4.0,1.0,-1,2018.0,010152374,2018,12,1,19
364155,2018010152394,524320.0,179280.0,-0.210377,51.498798,1,Slight,2,3,2018-12-15,Saturday,19:44,Kensington and Chelsea,E09000020,6,0,6,20.0,99,9,6,0,,,7,2,2,0,0,1,2,E01002867,3,1,15/12/2018,15/12/2018,1,9,0,99,,9,9,99,9,99,,,6,Male,20,16 - 20,1600,1,14,4,1,,1,1,1,1,20,4,3,0,0,0,0,0,9,1,4,2018.0,010152394,E09000020,9.0,0.0,2.0,2018.0,010152394,9.0,9.0,99.0,9.0,9.0,-1,2018.0,010152394,2018,12,3,19
364156,2018010152399,524280.0,163570.0,-0.216458,51.357616,1,Slight,2,2,2018-12-15,Saturday,21:30,Sutton,E09000029,3,232,3,30.0,6,2,3,2043,,,4,1,2,0,0,1,1,E01004110,3,1,15/12/2018,15/12/2018,1,9,0,18,,8,0,0,0,0,,,6,Male,24,21 - 25,-1,-1,-1,8,1,,1,1,1,1,24,5,3,0,0,0,0,0,9,1,8,2018.0,010152399,E09000029,0.0,5.0,2.0,2018.0,010152399,7.0,3.0,0.0,1.0,1.0,-1,2018.0,010152399,2018,12,2,21
364162,2018010152410,531620.0,183560.0,-0.103672,51.53561,1,Serious,1,1,2018-12-16,Sunday,00:05,Islington,E09000019,3,1,6,20.0,0,-1,-1,-1,,,4,3,2,0,0,1,1,E01002801,2,2,16/12/2018,16/12/2018,1,8,0,18,,0,0,0,0,0,,,6,Male,35,26 - 35,1791,8,7,7,1,,1,1,3,1,52,8,2,6,9,0,0,2,0,1,8,2018.0,010152410,E09000019,0.0,5.0,2.0,2018.0,010152410,1.0,5.0,0.0,2.0,1.0,-1,2018.0,010152410,2018,12,2,0
364163,2018010152412,520720.0,183120.0,-0.2609,51.534089,1,Slight,2,2,2018-12-15,Saturday,21:50,Ealing,E09000009,4,4492,6,30.0,6,2,4,4492,,,4,1,2,0,0,1,1,E01001246,3,1,15/12/2018,15/12/2018,1,9,0,4,,8,0,4,0,0,,,6,Male,34,26 - 35,998,1,11,8,1,,1,1,1,1,34,6,3,0,0,0,0,0,9,1,8,2018.0,010152412,E09000009,0.0,5.0,2.0,2018.0,010152412,5.0,1.0,0.0,1.0,1.0,-1,2018.0,010152412,2018,12,2,21
364165,2018010152423,528280.0,186340.0,-0.150788,51.561362,1,Slight,1,1,2018-12-16,Sunday,04:10,Camden,E09000007,5,0,6,20.0,1,4,6,0,,,4,8,2,0,0,1,1,E01000909,3,1,16/12/2018,16/12/2018,1,3,0,18,,4,2,0,7,1,,,6,Male,21,21 - 25,-1,-1,-1,3,1,,1,1,1,1,21,5,3,0,0,0,0,0,3,1,3,2018.0,010152423,E09000007,0.0,1.0,2.0,2018.0,010152423,5.0,1.0,0.0,0.0,1.0,-1,2018.0,010152423,2018,12,1,4
364167,2018010152426,522830.0,188570.0,-0.228591,51.582616,1,Slight,2,1,2018-12-15,Saturday,23:22,Barnet,E09000003,5,0,6,30.0,6,1,6,0,,,4,1,1,0,0,1,1,E01000314,3,1,15/12/2018,15/12/2018,1,9,0,9,,8,0,0,0,0,,,6,Male,29,26 - 35,2148,2,13,7,1,,2,1,1,1,18,4,3,0,0,0,0,0,3,1,1,2018.0,010152426,E09000003,0.0,0.0,2.0,2018.0,010152426,1.0,6.0,0.0,4.0,1.0,-1,2018.0,010152426,2018,12,1,23
364168,2018010152427,526460.0,179180.0,-0.1796,51.497425,1,Slight,2,1,2018-12-16,Sunday,01:00,Kensington and Chelsea,E09000020,5,0,6,30.0,0,-1,-1,-1,,,4,2,2,0,0,1,1,E01002892,3,1,16/12/2018,16/12/2018,1,3,0,13,,0,1,0,0,0,,,1,Male,21,21 - 25,108,1,1,4,1,,1,1,1,1,21,5,3,0,0,0,0,0,3,1,4,2018.0,010152427,E09000020,0.0,0.0,2.0,2018.0,010152427,5.0,1.0,0.0,0.0,1.0,-1,2018.0,010152427,2018,12,1,1
364184,2018010152488,538440.0,180550.0,-0.006584,51.506932,1,Slight,2,1,2018-12-15,Saturday,18:57,Tower Hamlets,E09000030,6,0,1,20.0,1,4,6,0,,,7,2,2,0,0,1,2,E01032776,3,1,15/12/2018,15/12/2018,1,9,0,99,,9,9,99,9,99,,,6,Female,24,21 - 25,1596,1,6,9,3,,1,1,1,2,24,5,3,0,0,0,0,0,9,3,9,2018.0,010152488,E09000030,0.0,0.0,2.0,2018.0,010152488,9.0,9.0,99.0,9.0,9.0,-1,2018.0,010152488,2018,12,1,18
364208,2018010152546,545120.0,168160.0,0.084522,51.393925,1,Serious,3,2,2018-12-16,Sunday,18:15,Bromley,E09000006,6,0,6,30.0,0,-1,-1,-1,,,4,2,2,0,0,1,1,E01000815,2,2,16/12/2018,16/12/2018,1,9,0,18,,0,0,4,0,0,,,6,Female,24,21 - 25,1299,1,17,-1,-1,,2,1,3,1,45,7,2,10,9,0,0,2,0,1,7,2018.0,010152546,E09000006,0.0,0.0,2.0,2018.0,010152546,3.0,7.0,0.0,1.0,1.0,-1,2018.0,010152546,2018,12,4,18
364212,2018010152556,529990.0,178970.0,-0.128852,51.494738,1,Slight,2,1,2018-12-16,Sunday,22:34,Westminster,E09000033,4,326,6,30.0,6,2,4,323,,,4,1,2,0,0,1,1,E01004743,3,1,16/12/2018,16/12/2018,1,3,0,3,,1,5,0,0,0,,,1,Male,34,26 - 35,125,1,0,4,1,,1,1,1,1,34,6,3,0,0,0,0,0,3,1,4,2018.0,010152556,E09000033,0.0,5.0,2.0,2018.0,010152556,5.0,1.0,0.0,2.0,1.0,-1,2018.0,010152556,2018,12,1,22
364223,2018010152598,539540.0,178830.0,0.008575,51.491205,1,Slight,2,2,2018-12-13,Thursday,18:00,Greenwich,E09000011,3,2203,3,50.0,0,-1,-1,-1,,,4,1,1,0,0,1,2,E01001667,3,1,13/12/2018,13/12/2018,1,9,0,99,,0,9,99,9,99,,,2,Male,24,21 - 25,1149,1,10,2,1,,1,1,1,1,24,5,3,0,0,0,0,0,9,1,2,2018.0,010152598,E09000011,0.0,0.0,2.0,2018.0,010152598,9.0,9.0,99.0,2.0,1.0,-1,2018.0,010152598,2018,12,2,18
364256,2018010152683,531970.0,179120.0,-0.10029,51.495628,1,Slight,1,1,2018-12-16,Sunday,00:08,Southwark,E09000028,3,201,1,30.0,1,9,3,3,,,4,2,2,9,9,1,2,E01003932,3,1,16/12/2018,16/12/2018,1,9,0,99,,9,9,99,9,99,,,6,Male,21,21 - 25,1248,1,0,2,1,,1,1,3,1,27,6,3,1,2,0,0,2,0,1,6,2018.0,010152683,E09000028,9.0,9.0,2.0,2018.0,010152683,9.0,9.0,99.0,1.0,9.0,-1,2018.0,010152683,2018,12,1,0
364262,2018010152713,527900.0,180940.0,-0.158228,51.512919,1,Serious,2,1,2018-12-16,Sunday,19:05,Westminster,E09000033,3,4202,1,30.0,1,2,3,40,,,4,2,2,0,0,1,1,E01004689,2,2,16/12/2018,16/12/2018,1,9,0,18,,3,1,9,0,0,,,2,Male,29,26 - 35,1999,1,4,4,1,,1,1,1,1,29,6,2,0,0,0,0,0,9,1,4,2018.0,010152713,E09000033,0.0,5.0,2.0,2018.0,010152713,1.0,5.0,0.0,4.0,1.0,-1,2018.0,010152713,2018,12,2,19
364265,2018010152723,525120.0,189400.0,-0.195262,51.589571,1,Slight,2,1,2018-12-17,Monday,03:48,Barnet,E09000003,3,406,6,40.0,3,2,6,0,,,1,1,1,0,0,1,2,E01000211,3,1,17/12/2018,17/12/2018,1,9,0,99,,9,9,99,9,99,,,6,Male,34,26 - 35,1398,1,8,3,1,,1,1,1,1,34,6,3,0,0,0,0,0,9,1,3,2018.0,010152723,E09000003,0.0,9.0,2.0,2018.0,010152723,9.0,9.0,99.0,2.0,9.0,-1,2018.0,010152723,2018,12,1,3
364281,2018010152763,512750.0,188460.0,-0.374046,51.583731,1,Slight,2,1,2018-12-17,Monday,18:50,Harrow,E09000015,5,0,6,30.0,1,4,5,0,,,4,1,2,0,0,1,1,E01002208,3,1,17/12/2018,17/12/2018,1,2,0,17,,4,1,0,0,0,,,1,Male,20,16 - 20,49,1,2,5,1,,1,1,1,1,20,4,3,0,0,0,0,0,2,1,5,2018.0,010152763,E09000015,0.0,0.0,2.0,2018.0,010152763,5.0,1.0,0.0,0.0,1.0,-1,2018.0,010152763,2018,12,1,18
364287,2018010152794,512630.0,183860.0,-0.37725,51.54241,1,Slight,2,1,2018-12-16,Sunday,01:00,Ealing,E09000009,3,40,7,30.0,1,2,3,312,,,7,8,2,0,0,1,2,E01001324,3,1,16/12/2018,16/12/2018,1,9,0,99,,9,9,99,9,99,,,6,Male,28,26 - 35,1598,2,7,2,1,,1,1,1,1,28,6,3,0,0,0,0,0,9,1,2,2018.0,010152794,E09000009,0.0,0.0,2.0,2018.0,010152794,9.0,9.0,99.0,2.0,9.0,-1,2018.0,010152794,2018,12,1,1
364289,2018010152801,533970.0,189530.0,-0.067538,51.588706,1,Slight,1,2,2018-12-17,Monday,19:10,Haringey,E09000014,3,1055,9,30.0,0,-1,-1,-1,,,7,1,1,0,0,1,2,E01002066,3,1,17/12/2018,17/12/2018,1,9,0,99,,0,9,99,9,99,,,6,Male,33,26 - 35,1798,1,5,1,1,,1,1,1,1,33,6,3,0,0,0,0,0,9,1,1,2018.0,010152801,E09000014,0.0,9.0,2.0,2018.0,010152801,9.0,9.0,99.0,2.0,9.0,-1,2018.0,010152801,2018,12,2,19
364290,2018010152802,544030.0,186890.0,0.076497,51.562504,1,Slight,1,1,2018-09-22,Saturday,21:30,Redbridge,E09000026,6,0,9,30.0,99,9,6,0,,,4,2,2,0,0,1,2,E01003782,3,1,22/09/2018,22/09/2018,1,9,0,99,,9,9,99,9,99,,,6,Male,23,21 - 25,1984,1,9,4,1,,1,1,1,1,23,5,3,0,0,0,0,0,9,1,4,2018.0,010152802,E09000026,0.0,0.0,2.0,2018.0,010152802,9.0,9.0,99.0,1.0,9.0,-1,2018.0,010152802,2018,9,1,21
364295,2018010152810,541380.0,178620.0,0.034976,51.488861,1,Slight,2,1,2018-12-17,Monday,18:15,Greenwich,E09000011,3,206,1,30.0,1,9,6,0,,,7,8,2,0,0,1,2,E01001709,3,1,17/12/2018,17/12/2018,1,9,0,99,,9,9,99,9,99,,,6,Female,27,26 - 35,1461,2,8,6,1,,1,1,1,2,27,6,3,0,0,0,0,0,9,1,6,2018.0,010152810,E09000011,0.0,9.0,2.0,2018.0,010152810,9.0,9.0,99.0,2.0,9.0,-1,2018.0,010152810,2018,12,1,18
364298,2018010152815,518110.0,180010.0,-0.299554,51.506689,1,Slight,2,1,2018-12-17,Monday,19:40,Ealing,E09000009,6,0,6,30.0,6,4,6,0,,,4,1,1,0,0,1,1,E01001230,3,1,17/12/2018,17/12/2018,1,9,0,18,,1,0,0,0,0,,,6,Male,26,26 - 35,998,1,2,5,1,,1,1,2,2,24,5,3,0,0,1,0,0,9,1,9,2018.0,010152815,E09000009,0.0,0.0,2.0,2018.0,010152815,3.0,7.0,0.0,4.0,1.0,-1,2018.0,010152815,2018,12,1,19
364299,2018010152817,531240.0,187030.0,-0.107854,51.566882,1,Slight,2,1,2018-12-17,Monday,22:05,Islington,E09000019,3,1201,6,30.0,3,4,4,150,,,4,1,1,0,0,1,1,E01002065,3,1,17/12/2018,17/12/2018,1,3,0,18,,1,0,0,0,0,,,6,Male,18,16 - 20,124,1,4,3,1,,1,1,1,1,18,4,3,0,0,0,0,0,3,1,3,2018.0,010152817,E09000019,0.0,4.0,2.0,2018.0,010152817,2.0,6.0,0.0,1.0,1.0,-1,2018.0,010152817,2018,12,1,22
364310,2018010152863,519030.0,182350.0,-0.285514,51.527527,1,Slight,2,1,2018-12-17,Monday,18:00,Ealing,E09000009,3,40,3,60.0,5,4,6,0,,,4,1,1,0,0,1,1,E01001278,3,1,17/12/2018,17/12/2018,1,9,0,18,,1,0,0,0,0,,,6,Female,29,26 - 35,1968,2,6,6,1,,1,1,1,2,29,6,3,0,0,0,0,0,9,1,6,2018.0,010152863,E09000009,0.0,0.0,2.0,2018.0,010152863,4.0,8.0,0.0,1.0,1.0,-1,2018.0,010152863,2018,12,1,18
364319,2018010152893,534430.0,180980.0,-0.064165,51.511763,1,Slight,2,1,2018-12-17,Monday,21:25,Tower Hamlets,E09000030,6,0,6,20.0,99,9,6,0,,,4,1,1,0,0,1,2,E01004319,3,1,17/12/2018,17/12/2018,1,3,0,99,,9,9,99,9,99,,,6,Male,32,26 - 35,125,1,2,4,1,,1,1,1,1,32,6,3,0,0,0,0,0,3,1,4,2018.0,010152893,E09000030,9.0,9.0,2.0,2018.0,010152893,9.0,9.0,99.0,1.0,1.0,-1,2018.0,010152893,2018,12,1,21
364336,2018010152955,530140.0,186360.0,-0.123964,51.561116,1,Slight,2,2,2018-08-12,Sunday,23:30,Islington,E09000019,3,1,6,30.0,3,2,5,0,,,7,1,1,0,0,1,2,E01002810,3,1,08/12/2018,08/12/2018,1,9,0,99,,9,9,99,9,99,,,6,Female,22,21 - 25,998,1,1,10,1,,1,1,1,2,22,5,3,0,0,0,0,0,9,1,10,2018.0,010152955,E09000019,0.0,5.0,2.0,2018.0,010152955,9.0,9.0,99.0,9.0,9.0,-1,2018.0,010152955,2018,8,2,23
364357,2018010153010,535330.0,184210.0,-0.049963,51.540574,1,Serious,2,1,2018-12-18,Tuesday,19:15,Hackney,E09000012,3,106,6,20.0,0,-1,-1,-1,,,4,8,2,0,0,1,1,E01001840,2,2,18/12/2018,18/12/2018,1,3,0,13,,0,0,0,0,0,,,6,Male,23,21 - 25,124,1,0,7,1,,1,1,1,1,23,5,2,0,0,0,0,0,3,1,7,2018.0,010153010,E09000012,0.0,0.0,2.0,2018.0,010153010,6.0,2.0,0.0,1.0,1.0,-1,2018.0,010153010,2018,12,2,19
364358,2018010153011,529330.0,179860.0,-0.138028,51.502888,1,Slight,2,1,2018-12-13,Thursday,18:00,Westminster,E09000033,5,0,3,30.0,0,-1,-1,-1,,,4,1,1,0,0,1,2,E01004731,3,1,13/12/2018,13/12/2018,1,3,0,99,,0,9,99,9,99,,,6,Female,26,26 - 35,125,1,4,8,1,,1,1,1,2,26,6,3,0,0,0,0,0,3,1,8,2018.0,010153011,E09000033,0.0,0.0,2.0,2018.0,010153011,9.0,9.0,99.0,1.0,1.0,-1,2018.0,010153011,2018,12,1,18
364368,2018010153034,522410.0,191390.0,-0.233667,51.608051,1,Slight,2,1,2018-12-18,Tuesday,18:55,Barnet,E09000003,5,0,1,30.0,2,9,5,0,,,7,2,2,0,0,1,2,E01000256,3,1,18/12/2018,18/12/2018,1,9,0,99,,9,9,99,9,99,,,2,Male,27,26 - 35,998,1,1,6,1,,2,1,1,1,-1,-1,3,0,0,0,0,0,1,-1,-1,2018.0,010153034,E09000003,9.0,1.0,2.0,2018.0,010153034,9.0,9.0,99.0,9.0,9.0,-1,2018.0,010153034,2018,12,1,18
364371,2018010153040,521320.0,180070.0,-0.253303,51.506549,1,Slight,2,1,2018-12-17,Monday,20:47,Ealing,E09000009,5,0,6,30.0,3,3,3,4020,,,4,2,2,0,0,1,1,E01001381,3,1,17/12/2018,17/12/2018,1,3,0,18,,5,0,4,0,0,,,6,Male,24,21 - 25,125,1,0,3,1,,1,1,1,1,24,5,3,0,0,0,0,0,3,1,3,2018.0,010153040,E09000009,0.0,0.0,2.0,2018.0,010153040,1.0,5.0,0.0,1.0,1.0,-1,2018.0,010153040,2018,12,1,20
364374,2018010153044,520890.0,186250.0,-0.257375,51.562184,1,Serious,1,1,2018-12-18,Tuesday,19:45,Brent,E09000005,3,4088,3,30.0,3,4,6,0,,,4,2,2,0,0,1,1,E01000627,2,2,18/12/2018,18/12/2018,1,9,0,11,,4,0,0,0,0,,,6,Male,22,21 - 25,1560,2,7,2,1,,1,1,3,1,52,8,2,5,3,0,0,2,0,-1,-1,2018.0,010153044,E09000005,0.0,4.0,2.0,2018.0,010153044,8.0,4.0,0.0,1.0,1.0,-1,2018.0,010153044,2018,12,2,19
364378,2018010153054,533750.0,189480.0,-0.070731,51.588309,1,Slight,2,1,2018-12-18,Tuesday,21:10,Haringey,E09000014,3,10,6,20.0,3,2,4,153,,,4,2,2,0,0,1,1,E01002066,3,1,18/12/2018,18/12/2018,1,8,0,3,,1,0,0,0,0,,,2,Male,35,26 - 35,1797,8,7,6,1,,1,1,1,1,35,6,3,0,0,0,0,0,8,1,6,2018.0,010153054,E09000014,0.0,0.0,2.0,2018.0,010153054,0.0,1.0,0.0,2.0,1.0,-1,2018.0,010153054,2018,12,1,21
364380,2018010153059,525360.0,192200.0,-0.190799,51.614681,1,Serious,1,1,2018-12-18,Tuesday,20:31,Barnet,E09000003,5,0,6,30.0,2,4,5,0,,,4,2,2,0,0,1,1,E01000278,2,2,18/12/2018,18/12/2018,1,9,0,18,,4,0,0,0,0,,,2,Male,27,26 - 35,1998,2,12,10,1,,1,1,3,1,39,7,2,5,9,0,0,2,0,1,10,2018.0,010153059,E09000003,0.0,0.0,2.0,2018.0,010153059,7.0,3.0,0.0,1.0,1.0,-1,2018.0,010153059,2018,12,2,20
364385,2018010153065,512130.0,176130.0,-0.386913,51.473032,1,Serious,2,1,2018-12-18,Tuesday,21:20,Hounslow,E09000018,3,3006,6,30.0,6,2,3,3006,,,4,2,2,0,0,1,1,E01002661,2,2,18/12/2018,18/12/2018,1,9,0,10,,8,0,0,0,0,,,6,Male,34,26 - 35,1995,1,11,3,1,,2,1,1,1,38,7,2,0,0,0,0,0,3,1,1,2018.0,010153065,E09000018,0.0,5.0,2.0,2018.0,010153065,5.0,3.0,0.0,3.0,1.0,-1,2018.0,010153065,2018,12,2,21
364390,2018010153074,540930.0,175720.0,0.027343,51.462914,1,Slight,3,1,2018-12-18,Tuesday,22:57,Greenwich,E09000011,3,2213,3,30.0,7,2,3,2213,,,4,1,2,0,0,1,1,E01033726,3,1,18/12/2018,18/12/2018,1,9,0,18,,2,0,0,0,0,,,1,Male,33,26 - 35,-1,-1,-1,-1,-1,,1,1,1,1,33,6,3,0,0,0,0,0,9,-1,-1,2018.0,010153074,E09000011,0.0,0.0,2.0,2018.0,010153074,3.0,6.0,0.0,2.0,2.0,-1,2018.0,010153074,2018,12,1,22
364429,2018010153251,523580.0,185620.0,-0.218809,51.55594,1,Slight,1,1,2018-12-19,Wednesday,18:50,Brent,E09000005,6,0,6,30.0,6,4,6,0,,,4,2,2,0,0,1,1,E01000557,3,1,19/12/2018,19/12/2018,1,9,0,9,,5,0,0,0,0,,,6,Male,28,26 - 35,1995,2,7,2,1,,1,1,3,1,66,10,3,5,1,0,0,2,0,1,3,2018.0,010153251,E09000005,0.0,0.0,2.0,2018.0,010153251,7.0,3.0,0.0,1.0,1.0,-1,2018.0,010153251,2018,12,1,18
364442,2018010153279,525370.0,180350.0,-0.194878,51.508183,1,Slight,2,1,2018-12-19,Wednesday,21:10,Kensington and Chelsea,E09000020,3,4204,6,30.0,9,4,3,4204,,,4,1,2,0,0,1,1,E01002827,3,1,19/12/2018,19/12/2018,1,4,0,3,,1,0,0,0,0,,,2,Male,20,16 - 20,125,1,8,7,1,,1,1,1,1,20,4,3,0,0,0,0,0,4,1,7,2018.0,010153279,E09000020,0.0,1.0,2.0,2018.0,010153279,3.0,1.0,0.0,2.0,1.0,-1,2018.0,010153279,2018,12,1,21
364443,2018010153280,541600.0,174660.0,0.036557,51.453222,1,Slight,1,1,2018-12-19,Wednesday,20:25,Greenwich,E09000011,3,205,3,30.0,9,2,3,210,,,4,2,2,0,0,1,1,E01001661,3,1,19/12/2018,19/12/2018,1,9,0,5,,3,0,0,0,0,,,6,Male,34,26 - 35,1997,2,6,4,1,,1,1,3,2,22,5,3,1,1,0,0,2,0,1,3,2018.0,010153280,E09000011,0.0,5.0,2.0,2018.0,010153280,5.0,1.0,0.0,1.0,1.0,-1,2018.0,010153280,2018,12,1,20
364448,2018010153292,529170.0,177270.0,-0.141279,51.479648,1,Slight,2,1,2018-12-13,Thursday,19:02,Wandsworth,E09000032,3,3205,6,30.0,0,-1,-1,-1,,,4,1,1,9,9,1,2,E01004567,3,1,13/12/2018,13/12/2018,1,3,0,99,,0,9,99,9,99,,,6,Male,25,21 - 25,108,1,6,2,1,,1,1,1,1,25,5,3,0,0,0,0,0,3,1,2,2018.0,010153292,E09000032,9.0,9.0,2.0,2018.0,010153292,9.0,9.0,99.0,9.0,1.0,-1,2018.0,010153292,2018,12,1,19
364451,2018010153300,539370.0,184540.0,0.008385,51.542558,1,Slight,2,1,2018-12-19,Wednesday,22:10,Newham,E09000025,3,118,6,20.0,0,-1,-1,-1,,,7,1,1,0,0,1,2,E01003618,3,1,19/12/2018,19/12/2018,1,9,0,99,,0,9,99,9,99,,,6,Female,25,21 - 25,1596,1,12,4,1,,1,1,1,2,25,5,3,0,0,0,0,0,9,1,4,2018.0,010153300,E09000025,9.0,5.0,2.0,2018.0,010153300,9.0,9.0,99.0,1.0,9.0,-1,2018.0,010153300,2018,12,1,22
364453,2018010153304,547670.0,176520.0,0.124631,51.468386,1,Slight,4,3,2018-12-19,Wednesday,21:30,Bexley,E09000004,6,0,6,30.0,6,4,6,0,,,4,1,2,0,0,1,1,E01000453,3,1,19/12/2018,19/12/2018,1,9,0,18,,1,0,0,0,0,,,6,Male,19,16 - 20,-1,-1,-1,3,1,,1,1,1,1,19,4,3,0,0,0,0,0,9,1,3,2018.0,010153304,E09000004,0.0,0.0,2.0,2018.0,010153304,5.0,1.0,0.0,3.0,1.0,-1,2018.0,010153304,2018,12,3,21
364457,2018010153310,530050.0,180350.0,-0.12748,51.507126,1,Serious,1,1,2018-12-20,Thursday,00:40,Westminster,E09000033,3,3212,6,30.0,1,2,4,308,,,4,1,1,0,0,1,1,E01004736,2,2,20/12/2018,20/12/2018,1,9,0,16,,3,0,0,0,0,,,6,Male,20,16 - 20,1398,1,3,4,1,,1,1,3,2,25,5,2,1,3,0,0,2,0,1,3,2018.0,010153310,E09000033,0.0,4.0,2.0,2018.0,010153310,3.0,5.0,0.0,1.0,1.0,-1,2018.0,010153310,2018,12,2,0
364459,2018010153314,539800.0,181770.0,0.013483,51.51756,1,Slight,2,1,2018-12-19,Wednesday,20:20,Newham,E09000025,6,0,6,30.0,0,-1,-1,-1,,,7,2,2,0,0,1,2,E01003503,3,1,19/12/2018,19/12/2018,1,9,0,99,,0,9,99,9,99,,,6,Male,27,26 - 35,1995,2,5,1,1,,1,1,1,1,27,6,3,0,0,0,0,0,9,1,1,2018.0,010153314,E09000025,0.0,1.0,2.0,2018.0,010153314,9.0,9.0,99.0,2.0,9.0,-1,2018.0,010153314,2018,12,1,20
364478,2018010153394,527810.0,180970.0,-0.159514,51.513209,1,Slight,1,1,2018-12-19,Wednesday,19:11,Westminster,E09000033,3,40,1,30.0,1,2,3,5,,,4,8,2,0,0,1,2,E01004689,3,1,19/12/2018,19/12/2018,1,9,0,99,,2,9,99,0,0,,,6,Female,23,21 - 25,1364,1,9,3,1,,1,1,1,2,23,5,3,0,0,0,0,0,9,1,3,2018.0,010153394,E09000033,9.0,5.0,2.0,2018.0,010153394,7.0,3.0,0.0,3.0,9.0,-1,2018.0,010153394,2018,12,1,19