,accident_index,location_easting_osgr,location_northing_osgr,longitude,latitude,police_force,accident_severity,number_of_vehicles,number_of_casualties,date,day_of_week,time,local_authority_district,local_authority_highway,first_road_class,first_road_number,road_type,speed_limit,junction_detail,junction_control,second_road_class,second_road_number,pedestrian_crossing-human_control,pedestrian_crossing-physical_facilities,light_conditions,weather_conditions,road_surface_conditions,special_conditions_at_site,carriageway_hazards,urban_or_rural_area,did_police_officer_attend_scene_of_accident,lsoa_of_accident_location,accident_severity_num,accident_severity_inv,date2,date_original,vehicle_reference_x,vehicle_type,towing_and_articulation,vehicle_manoeuvre,vehicle_location-restricted_lane,junction_location,skidding_and_overturning,hit_object_in_carriageway,vehicle_leaving_carriageway,hit_object_off_carriageway,1st_point_of_impact,was_vehicle_left_hand_drive?,journey_purpose_of_driver,sex_of_driver,age_of_driver,age_band_of_driver,engine_capacity_cc,propulsion_code,age_of_vehicle,driver_imd_decile,driver_home_area_type,vehicle_imd_decile,vehicle_reference_y,casualty_reference,casualty_class,sex_of_casualty,age_of_casualty,age_band_of_casualty,casualty_severity,pedestrian_location,pedestrian_movement,car_passenger,bus_or_coach_passenger,pedestrian_road_maintenance_worker,casualty_type,casualty_home_area_type,casualty_imd_decile,accident_year_x,accident_reference_x,local_authority_ons_district,pedestrian_crossing_human_control,pedestrian_crossing_physical_facilities,trunk_road_flag,accident_year_y,accident_reference_y,vehicle_direction_from,vehicle_direction_to,vehicle_location_restricted_lane,first_point_of_impact,vehicle_left_hand_drive,generic_make_model,accident_year,accident_reference,year,month,severity,hours
364504,2018010153492,530020.0,171620.0,-0.13112,51.428678,1,Slight,3,1,2018-12-18,Tuesday,20:00,Lambeth,E09000022,3,23,6,30.0,0,-1,-1,-1,,,4,2,2,0,0,1,2,E01003119,3,1,18/12/2018,18/12/2018,1,9,0,99,,0,9,99,9,99,,,6,Male,28,26 - 35,1995,2,7,4,1,,1,1,1,1,28,6,3,0,0,0,0,0,9,1,4,2018.0,010153492,E09000022,0.0,5.0,2.0,2018.0,010153492,9.0,9.0,99.0,2.0,9.0,-1,2018.0,010153492,2018,12,1,20
364516,2018010153514,533290.0,189600.0,-0.077321,51.589496,1,Slight,2,1,2018-12-20,Thursday,19:06,Haringey,E09000014,4,153,6,20.0,3,4,6,0,,,4,1,1,0,0,1,1,E01002067,3,1,20/12/2018,20/12/2018,1,3,0,13,,1,0,0,0,0,,,1,Male,23,21 - 25,108,1,4,4,1,,1,1,1,1,23,5,3,0,0,0,0,0,3,1,4,2018.0,010153514,E09000014,0.0,0.0,2.0,2018.0,010153514,7.0,3.0,0.0,4.0,1.0,-1,2018.0,010153514,2018,12,1,19
364521,2018010153525,546110.0,178130.0,0.102854,51.483257,1,Slight,1,1,2018-12-19,Wednesday,19:25,Greenwich,E09000011,6,0,6,30.0,3,4,6,0,,,4,2,2,0,0,1,1,E01001669,3,1,19/12/2018,19/12/2018,1,9,0,18,,1,0,0,0,0,,,6,Male,25,21 - 25,996,1,4,8,1,,1,1,3,1,61,9,3,5,1,0,0,2,0,1,5,2018.0,010153525,E09000011,0.0,0.0,2.0,2018.0,010153525,1.0,5.0,0.0,1.0,1.0,-1,2018.0,010153525,2018,12,1,19
364522,2018010153526,547270.0,168590.0,0.115581,51.397235,1,Slight,3,1,2018-12-20,Thursday,03:30,Bromley,E09000006,5,0,6,30.0,3,4,6,0,,,4,1,2,0,0,1,1,E01000719,3,1,20/12/2018,20/12/2018,1,9,0,18,,1,1,4,1,4,,,6,Male,30,26 - 35,2143,2,4,-1,-1,,1,1,2,2,45,7,3,0,0,1,0,0,9,1,2,2018.0,010153526,E09000006,0.0,0.0,2.0,2018.0,010153526,5.0,1.0,0.0,1.0,1.0,-1,2018.0,010153526,2018,12,1,3
364525,2018010153533,539710.0,171230.0,0.008022,51.422869,1,Serious,1,1,2018-12-20,Thursday,18:49,Lewisham,E09000023,6,0,6,20.0,0,-1,-1,-1,,,4,1,1,0,0,1,1,E01032564,2,2,20/12/2018,20/12/2018,1,2,0,18,,0,0,0,0,0,,,6,Male,21,21 - 25,124,1,13,4,1,,1,1,3,2,63,9,2,5,2,0,0,2,0,1,2,2018.0,010153533,E09000023,0.0,0.0,2.0,2018.0,010153533,1.0,5.0,0.0,1.0,1.0,-1,2018.0,010153533,2018,12,2,18
364530,2018010153555,508950.0,178790.0,-0.431861,51.497562,1,Slight,3,1,2018-12-20,Thursday,23:48,Hillingdon,E09000017,6,0,3,30.0,3,4,6,0,,,7,2,2,0,0,1,1,E01002490,3,1,20/12/2018,20/12/2018,1,9,0,5,,1,5,0,0,0,,,6,Male,24,21 - 25,1598,1,13,-1,-1,,1,1,1,1,24,5,3,0,0,0,0,0,9,-1,-1,2018.0,010153555,E09000017,0.0,0.0,2.0,2018.0,010153555,7.0,3.0,0.0,1.0,1.0,-1,2018.0,010153555,2018,12,1,23
364534,2018010153563,530780.0,174470.0,-0.119142,51.454115,1,Slight,1,1,2018-12-21,Friday,02:00,Lambeth,E09000022,6,0,9,30.0,0,-1,-1,-1,,,7,2,2,0,0,1,2,E01003178,3,1,21/12/2018,21/12/2018,1,8,0,18,,0,0,0,0,0,,,2,Male,29,26 - 35,1560,2,3,5,1,,1,1,3,1,-1,-1,3,10,9,0,0,2,0,-1,-1,2018.0,010153563,E09000022,0.0,9.0,2.0,2018.0,010153563,3.0,7.0,0.0,1.0,9.0,-1,2018.0,010153563,2018,12,1,2
364550,2018010153622,519050.0,179470.0,-0.286198,51.501639,1,Serious,2,3,2018-12-20,Thursday,20:44,Ealing,E09000009,3,406,3,40.0,6,2,6,0,,,4,2,2,0,0,1,1,E01001231,2,2,20/12/2018,20/12/2018,1,9,0,10,,2,0,0,0,0,,,6,Female,19,16 - 20,1390,1,15,8,1,,1,1,1,2,19,4,2,0,0,0,0,0,9,1,8,2018.0,010153622,E09000009,0.0,4.0,2.0,2018.0,010153622,4.0,2.0,0.0,3.0,1.0,-1,2018.0,010153622,2018,12,6,20
364578,2018010153714,545000.0,179370.0,0.087388,51.494685,1,Serious,4,6,2018-12-21,Friday,19:05,Greenwich,E09000011,3,2016,3,50.0,0,-1,-1,-1,,,4,1,1,0,0,1,1,E01001687,2,2,21/12/2018,21/12/2018,1,9,0,18,,0,0,0,1,7,,,6,Male,29,26 - 35,2969,2,10,3,1,,1,1,1,1,29,6,2,0,0,0,0,0,9,1,3,2018.0,010153714,E09000011,0.0,0.0,2.0,2018.0,010153714,1.0,5.0,0.0,1.0,1.0,-1,2018.0,010153714,2018,12,12,19
364580,2018010153717,518140.0,183900.0,-0.297818,51.541645,1,Slight,2,1,2018-12-21,Friday,20:00,Brent,E09000005,3,4089,6,30.0,9,2,5,0,,,4,2,2,0,0,1,1,E01000473,3,1,21/12/2018,21/12/2018,1,9,0,9,,5,0,0,0,0,,,6,Male,35,26 - 35,2171,1,13,5,1,,2,1,1,1,41,7,3,0,0,0,0,0,2,1,3,2018.0,010153717,E09000005,0.0,1.0,2.0,2018.0,010153717,5.0,1.0,0.0,1.0,1.0,-1,2018.0,010153717,2018,12,1,20
364585,2018010153732,521930.0,183230.0,-0.243425,51.534818,1,Serious,2,1,2018-12-20,Thursday,19:00,Brent,E09000005,3,404,3,30.0,0,-1,-1,-1,,,4,1,1,0,0,1,2,E01033455,2,2,20/12/2018,20/12/2018,1,3,5,18,,0,5,4,0,0,,,2,Male,23,21 - 25,124,1,0,4,1,,1,1,1,1,23,5,2,0,0,0,0,0,3,1,4,2018.0,010153732,E09000005,0.0,0.0,2.0,2018.0,010153732,5.0,1.0,0.0,1.0,1.0,-1,2018.0,010153732,2018,12,2,19
364591,2018010153748,539030.0,187290.0,0.004571,51.567353,1,Serious,1,1,2018-12-21,Friday,22:47,Waltham Forest,E09000031,5,0,2,20.0,3,4,6,0,,,4,2,2,0,0,1,1,E01004439,2,2,21/12/2018,21/12/2018,1,9,0,9,,1,0,0,7,0,,,6,Male,21,21 - 25,1229,1,9,4,1,,1,1,3,2,65,9,2,5,1,0,0,2,0,1,1,2018.0,010153748,E09000031,0.0,0.0,2.0,2018.0,010153748,1.0,5.0,6.0,1.0,1.0,-1,2018.0,010153748,2018,12,2,22
364595,2018010153753,543240.0,188090.0,0.065596,51.573488,1,Serious,4,3,2018-12-21,Friday,23:25,Redbridge,E09000026,3,123,6,30.0,3,4,6,0,,,4,2,2,0,0,1,1,E01003690,2,2,21/12/2018,21/12/2018,1,9,0,18,,8,0,0,0,0,,,6,Not known,18,16 - 20,4999,1,3,5,1,,2,1,1,1,58,9,3,0,0,0,0,0,9,1,5,2018.0,010153753,E09000026,0.0,0.0,2.0,2018.0,010153753,5.0,1.0,0.0,1.0,1.0,-1,2018.0,010153753,2018,12,6,23
364599,2018010153764,536560.0,182060.0,-0.033071,51.520958,1,Serious,1,1,2018-12-22,Saturday,02:03,Tower Hamlets,E09000030,3,1205,3,30.0,9,1,6,0,,,4,2,2,0,0,1,1,E01004270,2,2,22/12/2018,22/12/2018,1,9,5,18,,1,0,0,4,1,,,6,Male,25,21 - 25,-1,-1,-1,4,1,,1,1,2,1,38,7,2,0,0,1,0,0,9,1,1,2018.0,010153764,E09000030,2.0,4.0,2.0,2018.0,010153764,7.0,3.0,0.0,4.0,1.0,-1,2018.0,010153764,2018,12,2,2
364600,2018010153768,535730.0,185080.0,-0.043864,51.548296,1,Slight,2,2,2018-12-21,Friday,22:30,Hackney,E09000012,3,102,2,20.0,3,3,6,0,,,4,2,2,0,0,1,1,E01001729,3,1,21/12/2018,21/12/2018,1,9,0,18,,8,0,0,1,0,,,6,Male,31,26 - 35,-1,-1,-1,2,1,,1,1,1,1,31,6,3,0,0,0,0,0,9,1,2,2018.0,010153768,E09000012,0.0,0.0,2.0,2018.0,010153768,7.0,3.0,0.0,4.0,1.0,-1,2018.0,010153768,2018,12,2,22
364601,2018010153769,547090.0,187680.0,0.12094,51.568813,1,Slight,3,1,2018-12-22,Saturday,02:00,Redbridge,E09000026,3,118,6,30.0,3,4,6,0,,,4,1,1,0,0,1,1,E01003666,3,1,22/12/2018,22/12/2018,1,9,0,18,,1,0,10,0,0,,,6,Male,18,16 - 20,998,1,3,-1,-1,,1,1,1,1,18,4,3,0,0,0,0,0,9,-1,-1,2018.0,010153769,E09000026,0.0,4.0,2.0,2018.0,010153769,7.0,3.0,0.0,1.0,1.0,-1,2018.0,010153769,2018,12,1,2
364602,2018010153772,506510.0,179310.0,-0.466841,51.502701,1,Slight,1,2,2018-12-22,Saturday,01:00,Hillingdon,E09000017,5,0,6,30.0,6,2,5,0,,,4,1,2,0,0,1,1,E01002525,3,1,22/12/2018,22/12/2018,1,9,0,18,,5,0,10,1,1,,,6,Male,19,16 - 20,1360,1,11,3,1,,1,1,2,2,19,4,3,0,0,2,0,0,9,1,4,2018.0,010153772,E09000017,0.0,4.0,2.0,2018.0,010153772,5.0,3.0,0.0,1.0,1.0,-1,2018.0,010153772,2018,12,2,1
364623,2018010153837,532690.0,180190.0,-0.089522,51.505075,1,Slight,2,1,2018-12-14,Friday,21:40,Southwark,E09000028,3,3,9,20.0,3,9,3,3,,,4,9,9,9,9,1,2,E01003939,3,1,14/12/2018,14/12/2018,1,3,9,99,,9,9,99,9,99,,,6,Male,22,21 - 25,125,1,0,6,1,,1,1,1,1,22,5,3,0,0,0,0,0,3,1,6,2018.0,010153837,E09000028,9.0,9.0,2.0,2018.0,010153837,9.0,9.0,99.0,9.0,1.0,-1,2018.0,010153837,2018,12,1,21
364624,2018010153843,522430.0,176790.0,-0.238454,51.476831,1,Slight,2,1,2018-12-21,Friday,18:30,Richmond upon Thames,E09000027,3,306,6,30.0,3,4,6,0,,,4,1,1,0,0,1,2,E01003799,3,1,21/12/2018,21/12/2018,1,9,0,3,,9,9,99,9,99,,,6,Male,32,26 - 35,1390,1,17,9,1,,1,1,1,1,32,6,3,0,0,0,0,0,9,1,9,2018.0,010153843,E09000027,0.0,5.0,2.0,2018.0,010153843,9.0,9.0,99.0,2.0,9.0,-1,2018.0,010153843,2018,12,1,18
364626,2018010153850,532790.0,176710.0,-0.08939,51.473778,1,Slight,2,1,2018-12-22,Saturday,01:43,Southwark,E09000028,3,202,6,20.0,0,-1,-1,-1,,,1,1,1,0,0,1,1,E01003913,3,1,22/12/2018,22/12/2018,1,3,0,14,,0,0,0,0,0,,,1,Male,24,21 - 25,125,1,8,2,1,,1,1,1,1,24,5,3,0,0,0,0,0,3,1,2,2018.0,010153850,E09000028,0.0,0.0,2.0,2018.0,010153850,3.0,7.0,0.0,1.0,1.0,-1,2018.0,010153850,2018,12,1,1
364628,2018010153855,524410.0,176000.0,-0.210236,51.4693,1,Slight,2,1,2018-12-22,Saturday,04:25,Hammersmith and Fulham,E09000013,3,308,6,30.0,3,2,3,219,,,4,1,1,0,0,1,2,E01001915,3,1,22/12/2018,22/12/2018,1,8,0,99,,9,9,99,9,99,,,6,Male,33,26 - 35,1797,8,8,8,1,,1,1,1,1,33,6,3,0,0,0,0,0,8,1,8,2018.0,010153855,E09000013,0.0,5.0,2.0,2018.0,010153855,9.0,9.0,99.0,2.0,9.0,-1,2018.0,010153855,2018,12,1,4
364634,2018010153876,553930.0,187820.0,0.219616,51.568248,1,Slight,1,1,2018-12-22,Saturday,18:00,Havering,E09000016,5,0,2,30.0,0,-1,-1,-1,,,7,1,1,0,0,1,2,E01002367,3,1,22/12/2018,22/12/2018,1,9,0,99,,0,9,99,9,99,,,6,Male,33,26 - 35,1596,1,14,7,1,,1,1,3,1,-1,-1,3,10,9,0,0,2,0,-1,-1,2018.0,010153876,E09000016,0.0,1.0,2.0,2018.0,010153876,9.0,9.0,99.0,1.0,9.0,-1,2018.0,010153876,2018,12,1,18
364640,2018010153893,505700.0,184320.0,-0.477004,51.547884,1,Slight,2,1,2018-12-22,Saturday,20:50,Hillingdon,E09000017,6,0,1,30.0,1,4,6,0,,,4,1,1,0,0,1,1,E01002515,3,1,22/12/2018,22/12/2018,1,9,0,9,,8,0,0,0,0,,,2,Female,28,26 - 35,1596,1,15,-1,-1,,1,1,1,2,28,6,3,0,0,0,0,0,9,-1,-1,2018.0,010153893,E09000017,0.0,1.0,2.0,2018.0,010153893,4.0,8.0,0.0,4.0,1.0,-1,2018.0,010153893,2018,12,1,20
364642,2018010153896,551990.0,183400.0,0.189741,51.52906,1,Slight,3,1,2018-12-22,Saturday,01:16,Havering,E09000016,3,125,6,30.0,6,2,5,0,,,4,1,2,0,0,1,1,E01002371,3,1,22/12/2018,22/12/2018,1,9,0,18,,1,0,4,7,10,,,6,Male,32,26 - 35,999,1,2,2,1,,3,1,1,1,46,8,3,0,0,0,0,0,9,1,4,2018.0,010153896,E09000016,0.0,0.0,2.0,2018.0,010153896,5.0,1.0,0.0,2.0,1.0,-1,2018.0,010153896,2018,12,1,1
364648,2018010153909,530130.0,180100.0,-0.12642,51.504861,1,Slight,2,1,2018-12-22,Saturday,22:10,Westminster,E09000033,3,3212,6,30.0,3,2,5,0,,,4,1,1,0,0,1,1,E01004736,3,1,22/12/2018,22/12/2018,1,3,0,3,,1,0,0,0,0,,,6,Male,26,26 - 35,125,1,1,2,1,,1,1,1,1,26,6,3,0,0,0,0,0,3,1,2,2018.0,010153909,E09000033,0.0,5.0,2.0,2018.0,010153909,3.0,7.0,0.0,2.0,1.0,-1,2018.0,010153909,2018,12,1,22
364651,2018010153915,531910.0,189280.0,-0.09735,51.586945,1,Slight,1,1,2018-12-23,Sunday,00:01,Haringey,E09000014,3,504,6,30.0,3,9,6,0,,,4,1,1,0,0,1,2,E01002048,3,1,23/12/2018,23/12/2018,1,9,9,99,,9,9,99,9,99,,,6,Male,28,26 - 35,1991,1,2,-1,-1,,1,1,1,1,28,6,3,0,0,0,0,0,9,-1,-1,2018.0,010153915,E09000014,9.0,0.0,2.0,2018.0,010153915,9.0,9.0,99.0,1.0,9.0,-1,2018.0,010153915,2018,12,1,0
364659,2018010153937,544590.0,181670.0,0.082428,51.515457,1,Serious,1,1,2018-12-23,Sunday,01:00,Newham,E09000025,6,0,9,30.0,0,-1,-1,-1,,,4,2,2,0,0,1,2,E01003482,2,2,23/12/2018,23/12/2018,1,3,0,18,,0,0,0,1,0,,,6,Male,17,16 - 20,125,1,4,4,1,,1,1,1,1,17,4,2,0,0,0,0,0,3,1,4,2018.0,010153937,E09000025,0.0,0.0,2.0,2018.0,010153937,5.0,1.0,0.0,0.0,1.0,-1,2018.0,010153937,2018,12,2,1
364666,2018010153966,528990.0,180380.0,-0.142734,51.507638,1,Slight,2,1,2018-12-23,Sunday,01:00,Westminster,E09000033,5,0,2,20.0,6,2,6,0,,,7,1,1,0,0,1,2,E01004761,3,1,23/12/2018,23/12/2018,1,9,0,99,,9,9,99,9,99,,,6,Female,30,26 - 35,2179,2,5,3,1,,1,1,1,2,30,6,3,0,0,0,0,0,9,1,3,2018.0,010153966,E09000033,0.0,5.0,2.0,2018.0,010153966,9.0,9.0,99.0,9.0,9.0,-1,2018.0,010153966,2018,12,1,1
364678,2018010154004,533400.0,177090.0,-0.080469,51.47705,1,Slight,2,1,2018-12-23,Sunday,00:25,Southwark,E09000028,4,217,6,20.0,3,4,6,0,,,4,1,1,0,0,1,1,E01003912,3,1,23/12/2018,23/12/2018,1,3,0,18,,1,2,0,0,0,,,6,Male,18,16 - 20,-1,-1,-1,2,1,,1,1,1,1,18,4,3,0,0,0,0,0,3,1,2,2018.0,010154004,E09000028,0.0,0.0,2.0,2018.0,010154004,3.0,7.0,0.0,1.0,1.0,-1,2018.0,010154004,2018,12,1,0
364685,2018010154036,522890.0,184620.0,-0.229106,51.547103,1,Serious,1,1,2018-12-23,Sunday,19:45,Brent,E09000005,3,407,6,30.0,9,2,5,0,,,4,2,2,0,0,1,1,E01000644,2,2,23/12/2018,23/12/2018,1,9,0,18,,6,0,0,0,0,,,6,Male,22,21 - 25,1686,2,10,3,1,,1,1,3,2,44,7,2,4,1,0,0,2,0,1,3,2018.0,010154036,E09000005,2.0,4.0,2.0,2018.0,010154036,1.0,3.0,0.0,4.0,1.0,-1,2018.0,010154036,2018,12,2,19
364686,2018010154037,536900.0,181680.0,-0.028322,51.517461,1,Serious,1,1,2018-12-23,Sunday,18:58,Tower Hamlets,E09000030,4,140,6,20.0,9,2,6,0,,,4,2,2,0,0,1,1,E01004273,2,2,23/12/2018,23/12/2018,1,9,0,18,,1,0,0,0,0,,,6,Male,19,16 - 20,-1,3,2,1,1,,1,1,3,1,80,11,2,8,3,0,0,2,0,1,1,2018.0,010154037,E09000030,0.0,1.0,2.0,2018.0,010154037,3.0,7.0,0.0,1.0,1.0,-1,2018.0,010154037,2018,12,2,18
364689,2018010154042,528920.0,183910.0,-0.142451,51.539378,1,Slight,2,1,2018-12-23,Sunday,18:30,Camden,E09000007,3,400,2,20.0,7,2,3,502,,,4,2,2,0,0,1,1,E01000863,3,1,23/12/2018,23/12/2018,1,3,0,13,,2,0,0,0,0,,,1,Male,23,21 - 25,125,1,4,3,1,,1,1,1,1,23,5,3,0,0,0,0,0,3,1,3,2018.0,010154042,E09000007,0.0,5.0,2.0,2018.0,010154042,5.0,2.0,0.0,1.0,1.0,-1,2018.0,010154042,2018,12,1,18
364691,2018010154046,519130.0,179400.0,-0.28507,51.500993,1,Slight,2,1,2018-12-23,Sunday,01:15,Ealing,E09000009,3,406,3,30.0,6,2,3,4000,,,4,1,1,0,0,1,1,E01001231,3,1,23/12/2018,23/12/2018,1,9,0,9,,8,0,0,0,0,,,6,Male,21,21 - 25,1248,2,10,5,1,,2,1,1,1,72,10,3,0,0,0,0,0,9,1,9,2018.0,010154046,E09000009,0.0,5.0,2.0,2018.0,010154046,7.0,3.0,0.0,4.0,1.0,-1,2018.0,010154046,2018,12,1,1
364707,2018010154089,530910.0,181010.0,-0.11485,51.512859,1,Slight,2,2,2018-12-24,Monday,04:10,Westminster,E09000033,3,4,6,30.0,7,2,3,4,,,4,1,2,0,0,1,1,E01004735,3,1,24/12/2018,24/12/2018,1,9,0,18,,1,0,0,0,0,,,6,Male,27,26 - 35,2179,2,4,-1,-1,,1,1,2,1,19,4,3,0,0,2,0,0,9,-1,-1,2018.0,010154089,E09000033,0.0,4.0,2.0,2018.0,010154089,3.0,7.0,0.0,3.0,1.0,-1,2018.0,010154089,2018,12,2,4
364708,2018010154091,538010.0,165780.0,-0.018529,51.37431,1,Slight,2,1,2018-12-23,Sunday,01:45,Bromley,E09000006,6,0,6,30.0,3,4,6,0,,,4,1,1,0,0,1,1,E01000835,3,1,23/12/2018,23/12/2018,1,9,0,1,,1,0,0,0,0,,,6,Male,19,16 - 20,1229,1,4,10,1,,1,1,2,2,20,4,3,0,0,1,0,0,9,1,9,2018.0,010154091,E09000006,0.0,0.0,2.0,2018.0,010154091,1.0,5.0,0.0,1.0,1.0,-1,2018.0,010154091,2018,12,1,1
364710,2018010154093,515130.0,189750.0,-0.339288,51.594844,1,Slight,3,1,2018-12-23,Sunday,21:50,Harrow,E09000015,6,0,6,30.0,9,4,6,0,,,4,2,2,5,0,1,1,E01002236,3,1,23/12/2018,23/12/2018,1,9,0,4,,8,0,0,0,0,,,6,Male,21,21 - 25,1461,2,9,4,1,,3,1,1,1,30,6,3,0,0,0,0,0,3,1,10,2018.0,010154093,E09000015,0.0,0.0,2.0,2018.0,010154093,3.0,7.0,0.0,3.0,1.0,-1,2018.0,010154093,2018,12,1,21
364726,2018010154154,533690.0,166640.0,-0.080236,51.383071,1,Slight,2,1,2018-12-19,Wednesday,19:00,Croydon,E09000008,6,0,6,20.0,3,2,4,243,,,4,1,1,0,0,1,2,E01000982,3,1,19/12/2018,19/12/2018,1,9,0,99,,9,9,99,9,99,,,6,Female,24,21 - 25,1498,1,0,9,1,,1,1,1,2,24,5,3,0,0,0,0,0,9,1,9,2018.0,010154154,E09000008,9.0,1.0,2.0,2018.0,010154154,9.0,9.0,99.0,1.0,9.0,-1,2018.0,010154154,2018,12,1,19
364733,2018010154166,529970.0,177030.0,-0.129853,51.477308,1,Serious,2,1,2018-08-12,Sunday,18:00,Lambeth,E09000022,3,3036,9,30.0,0,-1,-1,-1,,,4,1,1,0,0,1,2,E01003122,2,2,08/12/2018,08/12/2018,1,3,0,18,,0,0,0,0,0,,,6,Male,21,21 - 25,124,1,2,2,1,,1,1,1,1,21,5,2,0,0,0,0,0,3,1,2,2018.0,010154166,E09000022,9.0,9.0,2.0,2018.0,010154166,1.0,5.0,0.0,1.0,1.0,-1,2018.0,010154166,2018,8,2,18
364751,2018010154227,541170.0,183050.0,0.033726,51.528721,1,Slight,1,3,2018-12-24,Monday,19:55,Newham,E09000025,3,124,6,40.0,3,2,6,0,,,4,1,2,0,0,1,2,E01003606,3,1,24/12/2018,24/12/2018,1,9,0,99,,9,9,99,9,99,,,6,Female,23,21 - 25,1390,1,7,2,1,,1,1,1,2,23,5,3,0,0,0,0,0,9,1,2,2018.0,010154227,E09000025,0.0,5.0,2.0,2018.0,010154227,9.0,9.0,99.0,9.0,9.0,-1,2018.0,010154227,2018,12,3,19
364753,2018010154230,519230.0,184790.0,-0.281806,51.549415,1,Slight,2,2,2018-12-24,Monday,19:00,Brent,E09000005,6,0,6,30.0,3,4,6,0,,,4,1,1,0,0,1,1,E01000620,3,1,24/12/2018,24/12/2018,1,9,0,18,,8,0,0,0,0,,,6,Male,24,21 - 25,1390,1,14,-1,-1,,1,1,1,1,24,5,3,0,0,0,0,0,9,-1,-1,2018.0,010154230,E09000005,0.0,0.0,2.0,2018.0,010154230,5.0,5.0,0.0,4.0,1.0,-1,2018.0,010154230,2018,12,2,19
364757,2018010154239,555540.0,191670.0,0.24453,51.602397,1,Slight,4,3,2018-12-24,Monday,19:45,Havering,E09000016,3,12,3,50.0,3,2,5,0,,,4,1,1,0,0,1,1,E01002283,3,1,24/12/2018,24/12/2018,1,9,0,3,,1,0,0,0,0,,,6,Male,32,26 - 35,2184,2,3,3,1,,1,1,1,1,32,6,3,0,0,0,0,0,9,1,3,2018.0,010154239,E09000016,0.0,0.0,2.0,2018.0,010154239,7.0,3.0,0.0,2.0,1.0,-1,2018.0,010154239,2018,12,3,19
364761,2018010154270,532030.0,187520.0,-0.096279,51.571101,1,Slight,1,1,2018-04-12,Thursday,22:15,Hackney,E09000012,3,105,6,30.0,6,4,3,503,,,7,9,1,0,0,1,1,E01001813,3,1,04/12/2018,04/12/2018,1,9,0,6,,1,0,0,0,0,,,6,Male,35,26 - 35,1985,1,16,3,1,,1,1,3,2,-1,-1,3,10,9,0,0,2,0,-1,-1,2018.0,010154270,E09000012,0.0,0.0,2.0,2018.0,010154270,1.0,1.0,0.0,4.0,1.0,-1,2018.0,010154270,2018,4,1,22
364769,2018010154308,536270.0,185240.0,-0.036019,51.549604,1,Slight,1,2,2018-12-24,Monday,23:51,Hackney,E09000012,4,112,6,20.0,3,4,6,0,,,4,8,1,0,0,1,2,E01001847,3,1,24/12/2018,24/12/2018,1,9,0,99,,9,9,99,9,0,,,6,Female,23,21 - 25,1248,2,10,3,1,,1,1,1,2,23,5,3,0,0,0,0,0,9,1,3,2018.0,010154308,E09000012,0.0,9.0,2.0,2018.0,010154308,9.0,9.0,99.0,1.0,9.0,-1,2018.0,010154308,2018,12,2,23
364770,2018010154309,516100.0,174260.0,-0.330391,51.455425,1,Slight,2,1,2018-12-22,Saturday,22:00,Richmond upon Thames,E09000027,3,310,1,30.0,1,9,3,316,,,4,1,1,9,0,1,2,E01003869,3,1,22/12/2018,22/12/2018,1,9,0,99,,9,9,99,9,99,,,6,Male,32,26 - 35,998,1,6,3,1,,1,1,1,1,32,6,3,0,0,0,0,0,9,1,3,2018.0,010154309,E09000027,9.0,9.0,2.0,2018.0,010154309,9.0,9.0,99.0,2.0,9.0,-1,2018.0,010154309,2018,12,1,22
364787,2018010154350,512320.0,185720.0,-0.381126,51.559189,1,Slight,2,1,2018-12-24,Monday,21:30,Hillingdon,E09000017,5,0,6,30.0,1,9,5,0,,,7,1,1,0,0,1,2,E01002496,3,1,24/12/2018,24/12/2018,1,9,0,99,,9,9,99,9,99,,,6,Female,29,26 - 35,1968,2,6,4,1,,1,1,1,2,29,6,3,0,0,0,0,0,9,1,4,2018.0,010154350,E09000017,0.0,9.0,2.0,2018.0,010154350,9.0,9.0,99.0,2.0,9.0,-1,2018.0,010154350,2018,12,1,21
364788,2018010154352,524880.0,182100.0,-0.201315,51.524019,1,Serious,1,1,2018-12-25,Tuesday,21:26,Westminster,E09000033,3,404,3,30.0,0,-1,-1,-1,,,4,1,1,0,0,1,1,E01004755,2,2,25/12/2018,25/12/2018,1,8,0,18,,0,0,0,0,0,,,2,Male,35,26 - 35,1798,8,0,2,1,,1,1,3,1,17,4,2,5,2,0,0,2,0,1,1,2018.0,010154352,E09000033,0.0,5.0,2.0,2018.0,010154352,3.0,7.0,0.0,1.0,1.0,-1,2018.0,010154352,2018,12,2,21
364797,2018010154378,533480.0,184170.0,-0.076639,51.540655,1,Slight,2,2,2018-12-26,Wednesday,04:10,Hackney,E09000012,3,10,3,20.0,6,2,3,10,,,4,1,2,0,0,1,1,E01001750,3,1,26/12/2018,26/12/2018,1,9,0,18,,1,0,0,0,0,,,6,Male,26,26 - 35,1499,1,0,3,1,,1,1,1,1,26,6,3,0,0,0,0,0,9,1,3,2018.0,010154378,E09000012,0.0,5.0,2.0,2018.0,010154378,5.0,1.0,0.0,1.0,1.0,-1,2018.0,010154378,2018,12,2,4