,accident_index,location_easting_osgr,location_northing_osgr,longitude,latitude,police_force,accident_severity,number_of_vehicles,number_of_casualties,date,day_of_week,time,local_authority_district,local_authority_highway,first_road_class,first_road_number,road_type,speed_limit,junction_detail,junction_control,second_road_class,second_road_number,pedestrian_crossing-human_control,pedestrian_crossing-physical_facilities,light_conditions,weather_conditions,road_surface_conditions,special_conditions_at_site,carriageway_hazards,urban_or_rural_area,did_police_officer_attend_scene_of_accident,lsoa_of_accident_location,accident_severity_num,accident_severity_inv,date2,date_original,vehicle_reference_x,vehicle_type,towing_and_articulation,vehicle_manoeuvre,vehicle_location-restricted_lane,junction_location,skidding_and_overturning,hit_object_in_carriageway,vehicle_leaving_carriageway,hit_object_off_carriageway,1st_point_of_impact,was_vehicle_left_hand_drive?,journey_purpose_of_driver,sex_of_driver,age_of_driver,age_band_of_driver,engine_capacity_cc,propulsion_code,age_of_vehicle,driver_imd_decile,driver_home_area_type,vehicle_imd_decile,vehicle_reference_y,casualty_reference,casualty_class,sex_of_casualty,age_of_casualty,age_band_of_casualty,casualty_severity,pedestrian_location,pedestrian_movement,car_passenger,bus_or_coach_passenger,pedestrian_road_maintenance_worker,casualty_type,casualty_home_area_type,casualty_imd_decile,accident_year_x,accident_reference_x,local_authority_ons_district,pedestrian_crossing_human_control,pedestrian_crossing_physical_facilities,trunk_road_flag,accident_year_y,accident_reference_y,vehicle_direction_from,vehicle_direction_to,vehicle_location_restricted_lane,first_point_of_impact,vehicle_left_hand_drive,generic_make_model,accident_year,accident_reference,year,month,severity,hours
365004,2018010155033,542820.0,176680.0,0.054919,51.471067,1,Slight,2,4,2018-12-30,Sunday,22:31,Greenwich,E09000011,3,205,6,30.0,9,4,3,207,,,4,1,1,0,0,1,1,E01001648,3,1,30/12/2018,30/12/2018,1,9,0,18,,8,0,0,0,0,,,6,Male,20,16 - 20,1242,1,3,2,1,,1,1,1,1,20,4,3,0,0,0,0,0,9,1,2,2018.0,010155033,E09000011,0.0,0.0,2.0,2018.0,010155033,1.0,5.0,0.0,1.0,1.0,-1,2018.0,010155033,2018,12,4,22
365005,2018010155036,523220.0,184190.0,-0.2245,51.543166,1,Slight,3,3,2018-12-31,Monday,02:08,Brent,E09000005,5,0,6,30.0,6,4,5,0,,,4,1,1,0,0,1,1,E01000489,3,1,31/12/2018,31/12/2018,1,9,0,7,,1,0,0,0,0,,,6,Male,19,16 - 20,1398,1,1,-1,-1,,1,1,1,1,19,4,3,0,0,0,0,0,9,-1,-1,2018.0,010155036,E09000005,0.0,0.0,2.0,2018.0,010155036,1.0,5.0,0.0,1.0,1.0,-1,2018.0,010155036,2018,12,3,2
365013,2018010155073,518370.0,182720.0,-0.2949,51.530991,1,Slight,2,1,2018-12-28,Friday,19:15,Ealing,E09000009,3,406,1,30.0,0,-1,-1,-1,,,7,8,1,0,0,1,2,E01001277,3,1,28/12/2018,28/12/2018,1,9,0,99,,0,9,99,9,99,,,6,Male,19,16 - 20,1248,2,10,5,1,,1,1,1,1,19,4,3,0,0,0,0,0,9,1,5,2018.0,010155073,E09000009,0.0,0.0,2.0,2018.0,010155073,9.0,9.0,99.0,2.0,9.0,-1,2018.0,010155073,2018,12,1,19
365023,2018010155112,524500.0,196610.0,-0.201647,51.654504,1,Slight,2,1,2018-12-28,Friday,21:06,Barnet,E09000003,3,1000,9,30.0,3,9,6,0,,,1,1,1,0,9,1,2,E01000250,3,1,28/12/2018,28/12/2018,1,5,0,99,,9,9,99,9,99,,,6,Male,33,26 - 35,599,1,8,8,1,,1,1,1,1,33,6,3,0,0,0,0,0,5,1,8,2018.0,010155112,E09000003,9.0,9.0,2.0,2018.0,010155112,9.0,9.0,99.0,9.0,1.0,-1,2018.0,010155112,2018,12,1,21
365032,2018010155145,533650.0,187400.0,-0.072964,51.569641,1,Serious,2,1,2018-12-31,Monday,18:50,Hackney,E09000012,3,10,6,30.0,3,4,6,0,,,4,1,1,0,0,1,1,E01001800,2,2,31/12/2018,31/12/2018,1,2,0,18,,1,0,0,0,0,,,6,Male,22,21 - 25,125,1,1,3,1,,1,1,1,1,22,5,2,0,0,0,0,0,2,1,3,2018.0,010155145,E09000012,0.0,0.0,2.0,2018.0,010155145,5.0,1.0,2.0,3.0,1.0,-1,2018.0,010155145,2018,12,2,18
365046,2018010155177,542250.0,168950.0,0.043614,51.40175,1,Slight,3,1,2018-12-31,Monday,22:06,Bromley,E09000006,3,222,3,30.0,6,4,5,0,,,4,1,1,0,0,1,1,E01000645,3,1,31/12/2018,31/12/2018,1,9,0,18,,1,0,0,0,0,,,6,Female,24,21 - 25,1329,1,5,-1,-1,,1,1,1,2,24,5,3,0,0,0,0,0,9,-1,-1,2018.0,010155177,E09000006,0.0,8.0,2.0,2018.0,010155177,6.0,2.0,0.0,2.0,1.0,-1,2018.0,010155177,2018,12,1,22
365048,2018010155182,538020.0,181000.0,-0.012456,51.511078,1,Slight,2,5,2018-12-31,Monday,22:26,Tower Hamlets,E09000030,3,13,6,30.0,9,4,6,0,,,4,1,1,0,0,1,1,E01004219,3,1,31/12/2018,31/12/2018,1,9,0,18,,1,0,0,0,0,,,6,Male,21,21 - 25,999,1,0,1,1,,2,1,1,1,38,7,3,0,0,0,0,0,11,1,2,2018.0,010155182,E09000030,0.0,0.0,2.0,2018.0,010155182,5.0,1.0,0.0,1.0,1.0,-1,2018.0,010155182,2018,12,5,22
365049,2018010155183,531220.0,178070.0,-0.111478,51.486366,1,Slight,1,2,2018-12-31,Monday,19:40,Lambeth,E09000022,3,23,6,20.0,3,4,6,0,,,4,1,1,0,0,1,1,E01003101,3,1,31/12/2018,31/12/2018,1,3,0,5,,6,5,0,0,0,,,6,Male,18,16 - 20,108,1,1,2,1,,1,1,1,1,18,4,3,0,0,0,0,0,3,1,2,2018.0,010155183,E09000022,0.0,0.0,2.0,2018.0,010155183,0.0,0.0,9.0,1.0,1.0,-1,2018.0,010155183,2018,12,2,19
365050,2018010155186,509090.0,182770.0,-0.428615,51.533308,1,Slight,4,1,2018-12-31,Monday,22:46,Hillingdon,E09000017,6,0,6,30.0,3,4,6,0,,,4,1,1,0,0,1,1,E01002425,3,1,31/12/2018,31/12/2018,1,9,0,18,,1,0,4,0,0,,,6,Male,34,26 - 35,1390,1,13,7,1,,1,1,1,1,34,6,3,0,0,0,0,0,9,1,7,2018.0,010155186,E09000017,0.0,0.0,2.0,2018.0,010155186,1.0,1.0,0.0,3.0,1.0,-1,2018.0,010155186,2018,12,1,22
365051,2018010155189,511830.0,188710.0,-0.38724,51.586161,1,Slight,2,1,2018-12-31,Monday,22:04,Harrow,E09000015,5,0,6,30.0,3,4,6,0,,,4,1,1,0,0,1,1,E01002194,3,1,31/12/2018,31/12/2018,1,9,0,9,,6,0,0,0,0,,,6,Female,17,16 - 20,1229,1,9,7,1,,2,1,1,2,62,9,3,0,0,0,0,0,9,1,6,2018.0,010155189,E09000015,0.0,0.0,2.0,2018.0,010155189,5.0,1.0,0.0,1.0,1.0,-1,2018.0,010155189,2018,12,1,22
365054,2018010155262,534100.0,189590.0,-0.06564,51.589214,1,Slight,1,1,2018-12-29,Saturday,18:15,Haringey,E09000014,3,1055,3,30.0,0,-1,-1,-1,,,5,1,1,0,0,1,2,E01002066,3,1,29/12/2018,29/12/2018,1,9,0,99,,0,9,99,9,99,,,6,Male,26,26 - 35,1318,1,0,1,1,,1,1,3,1,26,6,3,1,3,0,0,2,0,1,1,2018.0,010155262,E09000014,0.0,5.0,2.0,2018.0,010155262,9.0,9.0,99.0,9.0,9.0,-1,2018.0,010155262,2018,12,1,18
365055,2018010155275,532800.0,182500.0,-0.087068,51.525808,1,Slight,2,1,2018-12-31,Monday,20:20,Islington,E09000019,3,5201,6,20.0,1,2,3,501,,,7,1,1,0,0,1,2,E01002704,3,1,31/12/2018,31/12/2018,1,8,0,99,,9,9,99,9,99,,,6,Male,34,26 - 35,1997,2,2,4,1,,1,1,1,1,34,6,3,0,0,0,0,0,8,1,4,2018.0,010155275,E09000019,9.0,0.0,2.0,2018.0,010155275,9.0,9.0,99.0,2.0,9.0,-1,2018.0,010155275,2018,12,1,20
365061,2018010155370,543200.0,179170.0,0.061395,51.493346,1,Slight,2,1,2018-12-15,Saturday,03:30,Greenwich,E09000011,3,206,1,20.0,1,9,4,210,,,1,5,2,0,0,1,2,E01033737,3,1,15/12/2018,15/12/2018,1,9,0,99,,9,9,99,9,99,,,6,Male,23,21 - 25,1796,1,11,2,1,,1,1,1,1,23,5,3,0,0,0,0,0,9,1,2,2018.0,010155370,E09000011,0.0,1.0,2.0,2018.0,010155370,9.0,9.0,99.0,9.0,9.0,-1,2018.0,010155370,2018,12,1,3
365066,2018010155401,526400.0,192000.0,-0.175859,51.612651,1,Slight,2,1,2018-11-27,Tuesday,18:25,Barnet,E09000003,3,1000,9,30.0,7,2,3,1000,,,4,2,2,0,0,1,2,E01000299,3,1,27/11/2018,27/11/2018,1,9,9,18,,9,9,0,9,0,,,6,Female,35,26 - 35,1396,1,16,10,1,,1,1,1,2,35,6,3,0,0,0,0,0,9,1,10,2018.0,010155401,E09000003,0.0,5.0,2.0,2018.0,010155401,9.0,9.0,99.0,9.0,9.0,-1,2018.0,010155401,2018,11,1,18
365070,2018010155450,543190.0,181960.0,0.062384,51.518419,1,Slight,2,1,2018-12-24,Monday,01:15,Newham,E09000025,6,0,6,30.0,0,-1,-1,-1,,,1,8,1,0,0,1,2,E01003482,3,1,24/12/2018,24/12/2018,1,9,0,99,,0,9,99,9,99,,,6,Female,35,26 - 35,1997,1,8,9,1,,1,1,1,2,35,6,3,0,0,0,0,0,9,1,9,2018.0,010155450,E09000025,0.0,0.0,2.0,2018.0,010155450,9.0,9.0,99.0,9.0,9.0,-1,2018.0,010155450,2018,12,1,1
365071,2018010155479,533360.0,189580.0,-0.076319,51.5893,1,Serious,2,1,2018-12-29,Saturday,19:30,Haringey,E09000014,4,153,6,20.0,3,9,6,0,,,7,1,1,0,0,1,2,E01002069,2,2,29/12/2018,29/12/2018,1,4,0,99,,9,9,99,9,99,,,6,Male,24,21 - 25,125,1,7,1,1,,1,1,1,1,24,5,2,0,0,0,0,0,4,1,1,2018.0,010155479,E09000014,9.0,9.0,2.0,2018.0,010155479,9.0,9.0,99.0,1.0,1.0,-1,2018.0,010155479,2018,12,2,19
365080,2018010155653,538210.0,187510.0,-0.007166,51.569531,1,Serious,2,2,2018-12-31,Monday,19:00,Waltham Forest,E09000031,6,0,6,30.0,99,9,6,0,,,4,1,9,9,2,1,2,E01004367,2,2,31/12/2018,31/12/2018,1,9,0,99,,9,9,99,9,99,,,6,Female,23,21 - 25,1796,1,7,4,1,,1,1,1,2,23,5,3,0,0,0,0,0,9,1,4,2018.0,010155653,E09000031,0.0,9.0,2.0,2018.0,010155653,9.0,9.0,99.0,1.0,9.0,-1,2018.0,010155653,2018,12,4,19
365129,2018010156447,533950.0,188960.0,-0.068044,51.583588,1,Slight,2,1,2018-12-22,Saturday,20:02,Haringey,E09000014,6,0,6,30.0,99,9,6,0,,,7,9,9,9,9,1,2,E01002071,3,1,22/12/2018,22/12/2018,1,3,0,18,,9,9,99,9,99,,,6,Male,25,21 - 25,124,1,10,-1,-1,,1,1,1,1,25,5,3,0,0,0,0,0,3,-1,-1,2018.0,010156447,E09000014,9.0,9.0,2.0,2018.0,010156447,9.0,9.0,99.0,9.0,1.0,-1,2018.0,010156447,2018,12,1,20
365138,2018010156518,534240.0,189390.0,-0.063697,51.587383,1,Serious,1,1,2018-11-21,Wednesday,18:50,Haringey,E09000014,3,503,6,30.0,3,4,6,0,,,4,1,1,0,0,1,1,E01002068,2,2,21/11/2018,21/11/2018,1,9,0,5,,6,0,0,0,0,,,6,Male,28,26 - 35,1950,2,0,2,1,,1,1,3,2,20,4,2,5,1,0,0,2,0,-1,-1,2018.0,010156518,E09000014,0.0,0.0,2.0,2018.0,010156518,3.0,1.0,0.0,1.0,1.0,-1,2018.0,010156518,2018,11,2,18
365146,2018010156757,513720.0,185590.0,-0.360981,51.55774,1,Slight,2,1,2018-12-25,Tuesday,19:20,Harrow,E09000015,3,312,6,30.0,99,9,6,0,,,4,1,1,9,9,1,2,E01002221,3,1,25/12/2018,25/12/2018,1,3,0,18,,9,0,99,0,0,,,6,Male,17,16 - 20,125,1,3,3,1,,1,1,1,1,17,4,3,0,0,0,0,0,3,1,3,2018.0,010156757,E09000015,9.0,9.0,2.0,2018.0,010156757,9.0,9.0,0.0,9.0,1.0,-1,2018.0,010156757,2018,12,1,19
365158,2018010157417,539930.0,191250.0,0.019123,51.602713,1,Slight,3,1,2018-11-24,Saturday,20:18,Redbridge,E09000026,3,1199,6,30.0,0,-1,-1,-1,,,5,1,1,9,0,1,2,E01003670,3,1,24/11/2018,24/11/2018,1,9,0,99,,0,9,99,9,99,,,6,Male,18,16 - 20,1198,1,7,5,1,,1,1,1,1,18,4,3,0,0,0,0,0,9,1,5,2018.0,010157417,E09000026,9.0,9.0,2.0,2018.0,010157417,9.0,9.0,99.0,2.0,9.0,-1,2018.0,010157417,2018,11,1,20
365159,2018010157431,523240.0,181620.0,-0.225111,51.520065,1,Slight,1,1,2018-12-31,Monday,21:25,Kensington and Chelsea,E09000020,4,412,6,30.0,3,4,5,0,,,4,9,9,9,9,1,2,E01002876,3,1,31/12/2018,31/12/2018,1,9,0,99,,9,0,0,0,0,,,6,Female,34,26 - 35,2143,2,2,5,1,,1,1,1,2,34,6,3,0,0,0,0,0,9,1,5,2018.0,010157431,E09000020,9.0,9.0,2.0,2018.0,010157431,9.0,9.0,0.0,1.0,9.0,-1,2018.0,010157431,2018,12,1,21
365197,2018010160595,531860.0,180080.0,-0.101515,51.504281,1,Slight,1,2,2018-08-23,Thursday,23:58,Southwark,E09000028,5,0,9,30.0,0,-1,-1,-1,,,4,8,1,0,0,1,2,E01003934,3,1,23/08/2018,23/08/2018,1,9,0,99,,0,9,99,9,99,,,6,Male,32,26 - 35,1596,1,13,3,1,,1,1,1,1,32,6,3,0,0,0,0,0,9,1,3,2018.0,010160595,E09000028,0.0,0.0,2.0,2018.0,010160595,9.0,9.0,99.0,2.0,9.0,-1,2018.0,010160595,2018,8,2,23
365201,2018010162199,531790.0,173640.0,-0.104923,51.446422,1,Slight,1,1,2018-08-26,Sunday,19:42,Lambeth,E09000022,3,215,3,30.0,0,-1,-1,-1,,,4,9,1,0,0,1,1,E01003169,3,1,26/08/2018,26/08/2018,1,3,0,18,,0,0,0,0,0,,,6,Male,23,21 - 25,125,1,3,2,1,,1,1,1,1,23,5,3,0,0,0,0,0,3,1,2,2018.0,010162199,E09000022,0.0,0.0,2.0,2018.0,010162199,5.0,1.0,0.0,1.0,1.0,-1,2018.0,010162199,2018,8,1,19
365208,2018010163366,521920.0,189880.0,-0.241263,51.594586,1,Slight,1,1,2018-10-27,Saturday,20:05,Barnet,E09000003,6,0,6,30.0,3,9,6,0,,,4,9,1,0,0,1,2,E01033572,3,1,27/10/2018,27/10/2018,1,9,0,4,,4,0,0,0,0,,,6,Male,19,16 - 20,1598,1,11,3,1,,1,1,1,1,19,4,3,0,0,0,0,0,9,1,3,2018.0,010163366,E09000003,0.0,5.0,2.0,2018.0,010163366,9.0,9.0,0.0,3.0,1.0,-1,2018.0,010163366,2018,10,1,20
365221,2018010166415,527890.0,180970.0,-0.158361,51.513191,1,Slight,2,1,2018-11-22,Thursday,19:35,Westminster,E09000033,3,40,9,30.0,3,9,3,4202,,,4,9,9,9,0,1,2,E01004689,3,1,22/11/2018,22/11/2018,1,9,0,18,,9,0,0,0,0,,,6,Male,22,21 - 25,2993,2,14,1,1,,1,1,1,1,22,5,3,0,0,0,0,0,9,1,1,2018.0,010166415,E09000033,9.0,9.0,2.0,2018.0,010166415,1.0,5.0,0.0,3.0,1.0,-1,2018.0,010166415,2018,11,1,19
365231,2018010168415,545560.0,179330.0,0.095433,51.494181,1,Slight,2,1,2018-03-29,Thursday,23:30,Greenwich,E09000011,6,0,6,30.0,99,4,6,0,,,4,1,2,0,0,1,2,E01033741,3,1,29/03/2018,29/03/2018,1,9,0,99,,9,9,99,9,99,,,6,Male,29,26 - 35,2720,2,10,2,1,,1,1,1,1,29,6,3,0,0,0,0,0,9,1,2,2018.0,010168415,E09000011,9.0,9.0,2.0,2018.0,010168415,9.0,9.0,99.0,4.0,9.0,-1,2018.0,010168415,2018,3,1,23
365245,2018010174276,522100.0,189900.0,-0.238659,51.594727,1,Slight,2,1,2018-07-19,Thursday,18:00,Barnet,E09000003,6,0,7,20.0,99,9,6,0,,,1,1,1,9,0,1,2,E01033572,3,1,19/07/2018,19/07/2018,1,9,0,99,,9,9,99,9,99,,,6,Male,24,21 - 25,1995,2,9,3,1,,1,1,1,1,24,5,3,0,0,0,0,0,9,1,3,2018.0,010174276,E09000003,9.0,9.0,2.0,2018.0,010174276,9.0,9.0,99.0,9.0,9.0,-1,2018.0,010174276,2018,7,1,18
365274,201801T804759,527806.0,161142.0,-0.166716,51.335013,1,Slight,1,1,2018-12-24,Monday,03:00,Sutton,E09000029,3,1,6,40.0,0,-1,-1,-1,,,4,1,2,0,0,1,1,E01004108,3,1,24/12/2018,24/12/2018,1,9,0,18,,0,0,0,7,0,,,6,Male,31,26 - 35,1995,2,6,5,1,,1,1,1,1,31,6,3,0,0,0,0,0,9,1,5,2018.0,01T804759,E09000029,0.0,0.0,2.0,2018.0,01T804759,7.0,3.0,0.0,1.0,1.0,-1,2018.0,01T804759,2018,12,1,3
417467,2018410257173,525989.0,222581.0,-0.170723,51.887565,41,Slight,2,2,2018-08-01,Wednesday,18:58,Stevenage,E10000015,3,602,1,40.0,1,4,6,0,,,4,8,2,0,2,1,1,E01023791,3,1,08/01/2018,08/01/2018,1,9,0,4,,4,0,0,0,0,,,5,Male,24,21 - 25,1896,2,9,9,1,,1,1,1,1,24,5,3,0,0,0,0,0,9,1,9,2018.0,410257173,E07000243,0.0,0.0,2.0,2018.0,410257173,7.0,3.0,0.0,2.0,1.0,-1,2018.0,410257173,2018,8,2,18
417572,2018410265627,523854.0,223694.0,-0.20133,51.898044,41,Serious,1,2,2018-01-27,Saturday,20:40,Stevenage,E10000015,6,0,9,30.0,0,-1,-1,-1,,,6,1,1,0,0,1,1,E01023786,2,2,27/01/2018,27/01/2018,1,2,0,18,,0,5,0,0,0,,,6,Male,17,16 - 20,49,1,7,6,1,,1,1,1,1,17,4,3,0,0,0,0,0,2,1,6,2018.0,410265627,E07000243,0.0,0.0,2.0,2018.0,410265627,1.0,5.0,5.0,1.0,1.0,-1,2018.0,410265627,2018,1,4,20
417597,2018410267675,525114.0,223155.0,-0.183222,51.89292,41,Slight,2,1,2018-04-02,Monday,20:05,Stevenage,E10000015,6,0,6,30.0,0,-1,-1,-1,,,4,8,2,0,0,1,2,E01023794,3,1,04/02/2018,04/02/2018,1,3,0,18,,0,2,0,0,0,,,5,Male,17,16 - 20,124,1,11,5,1,,1,1,1,1,17,4,3,0,0,0,0,0,3,1,5,2018.0,410267675,E07000243,0.0,0.0,2.0,2018.0,410267675,1.0,5.0,0.0,0.0,1.0,-1,2018.0,410267675,2018,4,1,20
417620,2018410268287,520408.0,196133.0,-0.260934,51.651108,41,Slight,2,2,2018-03-02,Friday,01:25,Hertsmere,E10000015,6,0,1,30.0,1,4,6,0,,,4,1,1,0,0,1,1,E01023547,3,1,03/02/2018,03/02/2018,1,9,0,18,,4,0,0,0,0,,,6,Female,24,21 - 25,998,1,1,3,1,,1,1,1,2,24,5,3,0,0,0,0,0,9,1,3,2018.0,410268287,E07000098,0.0,0.0,2.0,2018.0,410268287,1.0,5.0,0.0,4.0,1.0,-1,2018.0,410268287,2018,3,2,1
417641,2018410268733,520368.0,196903.0,-0.261247,51.658037,41,Slight,2,3,2018-01-27,Saturday,18:35,Hertsmere,E10000015,6,0,1,30.0,2,4,6,0,,,4,2,2,0,0,1,1,E01023545,3,1,27/01/2018,27/01/2018,1,9,0,18,,4,0,0,0,0,,,2,Female,25,21 - 25,1598,1,10,4,1,,1,1,1,2,25,5,3,0,0,0,0,0,9,1,4,2018.0,410268733,E07000098,0.0,0.0,2.0,2018.0,410268733,1.0,5.0,0.0,1.0,1.0,-1,2018.0,410268733,2018,1,3,18
417698,2018410272420,519308.0,196578.0,-0.276675,51.655342,41,Slight,2,1,2018-02-14,Wednesday,23:10,Hertsmere,E10000015,6,0,1,30.0,1,4,6,0,,,4,1,2,0,0,1,1,E01023539,3,1,14/02/2018,14/02/2018,1,9,0,18,,1,0,0,0,0,,,5,Female,23,21 - 25,1198,1,5,5,1,,1,1,1,2,23,5,3,0,0,0,0,0,9,1,5,2018.0,410272420,E07000098,0.0,0.0,2.0,2018.0,410272420,1.0,5.0,0.0,2.0,1.0,-1,2018.0,410272420,2018,2,1,23
417855,2018410281855,524748.0,222052.0,-0.188937,51.88309,41,Slight,2,1,2018-12-03,Monday,20:30,Stevenage,E10000015,6,0,6,30.0,3,4,6,0,,,4,2,2,0,0,1,2,E01023783,3,1,12/03/2018,12/03/2018,1,9,0,9,,1,0,0,0,0,,,5,Male,19,16 - 20,998,1,0,10,1,,2,1,1,1,20,4,3,0,0,0,0,0,9,1,6,2018.0,410281855,E07000243,0.0,0.0,2.0,2018.0,410281855,2.0,8.0,0.0,1.0,1.0,-1,2018.0,410281855,2018,12,1,20
417859,2018410281957,524394.0,224129.0,-0.193329,51.901833,41,Slight,1,1,2018-03-22,Thursday,19:22,Stevenage,E10000015,6,0,6,30.0,3,4,6,0,,,7,1,1,0,0,1,1,E01023757,3,1,22/03/2018,22/03/2018,1,9,0,7,,8,0,0,0,0,,,5,Male,22,21 - 25,1229,1,14,6,1,,1,1,3,1,32,6,3,1,3,0,0,0,0,1,4,2018.0,410281957,E07000243,0.0,8.0,2.0,2018.0,410281957,2.0,4.0,0.0,1.0,1.0,-1,2018.0,410281957,2018,3,1,19
417890,2018410283933,526284.0,222282.0,-0.166548,51.884811,41,Slight,1,1,2018-05-04,Friday,20:50,Stevenage,E10000015,3,602,1,30.0,0,-1,-1,-1,,,4,1,1,0,0,1,1,E01023763,3,1,05/04/2018,05/04/2018,1,9,0,18,,0,2,10,1,0,,,5,Male,27,26 - 35,1497,8,6,3,1,,1,1,1,1,27,6,3,0,0,0,0,0,9,1,3,2018.0,410283933,E07000243,0.0,0.0,2.0,2018.0,410283933,8.0,5.0,5.0,4.0,1.0,-1,2018.0,410283933,2018,5,1,20
417927,2018410285892,522577.0,226668.0,-0.218823,51.925052,41,Slight,2,5,2018-12-04,Tuesday,20:42,Stevenage,E10000015,3,602,3,40.0,0,-1,-1,-1,,,4,2,2,0,2,1,1,E01023800,3,1,12/04/2018,12/04/2018,1,9,0,18,,0,0,0,0,0,,,6,Male,22,21 - 25,998,1,4,7,1,,1,1,1,1,22,5,3,0,0,0,0,0,9,1,7,2018.0,410285892,E07000243,0.0,0.0,2.0,2018.0,410285892,5.0,1.0,0.0,1.0,1.0,-1,2018.0,410285892,2018,12,5,20
417947,2018410287383,525955.0,200872.0,-0.179091,51.692482,41,Slight,2,2,2018-04-14,Saturday,00:05,Hertsmere,E10000015,6,0,6,30.0,3,2,6,0,,,4,1,1,0,0,1,1,E01023573,3,1,14/04/2018,14/04/2018,1,9,0,8,,2,0,0,-1,0,,,6,Male,23,21 - 25,1598,1,12,5,2,,2,1,1,1,21,5,3,0,0,0,0,0,9,1,2,2018.0,410287383,E07000098,0.0,0.0,2.0,2018.0,410287383,8.0,3.0,0.0,1.0,1.0,-1,2018.0,410287383,2018,4,2,0
417971,2018410288234,513021.0,197931.0,-0.367082,51.668801,41,Slight,2,1,2018-10-04,Thursday,18:10,Hertsmere,E10000015,3,41,3,70.0,0,-1,-1,-1,,,1,1,1,0,0,1,1,E01023555,3,1,10/04/2018,10/04/2018,1,9,0,4,,0,1,0,0,0,,,5,Female,32,26 - 35,1995,2,4,7,1,,1,1,1,2,32,6,3,0,0,0,0,0,9,1,7,2018.0,410288234,E07000098,0.0,0.0,2.0,2018.0,410288234,8.0,4.0,0.0,1.0,1.0,-1,2018.0,410288234,2018,10,1,18
418027,2018410291890,523686.0,223857.0,-0.203712,51.899546,41,Slight,1,1,2018-11-04,Sunday,21:20,Stevenage,E10000015,3,602,3,40.0,0,-1,-1,-1,,,4,2,2,0,0,1,1,E01023758,3,1,11/04/2018,11/04/2018,1,9,0,18,,0,5,0,6,6,,,5,Male,23,21 - 25,1229,1,12,5,1,,1,1,1,1,23,5,3,0,0,0,0,0,9,1,5,2018.0,410291890,E07000243,0.0,0.0,2.0,2018.0,410291890,1.0,5.0,0.0,1.0,1.0,-1,2018.0,410291890,2018,11,1,21
418030,2018410291986,524160.0,201208.0,-0.204928,51.695901,41,Serious,2,1,2018-02-05,Monday,22:46,Hertsmere,E10000015,6,0,6,30.0,0,-1,-1,-1,,,4,1,2,0,0,1,1,E01023567,2,2,02/05/2018,02/05/2018,1,9,0,2,,0,0,0,0,0,,,1,Male,35,26 - 35,-1,-1,-1,4,1,,2,1,1,1,21,5,2,0,0,0,0,0,3,1,10,2018.0,410291986,E07000098,0.0,0.0,2.0,2018.0,410291986,0.0,0.0,0.0,0.0,1.0,-1,2018.0,410291986,2018,2,2,22
418074,2018410293810,525799.0,200901.0,-0.181336,51.692777,41,Slight,2,2,2018-08-05,Sunday,21:06,Hertsmere,E10000015,4,556,6,30.0,3,2,6,0,,,4,1,1,0,0,1,1,E01023573,3,1,08/05/2018,08/05/2018,1,9,0,9,,1,0,0,0,0,,,6,Female,19,16 - 20,1242,1,4,2,1,,1,1,1,2,19,4,3,0,0,0,0,0,9,1,2,2018.0,410293810,E07000098,0.0,5.0,2.0,2018.0,410293810,3.0,1.0,0.0,1.0,1.0,-1,2018.0,410293810,2018,8,2,21
418149,2018410296291,519015.0,196659.0,-0.280881,51.656132,41,Slight,2,1,2018-12-05,Wednesday,20:10,Hertsmere,E10000015,6,0,1,30.0,2,4,6,0,,,1,1,1,0,0,1,2,E01023532,3,1,12/05/2018,12/05/2018,1,3,0,9,,4,0,0,0,0,,,2,Male,18,16 - 20,-1,-1,-1,4,1,,1,1,1,1,18,4,3,0,0,0,0,0,3,1,4,2018.0,410296291,E07000098,0.0,1.0,2.0,2018.0,410296291,3.0,1.0,0.0,4.0,1.0,-1,2018.0,410296291,2018,12,1,20
418300,2018410304418,522656.0,226610.0,-0.217695,51.924513,41,Slight,2,2,2018-06-15,Friday,19:15,Stevenage,E10000015,3,602,3,40.0,0,-1,-1,-1,,,1,1,1,0,0,1,1,E01023800,3,1,15/06/2018,15/06/2018,1,9,0,18,,0,0,0,0,0,,,5,Female,23,21 - 25,1999,1,10,6,1,,1,1,1,2,23,5,3,0,0,0,0,0,9,1,6,2018.0,410304418,E07000243,0.0,4.0,2.0,2018.0,410304418,5.0,1.0,0.0,0.0,1.0,-1,2018.0,410304418,2018,6,2,19
418331,2018410307098,523349.0,224772.0,-0.20828,51.907843,41,Slight,1,2,2018-06-28,Thursday,22:18,Stevenage,E10000015,3,602,3,40.0,1,4,6,0,,,4,1,1,0,0,1,1,E01023776,3,1,28/06/2018,28/06/2018,1,9,0,18,,4,1,0,3,0,,,5,Male,21,21 - 25,1595,1,5,6,1,,1,1,1,1,21,5,3,0,0,0,0,0,9,1,6,2018.0,410307098,E07000243,0.0,7.0,2.0,2018.0,410307098,1.0,5.0,0.0,1.0,1.0,-1,2018.0,410307098,2018,6,2,22