,accident_index,location_easting_osgr,location_northing_osgr,longitude,latitude,police_force,accident_severity,number_of_vehicles,number_of_casualties,date,day_of_week,time,local_authority_district,local_authority_highway,first_road_class,first_road_number,road_type,speed_limit,junction_detail,junction_control,second_road_class,second_road_number,pedestrian_crossing-human_control,pedestrian_crossing-physical_facilities,light_conditions,weather_conditions,road_surface_conditions,special_conditions_at_site,carriageway_hazards,urban_or_rural_area,did_police_officer_attend_scene_of_accident,lsoa_of_accident_location,accident_severity_num,accident_severity_inv,date2,date_original,vehicle_reference_x,vehicle_type,towing_and_articulation,vehicle_manoeuvre,vehicle_location-restricted_lane,junction_location,skidding_and_overturning,hit_object_in_carriageway,vehicle_leaving_carriageway,hit_object_off_carriageway,1st_point_of_impact,was_vehicle_left_hand_drive?,journey_purpose_of_driver,sex_of_driver,age_of_driver,age_band_of_driver,engine_capacity_cc,propulsion_code,age_of_vehicle,driver_imd_decile,driver_home_area_type,vehicle_imd_decile,vehicle_reference_y,casualty_reference,casualty_class,sex_of_casualty,age_of_casualty,age_band_of_casualty,casualty_severity,pedestrian_location,pedestrian_movement,car_passenger,bus_or_coach_passenger,pedestrian_road_maintenance_worker,casualty_type,casualty_home_area_type,casualty_imd_decile,accident_year_x,accident_reference_x,local_authority_ons_district,pedestrian_crossing_human_control,pedestrian_crossing_physical_facilities,trunk_road_flag,accident_year_y,accident_reference_y,vehicle_direction_from,vehicle_direction_to,vehicle_location_restricted_lane,first_point_of_impact,vehicle_left_hand_drive,generic_make_model,accident_year,accident_reference,year,month,severity,hours
431615,2018450294800,504764.0,169596.0,-0.494862,51.415711,45,Slight,1,1,2018-05-21,Monday,22:00,Spelthorne,E10000030,4,376,9,30.0,0,-1,-1,-1,,,4,1,1,5,0,1,1,E01030729,3,1,21/05/2018,21/05/2018,1,3,0,18,,0,0,0,0,0,,,5,Male,21,21 - 25,124,1,18,6,1,,1,1,1,1,21,5,3,0,0,0,0,0,3,1,6,2018.0,450294800,E07000213,0.0,0.0,2.0,2018.0,450294800,1.0,5.0,0.0,4.0,1.0,-1,2018.0,450294800,2018,5,1,22
431632,2018450295720,505100.0,168701.0,-0.490297,51.407604,45,Slight,1,1,2018-05-19,Saturday,22:25,Spelthorne,E10000030,6,0,6,30.0,9,4,6,0,,,4,1,1,0,0,1,1,E01030721,3,1,19/05/2018,19/05/2018,1,9,0,18,,2,0,0,0,0,,,6,Not known,33,26 - 35,-1,-1,-1,-1,-1,,1,1,3,1,38,7,3,9,8,0,0,0,0,1,2,2018.0,450295720,E07000213,0.0,0.0,2.0,2018.0,450295720,1.0,5.0,0.0,1.0,1.0,-1,2018.0,450295720,2018,5,1,22
431633,2018450295723,505210.0,174256.0,-0.487068,51.457516,45,Slight,2,1,2018-05-23,Wednesday,20:30,Spelthorne,E10000030,6,0,6,30.0,3,4,6,0,,,1,1,1,0,0,1,1,E01030743,3,1,23/05/2018,23/05/2018,1,9,0,9,,1,0,0,0,0,,,5,Male,29,26 - 35,1560,2,6,7,1,,2,1,1,1,46,8,3,0,0,0,0,0,9,3,5,2018.0,450295723,E07000213,0.0,0.0,2.0,2018.0,450295723,7.0,3.0,0.0,4.0,1.0,-1,2018.0,450295723,2018,5,1,20
431716,2018450298340,506150.0,172640.0,-0.474027,51.442815,45,Slight,1,1,2018-05-25,Friday,19:00,Spelthorne,E10000030,6,0,9,30.0,6,4,6,0,,,1,1,1,0,0,1,2,E01030707,3,1,25/05/2018,25/05/2018,1,9,0,18,,1,0,0,0,0,,,6,Female,19,16 - 20,1229,1,3,10,1,,1,1,3,2,30,6,3,1,1,0,0,0,0,1,4,2018.0,450298340,E07000213,2.0,8.0,2.0,2018.0,450298340,1.0,3.0,0.0,1.0,1.0,-1,2018.0,450298340,2018,5,1,19
431834,2018450302379,505957.0,172927.0,-0.476717,51.445431,45,Slight,2,1,2018-06-16,Saturday,22:50,Spelthorne,E10000030,4,378,6,30.0,3,4,6,0,,,4,1,1,0,0,1,2,E01030711,3,1,16/06/2018,16/06/2018,1,3,0,9,,2,1,0,0,0,,,6,Male,22,21 - 25,-1,-1,-1,4,1,,1,1,1,1,22,5,3,0,0,0,0,0,3,1,4,2018.0,450302379,E07000213,0.0,0.0,2.0,2018.0,450302379,4.0,8.0,0.0,4.0,1.0,-1,2018.0,450302379,2018,6,1,22
431938,2018450306153,521830.0,158631.0,-0.253315,51.313756,45,Slight,1,1,2018-06-22,Friday,21:50,Epsom and Ewell,E10000030,4,290,1,40.0,1,4,6,0,,,4,1,1,0,0,1,1,E01030380,3,1,22/06/2018,22/06/2018,1,9,0,18,,4,1,9,0,0,,,5,Male,18,16 - 20,1896,2,10,7,1,,1,1,1,1,18,4,3,0,0,0,0,0,9,1,7,2018.0,450306153,E07000208,0.0,0.0,2.0,2018.0,450306153,3.0,7.0,0.0,1.0,1.0,-1,2018.0,450306153,2018,6,1,21
431949,2018450306175,511517.0,169486.0,-0.397826,51.413437,45,Serious,1,2,2018-06-29,Friday,00:10,Spelthorne,E10000030,3,308,6,40.0,0,-1,-1,-1,,,4,1,1,0,0,1,1,E01030755,2,2,29/06/2018,29/06/2018,1,9,0,17,,0,0,10,1,3,,,6,Male,31,26 - 35,1248,1,1,4,1,,1,1,2,2,46,8,3,0,0,1,0,0,9,1,8,2018.0,450306175,E07000213,0.0,0.0,2.0,2018.0,450306175,1.0,5.0,0.0,1.0,1.0,-1,2018.0,450306175,2018,6,4,0
432048,2018450309153,508342.0,169338.0,-0.443508,51.412721,45,Slight,2,1,2018-10-07,Sunday,18:35,Spelthorne,E10000030,6,0,6,30.0,3,1,6,0,,,1,1,1,0,0,1,1,E01030722,3,1,10/07/2018,10/07/2018,1,9,0,9,,2,0,0,0,0,,,5,Female,27,26 - 35,998,1,18,6,1,,2,1,1,1,32,6,3,0,0,0,0,0,4,1,3,2018.0,450309153,E07000213,0.0,0.0,2.0,2018.0,450309153,5.0,1.0,0.0,4.0,1.0,-1,2018.0,450309153,2018,10,1,18
432078,2018450310077,507125.0,167981.0,-0.461411,51.400754,45,Serious,2,1,2018-07-13,Friday,20:25,Spelthorne,E10000030,4,376,6,30.0,0,-1,-1,-1,,,1,1,1,0,0,1,1,E01030724,2,2,13/07/2018,13/07/2018,1,9,0,15,,0,0,0,0,0,,,5,Male,21,21 - 25,2000,1,12,9,1,,2,1,1,1,13,3,2,0,0,0,0,0,1,1,6,2018.0,450310077,E07000213,0.0,0.0,2.0,2018.0,450310077,3.0,7.0,0.0,1.0,1.0,-1,2018.0,450310077,2018,7,2,20
432107,2018450310553,509544.0,171078.0,-0.425693,51.42813,45,Serious,2,2,2018-07-16,Monday,18:23,Spelthorne,E10000030,6,0,6,30.0,0,-1,-1,-1,,,1,1,1,0,0,1,1,E01030750,2,2,16/07/2018,16/07/2018,1,5,0,18,,0,2,12,0,0,,,2,Male,21,21 - 25,599,1,18,7,1,,1,1,3,2,12,3,2,5,1,0,0,0,0,1,6,2018.0,450310553,E07000213,0.0,0.0,2.0,2018.0,450310553,3.0,7.0,0.0,1.0,1.0,-1,2018.0,450310553,2018,7,4,18
432151,2018450311991,522187.0,163197.0,-0.246631,51.354717,45,Serious,1,1,2018-07-21,Saturday,02:15,Epsom and Ewell,E10000030,3,240,3,40.0,0,-1,-1,-1,,,4,1,1,0,0,1,1,E01030390,2,2,21/07/2018,21/07/2018,1,4,0,18,,0,0,0,4,6,,,6,Male,18,16 - 20,124,1,7,7,1,,1,1,1,1,18,4,2,0,0,0,0,0,4,1,7,2018.0,450311991,E07000208,0.0,0.0,2.0,2018.0,450311991,1.0,1.0,0.0,1.0,1.0,-1,2018.0,450311991,2018,7,2,2
432172,2018450312487,509209.0,169641.0,-0.430953,51.415278,45,Serious,2,1,2018-07-23,Monday,18:00,Spelthorne,E10000030,3,244,6,40.0,0,-1,-1,-1,,,1,1,1,0,0,1,1,E01030752,2,2,23/07/2018,23/07/2018,1,4,0,18,,0,0,0,0,0,,,5,Male,23,21 - 25,100,1,10,6,1,,1,1,1,1,23,5,2,0,0,0,0,0,4,1,6,2018.0,450312487,E07000213,0.0,0.0,2.0,2018.0,450312487,1.0,5.0,0.0,1.0,1.0,-1,2018.0,450312487,2018,7,2,18
432185,2018450312890,508015.0,167463.0,-0.448779,51.39593,45,Slight,2,1,2018-07-24,Tuesday,19:00,Spelthorne,E10000030,4,3366,6,30.0,6,2,4,2,,,1,1,1,0,0,1,1,E01030733,3,1,24/07/2018,24/07/2018,1,9,0,18,,8,0,0,0,0,,,5,Male,17,16 - 20,1198,1,7,6,1,,1,1,1,1,17,4,3,0,0,0,0,0,9,1,6,2018.0,450312890,E07000213,0.0,5.0,2.0,2018.0,450312890,1.0,5.0,0.0,1.0,1.0,-1,2018.0,450312890,2018,7,1,19
432349,2018450317896,505721.0,170825.0,-0.480739,51.426581,45,Slight,2,1,2018-10-08,Monday,23:25,Spelthorne,E10000030,6,0,6,30.0,3,2,6,0,,,4,1,2,0,0,1,1,E01030740,3,1,10/08/2018,10/08/2018,1,9,0,18,,1,0,0,0,0,,,1,Male,17,16 - 20,1229,1,10,9,1,,2,1,2,1,17,4,3,0,0,0,4,0,11,1,2,2018.0,450317896,E07000213,2.0,5.0,2.0,2018.0,450317896,5.0,1.0,0.0,1.0,1.0,-1,2018.0,450317896,2018,10,1,23
432443,2018450321706,509992.0,170035.0,-0.419576,51.418669,45,Serious,1,1,2018-08-24,Friday,00:30,Spelthorne,E10000030,1,3,7,70.0,0,-1,-1,-1,,,4,1,1,0,0,1,1,E01030718,2,2,24/08/2018,24/08/2018,1,9,0,16,,0,0,6,0,0,,,5,Male,35,26 - 35,1598,2,5,4,3,,1,1,1,1,35,6,2,0,0,0,0,0,9,3,4,2018.0,450321706,E07000213,0.0,0.0,1.0,2018.0,450321706,7.0,3.0,0.0,1.0,1.0,-1,2018.0,450321706,2018,8,2,0
432456,2018450321835,520421.0,165091.0,-0.27134,51.372116,45,Serious,4,3,2018-08-25,Saturday,18:20,Epsom and Ewell,E10000030,3,240,3,40.0,9,2,4,284,,,1,1,1,0,0,1,1,E01030388,2,2,25/08/2018,25/08/2018,1,9,0,18,,1,0,0,4,1,,,5,Male,19,16 - 20,1248,2,11,6,1,,2,1,1,2,47,8,3,0,0,0,0,0,9,1,9,2018.0,450321835,E07000208,0.0,0.0,2.0,2018.0,450321835,8.0,4.0,0.0,1.0,1.0,-1,2018.0,450321835,2018,8,6,18
432548,2018450325365,506148.0,172639.0,-0.474056,51.442806,45,Slight,1,1,2018-09-09,Sunday,02:22,Spelthorne,E10000030,3,30,3,40.0,6,2,4,378,,,4,1,1,0,1,1,1,E01030707,3,1,09/09/2018,09/09/2018,1,9,0,9,,8,1,11,0,0,,,6,Male,23,21 - 25,1596,1,7,2,1,,1,1,1,1,23,5,3,0,0,0,0,0,9,1,2,2018.0,450325365,E07000213,0.0,0.0,1.0,2018.0,450325365,7.0,3.0,0.0,1.0,1.0,-1,2018.0,450325365,2018,9,1,2
432549,2018450325373,504387.0,171938.0,-0.499592,51.436832,45,Slight,2,2,2018-02-09,Friday,23:37,Spelthorne,E10000030,3,30,1,50.0,9,2,3,308,,,4,1,1,0,0,1,1,E01030734,3,1,02/09/2018,02/09/2018,1,9,0,9,,5,0,0,0,0,,,5,Male,21,21 - 25,1598,1,8,4,1,,2,1,1,1,26,6,3,0,0,0,0,0,9,1,6,2018.0,450325373,E07000213,0.0,0.0,1.0,2018.0,450325373,1.0,5.0,0.0,1.0,1.0,-1,2018.0,450325373,2018,2,2,23
432704,2018450330474,506730.0,171809.0,-0.465935,51.435236,45,Serious,2,2,2018-09-26,Wednesday,18:00,Spelthorne,E10000030,6,0,6,30.0,3,4,6,0,,,4,1,1,0,0,1,1,E01030712,2,2,26/09/2018,26/09/2018,1,3,0,18,,1,5,0,0,0,,,6,Male,18,16 - 20,125,1,3,4,1,,1,1,3,2,38,7,2,10,9,0,0,0,0,1,6,2018.0,450330474,E07000213,0.0,0.0,2.0,2018.0,450330474,3.0,7.0,0.0,1.0,1.0,-1,2018.0,450330474,2018,9,4,18
432713,2018450330857,509385.0,171095.0,-0.427974,51.428314,45,Slight,2,1,2018-09-27,Thursday,20:25,Spelthorne,E10000030,3,244,6,30.0,6,2,6,0,,,4,1,1,0,0,1,1,E01030699,3,1,27/09/2018,27/09/2018,1,3,0,9,,6,0,0,0,0,,,5,Male,18,16 - 20,124,1,0,4,1,,1,1,1,1,18,4,3,0,0,0,0,0,3,1,4,2018.0,450330857,E07000213,0.0,5.0,2.0,2018.0,450330857,5.0,7.0,0.0,4.0,1.0,-1,2018.0,450330857,2018,9,1,20
432747,2018450332082,522603.0,163677.0,-0.240494,51.358941,45,Slight,2,1,2018-09-28,Friday,18:25,Epsom and Ewell,E10000030,3,24,6,40.0,3,4,6,0,,,1,1,1,0,0,1,1,E01030407,3,1,28/09/2018,28/09/2018,1,9,0,9,,8,0,0,0,0,,,1,Male,30,26 - 35,1968,2,6,6,1,,2,1,1,1,40,7,3,0,0,0,0,0,5,1,8,2018.0,450332082,E07000208,0.0,8.0,2.0,2018.0,450332082,8.0,6.0,0.0,3.0,1.0,-1,2018.0,450332082,2018,9,1,18
432813,2018450334590,523858.0,162731.0,-0.222807,51.350167,45,Slight,2,1,2018-10-10,Wednesday,23:50,Epsom and Ewell,E10000030,3,232,6,30.0,3,4,6,0,,,4,1,1,0,0,1,1,E01030398,3,1,10/10/2018,10/10/2018,1,9,0,18,,1,0,0,0,0,,,5,Female,18,16 - 20,998,1,8,10,1,,1,1,1,2,18,4,3,0,0,0,0,0,9,1,10,2018.0,450334590,E07000208,0.0,4.0,2.0,2018.0,450334590,1.0,4.0,0.0,3.0,1.0,-1,2018.0,450334590,2018,10,1,23
432863,2018450336155,509483.0,170185.0,-0.426846,51.420115,45,Slight,2,1,2018-08-10,Friday,22:33,Spelthorne,E10000030,3,308,3,30.0,6,2,6,0,,,4,1,1,1,0,1,1,E01030752,3,1,08/10/2018,08/10/2018,1,9,0,18,,1,1,0,0,0,,,5,Male,29,26 - 35,-1,3,0,4,1,,2,2,1,1,39,7,3,0,0,0,0,0,9,1,3,2018.0,450336155,E07000213,0.0,5.0,2.0,2018.0,450336155,3.0,7.0,0.0,1.0,1.0,-1,2018.0,450336155,2018,8,1,22
432903,2018450337408,519709.0,160882.0,-0.282978,51.334437,45,Fatal,2,1,2018-10-21,Sunday,22:39,Epsom and Ewell,E10000030,4,280,6,30.0,0,-1,-1,-1,,,4,1,1,0,0,1,1,E01030404,1,3,21/10/2018,21/10/2018,1,5,0,17,,0,0,10,1,2,,,5,Male,16,16 - 20,847,1,4,9,1,,1,1,1,1,16,4,1,0,0,0,0,0,5,1,9,2018.0,450337408,E07000208,0.0,0.0,2.0,2018.0,450337408,3.0,7.0,9.0,1.0,1.0,-1,2018.0,450337408,2018,10,3,22
432928,2018450800673,507916.0,170794.0,-0.449188,51.425889,45,Slight,2,1,2018-10-24,Wednesday,23:45,Spelthorne,E10000030,6,0,6,30.0,0,-1,-1,-1,,,4,1,1,0,0,1,1,E01030697,3,1,24/10/2018,24/10/2018,1,9,0,18,,0,0,0,0,0,,,6,Male,19,16 - 20,1242,1,11,4,1,,1,1,1,1,19,4,3,0,0,0,0,0,9,1,4,2018.0,450800673,E07000213,0.0,0.0,2.0,2018.0,450800673,1.0,5.0,0.0,1.0,2.0,-1,2018.0,450800673,2018,10,1,23
432952,2018450800729,510221.0,168067.0,-0.416895,51.400935,45,Slight,2,1,2018-10-28,Sunday,21:50,Spelthorne,E10000030,6,0,6,30.0,7,4,6,0,,,4,1,1,0,0,1,1,E01030720,3,1,28/10/2018,28/10/2018,1,2,0,18,,1,0,0,0,0,,,5,Male,17,16 - 20,49,1,8,9,1,,1,1,1,1,17,4,3,0,0,0,0,0,2,1,9,2018.0,450800729,E07000213,0.0,0.0,2.0,2018.0,450800729,7.0,3.0,0.0,2.0,1.0,-1,2018.0,450800729,2018,10,1,21
433001,2018450800989,522304.0,164023.0,-0.244668,51.362115,45,Slight,1,1,2018-01-11,Thursday,21:05,Epsom and Ewell,E10000030,6,0,6,30.0,2,4,6,0,,,4,1,2,0,0,1,1,E01030406,3,1,01/11/2018,01/11/2018,1,9,0,18,,1,0,0,0,0,,,6,Not known,33,26 - 35,-1,-1,-1,-1,-1,,1,1,3,2,40,7,3,10,9,0,0,0,0,1,10,2018.0,450800989,E07000208,0.0,0.0,2.0,2018.0,450800989,1.0,5.0,0.0,4.0,1.0,-1,2018.0,450800989,2018,1,1,21
433008,2018450801009,521038.0,165270.0,-0.262419,51.373593,45,Slight,1,1,2018-10-26,Friday,20:05,Epsom and Ewell,E10000030,6,0,6,30.0,9,4,6,0,,,4,1,1,0,0,1,1,E01030388,3,1,26/10/2018,26/10/2018,1,3,0,18,,1,0,0,0,0,,,1,Male,29,26 - 35,108,1,1,8,1,,1,1,1,1,29,6,3,0,0,0,0,0,3,1,8,2018.0,450801009,E07000208,0.0,0.0,2.0,2018.0,450801009,3.0,1.0,0.0,1.0,1.0,-1,2018.0,450801009,2018,10,1,20
433191,2018450801870,520644.0,160058.0,-0.269841,51.326834,45,Slight,2,1,2018-11-21,Wednesday,19:05,Epsom and Ewell,E10000030,6,0,6,30.0,9,4,6,0,,,7,1,2,0,0,1,1,E01030419,3,1,21/11/2018,21/11/2018,1,9,0,18,,1,0,0,0,0,,,2,Not known,35,26 - 35,1299,1,11,6,1,,2,1,1,2,59,9,3,0,0,0,0,0,9,1,5,2018.0,450801870,E07000208,0.0,0.0,2.0,2018.0,450801870,5.0,1.0,0.0,1.0,1.0,-1,2018.0,450801870,2018,11,1,19
433351,2018450803311,520362.0,160027.0,-0.273897,51.326615,45,Slight,2,1,2018-11-30,Friday,22:00,Epsom and Ewell,E10000030,3,24,6,30.0,0,-1,-1,-1,,,1,1,1,0,0,1,2,E01030419,3,1,30/11/2018,30/11/2018,1,9,0,18,,0,0,0,0,0,,,6,Male,33,26 - 35,1197,1,4,10,1,,1,1,2,2,35,6,3,0,0,1,0,0,9,1,10,2018.0,450803311,E07000208,0.0,0.0,2.0,2018.0,450803311,1.0,4.0,0.0,1.0,1.0,-1,2018.0,450803311,2018,11,1,22
433440,2018450804130,522290.0,162348.0,-0.245443,51.347064,45,Slight,2,1,2018-12-18,Tuesday,22:43,Epsom and Ewell,E10000030,3,24,3,40.0,6,2,6,0,,,4,2,2,0,0,1,1,E01030392,3,1,18/12/2018,18/12/2018,1,9,0,9,,8,0,0,0,0,,,5,Female,19,16 - 20,998,1,7,10,1,,2,1,1,2,57,9,3,0,0,0,0,0,9,1,10,2018.0,450804130,E07000208,0.0,4.0,2.0,2018.0,450804130,1.0,7.0,0.0,1.0,1.0,-1,2018.0,450804130,2018,12,1,22
433538,2018450805206,521509.0,160980.0,-0.257118,51.334937,45,Slight,2,1,2018-12-29,Saturday,23:30,Epsom and Ewell,E10000030,3,2022,6,30.0,3,4,6,0,,,4,1,1,0,0,1,1,E01030382,3,1,29/12/2018,29/12/2018,1,9,0,5,,8,0,0,0,0,,,5,Female,28,26 - 35,2143,2,5,10,1,,1,1,1,2,28,6,3,0,0,0,0,0,9,1,10,2018.0,450805206,E07000208,0.0,0.0,2.0,2018.0,450805206,5.0,1.0,0.0,4.0,1.0,-1,2018.0,450805206,2018,12,1,23
433876,2018460264166,551698.0,172127.0,0.180695,51.42785,46,Slight,2,1,2018-01-28,Sunday,05:32,Dartford,E10000016,6,0,6,30.0,3,4,6,0,,,4,1,1,0,0,1,1,E01024153,3,1,28/01/2018,28/01/2018,1,9,0,7,,1,0,0,0,0,,,6,Male,20,16 - 20,1198,1,7,5,2,,2,1,1,1,60,9,3,0,0,0,0,0,19,1,2,2018.0,460264166,E07000107,0.0,0.0,2.0,2018.0,460264166,2.0,6.0,0.0,1.0,1.0,-1,2018.0,460264166,2018,1,1,5
434163,2018460273431,553878.0,174706.0,0.213149,51.450435,46,Slight,2,1,2018-02-20,Tuesday,22:23,Dartford,E10000016,6,0,6,30.0,0,-1,-1,-1,,,1,1,1,0,0,1,2,E01024180,3,1,20/02/2018,20/02/2018,1,9,0,9,,0,0,0,0,0,,,1,Male,35,26 - 35,1598,2,2,1,1,,2,1,1,1,28,6,3,0,0,0,0,0,1,1,4,2018.0,460273431,E07000107,0.0,0.0,2.0,2018.0,460273431,8.0,1.0,0.0,1.0,1.0,-1,2018.0,460273431,2018,2,1,22
434587,2018460284402,555710.0,173525.0,0.238974,51.439323,46,Slight,1,1,2018-01-04,Thursday,23:40,Dartford,E10000016,3,282,3,60.0,0,-1,-1,-1,,,4,2,2,0,0,1,1,E01024138,3,1,01/04/2018,01/04/2018,1,9,0,18,,0,1,0,0,0,,,5,Male,23,21 - 25,1968,2,9,4,3,,1,1,1,1,23,5,3,0,0,0,0,0,9,3,4,2018.0,460284402,E07000107,0.0,0.0,1.0,2018.0,460284402,1.0,5.0,0.0,1.0,1.0,-1,2018.0,460284402,2018,1,1,23
434637,2018460285434,554910.0,173879.0,0.227627,51.442723,46,Slight,2,1,2018-02-04,Sunday,21:30,Dartford,E10000016,3,226,6,30.0,3,4,6,0,,,4,2,2,0,0,1,1,E01024161,3,1,02/04/2018,02/04/2018,1,9,0,13,,1,0,0,0,0,,,1,Female,25,21 - 25,-1,-1,-1,7,1,,2,1,1,2,18,4,3,0,0,0,0,0,9,1,6,2018.0,460285434,E07000107,0.0,0.0,2.0,2018.0,460285434,3.0,7.0,0.0,1.0,1.0,-1,2018.0,460285434,2018,2,1,21
434647,2018460285545,554057.0,173852.0,0.215352,51.442713,46,Slight,1,1,2018-04-13,Friday,18:40,Dartford,E10000016,6,0,2,30.0,0,-1,-1,-1,,,1,1,1,0,0,1,2,E01024182,3,1,13/04/2018,13/04/2018,1,9,0,18,,0,0,0,0,0,,,6,Female,22,21 - 25,998,1,3,6,1,,1,1,3,1,87,11,3,1,1,0,0,0,0,1,9,2018.0,460285545,E07000107,0.0,4.0,2.0,2018.0,460285545,3.0,7.0,0.0,4.0,1.0,-1,2018.0,460285545,2018,4,1,18
434974,2018460294727,555774.0,173392.0,0.239835,51.438111,46,Slight,2,1,2018-08-05,Sunday,21:30,Dartford,E10000016,6,0,1,30.0,1,-1,3,296,,,4,1,1,0,0,1,2,E01024138,3,1,08/05/2018,08/05/2018,1,9,0,11,,3,0,0,0,0,,,6,Male,27,26 - 35,2143,2,0,6,1,,2,1,1,2,29,6,3,0,0,0,0,0,9,1,4,2018.0,460294727,E07000107,0.0,0.0,2.0,2018.0,460294727,1.0,5.0,0.0,4.0,1.0,-1,2018.0,460294727,2018,8,1,21
435444,2018460306854,553698.0,173889.0,0.210206,51.443143,46,Slight,1,1,2018-09-06,Thursday,21:03,Dartford,E10000016,6,0,6,30.0,0,-1,-1,-1,,,4,1,1,0,6,1,1,E01024185,3,1,09/06/2018,09/06/2018,1,2,0,5,,0,0,0,0,0,,,1,Male,24,21 - 25,49,1,2,4,1,,1,1,1,1,24,5,3,0,0,0,0,0,2,1,4,2018.0,460306854,E07000107,0.0,0.0,2.0,2018.0,460306854,1.0,5.0,0.0,0.0,1.0,-1,2018.0,460306854,2018,9,1,21
435606,2018460309229,552800.0,173570.0,0.197157,51.44052,46,Slight,2,1,2018-06-29,Friday,00:35,Dartford,E10000016,4,2174,6,40.0,0,-1,-1,-1,,,1,1,1,0,0,1,2,E01024145,3,1,29/06/2018,29/06/2018,1,9,0,18,,0,0,0,0,0,,,6,Female,19,16 - 20,1229,1,4,6,1,,2,1,1,1,63,9,3,0,0,0,0,0,8,1,10,2018.0,460309229,E07000107,0.0,0.0,2.0,2018.0,460309229,5.0,1.0,0.0,1.0,1.0,-1,2018.0,460309229,2018,6,1,0
435706,2018460312321,560509.0,174184.0,0.308261,51.443905,46,Slight,2,1,2018-07-07,Saturday,02:09,Dartford,E10000016,6,0,2,30.0,3,4,6,0,,,4,1,1,0,0,1,2,E01024176,3,1,07/07/2018,07/07/2018,1,9,0,18,,2,0,4,0,0,,,6,Female,26,26 - 35,1596,1,14,4,1,,1,1,1,2,26,6,3,0,0,0,0,0,9,1,4,2018.0,460312321,E07000107,0.0,0.0,2.0,2018.0,460312321,3.0,1.0,0.0,1.0,1.0,-1,2018.0,460312321,2018,7,1,2
436097,2018460319730,553587.0,174873.0,0.209036,51.452015,46,Slight,2,1,2018-01-08,Monday,05:35,Dartford,E10000016,6,0,6,30.0,0,-1,-1,-1,,,5,1,1,0,0,1,1,E01024181,3,1,01/08/2018,01/08/2018,1,9,0,1,,0,0,0,0,0,,,6,Female,27,26 - 35,2198,7,17,5,1,,2,1,1,1,33,6,3,0,0,0,0,0,1,1,5,2018.0,460319730,E07000107,0.0,0.0,2.0,2018.0,460319730,8.0,4.0,0.0,2.0,1.0,-1,2018.0,460319730,2018,1,1,5
436609,2018460332626,558128.0,175011.0,0.274397,51.452004,46,Slight,3,2,2018-09-14,Friday,01:04,Dartford,E10000016,6,0,7,30.0,0,-1,-1,-1,,,4,1,1,0,0,1,2,E01024172,3,1,14/09/2018,14/09/2018,1,2,0,5,,0,0,0,1,0,,,6,Male,18,16 - 20,49,1,12,5,2,,1,1,1,1,18,4,3,0,0,0,0,0,2,2,5,2018.0,460332626,E07000107,0.0,5.0,2.0,2018.0,460332626,7.0,3.0,0.0,1.0,1.0,-1,2018.0,460332626,2018,9,2,1
436643,2018460333095,554337.0,173946.0,0.219418,51.443482,46,Slight,2,1,2018-09-21,Friday,19:50,Dartford,E10000016,6,0,2,30.0,0,-1,-1,-1,,,4,1,1,0,0,1,2,E01024182,3,1,21/09/2018,21/09/2018,1,9,0,1,,0,0,0,0,0,,,6,Male,27,26 - 35,1999,1,9,3,1,,2,1,1,2,21,5,3,0,0,0,0,0,9,2,2,2018.0,460333095,E07000107,0.0,0.0,2.0,2018.0,460333095,4.0,7.0,0.0,2.0,1.0,-1,2018.0,460333095,2018,9,1,19
436789,2018460334924,554112.0,174544.0,0.216443,51.448916,46,Slight,1,1,2018-09-30,Sunday,00:01,Dartford,E10000016,6,0,6,30.0,0,-1,-1,-1,,,5,1,1,0,0,1,2,E01024181,3,1,30/09/2018,30/09/2018,1,9,0,-1,,0,-1,-1,-1,0,,,6,Male,33,26 - 35,1796,1,13,4,1,,1,1,1,1,33,6,3,0,0,0,0,0,9,1,4,2018.0,460334924,E07000107,-1.0,-1.0,2.0,2018.0,460334924,-1.0,-1.0,-1.0,-1.0,1.0,-1,2018.0,460334924,2018,9,1,0
437136,2018460343049,552920.0,173314.0,0.198772,51.438187,46,Serious,4,2,2018-11-11,Sunday,21:25,Dartford,E10000016,6,0,6,30.0,3,4,6,0,,,4,2,2,0,0,1,2,E01024145,2,2,11/11/2018,11/11/2018,1,9,0,18,,8,0,4,0,0,,,5,Male,25,21 - 25,1995,2,6,2,1,,1,1,1,1,25,5,3,0,0,0,0,0,9,1,2,2018.0,460343049,E07000107,0.0,0.0,2.0,2018.0,460343049,6.0,2.0,0.0,1.0,1.0,-1,2018.0,460343049,2018,11,4,21