,accident_index,location_easting_osgr,location_northing_osgr,longitude,latitude,police_force,accident_severity,number_of_vehicles,number_of_casualties,date,day_of_week,time,local_authority_district,local_authority_highway,first_road_class,first_road_number,road_type,speed_limit,junction_detail,junction_control,second_road_class,second_road_number,pedestrian_crossing-human_control,pedestrian_crossing-physical_facilities,light_conditions,weather_conditions,road_surface_conditions,special_conditions_at_site,carriageway_hazards,urban_or_rural_area,did_police_officer_attend_scene_of_accident,lsoa_of_accident_location,accident_severity_num,accident_severity_inv,date2,date_original,vehicle_reference_x,vehicle_type,towing_and_articulation,vehicle_manoeuvre,vehicle_location-restricted_lane,junction_location,skidding_and_overturning,hit_object_in_carriageway,vehicle_leaving_carriageway,hit_object_off_carriageway,1st_point_of_impact,was_vehicle_left_hand_drive?,journey_purpose_of_driver,sex_of_driver,age_of_driver,age_band_of_driver,engine_capacity_cc,propulsion_code,age_of_vehicle,driver_imd_decile,driver_home_area_type,vehicle_imd_decile,vehicle_reference_y,casualty_reference,casualty_class,sex_of_casualty,age_of_casualty,age_band_of_casualty,casualty_severity,pedestrian_location,pedestrian_movement,car_passenger,bus_or_coach_passenger,pedestrian_road_maintenance_worker,casualty_type,casualty_home_area_type,casualty_imd_decile,accident_year_x,accident_reference_x,local_authority_ons_district,pedestrian_crossing_human_control,pedestrian_crossing_physical_facilities,trunk_road_flag,accident_year_y,accident_reference_y,vehicle_direction_from,vehicle_direction_to,vehicle_location_restricted_lane,first_point_of_impact,vehicle_left_hand_drive,generic_make_model,accident_year,accident_reference,year,month,severity,hours
437147,2018460343536,553845.0,173940.0,0.212342,51.443561,46,Slight,1,1,2018-10-30,Tuesday,23:49,Dartford,E10000016,6,0,2,30.0,0,-1,-1,-1,,,4,1,1,0,0,1,1,E01024182,3,1,30/10/2018,30/10/2018,1,9,0,18,,0,0,0,0,0,,,6,Male,18,16 - 20,-1,-1,-1,3,1,,1,1,1,1,18,4,3,0,0,0,0,0,9,1,3,2018.0,460343536,E07000107,0.0,0.0,2.0,2018.0,460343536,3.0,1.0,0.0,1.0,1.0,-1,2018.0,460343536,2018,10,1,23
437191,2018460345198,553564.0,174191.0,0.20841,51.445893,46,Serious,1,1,2018-03-11,Sunday,21:10,Dartford,E10000016,3,226,6,30.0,3,2,6,0,,,4,1,1,0,0,1,1,E01024184,2,2,03/11/2018,03/11/2018,1,9,0,18,,1,0,0,0,0,,,6,Male,24,21 - 25,1999,1,2,3,1,,1,1,3,1,56,9,2,1,2,0,0,0,0,1,8,2018.0,460345198,E07000107,0.0,5.0,2.0,2018.0,460345198,7.0,3.0,0.0,0.0,1.0,-1,2018.0,460345198,2018,3,2,21
437221,2018460345799,553455.0,174204.0,0.206849,51.446039,46,Slight,2,1,2018-06-11,Monday,05:35,Dartford,E10000016,6,0,6,30.0,0,-1,-1,-1,,,7,1,1,0,0,1,2,E01024185,3,1,06/11/2018,06/11/2018,1,9,0,18,,0,0,0,0,0,,,6,Male,35,26 - 35,1781,1,14,5,1,,2,1,1,1,52,8,3,0,0,0,0,0,9,1,5,2018.0,460345799,E07000107,0.0,0.0,2.0,2018.0,460345799,1.0,5.0,0.0,1.0,1.0,-1,2018.0,460345799,2018,6,1,5
437392,2018460349169,556171.0,175357.0,0.246409,51.455656,46,Slight,2,1,2018-11-18,Sunday,02:03,Dartford,E10000016,3,282,3,50.0,0,-1,-1,-1,,,4,1,1,0,0,1,1,E01024172,3,1,18/11/2018,18/11/2018,1,9,0,4,,0,0,0,0,0,,,6,Male,29,26 - 35,1198,1,3,10,1,,1,1,1,1,29,6,3,0,0,0,0,0,9,1,10,2018.0,460349169,E07000107,0.0,0.0,1.0,2018.0,460349169,4.0,1.0,0.0,1.0,1.0,-1,2018.0,460349169,2018,11,1,2
437555,2018460351775,555383.0,173790.0,0.234389,51.441794,46,Slight,2,2,2018-11-30,Friday,18:30,Dartford,E10000016,3,226,1,30.0,1,2,4,2500,,,4,1,1,0,0,1,2,E01024161,3,1,30/11/2018,30/11/2018,1,9,0,15,,4,0,0,0,0,,,6,Male,23,21 - 25,1242,1,11,4,1,,2,1,1,1,31,6,3,0,0,0,0,0,9,1,3,2018.0,460351775,E07000107,0.0,4.0,2.0,2018.0,460351775,7.0,3.0,0.0,1.0,1.0,-1,2018.0,460351775,2018,11,2,18
437860,2018460354885,554791.0,173338.0,0.22568,51.437895,46,Slight,2,2,2018-12-19,Wednesday,20:34,Dartford,E10000016,6,0,3,40.0,3,4,6,0,,,4,2,2,0,0,1,1,E01024137,3,1,19/12/2018,19/12/2018,1,9,0,9,,1,0,0,0,0,,,6,Female,19,16 - 20,1229,1,13,6,2,,1,1,1,2,19,4,3,0,0,0,0,0,9,2,6,2018.0,460354885,E07000107,0.0,0.0,2.0,2018.0,460354885,2.0,6.0,0.0,1.0,1.0,-1,2018.0,460354885,2018,12,2,20
441974,2018480335984,,,,,48,Slight,1,1,2018-05-01,Tuesday,00:20,Hackney,E09000012,3,10,6,20.0,3,4,6,0,,,4,1,2,0,0,3,1,-1,3,1,05/01/2018,05/01/2018,1,3,0,18,,1,0,0,0,0,,,5,Male,26,26 - 35,124,1,1,3,1,,1,1,3,1,49,8,3,4,1,0,0,0,0,1,1,2018.0,480335984,E09000012,0.0,4.0,2.0,2018.0,480335984,5.0,1.0,0.0,1.0,1.0,-1,2018.0,480335984,2018,5,1,0
462511,2019010152270,530219.0,172463.0,-0.127949,51.436208,1,Slight,2,1,2019-01-15,Tuesday,21:45,Lambeth,E09000022,3,23,2,30.0,0,-1,-1,-1,,,4,1,1,0,0,1,3,E01003117,3,1,15/01/2019,15/01/2019,1,9,0,18,,0,9,99,9,99,,,6,Female,24,21 - 25,-1,-1,-1,3,1,,1,1,1,2,24,5,3,0,0,0,0,0,9,1,3,2019.0,010152270,E09000022,9.0,9.0,2.0,2019.0,010152270,9.0,9.0,99.0,1.0,9.0,-1,2019.0,010152270,2019,1,1,21
462513,2019010155192,525531.0,184605.0,-0.191044,51.546387,1,Serious,1,1,2019-01-01,Tuesday,01:20,Camden,E09000007,4,510,6,20.0,3,4,4,510,,,4,1,1,0,0,1,1,E01000973,2,2,01/01/2019,01/01/2019,1,9,0,18,,2,0,0,0,0,,,1,Male,32,26 - 35,-1,-1,-1,3,1,,1,1,3,1,68,10,2,5,4,0,0,0,0,1,4,2019.0,010155192,E09000007,0.0,0.0,2.0,2019.0,010155192,7.0,3.0,0.0,0.0,1.0,-1,2019.0,010155192,2019,1,2,1
462515,2019010155195,540188.0,185266.0,0.020461,51.548879,1,Slight,2,3,2019-01-01,Tuesday,02:45,Newham,E09000025,5,0,3,30.0,0,-1,-1,-1,,,4,1,1,0,0,1,1,E01003544,3,1,01/01/2019,01/01/2019,1,9,0,18,,0,0,0,0,0,,,6,Male,20,16 - 20,-1,-1,-1,4,1,,1,1,1,1,20,4,3,0,0,0,0,0,9,1,4,2019.0,010155195,E09000025,0.0,0.0,2.0,2019.0,010155195,7.0,3.0,0.0,1.0,1.0,-1,2019.0,010155195,2019,1,3,2
462517,2019010155198,532773.0,178460.0,-0.088978,51.489509,1,Slight,3,5,2019-01-01,Tuesday,02:10,Southwark,E09000028,6,0,6,20.0,3,4,6,0,,,4,1,1,0,0,1,1,E01003972,3,1,01/01/2019,01/01/2019,1,9,0,5,,2,0,0,0,0,,,6,Female,24,21 - 25,-1,-1,-1,5,1,,1,1,1,2,24,5,3,0,0,0,0,0,9,1,5,2019.0,010155198,E09000028,0.0,0.0,2.0,2019.0,010155198,7.0,3.0,0.0,1.0,1.0,-1,2019.0,010155198,2019,1,5,2
462519,2019010155207,522267.0,168185.0,-0.243769,51.399529,1,Slight,3,1,2019-01-01,Tuesday,04:30,Merton,E09000024,4,282,7,30.0,1,4,3,3,,,4,1,1,0,0,1,1,E01003469,3,1,01/01/2019,01/01/2019,1,8,0,18,,4,0,0,0,0,,,1,Male,34,26 - 35,-1,-1,-1,-1,-1,,1,1,1,1,34,6,3,0,0,0,0,0,8,-1,-1,2019.0,010155207,E09000024,0.0,0.0,2.0,2019.0,010155207,3.0,7.0,0.0,1.0,1.0,-1,2019.0,010155207,2019,1,1,4
462522,2019010155216,532724.0,185103.0,-0.087182,51.549218,1,Slight,1,1,2019-01-01,Tuesday,02:45,Islington,E09000019,3,105,3,20.0,9,3,6,0,,,4,1,1,0,0,1,1,E01002776,3,1,01/01/2019,01/01/2019,1,8,0,9,,6,0,0,0,0,,,2,Male,32,26 - 35,-1,-1,-1,1,1,,1,1,3,1,38,7,3,5,3,0,0,0,0,1,4,2019.0,010155216,E09000019,0.0,4.0,2.0,2019.0,010155216,7.0,3.0,0.0,1.0,1.0,-1,2019.0,010155216,2019,1,1,2
462524,2019010155220,527068.0,179060.0,-0.170889,51.49621,1,Slight,3,1,2019-01-01,Tuesday,00:20,Kensington and Chelsea,E09000020,3,4,3,30.0,0,-1,-1,-1,,,4,1,1,0,0,1,1,E01002821,3,1,01/01/2019,01/01/2019,1,8,0,3,,0,0,0,0,0,,,1,Male,29,26 - 35,-1,-1,-1,1,1,,1,1,1,1,29,6,3,0,0,0,0,0,8,1,1,2019.0,010155220,E09000020,0.0,0.0,2.0,2019.0,010155220,6.0,2.0,0.0,2.0,1.0,-1,2019.0,010155220,2019,1,1,0
462528,2019010155232,531510.0,167115.0,-0.111369,51.387849,1,Serious,2,1,2019-01-01,Tuesday,05:54,Croydon,E09000008,3,235,6,30.0,3,4,6,0,,,7,8,1,0,0,1,3,E01001181,2,2,01/01/2019,01/01/2019,1,8,0,99,,9,9,99,9,99,,,6,Male,26,26 - 35,-1,-1,-1,6,1,,1,1,1,1,26,6,2,0,0,0,0,0,8,1,6,2019.0,010155232,E09000008,0.0,0.0,2.0,2019.0,010155232,9.0,9.0,99.0,9.0,9.0,-1,2019.0,010155232,2019,1,2,5
462545,2019010155305,533854.0,182488.0,-0.071888,51.525452,1,Slight,2,1,2019-01-01,Tuesday,19:53,Tower Hamlets,E09000030,5,0,6,20.0,6,4,6,0,,,4,1,1,0,0,1,1,E01004315,3,1,01/01/2019,01/01/2019,1,4,0,4,,8,0,0,0,0,,,1,Male,32,26 - 35,-1,-1,-1,2,1,,1,1,1,1,32,6,3,0,0,0,0,0,4,1,2,2019.0,010155305,E09000030,0.0,0.0,2.0,2019.0,010155305,0.0,5.0,0.0,1.0,1.0,-1,2019.0,010155305,2019,1,1,19
462552,2019010155334,512229.0,176100.0,-0.385498,51.472743,1,Slight,1,1,2019-01-01,Tuesday,23:43,Hounslow,E09000018,3,3006,6,30.0,3,4,6,0,,,4,1,1,0,0,1,1,E01002624,3,1,01/01/2019,01/01/2019,1,9,0,18,,2,0,0,0,0,,,1,Male,22,21 - 25,-1,-1,-1,3,1,,1,1,3,2,21,5,3,1,3,0,0,0,0,-1,-1,2019.0,010155334,E09000018,0.0,4.0,2.0,2019.0,010155334,8.0,4.0,0.0,3.0,1.0,-1,2019.0,010155334,2019,1,1,23
462561,2019010155400,517742.0,191177.0,-0.301117,51.60713,1,Slight,2,1,2019-01-01,Tuesday,20:10,Harrow,E09000015,3,4140,3,30.0,6,2,5,0,,,7,1,1,0,0,1,3,E01002110,3,1,01/01/2019,01/01/2019,1,9,0,99,,9,9,99,9,99,,,2,Male,25,21 - 25,-1,-1,-1,6,1,,1,1,1,1,25,5,3,0,0,0,0,0,9,1,6,2019.0,010155400,E09000015,0.0,5.0,2.0,2019.0,010155400,9.0,9.0,99.0,2.0,9.0,-1,2019.0,010155400,2019,1,1,20
462569,2019010155441,533179.0,187486.0,-0.079723,51.570525,1,Slight,1,1,2019-02-01,Friday,18:18,Hackney,E09000012,5,0,6,20.0,3,4,6,0,,,4,1,1,0,0,1,1,E01001812,3,1,02/01/2019,02/01/2019,1,9,0,5,,1,0,0,0,0,,,6,Male,20,16 - 20,-1,-1,-1,2,1,,1,1,3,1,11,3,3,5,3,0,0,0,0,1,3,2019.0,010155441,E09000012,0.0,0.0,2.0,2019.0,010155441,1.0,5.0,0.0,1.0,1.0,-1,2019.0,010155441,2019,2,1,18
462579,2019010155464,525168.0,177238.0,-0.19889,51.480259,1,Slight,2,1,2019-02-01,Friday,19:03,Hammersmith and Fulham,E09000013,4,317,6,20.0,2,9,3,304,,,7,1,1,0,9,1,3,E01001953,3,1,02/01/2019,02/01/2019,1,9,0,99,,9,9,99,9,99,,,2,Female,32,26 - 35,-1,-1,-1,4,1,,1,1,1,2,32,6,3,0,0,0,0,0,9,1,4,2019.0,010155464,E09000013,0.0,1.0,2.0,2019.0,010155464,9.0,9.0,99.0,2.0,9.0,-1,2019.0,010155464,2019,2,1,19
462581,2019010155466,516821.0,180473.0,-0.317965,51.511118,1,Slight,2,1,2019-02-01,Friday,19:42,Ealing,E09000009,3,4020,6,30.0,9,4,6,0,,,4,1,1,0,0,1,1,E01001388,3,1,02/01/2019,02/01/2019,1,9,0,11,,8,0,0,0,0,,,6,Male,33,26 - 35,-1,-1,-1,8,1,,2,1,1,1,30,6,3,0,0,0,0,0,3,1,5,2019.0,010155466,E09000009,0.0,0.0,2.0,2019.0,010155466,3.0,7.0,2.0,4.0,1.0,-1,2019.0,010155466,2019,2,1,19
462582,2019010155469,538940.0,184869.0,0.002318,51.54562,1,Serious,1,1,2019-02-01,Friday,18:32,Newham,E09000025,6,0,2,20.0,8,4,6,0,,,4,1,1,0,0,1,1,E01003617,2,2,02/01/2019,02/01/2019,1,9,0,10,,2,0,0,0,0,,,6,Male,30,26 - 35,-1,-1,-1,6,1,,1,1,3,2,53,8,2,6,9,0,0,0,0,1,3,2019.0,010155469,E09000025,0.0,0.0,2.0,2019.0,010155469,0.0,0.0,9.0,1.0,1.0,-1,2019.0,010155469,2019,2,2,18
462583,2019010155472,518163.0,169466.0,-0.302311,51.411912,1,Serious,2,1,2019-02-01,Friday,19:45,Kingston upon Thames,E09000021,6,0,2,20.0,8,4,6,0,,,4,1,1,0,0,1,1,E01002968,2,2,02/01/2019,02/01/2019,1,9,0,18,,0,0,0,0,0,,,6,Male,21,21 - 25,-1,-1,-1,-1,-1,,2,1,1,1,70,10,2,0,0,0,0,0,1,1,10,2019.0,010155472,E09000021,0.0,0.0,2.0,2019.0,010155472,9.0,9.0,0.0,1.0,1.0,-1,2019.0,010155472,2019,2,2,19
462588,2019010155487,536925.0,181069.0,-0.028199,51.511964,1,Slight,2,1,2019-03-01,Friday,01:20,Tower Hamlets,E09000030,3,13,3,30.0,6,2,3,1205,,,4,1,1,0,0,1,1,E01004254,3,1,03/01/2019,03/01/2019,1,9,0,3,,1,0,0,0,0,,,6,Female,27,26 - 35,-1,-1,-1,5,1,,1,1,1,2,27,6,3,0,0,0,0,0,9,1,5,2019.0,010155487,E09000030,0.0,5.0,2.0,2019.0,010155487,7.0,3.0,0.0,2.0,1.0,-1,2019.0,010155487,2019,3,1,1
462593,2019010155519,547804.0,185808.0,0.130449,51.551806,1,Slight,2,1,2019-02-01,Friday,18:10,Barking and Dagenham,E09000002,5,0,6,30.0,99,2,3,124,,,4,1,1,0,0,1,3,E01000078,3,1,02/01/2019,02/01/2019,1,9,0,99,,9,9,99,9,99,,,6,Male,33,26 - 35,-1,-1,-1,9,1,,1,1,1,1,33,6,3,0,0,0,0,0,9,1,9,2019.0,010155519,E09000002,0.0,5.0,2.0,2019.0,010155519,9.0,9.0,99.0,9.0,9.0,-1,2019.0,010155519,2019,2,1,18
462609,2019010155627,520571.0,179155.0,-0.264403,51.498486,1,Serious,2,1,2019-03-01,Friday,18:45,Ealing,E09000009,4,490,6,30.0,3,4,6,0,,,1,1,1,0,0,1,1,E01032572,2,2,03/01/2019,03/01/2019,1,3,0,18,,8,0,0,0,0,,,1,Male,25,21 - 25,125,1,1,-1,-1,,1,1,1,1,25,5,2,0,0,0,0,0,3,-1,-1,2019.0,010155627,E09000009,0.0,0.0,2.0,2019.0,010155627,5.0,1.0,0.0,4.0,1.0,-1,2019.0,010155627,2019,3,2,18
462614,2019010155646,528345.0,171358.0,-0.155295,51.426704,1,Slight,2,1,2019-03-01,Friday,21:36,Wandsworth,E09000032,5,0,6,20.0,3,4,6,0,,,4,1,1,0,0,1,1,E01004528,3,1,03/01/2019,03/01/2019,1,2,0,18,,1,0,0,0,0,,,1,Male,24,21 - 25,-1,-1,-1,5,1,,1,1,1,1,24,5,3,0,0,0,0,0,2,1,5,2019.0,010155646,E09000032,0.0,0.0,2.0,2019.0,010155646,7.0,3.0,0.0,3.0,1.0,-1,2019.0,010155646,2019,3,1,21
462634,2019010155741,543386.0,186092.0,0.066888,51.555498,1,Serious,1,1,2019-03-01,Friday,03:40,Redbridge,E09000026,3,406,9,30.0,99,4,3,118,,,1,1,1,0,0,1,3,E01003728,2,2,03/01/2019,03/01/2019,1,9,0,99,,9,9,99,9,99,,,6,Female,23,21 - 25,-1,-1,-1,2,1,,1,1,1,2,23,5,2,0,0,0,0,0,9,1,2,2019.0,010155741,E09000026,9.0,9.0,2.0,2019.0,010155741,9.0,9.0,99.0,2.0,9.0,-1,2019.0,010155741,2019,3,2,3
462648,2019010155797,529385.0,186789.0,-0.134691,51.565145,1,Slight,1,2,2019-04-01,Monday,18:48,Islington,E09000019,3,400,3,20.0,0,-1,-1,-1,,,4,1,1,0,0,1,1,E01002770,3,1,04/01/2019,04/01/2019,1,5,0,18,,0,5,0,0,0,,,2,Male,22,21 - 25,-1,-1,-1,9,1,,1,1,1,1,22,5,3,0,0,0,0,0,5,1,9,2019.0,010155797,E09000019,0.0,5.0,2.0,2019.0,010155797,7.0,3.0,0.0,1.0,1.0,-1,2019.0,010155797,2019,4,2,18
462649,2019010155799,526484.0,166217.0,-0.18388,51.380919,1,Slight,2,1,2019-04-01,Monday,19:00,Sutton,E09000029,4,278,6,30.0,3,2,6,0,,,4,1,1,0,0,1,1,E01004123,3,1,04/01/2019,04/01/2019,1,9,0,4,,1,0,0,0,0,,,6,Female,19,16 - 20,-1,-1,-1,7,1,,1,1,1,2,19,4,3,0,0,0,0,0,9,1,7,2019.0,010155799,E09000029,1.0,5.0,2.0,2019.0,010155799,5.0,1.0,0.0,2.0,1.0,-1,2019.0,010155799,2019,4,1,19
462654,2019010155808,528803.0,174417.0,-0.147599,51.454092,1,Slight,1,1,2019-03-01,Friday,18:00,Lambeth,E09000022,3,205,6,30.0,0,-1,-1,-1,,,4,1,1,0,0,1,3,E01003030,3,1,03/01/2019,03/01/2019,1,9,0,99,,0,9,99,9,99,,,6,Male,30,26 - 35,-1,-1,-1,7,1,,1,1,1,1,30,6,3,0,0,0,0,0,9,1,7,2019.0,010155808,E09000022,0.0,5.0,2.0,2019.0,010155808,9.0,9.0,99.0,9.0,9.0,-1,2019.0,010155808,2019,3,1,18
462659,2019010155823,534411.0,175432.0,-0.06655,51.461911,1,Slight,2,1,2019-04-01,Monday,18:00,Southwark,E09000028,4,238,6,30.0,6,2,3,2214,,,4,1,1,0,0,1,3,E01004021,3,1,04/01/2019,04/01/2019,1,3,0,99,,9,9,99,9,99,,,6,Male,22,21 - 25,-1,-1,-1,8,1,,1,1,1,1,22,5,3,0,0,0,0,0,3,1,8,2019.0,010155823,E09000028,0.0,5.0,2.0,2019.0,010155823,9.0,9.0,99.0,1.0,1.0,-1,2019.0,010155823,2019,4,1,18
462661,2019010155827,522629.0,187258.0,-0.231948,51.570868,1,Slight,2,1,2019-04-01,Monday,21:22,Barnet,E09000003,3,5,1,30.0,1,2,3,406,,,4,1,2,0,0,1,1,E01000223,3,1,04/01/2019,04/01/2019,1,9,0,18,,3,0,0,0,0,,,2,Male,27,26 - 35,-1,-1,-1,-1,-1,,2,1,1,1,20,4,3,0,0,0,0,0,5,-1,-1,2019.0,010155827,E09000003,0.0,0.0,2.0,2019.0,010155827,3.0,7.0,0.0,0.0,1.0,-1,2019.0,010155827,2019,4,1,21
462662,2019010155830,525637.0,191003.0,-0.187229,51.603862,1,Slight,3,1,2019-04-01,Monday,23:33,Barnet,E09000003,6,0,6,30.0,3,4,6,0,,,4,1,1,0,0,1,1,E01000298,3,1,04/01/2019,04/01/2019,1,3,0,18,,5,2,0,0,0,,,2,Male,29,26 - 35,-1,-1,-1,5,1,,1,1,1,1,29,6,3,0,0,0,0,0,3,1,5,2019.0,010155830,E09000003,0.0,0.0,2.0,2019.0,010155830,5.0,1.0,0.0,2.0,1.0,-1,2019.0,010155830,2019,4,1,23
462665,2019010155834,549083.0,177129.0,0.145216,51.473488,1,Slight,2,2,2019-04-01,Monday,20:45,Bexley,E09000004,5,0,1,30.0,2,4,5,0,,,4,1,1,0,0,1,1,E01000440,3,1,04/01/2019,04/01/2019,1,9,0,18,,3,0,0,0,0,,,6,Female,24,21 - 25,-1,-1,-1,9,1,,1,1,1,2,24,5,3,0,0,0,0,0,9,1,9,2019.0,010155834,E09000004,0.0,0.0,2.0,2019.0,010155834,7.0,3.0,0.0,1.0,1.0,-1,2019.0,010155834,2019,4,2,20
462669,2019010155850,511680.0,183154.0,-0.391168,51.536253,1,Slight,2,1,2019-03-01,Friday,20:25,Ealing,E09000009,3,312,1,30.0,1,2,3,312,,,4,8,1,0,0,1,3,E01001328,3,1,03/01/2019,03/01/2019,1,9,0,99,,9,9,99,9,99,,,6,Male,35,26 - 35,-1,-1,-1,2,1,,1,1,1,1,35,6,3,0,0,0,0,0,9,1,2,2019.0,010155850,E09000009,9.0,1.0,2.0,2019.0,010155850,9.0,9.0,99.0,2.0,9.0,-1,2019.0,010155850,2019,3,1,20
462686,2019010155922,535113.0,179566.0,-0.05487,51.498894,1,Slight,2,1,2019-05-01,Wednesday,19:15,Southwark,E09000028,3,101,1,30.0,1,4,3,200,,,4,1,1,0,0,1,1,E01004033,3,1,05/01/2019,05/01/2019,1,9,0,5,,4,0,0,0,0,,,6,Male,32,26 - 35,-1,-1,-1,9,1,,1,1,2,2,10,2,3,0,0,2,0,0,9,1,4,2019.0,010155922,E09000028,0.0,1.0,2.0,2019.0,010155922,5.0,5.0,0.0,1.0,1.0,-1,2019.0,010155922,2019,5,1,19
462687,2019010155924,533064.0,183228.0,-0.08299,51.532288,1,Serious,2,1,2019-05-01,Wednesday,19:25,Hackney,E09000012,5,0,6,30.0,3,3,6,0,,,4,1,1,0,0,1,1,E01001784,2,2,05/01/2019,05/01/2019,1,9,0,7,,1,0,0,0,0,,,6,Male,24,21 - 25,-1,-1,-1,1,1,,2,1,1,1,42,7,2,0,0,0,0,0,1,1,2,2019.0,010155924,E09000012,1.0,0.0,2.0,2019.0,010155924,5.0,1.0,0.0,1.0,1.0,-1,2019.0,010155924,2019,5,2,19
462691,2019010155933,540064.0,183322.0,0.017901,51.531441,1,Slight,2,2,2019-05-01,Wednesday,20:40,Newham,E09000025,3,112,6,30.0,0,-1,-1,-1,,,4,1,1,0,0,1,1,E01003630,3,1,05/01/2019,05/01/2019,1,4,0,18,,0,0,0,0,0,,,1,Male,25,21 - 25,-1,-1,-1,4,1,,1,1,1,1,25,5,3,0,0,0,0,0,4,1,4,2019.0,010155933,E09000025,0.0,1.0,2.0,2019.0,010155933,1.0,5.0,0.0,1.0,1.0,-1,2019.0,010155933,2019,5,2,20
462696,2019010155956,535566.0,174487.0,-0.050296,51.453143,1,Slight,1,1,2019-06-01,Saturday,01:50,Southwark,E09000028,6,0,6,20.0,0,-1,-1,-1,,,4,1,1,0,0,1,1,E01004016,3,1,06/01/2019,06/01/2019,1,9,0,18,,0,0,0,7,4,,,6,Male,24,21 - 25,-1,-1,-1,3,1,,1,1,1,1,24,5,3,0,0,0,0,0,9,1,3,2019.0,010155956,E09000028,0.0,0.0,2.0,2019.0,010155956,3.0,7.0,0.0,1.0,1.0,-1,2019.0,010155956,2019,6,1,1
462697,2019010155958,532332.0,165231.0,-0.100263,51.370727,1,Slight,1,1,2019-06-01,Saturday,04:05,Croydon,E09000008,3,232,9,40.0,9,4,6,0,,,4,1,1,0,0,1,3,E01001043,3,1,06/01/2019,06/01/2019,1,9,0,99,,9,9,99,9,99,,,2,Male,21,21 - 25,-1,-1,-1,2,1,,1,1,1,1,21,5,3,0,0,0,0,0,9,1,2,2019.0,010155958,E09000008,9.0,9.0,2.0,2019.0,010155958,9.0,9.0,99.0,3.0,9.0,-1,2019.0,010155958,2019,6,1,4
462705,2019010155982,551228.0,190413.0,0.181777,51.592277,1,Serious,2,4,2019-05-01,Wednesday,21:15,Havering,E09000016,3,12,3,50.0,6,2,5,0,,,4,1,1,0,0,1,1,E01002334,2,2,05/01/2019,05/01/2019,1,9,0,9,,8,0,0,0,0,,,6,Male,27,26 - 35,-1,-1,-1,8,1,,1,1,1,1,27,6,3,0,0,0,0,0,9,1,8,2019.0,010155982,E09000016,0.0,8.0,2.0,2019.0,010155982,5.0,7.0,0.0,1.0,2.0,-1,2019.0,010155982,2019,5,8,21
462718,2019010156029,540984.0,182888.0,0.030982,51.527312,1,Slight,2,1,2019-05-01,Wednesday,20:02,Newham,E09000025,3,124,6,30.0,0,-1,-1,-1,,,7,1,1,0,0,1,3,E01003606,3,1,05/01/2019,05/01/2019,1,9,0,99,,0,9,99,9,99,,,6,Male,34,26 - 35,-1,-1,-1,7,1,,1,1,1,1,34,6,3,0,0,0,0,0,9,1,7,2019.0,010156029,E09000025,9.0,9.0,2.0,2019.0,010156029,9.0,9.0,99.0,9.0,9.0,-1,2019.0,010156029,2019,5,1,20
462721,2019010156044,530434.0,173444.0,-0.124497,51.444975,1,Slight,2,1,2019-06-01,Saturday,02:50,Lambeth,E09000022,3,23,3,30.0,7,2,3,205,,,4,1,1,0,0,1,1,E01003137,3,1,06/01/2019,06/01/2019,1,9,0,18,,1,0,0,0,0,,,6,Male,31,26 - 35,-1,-1,-1,3,1,,2,1,1,1,34,6,3,0,0,0,0,0,9,1,3,2019.0,010156044,E09000022,2.0,0.0,2.0,2019.0,010156044,5.0,1.0,0.0,1.0,1.0,-1,2019.0,010156044,2019,6,1,2
462735,2019010156078,529375.0,163081.0,-0.143502,51.352085,1,Slight,2,1,2019-05-01,Wednesday,20:30,Sutton,E09000029,5,0,1,30.0,3,4,6,0,,,7,1,1,0,0,1,3,E01004084,3,1,05/01/2019,05/01/2019,1,9,0,99,,8,0,0,0,0,,,6,Male,33,26 - 35,-1,-1,-1,9,3,,1,1,1,1,33,6,3,0,0,0,0,0,9,3,9,2019.0,010156078,E09000029,0.0,0.0,2.0,2019.0,010156078,9.0,9.0,0.0,1.0,9.0,-1,2019.0,010156078,2019,5,1,20
462766,2019010156209,536139.0,178504.0,-0.040508,51.489104,1,Slight,2,2,2019-07-01,Monday,21:43,Lewisham,E09000023,3,200,6,30.0,3,4,6,0,,,4,1,1,0,0,1,1,E01003250,3,1,07/01/2019,07/01/2019,1,3,0,18,,1,0,0,0,0,,,6,Male,19,16 - 20,-1,-1,-1,2,1,,1,1,1,1,19,4,3,0,0,0,0,0,3,1,2,2019.0,010156209,E09000023,0.0,0.0,2.0,2019.0,010156209,8.0,4.0,0.0,3.0,1.0,-1,2019.0,010156209,2019,7,2,21
462767,2019010156210,523863.0,185636.0,-0.214723,51.556021,1,Slight,2,1,2019-07-01,Monday,23:17,Brent,E09000005,3,5,6,30.0,0,-1,-1,-1,,,4,1,1,0,0,1,1,E01000556,3,1,07/01/2019,07/01/2019,1,9,0,6,,0,0,0,0,0,,,6,Male,23,21 - 25,-1,-1,-1,2,1,,2,1,1,1,32,6,3,0,0,0,0,0,4,1,2,2019.0,010156210,E09000005,0.0,5.0,2.0,2019.0,010156210,5.0,1.0,0.0,3.0,1.0,-1,2019.0,010156210,2019,7,1,23