,accident_index,location_easting_osgr,location_northing_osgr,longitude,latitude,police_force,accident_severity,number_of_vehicles,number_of_casualties,date,day_of_week,time,local_authority_district,local_authority_highway,first_road_class,first_road_number,road_type,speed_limit,junction_detail,junction_control,second_road_class,second_road_number,pedestrian_crossing-human_control,pedestrian_crossing-physical_facilities,light_conditions,weather_conditions,road_surface_conditions,special_conditions_at_site,carriageway_hazards,urban_or_rural_area,did_police_officer_attend_scene_of_accident,lsoa_of_accident_location,accident_severity_num,accident_severity_inv,date2,date_original,vehicle_reference_x,vehicle_type,towing_and_articulation,vehicle_manoeuvre,vehicle_location-restricted_lane,junction_location,skidding_and_overturning,hit_object_in_carriageway,vehicle_leaving_carriageway,hit_object_off_carriageway,1st_point_of_impact,was_vehicle_left_hand_drive?,journey_purpose_of_driver,sex_of_driver,age_of_driver,age_band_of_driver,engine_capacity_cc,propulsion_code,age_of_vehicle,driver_imd_decile,driver_home_area_type,vehicle_imd_decile,vehicle_reference_y,casualty_reference,casualty_class,sex_of_casualty,age_of_casualty,age_band_of_casualty,casualty_severity,pedestrian_location,pedestrian_movement,car_passenger,bus_or_coach_passenger,pedestrian_road_maintenance_worker,casualty_type,casualty_home_area_type,casualty_imd_decile,accident_year_x,accident_reference_x,local_authority_ons_district,pedestrian_crossing_human_control,pedestrian_crossing_physical_facilities,trunk_road_flag,accident_year_y,accident_reference_y,vehicle_direction_from,vehicle_direction_to,vehicle_location_restricted_lane,first_point_of_impact,vehicle_left_hand_drive,generic_make_model,accident_year,accident_reference,year,month,severity,hours
462771,2019010156218,530375.0,176375.0,-0.124266,51.471329,1,Slight,2,1,2019-07-01,Monday,20:10,Lambeth,E09000022,3,3,6,30.0,9,4,6,0,,,4,1,1,0,0,1,1,E01003128,3,1,07/01/2019,07/01/2019,1,3,0,5,,8,0,0,0,0,,,6,Male,25,21 - 25,-1,-1,-1,4,1,,1,1,1,1,25,5,3,0,0,0,0,0,3,1,4,2019.0,010156218,E09000022,0.0,4.0,2.0,2019.0,010156218,1.0,5.0,0.0,3.0,1.0,-1,2019.0,010156218,2019,7,1,20
462772,2019010156226,538111.0,187330.0,-0.008664,51.567938,1,Serious,2,3,2019-07-01,Monday,22:19,Waltham Forest,E09000031,3,112,6,30.0,3,2,5,0,,,4,1,1,0,1,1,1,E01004370,2,2,07/01/2019,07/01/2019,1,9,0,18,,2,0,0,0,0,,,6,Male,21,21 - 25,-1,-1,-1,2,1,,1,1,1,1,21,5,3,0,0,0,0,0,9,1,2,2019.0,010156226,E09000031,0.0,0.0,2.0,2019.0,010156226,1.0,5.0,0.0,1.0,1.0,-1,2019.0,010156226,2019,7,6,22
462803,2019010156379,526084.0,175292.0,-0.1864,51.462567,1,Slight,1,1,2019-08-01,Thursday,18:30,Wandsworth,E09000032,3,217,1,20.0,1,2,3,3205,,,4,8,1,0,0,1,3,E01004509,3,1,08/01/2019,08/01/2019,1,9,0,99,,9,9,99,9,99,,,6,Female,28,26 - 35,-1,-1,-1,4,1,,1,1,2,2,-1,-1,3,0,0,1,0,0,9,-1,-1,2019.0,010156379,E09000032,0.0,5.0,2.0,2019.0,010156379,9.0,9.0,99.0,2.0,9.0,-1,2019.0,010156379,2019,8,1,18
462806,2019010156384,538217.0,171817.0,-0.013208,51.428509,1,Serious,2,1,2019-08-01,Thursday,18:20,Lewisham,E09000023,3,21,3,30.0,6,2,3,2218,,,4,1,1,0,0,1,1,E01003352,2,2,08/01/2019,08/01/2019,1,9,0,9,,8,0,0,0,0,,,6,Male,31,26 - 35,-1,-1,-1,1,1,,2,1,1,1,26,6,2,0,0,0,0,0,9,1,5,2019.0,010156384,E09000023,0.0,5.0,2.0,2019.0,010156384,1.0,5.0,0.0,1.0,1.0,-1,2019.0,010156384,2019,8,2,18
462810,2019010156394,542795.0,182755.0,0.057016,51.525662,1,Slight,1,1,2019-08-01,Thursday,18:15,Newham,E09000025,6,0,6,30.0,3,4,3,117,,,4,1,1,0,0,1,1,E01003542,3,1,08/01/2019,08/01/2019,1,9,0,7,,5,0,0,0,0,,,6,Male,34,26 - 35,-1,-1,-1,2,1,,1,1,3,2,13,3,3,5,3,0,0,0,0,1,2,2019.0,010156394,E09000025,0.0,0.0,2.0,2019.0,010156394,1.0,5.0,0.0,1.0,1.0,-1,2019.0,010156394,2019,8,1,18
462813,2019010156400,530261.0,178973.0,-0.124949,51.494703,1,Slight,2,1,2019-08-01,Thursday,20:00,Westminster,E09000033,3,3212,1,30.0,1,4,3,3203,,,4,1,1,0,0,1,1,E01004745,3,1,08/01/2019,08/01/2019,1,3,0,3,,4,0,0,0,0,,,1,Male,29,26 - 35,-1,-1,-1,1,1,,1,1,1,1,29,6,3,0,0,0,0,0,3,1,1,2019.0,010156400,E09000033,0.0,1.0,2.0,2019.0,010156400,5.0,1.0,0.0,2.0,1.0,-1,2019.0,010156400,2019,8,1,20
462818,2019010156413,519172.0,184938.0,-0.282592,51.550757,1,Serious,2,3,2019-08-01,Thursday,20:42,Brent,E09000005,3,404,6,30.0,3,4,6,0,,,4,1,2,0,0,1,1,E01000617,2,2,08/01/2019,08/01/2019,1,9,0,14,,1,0,0,0,0,,,1,Male,29,26 - 35,-1,-1,-1,4,1,,1,1,1,1,29,6,3,0,0,0,0,0,9,1,4,2019.0,010156413,E09000005,0.0,0.0,2.0,2019.0,010156413,1.0,5.0,0.0,1.0,1.0,-1,2019.0,010156413,2019,8,6,20
462820,2019010156417,535236.0,171597.0,-0.056145,51.427251,1,Slight,1,1,2019-08-01,Thursday,19:43,Lewisham,E09000023,3,212,1,20.0,1,4,3,2216,,,4,1,1,0,0,1,1,E01003334,3,1,08/01/2019,08/01/2019,1,9,0,9,,3,0,0,1,0,,,6,Female,30,26 - 35,-1,-1,-1,2,1,,1,1,3,2,33,6,3,3,1,0,0,0,0,1,5,2019.0,010156417,E09000023,0.0,1.0,2.0,2019.0,010156417,5.0,3.0,9.0,1.0,1.0,-1,2019.0,010156417,2019,8,1,19
462824,2019010156430,531220.0,186592.0,-0.108306,51.562951,1,Slight,1,3,2019-08-01,Thursday,21:59,Islington,E09000019,3,503,6,30.0,3,2,6,0,,,7,8,9,0,0,1,3,E01002734,3,1,08/01/2019,08/01/2019,1,9,4,99,,9,9,99,9,99,,,6,Male,23,21 - 25,-1,-1,-1,2,1,,1,1,1,1,23,5,3,0,0,0,0,0,9,1,2,2019.0,010156430,E09000019,0.0,5.0,2.0,2019.0,010156430,9.0,9.0,99.0,9.0,9.0,-1,2019.0,010156430,2019,8,3,21
462826,2019010156433,537850.0,171531.0,-0.018595,51.426028,1,Slight,4,2,2019-09-01,Sunday,03:42,Lewisham,E09000023,3,2218,6,30.0,6,2,3,2218,,,4,1,1,0,0,1,1,E01003192,3,1,09/01/2019,09/01/2019,1,9,0,4,,5,0,10,0,0,,,1,Female,32,26 - 35,-1,-1,-1,7,1,,1,1,1,2,32,6,3,0,0,0,0,0,9,1,7,2019.0,010156433,E09000023,0.0,5.0,2.0,2019.0,010156433,5.0,3.0,0.0,1.0,1.0,-1,2019.0,010156433,2019,9,2,3
462827,2019010156434,517282.0,177289.0,-0.312383,51.482405,1,Slight,1,1,2019-05-01,Wednesday,00:34,Hounslow,E09000018,3,315,6,30.0,3,2,6,0,,,4,1,1,0,0,1,1,E01002684,3,1,05/01/2019,05/01/2019,1,9,0,17,,2,0,0,1,11,,,6,Female,27,26 - 35,-1,-1,-1,3,1,,1,1,1,2,27,6,3,0,0,0,0,0,9,1,3,2019.0,010156434,E09000018,0.0,5.0,2.0,2019.0,010156434,7.0,3.0,0.0,1.0,1.0,-1,2019.0,010156434,2019,5,1,0
462851,2019010156537,514062.0,182339.0,-0.357102,51.528452,1,Slight,2,1,2019-03-01,Friday,19:10,Ealing,E09000009,4,455,6,20.0,0,-1,-1,-1,,,4,1,1,0,0,1,3,E01001261,3,1,03/01/2019,03/01/2019,1,8,0,99,,0,9,99,9,99,,,6,Male,32,26 - 35,-1,-1,-1,4,1,,1,1,1,1,32,6,3,0,0,0,0,0,8,1,4,2019.0,010156537,E09000009,9.0,9.0,2.0,2019.0,010156537,9.0,9.0,99.0,2.0,9.0,-1,2019.0,010156537,2019,3,1,19
462861,2019010156576,530625.0,180875.0,-0.119005,51.511712,1,Serious,1,2,2019-09-01,Sunday,18:00,Westminster,E09000033,3,4,6,30.0,7,2,3,4,,,4,1,1,0,0,1,1,E01004735,2,2,09/01/2019,09/01/2019,1,5,0,18,,2,0,0,0,0,,,6,Male,31,26 - 35,-1,-1,-1,1,1,,1,1,1,1,31,6,2,0,0,0,0,0,5,1,1,2019.0,010156576,E09000033,0.0,5.0,2.0,2019.0,010156576,5.0,7.0,0.0,1.0,1.0,-1,2019.0,010156576,2019,9,4,18
462863,2019010156581,531164.0,182364.0,-0.110688,51.524968,1,Slight,2,1,2019-08-01,Thursday,19:30,Islington,E09000019,3,401,6,30.0,3,9,3,201,,,7,1,1,0,0,1,3,E01002726,3,1,08/01/2019,08/01/2019,1,9,0,99,,9,9,99,9,99,,,6,Female,33,26 - 35,-1,-1,-1,4,1,,1,1,1,2,33,6,3,0,0,0,0,0,9,1,4,2019.0,010156581,E09000019,0.0,5.0,2.0,2019.0,010156581,9.0,9.0,99.0,2.0,9.0,-1,2019.0,010156581,2019,8,1,19
462880,2019010156611,532392.0,166579.0,-0.0989,51.382827,1,Slight,2,1,2019-09-01,Sunday,18:48,Croydon,E09000008,3,222,6,30.0,9,4,3,212,,,4,1,1,0,0,1,3,E01001110,3,1,09/01/2019,09/01/2019,1,9,0,99,,9,9,99,9,99,,,6,Male,26,26 - 35,-1,-1,-1,9,1,,1,1,1,1,26,6,3,0,0,0,0,0,9,1,9,2019.0,010156611,E09000008,0.0,9.0,2.0,2019.0,010156611,9.0,9.0,99.0,3.0,9.0,-1,2019.0,010156611,2019,9,1,18
462883,2019010156624,529028.0,180311.0,-0.142212,51.50701,1,Serious,2,2,2019-09-01,Sunday,21:47,Westminster,E09000033,3,4,3,30.0,9,2,5,0,,,4,1,1,0,0,1,1,E01004736,2,2,09/01/2019,09/01/2019,1,9,0,9,,6,0,0,1,0,,,6,Male,23,21 - 25,-1,-1,-1,-1,-1,,1,1,3,1,48,8,2,6,9,0,0,0,0,1,4,2019.0,010156624,E09000033,0.0,5.0,2.0,2019.0,010156624,3.0,7.0,0.0,1.0,1.0,-1,2019.0,010156624,2019,9,4,21
462888,2019010156632,522007.0,189837.0,-0.240023,51.594181,1,Slight,2,2,2019-09-01,Sunday,23:15,Barnet,E09000003,6,0,6,30.0,3,4,6,0,,,4,1,1,0,0,1,1,E01033572,3,1,09/01/2019,09/01/2019,1,9,0,18,,1,0,0,0,0,,,6,Female,24,21 - 25,-1,-1,-1,1,1,,1,1,1,2,24,5,3,0,0,0,0,0,9,1,1,2019.0,010156632,E09000003,0.0,0.0,2.0,2019.0,010156632,5.0,1.0,0.0,2.0,1.0,-1,2019.0,010156632,2019,9,2,23
462890,2019010156637,528709.0,173131.0,-0.149418,51.442556,1,Serious,1,2,2019-09-01,Sunday,22:50,Wandsworth,E09000032,4,242,6,30.0,6,2,5,0,,,4,1,1,0,0,1,1,E01004474,2,2,09/01/2019,09/01/2019,1,4,0,18,,2,0,0,0,0,,,1,Male,23,21 - 25,-1,-1,-1,4,1,,1,1,1,1,23,5,3,0,0,0,0,0,4,1,4,2019.0,010156637,E09000032,0.0,5.0,2.0,2019.0,010156637,1.0,5.0,0.0,1.0,1.0,-1,2019.0,010156637,2019,9,4,22
462891,2019010156639,528848.0,194550.0,-0.139586,51.635013,1,Slight,2,1,2019-09-01,Sunday,22:06,Barnet,E09000003,4,1453,6,30.0,9,4,6,0,,,4,1,1,0,0,1,1,E01000115,3,1,09/01/2019,09/01/2019,1,3,0,18,,1,0,0,0,0,,,6,Male,27,26 - 35,-1,-1,-1,6,1,,1,1,1,1,27,6,3,0,0,0,0,0,3,1,6,2019.0,010156639,E09000003,0.0,0.0,2.0,2019.0,010156639,2.0,6.0,0.0,1.0,1.0,-1,2019.0,010156639,2019,9,1,22
462893,2019010156643,538932.0,173681.0,-0.0022,51.445085,1,Slight,2,1,2019-09-01,Sunday,23:35,Lewisham,E09000023,3,205,6,30.0,6,2,5,0,,,4,1,1,0,0,1,1,E01033320,3,1,09/01/2019,09/01/2019,1,4,0,5,,2,0,0,0,0,,,6,Male,24,21 - 25,-1,-1,-1,-1,-1,,1,1,1,1,24,5,3,0,0,0,0,0,4,-1,-1,2019.0,010156643,E09000023,0.0,0.0,2.0,2019.0,010156643,7.0,3.0,0.0,2.0,1.0,-1,2019.0,010156643,2019,9,1,23
462914,2019010156717,533062.0,172573.0,-0.087031,51.436536,1,Slight,2,2,2019-09-01,Sunday,18:00,Southwark,E09000028,6,0,9,20.0,99,9,6,0,,,4,1,1,0,9,1,3,E01003951,3,1,09/01/2019,09/01/2019,1,9,0,99,,9,9,99,9,99,,,6,Male,28,26 - 35,-1,-1,-1,2,1,,1,1,1,1,28,6,3,0,0,0,0,0,9,1,2,2019.0,010156717,E09000028,9.0,1.0,2.0,2019.0,010156717,9.0,9.0,99.0,2.0,9.0,-1,2019.0,010156717,2019,9,2,18
462936,2019010156794,531429.0,172985.0,-0.110358,51.44062,1,Slight,2,1,2019-10-01,Tuesday,19:50,Lambeth,E09000022,3,205,6,30.0,0,-1,-1,-1,,,7,1,1,0,0,1,3,E01003174,3,1,10/01/2019,10/01/2019,1,9,0,99,,0,9,99,9,99,,,6,Male,25,21 - 25,-1,-1,-1,2,1,,1,1,1,1,25,5,3,0,0,0,0,0,9,1,2,2019.0,010156794,E09000022,9.0,9.0,2.0,2019.0,010156794,9.0,9.0,99.0,2.0,9.0,-1,2019.0,010156794,2019,10,1,19
462944,2019010156813,534481.0,180715.0,-0.063532,51.50937,1,Slight,2,2,2019-10-01,Tuesday,19:30,Tower Hamlets,E09000030,3,1203,3,30.0,0,-1,-1,-1,,,4,1,1,0,0,1,1,E01004295,3,1,10/01/2019,10/01/2019,1,9,0,18,,0,0,0,1,2,,,6,Male,33,26 - 35,1984,1,8,5,1,,1,1,1,1,33,6,3,0,0,0,0,0,9,1,5,2019.0,010156813,E09000030,0.0,0.0,2.0,2019.0,010156813,7.0,3.0,0.0,1.0,1.0,-1,2019.0,010156813,2019,10,2,19
462948,2019010156824,536601.0,163179.0,-0.039759,51.351276,1,Slight,2,1,2019-10-01,Tuesday,20:15,Croydon,E09000008,3,2022,7,30.0,0,-1,-1,-1,,,7,8,9,0,0,1,3,E01001061,3,1,10/01/2019,10/01/2019,1,9,0,99,,0,9,99,9,99,,,6,Female,17,16 - 20,-1,-1,-1,9,1,,1,1,1,2,17,4,3,0,0,0,0,0,9,1,9,2019.0,010156824,E09000008,0.0,5.0,2.0,2019.0,010156824,9.0,9.0,99.0,1.0,9.0,-1,2019.0,010156824,2019,10,1,20
462949,2019010156825,545902.0,176554.0,0.09921,51.46915,1,Slight,1,1,2019-10-01,Tuesday,20:55,Bexley,E09000004,6,0,6,30.0,3,4,5,0,,,4,1,1,0,0,1,1,E01000400,3,1,10/01/2019,10/01/2019,1,9,0,9,,5,1,10,1,11,,,6,Male,23,21 - 25,-1,-1,-1,6,1,,1,1,2,1,23,5,3,0,0,2,0,0,9,1,4,2019.0,010156825,E09000004,0.0,0.0,2.0,2019.0,010156825,4.0,2.0,9.0,1.0,1.0,-1,2019.0,010156825,2019,10,1,20
462953,2019010156841,547233.0,188148.0,0.123198,51.572981,1,Slight,2,1,2019-10-01,Tuesday,21:15,Redbridge,E09000026,6,0,9,30.0,3,4,6,0,,,4,1,1,0,0,1,3,E01003661,3,1,10/01/2019,10/01/2019,1,9,0,99,,9,9,99,9,99,,,6,Female,19,16 - 20,-1,-1,-1,4,1,,1,1,1,2,19,4,3,0,0,0,0,0,9,1,4,2019.0,010156841,E09000026,9.0,9.0,2.0,2019.0,010156841,9.0,9.0,99.0,2.0,9.0,-1,2019.0,010156841,2019,10,1,21
462956,2019010156851,532586.0,191086.0,-0.086917,51.603016,1,Slight,1,1,2019-10-01,Tuesday,21:50,Haringey,E09000014,3,1080,3,30.0,7,4,3,10,,,4,1,1,0,2,1,1,E01002096,3,1,10/01/2019,10/01/2019,1,9,0,7,,8,0,11,4,1,,,6,Male,19,16 - 20,-1,-1,-1,1,1,,1,1,1,1,19,4,3,0,0,0,0,0,9,1,1,2019.0,010156851,E09000014,1.0,4.0,2.0,2019.0,010156851,4.0,2.0,0.0,1.0,1.0,-1,2019.0,010156851,2019,10,1,21
462958,2019010156854,529195.0,184182.0,-0.138388,51.54176,1,Slight,1,2,2019-10-01,Tuesday,02:11,Camden,E09000007,3,503,6,30.0,6,2,3,5202,,,4,1,2,0,0,1,1,E01000861,3,1,10/01/2019,10/01/2019,1,8,0,18,,8,0,0,7,1,,,6,Female,22,21 - 25,-1,-1,-1,2,1,,1,1,2,2,20,4,3,0,0,1,0,0,8,1,2,2019.0,010156854,E09000007,0.0,5.0,2.0,2019.0,010156854,1.0,5.0,0.0,1.0,1.0,-1,2019.0,010156854,2019,10,2,2
462959,2019010156855,517159.0,184567.0,-0.311735,51.547843,1,Serious,2,1,2019-10-01,Tuesday,23:59,Brent,E09000005,3,4005,6,30.0,3,2,3,4090,,,4,1,2,0,0,1,1,E01000475,2,2,10/01/2019,10/01/2019,1,9,0,9,,8,0,0,0,0,,,6,Male,20,16 - 20,-1,-1,-1,4,1,,2,1,1,1,41,7,2,0,0,0,0,0,3,1,6,2019.0,010156855,E09000005,0.0,5.0,2.0,2019.0,010156855,3.0,3.0,0.0,1.0,1.0,-1,2019.0,010156855,2019,10,2,23
462963,2019010156860,530685.0,178054.0,-0.119185,51.486346,1,Slight,1,1,2019-11-01,Friday,04:00,Lambeth,E09000022,3,3204,6,30.0,7,4,3,3204,,,4,2,2,0,0,1,1,E01003102,3,1,11/01/2019,11/01/2019,1,9,0,4,,8,1,10,0,0,,,6,Male,33,26 - 35,-1,-1,-1,4,1,,1,1,2,2,18,4,3,0,0,1,0,0,9,1,3,2019.0,010156860,E09000022,0.0,0.0,2.0,2019.0,010156860,7.0,5.0,0.0,1.0,1.0,-1,2019.0,010156860,2019,11,1,4
462983,2019010156936,541349.0,178602.0,0.034522,51.488707,1,Slight,2,1,2019-02-01,Friday,19:40,Greenwich,E09000011,3,206,3,30.0,1,4,6,0,,,7,9,9,0,0,1,3,E01001709,3,1,02/01/2019,02/01/2019,1,97,9,18,,8,5,0,0,0,,,6,Male,29,26 - 35,-1,-1,-1,5,1,,1,1,1,1,29,6,3,0,0,0,0,0,97,1,5,2019.0,010156936,E09000011,9.0,9.0,2.0,2019.0,010156936,9.0,9.0,0.0,4.0,1.0,-1,2019.0,010156936,2019,2,1,19
462997,2019010156982,534366.0,182601.0,-0.064469,51.526345,1,Slight,1,1,2019-09-01,Sunday,23:58,Tower Hamlets,E09000030,3,1209,9,30.0,6,2,4,108,,,7,8,1,0,0,1,3,E01004211,3,1,09/01/2019,09/01/2019,1,9,0,99,,9,9,99,9,99,,,6,Male,22,21 - 25,-1,-1,-1,2,1,,1,1,1,1,22,5,3,0,0,0,0,0,9,1,2,2019.0,010156982,E09000030,0.0,5.0,2.0,2019.0,010156982,9.0,9.0,99.0,9.0,9.0,-1,2019.0,010156982,2019,9,1,23
463010,2019010157022,533785.0,168705.0,-0.078094,51.401606,1,Slight,2,1,2019-11-01,Friday,18:20,Croydon,E09000008,3,215,6,30.0,9,4,6,0,,,5,1,1,0,0,1,3,E01001142,3,1,11/01/2019,11/01/2019,1,9,0,99,,9,9,99,9,99,,,2,Female,20,16 - 20,-1,-1,-1,3,1,,1,1,1,2,20,4,3,0,0,0,0,0,9,1,3,2019.0,010157022,E09000008,0.0,9.0,2.0,2019.0,010157022,9.0,9.0,99.0,1.0,9.0,-1,2019.0,010157022,2019,11,1,18
463012,2019010157030,527381.0,183013.0,-0.164954,51.531666,1,Slight,2,4,2019-11-01,Friday,18:35,Westminster,E09000033,6,0,6,30.0,6,4,6,0,,,4,1,1,0,0,1,1,E01004727,3,1,11/01/2019,11/01/2019,1,9,0,18,,2,0,0,0,0,,,6,Male,23,21 - 25,-1,-1,-1,2,1,,1,1,1,1,23,5,3,0,0,0,0,0,9,1,2,2019.0,010157030,E09000033,0.0,0.0,2.0,2019.0,010157030,6.0,2.0,0.0,1.0,1.0,-1,2019.0,010157030,2019,11,4,18
463017,2019010157039,529976.0,159807.0,-0.136069,51.322524,1,Slight,2,1,2019-11-01,Friday,20:30,Croydon,E09000008,4,2032,6,30.0,3,9,6,0,,,7,1,1,0,0,1,3,E01001023,3,1,11/01/2019,11/01/2019,1,9,0,99,,9,9,99,9,99,,,6,Male,18,16 - 20,-1,-1,-1,4,1,,1,1,1,1,18,4,3,0,0,0,0,0,9,1,4,2019.0,010157039,E09000008,0.0,1.0,2.0,2019.0,010157039,9.0,9.0,99.0,1.0,9.0,-1,2019.0,010157039,2019,11,1,20
463018,2019010157042,526891.0,195424.0,-0.167532,51.643311,1,Slight,2,1,2019-11-01,Friday,18:43,Barnet,E09000003,4,193,6,30.0,99,9,6,0,,,7,1,1,0,0,1,3,E01000174,3,1,11/01/2019,11/01/2019,1,9,0,99,,9,9,99,9,99,,,2,Male,28,26 - 35,-1,-1,-1,8,1,,1,1,1,1,28,6,3,0,0,0,0,0,9,1,8,2019.0,010157042,E09000003,0.0,0.0,2.0,2019.0,010157042,9.0,9.0,99.0,2.0,9.0,-1,2019.0,010157042,2019,11,1,18
463021,2019010157047,536826.0,176658.0,-0.031334,51.47235,1,Slight,2,1,2019-12-01,Sunday,02:00,Lewisham,E09000023,3,20,6,20.0,7,2,4,218,,,4,1,1,0,0,1,1,E01003209,3,1,12/01/2019,12/01/2019,1,9,0,9,,8,0,0,0,0,,,6,Male,27,26 - 35,-1,-1,-1,-1,-1,,2,1,1,1,22,5,3,0,0,0,0,0,3,-1,-1,2019.0,010157047,E09000023,0.0,4.0,2.0,2019.0,010157047,7.0,3.0,0.0,1.0,1.0,-1,2019.0,010157047,2019,12,1,2
463022,2019010157049,535415.0,170334.0,-0.054054,51.415858,1,Slight,2,3,2019-11-01,Friday,23:01,Bromley,E09000006,3,234,6,30.0,3,4,6,0,,,4,1,1,0,0,1,1,E01000799,3,1,11/01/2019,11/01/2019,1,9,0,15,,1,0,0,0,0,,,6,Male,24,21 - 25,-1,-1,-1,6,1,,1,1,1,1,24,5,3,0,0,0,0,0,9,1,6,2019.0,010157049,E09000006,0.0,0.0,2.0,2019.0,010157049,5.0,1.0,0.0,1.0,1.0,-1,2019.0,010157049,2019,11,3,23
463026,2019010157059,528254.0,168147.0,-0.157763,51.397867,1,Slight,2,1,2019-11-01,Friday,19:30,Merton,E09000024,3,236,6,30.0,0,-1,-1,-1,,,7,1,1,0,0,1,3,E01003375,3,1,11/01/2019,11/01/2019,1,9,0,99,,0,9,99,9,99,,,6,Male,25,21 - 25,-1,-1,-1,4,1,,1,1,1,1,25,5,3,0,0,0,0,0,9,1,4,2019.0,010157059,E09000024,0.0,0.0,2.0,2019.0,010157059,9.0,9.0,99.0,3.0,9.0,-1,2019.0,010157059,2019,11,1,19
463035,2019010157087,526905.0,183509.0,-0.171634,51.53623,1,Slight,2,1,2019-11-01,Friday,21:35,Westminster,E09000033,6,0,6,20.0,9,2,6,0,,,1,1,1,0,0,1,3,E01004647,3,1,11/01/2019,11/01/2019,1,3,0,99,,9,9,99,9,99,,,6,Male,33,26 - 35,-1,-1,-1,7,1,,1,1,1,1,33,6,3,0,0,0,0,0,3,1,7,2019.0,010157087,E09000033,0.0,0.0,2.0,2019.0,010157087,9.0,9.0,99.0,2.0,1.0,-1,2019.0,010157087,2019,11,1,21
463036,2019010157089,531869.0,177146.0,-0.102481,51.477912,1,Slight,2,1,2019-10-01,Tuesday,23:02,Lambeth,E09000022,3,202,6,30.0,0,-1,-1,-1,,,4,1,9,0,0,1,3,E01003926,3,1,10/01/2019,10/01/2019,1,9,0,99,,0,9,99,9,99,,,2,Female,23,21 - 25,-1,-1,-1,1,1,,1,1,1,2,23,5,3,0,0,0,0,0,9,1,1,2019.0,010157089,E09000022,9.0,5.0,2.0,2019.0,010157089,9.0,9.0,99.0,2.0,1.0,-1,2019.0,010157089,2019,10,1,23
463044,2019010157119,522236.0,188209.0,-0.237285,51.5795,1,Slight,2,1,2019-10-01,Tuesday,23:28,Barnet,E09000003,6,0,3,70.0,99,9,6,0,,,7,1,1,0,0,1,3,E01000306,3,1,10/01/2019,10/01/2019,1,8,0,99,,9,9,99,9,99,,,6,Male,34,26 - 35,-1,-1,-1,5,1,,1,1,1,1,34,6,3,0,0,0,0,0,8,1,5,2019.0,010157119,E09000003,0.0,0.0,2.0,2019.0,010157119,9.0,9.0,99.0,1.0,9.0,-1,2019.0,010157119,2019,10,1,23
463056,2019010157155,513958.0,172416.0,-0.3618,51.439286,1,Slight,2,1,2019-12-01,Sunday,18:38,Richmond upon Thames,E09000027,3,305,6,30.0,6,2,4,358,,,4,1,2,0,0,1,1,E01003903,3,1,12/01/2019,12/01/2019,1,9,0,7,,8,0,0,0,0,,,6,Male,21,21 - 25,-1,-1,-1,3,1,,2,1,1,1,58,9,3,0,0,0,0,0,1,1,6,2019.0,010157155,E09000027,0.0,4.0,2.0,2019.0,010157155,6.0,8.0,0.0,1.0,1.0,-1,2019.0,010157155,2019,12,1,18
463065,2019010157171,519484.0,190228.0,-0.276297,51.598234,1,Slight,1,1,2019-12-01,Sunday,18:19,Harrow,E09000015,6,0,3,30.0,2,2,6,0,,,4,1,1,0,0,1,1,E01002125,3,1,12/01/2019,12/01/2019,1,9,0,18,,3,0,0,0,0,,,6,Male,17,16 - 20,-1,-1,-1,7,1,,1,1,3,1,43,7,3,5,1,0,0,0,0,1,10,2019.0,010157171,E09000015,0.0,0.0,2.0,2019.0,010157171,7.0,3.0,0.0,3.0,1.0,-1,2019.0,010157171,2019,12,1,18
463067,2019010157175,523407.0,178625.0,-0.223752,51.493111,1,Slight,1,1,2019-12-01,Sunday,21:10,Hammersmith and Fulham,E09000013,3,315,2,20.0,7,2,3,219,,,4,2,2,0,0,1,1,E01001898,3,1,12/01/2019,12/01/2019,1,9,0,3,,1,0,0,0,0,,,6,Male,34,26 - 35,-1,-1,-1,7,1,,1,1,3,2,22,5,3,1,3,0,0,0,0,-1,-1,2019.0,010157175,E09000013,0.0,5.0,2.0,2019.0,010157175,7.0,6.0,0.0,1.0,1.0,-1,2019.0,010157175,2019,12,1,21
463070,2019010157185,525277.0,177790.0,-0.197126,51.485196,1,Slight,1,1,2019-12-01,Sunday,22:24,Hammersmith and Fulham,E09000013,6,0,6,30.0,3,4,6,0,,,4,1,2,0,0,1,1,E01001883,3,1,12/01/2019,12/01/2019,1,3,0,18,,8,1,0,0,0,,,1,Male,18,16 - 20,-1,-1,-1,9,1,,1,1,1,1,18,4,3,0,0,0,0,0,3,1,9,2019.0,010157185,E09000013,0.0,0.0,2.0,2019.0,010157185,7.0,3.0,0.0,0.0,1.0,-1,2019.0,010157185,2019,12,1,22
463072,2019010157191,530607.0,180823.0,-0.119283,51.511249,1,Slight,2,1,2019-12-01,Sunday,22:44,Westminster,E09000033,3,4,2,20.0,3,2,3,301,,,4,1,1,9,9,1,3,E01004735,3,1,12/01/2019,12/01/2019,1,3,0,99,,9,9,99,9,99,,,6,Male,26,26 - 35,-1,-1,-1,-1,-1,,1,1,1,1,26,6,3,0,0,0,0,0,3,-1,-1,2019.0,010157191,E09000033,9.0,5.0,2.0,2019.0,010157191,9.0,9.0,99.0,1.0,1.0,-1,2019.0,010157191,2019,12,1,22