,accident_index,location_easting_osgr,location_northing_osgr,longitude,latitude,police_force,accident_severity,number_of_vehicles,number_of_casualties,date,day_of_week,time,local_authority_district,local_authority_highway,first_road_class,first_road_number,road_type,speed_limit,junction_detail,junction_control,second_road_class,second_road_number,pedestrian_crossing-human_control,pedestrian_crossing-physical_facilities,light_conditions,weather_conditions,road_surface_conditions,special_conditions_at_site,carriageway_hazards,urban_or_rural_area,did_police_officer_attend_scene_of_accident,lsoa_of_accident_location,accident_severity_num,accident_severity_inv,date2,date_original,vehicle_reference_x,vehicle_type,towing_and_articulation,vehicle_manoeuvre,vehicle_location-restricted_lane,junction_location,skidding_and_overturning,hit_object_in_carriageway,vehicle_leaving_carriageway,hit_object_off_carriageway,1st_point_of_impact,was_vehicle_left_hand_drive?,journey_purpose_of_driver,sex_of_driver,age_of_driver,age_band_of_driver,engine_capacity_cc,propulsion_code,age_of_vehicle,driver_imd_decile,driver_home_area_type,vehicle_imd_decile,vehicle_reference_y,casualty_reference,casualty_class,sex_of_casualty,age_of_casualty,age_band_of_casualty,casualty_severity,pedestrian_location,pedestrian_movement,car_passenger,bus_or_coach_passenger,pedestrian_road_maintenance_worker,casualty_type,casualty_home_area_type,casualty_imd_decile,accident_year_x,accident_reference_x,local_authority_ons_district,pedestrian_crossing_human_control,pedestrian_crossing_physical_facilities,trunk_road_flag,accident_year_y,accident_reference_y,vehicle_direction_from,vehicle_direction_to,vehicle_location_restricted_lane,first_point_of_impact,vehicle_left_hand_drive,generic_make_model,accident_year,accident_reference,year,month,severity,hours
463073,2019010157193,533026.0,182543.0,-0.083796,51.526142,1,Slight,1,1,2019-12-01,Sunday,23:49,Hackney,E09000012,3,1202,3,30.0,6,2,3,5201,,,4,1,1,0,0,1,1,E01033708,3,1,12/01/2019,12/01/2019,1,9,0,5,,8,0,0,0,0,,,6,Female,25,21 - 25,-1,-1,-1,1,1,,1,1,3,2,21,5,3,1,1,0,0,0,0,1,3,2019.0,010157193,E09000012,0.0,4.0,2.0,2019.0,010157193,7.0,3.0,0.0,1.0,1.0,-1,2019.0,010157193,2019,12,1,23
463074,2019010157195,524406.0,174294.0,-0.210893,51.453968,1,Slight,2,1,2019-12-01,Sunday,00:55,Wandsworth,E09000032,3,3,2,30.0,99,9,6,0,,,1,1,1,0,0,1,3,E01004503,3,1,12/01/2019,12/01/2019,1,9,0,99,,9,9,99,9,99,,,6,Female,35,26 - 35,-1,-1,-1,4,1,,1,1,1,2,35,6,3,0,0,0,0,0,9,1,4,2019.0,010157195,E09000032,0.0,0.0,2.0,2019.0,010157195,9.0,9.0,99.0,2.0,9.0,-1,2019.0,010157195,2019,12,1,0
463075,2019010157196,527151.0,181597.0,-0.168779,51.518992,1,Slight,2,1,2019-12-01,Sunday,23:50,Westminster,E09000033,3,5,6,30.0,3,4,6,0,,,4,1,1,0,0,1,1,E01033594,3,1,12/01/2019,12/01/2019,1,9,0,18,,1,0,0,0,0,,,6,Male,35,26 - 35,-1,-1,-1,1,1,,1,1,1,1,35,6,3,0,0,0,0,0,9,1,1,2019.0,010157196,E09000033,0.0,5.0,2.0,2019.0,010157196,5.0,1.0,0.0,1.0,1.0,-1,2019.0,010157196,2019,12,1,23
463078,2019010157212,535165.0,191024.0,-0.049724,51.601845,1,Slight,1,1,2019-01-13,Sunday,02:40,Haringey,E09000014,3,1055,3,40.0,3,2,5,0,,,4,1,1,0,0,1,1,E01002037,3,1,13/01/2019,13/01/2019,1,9,0,18,,1,2,10,0,0,,,6,Male,25,21 - 25,1422,2,9,2,1,,1,1,1,1,25,5,3,0,0,0,0,0,9,1,2,2019.0,010157212,E09000014,0.0,5.0,2.0,2019.0,010157212,5.0,1.0,0.0,4.0,1.0,-1,2019.0,010157212,2019,1,1,2
463096,2019010157288,527120.0,177137.0,-0.170832,51.478917,1,Slight,2,1,2019-11-01,Friday,19:10,Wandsworth,E09000032,3,3220,6,20.0,3,4,5,0,,,4,1,1,0,0,1,3,E01004583,3,1,11/01/2019,11/01/2019,1,3,0,99,,2,9,99,9,99,,,6,Female,18,16 - 20,-1,-1,-1,6,1,,1,1,1,2,18,4,3,0,0,0,0,0,3,1,6,2019.0,010157288,E09000032,0.0,9.0,2.0,2019.0,010157288,9.0,9.0,99.0,1.0,1.0,-1,2019.0,010157288,2019,11,1,19
463124,2019010157387,534119.0,177946.0,-0.069797,51.484572,1,Slight,2,2,2019-01-13,Sunday,04:00,Southwark,E09000028,6,0,6,30.0,99,9,6,0,,,4,1,1,0,0,1,3,E01003964,3,1,13/01/2019,13/01/2019,1,9,0,99,,9,9,99,9,99,,,6,Male,25,21 - 25,-1,-1,-1,2,1,,1,1,1,1,25,5,3,0,0,0,0,0,9,1,2,2019.0,010157387,E09000028,0.0,5.0,2.0,2019.0,010157387,9.0,9.0,99.0,2.0,9.0,-1,2019.0,010157387,2019,1,2,4
463152,2019010157469,512594.0,179738.0,-0.379085,51.505369,1,Slight,2,1,2019-01-14,Monday,18:40,Ealing,E09000009,3,3005,1,30.0,1,9,5,0,,,4,1,1,0,0,1,3,E01001338,3,1,14/01/2019,14/01/2019,1,9,0,99,,9,9,99,9,99,,,6,Female,23,21 - 25,-1,-1,-1,3,1,,1,1,1,2,23,5,3,0,0,0,0,0,9,1,3,2019.0,010157469,E09000009,0.0,0.0,2.0,2019.0,010157469,9.0,9.0,99.0,1.0,9.0,-1,2019.0,010157469,2019,1,1,18
463157,2019010157482,531107.0,184412.0,-0.110747,51.543386,1,Serious,2,1,2019-01-14,Monday,19:50,Islington,E09000019,6,0,6,20.0,6,3,5,0,,,4,1,1,0,0,1,1,E01002698,2,2,14/01/2019,14/01/2019,1,3,0,7,,5,0,0,0,0,,,6,Male,20,16 - 20,-1,-1,-1,2,1,,1,1,1,1,20,4,2,0,0,0,0,0,3,1,2,2019.0,010157482,E09000019,0.0,0.0,2.0,2019.0,010157482,7.0,5.0,0.0,4.0,1.0,-1,2019.0,010157482,2019,1,2,19
463158,2019010157485,522591.0,187302.0,-0.232481,51.571272,1,Slight,2,2,2019-01-14,Monday,19:36,Barnet,E09000003,3,406,1,30.0,1,2,3,5,,,4,1,1,0,0,1,1,E01000305,3,1,14/01/2019,14/01/2019,1,9,0,18,,1,0,0,0,0,,,6,Male,25,21 - 25,-1,-1,-1,8,1,,2,1,2,2,53,8,3,0,0,1,0,0,9,-1,-1,2019.0,010157485,E09000003,0.0,0.0,2.0,2019.0,010157485,7.0,3.0,0.0,1.0,1.0,-1,2019.0,010157485,2019,1,2,19
463165,2019010157500,522608.0,183089.0,-0.233704,51.533404,1,Slight,2,1,2019-01-14,Monday,21:08,Brent,E09000005,5,0,6,30.0,1,4,5,0,,,4,1,1,0,0,1,1,E01000530,3,1,14/01/2019,14/01/2019,1,9,0,9,,4,0,0,0,0,,,2,Female,31,26 - 35,-1,-1,-1,10,1,,2,1,1,1,38,7,3,0,0,0,0,0,4,1,6,2019.0,010157500,E09000005,0.0,0.0,2.0,2019.0,010157500,3.0,7.0,0.0,1.0,1.0,-1,2019.0,010157500,2019,1,1,21
463199,2019010157684,526003.0,189007.0,-0.182664,51.585843,1,Slight,2,1,2019-01-15,Tuesday,05:55,Barnet,E09000003,3,1,6,30.0,6,2,3,1,,,7,1,1,0,0,1,3,E01000207,3,1,15/01/2019,15/01/2019,1,9,0,99,,9,9,99,9,99,,,2,Male,30,26 - 35,-1,-1,-1,3,1,,1,1,1,1,30,6,3,0,0,0,0,0,9,1,3,2019.0,010157684,E09000003,0.0,5.0,2.0,2019.0,010157684,9.0,9.0,99.0,9.0,9.0,-1,2019.0,010157684,2019,1,1,5
463210,2019010157716,536277.0,182417.0,-0.03701,51.524234,1,Serious,1,2,2019-01-15,Tuesday,22:30,Tower Hamlets,E09000030,3,11,6,30.0,3,4,6,0,,,4,1,1,0,0,1,1,E01004270,2,2,15/01/2019,15/01/2019,1,9,0,18,,2,0,0,0,0,,,6,Female,22,21 - 25,-1,-1,-1,3,1,,1,1,1,2,22,5,3,0,0,0,0,0,9,1,3,2019.0,010157716,E09000030,0.0,0.0,2.0,2019.0,010157716,7.0,3.0,0.0,1.0,1.0,-1,2019.0,010157716,2019,1,4,22
463215,2019010157729,536091.0,182281.0,-0.039742,51.523057,1,Slight,2,1,2019-01-16,Wednesday,03:51,Tower Hamlets,E09000030,3,11,6,30.0,3,2,5,0,,,4,1,1,0,0,1,1,E01004261,3,1,16/01/2019,16/01/2019,1,9,0,18,,1,1,10,7,1,,,6,Male,24,21 - 25,1988,1,18,7,1,,1,1,1,1,24,5,3,0,0,0,0,0,9,1,7,2019.0,010157729,E09000030,2.0,5.0,2.0,2019.0,010157729,6.0,2.0,0.0,1.0,1.0,-1,2019.0,010157729,2019,1,1,3
463247,2019010157812,525200.0,177228.0,-0.198433,51.480162,1,Slight,2,1,2019-01-15,Tuesday,20:45,Hammersmith and Fulham,E09000013,3,304,6,30.0,1,4,4,317,,,4,1,1,0,0,1,1,E01001953,3,1,15/01/2019,15/01/2019,1,8,0,4,,2,0,0,0,0,,,1,Male,32,26 - 35,-1,-1,-1,5,1,,1,1,1,1,32,6,3,0,0,0,0,0,8,1,5,2019.0,010157812,E09000013,0.0,0.0,2.0,2019.0,010157812,7.0,3.0,0.0,2.0,1.0,-1,2019.0,010157812,2019,1,1,20
463273,2019010157886,526461.0,179192.0,-0.179581,51.497533,1,Slight,2,1,2019-01-16,Wednesday,18:55,Kensington and Chelsea,E09000020,5,0,3,30.0,3,4,5,0,,,4,8,2,0,0,1,1,E01002892,3,1,16/01/2019,16/01/2019,1,4,0,3,,1,0,0,0,0,,,6,Female,25,21 - 25,-1,-1,-1,4,1,,1,1,1,2,25,5,3,0,0,0,0,0,4,1,4,2019.0,010157886,E09000020,0.0,0.0,2.0,2019.0,010157886,0.0,0.0,0.0,2.0,1.0,-1,2019.0,010157886,2019,1,1,18
463274,2019010157888,514216.0,182318.0,-0.354889,51.528232,1,Slight,1,1,2019-01-16,Wednesday,18:50,Ealing,E09000009,4,455,6,30.0,9,2,6,0,,,4,1,1,0,0,1,1,E01001261,3,1,16/01/2019,16/01/2019,1,9,0,5,,1,0,0,0,0,,,6,Female,25,21 - 25,-1,-1,-1,6,3,,1,1,3,2,26,6,3,4,4,0,0,0,0,1,5,2019.0,010157888,E09000009,0.0,5.0,2.0,2019.0,010157888,5.0,1.0,0.0,1.0,1.0,-1,2019.0,010157888,2019,1,1,18
463276,2019010157892,531968.0,190545.0,-0.096038,51.598299,1,Slight,2,1,2019-01-16,Wednesday,18:12,Haringey,E09000014,3,109,6,30.0,3,2,6,0,,,4,1,1,0,0,1,1,E01002028,3,1,16/01/2019,16/01/2019,1,9,0,9,,6,0,0,0,0,,,6,Female,35,26 - 35,-1,-1,-1,1,1,,2,1,1,1,59,9,3,0,0,0,0,0,1,1,4,2019.0,010157892,E09000014,0.0,0.0,2.0,2019.0,010157892,5.0,3.0,0.0,1.0,1.0,-1,2019.0,010157892,2019,1,1,18
463277,2019010157893,541451.0,177042.0,0.035366,51.474664,1,Slight,2,3,2019-01-16,Wednesday,20:13,Greenwich,E09000011,3,207,6,30.0,3,4,6,0,,,4,1,2,0,0,1,1,E01001650,3,1,16/01/2019,16/01/2019,1,9,0,18,,8,0,0,0,0,,,6,Female,25,21 - 25,-1,-1,-1,3,1,,1,1,1,2,25,5,3,0,0,0,0,0,9,1,3,2019.0,010157893,E09000011,0.0,0.0,2.0,2019.0,010157893,7.0,3.0,0.0,3.0,1.0,-1,2019.0,010157893,2019,1,3,20
463279,2019010157896,522115.0,183046.0,-0.240823,51.533125,1,Slight,2,1,2019-01-15,Tuesday,21:05,Brent,E09000005,3,404,6,30.0,3,2,5,0,,,4,1,1,0,0,1,1,E01000535,3,1,15/01/2019,15/01/2019,1,9,0,9,,6,0,0,0,0,,,6,Male,21,21 - 25,-1,-1,-1,4,1,,2,1,1,1,38,7,3,0,0,0,0,0,3,1,1,2019.0,010157896,E09000005,0.0,0.0,2.0,2019.0,010157896,6.0,4.0,0.0,1.0,1.0,-1,2019.0,010157896,2019,1,1,21
463281,2019010157901,527513.0,184343.0,-0.162571,51.543589,1,Serious,2,1,2019-01-16,Wednesday,20:36,Camden,E09000007,4,509,3,20.0,6,2,5,0,,,4,8,2,0,0,1,1,E01000845,2,2,16/01/2019,16/01/2019,1,9,0,9,,1,0,0,0,0,,,6,Male,21,21 - 25,-1,-1,-1,10,3,,2,1,1,2,32,6,2,0,0,0,0,0,4,1,3,2019.0,010157901,E09000007,0.0,5.0,2.0,2019.0,010157901,1.0,7.0,0.0,1.0,1.0,-1,2019.0,010157901,2019,1,2,20
463282,2019010157902,534165.0,187584.0,-0.065467,51.571172,1,Slight,2,1,2019-01-16,Wednesday,18:40,Hackney,E09000012,3,107,6,20.0,3,4,6,0,,,7,1,2,0,0,1,1,E01001824,3,1,16/01/2019,16/01/2019,1,3,0,18,,2,1,0,0,0,,,1,Male,34,26 - 35,-1,-1,-1,1,1,,1,1,1,1,34,6,3,0,0,0,0,0,3,1,1,2019.0,010157902,E09000012,0.0,5.0,2.0,2019.0,010157902,1.0,5.0,2.0,3.0,1.0,-1,2019.0,010157902,2019,1,1,18
463284,2019010157909,541526.0,184903.0,0.039599,51.545283,1,Slight,3,1,2019-01-17,Thursday,01:00,Newham,E09000025,6,0,2,30.0,0,-1,-1,-1,,,4,2,2,0,0,1,1,E01003560,3,1,17/01/2019,17/01/2019,1,9,0,4,,0,1,4,0,0,,,6,Female,26,26 - 35,1995,1,12,-1,-1,,1,1,2,2,24,5,3,0,0,1,0,0,9,-1,-1,2019.0,010157909,E09000025,0.0,0.0,2.0,2019.0,010157909,3.0,7.0,0.0,4.0,1.0,-1,2019.0,010157909,2019,1,1,1
463336,2019010158087,543455.0,185634.0,0.067696,51.551365,1,Slight,3,1,2019-01-17,Thursday,18:04,Newham,E09000025,3,406,3,50.0,0,-1,-1,-1,,,4,1,1,0,0,1,1,E01003577,3,1,17/01/2019,17/01/2019,1,9,0,4,,0,0,0,0,0,,,6,Male,34,26 - 35,-1,-1,-1,2,1,,3,1,1,2,66,10,3,0,0,0,0,0,9,1,5,2019.0,010158087,E09000025,0.0,0.0,2.0,2019.0,010158087,5.0,1.0,0.0,0.0,1.0,-1,2019.0,010158087,2019,1,1,18
463344,2019010158104,527773.0,181224.0,-0.159954,51.5155,1,Slight,2,2,2019-01-17,Thursday,19:45,Westminster,E09000033,5,0,6,30.0,6,2,5,0,,,4,1,1,0,0,1,1,E01004657,3,1,17/01/2019,17/01/2019,1,9,0,18,,8,0,0,1,1,,,6,Male,26,26 - 35,-1,-1,-1,3,1,,1,1,1,1,26,6,3,0,0,0,0,0,9,1,3,2019.0,010158104,E09000033,0.0,5.0,2.0,2019.0,010158104,5.0,1.0,0.0,1.0,1.0,-1,2019.0,010158104,2019,1,2,19
463349,2019010158112,545854.0,184262.0,0.101704,51.538422,1,Slight,1,1,2019-01-17,Thursday,18:12,Barking and Dagenham,E09000002,5,0,6,30.0,0,-1,-1,-1,,,5,1,1,0,0,1,3,E01000071,3,1,17/01/2019,17/01/2019,1,9,0,99,,0,9,99,9,99,,,6,Male,32,26 - 35,-1,-1,-1,3,1,,1,1,1,1,32,6,3,0,0,0,0,0,9,1,3,2019.0,010158112,E09000002,9.0,9.0,2.0,2019.0,010158112,9.0,9.0,99.0,2.0,9.0,-1,2019.0,010158112,2019,1,1,18
463350,2019010158113,529086.0,173874.0,-0.143726,51.449148,1,Slight,1,1,2019-01-17,Thursday,19:06,Lambeth,E09000022,5,0,6,20.0,6,4,6,0,,,4,1,1,0,6,1,1,E01003161,3,1,17/01/2019,17/01/2019,1,9,0,5,,1,0,0,0,0,,,2,Male,33,26 - 35,-1,-1,-1,3,1,,1,1,3,1,6,2,3,5,3,0,0,0,0,1,8,2019.0,010158113,E09000022,0.0,0.0,2.0,2019.0,010158113,8.0,4.0,0.0,1.0,1.0,-1,2019.0,010158113,2019,1,1,19
463393,2019010158249,518901.0,183240.0,-0.287072,51.535553,1,Slight,3,1,2019-01-18,Friday,18:10,Ealing,E09000009,3,406,3,50.0,0,-1,-1,-1,,,4,1,1,0,0,1,1,E01001276,3,1,18/01/2019,18/01/2019,1,9,0,3,,0,0,0,0,0,,,6,Male,27,26 - 35,-1,-1,-1,6,1,,1,1,1,1,27,6,3,0,0,0,0,0,9,1,6,2019.0,010158249,E09000009,0.0,0.0,2.0,2019.0,010158249,2.0,6.0,0.0,2.0,1.0,-1,2019.0,010158249,2019,1,1,18
463401,2019010158264,531299.0,175361.0,-0.111346,51.462003,1,Slight,1,1,2019-01-17,Thursday,21:00,Lambeth,E09000022,3,2217,9,20.0,0,-1,-1,-1,,,7,1,1,0,0,1,3,E01003052,3,1,17/01/2019,17/01/2019,1,9,0,99,,0,9,99,9,99,,,6,Female,21,21 - 25,-1,-1,-1,2,1,,1,1,1,2,21,5,3,0,0,0,0,0,9,1,2,2019.0,010158264,E09000022,0.0,5.0,2.0,2019.0,010158264,9.0,9.0,99.0,2.0,9.0,-1,2019.0,010158264,2019,1,1,21
463402,2019010158266,518068.0,168812.0,-0.303894,51.406054,1,Serious,2,1,2019-01-18,Friday,19:30,Kingston upon Thames,E09000021,3,240,6,30.0,3,4,6,0,,,4,1,1,0,0,1,1,E01002964,2,2,18/01/2019,18/01/2019,1,3,0,7,,6,0,0,0,0,,,1,Female,33,26 - 35,-1,-1,-1,2,1,,1,1,1,2,33,6,2,0,0,0,0,0,3,1,2,2019.0,010158266,E09000021,0.0,4.0,2.0,2019.0,010158266,6.0,8.0,0.0,1.0,1.0,-1,2019.0,010158266,2019,1,2,19
463405,2019010158274,521875.0,180125.0,-0.245291,51.506924,1,Slight,2,1,2019-01-18,Friday,18:10,Hammersmith and Fulham,E09000013,5,0,7,30.0,7,2,4,408,,,4,1,1,0,0,1,1,E01001243,3,1,18/01/2019,18/01/2019,1,9,0,9,,1,0,0,0,0,,,6,Female,29,26 - 35,-1,-1,-1,6,1,,2,1,1,1,34,6,3,0,0,0,0,0,3,1,5,2019.0,010158274,E09000013,0.0,0.0,2.0,2019.0,010158274,5.0,3.0,0.0,4.0,1.0,-1,2019.0,010158274,2019,1,1,18
463407,2019010158280,530720.0,174486.0,-0.119999,51.454273,1,Slight,3,1,2019-01-18,Friday,19:30,Lambeth,E09000022,3,23,6,30.0,0,-1,-1,-1,,,4,1,1,0,0,1,1,E01003018,3,1,18/01/2019,18/01/2019,1,3,0,18,,0,0,0,0,0,,,1,Male,26,26 - 35,-1,-1,-1,-1,-1,,1,1,1,1,26,6,3,0,0,0,0,0,3,-1,-1,2019.0,010158280,E09000022,0.0,0.0,2.0,2019.0,010158280,5.0,1.0,0.0,1.0,1.0,-1,2019.0,010158280,2019,1,1,19
463414,2019010158292,531142.0,164184.0,-0.117735,51.361593,1,Slight,2,2,2019-01-18,Friday,20:40,Croydon,E09000008,3,23,6,40.0,5,4,6,0,,,4,1,1,0,0,1,1,E01001172,3,1,18/01/2019,18/01/2019,1,9,0,4,,1,0,0,0,0,,,6,Male,21,21 - 25,-1,-1,-1,10,1,,1,1,1,1,21,5,3,0,0,0,0,0,9,1,10,2019.0,010158292,E09000008,0.0,0.0,2.0,2019.0,010158292,1.0,5.0,0.0,2.0,1.0,-1,2019.0,010158292,2019,1,2,20
463416,2019010158295,527655.0,177701.0,-0.162928,51.483865,1,Slight,2,1,2019-01-18,Friday,20:30,Kensington and Chelsea,E09000020,3,3212,9,30.0,0,-1,-1,-1,,,4,1,1,9,9,1,3,E01002900,3,1,18/01/2019,18/01/2019,1,3,0,99,,0,9,99,9,99,,,6,Male,18,16 - 20,-1,-1,-1,2,1,,1,1,1,1,18,4,3,0,0,0,0,0,3,1,2,2019.0,010158295,E09000020,9.0,9.0,2.0,2019.0,010158295,9.0,9.0,99.0,1.0,1.0,-1,2019.0,010158295,2019,1,1,20
463419,2019010158302,532318.0,186726.0,-0.092425,51.563898,1,Slight,3,3,2019-01-18,Friday,21:48,Hackney,E09000012,3,105,6,20.0,6,2,4,105,,,4,1,1,0,0,1,1,E01001803,3,1,18/01/2019,18/01/2019,1,9,0,10,,8,0,0,0,0,,,6,Male,23,21 - 25,-1,-1,-1,2,1,,1,1,1,1,23,5,3,0,0,0,0,0,9,1,2,2019.0,010158302,E09000012,0.0,5.0,2.0,2019.0,010158302,5.0,3.0,0.0,1.0,1.0,-1,2019.0,010158302,2019,1,3,21
463420,2019010158304,547203.0,177675.0,0.118394,51.478886,1,Slight,1,1,2019-01-18,Friday,22:55,Greenwich,E09000011,5,0,6,30.0,3,4,5,0,,,4,1,1,0,0,1,1,E01001574,3,1,18/01/2019,18/01/2019,1,9,0,18,,1,0,0,3,4,,,6,Male,30,26 - 35,-1,-1,-1,1,1,,1,1,2,2,26,6,3,0,0,1,0,0,9,1,2,2019.0,010158304,E09000011,0.0,0.0,2.0,2019.0,010158304,6.0,2.0,0.0,1.0,1.0,-1,2019.0,010158304,2019,1,1,22
463422,2019010158310,534634.0,177705.0,-0.062477,51.482284,1,Serious,2,1,2019-01-18,Friday,19:48,Southwark,E09000028,3,2,6,30.0,3,4,6,0,,,4,1,2,0,0,1,1,E01003988,2,2,18/01/2019,18/01/2019,1,9,0,7,,5,0,0,0,0,,,6,Female,24,21 - 25,-1,-1,-1,2,1,,2,1,1,1,28,6,2,0,0,0,0,0,3,-1,-1,2019.0,010158310,E09000028,0.0,0.0,2.0,2019.0,010158310,4.0,2.0,0.0,2.0,1.0,-1,2019.0,010158310,2019,1,2,19
463423,2019010158313,521302.0,188943.0,-0.250504,51.586298,1,Slight,2,1,2019-01-18,Friday,23:19,Barnet,E09000003,3,5,6,30.0,3,4,6,0,,,4,1,1,0,0,1,1,E01000516,3,1,18/01/2019,18/01/2019,1,3,0,18,,1,0,0,0,0,,,2,Male,33,26 - 35,-1,-1,-1,5,1,,1,1,1,1,33,6,3,0,0,0,0,0,3,1,5,2019.0,010158313,E09000003,0.0,0.0,2.0,2019.0,010158313,5.0,1.0,0.0,3.0,1.0,-1,2019.0,010158313,2019,1,1,23
463427,2019010158320,532396.0,183901.0,-0.092362,51.538493,1,Slight,2,1,2019-01-18,Friday,18:32,Islington,E09000019,3,1200,6,20.0,3,9,6,0,,,4,1,1,0,0,1,3,E01002798,3,1,18/01/2019,18/01/2019,1,3,0,99,,9,9,99,9,99,,,6,Male,27,26 - 35,-1,-1,-1,3,1,,1,1,1,1,27,6,3,0,0,0,0,0,3,1,3,2019.0,010158320,E09000019,9.0,9.0,2.0,2019.0,010158320,9.0,9.0,99.0,9.0,1.0,-1,2019.0,010158320,2019,1,1,18
463462,2019010158421,525381.0,173179.0,-0.197262,51.443733,1,Serious,1,1,2019-01-19,Saturday,19:12,Wandsworth,E09000032,3,218,6,30.0,3,4,6,0,,,4,1,1,0,0,1,1,E01004597,2,2,19/01/2019,19/01/2019,1,9,0,18,,2,0,0,0,0,,,6,Male,21,21 - 25,-1,-1,-1,4,1,,1,1,3,2,41,7,2,1,3,0,0,0,0,1,9,2019.0,010158421,E09000032,0.0,4.0,2.0,2019.0,010158421,5.0,1.0,0.0,1.0,1.0,-1,2019.0,010158421,2019,1,2,19
463464,2019010158426,531210.0,161529.0,-0.117737,51.337717,1,Slight,1,1,2019-01-19,Saturday,22:32,Croydon,E09000008,3,23,6,30.0,7,4,3,23,,,4,1,1,0,0,1,1,E01001029,3,1,19/01/2019,19/01/2019,1,9,0,11,,2,0,0,8,10,,,6,Female,23,21 - 25,-1,-1,-1,1,1,,1,1,1,2,23,5,3,0,0,0,0,0,9,1,1,2019.0,010158426,E09000008,0.0,0.0,2.0,2019.0,010158426,1.0,5.0,0.0,1.0,1.0,-1,2019.0,010158426,2019,1,1,22
463465,2019010158429,539036.0,184299.0,0.003476,51.540474,1,Slight,2,1,2019-01-18,Friday,23:50,Newham,E09000025,6,0,9,20.0,0,-1,-1,-1,,,7,4,1,0,0,1,3,E01003619,3,1,18/01/2019,18/01/2019,1,9,0,99,,0,9,99,9,99,,,6,Female,29,26 - 35,-1,-1,-1,4,1,,1,1,1,2,29,6,3,0,0,0,0,0,9,1,4,2019.0,010158429,E09000025,0.0,0.0,2.0,2019.0,010158429,9.0,9.0,99.0,1.0,9.0,-1,2019.0,010158429,2019,1,1,23
463468,2019010158432,510045.0,187290.0,-0.413439,51.573749,1,Slight,2,2,2019-01-17,Thursday,21:30,Hillingdon,E09000017,5,0,6,30.0,6,2,5,0,,,4,1,1,0,0,1,1,E01002470,3,1,17/01/2019,17/01/2019,1,9,0,18,,8,0,0,0,0,,,6,Male,35,26 - 35,-1,-1,-1,-1,-1,,2,1,1,1,50,8,3,0,0,0,0,0,9,1,9,2019.0,010158432,E09000017,0.0,5.0,2.0,2019.0,010158432,3.0,7.0,0.0,4.0,1.0,-1,2019.0,010158432,2019,1,2,21
463470,2019010158438,515080.0,176459.0,-0.34435,51.475397,1,Slight,2,1,2019-01-20,Sunday,01:40,Hounslow,E09000018,4,363,6,30.0,7,4,6,0,,,4,1,1,0,0,1,1,E01002677,3,1,20/01/2019,20/01/2019,1,3,0,13,,1,1,0,0,0,,,1,Male,23,21 - 25,-1,-1,-1,2,1,,1,1,1,1,23,5,3,0,0,0,0,0,3,1,2,2019.0,010158438,E09000018,0.0,0.0,2.0,2019.0,010158438,5.0,1.0,0.0,1.0,1.0,-1,2019.0,010158438,2019,1,1,1
463475,2019010158447,532981.0,189999.0,-0.081628,51.593155,1,Slight,3,1,2019-01-20,Sunday,02:18,Haringey,E09000014,6,0,6,20.0,0,-1,-1,-1,,,4,1,1,0,0,1,1,E01001980,3,1,20/01/2019,20/01/2019,1,9,0,18,,0,0,0,0,0,,,6,Female,22,21 - 25,-1,-1,-1,8,1,,1,1,2,2,23,5,3,0,0,1,0,0,9,1,3,2019.0,010158447,E09000014,0.0,0.0,2.0,2019.0,010158447,5.0,1.0,0.0,1.0,1.0,-1,2019.0,010158447,2019,1,1,2
463478,2019010158455,526438.0,178940.0,-0.180002,51.495273,1,Slight,2,1,2019-01-20,Sunday,04:50,Kensington and Chelsea,E09000020,3,4,3,30.0,6,2,6,0,,,4,7,4,0,0,1,1,E01002892,3,1,20/01/2019,20/01/2019,1,9,0,9,,2,0,0,0,0,,,6,Male,22,21 - 25,-1,-1,-1,-1,-1,,2,1,2,1,20,4,3,0,0,2,0,0,9,1,9,2019.0,010158455,E09000020,0.0,0.0,2.0,2019.0,010158455,3.0,7.0,0.0,3.0,1.0,-1,2019.0,010158455,2019,1,1,4
463486,2019010158476,538343.0,180573.0,-0.007972,51.507162,1,Slight,2,1,2019-01-19,Saturday,18:30,Tower Hamlets,E09000030,3,1206,1,30.0,1,2,6,0,,,4,1,1,0,0,1,3,E01004219,3,1,19/01/2019,19/01/2019,1,9,0,99,,9,9,99,9,99,,,6,Female,25,21 - 25,-1,-1,-1,10,3,,1,1,1,2,25,5,3,0,0,0,0,0,9,3,10,2019.0,010158476,E09000030,9.0,5.0,2.0,2019.0,010158476,9.0,9.0,99.0,1.0,9.0,-1,2019.0,010158476,2019,1,1,18