,accident_index,location_easting_osgr,location_northing_osgr,longitude,latitude,police_force,accident_severity,number_of_vehicles,number_of_casualties,date,day_of_week,time,local_authority_district,local_authority_highway,first_road_class,first_road_number,road_type,speed_limit,junction_detail,junction_control,second_road_class,second_road_number,pedestrian_crossing-human_control,pedestrian_crossing-physical_facilities,light_conditions,weather_conditions,road_surface_conditions,special_conditions_at_site,carriageway_hazards,urban_or_rural_area,did_police_officer_attend_scene_of_accident,lsoa_of_accident_location,accident_severity_num,accident_severity_inv,date2,date_original,vehicle_reference_x,vehicle_type,towing_and_articulation,vehicle_manoeuvre,vehicle_location-restricted_lane,junction_location,skidding_and_overturning,hit_object_in_carriageway,vehicle_leaving_carriageway,hit_object_off_carriageway,1st_point_of_impact,was_vehicle_left_hand_drive?,journey_purpose_of_driver,sex_of_driver,age_of_driver,age_band_of_driver,engine_capacity_cc,propulsion_code,age_of_vehicle,driver_imd_decile,driver_home_area_type,vehicle_imd_decile,vehicle_reference_y,casualty_reference,casualty_class,sex_of_casualty,age_of_casualty,age_band_of_casualty,casualty_severity,pedestrian_location,pedestrian_movement,car_passenger,bus_or_coach_passenger,pedestrian_road_maintenance_worker,casualty_type,casualty_home_area_type,casualty_imd_decile,accident_year_x,accident_reference_x,local_authority_ons_district,pedestrian_crossing_human_control,pedestrian_crossing_physical_facilities,trunk_road_flag,accident_year_y,accident_reference_y,vehicle_direction_from,vehicle_direction_to,vehicle_location_restricted_lane,first_point_of_impact,vehicle_left_hand_drive,generic_make_model,accident_year,accident_reference,year,month,severity,hours
463495,2019010158490,522085.0,175334.0,-0.243922,51.46382,1,Slight,3,5,2019-01-19,Saturday,20:00,Wandsworth,E09000032,3,306,6,30.0,9,4,6,0,,,4,1,1,0,0,1,1,E01004575,3,1,19/01/2019,19/01/2019,1,9,0,18,,2,0,0,0,0,,,6,Male,32,26 - 35,-1,-1,-1,9,1,,1,1,1,1,32,6,3,0,0,0,0,0,9,1,9,2019.0,010158490,E09000032,0.0,0.0,2.0,2019.0,010158490,1.0,5.0,0.0,1.0,1.0,-1,2019.0,010158490,2019,1,5,20
463496,2019010158492,526289.0,178788.0,-0.182202,51.49394,1,Slight,2,1,2019-01-20,Sunday,00:40,Kensington and Chelsea,E09000020,5,0,6,30.0,3,4,6,0,,,4,1,1,0,0,1,3,E01002835,3,1,20/01/2019,20/01/2019,1,3,0,99,,9,9,99,9,99,,,6,Male,25,21 - 25,-1,-1,-1,1,1,,1,1,1,1,25,5,3,0,0,0,0,0,3,1,1,2019.0,010158492,E09000020,0.0,9.0,2.0,2019.0,010158492,9.0,9.0,99.0,1.0,1.0,-1,2019.0,010158492,2019,1,1,0
463517,2019010158552,544959.0,178765.0,0.08655,51.489259,1,Slight,2,1,2019-01-20,Sunday,18:56,Greenwich,E09000011,3,206,6,30.0,9,4,6,0,,,4,1,2,0,0,1,1,E01001673,3,1,20/01/2019,20/01/2019,1,9,0,9,,1,0,0,0,0,,,6,Male,28,26 - 35,-1,-1,-1,3,1,,1,1,1,1,28,6,3,0,0,0,0,0,9,1,3,2019.0,010158552,E09000011,0.0,0.0,2.0,2019.0,010158552,7.0,5.0,0.0,4.0,1.0,-1,2019.0,010158552,2019,1,1,18
463522,2019010158567,538866.0,181198.0,-0.000195,51.51265,1,Slight,2,4,2019-01-21,Monday,00:37,Tower Hamlets,E09000030,3,13,3,30.0,6,2,3,1268,,,4,1,2,0,0,1,1,E01032778,3,1,21/01/2019,21/01/2019,1,9,0,18,,8,0,0,0,0,,,6,Male,28,26 - 35,-1,-1,-1,-1,-1,,1,1,1,1,28,6,3,0,0,0,0,0,9,-1,-1,2019.0,010158567,E09000030,0.0,5.0,2.0,2019.0,010158567,3.0,7.0,0.0,4.0,1.0,-1,2019.0,010158567,2019,1,4,0
463526,2019010158579,533501.0,184192.0,-0.076328,51.540848,1,Slight,2,1,2019-12-01,Sunday,19:00,Hackney,E09000012,3,10,9,30.0,99,9,5,0,,,7,9,9,9,9,1,3,E01033707,3,1,12/01/2019,12/01/2019,1,9,9,3,,9,9,99,9,99,,,6,Male,31,26 - 35,-1,-1,-1,3,1,,1,1,1,1,31,6,3,0,0,0,0,0,9,1,3,2019.0,010158579,E09000012,9.0,9.0,2.0,2019.0,010158579,9.0,9.0,99.0,9.0,9.0,-1,2019.0,010158579,2019,12,1,19
463532,2019010158595,525588.0,178985.0,-0.192224,51.495867,1,Slight,2,1,2019-06-01,Saturday,04:47,Kensington and Chelsea,E09000020,5,0,6,30.0,6,4,6,0,,,4,1,1,0,0,1,1,E01002812,3,1,06/01/2019,06/01/2019,1,9,0,5,,8,0,0,0,0,,,1,Female,27,26 - 35,-1,-1,-1,7,1,,2,1,1,1,35,6,3,0,0,0,0,0,3,1,1,2019.0,010158595,E09000020,0.0,0.0,2.0,2019.0,010158595,7.0,3.0,0.0,1.0,1.0,-1,2019.0,010158595,2019,6,1,4
463549,2019010158660,537505.0,190995.0,-0.015969,51.601019,1,Slight,1,2,2019-01-13,Sunday,19:10,Waltham Forest,E09000031,5,0,1,40.0,1,2,4,179,,,4,8,1,0,0,1,3,E01004344,3,1,13/01/2019,13/01/2019,1,9,0,99,,8,9,99,9,99,,,6,Male,22,21 - 25,-1,-1,-1,1,1,,1,1,1,1,22,5,3,0,0,0,0,0,9,1,1,2019.0,010158660,E09000031,0.0,0.0,2.0,2019.0,010158660,9.0,9.0,99.0,9.0,1.0,-1,2019.0,010158660,2019,1,2,19
463567,2019010158710,534016.0,167742.0,-0.075139,51.392897,1,Slight,2,1,2019-01-21,Monday,00:40,Croydon,E09000008,5,0,6,20.0,0,-1,-1,-1,,,4,1,1,9,9,1,3,E01001188,3,1,21/01/2019,21/01/2019,1,9,0,99,,0,9,99,9,99,,,6,Male,24,21 - 25,-1,-1,-1,5,1,,1,1,1,1,24,5,3,0,0,0,0,0,9,1,5,2019.0,010158710,E09000008,0.0,1.0,2.0,2019.0,010158710,9.0,9.0,99.0,2.0,9.0,-1,2019.0,010158710,2019,1,1,0
463570,2019010158719,516457.0,181392.0,-0.322904,51.519453,1,Slight,2,1,2019-01-21,Monday,18:05,Ealing,E09000009,4,452,6,30.0,3,4,6,0,,,4,8,1,0,0,1,1,E01001204,3,1,21/01/2019,21/01/2019,1,3,0,18,,1,0,0,0,0,,,2,Male,25,21 - 25,-1,-1,-1,9,1,,1,1,1,1,25,5,3,0,0,0,0,0,3,1,9,2019.0,010158719,E09000009,0.0,1.0,2.0,2019.0,010158719,1.0,5.0,0.0,1.0,1.0,-1,2019.0,010158719,2019,1,1,18
463572,2019010158724,516979.0,173851.0,-0.31788,51.451568,1,Slight,3,2,2019-01-21,Monday,18:36,Richmond upon Thames,E09000027,3,305,6,30.0,3,4,6,0,,,4,1,1,0,0,1,1,E01003895,3,1,21/01/2019,21/01/2019,1,9,0,16,,6,0,0,0,0,,,6,Male,22,21 - 25,-1,-1,-1,3,1,,2,1,1,1,38,7,3,0,0,0,0,0,1,1,9,2019.0,010158724,E09000027,0.0,1.0,2.0,2019.0,010158724,3.0,7.0,0.0,0.0,1.0,-1,2019.0,010158724,2019,1,2,18
463575,2019010158727,538412.0,175618.0,-0.008921,51.462618,1,Slight,2,1,2019-01-21,Monday,20:30,Lewisham,E09000023,4,220,6,20.0,3,4,6,0,,,4,1,1,0,0,1,1,E01003199,3,1,21/01/2019,21/01/2019,1,3,0,15,,1,0,0,0,0,,,1,Male,19,16 - 20,-1,-1,-1,-1,-1,,1,1,1,1,19,4,3,0,0,0,0,0,3,-1,-1,2019.0,010158727,E09000023,0.0,0.0,2.0,2019.0,010158727,3.0,7.0,0.0,4.0,1.0,-1,2019.0,010158727,2019,1,1,20
463581,2019010158739,544482.0,187953.0,0.08345,51.57194,1,Serious,2,1,2019-01-20,Sunday,22:00,Redbridge,E09000026,5,0,6,30.0,99,9,6,0,,,4,1,1,9,0,1,3,E01003755,2,2,20/01/2019,20/01/2019,1,3,0,99,,9,9,99,9,99,,,6,Male,26,26 - 35,-1,-1,-1,2,1,,1,1,1,1,26,6,2,0,0,0,0,0,3,1,2,2019.0,010158739,E09000026,9.0,9.0,2.0,2019.0,010158739,9.0,9.0,99.0,9.0,1.0,-1,2019.0,010158739,2019,1,2,22
463584,2019010158750,528991.0,184250.0,-0.141303,51.542418,1,Serious,2,1,2019-01-21,Monday,23:30,Camden,E09000007,3,400,3,20.0,6,2,3,400,,,4,1,1,0,0,1,1,E01000856,2,2,21/01/2019,21/01/2019,1,9,0,18,,2,0,0,0,0,,,6,Female,21,21 - 25,-1,-1,-1,2,1,,2,1,1,1,28,6,2,0,0,0,0,0,1,-1,-1,2019.0,010158750,E09000007,0.0,5.0,2.0,2019.0,010158750,7.0,4.0,0.0,1.0,1.0,-1,2019.0,010158750,2019,1,2,23
463585,2019010158751,547700.0,187954.0,0.12985,51.571116,1,Serious,3,1,2019-01-22,Tuesday,00:14,Redbridge,E09000026,3,118,6,20.0,3,2,5,0,,,4,1,2,0,0,1,1,E01003662,2,2,22/01/2019,22/01/2019,1,9,0,18,,2,0,0,0,0,,,1,Male,27,26 - 35,-1,-1,-1,-1,-1,,2,1,1,1,55,8,2,0,0,0,0,0,1,1,3,2019.0,010158751,E09000026,0.0,5.0,2.0,2019.0,010158751,5.0,1.0,0.0,1.0,1.0,-1,2019.0,010158751,2019,1,2,0
463602,2019010158842,505828.0,184115.0,-0.47522,51.546018,1,Slight,2,1,2019-08-01,Thursday,20:15,Hillingdon,E09000017,6,0,6,30.0,7,2,6,0,,,4,1,1,0,0,1,3,E01002515,3,1,08/01/2019,08/01/2019,1,9,0,7,,2,0,0,0,0,,,6,Male,29,26 - 35,-1,-1,-1,7,1,,1,1,1,1,29,6,3,0,0,0,0,0,9,1,7,2019.0,010158842,E09000017,9.0,9.0,2.0,2019.0,010158842,5.0,7.0,0.0,3.0,9.0,-1,2019.0,010158842,2019,8,1,20
463617,2019010158868,525357.0,174418.0,-0.197169,51.454873,1,Slight,2,1,2019-01-20,Sunday,18:30,Wandsworth,E09000032,3,218,6,20.0,0,-1,-1,-1,,,4,1,1,0,0,1,3,E01004601,3,1,20/01/2019,20/01/2019,1,9,0,3,,0,9,99,9,99,,,6,Male,34,26 - 35,-1,-1,-1,3,1,,1,1,1,1,34,6,3,0,0,0,0,0,9,1,3,2019.0,010158868,E09000032,0.0,9.0,2.0,2019.0,010158868,1.0,5.0,99.0,2.0,1.0,-1,2019.0,010158868,2019,1,1,18
463637,2019010158931,533249.0,184804.0,-0.079728,51.546407,1,Slight,2,1,2019-01-22,Tuesday,20:35,Hackney,E09000012,3,104,6,20.0,3,9,6,0,,,4,2,2,0,0,1,3,E01002778,3,1,22/01/2019,22/01/2019,1,9,0,99,,9,9,99,9,99,,,6,Female,27,26 - 35,-1,-1,-1,6,1,,1,1,1,2,27,6,3,0,0,0,0,0,9,1,6,2019.0,010158931,E09000012,0.0,0.0,2.0,2019.0,010158931,9.0,9.0,99.0,2.0,9.0,-1,2019.0,010158931,2019,1,1,20
463648,2019010158949,518857.0,178418.0,-0.289332,51.492224,1,Slight,2,1,2019-01-22,Tuesday,19:34,Hounslow,E09000018,3,4,9,40.0,0,-1,-1,-1,,,7,3,3,0,0,1,3,E01002566,3,1,22/01/2019,22/01/2019,1,9,0,99,,0,9,99,9,99,,,6,Male,27,26 - 35,-1,-1,-1,4,1,,1,1,1,1,27,6,3,0,0,0,0,0,9,1,4,2019.0,010158949,E09000018,9.0,9.0,2.0,2019.0,010158949,9.0,9.0,99.0,1.0,9.0,-1,2019.0,010158949,2019,1,1,19
463649,2019010158955,532881.0,184225.0,-0.085251,51.541291,1,Slight,2,1,2019-12-01,Sunday,18:30,Hackney,E09000012,4,102,6,20.0,2,9,6,0,,,4,8,1,0,0,1,3,E01002718,3,1,12/01/2019,12/01/2019,1,3,0,99,,9,9,99,9,99,,,6,Male,30,26 - 35,-1,-1,-1,2,1,,1,1,1,1,30,6,3,0,0,0,0,0,3,1,2,2019.0,010158955,E09000012,9.0,9.0,2.0,2019.0,010158955,9.0,9.0,99.0,9.0,1.0,-1,2019.0,010158955,2019,12,1,18
463654,2019010158965,545410.0,183935.0,0.095171,51.535599,1,Slight,2,1,2019-01-22,Tuesday,21:08,Barking and Dagenham,E09000002,3,123,6,30.0,3,4,6,0,,,4,2,2,0,0,1,1,E01000040,3,1,22/01/2019,22/01/2019,1,9,0,18,,1,0,0,0,0,,,6,Female,27,26 - 35,-1,-1,-1,3,1,,1,1,1,2,27,6,3,0,0,0,0,0,9,1,3,2019.0,010158965,E09000002,0.0,0.0,2.0,2019.0,010158965,3.0,7.0,0.0,1.0,1.0,-1,2019.0,010158965,2019,1,1,21
463655,2019010158967,532636.0,184837.0,-0.088551,51.546848,1,Slight,2,1,2019-01-22,Tuesday,23:00,Islington,E09000019,3,1199,6,20.0,3,2,6,0,,,4,2,2,0,0,1,3,E01002716,3,1,22/01/2019,22/01/2019,1,9,0,99,,9,9,99,9,99,,,6,Male,32,26 - 35,-1,-1,-1,2,1,,1,1,1,1,32,6,3,0,0,0,0,0,9,1,2,2019.0,010158967,E09000019,0.0,0.0,2.0,2019.0,010158967,9.0,9.0,99.0,2.0,9.0,-1,2019.0,010158967,2019,1,1,23
463658,2019010158976,528434.0,190565.0,-0.147025,51.599296,1,Slight,2,1,2019-01-23,Wednesday,03:00,Barnet,E09000003,4,550,6,30.0,3,4,4,550,,,4,8,2,0,0,1,1,E01000156,3,1,23/01/2019,23/01/2019,1,9,0,18,,1,0,0,0,0,,,6,Male,24,21 - 25,-1,-1,-1,-1,-1,,2,1,1,1,50,8,3,0,0,0,0,0,9,1,5,2019.0,010158976,E09000003,0.0,0.0,2.0,2019.0,010158976,3.0,7.0,0.0,1.0,1.0,-1,2019.0,010158976,2019,1,1,3
463721,2019010159198,512093.0,172530.0,-0.388585,51.440683,1,Slight,2,1,2019-01-23,Wednesday,20:00,Hounslow,E09000018,3,312,6,30.0,6,2,3,314,,,4,1,1,0,0,1,1,E01002607,3,1,23/01/2019,23/01/2019,1,9,0,3,,2,0,0,0,0,,,6,Male,23,21 - 25,-1,-1,-1,2,1,,1,1,1,1,23,5,3,0,0,0,0,0,9,1,2,2019.0,010159198,E09000018,0.0,4.0,2.0,2019.0,010159198,2.0,4.0,0.0,2.0,1.0,-1,2019.0,010159198,2019,1,1,20
463722,2019010159199,530407.0,185938.0,-0.12027,51.557262,1,Fatal,2,1,2019-01-23,Wednesday,19:11,Islington,E09000019,3,503,2,30.0,0,-1,-1,-1,,,4,8,1,0,0,1,1,E01002763,1,3,23/01/2019,23/01/2019,1,9,0,18,,0,0,0,0,0,,,2,Male,35,26 - 35,2143,2,1,4,1,,1,1,3,1,36,7,1,1,1,0,0,0,0,-1,-1,2019.0,010159199,E09000019,0.0,4.0,2.0,2019.0,010159199,6.0,2.0,0.0,1.0,1.0,-1,2019.0,010159199,2019,1,3,19
463723,2019010159200,547691.0,186889.0,0.129274,51.561549,1,Serious,2,1,2019-01-23,Wednesday,20:35,Barking and Dagenham,E09000002,3,1083,6,30.0,6,2,5,0,,,4,1,4,0,0,1,1,E01000099,2,2,23/01/2019,23/01/2019,1,9,0,18,,8,0,0,0,0,,,2,Male,24,21 - 25,-1,-1,-1,4,1,,2,1,1,2,34,6,2,0,0,0,0,0,9,1,2,2019.0,010159200,E09000002,0.0,5.0,2.0,2019.0,010159200,7.0,3.0,0.0,4.0,1.0,-1,2019.0,010159200,2019,1,2,20
463724,2019010159205,525363.0,165858.0,-0.200106,51.377941,1,Slight,1,1,2019-01-23,Wednesday,20:37,Sutton,E09000029,4,279,6,30.0,3,4,6,0,,,4,1,1,0,0,1,1,E01004145,3,1,23/01/2019,23/01/2019,1,9,0,4,,2,0,0,0,0,,,6,Male,22,21 - 25,-1,-1,-1,8,1,,1,1,3,1,18,4,3,9,9,0,0,0,0,-1,-1,2019.0,010159205,E09000029,0.0,0.0,2.0,2019.0,010159205,4.0,2.0,0.0,1.0,1.0,-1,2019.0,010159205,2019,1,1,20
463729,2019010159220,533640.0,178562.0,-0.076459,51.490221,1,Slight,2,1,2019-01-23,Wednesday,22:32,Southwark,E09000028,4,203,6,30.0,6,2,4,203,,,4,1,1,0,0,1,1,E01003980,3,1,23/01/2019,23/01/2019,1,2,0,3,,1,0,0,0,0,,,6,Male,25,21 - 25,-1,-1,-1,1,1,,1,1,1,1,25,5,3,0,0,0,0,0,2,1,1,2019.0,010159220,E09000028,0.0,4.0,2.0,2019.0,010159220,6.0,2.0,0.0,2.0,1.0,-1,2019.0,010159220,2019,1,1,22
463731,2019010159224,528598.0,173375.0,-0.150926,51.444774,1,Slight,2,1,2019-01-23,Wednesday,21:50,Wandsworth,E09000032,4,242,2,30.0,3,4,6,0,,,4,1,2,0,0,1,1,E01004474,3,1,23/01/2019,23/01/2019,1,3,0,18,,1,0,0,0,0,,,1,Male,21,21 - 25,-1,-1,-1,5,1,,1,1,1,1,21,5,3,0,0,0,0,0,3,1,5,2019.0,010159224,E09000032,0.0,1.0,2.0,2019.0,010159224,5.0,1.0,0.0,1.0,1.0,-1,2019.0,010159224,2019,1,1,21
463735,2019010159233,525916.0,180994.0,-0.186785,51.513849,1,Serious,2,1,2019-01-23,Wednesday,22:04,Westminster,E09000033,4,411,6,30.0,6,2,6,0,,,4,1,1,0,0,1,1,E01004698,2,2,23/01/2019,23/01/2019,1,3,0,5,,8,0,0,0,0,,,6,Male,29,26 - 35,-1,-1,-1,3,1,,1,1,1,1,29,6,2,0,0,0,0,0,3,1,3,2019.0,010159233,E09000033,0.0,5.0,2.0,2019.0,010159233,7.0,3.0,0.0,1.0,1.0,-1,2019.0,010159233,2019,1,2,22
463738,2019010159238,536977.0,193591.0,-0.022574,51.624475,1,Serious,4,3,2019-01-23,Wednesday,22:30,Waltham Forest,E09000031,3,1037,3,30.0,0,-1,-1,-1,,,4,1,2,0,0,1,1,E01004361,2,2,23/01/2019,23/01/2019,1,9,0,18,,0,1,4,0,0,,,6,Male,20,16 - 20,-1,-1,-1,2,1,,1,1,1,1,20,4,3,0,0,0,0,0,9,1,2,2019.0,010159238,E09000031,0.0,0.0,2.0,2019.0,010159238,5.0,1.0,0.0,1.0,1.0,-1,2019.0,010159238,2019,1,6,22
463739,2019010159239,536717.0,176948.0,-0.03279,51.474982,1,Slight,3,1,2019-01-24,Thursday,02:00,Lewisham,E09000023,3,20,3,30.0,3,4,3,20,,,4,8,2,0,0,1,1,E01003215,3,1,24/01/2019,24/01/2019,1,9,0,9,,2,0,4,0,0,,,1,Male,28,26 - 35,-1,-1,-1,4,1,,2,1,1,1,24,5,3,0,0,0,0,0,5,1,8,2019.0,010159239,E09000023,0.0,0.0,2.0,2019.0,010159239,5.0,1.0,0.0,1.0,1.0,-1,2019.0,010159239,2019,1,1,2
463745,2019010159264,541407.0,181877.0,0.03667,51.518122,1,Slight,2,1,2019-01-20,Sunday,22:30,Newham,E09000025,3,13,3,50.0,5,4,6,0,,,7,9,9,0,0,1,3,E01003604,3,1,20/01/2019,20/01/2019,1,9,0,18,,2,0,0,0,0,,,6,Male,23,21 - 25,-1,-1,-1,7,1,,1,1,1,1,23,5,3,0,0,0,0,0,9,1,7,2019.0,010159264,E09000025,1.0,0.0,2.0,2019.0,010159264,5.0,1.0,0.0,9.0,9.0,-1,2019.0,010159264,2019,1,1,22
463746,2019010159265,521076.0,189777.0,-0.253478,51.593842,1,Slight,2,2,2019-01-22,Tuesday,19:55,Barnet,E09000003,5,0,3,30.0,0,-1,-1,-1,,,4,9,1,0,0,1,1,E01000148,3,1,22/01/2019,22/01/2019,1,9,0,3,,0,0,0,0,0,,,1,Male,33,26 - 35,-1,-1,-1,4,1,,1,1,1,1,33,6,3,0,0,0,0,0,9,1,4,2019.0,010159265,E09000003,0.0,0.0,2.0,2019.0,010159265,3.0,7.0,0.0,2.0,1.0,-1,2019.0,010159265,2019,1,2,19
463772,2019010159343,545478.0,188576.0,0.098069,51.577282,1,Slight,2,3,2019-01-23,Wednesday,21:50,Redbridge,E09000026,3,12,3,40.0,3,4,6,0,,,4,1,4,0,0,1,1,E01003641,3,1,23/01/2019,23/01/2019,1,9,0,18,,8,0,0,0,0,,,6,Male,26,26 - 35,-1,-1,-1,5,1,,1,1,1,1,26,6,3,0,0,0,0,0,9,1,5,2019.0,010159343,E09000026,0.0,0.0,2.0,2019.0,010159343,7.0,3.0,0.0,1.0,1.0,-1,2019.0,010159343,2019,1,3,21
463785,2019010159381,508690.0,179253.0,-0.435463,51.501774,1,Slight,2,2,2019-01-23,Wednesday,18:00,Hillingdon,E09000017,6,0,9,20.0,0,-1,-1,-1,,,7,1,1,0,0,1,3,E01002487,3,1,23/01/2019,23/01/2019,1,9,0,99,,0,9,99,9,99,,,6,Female,25,21 - 25,-1,-1,-1,-1,-1,,1,1,1,2,25,5,3,0,0,0,0,0,9,-1,-1,2019.0,010159381,E09000017,9.0,9.0,2.0,2019.0,010159381,9.0,9.0,99.0,9.0,9.0,-1,2019.0,010159381,2019,1,2,18
463787,2019010159384,537465.0,181041.0,-0.020433,51.511582,1,Slight,1,1,2019-01-24,Thursday,19:23,Tower Hamlets,E09000030,5,0,6,20.0,0,-1,-1,-1,,,4,1,1,0,0,1,1,E01004244,3,1,24/01/2019,24/01/2019,1,9,0,18,,0,0,0,0,0,,,6,Male,23,21 - 25,-1,-1,-1,3,1,,1,1,3,2,7,2,3,4,1,0,0,0,0,1,4,2019.0,010159384,E09000030,0.0,1.0,2.0,2019.0,010159384,1.0,5.0,0.0,4.0,1.0,-1,2019.0,010159384,2019,1,1,19
463793,2019010159394,526147.0,170282.0,-0.187276,51.417527,1,Slight,2,1,2019-01-24,Thursday,19:30,Merton,E09000024,3,218,6,30.0,3,4,6,0,,,4,1,2,0,0,1,1,E01003360,3,1,24/01/2019,24/01/2019,1,9,0,9,,6,0,0,0,0,,,6,Male,25,21 - 25,-1,-1,-1,3,1,,2,1,1,1,27,6,3,0,0,0,0,0,9,1,9,2019.0,010159394,E09000024,0.0,0.0,2.0,2019.0,010159394,3.0,1.0,0.0,1.0,1.0,-1,2019.0,010159394,2019,1,1,19
463797,2019010159401,521685.0,179051.0,-0.248398,51.497313,1,Slight,2,1,2019-01-24,Thursday,18:17,Hounslow,E09000018,4,409,6,30.0,6,2,5,0,,,4,1,1,0,0,1,1,E01001927,3,1,24/01/2019,24/01/2019,1,9,0,3,,1,0,0,0,0,,,6,Female,33,26 - 35,-1,-1,-1,4,1,,1,1,1,2,33,6,3,0,0,0,0,0,9,1,4,2019.0,010159401,E09000018,0.0,0.0,2.0,2019.0,010159401,3.0,7.0,0.0,2.0,1.0,-1,2019.0,010159401,2019,1,1,18
463801,2019010159410,533422.0,190605.0,-0.075035,51.598496,1,Slight,2,2,2019-01-24,Thursday,20:20,Haringey,E09000014,3,109,1,20.0,1,4,3,10,,,4,1,2,0,0,1,1,E01001978,3,1,24/01/2019,24/01/2019,1,9,0,18,,4,0,0,3,3,,,6,Male,25,21 - 25,-1,-1,-1,1,1,,2,1,1,2,21,5,3,0,0,0,0,0,9,1,1,2019.0,010159410,E09000014,0.0,1.0,2.0,2019.0,010159410,1.0,5.0,0.0,1.0,1.0,-1,2019.0,010159410,2019,1,2,20
463806,2019010159423,530863.0,172485.0,-0.118681,51.436257,1,Slight,1,1,2019-01-24,Thursday,18:00,Lambeth,E09000022,6,0,3,30.0,3,4,6,0,,,4,1,2,0,0,1,1,E01003152,3,1,24/01/2019,24/01/2019,1,9,0,9,,2,0,0,0,0,,,6,Male,25,21 - 25,-1,-1,-1,2,1,,1,1,3,2,31,6,3,5,1,0,0,0,0,1,8,2019.0,010159423,E09000022,0.0,0.0,2.0,2019.0,010159423,7.0,4.0,0.0,1.0,1.0,-1,2019.0,010159423,2019,1,1,18
463814,2019010159445,555538.0,186690.0,0.242299,51.557654,1,Slight,2,2,2019-01-25,Friday,01:20,Havering,E09000016,3,124,3,30.0,3,4,6,0,,,4,1,2,0,0,1,1,E01002386,3,1,25/01/2019,25/01/2019,1,9,0,1,,1,0,0,0,0,,,6,Male,27,26 - 35,998,1,4,9,3,,1,1,1,1,27,6,3,0,0,0,0,0,9,3,9,2019.0,010159445,E09000016,0.0,0.0,2.0,2019.0,010159445,8.0,4.0,0.0,2.0,1.0,-1,2019.0,010159445,2019,1,2,1
463841,2019010159533,513483.0,183081.0,-0.365206,51.535238,1,Slight,2,1,2019-01-14,Monday,18:20,Ealing,E09000009,6,0,7,30.0,3,4,6,0,,,7,1,1,0,0,1,3,E01001258,3,1,14/01/2019,14/01/2019,1,9,0,99,,9,9,99,9,99,,,6,Female,21,21 - 25,-1,-1,-1,3,1,,1,1,1,2,21,5,3,0,0,0,0,0,9,1,3,2019.0,010159533,E09000009,0.0,0.0,2.0,2019.0,010159533,9.0,9.0,99.0,9.0,9.0,-1,2019.0,010159533,2019,1,1,18
463856,2019010159581,532586.0,165380.0,-0.096561,51.372007,1,Slight,2,1,2019-01-25,Friday,19:44,Croydon,E09000008,5,0,3,30.0,0,-1,-1,-1,,,4,1,2,0,0,1,1,E01001045,3,1,25/01/2019,25/01/2019,1,9,0,18,,0,0,0,0,0,,,6,Male,26,26 - 35,-1,-1,-1,8,1,,2,1,1,1,33,6,3,0,0,0,0,0,9,-1,-1,2019.0,010159581,E09000008,0.0,0.0,2.0,2019.0,010159581,5.0,1.0,0.0,1.0,1.0,-1,2019.0,010159581,2019,1,1,19
463863,2019010159600,531457.0,183239.0,-0.106141,51.532764,1,Slight,2,1,2019-01-25,Friday,20:20,Islington,E09000019,3,1,3,20.0,3,2,5,0,,,4,1,1,0,0,1,1,E01002803,3,1,25/01/2019,25/01/2019,1,5,0,4,,1,0,0,0,0,,,6,Male,32,26 - 35,-1,-1,-1,3,1,,1,1,1,1,32,6,3,0,0,0,0,0,5,1,3,2019.0,010159600,E09000019,0.0,4.0,2.0,2019.0,010159600,1.0,5.0,0.0,0.0,1.0,-1,2019.0,010159600,2019,1,1,20
463868,2019010159611,532526.0,164156.0,-0.097878,51.361021,1,Slight,2,1,2019-01-24,Thursday,19:40,Croydon,E09000008,3,235,6,30.0,0,-1,-1,-1,,,4,1,2,0,0,1,1,E01001037,3,1,24/01/2019,24/01/2019,1,9,0,4,,0,0,0,0,0,,,6,Male,34,26 - 35,-1,-1,-1,8,1,,1,1,2,2,21,5,3,0,0,2,0,0,9,1,7,2019.0,010159611,E09000008,0.0,0.0,2.0,2019.0,010159611,1.0,5.0,0.0,2.0,1.0,-1,2019.0,010159611,2019,1,1,19
463869,2019010159612,507929.0,190637.0,-0.442932,51.604241,1,Serious,1,2,2019-01-25,Friday,21:00,Hillingdon,E09000017,6,0,6,30.0,9,4,6,0,,,4,8,2,0,0,1,1,E01002473,2,2,25/01/2019,25/01/2019,1,9,0,5,,2,0,10,2,4,,,6,Male,21,21 - 25,-1,-1,-1,7,1,,1,1,1,1,21,5,3,0,0,0,0,0,9,1,7,2019.0,010159612,E09000017,0.0,0.0,2.0,2019.0,010159612,5.0,1.0,0.0,1.0,1.0,-1,2019.0,010159612,2019,1,4,21
463870,2019010159616,535427.0,184469.0,-0.048466,51.542878,1,Slight,2,1,2019-01-25,Friday,22:40,Hackney,E09000012,5,0,6,20.0,6,4,5,0,,,4,1,2,0,0,1,1,E01001838,3,1,25/01/2019,25/01/2019,1,9,0,3,,2,0,0,0,0,,,6,Female,20,16 - 20,-1,-1,-1,6,1,,1,1,1,2,20,4,3,0,0,0,0,0,9,1,6,2019.0,010159616,E09000012,0.0,0.0,2.0,2019.0,010159616,8.0,4.0,0.0,3.0,1.0,-1,2019.0,010159616,2019,1,1,22