,accident_index,location_easting_osgr,location_northing_osgr,longitude,latitude,police_force,accident_severity,number_of_vehicles,number_of_casualties,date,day_of_week,time,local_authority_district,local_authority_highway,first_road_class,first_road_number,road_type,speed_limit,junction_detail,junction_control,second_road_class,second_road_number,pedestrian_crossing-human_control,pedestrian_crossing-physical_facilities,light_conditions,weather_conditions,road_surface_conditions,special_conditions_at_site,carriageway_hazards,urban_or_rural_area,did_police_officer_attend_scene_of_accident,lsoa_of_accident_location,accident_severity_num,accident_severity_inv,date2,date_original,vehicle_reference_x,vehicle_type,towing_and_articulation,vehicle_manoeuvre,vehicle_location-restricted_lane,junction_location,skidding_and_overturning,hit_object_in_carriageway,vehicle_leaving_carriageway,hit_object_off_carriageway,1st_point_of_impact,was_vehicle_left_hand_drive?,journey_purpose_of_driver,sex_of_driver,age_of_driver,age_band_of_driver,engine_capacity_cc,propulsion_code,age_of_vehicle,driver_imd_decile,driver_home_area_type,vehicle_imd_decile,vehicle_reference_y,casualty_reference,casualty_class,sex_of_casualty,age_of_casualty,age_band_of_casualty,casualty_severity,pedestrian_location,pedestrian_movement,car_passenger,bus_or_coach_passenger,pedestrian_road_maintenance_worker,casualty_type,casualty_home_area_type,casualty_imd_decile,accident_year_x,accident_reference_x,local_authority_ons_district,pedestrian_crossing_human_control,pedestrian_crossing_physical_facilities,trunk_road_flag,accident_year_y,accident_reference_y,vehicle_direction_from,vehicle_direction_to,vehicle_location_restricted_lane,first_point_of_impact,vehicle_left_hand_drive,generic_make_model,accident_year,accident_reference,year,month,severity,hours
463872,2019010159619,534344.0,191657.0,-0.061329,51.60773,1,Slight,2,3,2019-01-26,Saturday,00:15,Haringey,E09000014,6,0,6,30.0,3,4,5,0,,,4,1,2,0,0,1,1,E01002036,3,1,26/01/2019,26/01/2019,1,9,0,9,,6,1,0,7,0,,,6,Male,19,16 - 20,-1,-1,-1,1,1,,1,1,1,1,19,4,3,0,0,0,0,0,9,1,1,2019.0,010159619,E09000014,0.0,0.0,2.0,2019.0,010159619,5.0,1.0,0.0,3.0,1.0,-1,2019.0,010159619,2019,1,3,0
463875,2019010159633,537355.0,182846.0,-0.021314,51.527829,1,Serious,3,5,2019-01-26,Saturday,03:02,Tower Hamlets,E09000030,3,11,6,30.0,9,2,5,0,,,4,1,2,0,0,1,1,E01004267,2,2,26/01/2019,26/01/2019,1,9,0,18,,1,0,0,0,0,,,6,Male,29,26 - 35,-1,-1,-1,2,1,,1,1,1,1,29,6,3,0,0,0,0,0,9,1,2,2019.0,010159633,E09000030,0.0,5.0,2.0,2019.0,010159633,7.0,3.0,0.0,1.0,1.0,-1,2019.0,010159633,2019,1,10,3
463877,2019010159638,530130.0,182092.0,-0.125685,51.522763,1,Slight,1,1,2019-01-26,Saturday,03:25,Camden,E09000007,3,4200,3,30.0,6,2,3,4200,,,4,1,2,0,2,1,1,E01000855,3,1,26/01/2019,26/01/2019,1,9,0,9,,6,1,11,1,1,,,6,Male,31,26 - 35,-1,-1,-1,2,1,,1,1,2,2,30,6,3,0,0,1,0,0,9,1,2,2019.0,010159638,E09000007,0.0,5.0,2.0,2019.0,010159638,6.0,4.0,0.0,4.0,1.0,-1,2019.0,010159638,2019,1,1,3
463884,2019010159653,532656.0,191393.0,-0.08579,51.605758,1,Slight,1,1,2019-01-26,Saturday,04:55,Haringey,E09000014,3,10,6,20.0,99,9,6,0,,,4,9,9,0,9,1,3,E01002093,3,1,26/01/2019,26/01/2019,1,9,0,18,,1,0,0,0,0,,,2,Female,27,26 - 35,-1,-1,-1,3,1,,1,1,1,2,27,6,3,0,0,0,0,0,9,1,3,2019.0,010159653,E09000014,9.0,9.0,2.0,2019.0,010159653,1.0,5.0,0.0,2.0,1.0,-1,2019.0,010159653,2019,1,1,4
463904,2019010159729,531825.0,186463.0,-0.099631,51.56165,1,Slight,2,1,2019-01-26,Saturday,19:05,Islington,E09000019,3,1201,6,20.0,6,2,3,1201,,,4,1,2,0,0,1,1,E01001718,3,1,26/01/2019,26/01/2019,1,3,0,9,,2,0,0,0,0,,,1,Female,32,26 - 35,-1,-1,-1,2,1,,1,1,1,2,32,6,3,0,0,0,0,0,3,1,2,2019.0,010159729,E09000019,0.0,5.0,2.0,2019.0,010159729,3.0,1.0,0.0,1.0,1.0,-1,2019.0,010159729,2019,1,1,19
463908,2019010159750,533072.0,182604.0,-0.08311,51.526679,1,Slight,2,1,2019-01-26,Saturday,20:10,Hackney,E09000012,3,5201,6,20.0,7,2,6,0,,,4,1,2,0,0,1,1,E01033708,3,1,26/01/2019,26/01/2019,1,3,0,18,,2,0,0,0,0,,,1,Male,29,26 - 35,-1,-1,-1,2,1,,1,1,1,1,29,6,3,0,0,0,0,0,3,1,2,2019.0,010159750,E09000012,0.0,0.0,2.0,2019.0,010159750,7.0,3.0,0.0,0.0,1.0,-1,2019.0,010159750,2019,1,1,20
463911,2019010159761,551602.0,188018.0,0.186138,51.570657,1,Slight,2,1,2019-01-26,Saturday,20:45,Havering,E09000016,5,0,1,30.0,2,4,5,0,,,4,2,2,0,0,1,1,E01002350,3,1,26/01/2019,26/01/2019,1,9,0,9,,4,0,7,7,2,,,6,Female,20,16 - 20,-1,-1,-1,8,1,,1,1,1,2,20,4,3,0,0,0,0,0,9,1,8,2019.0,010159761,E09000016,0.0,0.0,2.0,2019.0,010159761,5.0,3.0,0.0,1.0,1.0,-1,2019.0,010159761,2019,1,1,20
463913,2019010159763,527698.0,191239.0,-0.1574,51.60552,1,Serious,1,1,2019-01-26,Saturday,23:50,Barnet,E09000003,3,406,3,50.0,5,2,6,0,,,4,1,2,0,0,1,1,E01000184,2,2,26/01/2019,26/01/2019,1,9,0,17,,7,2,0,1,7,,,6,Male,32,26 - 35,-1,-1,-1,7,1,,1,1,2,1,34,6,2,0,0,1,0,0,9,1,1,2019.0,010159763,E09000003,0.0,7.0,2.0,2019.0,010159763,3.0,7.0,0.0,1.0,1.0,-1,2019.0,010159763,2019,1,2,23
463916,2019010159768,543720.0,186346.0,0.071806,51.557695,1,Slight,2,1,2019-01-24,Thursday,21:10,Redbridge,E09000026,6,0,7,30.0,1,4,6,0,,,4,1,1,0,0,1,3,E01003689,3,1,24/01/2019,24/01/2019,1,9,0,99,,9,9,99,9,99,,,6,Female,20,16 - 20,-1,-1,-1,5,1,,1,1,1,2,20,4,3,0,0,0,0,0,9,1,5,2019.0,010159768,E09000026,0.0,1.0,2.0,2019.0,010159768,9.0,9.0,99.0,3.0,9.0,-1,2019.0,010159768,2019,1,1,21
463918,2019010159770,532779.0,168226.0,-0.092727,51.397538,1,Slight,2,1,2019-01-23,Wednesday,22:22,Croydon,E09000008,3,212,1,30.0,2,9,4,266,,,4,1,1,0,0,1,3,E01001155,3,1,23/01/2019,23/01/2019,1,9,0,18,,9,9,99,9,99,,,6,Female,25,21 - 25,-1,-1,-1,1,1,,1,1,1,2,25,5,3,0,0,0,0,0,9,1,1,2019.0,010159770,E09000008,0.0,9.0,2.0,2019.0,010159770,9.0,9.0,99.0,1.0,9.0,-1,2019.0,010159770,2019,1,1,22
463920,2019010159776,533408.0,179380.0,-0.079489,51.497627,1,Slight,2,1,2019-01-26,Saturday,23:50,Southwark,E09000028,3,100,6,20.0,3,4,3,2198,,,4,1,1,0,0,1,1,E01003976,3,1,26/01/2019,26/01/2019,1,9,0,9,,2,0,0,0,0,,,6,Female,28,26 - 35,-1,-1,-1,1,1,,2,1,1,1,42,7,3,0,0,0,0,0,1,1,3,2019.0,010159776,E09000028,0.0,1.0,2.0,2019.0,010159776,5.0,3.0,0.0,4.0,1.0,-1,2019.0,010159776,2019,1,1,23
463929,2019010159818,540558.0,174737.0,0.021601,51.454174,1,Slight,2,2,2019-01-26,Saturday,18:55,Greenwich,E09000011,3,20,6,30.0,3,9,6,0,,,4,1,9,0,0,1,3,E01001658,3,1,26/01/2019,26/01/2019,1,9,0,99,,9,9,99,9,99,,,6,Female,33,26 - 35,-1,-1,-1,7,1,,1,1,1,2,33,6,3,0,0,0,0,0,9,1,7,2019.0,010159818,E09000011,0.0,9.0,2.0,2019.0,010159818,9.0,9.0,99.0,2.0,9.0,-1,2019.0,010159818,2019,1,2,18
463931,2019010159829,545376.0,184878.0,0.095071,51.54408,1,Serious,1,1,2019-01-26,Saturday,18:00,Barking and Dagenham,E09000002,5,0,3,30.0,3,4,6,0,,,4,2,2,0,0,1,1,E01000070,2,2,26/01/2019,26/01/2019,1,9,0,17,,8,0,0,0,0,,,6,Not known,19,16 - 20,-1,-1,-1,-1,-1,,1,1,3,1,51,8,2,1,1,0,0,0,0,1,5,2019.0,010159829,E09000002,0.0,1.0,2.0,2019.0,010159829,1.0,6.0,0.0,1.0,1.0,-1,2019.0,010159829,2019,1,2,18
463945,2019010159884,524797.0,173279.0,-0.205626,51.44476,1,Slight,2,1,2019-01-26,Saturday,19:30,Wandsworth,E09000032,5,0,6,20.0,0,-1,-1,-1,,,7,2,2,9,0,1,3,E01004596,3,1,26/01/2019,26/01/2019,1,3,0,99,,0,9,99,9,99,,,6,Male,25,21 - 25,-1,-1,-1,8,1,,1,1,1,1,25,5,3,0,0,0,0,0,3,1,8,2019.0,010159884,E09000032,9.0,5.0,2.0,2019.0,010159884,9.0,9.0,99.0,9.0,1.0,-1,2019.0,010159884,2019,1,1,19
463948,2019010159893,550644.0,189613.0,0.173009,51.585245,1,Serious,1,1,2019-01-27,Sunday,18:18,Havering,E09000016,3,125,6,30.0,3,4,6,0,,,4,1,1,0,0,1,1,E01002245,2,2,27/01/2019,27/01/2019,1,9,0,16,,2,0,0,0,0,,,6,Male,26,26 - 35,-1,-1,-1,3,1,,1,1,3,1,21,5,2,5,1,0,0,0,0,1,2,2019.0,010159893,E09000016,0.0,0.0,2.0,2019.0,010159893,1.0,5.0,0.0,4.0,1.0,-1,2019.0,010159893,2019,1,2,18
463949,2019010159894,536651.0,180694.0,-0.03229,51.508661,1,Serious,2,2,2019-01-26,Saturday,20:53,Tower Hamlets,E09000030,6,0,6,30.0,99,9,3,1203,,,4,2,2,0,0,1,3,E01004258,2,2,26/01/2019,26/01/2019,1,9,0,99,,9,9,99,9,99,,,6,Male,24,21 - 25,-1,-1,-1,3,1,,1,1,1,1,24,5,3,0,0,0,0,0,9,1,3,2019.0,010159894,E09000030,0.0,0.0,2.0,2019.0,010159894,9.0,9.0,99.0,2.0,9.0,-1,2019.0,010159894,2019,1,4,20
463954,2019010159907,531867.0,178734.0,-0.101917,51.492183,1,Serious,1,1,2019-01-27,Sunday,19:40,Southwark,E09000028,3,3,6,30.0,3,2,4,240,,,4,2,2,0,0,1,1,E01032719,2,2,27/01/2019,27/01/2019,1,3,0,5,,2,0,0,0,0,,,1,Male,23,21 - 25,-1,-1,-1,3,1,,1,1,3,1,18,4,2,1,3,0,0,0,0,1,2,2019.0,010159907,E09000028,0.0,4.0,2.0,2019.0,010159907,5.0,1.0,0.0,1.0,1.0,-1,2019.0,010159907,2019,1,2,19
463958,2019010159914,538984.0,172907.0,-0.001756,51.438117,1,Slight,1,1,2019-01-27,Sunday,22:00,Lewisham,E09000023,5,0,6,30.0,2,4,6,0,,,4,8,2,0,0,1,1,E01003218,3,1,27/01/2019,27/01/2019,1,4,0,18,,4,0,0,0,0,,,6,Male,22,21 - 25,-1,-1,-1,4,1,,1,1,1,1,22,5,3,0,0,0,0,0,4,1,4,2019.0,010159914,E09000023,0.0,0.0,2.0,2019.0,010159914,4.0,5.0,0.0,1.0,1.0,-1,2019.0,010159914,2019,1,1,22
463961,2019010159920,523466.0,182649.0,-0.221494,51.529263,1,Serious,2,1,2019-01-28,Monday,00:15,Kensington and Chelsea,E09000020,3,404,6,30.0,8,4,6,0,,,4,1,1,0,0,1,1,E01002852,2,2,28/01/2019,28/01/2019,1,3,0,18,,2,0,0,0,0,,,6,Male,28,26 - 35,-1,-1,-1,2,1,,1,1,1,1,28,6,2,0,0,0,0,0,3,1,2,2019.0,010159920,E09000020,0.0,0.0,2.0,2019.0,010159920,8.0,4.0,0.0,3.0,1.0,-1,2019.0,010159920,2019,1,2,0
463962,2019010159922,537847.0,183064.0,-0.01414,51.529668,1,Slight,3,6,2019-01-28,Monday,00:45,Tower Hamlets,E09000030,3,12,3,40.0,9,4,3,11,,,4,1,1,0,0,1,1,E01032764,3,1,28/01/2019,28/01/2019,1,9,0,3,,2,0,0,0,0,,,6,Female,26,26 - 35,-1,-1,-1,3,1,,1,1,1,2,26,6,3,0,0,0,0,0,9,1,3,2019.0,010159922,E09000030,0.0,0.0,2.0,2019.0,010159922,5.0,1.0,0.0,2.0,1.0,-1,2019.0,010159922,2019,1,6,0
463963,2019010159923,532025.0,187440.0,-0.096381,51.570383,1,Slight,2,1,2019-01-28,Monday,00:34,Hackney,E09000012,3,503,6,30.0,6,2,3,503,,,4,1,1,0,0,1,3,E01001714,3,1,28/01/2019,28/01/2019,1,9,0,99,,9,9,99,9,99,,,6,Female,23,21 - 25,-1,-1,-1,3,1,,1,1,1,2,23,5,3,0,0,0,0,0,9,1,3,2019.0,010159923,E09000012,0.0,5.0,2.0,2019.0,010159923,9.0,9.0,99.0,2.0,9.0,-1,2019.0,010159923,2019,1,1,0
463965,2019010159925,521729.0,191514.0,-0.243454,51.609312,1,Serious,3,1,2019-01-28,Monday,00:40,Barnet,E09000003,5,0,6,30.0,0,-1,-1,-1,,,4,4,2,0,0,1,1,E01000260,2,2,28/01/2019,28/01/2019,1,9,0,16,,0,1,4,7,0,,,6,Male,21,21 - 25,1995,1,11,2,1,,1,1,1,1,21,5,2,0,0,0,0,0,9,1,2,2019.0,010159925,E09000003,0.0,0.0,2.0,2019.0,010159925,3.0,7.0,0.0,1.0,1.0,-1,2019.0,010159925,2019,1,2,0
463966,2019010159927,534900.0,185960.0,-0.05549,51.556403,1,Slight,2,1,2019-01-28,Monday,01:49,Hackney,E09000012,3,107,3,30.0,3,4,6,0,,,4,4,2,0,0,1,1,E01001794,3,1,28/01/2019,28/01/2019,1,9,0,14,,1,1,0,0,0,,,6,Female,24,21 - 25,-1,-1,-1,10,1,,1,1,1,2,24,5,3,0,0,0,0,0,9,1,10,2019.0,010159927,E09000012,0.0,0.0,2.0,2019.0,010159927,5.0,1.0,0.0,4.0,1.0,-1,2019.0,010159927,2019,1,1,1
463967,2019010159930,543850.0,185460.0,0.073318,51.549701,1,Slight,1,2,2019-01-27,Sunday,18:30,Redbridge,E09000026,6,0,6,30.0,0,-1,-1,-1,,,4,1,1,0,0,1,3,E01003733,3,1,27/01/2019,27/01/2019,1,9,0,99,,0,9,99,9,99,,,6,Male,20,16 - 20,-1,-1,-1,7,1,,1,1,1,1,20,4,3,0,0,0,0,0,9,1,7,2019.0,010159930,E09000026,9.0,9.0,2.0,2019.0,010159930,9.0,9.0,99.0,9.0,9.0,-1,2019.0,010159930,2019,1,2,18
463969,2019010159934,512220.0,176098.0,-0.385628,51.472727,1,Slight,2,1,2019-01-27,Sunday,22:45,Hounslow,E09000018,3,3006,2,20.0,99,2,6,0,,,4,8,1,0,0,1,3,E01002661,3,1,27/01/2019,27/01/2019,1,9,0,4,,8,0,0,0,0,,,6,Female,29,26 - 35,-1,-1,-1,3,1,,1,1,1,2,29,6,3,0,0,0,0,0,9,1,3,2019.0,010159934,E09000018,0.0,9.0,2.0,2019.0,010159934,9.0,9.0,0.0,2.0,9.0,-1,2019.0,010159934,2019,1,1,22
464013,2019010160094,526558.0,172013.0,-0.180751,51.432992,1,Slight,2,1,2019-01-28,Monday,18:10,Wandsworth,E09000032,3,217,1,30.0,2,4,5,0,,,4,1,1,0,0,1,1,E01004492,3,1,28/01/2019,28/01/2019,1,9,0,5,,4,0,0,0,0,,,6,Female,25,21 - 25,-1,-1,-1,6,3,,2,1,1,1,41,7,3,0,0,0,0,0,1,1,4,2019.0,010160094,E09000032,0.0,1.0,2.0,2019.0,010160094,4.0,8.0,0.0,1.0,1.0,-1,2019.0,010160094,2019,1,1,18
464019,2019010160104,531127.0,168812.0,-0.116243,51.403188,1,Serious,2,1,2019-01-28,Monday,18:00,Croydon,E09000008,6,0,6,20.0,6,4,6,0,,,4,1,1,0,0,1,1,E01001086,2,2,28/01/2019,28/01/2019,1,9,0,9,,6,0,0,0,0,,,6,Male,35,26 - 35,-1,-1,-1,5,1,,2,1,1,1,43,7,2,0,0,0,0,0,4,1,5,2019.0,010160104,E09000008,0.0,0.0,2.0,2019.0,010160104,1.0,7.0,0.0,3.0,1.0,-1,2019.0,010160104,2019,1,2,18
464023,2019010160110,524053.0,189627.0,-0.210575,51.591847,1,Slight,2,1,2019-01-28,Monday,19:45,Barnet,E09000003,6,0,6,30.0,9,4,3,504,,,4,1,1,0,0,1,1,E01000198,3,1,28/01/2019,28/01/2019,1,9,0,18,,8,0,0,1,10,,,6,Female,22,21 - 25,-1,-1,-1,9,1,,2,1,1,2,38,7,3,0,0,0,0,0,9,-1,-1,2019.0,010160110,E09000003,0.0,0.0,2.0,2019.0,010160110,1.0,5.0,9.0,1.0,1.0,-1,2019.0,010160110,2019,1,1,19
464025,2019010160114,538927.0,173683.0,-0.002271,51.445104,1,Slight,2,1,2019-01-28,Monday,18:20,Lewisham,E09000023,3,205,6,30.0,3,4,5,0,,,4,1,1,0,0,1,1,E01033320,3,1,28/01/2019,28/01/2019,1,9,0,3,,2,0,0,0,0,,,6,Male,21,21 - 25,-1,-1,-1,2,1,,1,1,2,1,19,4,3,0,0,2,0,0,9,-1,-1,2019.0,010160114,E09000023,0.0,0.0,2.0,2019.0,010160114,7.0,3.0,0.0,1.0,1.0,-1,2019.0,010160114,2019,1,1,18
464032,2019010160142,540414.0,183947.0,0.023193,51.53697,1,Slight,2,2,2019-01-28,Monday,23:30,Newham,E09000025,4,165,2,30.0,3,4,6,0,,,4,1,1,0,0,1,1,E01003596,3,1,28/01/2019,28/01/2019,1,9,0,18,,1,0,0,0,0,,,6,Male,28,26 - 35,-1,-1,-1,3,1,,1,1,1,1,28,6,3,0,0,0,0,0,9,1,3,2019.0,010160142,E09000025,0.0,0.0,2.0,2019.0,010160142,3.0,7.0,0.0,1.0,1.0,-1,2019.0,010160142,2019,1,2,23
464035,2019010160149,525378.0,178813.0,-0.195309,51.494368,1,Slight,3,2,2019-01-28,Monday,23:15,Kensington and Chelsea,E09000020,3,3220,3,30.0,6,2,3,4,,,4,1,1,0,0,1,1,E01002851,3,1,28/01/2019,28/01/2019,1,9,0,5,,8,1,0,0,0,,,6,Male,19,16 - 20,-1,-1,-1,4,1,,1,1,1,1,19,4,3,0,0,0,0,0,9,1,4,2019.0,010160149,E09000020,0.0,0.0,2.0,2019.0,010160149,3.0,7.0,0.0,1.0,1.0,-1,2019.0,010160149,2019,1,2,23
464036,2019010160150,534077.0,189589.0,-0.065972,51.589211,1,Slight,2,2,2019-01-28,Monday,20:30,Haringey,E09000014,3,1055,6,30.0,0,-1,-1,-1,,,4,1,1,0,0,1,1,E01002081,3,1,28/01/2019,28/01/2019,1,9,0,18,,0,0,0,7,0,,,6,Male,22,21 - 25,-1,-1,-1,-1,-1,,1,1,1,1,22,5,3,0,0,0,0,0,9,-1,-1,2019.0,010160150,E09000014,0.0,0.0,2.0,2019.0,010160150,3.0,7.0,0.0,1.0,1.0,-1,2019.0,010160150,2019,1,2,20
464050,2019010160203,507872.0,182337.0,-0.446301,51.52965,1,Slight,2,1,2019-12-01,Sunday,19:25,Hillingdon,E09000017,3,4020,3,40.0,3,9,6,0,,,1,9,9,9,9,1,3,E01002455,3,1,12/01/2019,12/01/2019,1,9,9,9,,5,9,0,0,0,,,6,Male,30,26 - 35,-1,-1,-1,-1,-1,,1,1,1,1,30,6,3,0,0,0,0,0,9,-1,-1,2019.0,010160203,E09000017,9.0,9.0,2.0,2019.0,010160203,8.0,2.0,0.0,4.0,9.0,-1,2019.0,010160203,2019,12,1,19
464057,2019010160225,507642.0,184671.0,-0.448901,51.550672,1,Slight,2,1,2019-01-28,Monday,18:35,Hillingdon,E09000017,3,437,6,30.0,3,4,6,0,,,7,1,1,0,0,1,3,E01002452,3,1,28/01/2019,28/01/2019,1,3,0,99,,9,9,99,9,99,,,2,Male,26,26 - 35,-1,-1,-1,4,1,,1,1,1,1,26,6,3,0,0,0,0,0,3,1,4,2019.0,010160225,E09000017,0.0,5.0,2.0,2019.0,010160225,9.0,9.0,99.0,1.0,1.0,-1,2019.0,010160225,2019,1,1,18
464074,2019010160256,532734.0,182508.0,-0.088016,51.525896,1,Slight,2,1,2019-01-27,Sunday,04:15,Islington,E09000019,3,5201,9,20.0,99,9,3,501,,,7,2,2,0,0,1,3,E01002701,3,1,27/01/2019,27/01/2019,1,9,0,99,,9,9,99,9,99,,,6,Female,29,26 - 35,-1,-1,-1,3,1,,1,1,1,2,29,6,3,0,0,0,0,0,9,1,3,2019.0,010160256,E09000019,9.0,9.0,2.0,2019.0,010160256,9.0,9.0,99.0,9.0,9.0,-1,2019.0,010160256,2019,1,1,4
464087,2019010160295,526552.0,167008.0,-0.182622,51.388012,1,Slight,2,1,2019-01-29,Tuesday,02:50,Sutton,E09000029,3,217,6,30.0,6,2,5,0,,,1,1,1,0,0,1,3,E01004129,3,1,29/01/2019,29/01/2019,1,3,0,99,,8,0,0,0,0,,,2,Male,24,21 - 25,-1,-1,-1,4,1,,1,1,1,1,24,5,3,0,0,0,0,0,3,1,4,2019.0,010160295,E09000029,0.0,5.0,2.0,2019.0,010160295,9.0,9.0,0.0,1.0,1.0,-1,2019.0,010160295,2019,1,1,2
464106,2019010160330,535092.0,170520.0,-0.058625,51.417606,1,Slight,1,1,2019-01-29,Tuesday,18:25,Bromley,E09000006,3,234,6,20.0,3,4,6,0,,,4,2,2,0,0,1,1,E01000806,3,1,29/01/2019,29/01/2019,1,9,0,9,,5,0,0,7,0,,,2,Male,35,26 - 35,-1,-1,-1,1,1,,1,1,3,1,34,6,3,5,3,0,0,0,0,1,4,2019.0,010160330,E09000006,0.0,5.0,2.0,2019.0,010160330,8.0,5.0,0.0,3.0,1.0,-1,2019.0,010160330,2019,1,1,18
464107,2019010160331,521583.0,182702.0,-0.248608,51.530148,1,Slight,2,1,2019-01-29,Tuesday,20:23,Ealing,E09000009,3,4000,6,30.0,3,4,6,0,,,4,2,2,0,0,1,1,E01001246,3,1,29/01/2019,29/01/2019,1,3,0,3,,2,0,0,0,0,,,2,Male,35,26 - 35,-1,-1,-1,3,1,,1,1,1,1,35,6,3,0,0,0,0,0,3,1,3,2019.0,010160331,E09000009,0.0,1.0,2.0,2019.0,010160331,5.0,1.0,0.0,2.0,1.0,-1,2019.0,010160331,2019,1,1,20
464110,2019010160334,529805.0,163086.0,-0.137328,51.352032,1,Slight,2,1,2019-01-29,Tuesday,19:40,Sutton,E09000029,4,272,6,30.0,0,-1,-1,-1,,,4,3,3,0,0,1,1,E01004085,3,1,29/01/2019,29/01/2019,1,4,0,18,,0,1,0,0,0,,,6,Male,19,16 - 20,-1,-1,-1,3,1,,1,1,1,1,19,4,3,0,0,0,0,0,4,1,3,2019.0,010160334,E09000029,0.0,0.0,2.0,2019.0,010160334,5.0,1.0,0.0,1.0,1.0,-1,2019.0,010160334,2019,1,1,19
464112,2019010160339,513194.0,181674.0,-0.369823,51.52265,1,Serious,1,1,2019-01-29,Tuesday,20:30,Ealing,E09000009,5,0,3,30.0,9,4,6,0,,,4,2,2,0,0,1,1,E01001295,2,2,29/01/2019,29/01/2019,1,2,0,9,,1,0,0,0,0,,,1,Male,18,16 - 20,-1,-1,-1,6,1,,1,1,3,1,86,11,2,5,1,0,0,0,0,1,6,2019.0,010160339,E09000009,0.0,0.0,2.0,2019.0,010160339,1.0,5.0,0.0,0.0,1.0,-1,2019.0,010160339,2019,1,2,20
464115,2019010160344,530217.0,182904.0,-0.124131,51.53004,1,Slight,2,1,2019-01-29,Tuesday,20:50,Camden,E09000007,3,501,3,30.0,3,2,3,5202,,,4,3,2,0,0,1,1,E01000956,3,1,29/01/2019,29/01/2019,1,3,0,15,,1,5,0,0,0,,,6,Male,27,26 - 35,-1,-1,-1,1,1,,1,1,1,1,27,6,3,0,0,0,0,0,3,1,1,2019.0,010160344,E09000007,0.0,5.0,2.0,2019.0,010160344,7.0,3.0,0.0,3.0,1.0,-1,2019.0,010160344,2019,1,1,20
464118,2019010160359,524913.0,181400.0,-0.201088,51.51772,1,Slight,2,1,2019-01-29,Tuesday,22:58,Westminster,E09000033,4,412,6,30.0,3,4,5,0,,,4,2,2,0,0,1,1,E01002829,3,1,29/01/2019,29/01/2019,1,3,0,10,,1,0,0,0,0,,,1,Male,28,26 - 35,-1,-1,-1,4,1,,1,1,1,1,28,6,3,0,0,0,0,0,3,1,4,2019.0,010160359,E09000033,0.0,0.0,2.0,2019.0,010160359,6.0,4.0,0.0,2.0,1.0,-1,2019.0,010160359,2019,1,1,22
464122,2019010160369,526679.0,196089.0,-0.170353,51.649335,1,Slight,3,2,2019-01-28,Monday,19:45,Barnet,E09000003,3,110,6,30.0,0,-1,-1,-1,,,4,1,2,0,0,1,1,E01000171,3,1,28/01/2019,28/01/2019,1,9,0,5,,0,0,0,0,0,,,6,Male,24,21 - 25,1242,1,1,4,1,,1,1,1,1,24,5,3,0,0,0,0,0,9,1,4,2019.0,010160369,E09000003,0.0,1.0,2.0,2019.0,010160369,1.0,5.0,0.0,1.0,1.0,-1,2019.0,010160369,2019,1,2,19
464123,2019010160370,526223.0,178434.0,-0.183279,51.490774,1,Slight,1,1,2019-01-29,Tuesday,23:30,Kensington and Chelsea,E09000020,5,0,6,20.0,6,9,3,3218,,,4,2,2,0,0,1,3,E01002898,3,1,29/01/2019,29/01/2019,1,3,0,99,,9,9,99,9,99,,,6,Male,32,26 - 35,-1,-1,-1,6,1,,1,1,1,1,32,6,3,0,0,0,0,0,3,1,6,2019.0,010160370,E09000020,9.0,5.0,2.0,2019.0,010160370,9.0,9.0,99.0,2.0,1.0,-1,2019.0,010160370,2019,1,1,23
464154,2019010160459,535018.0,182527.0,-0.055105,51.525525,1,Slight,2,1,2019-01-25,Friday,21:45,Tower Hamlets,E09000030,3,107,6,20.0,3,4,6,0,,,4,1,1,0,0,1,1,E01004209,3,1,25/01/2019,25/01/2019,1,3,0,18,,8,0,0,0,0,,,6,Male,24,21 - 25,-1,-1,-1,3,1,,1,1,1,1,24,5,3,0,0,0,0,0,3,1,3,2019.0,010160459,E09000030,2.0,1.0,2.0,2019.0,010160459,5.0,1.0,0.0,2.0,1.0,-1,2019.0,010160459,2019,1,1,21
464184,2019010160555,541237.0,168378.0,0.028834,51.396863,1,Slight,2,2,2019-01-30,Wednesday,18:30,Bromley,E09000006,4,265,6,30.0,0,-1,-1,-1,,,4,1,2,0,0,1,1,E01000679,3,1,30/01/2019,30/01/2019,1,2,0,18,,0,1,0,0,0,,,6,Male,28,26 - 35,-1,-1,-1,5,1,,1,1,1,1,28,6,3,0,0,0,0,0,2,1,5,2019.0,010160555,E09000006,0.0,0.0,2.0,2019.0,010160555,4.0,8.0,0.0,1.0,1.0,-1,2019.0,010160555,2019,1,2,18
464185,2019010160558,530245.0,189258.0,-0.121377,51.587135,1,Slight,1,1,2019-01-30,Wednesday,20:30,Haringey,E09000014,3,504,1,20.0,1,4,5,0,,,4,1,4,0,0,1,1,E01002015,3,1,30/01/2019,30/01/2019,1,9,0,18,,3,0,0,0,0,,,6,Male,30,26 - 35,-1,-1,-1,4,1,,1,1,3,1,21,5,3,1,3,0,0,0,0,1,4,2019.0,010160558,E09000014,0.0,1.0,2.0,2019.0,010160558,7.0,3.0,0.0,1.0,1.0,-1,2019.0,010160558,2019,1,1,20