,accident_index,location_easting_osgr,location_northing_osgr,longitude,latitude,police_force,accident_severity,number_of_vehicles,number_of_casualties,date,day_of_week,time,local_authority_district,local_authority_highway,first_road_class,first_road_number,road_type,speed_limit,junction_detail,junction_control,second_road_class,second_road_number,pedestrian_crossing-human_control,pedestrian_crossing-physical_facilities,light_conditions,weather_conditions,road_surface_conditions,special_conditions_at_site,carriageway_hazards,urban_or_rural_area,did_police_officer_attend_scene_of_accident,lsoa_of_accident_location,accident_severity_num,accident_severity_inv,date2,date_original,vehicle_reference_x,vehicle_type,towing_and_articulation,vehicle_manoeuvre,vehicle_location-restricted_lane,junction_location,skidding_and_overturning,hit_object_in_carriageway,vehicle_leaving_carriageway,hit_object_off_carriageway,1st_point_of_impact,was_vehicle_left_hand_drive?,journey_purpose_of_driver,sex_of_driver,age_of_driver,age_band_of_driver,engine_capacity_cc,propulsion_code,age_of_vehicle,driver_imd_decile,driver_home_area_type,vehicle_imd_decile,vehicle_reference_y,casualty_reference,casualty_class,sex_of_casualty,age_of_casualty,age_band_of_casualty,casualty_severity,pedestrian_location,pedestrian_movement,car_passenger,bus_or_coach_passenger,pedestrian_road_maintenance_worker,casualty_type,casualty_home_area_type,casualty_imd_decile,accident_year_x,accident_reference_x,local_authority_ons_district,pedestrian_crossing_human_control,pedestrian_crossing_physical_facilities,trunk_road_flag,accident_year_y,accident_reference_y,vehicle_direction_from,vehicle_direction_to,vehicle_location_restricted_lane,first_point_of_impact,vehicle_left_hand_drive,generic_make_model,accident_year,accident_reference,year,month,severity,hours
464189,2019010160567,524481.0,176391.0,-0.209076,51.472798,1,Serious,2,1,2019-01-30,Wednesday,21:22,Hammersmith and Fulham,E09000013,3,304,6,30.0,3,4,6,0,,,4,1,1,0,0,1,1,E01001952,2,2,30/01/2019,30/01/2019,1,3,0,18,,1,0,0,1,0,,,1,Female,23,21 - 25,-1,-1,-1,4,1,,1,1,1,2,23,5,2,0,0,0,0,0,3,1,4,2019.0,010160567,E09000013,0.0,0.0,2.0,2019.0,010160567,7.0,3.0,0.0,3.0,1.0,-1,2019.0,010160567,2019,1,2,21
464190,2019010160571,513068.0,184286.0,-0.3708,51.546151,1,Slight,2,2,2019-01-30,Wednesday,20:45,Ealing,E09000009,3,312,6,30.0,3,4,5,0,,,4,1,4,0,0,1,1,E01001323,3,1,30/01/2019,30/01/2019,1,9,0,18,,6,0,0,0,0,,,6,Male,33,26 - 35,-1,-1,-1,4,1,,1,1,1,1,33,6,3,0,0,0,0,0,9,1,4,2019.0,010160571,E09000009,0.0,5.0,2.0,2019.0,010160571,8.0,4.0,0.0,3.0,1.0,-1,2019.0,010160571,2019,1,2,20
464192,2019010160576,533323.0,190573.0,-0.076476,51.598232,1,Slight,2,1,2019-01-30,Wednesday,22:08,Haringey,E09000014,3,109,6,30.0,1,4,3,10,,,4,8,4,0,0,1,1,E01001978,3,1,30/01/2019,30/01/2019,1,9,0,3,,1,0,0,0,0,,,6,Male,20,16 - 20,-1,-1,-1,2,1,,2,1,1,1,33,6,3,0,0,0,0,0,2,1,1,2019.0,010160576,E09000014,0.0,0.0,2.0,2019.0,010160576,7.0,3.0,0.0,0.0,1.0,-1,2019.0,010160576,2019,1,1,22
464201,2019010160592,536854.0,181108.0,-0.029206,51.512332,1,Slight,2,1,2019-01-30,Wednesday,23:15,Tower Hamlets,E09000030,3,13,2,20.0,99,9,5,0,,,7,1,2,0,0,1,3,E01004254,3,1,30/01/2019,30/01/2019,1,9,0,99,,9,9,99,9,99,,,6,Male,26,26 - 35,-1,-1,-1,6,1,,1,1,1,1,26,6,3,0,0,0,0,0,9,1,6,2019.0,010160592,E09000030,0.0,5.0,2.0,2019.0,010160592,9.0,9.0,99.0,9.0,9.0,-1,2019.0,010160592,2019,1,1,23
464202,2019010160593,527954.0,179443.0,-0.157993,51.499453,1,Slight,2,1,2019-01-30,Wednesday,20:30,Kensington and Chelsea,E09000020,6,0,6,30.0,9,4,6,0,,,4,1,1,0,0,1,1,E01002818,3,1,30/01/2019,30/01/2019,1,5,0,18,,1,1,0,0,0,,,6,Male,33,26 - 35,-1,-1,-1,4,1,,1,1,1,1,33,6,3,0,0,0,0,0,5,1,4,2019.0,010160593,E09000020,0.0,0.0,2.0,2019.0,010160593,1.0,5.0,0.0,0.0,1.0,-1,2019.0,010160593,2019,1,1,20
464205,2019010160602,531120.0,169563.0,-0.116066,51.409938,1,Slight,2,1,2019-01-31,Thursday,02:02,Croydon,E09000008,6,0,6,20.0,3,4,6,0,,,4,1,4,0,0,1,1,E01001087,3,1,31/01/2019,31/01/2019,1,9,0,18,,1,1,4,0,0,,,6,Male,33,26 - 35,-1,-1,-1,3,1,,1,1,1,1,33,6,3,0,0,0,0,0,9,1,3,2019.0,010160602,E09000008,0.0,0.0,2.0,2019.0,010160602,2.0,6.0,0.0,1.0,1.0,-1,2019.0,010160602,2019,1,1,2
464208,2019010160608,522122.0,193290.0,-0.237163,51.625188,1,Slight,2,1,2019-01-30,Wednesday,22:22,Barnet,E09000003,4,552,6,30.0,9,4,4,552,,,4,1,4,0,0,1,1,E01000261,3,1,30/01/2019,30/01/2019,1,9,0,16,,1,0,0,0,0,,,6,Male,26,26 - 35,-1,-1,-1,3,1,,2,1,1,2,43,7,3,0,0,0,0,0,9,1,2,2019.0,010160608,E09000003,0.0,0.0,2.0,2019.0,010160608,7.0,3.0,0.0,1.0,1.0,-1,2019.0,010160608,2019,1,1,22
464209,2019010160609,523633.0,164773.0,-0.225328,51.368568,1,Fatal,1,2,2019-01-30,Wednesday,22:29,Sutton,E09000029,3,2043,6,30.0,0,-1,-1,-1,,,4,1,4,0,0,1,1,E01004118,1,3,30/01/2019,30/01/2019,1,9,0,18,,0,1,0,0,0,,,6,Male,27,26 - 35,2521,1,12,3,1,,1,1,2,1,21,5,2,0,0,1,0,0,9,-1,-1,2019.0,010160609,E09000029,0.0,0.0,2.0,2019.0,010160609,1.0,5.0,0.0,1.0,1.0,-1,2019.0,010160609,2019,1,6,22
464227,2019010160650,518515.0,189691.0,-0.290462,51.593612,1,Slight,2,1,2019-01-30,Wednesday,22:05,Harrow,E09000015,3,4140,6,30.0,99,9,3,4140,,,7,1,1,0,0,1,3,E01002202,3,1,30/01/2019,30/01/2019,1,9,0,99,,9,9,99,9,99,,,6,Male,34,26 - 35,-1,-1,-1,4,1,,1,1,1,1,34,6,3,0,0,0,0,0,9,1,4,2019.0,010160650,E09000015,0.0,5.0,2.0,2019.0,010160650,9.0,9.0,99.0,2.0,9.0,-1,2019.0,010160650,2019,1,1,22
464270,2019010215180,541928.0,189988.0,0.047444,51.590874,1,Slight,2,1,2019-10-29,Tuesday,02:02,Redbridge,E09000026,3,1400,9,20.0,3,4,6,0,,,1,2,2,0,0,1,3,E01003763,3,1,29/10/2019,29/10/2019,1,9,0,99,,9,9,99,9,99,,,2,Male,28,26 - 35,1598,1,12,6,1,,1,1,1,1,28,6,3,0,0,0,0,0,9,1,6,2019.0,010215180,E09000026,0.0,0.0,2.0,2019.0,010215180,9.0,9.0,99.0,2.0,9.0,-1,2019.0,010215180,2019,10,1,2
464283,2019010215208,530420.0,181514.0,-0.121721,51.517502,1,Slight,1,1,2019-10-31,Thursday,02:07,Camden,E09000007,3,40,2,20.0,0,-1,-1,-1,,,1,1,1,9,0,1,3,E01000918,3,1,31/10/2019,31/10/2019,1,3,9,99,,0,9,99,9,99,,,6,Male,25,21 - 25,114,1,4,3,1,,1,1,1,1,25,5,3,0,0,0,0,0,3,1,3,2019.0,010215208,E09000007,9.0,9.0,2.0,2019.0,010215208,9.0,9.0,99.0,1.0,1.0,-1,2019.0,010215208,2019,10,1,2
464292,2019010215230,532441.0,164568.0,-0.098945,51.364743,1,Slight,2,1,2019-10-26,Saturday,21:45,Croydon,E09000008,3,235,6,30.0,3,2,4,275,,,4,1,2,0,0,1,3,E01001043,3,1,26/10/2019,26/10/2019,1,9,0,99,,1,9,99,9,99,,,6,Female,34,26 - 35,2000,2,11,5,1,,1,1,1,2,34,6,3,0,0,0,0,0,9,1,5,2019.0,010215230,E09000008,0.0,5.0,2.0,2019.0,010215230,9.0,9.0,99.0,9.0,9.0,-1,2019.0,010215230,2019,10,1,21
464294,2019010215232,535160.0,181269.0,-0.053541,51.514186,1,Slight,2,2,2019-10-31,Thursday,18:30,Tower Hamlets,E09000030,3,13,6,30.0,6,2,5,0,,,4,1,1,0,0,1,1,E01004326,3,1,31/10/2019,31/10/2019,1,9,0,18,,2,0,0,0,0,,,6,Female,24,21 - 25,999,1,1,9,1,,1,1,1,2,24,5,3,0,0,0,0,0,9,1,9,2019.0,010215232,E09000030,0.0,4.0,2.0,2019.0,010215232,3.0,7.0,0.0,2.0,1.0,-1,2019.0,010215232,2019,10,2,18
464322,2019010215295,531151.0,182310.0,-0.110895,51.524486,1,Slight,3,1,2019-10-31,Thursday,21:00,Islington,E09000019,3,401,6,20.0,3,4,6,0,,,4,1,1,0,0,1,1,E01002724,3,1,31/10/2019,31/10/2019,1,3,0,18,,1,0,0,0,0,,,6,Male,18,16 - 20,124,1,9,3,1,,1,1,1,1,18,4,3,0,0,0,0,0,3,1,3,2019.0,010215295,E09000019,0.0,0.0,2.0,2019.0,010215295,5.0,1.0,0.0,1.0,1.0,-1,2019.0,010215295,2019,10,1,21
464329,2019010215316,531526.0,183775.0,-0.104946,51.537564,1,Slight,2,1,2019-10-31,Thursday,22:35,Islington,E09000019,5,0,6,20.0,3,4,6,0,,,4,1,1,0,0,1,1,E01002794,3,1,31/10/2019,31/10/2019,1,9,0,5,,1,0,0,0,0,,,6,Female,24,21 - 25,-1,-1,-1,2,1,,2,1,1,1,-1,-1,3,0,0,0,0,0,3,-1,-1,2019.0,010215316,E09000019,0.0,0.0,2.0,2019.0,010215316,1.0,5.0,0.0,3.0,1.0,-1,2019.0,010215316,2019,10,1,22
464330,2019010215317,527550.0,176312.0,-0.16494,51.471406,1,Slight,3,1,2019-10-31,Thursday,21:21,Wandsworth,E09000032,3,3220,6,30.0,0,-1,-1,-1,,,4,1,1,0,0,1,1,E01004540,3,1,31/10/2019,31/10/2019,1,9,0,18,,0,0,0,0,0,,,6,Male,29,26 - 35,1988,1,0,3,1,,3,1,1,2,29,6,3,0,0,0,0,0,9,1,9,2019.0,010215317,E09000032,0.0,0.0,2.0,2019.0,010215317,5.0,1.0,0.0,1.0,1.0,-1,2019.0,010215317,2019,10,1,21
464332,2019010215319,531231.0,189927.0,-0.106903,51.592918,1,Serious,1,1,2019-01-11,Friday,01:58,Haringey,E09000014,3,105,6,20.0,0,-1,-1,-1,,,4,2,2,0,0,1,1,E01002026,2,2,01/11/2019,01/11/2019,1,4,0,18,,0,5,10,1,2,,,6,Male,28,26 - 35,649,1,5,1,1,,1,1,1,1,28,6,2,0,0,0,0,0,4,1,1,2019.0,010215319,E09000014,0.0,0.0,2.0,2019.0,010215319,5.0,1.0,9.0,1.0,1.0,-1,2019.0,010215319,2019,1,2,1
464333,2019010215321,513844.0,174935.0,-0.36263,51.461949,1,Fatal,1,4,2019-01-11,Friday,00:03,Hounslow,E09000018,4,361,6,20.0,9,4,6,0,,,4,1,1,0,0,1,1,E01033084,1,3,01/11/2019,01/11/2019,1,9,0,18,,2,0,0,0,0,,,1,Male,31,26 - 35,1200,1,1,8,1,,1,1,1,1,31,6,3,0,0,0,0,0,9,1,8,2019.0,010215321,E09000018,0.0,1.0,2.0,2019.0,010215321,5.0,1.0,0.0,1.0,2.0,-1,2019.0,010215321,2019,1,12,0
464334,2019010215322,520913.0,177106.0,-0.260179,51.479997,1,Slight,2,1,2019-10-31,Thursday,22:45,Hounslow,E09000018,3,316,3,40.0,6,2,5,0,,,4,2,2,0,0,1,1,E01002578,3,1,31/10/2019,31/10/2019,1,9,0,18,,5,0,4,1,1,,,6,Female,26,26 - 35,1390,1,7,8,1,,1,1,1,2,26,6,3,0,0,0,0,0,9,1,8,2019.0,010215322,E09000018,0.0,4.0,2.0,2019.0,010215322,1.0,5.0,9.0,3.0,1.0,-1,2019.0,010215322,2019,10,1,22
464336,2019010215326,530548.0,162651.0,-0.126824,51.347953,1,Serious,2,1,2019-10-31,Thursday,23:34,Sutton,E09000029,4,272,6,30.0,3,4,6,0,,,1,1,1,0,0,1,1,E01004085,2,2,31/10/2019,31/10/2019,1,5,0,17,,8,5,0,1,11,,,6,Male,21,21 - 25,1157,1,18,-1,-1,,1,1,1,1,21,5,2,0,0,0,0,0,5,-1,-1,2019.0,010215326,E09000029,0.0,0.0,2.0,2019.0,010215326,1.0,5.0,0.0,1.0,1.0,-1,2019.0,010215326,2019,10,2,23
464339,2019010215329,546515.0,178243.0,0.108729,51.484168,1,Serious,3,1,2019-10-31,Thursday,23:44,Greenwich,E09000011,3,206,6,30.0,3,4,6,0,,,4,1,1,0,0,1,1,E01001574,2,2,31/10/2019,31/10/2019,1,9,0,18,,1,0,0,0,0,,,1,Male,35,26 - 35,1399,1,0,6,1,,2,1,2,1,17,4,2,0,0,1,0,0,9,-1,-1,2019.0,010215329,E09000011,0.0,0.0,2.0,2019.0,010215329,4.0,8.0,0.0,0.0,1.0,-1,2019.0,010215329,2019,10,2,23
464340,2019010215330,529908.0,182244.0,-0.128827,51.52418,1,Serious,1,1,2019-01-11,Friday,04:46,Camden,E09000007,5,0,6,20.0,6,2,5,0,,,4,2,2,0,0,1,1,E01000855,2,2,01/11/2019,01/11/2019,1,9,0,9,,6,0,0,0,0,,,2,Male,21,21 - 25,1242,1,12,4,1,,1,1,3,2,52,8,2,1,1,0,0,0,0,1,2,2019.0,010215330,E09000007,0.0,5.0,2.0,2019.0,010215330,1.0,6.0,0.0,1.0,1.0,-1,2019.0,010215330,2019,1,2,4
464343,2019010215340,548734.0,175323.0,0.139435,51.457352,1,Slight,2,2,2019-10-31,Thursday,21:30,Bexley,E09000004,3,207,6,30.0,2,9,6,0,,,4,8,1,0,0,1,3,E01000360,3,1,31/10/2019,31/10/2019,1,9,0,99,,1,9,99,9,99,,,6,Male,20,16 - 20,1242,1,4,5,1,,1,1,1,1,20,4,3,0,0,0,0,0,9,1,5,2019.0,010215340,E09000004,0.0,1.0,2.0,2019.0,010215340,9.0,9.0,99.0,2.0,1.0,-1,2019.0,010215340,2019,10,2,21
464348,2019010215356,523975.0,185513.0,-0.213152,51.554891,1,Slight,2,1,2019-10-30,Wednesday,18:00,Brent,E09000005,3,5,6,20.0,3,3,6,0,,,4,8,1,0,0,1,3,E01000556,3,1,30/10/2019,30/10/2019,1,3,0,18,,8,9,99,9,99,,,6,Male,32,26 - 35,125,1,1,3,1,,1,1,1,1,32,6,3,0,0,0,0,0,3,1,3,2019.0,010215356,E09000005,0.0,0.0,2.0,2019.0,010215356,9.0,9.0,0.0,1.0,1.0,-1,2019.0,010215356,2019,10,1,18
464349,2019010215359,530701.0,178654.0,-0.118733,51.491734,1,Slight,2,1,2019-10-24,Thursday,19:15,Lambeth,E09000022,6,0,6,20.0,6,4,6,0,,,7,2,2,0,0,1,3,E01003112,3,1,24/10/2019,24/10/2019,1,9,0,99,,9,9,99,9,99,,,2,Female,31,26 - 35,1998,8,3,2,1,,2,1,1,1,-1,-1,3,0,0,0,0,0,1,-1,-1,2019.0,010215359,E09000022,0.0,1.0,2.0,2019.0,010215359,9.0,9.0,99.0,4.0,9.0,-1,2019.0,010215359,2019,10,1,19
464353,2019010215372,540578.0,190677.0,0.028244,51.597403,1,Slight,2,1,2019-10-31,Thursday,19:25,Redbridge,E09000026,6,0,6,-1.0,3,4,6,0,,,4,1,1,0,0,1,3,E01003674,3,1,31/10/2019,31/10/2019,1,9,0,99,,1,9,99,9,99,,,2,Male,31,26 - 35,1995,2,4,9,1,,1,1,1,1,31,6,3,0,0,0,0,0,9,1,9,2019.0,010215372,E09000026,0.0,0.0,2.0,2019.0,010215372,9.0,9.0,99.0,1.0,9.0,-1,2019.0,010215372,2019,10,1,19
464387,2019010215459,512871.0,176279.0,-0.376201,51.474224,1,Slight,2,1,2019-01-11,Friday,19:20,Hounslow,E09000018,3,3063,6,30.0,3,4,6,0,,,4,2,2,0,0,1,1,E01002621,3,1,01/11/2019,01/11/2019,1,2,0,9,,1,1,0,0,0,,,1,Male,22,21 - 25,125,1,8,3,1,,1,1,1,1,22,5,3,0,0,0,0,0,2,1,3,2019.0,010215459,E09000018,0.0,0.0,2.0,2019.0,010215459,6.0,4.0,0.0,1.0,1.0,-1,2019.0,010215459,2019,1,1,19
464389,2019010215464,526199.0,165207.0,-0.188331,51.371905,1,Slight,4,1,2019-01-11,Friday,18:05,Sutton,E09000029,6,0,6,30.0,9,4,6,0,,,4,8,2,0,0,1,1,E01004149,3,1,01/11/2019,01/11/2019,1,9,0,18,,1,0,0,0,0,,,6,Male,19,16 - 20,1398,1,9,8,1,,1,1,1,1,19,4,3,0,0,0,0,0,9,1,8,2019.0,010215464,E09000029,0.0,0.0,2.0,2019.0,010215464,3.0,7.0,0.0,1.0,1.0,-1,2019.0,010215464,2019,1,1,18
464391,2019010215468,529870.0,179213.0,-0.13049,51.496949,1,Slight,1,1,2019-01-11,Friday,18:55,Westminster,E09000033,6,0,6,30.0,3,4,6,0,,,4,2,2,0,0,1,1,E01004732,3,1,01/11/2019,01/11/2019,1,9,0,9,,5,0,0,0,0,,,6,Female,25,21 - 25,1198,1,6,5,1,,1,1,3,2,45,7,3,5,3,0,0,0,0,1,5,2019.0,010215468,E09000033,0.0,0.0,2.0,2019.0,010215468,5.0,3.0,0.0,1.0,1.0,-1,2019.0,010215468,2019,1,1,18
464408,2019010215507,514228.0,176132.0,-0.356718,51.472631,1,Slight,2,2,2019-10-31,Thursday,19:46,Hounslow,E09000018,6,0,9,20.0,3,9,5,0,,,7,2,2,9,9,1,3,E01002642,3,1,31/10/2019,31/10/2019,1,9,0,99,,9,9,99,9,99,,,6,Male,21,21 - 25,1398,1,8,2,1,,1,1,1,1,21,5,3,0,0,0,0,0,9,1,2,2019.0,010215507,E09000018,0.0,5.0,2.0,2019.0,010215507,9.0,9.0,99.0,2.0,9.0,-1,2019.0,010215507,2019,10,2,19
464414,2019010215515,510493.0,178861.0,-0.40962,51.497901,1,Serious,2,1,2019-01-11,Friday,21:10,Hounslow,E09000018,3,312,3,40.0,1,2,3,312,,,4,2,2,0,0,1,1,E01002637,2,2,01/11/2019,01/11/2019,1,4,0,3,,1,0,0,0,0,,,2,Male,34,26 - 35,599,1,12,4,1,,1,1,1,1,34,6,2,0,0,0,0,0,4,1,4,2019.0,010215515,E09000018,0.0,0.0,2.0,2019.0,010215515,5.0,1.0,0.0,2.0,1.0,-1,2019.0,010215515,2019,1,2,21
464415,2019010215517,535943.0,182223.0,-0.041896,51.522571,1,Slight,2,1,2019-01-11,Friday,20:19,Tower Hamlets,E09000030,3,11,3,20.0,9,4,5,0,,,4,8,2,0,0,1,1,E01004262,3,1,01/11/2019,01/11/2019,1,9,0,7,,6,0,0,0,0,,,6,Male,26,26 - 35,1968,2,12,3,1,,2,1,1,1,37,7,3,0,0,0,0,0,1,1,4,2019.0,010215517,E09000030,0.0,0.0,2.0,2019.0,010215517,8.0,2.0,0.0,1.0,1.0,-1,2019.0,010215517,2019,1,1,20
464416,2019010215518,539755.0,183545.0,0.013538,51.533522,1,Slight,3,1,2019-01-11,Friday,20:45,Newham,E09000025,3,112,6,30.0,3,4,6,0,,,4,2,2,0,0,1,1,E01003630,3,1,01/11/2019,01/11/2019,1,9,0,18,,2,0,4,0,0,,,6,Male,34,26 - 35,2148,2,10,3,1,,1,1,1,1,34,6,3,0,0,0,0,0,9,1,3,2019.0,010215518,E09000025,0.0,1.0,2.0,2019.0,010215518,1.0,5.0,0.0,1.0,1.0,-1,2019.0,010215518,2019,1,1,20
464417,2019010215519,531216.0,173787.0,-0.113124,51.447877,1,Slight,1,1,2019-01-11,Friday,20:25,Lambeth,E09000022,3,204,6,30.0,99,9,6,0,,,4,2,2,0,0,1,3,E01003172,3,1,01/11/2019,01/11/2019,1,9,0,99,,9,9,99,9,99,,,6,Male,24,21 - 25,999,1,3,1,1,,1,1,1,1,24,5,3,0,0,0,0,0,9,1,1,2019.0,010215519,E09000022,9.0,9.0,2.0,2019.0,010215519,9.0,9.0,99.0,2.0,9.0,-1,2019.0,010215519,2019,1,1,20
464419,2019010215532,551029.0,189073.0,0.17833,51.58029,1,Serious,1,1,2019-02-11,Monday,00:48,Havering,E09000016,3,125,1,20.0,1,4,3,118,,,4,1,2,0,0,1,1,E01002353,2,2,02/11/2019,02/11/2019,1,9,0,18,,8,0,0,0,0,,,6,Male,19,16 - 20,998,1,7,4,1,,1,1,2,2,19,4,2,0,0,2,0,0,9,1,2,2019.0,010215532,E09000016,0.0,0.0,2.0,2019.0,010215532,9.0,9.0,0.0,1.0,1.0,-1,2019.0,010215532,2019,2,2,0
464420,2019010215537,527765.0,165006.0,-0.165918,51.369749,1,Slight,2,1,2019-01-11,Friday,19:00,Sutton,E09000029,4,277,2,30.0,3,4,6,0,,,4,2,2,0,0,1,1,E01004166,3,1,01/11/2019,01/11/2019,1,9,0,18,,1,0,0,0,0,,,6,Male,23,21 - 25,1199,2,7,2,1,,1,1,1,1,23,5,3,0,0,0,0,0,9,1,2,2019.0,010215537,E09000029,0.0,0.0,2.0,2019.0,010215537,4.0,8.0,0.0,4.0,1.0,-1,2019.0,010215537,2019,1,1,19
464422,2019010215541,530975.0,158456.0,-0.122236,51.310154,1,Fatal,3,2,2019-02-11,Monday,01:19,Croydon,E09000008,4,2030,6,30.0,0,-1,-1,-1,,,4,2,2,0,0,1,1,E01001019,1,3,02/11/2019,02/11/2019,1,5,0,17,,0,1,4,0,0,,,6,Male,24,21 - 25,1084,1,18,6,1,,1,1,1,1,24,5,1,0,0,0,0,0,5,1,6,2019.0,010215541,E09000008,0.0,0.0,2.0,2019.0,010215541,1.0,5.0,0.0,1.0,1.0,-1,2019.0,010215541,2019,2,6,1
464423,2019010215544,552263.0,184837.0,0.194293,51.541898,1,Slight,2,1,2019-01-11,Friday,23:35,Havering,E09000016,6,0,3,30.0,0,-1,-1,-1,,,4,8,2,0,0,1,1,E01002267,3,1,01/11/2019,01/11/2019,1,9,0,18,,0,0,0,0,0,,,6,Male,22,21 - 25,1388,1,8,3,1,,1,1,2,2,22,5,3,0,0,1,0,0,9,1,3,2019.0,010215544,E09000016,0.0,0.0,2.0,2019.0,010215544,1.0,5.0,0.0,2.0,1.0,-1,2019.0,010215544,2019,1,1,23
464424,2019010215545,540138.0,184887.0,0.01959,51.545486,1,Slight,2,1,2019-02-11,Monday,00:39,Newham,E09000025,3,118,6,30.0,0,-1,-1,-1,,,4,1,1,0,0,1,1,E01003551,3,1,02/11/2019,02/11/2019,1,9,0,5,,0,0,0,0,0,,,6,Male,33,26 - 35,1791,8,8,6,1,,1,1,1,1,33,6,3,0,0,0,0,0,9,1,6,2019.0,010215545,E09000025,0.0,4.0,2.0,2019.0,010215545,3.0,7.0,0.0,2.0,1.0,-1,2019.0,010215545,2019,2,1,0
464426,2019010215548,528626.0,181140.0,-0.147699,51.514551,1,Serious,1,5,2019-02-11,Monday,04:04,Westminster,E09000033,3,40,6,30.0,0,-1,-1,-1,,,4,1,2,0,0,1,1,E01033595,2,2,02/11/2019,02/11/2019,1,9,0,18,,0,1,10,7,0,,,6,Male,18,16 - 20,3982,1,0,-1,-1,,1,1,2,2,20,4,3,0,0,2,0,0,9,1,2,2019.0,010215548,E09000033,0.0,0.0,2.0,2019.0,010215548,3.0,7.0,0.0,1.0,2.0,-1,2019.0,010215548,2019,2,10,4
464440,2019010215599,530820.0,166835.0,-0.121382,51.385491,1,Slight,2,2,2019-01-11,Friday,00:00,Croydon,E09000008,3,236,6,20.0,1,9,5,0,,,1,1,1,9,0,1,3,E01001006,3,1,01/11/2019,01/11/2019,1,9,0,99,,9,9,99,9,99,,,6,Female,21,21 - 25,1364,1,10,8,1,,1,1,1,2,21,5,3,0,0,0,0,0,9,1,8,2019.0,010215599,E09000008,9.0,9.0,2.0,2019.0,010215599,9.0,9.0,99.0,2.0,9.0,-1,2019.0,010215599,2019,1,2,0
464444,2019010215620,532593.0,165425.0,-0.096444,51.372409,1,Slight,2,3,2019-01-11,Friday,20:50,Croydon,E09000008,5,0,2,30.0,1,2,5,0,,,4,2,2,0,0,1,3,E01001045,3,1,01/11/2019,01/11/2019,1,9,0,99,,9,9,99,9,99,,,6,Female,27,26 - 35,1590,1,15,6,1,,1,1,1,2,27,6,3,0,0,0,0,0,9,1,6,2019.0,010215620,E09000008,0.0,5.0,2.0,2019.0,010215620,9.0,9.0,99.0,2.0,9.0,-1,2019.0,010215620,2019,1,3,20
464463,2019010215669,533661.0,177650.0,-0.076501,51.482021,1,Slight,2,1,2019-01-11,Friday,23:10,Southwark,E09000028,6,0,6,20.0,99,9,6,0,,,4,1,2,0,0,1,3,E01004014,3,1,01/11/2019,01/11/2019,1,9,0,99,,9,9,99,9,99,,,6,Male,33,26 - 35,1968,2,5,3,1,,1,1,1,1,33,6,3,0,0,0,0,0,9,1,3,2019.0,010215669,E09000028,0.0,9.0,2.0,2019.0,010215669,9.0,9.0,99.0,9.0,9.0,-1,2019.0,010215669,2019,1,1,23
464467,2019010215684,539133.0,186347.0,0.005683,51.558854,1,Slight,2,1,2019-02-11,Monday,19:50,Waltham Forest,E09000031,4,161,2,30.0,9,4,6,0,,,4,4,2,0,0,1,1,E01004341,3,1,02/11/2019,02/11/2019,1,9,0,10,,1,0,0,0,0,,,6,Female,29,26 - 35,1240,1,13,4,1,,2,1,1,1,35,6,3,0,0,0,0,0,3,1,1,2019.0,010215684,E09000031,0.0,0.0,2.0,2019.0,010215684,8.0,6.0,0.0,3.0,1.0,-1,2019.0,010215684,2019,2,1,19
464472,2019010215694,527643.0,182345.0,-0.161421,51.525603,1,Slight,2,1,2019-02-11,Monday,19:45,Westminster,E09000033,3,41,3,30.0,7,2,5,0,,,5,2,1,0,0,1,1,E01004659,3,1,02/11/2019,02/11/2019,1,9,0,18,,2,0,0,0,0,,,6,Male,26,26 - 35,1395,1,1,10,1,,2,1,2,2,40,7,3,0,0,1,0,0,9,1,1,2019.0,010215694,E09000033,0.0,0.0,2.0,2019.0,010215694,5.0,1.0,0.0,1.0,1.0,-1,2019.0,010215694,2019,2,1,19
464473,2019010215695,525466.0,174530.0,-0.195561,51.455856,1,Slight,2,1,2019-02-11,Monday,19:30,Wandsworth,E09000032,3,218,6,20.0,3,9,6,0,,,4,9,9,0,9,1,3,E01004600,3,1,02/11/2019,02/11/2019,1,4,0,99,,9,9,99,9,99,,,6,Male,27,26 - 35,-1,-1,-1,2,1,,1,1,1,1,27,6,3,0,0,0,0,0,4,1,2,2019.0,010215695,E09000032,0.0,9.0,2.0,2019.0,010215695,9.0,9.0,99.0,9.0,1.0,-1,2019.0,010215695,2019,2,1,19