,accident_index,location_easting_osgr,location_northing_osgr,longitude,latitude,police_force,accident_severity,number_of_vehicles,number_of_casualties,date,day_of_week,time,local_authority_district,local_authority_highway,first_road_class,first_road_number,road_type,speed_limit,junction_detail,junction_control,second_road_class,second_road_number,pedestrian_crossing-human_control,pedestrian_crossing-physical_facilities,light_conditions,weather_conditions,road_surface_conditions,special_conditions_at_site,carriageway_hazards,urban_or_rural_area,did_police_officer_attend_scene_of_accident,lsoa_of_accident_location,accident_severity_num,accident_severity_inv,date2,date_original,vehicle_reference_x,vehicle_type,towing_and_articulation,vehicle_manoeuvre,vehicle_location-restricted_lane,junction_location,skidding_and_overturning,hit_object_in_carriageway,vehicle_leaving_carriageway,hit_object_off_carriageway,1st_point_of_impact,was_vehicle_left_hand_drive?,journey_purpose_of_driver,sex_of_driver,age_of_driver,age_band_of_driver,engine_capacity_cc,propulsion_code,age_of_vehicle,driver_imd_decile,driver_home_area_type,vehicle_imd_decile,vehicle_reference_y,casualty_reference,casualty_class,sex_of_casualty,age_of_casualty,age_band_of_casualty,casualty_severity,pedestrian_location,pedestrian_movement,car_passenger,bus_or_coach_passenger,pedestrian_road_maintenance_worker,casualty_type,casualty_home_area_type,casualty_imd_decile,accident_year_x,accident_reference_x,local_authority_ons_district,pedestrian_crossing_human_control,pedestrian_crossing_physical_facilities,trunk_road_flag,accident_year_y,accident_reference_y,vehicle_direction_from,vehicle_direction_to,vehicle_location_restricted_lane,first_point_of_impact,vehicle_left_hand_drive,generic_make_model,accident_year,accident_reference,year,month,severity,hours
464474,2019010215700,510767.0,180957.0,-0.405017,51.516686,1,Slight,2,2,2019-02-11,Monday,18:37,Hillingdon,E09000017,6,0,6,-1.0,3,9,6,0,,,7,2,2,0,0,1,3,E01002505,3,1,02/11/2019,02/11/2019,1,9,0,99,,9,9,99,9,99,,,6,Male,22,21 - 25,2979,1,17,5,1,,1,1,1,1,22,5,3,0,0,0,0,0,9,1,5,2019.0,010215700,E09000017,0.0,1.0,2.0,2019.0,010215700,9.0,9.0,99.0,9.0,9.0,-1,2019.0,010215700,2019,2,2,18
464478,2019010215707,520320.0,190199.0,-0.264242,51.597796,1,Serious,3,4,2019-02-11,Monday,21:00,Barnet,E09000003,3,5,6,30.0,0,-1,-1,-1,,,4,2,2,0,0,1,1,E01000129,2,2,02/11/2019,02/11/2019,1,9,0,14,,0,0,0,0,0,,,6,Male,32,26 - 35,1995,1,9,5,1,,1,1,1,1,32,6,3,0,0,0,0,0,9,1,5,2019.0,010215707,E09000003,0.0,0.0,2.0,2019.0,010215707,1.0,5.0,0.0,1.0,1.0,-1,2019.0,010215707,2019,2,8,21
464481,2019010215716,529288.0,175103.0,-0.140372,51.460147,1,Slight,1,2,2019-02-11,Monday,20:30,Lambeth,E09000022,3,24,6,30.0,3,4,6,0,,,4,1,2,0,2,1,1,E01003032,3,1,02/11/2019,02/11/2019,1,3,0,18,,6,0,0,0,0,,,6,Male,23,21 - 25,125,1,11,4,1,,1,1,1,1,23,5,3,0,0,0,0,0,3,1,4,2019.0,010215716,E09000022,0.0,0.0,2.0,2019.0,010215716,5.0,1.0,0.0,1.0,1.0,-1,2019.0,010215716,2019,2,2,20
464487,2019010215724,514796.0,193047.0,-0.343028,51.624545,1,Slight,2,2,2019-02-11,Monday,22:48,Harrow,E09000015,3,409,6,30.0,9,4,6,0,,,1,1,2,0,0,1,1,E01002144,3,1,02/11/2019,02/11/2019,1,9,0,18,,2,0,0,0,0,,,6,Male,29,26 - 35,1399,2,9,-1,-1,,1,1,1,1,29,6,3,0,0,0,0,0,9,-1,-1,2019.0,010215724,E09000015,0.0,0.0,2.0,2019.0,010215724,5.0,1.0,0.0,3.0,1.0,-1,2019.0,010215724,2019,2,2,22
464489,2019010215730,530641.0,181545.0,-0.118526,51.517729,1,Slight,2,1,2019-02-11,Monday,18:58,Camden,E09000007,3,40,9,20.0,0,-1,-1,-1,,,4,1,1,9,0,1,3,E01000914,3,1,02/11/2019,02/11/2019,1,3,9,99,,0,9,99,9,99,,,6,Male,25,21 - 25,125,1,1,3,1,,1,1,1,1,25,5,3,0,0,0,0,0,3,1,3,2019.0,010215730,E09000007,9.0,9.0,2.0,2019.0,010215730,9.0,9.0,99.0,9.0,1.0,-1,2019.0,010215730,2019,2,1,18
464490,2019010215734,534325.0,189583.0,-0.062397,51.589098,1,Slight,2,1,2019-02-11,Monday,20:30,Haringey,E09000014,3,503,9,30.0,99,2,6,0,,,4,2,2,0,0,1,3,E01002080,3,1,02/11/2019,02/11/2019,1,9,0,99,,9,9,99,9,99,,,6,Male,26,26 - 35,1797,8,9,2,1,,1,1,1,1,26,6,3,0,0,0,0,0,9,1,2,2019.0,010215734,E09000014,0.0,5.0,2.0,2019.0,010215734,9.0,9.0,99.0,2.0,9.0,-1,2019.0,010215734,2019,2,1,20
464491,2019010215735,541671.0,188561.0,0.043161,51.578116,1,Slight,4,2,2019-03-11,Monday,01:05,Redbridge,E09000026,3,406,3,50.0,0,-1,-1,-1,,,4,1,1,0,0,1,1,E01003675,3,1,03/11/2019,03/11/2019,1,9,0,13,,0,0,0,0,0,,,6,Male,29,26 - 35,1984,1,2,-1,-1,,3,1,1,1,38,7,3,0,0,0,0,0,9,1,1,2019.0,010215735,E09000026,0.0,0.0,2.0,2019.0,010215735,1.0,5.0,0.0,1.0,1.0,-1,2019.0,010215735,2019,3,2,1
464496,2019010215747,526645.0,184141.0,-0.175154,51.541969,1,Slight,1,1,2019-03-11,Monday,05:35,Camden,E09000007,3,41,3,20.0,7,2,4,509,,,4,1,1,0,0,1,1,E01000963,3,1,03/11/2019,03/11/2019,1,9,0,17,,1,1,10,0,0,,,6,Male,29,26 - 35,1991,1,3,4,1,,1,1,2,2,25,5,3,0,0,1,0,0,9,1,4,2019.0,010215747,E09000007,0.0,4.0,2.0,2019.0,010215747,5.0,1.0,0.0,1.0,1.0,-1,2019.0,010215747,2019,3,1,5
464508,2019010215787,509699.0,175365.0,-0.422138,51.466632,1,Slight,2,1,2019-02-11,Monday,18:38,Hillingdon,E09000017,3,30,9,30.0,6,2,5,0,,,4,2,2,0,0,1,3,E01002444,3,1,02/11/2019,02/11/2019,1,9,0,99,,9,9,99,9,99,,,6,Female,19,16 - 20,998,1,7,6,1,,1,1,1,2,19,4,3,0,0,0,0,0,9,1,6,2019.0,010215787,E09000017,0.0,5.0,2.0,2019.0,010215787,9.0,9.0,99.0,1.0,9.0,-1,2019.0,010215787,2019,2,1,18
464509,2019010215789,543191.0,181948.0,0.062393,51.518311,1,Slight,2,1,2019-02-11,Monday,05:24,Newham,E09000025,6,0,6,20.0,0,-1,-1,-1,,,4,1,1,0,0,1,3,E01003482,3,1,02/11/2019,02/11/2019,1,9,0,99,,0,9,99,9,99,,,6,Female,32,26 - 35,1798,1,11,1,1,,1,1,1,2,32,6,3,0,0,0,0,0,9,1,1,2019.0,010215789,E09000025,0.0,0.0,2.0,2019.0,010215789,9.0,9.0,99.0,9.0,9.0,-1,2019.0,010215789,2019,2,1,5
464511,2019010215794,515665.0,188409.0,-0.332009,51.582682,1,Slight,2,1,2019-01-11,Friday,19:20,Harrow,E09000015,4,457,6,20.0,99,2,3,409,,,7,2,2,0,0,1,3,E01002130,3,1,01/11/2019,01/11/2019,1,3,0,99,,9,9,99,9,99,,,6,Male,20,16 - 20,125,1,2,8,1,,1,1,1,1,20,4,3,0,0,0,0,0,3,1,8,2019.0,010215794,E09000015,9.0,5.0,2.0,2019.0,010215794,9.0,9.0,99.0,9.0,1.0,-1,2019.0,010215794,2019,1,1,19
464518,2019010215814,540064.0,183938.0,0.018146,51.536976,1,Slight,1,1,2019-01-11,Friday,19:05,Newham,E09000025,4,165,6,30.0,3,4,6,0,,,4,2,2,0,0,1,3,E01003635,3,1,01/11/2019,01/11/2019,1,9,0,99,,1,9,99,9,99,,,6,Not known,24,21 - 25,998,1,0,3,1,,1,1,3,1,13,3,3,1,1,0,0,0,0,1,3,2019.0,010215814,E09000025,9.0,1.0,2.0,2019.0,010215814,9.0,9.0,99.0,1.0,9.0,-1,2019.0,010215814,2019,1,1,19
464538,2019010215872,520566.0,181722.0,-0.263598,51.521558,1,Slight,2,1,2019-03-11,Monday,20:34,Ealing,E09000009,3,40,3,40.0,6,2,3,4000,,,4,2,2,0,0,1,1,E01001247,3,1,03/11/2019,03/11/2019,1,3,0,3,,1,0,0,0,0,,,6,Male,19,16 - 20,125,1,3,3,1,,1,1,1,1,19,4,3,0,0,0,0,0,3,1,3,2019.0,010215872,E09000009,0.0,4.0,2.0,2019.0,010215872,1.0,5.0,0.0,2.0,1.0,-1,2019.0,010215872,2019,3,1,20
464543,2019010215881,527509.0,179393.0,-0.164419,51.499104,1,Slight,3,1,2019-02-11,Monday,23:20,Kensington and Chelsea,E09000020,3,4,6,30.0,3,9,6,0,,,6,1,1,0,0,1,3,E01002819,3,1,02/11/2019,02/11/2019,1,9,0,12,,2,9,0,0,99,,,6,Male,25,21 - 25,1797,8,9,6,1,,1,1,1,1,25,5,3,0,0,0,0,0,9,1,6,2019.0,010215881,E09000020,0.0,5.0,2.0,2019.0,010215881,2.0,6.0,0.0,3.0,9.0,-1,2019.0,010215881,2019,2,1,23
464549,2019010215897,534406.0,182377.0,-0.063978,51.524323,1,Slight,2,1,2019-03-11,Monday,19:55,Tower Hamlets,E09000030,4,108,6,30.0,99,9,6,0,,,7,1,1,9,9,1,3,E01004211,3,1,03/11/2019,03/11/2019,1,3,0,99,,9,9,99,9,99,,,6,Male,21,21 - 25,125,1,2,4,1,,1,1,1,1,21,5,3,0,0,0,0,0,3,1,4,2019.0,010215897,E09000030,9.0,1.0,2.0,2019.0,010215897,9.0,9.0,99.0,9.0,1.0,-1,2019.0,010215897,2019,3,1,19
464555,2019010215922,519970.0,180154.0,-0.272717,51.507592,1,Slight,2,1,2019-03-11,Monday,23:42,Ealing,E09000009,3,4020,6,20.0,3,4,6,0,,,4,1,2,0,0,1,1,E01001351,3,1,03/11/2019,03/11/2019,1,9,0,6,,8,0,0,0,0,,,1,Male,32,26 - 35,2143,12,3,4,1,,2,1,1,1,27,6,3,0,0,0,0,0,3,-1,-1,2019.0,010215922,E09000009,0.0,0.0,2.0,2019.0,010215922,7.0,7.0,0.0,3.0,1.0,-1,2019.0,010215922,2019,3,1,23
464556,2019010215926,530995.0,190421.0,-0.110124,51.597412,1,Slight,5,5,2019-03-11,Monday,22:29,Haringey,E09000014,3,105,6,30.0,6,2,3,109,,,4,1,1,0,0,1,1,E01002098,3,1,03/11/2019,03/11/2019,1,9,0,4,,1,0,0,0,0,,,6,Female,29,26 - 35,1995,2,6,1,1,,1,1,1,2,29,6,3,0,0,0,0,0,9,1,1,2019.0,010215926,E09000014,0.0,4.0,2.0,2019.0,010215926,1.0,5.0,0.0,2.0,1.0,-1,2019.0,010215926,2019,3,5,22
464557,2019010215927,545925.0,184109.0,0.102664,51.537029,1,Slight,2,1,2019-03-11,Monday,23:30,Barking and Dagenham,E09000002,5,0,6,30.0,3,4,6,0,,,4,2,2,0,0,1,1,E01000042,3,1,03/11/2019,03/11/2019,1,9,0,5,,8,0,0,0,0,,,2,Male,18,16 - 20,1390,1,10,3,1,,1,1,1,1,18,4,3,0,0,0,0,0,9,1,3,2019.0,010215927,E09000002,0.0,0.0,2.0,2019.0,010215927,8.0,4.0,0.0,1.0,1.0,-1,2019.0,010215927,2019,3,1,23
464590,2019010216013,544532.0,187353.0,0.083924,51.566536,1,Slight,2,1,2019-11-10,Sunday,21:30,Redbridge,E09000026,5,0,6,30.0,0,-1,-1,-1,,,4,9,9,0,0,1,3,E01003756,3,1,11/10/2019,11/10/2019,1,9,5,18,,0,9,0,0,0,,,6,Male,31,26 - 35,1388,1,7,2,1,,1,1,1,1,31,6,3,0,0,0,0,0,9,1,2,2019.0,010216013,E09000026,0.0,0.0,2.0,2019.0,010216013,5.0,1.0,0.0,2.0,9.0,-1,2019.0,010216013,2019,11,1,21
464599,2019010216036,536828.0,176646.0,-0.03131,51.472241,1,Slight,2,2,2019-03-11,Monday,20:30,Lewisham,E09000023,3,20,6,30.0,6,2,4,218,,,4,1,1,0,0,1,1,E01003210,3,1,03/11/2019,03/11/2019,1,9,0,18,,1,0,0,0,0,,,6,Female,24,21 - 25,1397,1,11,2,1,,1,1,1,2,24,5,3,0,0,0,0,0,9,1,2,2019.0,010216036,E09000023,0.0,4.0,2.0,2019.0,010216036,4.0,8.0,0.0,1.0,1.0,-1,2019.0,010216036,2019,3,2,20
464600,2019010216037,529675.0,184811.0,-0.131239,51.547303,1,Slight,2,1,2019-01-11,Friday,18:20,Camden,E09000007,3,503,9,30.0,0,-1,-1,-1,,,1,1,1,0,0,1,3,E01000869,3,1,01/11/2019,01/11/2019,1,3,0,99,,0,9,99,9,99,,,6,Male,33,26 - 35,125,1,0,2,1,,1,1,1,1,33,6,3,0,0,0,0,0,3,1,2,2019.0,010216037,E09000007,0.0,0.0,2.0,2019.0,010216037,9.0,9.0,99.0,1.0,1.0,-1,2019.0,010216037,2019,1,1,18
464608,2019010216069,517377.0,182870.0,-0.309158,51.532546,1,Slight,2,1,2019-04-11,Thursday,04:21,Ealing,E09000009,4,456,6,30.0,8,4,6,0,,,1,1,1,0,0,1,3,E01001347,3,1,04/11/2019,04/11/2019,1,9,0,99,,1,9,99,9,99,,,6,Female,21,21 - 25,1086,1,13,5,1,,1,1,1,2,21,5,3,0,0,0,0,0,9,1,5,2019.0,010216069,E09000009,0.0,0.0,2.0,2019.0,010216069,9.0,9.0,99.0,9.0,9.0,-1,2019.0,010216069,2019,4,1,4
464630,2019010216134,524454.0,179942.0,-0.208214,51.504718,1,Slight,2,1,2019-04-11,Thursday,18:45,Kensington and Chelsea,E09000020,6,0,6,30.0,3,4,6,0,,,4,1,1,1,0,1,1,E01002868,3,1,04/11/2019,04/11/2019,1,9,0,7,,8,0,0,0,0,,,6,Female,26,26 - 35,1197,1,3,2,1,,2,1,1,2,46,8,3,0,0,0,0,0,1,1,5,2019.0,010216134,E09000020,0.0,0.0,2.0,2019.0,010216134,3.0,5.0,0.0,1.0,1.0,-1,2019.0,010216134,2019,4,1,18
464634,2019010216140,525768.0,174900.0,-0.191085,51.459114,1,Slight,2,1,2019-04-11,Thursday,19:14,Wandsworth,E09000032,3,217,2,20.0,6,2,3,3205,,,4,2,9,0,0,1,3,E01004509,3,1,04/11/2019,04/11/2019,1,9,0,4,,1,0,0,0,0,,,6,Female,21,21 - 25,1395,1,4,6,1,,1,1,1,2,21,5,3,0,0,0,0,0,9,1,6,2019.0,010216140,E09000032,0.0,5.0,2.0,2019.0,010216140,7.0,1.0,0.0,4.0,9.0,-1,2019.0,010216140,2019,4,1,19
464642,2019010216156,535229.0,174061.0,-0.055306,51.449395,1,Slight,2,1,2019-04-11,Thursday,19:00,Southwark,E09000028,4,238,6,30.0,99,9,6,0,,,4,1,1,0,0,1,3,E01003260,3,1,04/11/2019,04/11/2019,1,9,0,99,,9,9,99,9,99,,,6,Female,31,26 - 35,1360,1,10,2,1,,1,1,1,2,31,6,3,0,0,0,0,0,9,1,2,2019.0,010216156,E09000028,0.0,9.0,2.0,2019.0,010216156,9.0,9.0,99.0,4.0,9.0,-1,2019.0,010216156,2019,4,1,19
464646,2019010216169,524616.0,183274.0,-0.204703,51.534628,1,Slight,2,1,2019-05-11,Saturday,00:50,Brent,E09000005,5,0,6,20.0,6,2,4,451,,,4,1,1,0,0,1,1,E01000583,3,1,05/11/2019,05/11/2019,1,3,0,18,,8,0,0,0,0,,,6,Male,22,21 - 25,125,1,7,2,1,,1,1,1,1,22,5,3,0,0,0,0,0,3,1,2,2019.0,010216169,E09000005,0.0,4.0,2.0,2019.0,010216169,5.0,1.0,0.0,1.0,1.0,-1,2019.0,010216169,2019,5,1,0
464647,2019010216173,512303.0,176498.0,-0.384306,51.476305,1,Slight,2,1,2019-04-11,Thursday,23:10,Hounslow,E09000018,3,4,3,40.0,6,2,5,0,,,4,1,2,0,0,1,1,E01002623,3,1,04/11/2019,04/11/2019,1,9,0,18,,8,0,0,0,0,,,6,Male,28,26 - 35,1598,1,8,3,1,,1,1,2,2,29,6,3,0,0,1,0,0,9,1,5,2019.0,010216173,E09000018,0.0,5.0,2.0,2019.0,010216173,3.0,7.0,0.0,3.0,1.0,-1,2019.0,010216173,2019,4,1,23
464684,2019010216301,531945.0,178958.0,-0.100711,51.494178,1,Slight,2,1,2019-03-11,Monday,18:38,Southwark,E09000028,3,3,3,30.0,1,2,3,3,,,4,1,1,0,0,1,3,E01003933,3,1,03/11/2019,03/11/2019,1,9,0,99,,9,9,99,9,99,,,6,Male,31,26 - 35,1800,8,7,2,1,,1,1,1,1,31,6,3,0,0,0,0,0,9,1,2,2019.0,010216301,E09000028,0.0,0.0,2.0,2019.0,010216301,9.0,9.0,99.0,9.0,9.0,-1,2019.0,010216301,2019,3,1,18
464691,2019010216325,512697.0,173614.0,-0.379554,51.450306,1,Slight,2,1,2019-04-11,Thursday,18:07,Richmond upon Thames,E09000027,6,0,9,30.0,3,9,3,314,,,7,1,1,0,0,1,3,E01003841,3,1,04/11/2019,04/11/2019,1,9,0,99,,9,9,99,9,99,,,6,Male,33,26 - 35,2143,2,4,5,1,,1,1,1,1,33,6,3,0,0,0,0,0,9,1,5,2019.0,010216325,E09000027,9.0,9.0,2.0,2019.0,010216325,9.0,9.0,99.0,1.0,9.0,-1,2019.0,010216325,2019,4,1,18
464693,2019010216328,538066.0,182368.0,-0.011258,51.52336,1,Slight,2,1,2019-05-11,Saturday,19:56,Tower Hamlets,E09000030,4,140,6,20.0,9,4,6,0,,,4,2,2,0,0,1,1,E01004238,3,1,05/11/2019,05/11/2019,1,3,0,10,,2,0,0,0,0,,,1,Male,35,26 - 35,125,1,1,3,1,,1,1,1,1,35,6,3,0,0,0,0,0,3,1,3,2019.0,010216328,E09000030,0.0,0.0,2.0,2019.0,010216328,5.0,3.0,0.0,3.0,1.0,-1,2019.0,010216328,2019,5,1,19
464694,2019010216329,530334.0,172861.0,-0.126149,51.439758,1,Slight,1,1,2019-05-11,Saturday,19:18,Lambeth,E09000022,3,23,3,30.0,3,4,6,0,,,4,2,2,0,0,1,1,E01003131,3,1,05/11/2019,05/11/2019,1,9,0,18,,2,0,0,0,0,,,6,Not known,19,16 - 20,-1,-1,-1,-1,-1,,1,1,3,1,66,10,3,5,9,0,0,0,0,1,3,2019.0,010216329,E09000022,0.0,0.0,2.0,2019.0,010216329,1.0,5.0,0.0,1.0,1.0,-1,2019.0,010216329,2019,5,1,19
464696,2019010216336,525282.0,173498.0,-0.198573,51.446622,1,Slight,2,1,2019-05-11,Saturday,18:10,Wandsworth,E09000032,3,218,3,30.0,8,4,6,0,,,4,1,1,0,0,1,1,E01004593,3,1,05/11/2019,05/11/2019,1,8,0,9,,1,0,0,0,0,,,2,Male,27,26 - 35,1580,8,0,1,1,,2,1,1,1,41,7,3,0,0,0,0,0,1,1,9,2019.0,010216336,E09000032,0.0,0.0,2.0,2019.0,010216336,3.0,1.0,0.0,3.0,1.0,-1,2019.0,010216336,2019,5,1,18
464700,2019010216342,536643.0,176651.0,-0.03397,51.472331,1,Slight,1,1,2019-05-11,Saturday,21:10,Lewisham,E09000023,6,0,6,30.0,0,-1,-1,-1,,,4,2,2,0,0,1,1,E01003209,3,1,05/11/2019,05/11/2019,1,9,0,17,,0,0,10,0,0,,,6,Male,23,21 - 25,998,1,16,6,1,,1,1,3,1,24,5,3,5,3,0,0,0,0,1,3,2019.0,010216342,E09000023,0.0,0.0,2.0,2019.0,010216342,6.0,2.0,0.0,1.0,1.0,-1,2019.0,010216342,2019,5,1,21
464706,2019010216357,530272.0,172563.0,-0.12715,51.437094,1,Slight,2,1,2019-05-11,Saturday,21:10,Lambeth,E09000022,3,23,6,30.0,99,2,6,0,,,7,1,2,0,0,1,3,E01003153,3,1,05/11/2019,05/11/2019,1,9,0,99,,9,9,99,9,99,,,6,Male,26,26 - 35,999,1,1,9,1,,1,1,1,1,26,6,3,0,0,0,0,0,9,1,9,2019.0,010216357,E09000022,0.0,5.0,2.0,2019.0,010216357,9.0,9.0,99.0,2.0,9.0,-1,2019.0,010216357,2019,5,1,21
464712,2019010216376,524040.0,181262.0,-0.213712,51.516672,1,Slight,2,2,2019-05-11,Saturday,22:56,Kensington and Chelsea,E09000020,3,40,3,40.0,0,-1,-1,-1,,,4,9,1,0,0,1,1,E01002878,3,1,05/11/2019,05/11/2019,1,9,0,18,,0,0,0,0,0,,,6,Male,30,26 - 35,1995,2,10,4,1,,1,1,1,1,30,6,3,0,0,0,0,0,9,1,4,2019.0,010216376,E09000020,0.0,0.0,2.0,2019.0,010216376,2.0,6.0,0.0,1.0,1.0,-1,2019.0,010216376,2019,5,2,22
464713,2019010216377,541998.0,168853.0,0.039955,51.400941,1,Slight,2,1,2019-05-11,Saturday,22:16,Bromley,E09000006,4,265,6,30.0,0,-1,-1,-1,,,4,1,1,0,0,1,1,E01000648,3,1,05/11/2019,05/11/2019,1,9,0,13,,0,0,0,7,0,,,6,Male,31,26 - 35,1364,1,11,10,1,,1,1,1,1,31,6,3,0,0,0,0,0,9,1,10,2019.0,010216377,E09000006,0.0,0.0,2.0,2019.0,010216377,3.0,7.0,0.0,1.0,1.0,-1,2019.0,010216377,2019,5,1,22
464727,2019010216418,520699.0,181835.0,-0.261643,51.522545,1,Slight,2,1,2019-10-19,Saturday,21:55,Ealing,E09000009,6,0,6,20.0,3,2,3,4000,,,4,1,9,0,0,1,3,E01001238,3,1,19/10/2019,19/10/2019,1,9,0,18,,2,1,0,0,0,,,6,Female,34,26 - 35,1595,1,12,2,1,,1,1,1,2,34,6,3,0,0,0,0,0,9,1,2,2019.0,010216418,E09000009,0.0,5.0,2.0,2019.0,010216418,9.0,9.0,0.0,1.0,9.0,-1,2019.0,010216418,2019,10,1,21
464770,2019010216548,538614.0,181123.0,-0.003854,51.512038,1,Slight,2,1,2019-10-26,Saturday,18:45,Tower Hamlets,E09000030,3,13,3,30.0,99,9,6,0,,,7,2,2,0,0,1,3,E01032778,3,1,26/10/2019,26/10/2019,1,9,9,99,,9,9,99,9,99,,,6,Male,28,26 - 35,1398,1,6,2,1,,1,1,1,1,28,6,3,0,0,0,0,0,9,1,2,2019.0,010216548,E09000030,0.0,5.0,2.0,2019.0,010216548,9.0,9.0,99.0,9.0,9.0,-1,2019.0,010216548,2019,10,1,18
464777,2019010216561,525325.0,177222.0,-0.196636,51.480081,1,Slight,2,1,2019-06-11,Tuesday,19:45,Hammersmith and Fulham,E09000013,3,304,6,30.0,0,-1,-1,-1,,,4,1,1,0,0,1,1,E01001953,3,1,06/11/2019,06/11/2019,1,3,0,4,,0,0,0,0,0,,,1,Male,25,21 - 25,108,1,2,4,1,,1,1,1,1,25,5,3,0,0,0,0,0,3,1,4,2019.0,010216561,E09000013,0.0,5.0,2.0,2019.0,010216561,4.0,8.0,0.0,1.0,1.0,-1,2019.0,010216561,2019,6,1,19
464786,2019010216601,508088.0,176979.0,-0.444828,51.48145,1,Slight,2,1,2019-06-11,Tuesday,21:40,Hillingdon,E09000017,6,0,6,30.0,9,4,6,0,,,4,1,1,0,0,1,1,E01002447,3,1,06/11/2019,06/11/2019,1,9,0,9,,5,0,0,0,0,,,6,Female,32,26 - 35,1390,1,7,4,1,,1,1,1,2,32,6,3,0,0,0,0,0,9,1,4,2019.0,010216601,E09000017,0.0,0.0,2.0,2019.0,010216601,7.0,6.0,0.0,4.0,1.0,-1,2019.0,010216601,2019,6,1,21
464811,2019010216677,529463.0,178632.0,-0.136563,51.491821,1,Slight,2,1,2019-06-11,Tuesday,04:10,Westminster,E09000033,6,0,6,20.0,99,9,3,202,,,1,1,1,9,0,1,3,E01004740,3,1,06/11/2019,06/11/2019,1,3,0,99,,9,9,0,9,99,,,6,Male,18,16 - 20,125,1,7,3,1,,1,1,1,1,18,4,3,0,0,0,0,0,3,1,3,2019.0,010216677,E09000033,9.0,9.0,2.0,2019.0,010216677,9.0,9.0,99.0,9.0,1.0,-1,2019.0,010216677,2019,6,1,4
464815,2019010216687,514436.0,190754.0,-0.348975,51.604009,1,Slight,2,1,2019-10-14,Monday,22:30,Harrow,E09000015,5,0,6,20.0,3,4,6,0,,,7,2,2,0,0,1,3,E01002143,3,1,14/10/2019,14/10/2019,1,9,0,99,,9,9,99,9,99,,,6,Male,28,26 - 35,1950,2,3,4,1,,1,1,1,1,28,6,3,0,0,0,0,0,9,1,4,2019.0,010216687,E09000015,9.0,9.0,2.0,2019.0,010216687,9.0,9.0,99.0,9.0,9.0,-1,2019.0,010216687,2019,10,1,22
464850,2019010216762,536066.0,181356.0,-0.040459,51.514751,1,Slight,1,1,2019-07-11,Thursday,18:30,Tower Hamlets,E09000030,4,121,1,20.0,2,4,6,0,,,5,4,1,0,0,1,1,E01004288,3,1,07/11/2019,07/11/2019,1,9,0,17,,3,0,0,2,10,,,6,Male,22,21 - 25,1499,1,1,3,1,,1,1,3,1,33,6,3,5,3,0,0,0,0,1,2,2019.0,010216762,E09000030,0.0,0.0,2.0,2019.0,010216762,7.0,3.0,0.0,0.0,1.0,-1,2019.0,010216762,2019,7,1,18
464851,2019010216767,525049.0,181048.0,-0.199254,51.514527,1,Slight,2,1,2019-07-11,Thursday,18:21,Kensington and Chelsea,E09000020,5,0,1,30.0,2,4,5,0,,,4,1,1,0,0,1,1,E01002886,3,1,07/11/2019,07/11/2019,1,9,0,18,,8,0,0,0,0,,,6,Male,31,26 - 35,2967,2,8,2,1,,2,1,1,2,53,8,3,0,0,0,0,0,1,-1,-1,2019.0,010216767,E09000020,0.0,0.0,2.0,2019.0,010216767,3.0,7.0,0.0,1.0,1.0,-1,2019.0,010216767,2019,7,1,18
464854,2019010216770,524381.0,186941.0,-0.206794,51.567636,1,Slight,2,1,2019-07-11,Thursday,18:30,Barnet,E09000003,3,41,3,40.0,0,-1,-1,-1,,,4,1,1,0,0,1,1,E01000135,3,1,07/11/2019,07/11/2019,1,9,0,18,,0,0,0,0,0,,,6,Female,22,21 - 25,1242,1,8,6,2,,2,1,1,1,39,7,3,0,0,0,0,0,3,1,7,2019.0,010216770,E09000003,0.0,0.0,2.0,2019.0,010216770,1.0,5.0,0.0,2.0,1.0,-1,2019.0,010216770,2019,7,1,18
464856,2019010216774,511653.0,191111.0,-0.38903,51.607777,1,Slight,2,1,2019-07-11,Thursday,19:53,Harrow,E09000015,6,0,3,30.0,0,-1,-1,-1,,,4,1,2,0,0,1,1,E01002190,3,1,07/11/2019,07/11/2019,1,3,0,4,,0,0,0,0,0,,,6,Male,21,21 - 25,125,1,5,-1,-1,,1,1,1,1,21,5,3,0,0,0,0,0,3,-1,-1,2019.0,010216774,E09000015,0.0,0.0,2.0,2019.0,010216774,5.0,1.0,0.0,1.0,1.0,-1,2019.0,010216774,2019,7,1,19
464859,2019010216786,534679.0,186700.0,-0.058393,51.563106,1,Slight,2,2,2019-07-11,Thursday,20:30,Hackney,E09000012,3,107,6,20.0,99,2,6,0,,,7,1,1,9,0,1,3,E01001722,3,1,07/11/2019,07/11/2019,1,9,0,99,,9,9,99,9,99,,,6,Male,23,21 - 25,1596,1,4,1,1,,1,1,1,1,23,5,3,0,0,0,0,0,9,1,1,2019.0,010216786,E09000012,9.0,5.0,2.0,2019.0,010216786,9.0,9.0,99.0,9.0,9.0,-1,2019.0,010216786,2019,7,2,20