,accident_index,location_easting_osgr,location_northing_osgr,longitude,latitude,police_force,accident_severity,number_of_vehicles,number_of_casualties,date,day_of_week,time,local_authority_district,local_authority_highway,first_road_class,first_road_number,road_type,speed_limit,junction_detail,junction_control,second_road_class,second_road_number,pedestrian_crossing-human_control,pedestrian_crossing-physical_facilities,light_conditions,weather_conditions,road_surface_conditions,special_conditions_at_site,carriageway_hazards,urban_or_rural_area,did_police_officer_attend_scene_of_accident,lsoa_of_accident_location,accident_severity_num,accident_severity_inv,date2,date_original,vehicle_reference_x,vehicle_type,towing_and_articulation,vehicle_manoeuvre,vehicle_location-restricted_lane,junction_location,skidding_and_overturning,hit_object_in_carriageway,vehicle_leaving_carriageway,hit_object_off_carriageway,1st_point_of_impact,was_vehicle_left_hand_drive?,journey_purpose_of_driver,sex_of_driver,age_of_driver,age_band_of_driver,engine_capacity_cc,propulsion_code,age_of_vehicle,driver_imd_decile,driver_home_area_type,vehicle_imd_decile,vehicle_reference_y,casualty_reference,casualty_class,sex_of_casualty,age_of_casualty,age_band_of_casualty,casualty_severity,pedestrian_location,pedestrian_movement,car_passenger,bus_or_coach_passenger,pedestrian_road_maintenance_worker,casualty_type,casualty_home_area_type,casualty_imd_decile,accident_year_x,accident_reference_x,local_authority_ons_district,pedestrian_crossing_human_control,pedestrian_crossing_physical_facilities,trunk_road_flag,accident_year_y,accident_reference_y,vehicle_direction_from,vehicle_direction_to,vehicle_location_restricted_lane,first_point_of_impact,vehicle_left_hand_drive,generic_make_model,accident_year,accident_reference,year,month,severity,hours
465184,2019010217742,525066.0,179320.0,-0.199621,51.498993,1,Slight,1,1,2019-11-11,Monday,23:40,Kensington and Chelsea,E09000020,6,0,6,30.0,9,4,3,315,,,4,1,1,0,0,1,1,E01002865,3,1,11/11/2019,11/11/2019,1,3,0,18,,1,0,0,0,0,,,1,Male,32,26 - 35,108,1,1,3,1,,1,1,1,1,32,6,3,0,0,0,0,0,3,1,3,2019.0,010217742,E09000020,0.0,0.0,2.0,2019.0,010217742,1.0,5.0,0.0,0.0,1.0,-1,2019.0,010217742,2019,11,1,23
465185,2019010217745,516200.0,179065.0,-0.327373,51.498591,1,Slight,1,2,2019-11-11,Monday,23:25,Ealing,E09000009,3,3002,6,20.0,3,4,6,0,,,4,1,1,0,0,1,1,E01001248,3,1,11/11/2019,11/11/2019,1,3,0,18,,2,0,0,0,0,,,2,Male,32,26 - 35,125,1,3,3,1,,1,1,1,1,32,6,3,0,0,0,0,0,3,1,3,2019.0,010217745,E09000009,0.0,1.0,2.0,2019.0,010217745,5.0,1.0,0.0,1.0,1.0,-1,2019.0,010217745,2019,11,2,23
465223,2019010217839,526593.0,178100.0,-0.178072,51.487689,1,Slight,2,1,2019-06-11,Tuesday,19:20,Kensington and Chelsea,E09000020,3,308,3,30.0,6,9,6,0,,,5,1,2,0,9,1,3,E01002911,3,1,06/11/2019,06/11/2019,1,3,0,99,,9,9,99,9,99,,,6,Male,27,26 - 35,125,1,3,4,1,,1,1,1,1,27,6,3,0,0,0,0,0,3,1,4,2019.0,010217839,E09000020,9.0,1.0,2.0,2019.0,010217839,9.0,9.0,99.0,9.0,1.0,-1,2019.0,010217839,2019,6,1,19
465227,2019010217854,536281.0,181130.0,-0.03745,51.512668,1,Slight,2,1,2019-07-11,Thursday,22:35,Tower Hamlets,E09000030,3,13,9,30.0,99,2,6,0,,,7,8,1,0,0,1,3,E01004286,3,1,07/11/2019,07/11/2019,1,4,0,99,,9,9,99,9,99,,,6,Male,25,21 - 25,399,1,1,2,1,,1,1,1,1,25,5,3,0,0,0,0,0,4,1,2,2019.0,010217854,E09000030,9.0,0.0,2.0,2019.0,010217854,9.0,9.0,99.0,9.0,1.0,-1,2019.0,010217854,2019,7,1,22
465238,2019010217888,544203.0,186553.0,0.078853,51.559432,1,Slight,1,1,2019-11-11,Monday,19:30,Redbridge,E09000026,3,118,1,30.0,1,4,3,1083,,,7,1,1,0,0,1,3,E01003686,3,1,11/11/2019,11/11/2019,1,9,0,99,,4,9,99,9,99,,,6,Male,19,16 - 20,1422,2,3,6,1,,1,1,1,1,19,4,3,0,0,0,0,0,9,1,6,2019.0,010217888,E09000026,0.0,9.0,2.0,2019.0,010217888,9.0,9.0,99.0,9.0,9.0,-1,2019.0,010217888,2019,11,1,19
465242,2019010217900,518016.0,189436.0,-0.297748,51.591425,1,Slight,1,1,2019-12-11,Wednesday,18:50,Harrow,E09000015,5,0,9,20.0,0,-1,-1,-1,,,7,8,9,0,0,1,3,E01002167,3,1,12/11/2019,12/11/2019,1,3,0,99,,0,0,0,0,0,,,6,Male,26,26 - 35,108,1,3,5,1,,1,1,1,1,26,6,3,0,0,0,0,0,3,1,5,2019.0,010217900,E09000015,9.0,0.0,2.0,2019.0,010217900,9.0,9.0,0.0,9.0,1.0,-1,2019.0,010217900,2019,12,1,18
465245,2019010217907,525072.0,169897.0,-0.202863,51.414304,1,Slight,2,1,2019-12-11,Wednesday,18:08,Merton,E09000024,3,238,6,30.0,6,4,3,238,,,4,1,2,0,0,1,1,E01003384,3,1,12/11/2019,12/11/2019,1,3,0,18,,1,0,0,0,0,,,6,Male,21,21 - 25,125,1,8,-1,-1,,1,1,1,1,21,5,3,0,0,0,0,0,3,-1,-1,2019.0,010217907,E09000024,0.0,0.0,2.0,2019.0,010217907,2.0,6.0,0.0,2.0,1.0,-1,2019.0,010217907,2019,12,1,18
465255,2019010217928,532826.0,166301.0,-0.092771,51.380227,1,Serious,2,1,2019-12-11,Wednesday,20:06,Croydon,E09000008,6,0,7,30.0,8,4,6,0,,,4,1,1,0,0,1,1,E01001048,2,2,12/11/2019,12/11/2019,1,3,0,18,,1,0,0,0,0,,,6,Female,20,16 - 20,125,1,4,3,1,,1,1,1,2,20,4,2,0,0,0,0,0,3,1,3,2019.0,010217928,E09000008,0.0,0.0,2.0,2019.0,010217928,5.0,1.0,0.0,1.0,1.0,-1,2019.0,010217928,2019,12,2,20
465262,2019010217953,537643.0,181670.0,-0.017624,51.517191,1,Slight,2,1,2019-12-11,Wednesday,21:11,Tower Hamlets,E09000030,6,0,6,20.0,3,4,6,0,,,4,1,2,0,0,1,1,E01004250,3,1,12/11/2019,12/11/2019,1,3,0,17,,1,0,0,0,0,,,6,Male,20,16 - 20,125,1,2,1,1,,1,1,1,1,20,4,3,0,0,0,0,0,3,1,1,2019.0,010217953,E09000030,0.0,0.0,2.0,2019.0,010217953,3.0,2.0,0.0,1.0,1.0,-1,2019.0,010217953,2019,12,1,21
465266,2019010217960,521612.0,185969.0,-0.247061,51.559503,1,Slight,2,1,2019-11-13,Wednesday,02:37,Brent,E09000005,5,0,6,30.0,0,-1,-1,-1,,,4,1,1,0,0,1,1,E01000510,3,1,13/11/2019,13/11/2019,1,3,0,6,,0,0,0,0,0,,,6,Male,20,16 - 20,125,1,0,3,1,,1,1,1,1,20,4,3,0,0,0,0,0,3,1,3,2019.0,010217960,E09000005,0.0,0.0,2.0,2019.0,010217960,5.0,5.0,0.0,1.0,1.0,-1,2019.0,010217960,2019,11,1,2
465270,2019010217970,525889.0,164612.0,-0.192993,51.366626,1,Slight,1,1,2019-12-11,Wednesday,21:06,Sutton,E09000029,4,2230,3,30.0,7,2,5,0,,,4,2,2,0,0,1,1,E01004140,3,1,12/11/2019,12/11/2019,1,9,0,18,,1,0,0,0,0,,,6,Female,33,26 - 35,2231,2,6,9,1,,1,1,3,1,33,6,3,1,4,0,0,0,0,1,2,2019.0,010217970,E09000029,0.0,5.0,2.0,2019.0,010217970,1.0,5.0,0.0,3.0,1.0,-1,2019.0,010217970,2019,12,1,21
465281,2019010217998,524498.0,196646.0,-0.201663,51.654828,1,Slight,1,1,2019-08-11,Sunday,19:02,Barnet,E09000003,3,1000,6,30.0,99,2,6,0,,,4,2,2,0,0,1,3,E01000250,3,1,08/11/2019,08/11/2019,1,9,0,18,,9,9,0,0,0,,,6,Female,29,26 - 35,1364,1,12,7,1,,1,1,1,2,29,6,3,0,0,0,0,0,9,1,7,2019.0,010217998,E09000003,9.0,9.0,2.0,2019.0,010217998,8.0,4.0,99.0,1.0,1.0,-1,2019.0,010217998,2019,8,1,19
465321,2019010218111,522905.0,184627.0,-0.228887,51.547162,1,Slight,1,1,2019-11-13,Wednesday,01:25,Brent,E09000005,5,0,9,20.0,3,2,3,4000,,,4,9,9,0,0,1,3,E01000642,3,1,13/11/2019,13/11/2019,1,9,0,99,,1,9,99,9,99,,,6,Male,21,21 - 25,998,1,15,7,1,,1,1,1,1,21,5,3,0,0,0,0,0,9,1,7,2019.0,010218111,E09000005,9.0,5.0,2.0,2019.0,010218111,9.0,9.0,99.0,2.0,9.0,-1,2019.0,010218111,2019,11,1,1
465334,2019010218150,524876.0,177914.0,-0.202854,51.486399,1,Serious,2,1,2019-11-13,Wednesday,19:30,Hammersmith and Fulham,E09000013,4,317,6,30.0,3,4,6,0,,,4,2,2,0,0,1,1,E01001912,2,2,13/11/2019,13/11/2019,1,3,0,4,,1,5,0,0,0,,,1,Male,31,26 - 35,108,1,3,6,1,,1,1,1,1,31,6,2,0,0,0,0,0,3,1,6,2019.0,010218150,E09000013,0.0,1.0,2.0,2019.0,010218150,1.0,5.0,0.0,0.0,1.0,-1,2019.0,010218150,2019,11,2,19
465335,2019010218151,543205.0,181313.0,0.062337,51.512601,1,Slight,1,1,2019-11-13,Wednesday,18:14,Newham,E09000025,3,117,1,30.0,1,4,3,117,,,4,1,1,0,0,1,1,E01003480,3,1,13/11/2019,13/11/2019,1,9,0,16,,8,2,10,0,0,,,6,Male,22,21 - 25,1998,1,0,2,1,,1,1,1,1,22,5,3,0,0,0,0,0,9,1,2,2019.0,010218151,E09000025,0.0,1.0,2.0,2019.0,010218151,8.0,4.0,0.0,1.0,1.0,-1,2019.0,010218151,2019,11,1,18
465337,2019010218162,536285.0,187125.0,-0.035073,51.56654,1,Slight,2,1,2019-11-13,Wednesday,19:50,Waltham Forest,E09000031,3,104,6,20.0,6,2,3,1006,,,4,8,2,0,0,1,1,E01004427,3,1,13/11/2019,13/11/2019,1,9,0,18,,5,0,0,0,0,,,6,Male,21,21 - 25,2198,1,17,2,1,,2,1,1,2,51,8,3,0,0,0,0,0,9,1,2,2019.0,010218162,E09000031,0.0,0.0,2.0,2019.0,010218162,3.0,7.0,0.0,1.0,1.0,-1,2019.0,010218162,2019,11,1,19
465340,2019010218167,520661.0,185084.0,-0.261077,51.551753,1,Slight,2,1,2019-11-13,Wednesday,18:30,Brent,E09000005,3,406,3,40.0,9,2,5,0,,,4,1,1,0,0,1,1,E01000602,3,1,13/11/2019,13/11/2019,1,3,0,18,,8,0,0,0,0,,,1,Male,26,26 - 35,124,1,2,3,1,,1,1,1,1,26,6,3,0,0,0,0,0,3,1,3,2019.0,010218167,E09000005,0.0,5.0,2.0,2019.0,010218167,1.0,5.0,2.0,1.0,1.0,-1,2019.0,010218167,2019,11,1,18
465354,2019010218208,510563.0,187113.0,-0.406023,51.572057,1,Slight,2,2,2019-11-13,Wednesday,23:38,Hillingdon,E09000017,6,0,6,20.0,3,4,6,0,,,6,2,2,0,0,1,1,E01002420,3,1,13/11/2019,13/11/2019,1,9,0,18,,2,0,0,0,0,,,1,Male,25,21 - 25,1499,1,1,-1,-1,,1,1,1,1,25,5,3,0,0,0,0,0,9,-1,-1,2019.0,010218208,E09000017,0.0,0.0,2.0,2019.0,010218208,7.0,3.0,0.0,1.0,2.0,-1,2019.0,010218208,2019,11,2,23
465357,2019010218214,519280.0,188720.0,-0.279753,51.584725,1,Slight,1,1,2019-11-13,Wednesday,21:17,Brent,E09000005,3,4006,6,30.0,0,-1,-1,-1,,,4,2,2,0,0,1,1,E01000543,3,1,13/11/2019,13/11/2019,1,9,0,18,,0,0,0,0,0,,,6,Male,30,26 - 35,1339,1,15,4,1,,1,1,3,1,78,11,3,4,1,0,0,0,0,1,6,2019.0,010218214,E09000005,0.0,4.0,2.0,2019.0,010218214,5.0,1.0,0.0,1.0,1.0,-1,2019.0,010218214,2019,11,1,21
465359,2019010218216,517664.0,180703.0,-0.305746,51.51301,1,Fatal,1,1,2019-11-14,Thursday,03:32,Ealing,E09000009,3,4020,6,30.0,3,2,4,455,,,4,2,2,0,0,1,1,E01001221,1,3,14/11/2019,14/11/2019,1,9,0,15,,1,0,0,0,0,,,5,Male,29,26 - 35,2199,2,5,-1,-1,,1,1,3,1,63,9,1,5,1,0,0,0,0,1,6,2019.0,010218216,E09000009,0.0,5.0,2.0,2019.0,010218216,2.0,6.0,0.0,1.0,1.0,-1,2019.0,010218216,2019,11,3,3
465360,2019010218217,526981.0,181261.0,-0.171349,51.516011,1,Slight,2,1,2019-11-14,Thursday,03:45,Westminster,E09000033,3,4209,6,30.0,6,4,6,0,,,4,2,2,0,0,1,1,E01033594,3,1,14/11/2019,14/11/2019,1,3,0,18,,5,0,0,0,0,,,6,Male,30,26 - 35,124,1,11,8,1,,1,1,1,1,30,6,3,0,0,0,0,0,3,1,8,2019.0,010218217,E09000033,0.0,0.0,2.0,2019.0,010218217,6.0,2.0,0.0,1.0,1.0,-1,2019.0,010218217,2019,11,1,3
465373,2019010218246,536612.0,180791.0,-0.032814,51.509542,1,Slight,2,1,2019-03-11,Monday,00:18,Tower Hamlets,E09000030,3,1203,9,30.0,99,9,6,0,,,7,9,9,9,9,1,3,E01004258,3,1,03/11/2019,03/11/2019,1,9,9,18,,9,9,99,9,99,,,6,Female,30,26 - 35,1995,2,7,6,1,,1,1,2,1,30,6,3,0,0,9,0,0,9,1,6,2019.0,010218246,E09000030,9.0,9.0,2.0,2019.0,010218246,1.0,5.0,99.0,3.0,9.0,-1,2019.0,010218246,2019,3,1,0
465387,2019010218268,534325.0,166413.0,-0.071202,51.380881,1,Slight,2,1,2019-11-13,Wednesday,22:30,Croydon,E09000008,3,222,6,30.0,9,9,6,0,,,4,8,2,9,9,1,3,E01000986,3,1,13/11/2019,13/11/2019,1,9,0,99,,9,9,99,9,99,,,6,Male,25,21 - 25,999,1,0,7,1,,1,1,1,1,25,5,3,0,0,0,0,0,9,1,7,2019.0,010218268,E09000008,9.0,1.0,2.0,2019.0,010218268,9.0,9.0,99.0,2.0,9.0,-1,2019.0,010218268,2019,11,1,22
465388,2019010218269,534407.0,183178.0,-0.063658,51.531521,1,Slight,2,1,2019-07-31,Wednesday,18:45,Tower Hamlets,E09000030,3,1208,6,20.0,99,1,6,0,,,1,1,1,0,0,1,3,E01004202,3,1,31/07/2019,31/07/2019,1,3,0,99,,9,9,99,9,99,,,2,Male,26,26 - 35,125,1,6,4,1,,1,1,1,1,26,6,3,0,0,0,0,0,3,1,4,2019.0,010218269,E09000030,0.0,5.0,2.0,2019.0,010218269,9.0,9.0,99.0,9.0,1.0,-1,2019.0,010218269,2019,7,1,18
465391,2019010218289,527376.0,181994.0,-0.165395,51.522509,1,Slight,2,1,2019-12-11,Wednesday,22:18,Westminster,E09000033,4,507,9,20.0,99,9,6,0,,,4,1,1,0,0,1,3,E01033603,3,1,12/11/2019,12/11/2019,1,3,0,99,,9,9,99,9,99,,,6,Male,32,26 - 35,125,1,1,1,1,,1,1,1,1,32,6,3,0,0,0,0,0,3,1,1,2019.0,010218289,E09000033,0.0,9.0,2.0,2019.0,010218289,9.0,9.0,99.0,9.0,1.0,-1,2019.0,010218289,2019,12,1,22
465419,2019010218384,531982.0,173855.0,-0.102082,51.44831,1,Slight,2,1,2019-11-13,Wednesday,18:53,Lambeth,E09000022,6,0,6,20.0,3,9,3,215,,,7,1,1,0,0,1,3,E01003169,3,1,13/11/2019,13/11/2019,1,3,0,99,,9,9,99,9,99,,,6,Male,26,26 - 35,125,1,6,2,1,,1,1,1,1,26,6,3,0,0,0,0,0,3,1,2,2019.0,010218384,E09000022,0.0,9.0,2.0,2019.0,010218384,9.0,9.0,99.0,2.0,1.0,-1,2019.0,010218384,2019,11,1,18
465438,2019010218414,514804.0,190584.0,-0.343719,51.602407,1,Slight,2,1,2019-11-14,Thursday,18:35,Harrow,E09000015,6,0,6,30.0,6,4,6,0,,,4,1,1,0,0,1,1,E01002232,3,1,14/11/2019,14/11/2019,1,9,0,18,,8,0,0,0,0,,,6,Male,24,21 - 25,2143,2,4,3,1,,1,1,1,1,24,5,3,0,0,0,0,0,9,1,3,2019.0,010218414,E09000015,0.0,0.0,2.0,2019.0,010218414,3.0,7.0,0.0,1.0,1.0,-1,2019.0,010218414,2019,11,1,18
465441,2019010218422,535953.0,179588.0,-0.042768,51.49889,1,Slight,1,1,2019-11-14,Thursday,19:20,Southwark,E09000028,6,0,6,20.0,3,4,6,0,,,4,2,2,0,0,1,1,E01004057,3,1,14/11/2019,14/11/2019,1,9,0,9,,5,0,0,7,0,,,6,Male,29,26 - 35,1396,1,15,6,1,,1,1,3,2,32,6,3,8,3,0,0,0,0,1,6,2019.0,010218422,E09000028,0.0,0.0,2.0,2019.0,010218422,8.0,5.0,0.0,1.0,1.0,-1,2019.0,010218422,2019,11,1,19
465448,2019010218435,537682.0,194048.0,-0.012217,51.628409,1,Slight,4,2,2019-11-14,Thursday,21:30,Waltham Forest,E09000031,3,112,6,30.0,0,-1,-1,-1,,,4,1,1,0,0,1,1,E01004357,3,1,14/11/2019,14/11/2019,1,9,0,18,,0,0,4,0,0,,,6,Male,26,26 - 35,-1,-1,-1,7,1,,1,1,1,1,26,6,3,0,0,0,0,0,9,1,7,2019.0,010218435,E09000031,0.0,0.0,2.0,2019.0,010218435,5.0,1.0,0.0,1.0,1.0,-1,2019.0,010218435,2019,11,2,21
465472,2019010218516,543068.0,181632.0,0.060494,51.515502,1,Slight,2,5,2019-04-09,Tuesday,21:20,Newham,E09000025,5,0,9,30.0,1,4,3,117,,,4,9,9,9,9,1,3,E01003486,3,1,04/09/2019,04/09/2019,1,9,9,18,,1,9,99,9,99,,,6,Female,35,26 - 35,1329,1,10,3,1,,1,1,1,2,35,6,3,0,0,0,0,0,9,1,3,2019.0,010218516,E09000025,9.0,9.0,2.0,2019.0,010218516,1.0,5.0,99.0,9.0,9.0,-1,2019.0,010218516,2019,4,5,21
465515,2019010218630,512336.0,183706.0,-0.381537,51.541084,1,Slight,2,1,2019-11-14,Thursday,19:00,Ealing,E09000009,3,312,9,20.0,99,9,6,0,,,1,1,1,0,0,1,3,E01001324,3,1,14/11/2019,14/11/2019,1,3,0,99,,9,9,99,9,99,,,6,Male,24,21 - 25,125,1,6,7,1,,1,1,1,1,24,5,3,0,0,0,0,0,3,1,7,2019.0,010218630,E09000009,0.0,0.0,2.0,2019.0,010218630,9.0,9.0,99.0,9.0,1.0,-1,2019.0,010218630,2019,11,1,19
465521,2019010218653,536063.0,189074.0,-0.037521,51.584107,1,Slight,2,1,2019-11-15,Friday,19:08,Waltham Forest,E09000031,3,1006,6,20.0,3,4,6,0,,,4,2,2,0,0,1,1,E01004393,3,1,15/11/2019,15/11/2019,1,3,0,18,,1,0,0,0,0,,,1,Male,19,16 - 20,108,1,4,2,1,,1,1,1,1,19,4,3,0,0,0,0,0,3,1,2,2019.0,010218653,E09000031,0.0,0.0,2.0,2019.0,010218653,5.0,1.0,0.0,3.0,1.0,-1,2019.0,010218653,2019,11,1,19
465524,2019010218658,518334.0,188882.0,-0.293346,51.58638,1,Slight,2,1,2019-11-15,Friday,19:45,Brent,E09000005,3,4006,6,30.0,3,4,6,0,,,4,2,2,0,0,1,1,E01033463,3,1,15/11/2019,15/11/2019,1,9,0,9,,6,0,0,1,0,,,6,Male,26,26 - 35,1900,2,13,6,1,,1,1,2,2,31,6,3,0,0,1,0,0,9,1,6,2019.0,010218658,E09000005,2.0,0.0,2.0,2019.0,010218658,5.0,2.0,0.0,3.0,1.0,-1,2019.0,010218658,2019,11,1,19
465526,2019010218660,518080.0,177924.0,-0.300684,51.487947,1,Serious,1,1,2019-11-15,Friday,18:39,Hounslow,E09000018,4,455,6,20.0,9,4,6,0,,,4,1,2,0,0,1,1,E01002567,2,2,15/11/2019,15/11/2019,1,3,0,18,,1,1,0,0,0,,,1,Male,25,21 - 25,109,1,4,6,1,,1,1,3,2,46,8,2,8,3,0,0,0,0,1,3,2019.0,010218660,E09000018,0.0,0.0,2.0,2019.0,010218660,5.0,1.0,0.0,3.0,-1.0,-1,2019.0,010218660,2019,11,2,18
465529,2019010218663,516246.0,177370.0,-0.327269,51.483347,1,Serious,1,1,2019-11-15,Friday,18:42,Hounslow,E09000018,4,454,3,40.0,6,2,3,4,,,4,2,2,0,0,1,1,E01002678,2,2,15/11/2019,15/11/2019,1,3,0,4,,1,2,0,0,0,,,6,Male,28,26 - 35,125,1,7,1,1,,1,1,1,1,28,6,2,0,0,0,0,0,3,1,1,2019.0,010218663,E09000018,2.0,5.0,2.0,2019.0,010218663,7.0,3.0,0.0,1.0,1.0,-1,2019.0,010218663,2019,11,2,18
465532,2019010218666,527690.0,172985.0,-0.164125,51.441474,1,Serious,2,1,2019-11-15,Friday,19:38,Wandsworth,E09000032,4,237,1,30.0,2,4,6,0,,,4,2,2,0,0,1,1,E01004547,2,2,15/11/2019,15/11/2019,1,4,0,18,,4,2,0,0,0,,,1,Male,18,16 - 20,108,1,0,5,1,,2,1,1,1,-1,-1,2,0,0,0,0,0,1,1,6,2019.0,010218666,E09000032,0.0,0.0,2.0,2019.0,010218666,1.0,5.0,0.0,1.0,1.0,-1,2019.0,010218666,2019,11,2,19
465542,2019010218686,521946.0,188065.0,-0.241518,51.578269,1,Slight,1,1,2019-11-15,Friday,18:32,Barnet,E09000003,3,504,2,30.0,3,4,3,504,,,6,2,2,0,0,1,1,E01000313,3,1,15/11/2019,15/11/2019,1,9,0,17,,2,1,0,0,0,,,2,Male,24,21 - 25,1753,2,11,3,1,,1,1,3,2,30,6,3,1,1,0,0,0,0,1,1,2019.0,010218686,E09000003,0.0,1.0,2.0,2019.0,010218686,4.0,2.0,0.0,1.0,1.0,-1,2019.0,010218686,2019,11,1,18
465550,2019010218702,526415.0,191910.0,-0.175675,51.611839,1,Slight,2,1,2019-11-15,Friday,22:00,Barnet,E09000003,3,1000,3,30.0,3,4,6,0,,,4,2,2,0,0,1,1,E01000299,3,1,15/11/2019,15/11/2019,1,9,0,7,,5,0,0,0,0,,,6,Male,18,16 - 20,998,1,4,-1,-1,,2,1,1,1,37,7,3,0,0,0,0,0,9,1,4,2019.0,010218702,E09000003,0.0,0.0,2.0,2019.0,010218702,5.0,8.0,0.0,4.0,1.0,-1,2019.0,010218702,2019,11,1,22
465551,2019010218703,530809.0,157995.0,-0.124785,51.306049,1,Serious,1,3,2019-11-15,Friday,20:50,Croydon,E09000008,6,0,6,20.0,0,-1,-1,-1,,,4,8,2,0,0,1,1,E01001020,2,2,15/11/2019,15/11/2019,1,9,0,18,,0,1,0,1,11,,,6,Male,20,16 - 20,1598,1,6,-1,-1,,1,1,1,1,20,4,2,0,0,0,0,0,9,-1,-1,2019.0,010218703,E09000008,0.0,0.0,2.0,2019.0,010218703,4.0,8.0,0.0,1.0,1.0,-1,2019.0,010218703,2019,11,6,20
465556,2019010218714,525885.0,173751.0,-0.18981,51.448762,1,Slight,1,1,2019-11-15,Friday,22:10,Wandsworth,E09000032,6,0,6,20.0,3,4,3,217,,,4,1,2,0,0,1,1,E01004494,3,1,15/11/2019,15/11/2019,1,2,0,7,,1,0,0,0,0,,,1,Male,33,26 - 35,49,1,6,4,1,,1,1,3,2,69,10,3,6,9,0,0,0,0,1,6,2019.0,010218714,E09000032,0.0,0.0,2.0,2019.0,010218714,3.0,5.0,9.0,1.0,1.0,-1,2019.0,010218714,2019,11,1,22
465557,2019010218715,530322.0,177469.0,-0.124626,51.481172,1,Slight,1,1,2019-11-15,Friday,21:58,Lambeth,E09000022,3,203,6,30.0,3,4,6,0,,,4,2,2,0,0,1,1,E01003104,3,1,15/11/2019,15/11/2019,1,3,0,16,,0,2,0,0,0,,,6,Male,34,26 - 35,125,1,4,4,1,,1,1,3,2,30,6,3,1,3,0,0,0,0,1,2,2019.0,010218715,E09000022,0.0,4.0,2.0,2019.0,010218715,1.0,5.0,0.0,1.0,1.0,-1,2019.0,010218715,2019,11,1,21
465559,2019010218719,526639.0,175848.0,-0.178216,51.46744,1,Slight,1,1,2019-11-16,Saturday,02:40,Wandsworth,E09000032,3,3205,3,30.0,0,-1,-1,-1,,,4,1,2,4,0,1,1,E01033133,3,1,16/11/2019,16/11/2019,1,5,0,18,,0,1,0,0,0,,,6,Female,34,26 - 35,599,1,10,7,1,,1,1,1,2,34,6,3,0,0,0,0,0,5,1,7,2019.0,010218719,E09000032,0.0,0.0,2.0,2019.0,010218719,3.0,7.0,0.0,0.0,1.0,-1,2019.0,010218719,2019,11,1,2
465570,2019010218746,529640.0,177633.0,-0.134382,51.482803,1,Slight,2,1,2019-11-14,Thursday,18:00,Wandsworth,E09000032,6,0,6,30.0,9,2,3,3205,,,4,9,9,0,0,1,3,E01004562,3,1,14/11/2019,14/11/2019,1,5,0,99,,9,9,99,9,99,,,2,Male,32,26 - 35,744,1,4,10,1,,1,1,1,1,32,6,3,0,0,0,0,0,5,1,10,2019.0,010218746,E09000032,0.0,9.0,2.0,2019.0,010218746,9.0,9.0,99.0,9.0,1.0,-1,2019.0,010218746,2019,11,1,18
465599,2019010218848,519543.0,179898.0,-0.278954,51.505382,1,Slight,2,1,2019-08-11,Sunday,21:00,Ealing,E09000009,3,4000,6,20.0,99,9,6,0,,,1,2,9,0,0,1,3,E01001354,3,1,08/11/2019,08/11/2019,1,3,0,99,,9,9,99,9,99,,,6,Male,28,26 - 35,124,1,6,9,1,,1,1,1,1,28,6,3,0,0,0,0,0,3,1,9,2019.0,010218848,E09000009,9.0,0.0,2.0,2019.0,010218848,9.0,9.0,99.0,9.0,1.0,-1,2019.0,010218848,2019,8,1,21
465601,2019010218853,529846.0,180965.0,-0.130191,51.5127,1,Slight,1,1,2019-11-16,Saturday,18:16,Westminster,E09000033,3,401,2,30.0,3,3,6,0,,,4,1,1,0,0,1,1,E01004763,3,1,16/11/2019,16/11/2019,1,8,0,18,,1,0,0,0,0,,,1,Male,31,26 - 35,1797,8,6,3,1,,1,1,3,2,30,6,3,5,2,0,0,0,0,1,2,2019.0,010218853,E09000033,0.0,0.0,2.0,2019.0,010218853,7.0,3.0,0.0,4.0,2.0,-1,2019.0,010218853,2019,11,1,18
465618,2019010218887,534225.0,186984.0,-0.064831,51.565766,1,Serious,1,1,2019-11-16,Saturday,22:00,Hackney,E09000012,5,0,3,20.0,6,4,6,0,,,4,1,2,0,0,1,1,E01001727,2,2,16/11/2019,16/11/2019,1,9,0,7,,8,0,0,0,0,,,6,Male,25,21 - 25,2362,1,15,3,1,,1,1,3,2,67,10,2,5,1,0,0,0,0,1,4,2019.0,010218887,E09000012,0.0,0.0,2.0,2019.0,010218887,5.0,8.0,0.0,4.0,1.0,-1,2019.0,010218887,2019,11,2,22
465621,2019010218898,523768.0,188858.0,-0.214958,51.584999,1,Slight,2,1,2019-11-16,Saturday,22:10,Barnet,E09000003,6,0,6,30.0,3,4,6,0,,,4,1,1,0,0,1,1,E01000236,3,1,16/11/2019,16/11/2019,1,3,0,18,,1,1,0,0,0,,,2,Male,20,16 - 20,125,1,0,1,1,,1,1,1,1,20,4,3,0,0,0,0,0,3,1,1,2019.0,010218898,E09000003,0.0,0.0,2.0,2019.0,010218898,5.0,1.0,0.0,1.0,1.0,-1,2019.0,010218898,2019,11,1,22