,accident_index,location_easting_osgr,location_northing_osgr,longitude,latitude,police_force,accident_severity,number_of_vehicles,number_of_casualties,date,day_of_week,time,local_authority_district,local_authority_highway,first_road_class,first_road_number,road_type,speed_limit,junction_detail,junction_control,second_road_class,second_road_number,pedestrian_crossing-human_control,pedestrian_crossing-physical_facilities,light_conditions,weather_conditions,road_surface_conditions,special_conditions_at_site,carriageway_hazards,urban_or_rural_area,did_police_officer_attend_scene_of_accident,lsoa_of_accident_location,accident_severity_num,accident_severity_inv,date2,date_original,vehicle_reference_x,vehicle_type,towing_and_articulation,vehicle_manoeuvre,vehicle_location-restricted_lane,junction_location,skidding_and_overturning,hit_object_in_carriageway,vehicle_leaving_carriageway,hit_object_off_carriageway,1st_point_of_impact,was_vehicle_left_hand_drive?,journey_purpose_of_driver,sex_of_driver,age_of_driver,age_band_of_driver,engine_capacity_cc,propulsion_code,age_of_vehicle,driver_imd_decile,driver_home_area_type,vehicle_imd_decile,vehicle_reference_y,casualty_reference,casualty_class,sex_of_casualty,age_of_casualty,age_band_of_casualty,casualty_severity,pedestrian_location,pedestrian_movement,car_passenger,bus_or_coach_passenger,pedestrian_road_maintenance_worker,casualty_type,casualty_home_area_type,casualty_imd_decile,accident_year_x,accident_reference_x,local_authority_ons_district,pedestrian_crossing_human_control,pedestrian_crossing_physical_facilities,trunk_road_flag,accident_year_y,accident_reference_y,vehicle_direction_from,vehicle_direction_to,vehicle_location_restricted_lane,first_point_of_impact,vehicle_left_hand_drive,generic_make_model,accident_year,accident_reference,year,month,severity,hours
465623,2019010218900,531197.0,176142.0,-0.112524,51.469045,1,Slight,2,1,2019-11-17,Sunday,00:11,Lambeth,E09000022,3,23,3,20.0,3,4,6,0,,,4,1,1,0,0,1,1,E01003059,3,1,17/11/2019,17/11/2019,1,9,0,9,,1,0,0,0,0,,,6,Male,23,21 - 25,2171,1,14,4,1,,2,1,1,1,23,5,3,0,0,0,0,0,5,1,4,2019.0,010218900,E09000022,0.0,0.0,2.0,2019.0,010218900,5.0,2.0,0.0,4.0,1.0,-1,2019.0,010218900,2019,11,1,0
465628,2019010218913,511160.0,186831.0,-0.397501,51.569405,1,Slight,5,2,2019-11-16,Saturday,22:02,Hillingdon,E09000017,6,0,6,30.0,0,-1,-1,-1,,,4,1,2,0,0,1,1,E01002421,3,1,16/11/2019,16/11/2019,1,9,0,16,,0,0,4,0,0,,,6,Male,31,26 - 35,1995,1,12,-1,-1,,1,1,2,1,29,6,3,0,0,2,0,0,9,1,7,2019.0,010218913,E09000017,0.0,0.0,2.0,2019.0,010218913,5.0,1.0,0.0,1.0,1.0,-1,2019.0,010218913,2019,11,2,22
465630,2019010218917,531483.0,167179.0,-0.111733,51.38843,1,Slight,1,1,2019-11-17,Sunday,05:52,Croydon,E09000008,3,235,6,30.0,9,4,6,0,,,4,8,2,0,0,1,1,E01001181,3,1,17/11/2019,17/11/2019,1,9,0,18,,1,1,0,7,2,,,6,Female,25,21 - 25,998,1,5,3,1,,1,1,1,2,25,5,3,0,0,0,0,0,9,1,3,2019.0,010218917,E09000008,0.0,1.0,2.0,2019.0,010218917,8.0,4.0,0.0,1.0,1.0,-1,2019.0,010218917,2019,11,1,5
465633,2019010218926,535657.0,177052.0,-0.048004,51.476172,1,Slight,2,1,2019-11-14,Thursday,21:50,Lewisham,E09000023,3,2,2,20.0,3,2,6,0,,,4,2,2,0,0,1,3,E01003299,3,1,14/11/2019,14/11/2019,1,3,9,99,,9,9,99,9,99,,,6,Male,34,26 - 35,125,1,5,5,1,,1,1,1,1,34,6,3,0,0,0,0,0,3,1,5,2019.0,010218926,E09000023,0.0,0.0,2.0,2019.0,010218926,9.0,9.0,99.0,9.0,1.0,-1,2019.0,010218926,2019,11,1,21
465641,2019010218953,535292.0,182804.0,-0.051051,51.527949,1,Slight,1,3,2019-11-16,Saturday,23:05,Tower Hamlets,E09000030,4,135,9,30.0,6,2,4,120,,,7,1,1,9,0,1,3,E01004259,3,1,16/11/2019,16/11/2019,1,9,0,99,,9,9,99,9,99,,,6,Male,27,26 - 35,1499,1,1,4,1,,1,1,1,1,27,6,3,0,0,0,0,0,9,1,4,2019.0,010218953,E09000030,9.0,5.0,2.0,2019.0,010218953,9.0,9.0,99.0,1.0,9.0,-1,2019.0,010218953,2019,11,3,23
465643,2019010218956,533907.0,181916.0,-0.071342,51.520299,1,Slight,2,1,2019-11-17,Sunday,00:22,Tower Hamlets,E09000030,4,134,9,20.0,99,9,5,0,,,7,8,1,9,9,1,3,E01004306,3,1,17/11/2019,17/11/2019,1,3,0,99,,9,9,99,9,99,,,6,Male,28,26 - 35,125,1,2,1,1,,1,1,1,1,28,6,3,0,0,0,0,0,3,1,1,2019.0,010218956,E09000030,9.0,9.0,2.0,2019.0,010218956,9.0,9.0,99.0,1.0,1.0,-1,2019.0,010218956,2019,11,1,0
465645,2019010218958,509292.0,191728.0,-0.422918,51.613785,1,Slight,1,1,2019-11-15,Friday,20:50,Hillingdon,E09000017,6,0,6,30.0,3,4,6,0,,,5,2,2,0,0,1,1,E01002477,3,1,15/11/2019,15/11/2019,1,9,0,9,,5,0,0,0,0,,,2,Female,29,26 - 35,1197,1,5,8,1,,1,1,3,2,28,6,3,5,3,0,0,0,0,1,8,2019.0,010218958,E09000017,0.0,0.0,2.0,2019.0,010218958,6.0,3.0,0.0,3.0,1.0,-1,2019.0,010218958,2019,11,1,20
465649,2019010218973,550387.0,184304.0,0.167035,51.537611,1,Slight,2,1,2019-11-16,Saturday,20:15,Barking and Dagenham,E09000002,6,0,2,30.0,3,4,6,0,,,4,1,1,0,0,1,1,E01000104,3,1,16/11/2019,16/11/2019,1,9,0,10,,1,0,0,0,0,,,6,Female,30,26 - 35,1998,1,14,2,1,,1,1,1,2,30,6,3,0,0,0,0,0,9,1,2,2019.0,010218973,E09000002,0.0,0.0,2.0,2019.0,010218973,5.0,3.0,0.0,1.0,1.0,-1,2019.0,010218973,2019,11,1,20
465651,2019010218979,551398.0,174626.0,0.177451,51.450384,1,Slight,2,2,2019-11-16,Saturday,22:45,Bexley,E09000004,3,207,7,30.0,3,4,6,0,,,4,1,1,0,0,1,3,E01000378,3,1,16/11/2019,16/11/2019,1,9,0,99,,9,9,99,9,99,,,6,Male,26,26 - 35,1598,1,6,6,1,,1,1,1,1,26,6,3,0,0,0,0,0,9,1,6,2019.0,010218979,E09000004,0.0,0.0,2.0,2019.0,010218979,9.0,9.0,99.0,2.0,9.0,-1,2019.0,010218979,2019,11,2,22
465657,2019010219012,528215.0,170853.0,-0.157346,51.422195,1,Slight,1,1,2019-11-17,Sunday,19:25,Wandsworth,E09000032,5,0,6,30.0,3,2,6,0,,,4,1,1,0,0,1,1,E01004519,3,1,17/11/2019,17/11/2019,1,3,0,15,,1,0,0,0,0,,,1,Male,18,16 - 20,108,1,1,-1,-1,,1,1,1,1,18,4,3,0,0,0,0,0,3,-1,-1,2019.0,010219012,E09000032,0.0,0.0,2.0,2019.0,010219012,4.0,8.0,0.0,3.0,1.0,-1,2019.0,010219012,2019,11,1,19
465658,2019010219013,540981.0,188389.0,0.033141,51.576744,1,Slight,2,1,2019-11-17,Sunday,18:55,Redbridge,E09000026,3,12,3,40.0,5,4,3,12,,,4,1,1,0,0,1,1,E01003796,3,1,17/11/2019,17/11/2019,1,9,0,18,,1,0,0,0,0,,,1,Female,26,26 - 35,1242,1,4,4,1,,1,1,1,2,26,6,3,0,0,0,0,0,9,1,4,2019.0,010219013,E09000026,0.0,0.0,2.0,2019.0,010219013,7.0,3.0,0.0,2.0,1.0,-1,2019.0,010219013,2019,11,1,18
465659,2019010219021,525589.0,181717.0,-0.191237,51.52042,1,Slight,2,1,2019-11-17,Sunday,21:13,Westminster,E09000033,3,404,6,30.0,9,9,3,404,,,4,1,1,0,0,1,3,E01032512,3,1,17/11/2019,17/11/2019,1,3,0,99,,9,9,99,9,99,,,6,Male,32,26 - 35,125,1,8,-1,-1,,1,1,1,1,32,6,3,0,0,0,0,0,3,-1,-1,2019.0,010219021,E09000033,0.0,5.0,2.0,2019.0,010219021,9.0,9.0,99.0,1.0,9.0,-1,2019.0,010219021,2019,11,1,21
465660,2019010219026,520006.0,180131.0,-0.272207,51.507378,1,Slight,2,1,2019-11-17,Sunday,19:20,Ealing,E09000009,6,0,6,20.0,9,4,3,4020,,,4,1,1,0,0,1,1,E01001351,3,1,17/11/2019,17/11/2019,1,3,0,9,,1,2,0,1,2,,,6,Male,20,16 - 20,124,1,15,5,1,,1,1,1,1,20,4,3,0,0,0,0,0,3,1,5,2019.0,010219026,E09000009,0.0,0.0,2.0,2019.0,010219026,8.0,6.0,0.0,1.0,1.0,-1,2019.0,010219026,2019,11,1,19
465665,2019010219035,539791.0,179247.0,0.012353,51.49489,1,Slight,2,2,2019-11-17,Sunday,19:50,Greenwich,E09000011,6,0,6,30.0,7,2,6,0,,,4,1,1,0,0,1,1,E01033732,3,1,17/11/2019,17/11/2019,1,9,0,9,,8,0,0,0,0,,,6,Female,27,26 - 35,1968,2,3,-1,-1,,1,1,1,2,27,6,3,0,0,0,0,0,9,-1,-1,2019.0,010219035,E09000011,0.0,5.0,2.0,2019.0,010219035,6.0,4.0,0.0,1.0,1.0,-1,2019.0,010219035,2019,11,2,19
465667,2019010219037,536705.0,176711.0,-0.033055,51.472855,1,Slight,5,2,2019-11-17,Sunday,21:05,Lewisham,E09000023,3,20,6,30.0,7,2,3,20,,,4,1,1,0,0,1,1,E01003209,3,1,17/11/2019,17/11/2019,1,8,0,8,,1,0,0,0,0,,,1,Male,30,26 - 35,1798,8,4,7,1,,1,1,2,2,27,6,3,0,0,2,0,0,8,1,2,2019.0,010219037,E09000023,0.0,5.0,2.0,2019.0,010219037,6.0,8.0,0.0,2.0,1.0,-1,2019.0,010219037,2019,11,2,21
465670,2019010219045,535238.0,181988.0,-0.052142,51.520629,1,Slight,2,1,2019-11-17,Sunday,22:21,Tower Hamlets,E09000030,3,11,3,30.0,3,4,5,0,,,4,1,1,0,0,1,1,E01004208,3,1,17/11/2019,17/11/2019,1,9,0,9,,1,0,0,0,0,,,6,Male,19,16 - 20,1388,1,13,3,1,,2,1,1,1,56,9,3,0,0,0,0,0,3,1,3,2019.0,010219045,E09000030,0.0,0.0,2.0,2019.0,010219045,3.0,1.0,0.0,1.0,1.0,-1,2019.0,010219045,2019,11,1,22
465673,2019010219052,549679.0,175111.0,0.152936,51.455198,1,Slight,2,1,2019-11-17,Sunday,18:57,Bexley,E09000004,3,220,1,20.0,2,2,3,220,,,4,8,2,0,0,1,3,E01000329,3,1,17/11/2019,17/11/2019,1,9,0,18,,9,9,99,9,0,,,6,Male,27,26 - 35,998,1,9,3,1,,1,1,1,1,27,6,3,0,0,0,0,0,9,1,3,2019.0,010219052,E09000004,9.0,5.0,2.0,2019.0,010219052,1.0,5.0,0.0,9.0,9.0,-1,2019.0,010219052,2019,11,1,18
465674,2019010219054,530728.0,174512.0,-0.119874,51.454505,1,Slight,1,1,2019-11-17,Sunday,20:20,Lambeth,E09000022,3,23,6,30.0,3,4,6,0,,,4,1,1,0,0,1,1,E01003018,3,1,17/11/2019,17/11/2019,1,9,0,9,,1,0,0,0,0,,,6,Male,26,26 - 35,1368,1,10,-1,-1,,1,1,3,1,51,8,3,1,3,0,0,0,0,1,4,2019.0,010219054,E09000022,0.0,8.0,2.0,2019.0,010219054,1.0,6.0,0.0,1.0,1.0,-1,2019.0,010219054,2019,11,1,20
465686,2019010219085,531656.0,189311.0,-0.101002,51.587283,1,Slight,2,1,2019-11-15,Friday,19:54,Haringey,E09000014,3,105,2,30.0,6,2,3,105,,,7,2,2,0,0,1,3,E01002003,3,1,15/11/2019,15/11/2019,1,3,0,99,,9,9,99,9,99,,,6,Male,29,26 - 35,108,1,7,2,1,,1,1,1,1,29,6,3,0,0,0,0,0,3,1,2,2019.0,010219085,E09000014,0.0,0.0,2.0,2019.0,010219085,9.0,9.0,99.0,2.0,1.0,-1,2019.0,010219085,2019,11,1,19
465693,2019010219119,517446.0,182776.0,-0.308195,51.531687,1,Slight,2,2,2019-11-16,Saturday,18:25,Ealing,E09000009,3,40,3,40.0,0,-1,-1,-1,,,7,1,1,0,0,1,3,E01001347,3,1,16/11/2019,16/11/2019,1,9,0,99,,0,9,99,9,99,,,6,Female,34,26 - 35,1398,1,3,9,1,,1,1,1,2,34,6,3,0,0,0,0,0,9,1,9,2019.0,010219119,E09000009,0.0,0.0,2.0,2019.0,010219119,9.0,9.0,99.0,9.0,9.0,-1,2019.0,010219119,2019,11,2,18
465697,2019010219136,523620.0,175190.0,-0.221887,51.462193,1,Slight,2,1,2019-11-17,Sunday,19:30,Wandsworth,E09000032,3,205,6,30.0,3,4,6,0,,,4,1,1,0,0,1,1,E01004506,3,1,17/11/2019,17/11/2019,1,3,0,18,,1,0,0,0,0,,,1,Female,27,26 - 35,125,1,2,9,1,,1,1,1,2,27,6,3,0,0,0,0,0,3,1,9,2019.0,010219136,E09000032,0.0,0.0,2.0,2019.0,010219136,7.0,3.0,0.0,1.0,1.0,-1,2019.0,010219136,2019,11,1,19
465718,2019010219203,533774.0,180667.0,-0.073732,51.509106,1,Slight,1,1,2019-11-18,Monday,18:12,Tower Hamlets,E09000030,3,100,6,20.0,7,2,3,1203,,,4,1,1,0,0,1,1,E01004293,3,1,18/11/2019,18/11/2019,1,5,0,18,,8,0,0,0,0,,,6,Male,26,26 - 35,689,1,0,2,1,,1,1,3,1,53,8,3,1,1,0,0,0,0,1,4,2019.0,010219203,E09000030,0.0,5.0,2.0,2019.0,010219203,3.0,7.0,0.0,1.0,1.0,-1,2019.0,010219203,2019,11,1,18
465720,2019010219210,532568.0,165617.0,-0.096731,51.374141,1,Serious,2,1,2019-11-18,Monday,18:30,Croydon,E09000008,3,212,3,30.0,0,-1,-1,-1,,,4,1,1,0,0,1,1,E01001043,2,2,18/11/2019,18/11/2019,1,5,0,18,,0,0,0,0,0,,,2,Male,24,21 - 25,693,1,0,1,1,,1,1,1,1,24,5,2,0,0,0,0,0,5,1,1,2019.0,010219210,E09000008,0.0,0.0,2.0,2019.0,010219210,1.0,5.0,0.0,4.0,1.0,-1,2019.0,010219210,2019,11,2,18
465723,2019010219218,523976.0,189564.0,-0.211708,51.591298,1,Slight,2,1,2019-11-18,Monday,18:00,Barnet,E09000003,3,1,3,50.0,6,2,3,504,,,4,1,1,0,0,1,1,E01000198,3,1,18/11/2019,18/11/2019,1,9,0,9,,8,0,0,0,0,,,6,Male,33,26 - 35,2199,2,8,4,1,,2,1,1,1,51,8,3,0,0,0,0,0,9,1,3,2019.0,010219218,E09000003,0.0,0.0,2.0,2019.0,010219218,5.0,3.0,0.0,1.0,1.0,-1,2019.0,010219218,2019,11,1,18
465730,2019010219246,525375.0,163414.0,-0.200795,51.355973,1,Slight,2,1,2019-11-18,Monday,18:22,Sutton,E09000029,6,0,6,30.0,9,4,6,0,,,4,2,1,0,0,1,1,E01004152,3,1,18/11/2019,18/11/2019,1,9,0,6,,1,0,0,0,0,,,6,Male,31,26 - 35,1240,1,12,8,1,,1,1,1,1,31,6,3,0,0,0,0,0,9,1,8,2019.0,010219246,E09000029,0.0,0.0,2.0,2019.0,010219246,3.0,3.0,9.0,1.0,1.0,-1,2019.0,010219246,2019,11,1,18
465732,2019010219251,531063.0,175550.0,-0.114671,51.463756,1,Slight,2,1,2019-11-18,Monday,19:58,Lambeth,E09000022,3,23,6,20.0,9,2,6,0,,,4,1,1,0,0,1,1,E01003053,3,1,18/11/2019,18/11/2019,1,3,0,5,,1,0,0,0,0,,,6,Male,24,21 - 25,125,1,1,2,1,,2,1,2,2,23,5,3,0,0,0,0,0,3,1,5,2019.0,010219251,E09000022,0.0,4.0,2.0,2019.0,010219251,1.0,5.0,0.0,1.0,1.0,-1,2019.0,010219251,2019,11,1,19
465736,2019010219261,526721.0,176461.0,-0.176816,51.472931,1,Slight,2,1,2019-11-18,Monday,18:25,Wandsworth,E09000032,4,305,6,30.0,3,4,6,0,,,4,1,1,0,0,1,1,E01033099,3,1,18/11/2019,18/11/2019,1,9,0,9,,5,0,0,0,0,,,2,Female,22,21 - 25,1229,1,7,-1,-1,,2,1,1,1,37,7,3,0,0,0,0,0,1,1,9,2019.0,010219261,E09000032,0.0,0.0,2.0,2019.0,010219261,7.0,5.0,0.0,1.0,1.0,-1,2019.0,010219261,2019,11,1,18
465741,2019010219283,529356.0,178738.0,-0.138065,51.492798,1,Serious,2,1,2019-11-18,Monday,21:42,Westminster,E09000033,3,202,6,30.0,6,2,4,324,,,4,1,1,4,0,1,1,E01004744,2,2,18/11/2019,18/11/2019,1,8,0,18,,8,0,0,0,0,,,6,Male,30,26 - 35,2993,2,3,5,1,,2,1,1,2,26,6,2,0,0,0,0,0,1,1,5,2019.0,010219283,E09000033,0.0,5.0,2.0,2019.0,010219283,2.0,6.0,0.0,1.0,1.0,-1,2019.0,010219283,2019,11,2,21
465763,2019010219363,529400.0,189161.0,-0.133602,51.586458,1,Slight,2,1,2019-11-16,Saturday,20:25,Haringey,E09000014,5,0,6,20.0,6,4,3,1201,,,4,1,1,0,0,1,3,E01002020,3,1,16/11/2019,16/11/2019,1,3,0,99,,9,9,99,9,99,,,6,Male,24,21 - 25,125,1,0,4,1,,1,1,1,1,24,5,3,0,0,0,0,0,3,1,4,2019.0,010219363,E09000014,0.0,1.0,2.0,2019.0,010219363,9.0,9.0,99.0,2.0,1.0,-1,2019.0,010219363,2019,11,1,20
465767,2019010219371,533515.0,185465.0,-0.075644,51.552284,1,Slight,2,1,2019-10-11,Friday,05:04,Hackney,E09000012,6,0,9,20.0,0,-1,-1,-1,,,7,2,2,0,0,1,3,E01001835,3,1,10/11/2019,10/11/2019,1,9,0,99,,0,9,99,9,99,,,6,Male,28,26 - 35,1984,1,3,2,1,,1,1,1,1,28,6,3,0,0,0,0,0,9,1,2,2019.0,010219371,E09000012,0.0,9.0,2.0,2019.0,010219371,9.0,9.0,99.0,1.0,9.0,-1,2019.0,010219371,2019,10,1,5
465770,2019010219389,533221.0,183218.0,-0.080732,51.532161,1,Slight,1,1,2019-11-15,Friday,18:00,Hackney,E09000012,6,0,6,20.0,0,-1,-1,-1,,,4,7,1,9,0,1,3,E01001784,3,1,15/11/2019,15/11/2019,1,8,0,99,,0,9,99,9,99,,,6,Male,27,26 - 35,1797,8,10,2,1,,1,1,3,1,30,6,3,10,9,0,0,0,0,1,2,2019.0,010219389,E09000012,0.0,0.0,2.0,2019.0,010219389,9.0,9.0,99.0,9.0,9.0,-1,2019.0,010219389,2019,11,1,18
465786,2019010219427,528077.0,163208.0,-0.162085,51.35352,1,Serious,2,1,2019-11-18,Monday,18:00,Sutton,E09000029,6,0,6,30.0,3,4,6,0,,,7,1,1,0,0,1,3,E01004107,2,2,18/11/2019,18/11/2019,1,2,0,99,,9,9,99,9,99,,,6,Male,16,16 - 20,50,1,2,9,1,,1,1,1,1,16,4,2,0,0,0,0,0,2,1,9,2019.0,010219427,E09000029,0.0,0.0,2.0,2019.0,010219427,9.0,9.0,99.0,1.0,1.0,-1,2019.0,010219427,2019,11,2,18
465792,2019010219438,526180.0,177691.0,-0.184163,51.484106,1,Slight,2,1,2019-11-19,Tuesday,18:30,Kensington and Chelsea,E09000020,3,308,3,30.0,6,2,3,3220,,,4,1,1,0,0,1,1,E01002912,3,1,19/11/2019,19/11/2019,1,3,0,15,,1,0,0,0,0,,,6,Male,31,26 - 35,124,1,0,3,1,,1,1,1,1,31,6,3,0,0,0,0,0,3,1,3,2019.0,010219438,E09000020,0.0,5.0,2.0,2019.0,010219438,1.0,5.0,0.0,2.0,1.0,-1,2019.0,010219438,2019,11,1,18
465794,2019010219442,546901.0,173722.0,0.112406,51.443444,1,Slight,2,1,2019-11-19,Tuesday,20:30,Bexley,E09000004,6,0,6,30.0,9,4,6,0,,,4,1,1,0,0,1,1,E01000346,3,1,19/11/2019,19/11/2019,1,3,0,18,,1,0,0,0,0,,,6,Male,18,16 - 20,124,1,1,9,1,,1,1,1,1,18,4,3,0,0,0,0,0,3,1,9,2019.0,010219442,E09000004,0.0,0.0,2.0,2019.0,010219442,7.0,3.0,0.0,1.0,1.0,-1,2019.0,010219442,2019,11,1,20
465814,2019010219507,526142.0,170634.0,-0.187223,51.420691,1,Slight,2,1,2019-11-19,Tuesday,22:45,Merton,E09000024,3,218,6,30.0,1,4,6,0,,,4,8,1,0,0,1,1,E01003459,3,1,19/11/2019,19/11/2019,1,9,0,18,,4,0,0,0,0,,,6,Male,29,26 - 35,1900,2,12,8,1,,2,1,1,1,24,5,3,0,0,0,0,0,3,-1,-1,2019.0,010219507,E09000024,0.0,0.0,2.0,2019.0,010219507,1.0,5.0,0.0,1.0,1.0,-1,2019.0,010219507,2019,11,1,22
465866,2019010219684,552124.0,187752.0,0.193549,51.568127,1,Slight,2,1,2019-11-20,Wednesday,18:52,Havering,E09000016,5,0,6,20.0,0,-1,-1,-1,,,4,1,1,0,0,1,3,E01002319,3,1,20/11/2019,20/11/2019,1,9,0,99,,0,9,99,9,99,,,6,Female,34,26 - 35,1598,2,2,2,1,,1,1,1,2,34,6,3,0,0,0,0,0,9,1,2,2019.0,010219684,E09000016,0.0,5.0,2.0,2019.0,010219684,9.0,9.0,99.0,2.0,9.0,-1,2019.0,010219684,2019,11,1,18
465874,2019010219702,530308.0,179701.0,-0.124004,51.501234,1,Slight,1,1,2019-11-20,Wednesday,20:41,Westminster,E09000033,3,3211,6,30.0,7,2,3,302,,,4,1,1,0,0,1,1,E01004733,3,1,20/11/2019,20/11/2019,1,9,0,9,,8,0,0,0,0,,,6,Male,27,26 - 35,1997,1,5,9,1,,1,1,3,2,40,7,3,1,1,0,0,0,0,1,3,2019.0,010219702,E09000033,0.0,5.0,2.0,2019.0,010219702,5.0,3.0,0.0,1.0,1.0,-1,2019.0,010219702,2019,11,1,20
465876,2019010219710,528671.0,176409.0,-0.148774,51.472024,1,Slight,2,2,2019-11-20,Wednesday,20:35,Wandsworth,E09000032,3,3216,6,30.0,6,2,6,0,,,4,1,1,0,0,1,1,E01004564,3,1,20/11/2019,20/11/2019,1,3,0,18,,8,0,0,0,0,,,6,Male,25,21 - 25,125,1,2,2,1,,1,1,1,1,25,5,3,0,0,0,0,0,3,1,2,2019.0,010219710,E09000032,0.0,5.0,2.0,2019.0,010219710,5.0,1.0,0.0,1.0,1.0,-1,2019.0,010219710,2019,11,2,20
465878,2019010219718,525286.0,170001.0,-0.199751,51.415192,1,Slight,2,1,2019-11-20,Wednesday,21:10,Merton,E09000024,3,238,6,30.0,3,4,6,0,,,4,1,1,0,0,1,1,E01003384,3,1,20/11/2019,20/11/2019,1,9,0,18,,1,0,0,0,0,,,2,Male,24,21 - 25,1997,2,10,2,1,,2,1,1,2,25,5,3,0,0,0,0,0,9,1,4,2019.0,010219718,E09000024,0.0,0.0,2.0,2019.0,010219718,6.0,2.0,0.0,1.0,1.0,-1,2019.0,010219718,2019,11,1,21
465883,2019010219727,532685.0,179840.0,-0.089726,51.501931,1,Slight,1,1,2019-11-19,Tuesday,22:45,Southwark,E09000028,6,0,9,30.0,3,9,6,0,,,4,1,9,0,0,1,3,E01003939,3,1,19/11/2019,19/11/2019,1,9,0,99,,9,9,99,9,99,,,6,Not known,32,26 - 35,1598,1,11,2,1,,1,1,3,1,33,6,3,9,9,0,0,0,0,1,3,2019.0,010219727,E09000028,0.0,0.0,2.0,2019.0,010219727,9.0,9.0,99.0,1.0,9.0,-1,2019.0,010219727,2019,11,1,22
465885,2019010219732,526647.0,184343.0,-0.175052,51.543784,1,Serious,2,1,2019-11-20,Wednesday,22:58,Camden,E09000007,4,511,3,30.0,7,2,3,41,,,4,1,1,4,0,1,1,E01000883,2,2,20/11/2019,20/11/2019,1,9,0,18,,8,0,0,0,0,,,6,Female,21,21 - 25,1798,8,1,5,1,,2,1,1,1,28,6,2,0,0,0,0,0,1,1,7,2019.0,010219732,E09000007,0.0,5.0,2.0,2019.0,010219732,1.0,5.0,0.0,1.0,2.0,-1,2019.0,010219732,2019,11,2,22
465886,2019010219739,520081.0,192921.0,-0.266761,51.62231,1,Slight,2,2,2019-11-20,Wednesday,23:00,Barnet,E09000003,3,41,3,40.0,3,4,3,41,,,4,1,1,0,0,1,1,E01000229,3,1,20/11/2019,20/11/2019,1,9,0,18,,1,0,0,0,0,,,6,Male,24,21 - 25,1995,2,12,6,1,,1,1,1,1,24,5,3,0,0,0,0,0,9,1,6,2019.0,010219739,E09000003,0.0,0.0,2.0,2019.0,010219739,7.0,3.0,0.0,2.0,1.0,-1,2019.0,010219739,2019,11,2,23
465892,2019010219751,529165.0,185886.0,-0.138195,51.55708,1,Slight,2,1,2019-11-21,Thursday,00:42,Islington,E09000019,3,400,6,20.0,6,2,5,0,,,4,1,1,1,0,1,1,E01002768,3,1,21/11/2019,21/11/2019,1,9,0,18,,8,0,10,0,0,,,6,Female,27,26 - 35,1596,1,11,1,1,,1,1,1,2,27,6,3,0,0,0,0,0,9,1,1,2019.0,010219751,E09000019,0.0,0.0,2.0,2019.0,010219751,5.0,1.0,0.0,3.0,1.0,-1,2019.0,010219751,2019,11,1,0
465895,2019010219756,531238.0,187027.0,-0.107884,51.566856,1,Slight,2,1,2019-11-20,Wednesday,23:52,Islington,E09000019,3,1201,6,20.0,6,4,4,150,,,4,1,1,0,0,1,1,E01002065,3,1,20/11/2019,20/11/2019,1,9,0,9,,8,0,0,0,0,,,6,Male,22,21 - 25,1587,1,13,2,1,,2,1,1,1,30,6,3,0,0,0,0,0,3,1,2,2019.0,010219756,E09000019,0.0,4.0,2.0,2019.0,010219756,4.0,1.0,0.0,1.0,1.0,-1,2019.0,010219756,2019,11,1,23
465898,2019010219761,516181.0,173179.0,-0.32958,51.445692,1,Slight,2,1,2019-08-31,Saturday,19:10,Richmond upon Thames,E09000027,3,305,1,20.0,6,2,3,305,,,1,1,1,0,0,1,3,E01003896,3,1,31/08/2019,31/08/2019,1,3,0,99,,9,9,99,9,99,,,6,Male,30,26 - 35,125,1,1,6,1,,1,1,1,1,30,6,3,0,0,0,0,0,3,1,6,2019.0,010219761,E09000027,0.0,0.0,2.0,2019.0,010219761,9.0,9.0,99.0,9.0,1.0,-1,2019.0,010219761,2019,8,1,19
465908,2019010219800,525800.0,169558.0,-0.19252,51.411097,1,Fatal,2,1,2019-11-21,Thursday,04:50,Merton,E09000024,3,24,6,30.0,3,2,6,0,,,4,1,1,0,0,1,1,E01003356,1,3,21/11/2019,21/11/2019,1,9,0,18,,8,0,0,0,0,,,6,Male,35,26 - 35,2354,1,16,-1,-1,,1,1,1,1,35,6,1,0,0,0,0,0,9,-1,-1,2019.0,010219800,E09000024,0.0,4.0,2.0,2019.0,010219800,1.0,5.0,0.0,1.0,1.0,-1,2019.0,010219800,2019,11,3,4