,accident_index,location_easting_osgr,location_northing_osgr,longitude,latitude,police_force,accident_severity,number_of_vehicles,number_of_casualties,date,day_of_week,time,local_authority_district,local_authority_highway,first_road_class,first_road_number,road_type,speed_limit,junction_detail,junction_control,second_road_class,second_road_number,pedestrian_crossing-human_control,pedestrian_crossing-physical_facilities,light_conditions,weather_conditions,road_surface_conditions,special_conditions_at_site,carriageway_hazards,urban_or_rural_area,did_police_officer_attend_scene_of_accident,lsoa_of_accident_location,accident_severity_num,accident_severity_inv,date2,date_original,vehicle_reference_x,vehicle_type,towing_and_articulation,vehicle_manoeuvre,vehicle_location-restricted_lane,junction_location,skidding_and_overturning,hit_object_in_carriageway,vehicle_leaving_carriageway,hit_object_off_carriageway,1st_point_of_impact,was_vehicle_left_hand_drive?,journey_purpose_of_driver,sex_of_driver,age_of_driver,age_band_of_driver,engine_capacity_cc,propulsion_code,age_of_vehicle,driver_imd_decile,driver_home_area_type,vehicle_imd_decile,vehicle_reference_y,casualty_reference,casualty_class,sex_of_casualty,age_of_casualty,age_band_of_casualty,casualty_severity,pedestrian_location,pedestrian_movement,car_passenger,bus_or_coach_passenger,pedestrian_road_maintenance_worker,casualty_type,casualty_home_area_type,casualty_imd_decile,accident_year_x,accident_reference_x,local_authority_ons_district,pedestrian_crossing_human_control,pedestrian_crossing_physical_facilities,trunk_road_flag,accident_year_y,accident_reference_y,vehicle_direction_from,vehicle_direction_to,vehicle_location_restricted_lane,first_point_of_impact,vehicle_left_hand_drive,generic_make_model,accident_year,accident_reference,year,month,severity,hours
465916,2019010219826,531284.0,177460.0,-0.110783,51.480869,1,Slight,2,1,2019-11-20,Wednesday,22:10,Lambeth,E09000022,3,23,6,30.0,3,2,6,0,,,7,1,1,0,0,1,3,E01003183,3,1,20/11/2019,20/11/2019,1,8,0,99,,9,9,99,9,99,,,6,Male,33,26 - 35,1798,8,2,8,1,,1,1,1,1,33,6,3,0,0,0,0,0,8,1,8,2019.0,010219826,E09000022,0.0,5.0,2.0,2019.0,010219826,9.0,9.0,99.0,9.0,9.0,-1,2019.0,010219826,2019,11,1,22
465946,2019010219905,544630.0,189285.0,0.086132,51.583871,1,Slight,1,1,2019-11-21,Thursday,18:10,Redbridge,E09000026,6,0,6,30.0,6,4,6,0,,,4,1,1,0,0,1,1,E01003639,3,1,21/11/2019,21/11/2019,1,9,0,9,,8,0,0,0,0,,,2,Male,26,26 - 35,1591,1,3,8,1,,1,1,3,2,53,8,3,5,1,0,0,0,0,1,3,2019.0,010219905,E09000026,0.0,0.0,2.0,2019.0,010219905,6.0,3.0,0.0,1.0,1.0,-1,2019.0,010219905,2019,11,1,18
465954,2019010219947,540091.0,185119.0,0.019005,51.547582,1,Serious,3,1,2019-11-21,Thursday,20:08,Newham,E09000025,6,0,6,30.0,3,4,6,0,,,4,1,2,0,0,1,1,E01003557,2,2,21/11/2019,21/11/2019,1,9,0,18,,1,0,0,0,0,,,6,Male,19,16 - 20,1389,1,16,2,1,,1,1,2,2,31,6,2,0,0,1,0,0,9,1,2,2019.0,010219947,E09000025,0.0,0.0,2.0,2019.0,010219947,5.0,1.0,0.0,1.0,1.0,-1,2019.0,010219947,2019,11,2,20
465963,2019010219972,533489.0,182284.0,-0.077224,51.523705,1,Slight,1,1,2019-11-22,Friday,02:10,Hackney,E09000012,3,1209,6,20.0,6,2,5,0,,,4,2,2,0,0,1,1,E01033708,3,1,22/11/2019,22/11/2019,1,9,0,17,,1,0,0,0,0,,,2,Male,34,26 - 35,1798,8,3,-1,-1,,1,1,3,1,44,7,3,4,3,0,0,0,0,1,3,2019.0,010219972,E09000012,0.0,4.0,2.0,2019.0,010219972,7.0,3.0,0.0,1.0,1.0,-1,2019.0,010219972,2019,11,1,2
465964,2019010219973,523596.0,171411.0,-0.22355,51.428235,1,Slight,2,3,2019-11-22,Friday,00:19,Merton,E09000024,3,219,6,30.0,3,4,4,281,,,4,2,2,0,0,1,1,E01003465,3,1,22/11/2019,22/11/2019,1,9,0,18,,1,1,0,0,0,,,6,Female,30,26 - 35,1598,1,17,-1,-1,,1,1,1,2,30,6,3,0,0,0,0,0,9,-1,-1,2019.0,010219973,E09000024,0.0,1.0,2.0,2019.0,010219973,1.0,5.0,0.0,1.0,1.0,-1,2019.0,010219973,2019,11,3,0
465967,2019010219981,516207.0,187651.0,-0.324441,51.575758,1,Slight,1,1,2019-11-21,Thursday,22:32,Brent,E09000005,6,0,7,30.0,5,4,6,0,,,4,2,2,0,0,1,1,E01000568,3,1,21/11/2019,21/11/2019,1,9,0,18,,1,0,0,0,0,,,6,Male,33,26 - 35,1896,2,13,-1,-1,,1,1,3,1,36,7,3,5,9,0,0,0,0,1,4,2019.0,010219981,E09000005,0.0,0.0,2.0,2019.0,010219981,1.0,5.0,0.0,1.0,1.0,-1,2019.0,010219981,2019,11,1,22
465976,2019010220031,533641.0,189255.0,-0.072389,51.586313,1,Slight,2,1,2019-10-11,Friday,22:15,Haringey,E09000014,6,0,9,30.0,9,9,6,0,,,4,1,1,0,0,1,3,E01002066,3,1,10/11/2019,10/11/2019,1,9,0,99,,9,9,99,9,99,,,6,Male,22,21 - 25,2993,2,2,2,1,,1,1,1,1,22,5,3,0,0,0,0,0,9,1,2,2019.0,010220031,E09000014,9.0,5.0,2.0,2019.0,010220031,9.0,9.0,99.0,9.0,9.0,-1,2019.0,010220031,2019,10,1,22
465983,2019010220051,532459.0,168352.0,-0.097277,51.398745,1,Slight,3,1,2019-10-27,Sunday,23:00,Croydon,E09000008,4,266,6,30.0,0,-1,-1,-1,,,4,1,1,0,0,1,3,E01001155,3,1,27/10/2019,27/10/2019,1,9,0,99,,0,9,99,9,99,,,6,Male,27,26 - 35,1998,1,2,9,1,,1,1,1,1,27,6,3,0,0,0,0,0,9,1,9,2019.0,010220051,E09000008,0.0,0.0,2.0,2019.0,010220051,9.0,9.0,99.0,2.0,9.0,-1,2019.0,010220051,2019,10,1,23
466013,2019010220147,531437.0,179425.0,-0.10785,51.498493,1,Slight,1,1,2019-11-22,Friday,19:11,Southwark,E09000028,3,3202,2,20.0,0,-1,-1,-1,,,4,1,1,0,0,1,1,E01032584,3,1,22/11/2019,22/11/2019,1,8,0,18,,0,0,0,0,0,,,1,Male,30,26 - 35,2776,2,3,-1,-1,,1,1,3,2,11,3,3,5,2,0,0,0,0,1,5,2019.0,010220147,E09000028,0.0,0.0,2.0,2019.0,010220147,6.0,2.0,0.0,1.0,1.0,-1,2019.0,010220147,2019,11,1,19
466014,2019010220148,531568.0,169746.0,-0.10956,51.411479,1,Slight,2,1,2019-11-22,Friday,19:00,Croydon,E09000008,6,0,6,30.0,3,3,4,273,,,4,1,1,0,0,1,1,E01001161,3,1,22/11/2019,22/11/2019,1,3,0,9,,2,0,0,0,0,,,2,Male,30,26 - 35,-1,-1,-1,4,1,,1,1,1,1,30,6,3,0,0,0,0,0,3,1,4,2019.0,010220148,E09000008,0.0,0.0,2.0,2019.0,010220148,4.0,2.0,0.0,4.0,1.0,-1,2019.0,010220148,2019,11,1,19
466015,2019010220150,522125.0,174253.0,-0.243719,51.454096,1,Slight,1,1,2019-11-22,Friday,18:40,Wandsworth,E09000032,3,306,6,30.0,3,2,3,306,,,4,1,2,0,0,1,1,E01004568,3,1,22/11/2019,22/11/2019,1,9,0,9,,1,0,0,0,0,,,6,Female,28,26 - 35,-1,-1,-1,-1,-1,,1,1,3,1,19,4,3,1,1,0,0,0,0,1,3,2019.0,010220150,E09000032,0.0,5.0,2.0,2019.0,010220150,7.0,5.0,0.0,1.0,1.0,-1,2019.0,010220150,2019,11,1,18
466025,2019010220169,526078.0,177593.0,-0.185666,51.483248,1,Slight,2,1,2019-11-22,Friday,21:36,Kensington and Chelsea,E09000020,3,308,6,30.0,6,2,3,3220,,,4,1,1,0,0,1,1,E01002897,3,1,22/11/2019,22/11/2019,1,2,0,13,,1,1,0,0,0,,,1,Male,25,21 - 25,108,1,1,4,1,,1,1,1,1,25,5,3,0,0,0,0,0,2,1,4,2019.0,010220169,E09000020,0.0,8.0,2.0,2019.0,010220169,7.0,3.0,0.0,4.0,1.0,-1,2019.0,010220169,2019,11,1,21
466038,2019010220190,537546.0,190529.0,-0.01556,51.596822,1,Slight,2,1,2019-11-22,Friday,21:34,Waltham Forest,E09000031,6,0,6,20.0,3,4,3,112,,,4,1,1,0,0,1,1,E01004347,3,1,22/11/2019,22/11/2019,1,2,0,9,,5,1,0,0,0,,,6,Male,21,21 - 25,125,1,0,2,1,,1,1,1,1,21,5,3,0,0,0,0,0,2,1,2,2019.0,010220190,E09000031,0.0,4.0,2.0,2019.0,010220190,8.0,5.0,0.0,1.0,1.0,-1,2019.0,010220190,2019,11,1,21
466039,2019010220191,533386.0,170713.0,-0.083072,51.419745,1,Slight,2,1,2019-11-22,Friday,21:25,Croydon,E09000008,3,214,6,20.0,6,2,3,214,,,4,1,1,0,0,1,1,E01003062,3,1,22/11/2019,22/11/2019,1,3,0,7,,1,0,0,0,0,,,1,Male,31,26 - 35,125,1,13,2,1,,1,1,1,1,31,6,3,0,0,0,0,0,3,1,2,2019.0,010220191,E09000008,0.0,0.0,2.0,2019.0,010220191,4.0,5.0,0.0,3.0,1.0,-1,2019.0,010220191,2019,11,1,21
466042,2019010220210,530471.0,176742.0,-0.122749,51.474605,1,Slight,2,1,2019-11-22,Friday,21:54,Lambeth,E09000022,3,203,6,20.0,6,2,5,0,,,4,1,1,0,1,1,1,E01003126,3,1,22/11/2019,22/11/2019,1,3,0,5,,1,1,0,0,0,,,1,Male,19,16 - 20,108,1,2,2,1,,1,1,1,1,19,4,3,0,0,0,0,0,3,1,2,2019.0,010220210,E09000022,0.0,5.0,2.0,2019.0,010220210,3.0,7.0,0.0,1.0,1.0,-1,2019.0,010220210,2019,11,1,21
466047,2019010220217,531116.0,175680.0,-0.113861,51.464912,1,Slight,1,1,2019-11-23,Saturday,01:00,Lambeth,E09000022,3,23,6,30.0,3,2,3,203,,,4,2,2,0,0,1,1,E01003047,3,1,23/11/2019,23/11/2019,1,9,0,4,,1,0,0,0,0,,,6,Male,30,26 - 35,1968,2,5,3,1,,1,1,3,1,23,5,3,1,3,0,0,0,0,1,2,2019.0,010220217,E09000022,0.0,5.0,2.0,2019.0,010220217,5.0,1.0,0.0,3.0,1.0,-1,2019.0,010220217,2019,11,1,1
466049,2019010220222,530064.0,182815.0,-0.126369,51.529275,1,Slight,3,1,2019-11-23,Saturday,01:45,Camden,E09000007,3,501,2,20.0,3,2,5,0,,,4,2,2,0,0,1,1,E01000956,3,1,23/11/2019,23/11/2019,1,9,0,18,,1,0,0,0,0,,,6,Male,24,21 - 25,3982,1,0,3,1,,1,1,2,1,24,5,3,0,0,1,0,0,9,-1,-1,2019.0,010220222,E09000007,0.0,5.0,2.0,2019.0,010220222,1.0,5.0,0.0,1.0,1.0,-1,2019.0,010220222,2019,11,1,1
466050,2019010220225,544702.0,166900.0,0.078005,51.38271,1,Serious,1,1,2019-11-23,Saturday,00:10,Bromley,E09000006,5,0,3,20.0,9,4,6,0,,,4,2,2,0,0,1,1,E01000813,2,2,23/11/2019,23/11/2019,1,9,0,18,,1,1,0,1,0,,,6,Male,18,16 - 20,1995,2,10,7,3,,1,1,2,2,18,4,2,0,0,1,0,0,9,1,10,2019.0,010220225,E09000006,1.0,8.0,2.0,2019.0,010220225,6.0,2.0,0.0,1.0,1.0,-1,2019.0,010220225,2019,11,2,0
466051,2019010220228,535575.0,174103.0,-0.050314,51.44969,1,Slight,2,2,2019-11-23,Saturday,00:19,Lewisham,E09000023,4,238,6,30.0,3,4,6,0,,,4,2,2,0,0,1,1,E01003261,3,1,23/11/2019,23/11/2019,1,9,0,18,,1,5,4,0,0,,,6,Male,24,21 - 25,1598,1,17,4,1,,1,1,1,1,24,5,3,0,0,0,0,0,9,1,4,2019.0,010220228,E09000023,0.0,0.0,2.0,2019.0,010220228,7.0,3.0,0.0,1.0,1.0,-1,2019.0,010220228,2019,11,2,0
466078,2019010220312,530565.0,186092.0,-0.117935,51.558609,1,Serious,2,1,2019-11-22,Friday,18:00,Islington,E09000019,3,503,3,20.0,3,4,6,0,,,4,1,1,0,0,1,1,E01002731,2,2,22/11/2019,22/11/2019,1,3,0,13,,8,0,0,0,0,,,6,Male,34,26 - 35,125,1,2,5,1,,1,1,1,1,34,6,2,0,0,0,0,0,3,1,5,2019.0,010220312,E09000019,0.0,5.0,2.0,2019.0,010220312,6.0,2.0,0.0,1.0,1.0,-1,2019.0,010220312,2019,11,2,18
466085,2019010220324,531830.0,188301.0,-0.098871,51.578166,1,Slight,2,1,2019-11-23,Saturday,01:00,Haringey,E09000014,3,105,6,20.0,6,9,6,0,,,4,2,2,9,9,1,3,E01002047,3,1,23/11/2019,23/11/2019,1,3,0,99,,9,9,99,9,99,,,6,Male,23,21 - 25,125,1,0,2,1,,1,1,1,1,23,5,3,0,0,0,0,0,3,1,2,2019.0,010220324,E09000014,9.0,9.0,2.0,2019.0,010220324,9.0,9.0,99.0,1.0,1.0,-1,2019.0,010220324,2019,11,1,1
466107,2019010220376,524960.0,169811.0,-0.204503,51.413556,1,Slight,1,1,2019-11-23,Saturday,18:09,Merton,E09000024,3,238,6,30.0,3,4,6,0,,,4,2,2,0,0,1,1,E01003428,3,1,23/11/2019,23/11/2019,1,9,0,9,,5,0,0,0,0,,,6,Male,19,16 - 20,1598,1,12,9,1,,1,1,3,1,77,11,3,5,1,0,0,0,0,1,8,2019.0,010220376,E09000024,0.0,0.0,2.0,2019.0,010220376,7.0,5.0,0.0,1.0,1.0,-1,2019.0,010220376,2019,11,1,18
466108,2019010220379,531646.0,165339.0,-0.110073,51.371857,1,Slight,2,1,2019-11-23,Saturday,18:50,Croydon,E09000008,5,0,6,30.0,99,2,5,0,,,4,2,2,0,0,1,3,E01001166,3,1,23/11/2019,23/11/2019,1,9,0,99,,9,9,99,9,99,,,2,Female,21,21 - 25,999,1,3,2,1,,1,1,1,2,21,5,3,0,0,0,0,0,9,1,2,2019.0,010220379,E09000008,0.0,0.0,2.0,2019.0,010220379,9.0,9.0,99.0,2.0,9.0,-1,2019.0,010220379,2019,11,1,18
466112,2019010220391,533349.0,180024.0,-0.080095,51.503428,1,Slight,2,1,2019-11-23,Saturday,19:15,Southwark,E09000028,3,200,6,20.0,3,4,6,0,,,4,1,1,0,0,1,1,E01004027,3,1,23/11/2019,23/11/2019,1,3,0,8,,6,0,0,0,0,,,6,Male,30,26 - 35,125,1,1,2,1,,1,1,1,1,30,6,3,0,0,0,0,0,3,1,2,2019.0,010220391,E09000028,0.0,0.0,2.0,2019.0,010220391,5.0,7.0,0.0,2.0,-1.0,-1,2019.0,010220391,2019,11,1,19
466115,2019010220394,528687.0,178414.0,-0.147814,51.490039,1,Slight,2,1,2019-11-23,Saturday,18:28,Westminster,E09000033,4,324,1,30.0,1,4,6,0,,,4,1,2,0,0,1,1,E01004750,3,1,23/11/2019,23/11/2019,1,9,0,5,,4,0,0,0,0,,,6,Male,29,26 - 35,1598,1,13,9,1,,2,1,1,1,50,8,3,0,0,0,0,0,1,1,3,2019.0,010220394,E09000033,0.0,1.0,2.0,2019.0,010220394,3.0,7.0,0.0,3.0,1.0,-1,2019.0,010220394,2019,11,1,18
466121,2019010220401,527957.0,181353.0,-0.157257,51.516617,1,Slight,2,1,2019-11-23,Saturday,19:15,Westminster,E09000033,4,523,3,30.0,3,4,6,0,,,4,9,1,0,0,1,1,E01004714,3,1,23/11/2019,23/11/2019,1,4,0,18,,8,0,0,0,0,,,6,Male,18,16 - 20,125,1,0,2,1,,1,1,1,1,18,4,3,0,0,0,0,0,4,1,2,2019.0,010220401,E09000033,0.0,0.0,2.0,2019.0,010220401,1.0,5.0,0.0,3.0,1.0,-1,2019.0,010220401,2019,11,1,19
466125,2019010220413,520545.0,181526.0,-0.263967,51.519801,1,Slight,2,1,2019-11-23,Saturday,22:34,Ealing,E09000009,3,4000,3,30.0,0,-1,-1,-1,,,4,1,2,0,0,1,1,E01001238,3,1,23/11/2019,23/11/2019,1,9,0,3,,0,0,0,0,0,,,6,Male,28,26 - 35,1582,2,11,1,1,,2,1,1,1,34,6,3,0,0,0,0,0,9,3,6,2019.0,010220413,E09000009,0.0,0.0,2.0,2019.0,010220413,7.0,3.0,0.0,1.0,1.0,-1,2019.0,010220413,2019,11,1,22
466126,2019010220420,526001.0,186292.0,-0.183665,51.561444,1,Slight,2,1,2019-11-23,Saturday,19:20,Camden,E09000007,5,0,6,30.0,0,-1,-1,-1,,,4,8,2,0,0,1,1,E01000899,3,1,23/11/2019,23/11/2019,1,9,0,18,,0,0,0,1,4,,,6,Male,31,26 - 35,1796,1,11,2,1,,1,1,1,1,31,6,3,0,0,0,0,0,9,1,2,2019.0,010220420,E09000007,0.0,0.0,2.0,2019.0,010220420,1.0,5.0,0.0,1.0,1.0,-1,2019.0,010220420,2019,11,1,19
466127,2019010220423,526584.0,182887.0,-0.176484,51.530713,1,Slight,2,1,2019-11-23,Saturday,23:45,Westminster,E09000033,4,507,6,30.0,6,2,5,0,,,4,1,2,0,0,1,1,E01004651,3,1,23/11/2019,23/11/2019,1,9,0,9,,8,0,0,0,0,,,1,Male,29,26 - 35,1798,8,1,5,1,,2,1,1,1,25,5,3,0,0,0,0,0,4,1,3,2019.0,010220423,E09000033,2.0,5.0,2.0,2019.0,010220423,5.0,4.0,0.0,1.0,1.0,-1,2019.0,010220423,2019,11,1,23
466131,2019010220433,519752.0,184499.0,-0.274381,51.546689,1,Slight,3,2,2019-11-23,Saturday,20:30,Brent,E09000005,3,404,6,30.0,9,3,6,0,,,4,1,2,0,0,1,1,E01000621,3,1,23/11/2019,23/11/2019,1,9,0,3,,1,0,4,0,0,,,6,Male,34,26 - 35,1910,2,11,-1,-1,,1,1,1,1,34,6,3,0,0,0,0,0,9,-1,-1,2019.0,010220433,E09000005,0.0,0.0,2.0,2019.0,010220433,5.0,1.0,0.0,2.0,1.0,-1,2019.0,010220433,2019,11,2,20
466132,2019010220436,537350.0,192772.0,-0.01751,51.617025,1,Serious,2,2,2019-11-23,Saturday,02:48,Waltham Forest,E09000031,3,112,2,30.0,6,2,3,1009,,,4,2,2,0,0,1,1,E01004414,2,2,23/11/2019,23/11/2019,1,9,0,9,,6,0,0,0,0,,,6,Female,23,21 - 25,898,1,4,3,1,,1,1,2,2,23,5,2,0,0,2,0,0,9,1,3,2019.0,010220436,E09000031,0.0,5.0,2.0,2019.0,010220436,1.0,7.0,0.0,4.0,1.0,-1,2019.0,010220436,2019,11,4,2
466133,2019010220437,534579.0,181315.0,-0.061892,51.514738,1,Slight,2,1,2019-11-24,Sunday,02:42,Tower Hamlets,E09000030,3,13,9,20.0,6,2,4,108,,,7,1,1,0,0,1,3,E01004319,3,1,24/11/2019,24/11/2019,1,9,0,99,,9,9,99,9,99,,,6,Male,31,26 - 35,2143,2,4,1,1,,1,1,1,1,31,6,3,0,0,0,0,0,9,1,1,2019.0,010220437,E09000030,0.0,9.0,2.0,2019.0,010220437,9.0,9.0,99.0,1.0,9.0,-1,2019.0,010220437,2019,11,1,2
466136,2019010220445,527530.0,171408.0,-0.166993,51.427337,1,Slight,2,1,2019-11-24,Sunday,03:00,Wandsworth,E09000032,3,217,6,30.0,3,4,6,0,,,4,1,2,0,0,1,1,E01004525,3,1,24/11/2019,24/11/2019,1,3,0,18,,8,0,0,0,0,,,1,Male,32,26 - 35,125,1,0,5,1,,1,1,1,1,32,6,3,0,0,0,0,0,3,1,5,2019.0,010220445,E09000032,0.0,0.0,2.0,2019.0,010220445,7.0,3.0,0.0,1.0,1.0,-1,2019.0,010220445,2019,11,1,3
466137,2019010220446,523755.0,181331.0,-0.217793,51.517355,1,Serious,2,1,2019-11-24,Sunday,01:00,Kensington and Chelsea,E09000020,6,0,3,30.0,6,4,6,0,,,4,1,1,0,0,1,1,E01002877,2,2,24/11/2019,24/11/2019,1,9,0,5,,8,0,0,0,0,,,6,Male,28,26 - 35,1496,2,4,6,1,,2,1,1,1,26,6,2,0,0,0,0,0,3,1,2,2019.0,010220446,E09000020,0.0,1.0,2.0,2019.0,010220446,1.0,5.0,0.0,3.0,1.0,-1,2019.0,010220446,2019,11,2,1
466138,2019010220452,540589.0,188208.0,0.027416,51.575215,1,Slight,2,1,2019-11-23,Saturday,20:03,Redbridge,E09000026,3,12,3,40.0,0,-1,-1,-1,,,4,8,2,0,0,1,1,E01003789,3,1,23/11/2019,23/11/2019,1,9,0,18,,0,0,0,0,0,,,6,Female,28,26 - 35,1995,2,1,4,1,,1,1,1,2,28,6,3,0,0,0,0,0,9,1,4,2019.0,010220452,E09000026,0.0,0.0,2.0,2019.0,010220452,7.0,3.0,0.0,2.0,1.0,-1,2019.0,010220452,2019,11,1,20
466175,2019010220565,523759.0,181145.0,-0.217801,51.515682,1,Slight,2,3,2019-11-24,Sunday,19:33,Kensington and Chelsea,E09000020,3,40,3,60.0,0,-1,-1,-1,,,6,1,1,0,0,1,1,E01002880,3,1,24/11/2019,24/11/2019,1,9,0,3,,0,0,0,0,0,,,6,Male,28,26 - 35,1596,1,8,2,1,,2,1,2,2,43,7,3,0,0,2,0,0,9,1,10,2019.0,010220565,E09000020,0.0,0.0,2.0,2019.0,010220565,3.0,7.0,0.0,2.0,1.0,-1,2019.0,010220565,2019,11,3,19
466178,2019010220578,545147.0,191565.0,0.094531,51.604225,1,Slight,2,1,2019-11-24,Sunday,20:00,Redbridge,E09000026,5,0,6,30.0,3,4,6,0,,,7,1,2,0,0,1,3,E01003699,3,1,24/11/2019,24/11/2019,1,3,0,99,,1,9,99,9,99,,,6,Male,34,26 - 35,125,1,6,1,1,,1,1,1,1,34,6,3,0,0,0,0,0,3,1,1,2019.0,010220578,E09000026,9.0,9.0,2.0,2019.0,010220578,9.0,9.0,99.0,1.0,1.0,-1,2019.0,010220578,2019,11,1,20
466180,2019010220587,516867.0,180913.0,-0.317157,51.515063,1,Slight,2,1,2019-11-24,Sunday,01:00,Ealing,E09000009,6,0,6,20.0,0,-1,-1,-1,,,4,1,1,0,0,1,3,E01001227,3,1,24/11/2019,24/11/2019,1,3,0,13,,0,5,0,0,0,,,1,Male,34,26 - 35,124,1,7,5,1,,1,1,1,1,34,6,3,0,0,0,0,0,3,1,5,2019.0,010220587,E09000009,0.0,0.0,2.0,2019.0,010220587,7.0,3.0,0.0,1.0,1.0,-1,2019.0,010220587,2019,11,1,1
466197,2019010220655,525723.0,185311.0,-0.188024,51.552689,1,Slight,2,1,2019-11-21,Thursday,18:35,Camden,E09000007,3,41,6,30.0,6,2,6,0,,,4,1,1,0,0,1,3,E01000969,3,1,21/11/2019,21/11/2019,1,9,0,99,,9,9,99,9,99,,,6,Female,30,26 - 35,1198,1,13,8,1,,1,1,1,2,30,6,3,0,0,0,0,0,9,1,8,2019.0,010220655,E09000007,9.0,9.0,2.0,2019.0,010220655,9.0,9.0,99.0,9.0,9.0,-1,2019.0,010220655,2019,11,1,18
466203,2019010220677,526241.0,169981.0,-0.186032,51.414801,1,Slight,2,1,2019-12-11,Wednesday,18:20,Merton,E09000024,5,0,2,30.0,99,9,5,0,,,7,1,1,0,0,1,3,E01003357,3,1,12/11/2019,12/11/2019,1,3,0,99,,9,9,99,9,99,,,6,Male,25,21 - 25,125,1,3,8,1,,1,1,1,1,25,5,3,0,0,0,0,0,3,1,8,2019.0,010220677,E09000024,9.0,9.0,2.0,2019.0,010220677,9.0,9.0,99.0,1.0,1.0,-1,2019.0,010220677,2019,12,1,18
466207,2019010220683,533527.0,176990.0,-0.078679,51.476121,1,Slight,2,1,2019-11-22,Friday,22:00,Southwark,E09000028,5,0,6,20.0,3,4,4,217,,,4,8,1,0,0,1,3,E01003912,3,1,22/11/2019,22/11/2019,1,9,0,99,,1,9,99,9,99,,,6,Female,30,26 - 35,1461,2,4,4,1,,1,1,1,2,30,6,3,0,0,0,0,0,9,1,4,2019.0,010220683,E09000028,0.0,1.0,2.0,2019.0,010220683,9.0,9.0,99.0,2.0,9.0,-1,2019.0,010220683,2019,11,1,22
466217,2019010220720,525889.0,168724.0,-0.191537,51.403582,1,Slight,2,1,2019-07-31,Wednesday,19:50,Merton,E09000024,3,24,1,20.0,2,9,3,297,,,1,1,1,0,0,1,3,E01003439,3,1,31/07/2019,31/07/2019,1,9,0,99,,9,9,99,9,99,,,2,Female,35,26 - 35,1398,1,5,4,1,,1,1,1,2,35,6,3,0,0,0,0,0,9,1,4,2019.0,010220720,E09000024,0.0,0.0,2.0,2019.0,010220720,9.0,9.0,99.0,9.0,9.0,-1,2019.0,010220720,2019,7,1,19
466234,2019010220759,523338.0,181711.0,-0.223667,51.520861,1,Slight,1,1,2019-11-25,Monday,18:15,Kensington and Chelsea,E09000020,6,0,3,30.0,6,4,5,0,,,4,1,2,0,0,1,1,E01002908,3,1,25/11/2019,25/11/2019,1,8,0,9,,5,0,0,0,0,,,2,Male,27,26 - 35,1797,8,5,1,1,,1,1,3,2,36,7,3,8,3,0,0,0,0,1,1,2019.0,010220759,E09000020,0.0,0.0,2.0,2019.0,010220759,7.0,5.0,0.0,1.0,1.0,-1,2019.0,010220759,2019,11,1,18
466262,2019010220850,532334.0,168325.0,-0.099083,51.398531,1,Slight,2,1,2019-08-13,Tuesday,23:05,Croydon,E09000008,4,266,6,30.0,99,2,6,0,,,4,1,1,0,0,1,3,E01001155,3,1,13/08/2019,13/08/2019,1,9,0,99,,9,9,99,9,99,,,6,Female,24,21 - 25,999,1,3,2,1,,1,1,1,2,24,5,3,0,0,0,0,0,9,1,2,2019.0,010220850,E09000008,9.0,9.0,2.0,2019.0,010220850,9.0,9.0,99.0,2.0,9.0,-1,2019.0,010220850,2019,8,1,23
466292,2019010220920,517482.0,169356.0,-0.312135,51.411065,1,Slight,2,1,2019-11-23,Saturday,18:30,Richmond upon Thames,E09000027,3,308,6,30.0,3,2,4,359,,,4,2,2,0,0,1,3,E01003834,3,1,23/11/2019,23/11/2019,1,3,0,18,,8,0,0,0,0,,,2,Male,19,16 - 20,125,1,1,9,1,,1,1,1,1,19,4,3,0,0,0,0,0,3,1,9,2019.0,010220920,E09000027,0.0,1.0,2.0,2019.0,010220920,7.0,3.0,0.0,1.0,1.0,-1,2019.0,010220920,2019,11,1,18
466313,2019010220967,512839.0,172024.0,-0.378017,51.435987,1,Serious,3,1,2019-11-26,Tuesday,18:10,Hounslow,E09000018,3,312,1,30.0,1,2,3,305,,,4,2,1,0,0,1,1,E01002605,2,2,26/11/2019,26/11/2019,1,9,0,3,,3,0,0,0,0,,,2,Female,26,26 - 35,1461,2,1,8,1,,1,1,3,2,57,9,2,1,1,0,0,0,0,1,7,2019.0,010220967,E09000018,0.0,1.0,2.0,2019.0,010220967,7.0,3.0,0.0,2.0,2.0,-1,2019.0,010220967,2019,11,2,18
466318,2019010220982,531843.0,186444.0,-0.099379,51.561475,1,Slight,2,1,2019-11-26,Tuesday,20:15,Islington,E09000019,3,1201,6,30.0,6,2,4,105,,,4,2,2,0,0,1,1,E01001720,3,1,26/11/2019,26/11/2019,1,9,0,18,,1,0,0,0,0,,,2,Female,32,26 - 35,1968,2,3,4,1,,2,1,1,2,28,6,3,0,0,0,0,0,1,1,2,2019.0,010220982,E09000019,0.0,5.0,2.0,2019.0,010220982,1.0,5.0,0.0,4.0,1.0,-1,2019.0,010220982,2019,11,1,20