,accident_index,location_easting_osgr,location_northing_osgr,longitude,latitude,police_force,accident_severity,number_of_vehicles,number_of_casualties,date,day_of_week,time,local_authority_district,local_authority_highway,first_road_class,first_road_number,road_type,speed_limit,junction_detail,junction_control,second_road_class,second_road_number,pedestrian_crossing-human_control,pedestrian_crossing-physical_facilities,light_conditions,weather_conditions,road_surface_conditions,special_conditions_at_site,carriageway_hazards,urban_or_rural_area,did_police_officer_attend_scene_of_accident,lsoa_of_accident_location,accident_severity_num,accident_severity_inv,date2,date_original,vehicle_reference_x,vehicle_type,towing_and_articulation,vehicle_manoeuvre,vehicle_location-restricted_lane,junction_location,skidding_and_overturning,hit_object_in_carriageway,vehicle_leaving_carriageway,hit_object_off_carriageway,1st_point_of_impact,was_vehicle_left_hand_drive?,journey_purpose_of_driver,sex_of_driver,age_of_driver,age_band_of_driver,engine_capacity_cc,propulsion_code,age_of_vehicle,driver_imd_decile,driver_home_area_type,vehicle_imd_decile,vehicle_reference_y,casualty_reference,casualty_class,sex_of_casualty,age_of_casualty,age_band_of_casualty,casualty_severity,pedestrian_location,pedestrian_movement,car_passenger,bus_or_coach_passenger,pedestrian_road_maintenance_worker,casualty_type,casualty_home_area_type,casualty_imd_decile,accident_year_x,accident_reference_x,local_authority_ons_district,pedestrian_crossing_human_control,pedestrian_crossing_physical_facilities,trunk_road_flag,accident_year_y,accident_reference_y,vehicle_direction_from,vehicle_direction_to,vehicle_location_restricted_lane,first_point_of_impact,vehicle_left_hand_drive,generic_make_model,accident_year,accident_reference,year,month,severity,hours
466681,2019010221951,517804.0,171776.0,-0.306703,51.432748,1,Slight,2,2,2019-01-12,Saturday,02:54,Richmond upon Thames,E09000027,3,307,6,30.0,0,-1,-1,-1,,,4,1,1,0,0,1,1,E01003817,3,1,01/12/2019,01/12/2019,1,9,0,18,,0,0,4,0,0,,,6,Male,18,16 - 20,1200,1,2,-1,-1,,1,1,1,1,18,4,3,0,0,0,0,0,9,-1,-1,2019.0,010221951,E09000027,0.0,0.0,2.0,2019.0,010221951,2.0,6.0,0.0,1.0,1.0,-1,2019.0,010221951,2019,1,2,2
466682,2019010221953,510995.0,180791.0,-0.401784,51.51515,1,Slight,2,2,2019-01-12,Saturday,04:45,Hillingdon,E09000017,3,312,3,50.0,0,-1,-1,-1,,,4,1,4,0,0,1,1,E01002505,3,1,01/12/2019,01/12/2019,1,9,0,18,,0,1,0,0,0,,,6,Male,19,16 - 20,1996,1,1,5,1,,1,1,1,1,19,4,3,0,0,0,0,0,9,1,5,2019.0,010221953,E09000017,0.0,0.0,2.0,2019.0,010221953,1.0,5.0,0.0,1.0,1.0,-1,2019.0,010221953,2019,1,2,4
466683,2019010221955,529138.0,181100.0,-0.140339,51.514075,1,Slight,2,1,2019-01-12,Saturday,01:37,Westminster,E09000033,5,0,6,30.0,3,4,6,0,,,4,1,1,0,0,1,1,E01033595,3,1,01/12/2019,01/12/2019,1,2,0,5,,1,0,0,0,0,,,2,Male,21,21 - 25,125,1,3,1,1,,1,1,1,1,21,5,3,0,0,0,0,0,2,1,1,2019.0,010221955,E09000033,0.0,0.0,2.0,2019.0,010221955,5.0,1.0,0.0,4.0,1.0,-1,2019.0,010221955,2019,1,1,1
466707,2019010222034,548217.0,183539.0,0.135447,51.531311,1,Slight,2,2,2019-11-30,Saturday,18:45,Barking and Dagenham,E09000002,3,13,3,50.0,5,4,6,0,,,4,1,2,0,0,1,1,E01000095,3,1,30/11/2019,30/11/2019,1,9,0,4,,1,0,0,0,0,,,2,Male,30,26 - 35,1995,2,3,8,1,,1,1,1,1,30,6,3,0,0,0,0,0,9,1,8,2019.0,010222034,E09000002,0.0,0.0,2.0,2019.0,010222034,4.0,8.0,0.0,2.0,1.0,-1,2019.0,010222034,2019,11,2,18
466715,2019010222061,551524.0,188443.0,0.185197,51.574497,1,Slight,2,1,2019-01-12,Saturday,18:00,Havering,E09000016,5,0,6,30.0,0,-1,-1,-1,,,4,1,1,0,0,1,1,E01002356,3,1,01/12/2019,01/12/2019,1,9,0,5,,0,0,0,0,0,,,6,Male,26,26 - 35,1400,1,13,3,1,,1,1,1,1,26,6,3,0,0,0,0,0,9,1,3,2019.0,010222061,E09000016,0.0,0.0,2.0,2019.0,010222061,0.0,7.0,9.0,3.0,1.0,-1,2019.0,010222061,2019,1,1,18
466716,2019010222065,536941.0,188919.0,-0.024916,51.582502,1,Slight,2,1,2019-01-12,Saturday,20:31,Waltham Forest,E09000031,5,0,6,20.0,0,-1,-1,-1,,,4,8,2,0,0,1,1,E01004397,3,1,01/12/2019,01/12/2019,1,9,0,18,,0,0,0,0,0,,,1,Male,27,26 - 35,1499,1,2,4,1,,2,1,1,1,28,6,3,0,0,0,0,0,1,-1,-1,2019.0,010222065,E09000031,0.0,1.0,2.0,2019.0,010222065,5.0,1.0,0.0,1.0,1.0,-1,2019.0,010222065,2019,1,1,20
466721,2019010222077,523072.0,181387.0,-0.227612,51.518007,1,Slight,2,1,2019-01-12,Saturday,20:49,Hammersmith and Fulham,E09000013,3,219,6,20.0,3,4,6,0,,,4,1,1,0,0,1,1,E01001874,3,1,01/12/2019,01/12/2019,1,9,0,18,,8,0,0,0,0,,,6,Male,26,26 - 35,999,1,10,3,1,,1,1,1,1,26,6,3,0,0,0,0,0,9,1,3,2019.0,010222077,E09000013,0.0,0.0,2.0,2019.0,010222077,1.0,5.0,0.0,2.0,1.0,-1,2019.0,010222077,2019,1,1,20
466722,2019010222081,511967.0,178376.0,-0.388548,51.493252,1,Slight,2,1,2019-01-12,Saturday,20:15,Hounslow,E09000018,5,0,6,20.0,2,4,6,0,,,4,1,1,0,0,1,1,E01002631,3,1,01/12/2019,01/12/2019,1,9,0,6,,4,0,0,0,0,,,6,Male,26,26 - 35,2143,2,5,4,1,,1,1,1,1,26,6,3,0,0,0,0,0,9,1,4,2019.0,010222081,E09000018,0.0,0.0,2.0,2019.0,010222081,5.0,5.0,0.0,3.0,1.0,-1,2019.0,010222081,2019,1,1,20
466724,2019010222083,538951.0,193011.0,0.005694,51.618779,1,Slight,1,1,2019-01-12,Saturday,22:20,Waltham Forest,E09000031,3,1009,6,30.0,9,4,6,0,,,4,1,1,0,0,1,1,E01004384,3,1,01/12/2019,01/12/2019,1,9,0,18,,8,0,0,1,0,,,6,Female,29,26 - 35,1200,1,0,6,1,,1,1,3,1,25,5,3,4,3,0,0,0,0,1,3,2019.0,010222083,E09000031,0.0,5.0,2.0,2019.0,010222083,3.0,7.0,0.0,3.0,1.0,-1,2019.0,010222083,2019,1,1,22
466726,2019010222086,515920.0,189331.0,-0.328026,51.590916,1,Slight,2,3,2019-01-12,Saturday,21:35,Harrow,E09000015,5,0,6,30.0,5,4,6,0,,,4,1,1,0,0,1,1,E01002180,3,1,01/12/2019,01/12/2019,1,9,0,18,,8,0,0,0,0,,,2,Male,30,26 - 35,1995,2,14,4,1,,1,1,1,1,30,6,3,0,0,0,0,0,9,1,4,2019.0,010222086,E09000015,0.0,0.0,2.0,2019.0,010222086,7.0,3.0,0.0,1.0,1.0,-1,2019.0,010222086,2019,1,3,21
466729,2019010222091,535815.0,186206.0,-0.042205,51.558394,1,Slight,2,1,2019-01-12,Saturday,22:00,Hackney,E09000012,6,0,9,20.0,3,9,6,0,,,4,1,1,0,0,1,3,E01001787,3,1,01/12/2019,01/12/2019,1,9,0,99,,9,9,99,9,99,,,6,Male,31,26 - 35,1798,8,0,1,1,,1,1,1,1,31,6,3,0,0,0,0,0,9,1,1,2019.0,010222091,E09000012,0.0,0.0,2.0,2019.0,010222091,9.0,9.0,99.0,2.0,9.0,-1,2019.0,010222091,2019,1,1,22
466777,2019010222237,533202.0,190732.0,-0.078162,51.599689,1,Slight,2,1,2019-11-28,Thursday,19:35,Haringey,E09000014,3,10,9,30.0,99,9,6,0,,,7,9,9,9,9,1,3,E01002095,3,1,28/11/2019,28/11/2019,1,3,0,99,,9,9,99,9,99,,,2,Male,32,26 - 35,125,1,11,1,1,,1,1,1,1,32,6,3,0,0,0,0,0,3,1,1,2019.0,010222237,E09000014,9.0,1.0,2.0,2019.0,010222237,9.0,9.0,99.0,1.0,1.0,-1,2019.0,010222237,2019,11,1,19
466790,2019010222274,533066.0,180186.0,-0.084109,51.504951,1,Slight,1,2,2019-02-12,Tuesday,18:00,Southwark,E09000028,3,200,9,20.0,0,-1,-1,-1,,,4,1,1,9,0,1,3,E01004027,3,1,02/12/2019,02/12/2019,1,3,0,99,,0,9,99,9,99,,,6,Male,21,21 - 25,125,1,8,2,1,,1,1,1,1,21,5,3,0,0,0,0,0,3,1,2,2019.0,010222274,E09000028,9.0,9.0,2.0,2019.0,010222274,9.0,9.0,99.0,1.0,1.0,-1,2019.0,010222274,2019,2,2,18
466796,2019010222293,530945.0,175113.0,-0.116531,51.459856,1,Slight,2,1,2019-02-12,Tuesday,19:20,Lambeth,E09000022,3,23,3,30.0,0,-1,-1,-1,,,4,1,1,0,0,1,1,E01003176,3,1,02/12/2019,02/12/2019,1,9,0,6,,0,0,0,0,0,,,6,Male,30,26 - 35,999,1,0,5,1,,2,1,1,1,22,5,3,0,0,0,0,0,4,1,6,2019.0,010222293,E09000022,0.0,5.0,2.0,2019.0,010222293,1.0,1.0,0.0,3.0,1.0,-1,2019.0,010222293,2019,2,1,19
466801,2019010222305,518438.0,182616.0,-0.293955,51.530042,1,Slight,2,1,2019-02-12,Tuesday,20:00,Ealing,E09000009,3,406,1,30.0,0,-1,-1,-1,,,4,8,2,0,0,1,3,E01001278,3,1,02/12/2019,02/12/2019,1,9,0,3,,0,9,0,0,0,,,2,Female,32,26 - 35,999,1,3,4,1,,1,1,1,2,32,6,3,0,0,0,0,0,9,1,4,2019.0,010222305,E09000009,0.0,0.0,2.0,2019.0,010222305,7.0,3.0,0.0,2.0,9.0,-1,2019.0,010222305,2019,2,1,20
466816,2019010222344,512321.0,185967.0,-0.381032,51.561409,1,Slight,3,1,2019-02-12,Tuesday,21:51,Hillingdon,E09000017,5,0,6,30.0,3,4,6,0,,,4,1,1,0,0,1,1,E01002496,3,1,02/12/2019,02/12/2019,1,9,0,9,,6,0,4,0,0,,,6,Male,22,21 - 25,1490,1,14,4,1,,1,1,1,1,22,5,3,0,0,0,0,0,9,1,4,2019.0,010222344,E09000017,0.0,0.0,2.0,2019.0,010222344,6.0,4.0,0.0,3.0,1.0,-1,2019.0,010222344,2019,2,1,21
466819,2019010222348,531340.0,181824.0,-0.108354,51.520075,1,Slight,2,1,2019-11-30,Saturday,21:40,Camden,E09000007,4,521,6,20.0,0,-1,-1,-1,,,4,1,1,4,0,1,3,E01000916,3,1,30/11/2019,30/11/2019,1,3,0,99,,0,9,99,9,99,,,6,Male,31,26 - 35,125,1,3,4,1,,1,1,1,1,31,6,3,0,0,0,0,0,3,1,4,2019.0,010222348,E09000007,9.0,1.0,2.0,2019.0,010222348,9.0,9.0,99.0,1.0,1.0,-1,2019.0,010222348,2019,11,1,21
466820,2019010222359,535237.0,171574.0,-0.05614,51.427044,1,Serious,1,2,2019-03-12,Tuesday,02:31,Lewisham,E09000023,3,212,1,20.0,1,4,3,2216,,,4,1,2,0,0,1,1,E01003334,2,2,03/12/2019,03/12/2019,1,9,0,18,,4,0,10,0,0,,,1,Male,29,26 - 35,1200,1,1,1,1,,1,1,1,1,29,6,3,0,0,0,0,0,9,1,1,2019.0,010222359,E09000023,0.0,0.0,2.0,2019.0,010222359,8.0,4.0,0.0,1.0,1.0,-1,2019.0,010222359,2019,3,4,2
466824,2019010222366,542358.0,182960.0,0.050804,51.527614,1,Slight,2,1,2019-11-23,Saturday,01:00,Newham,E09000025,6,0,6,30.0,3,9,6,0,,,7,1,1,9,9,1,3,E01003527,3,1,23/11/2019,23/11/2019,1,9,0,7,,1,0,4,0,0,,,6,Male,24,21 - 25,1598,2,4,5,1,,1,1,1,1,24,5,3,0,0,0,0,0,9,1,5,2019.0,010222366,E09000025,0.0,0.0,2.0,2019.0,010222366,8.0,3.0,0.0,4.0,1.0,-1,2019.0,010222366,2019,11,1,1
466831,2019010222393,549648.0,183370.0,0.155991,51.529415,1,Slight,1,1,2019-11-21,Thursday,18:45,Barking and Dagenham,E09000002,6,0,2,30.0,9,4,6,0,,,4,5,1,9,9,1,3,E01000090,3,1,21/11/2019,21/11/2019,1,9,0,18,,1,0,0,0,0,,,6,Female,26,26 - 35,1362,1,6,2,1,,1,1,3,1,29,6,3,5,9,0,0,0,0,1,2,2019.0,010222393,E09000002,9.0,9.0,2.0,2019.0,010222393,7.0,3.0,0.0,1.0,1.0,-1,2019.0,010222393,2019,11,1,18
466837,2019010222411,549817.0,188137.0,0.160453,51.572203,1,Slight,2,1,2019-09-23,Monday,19:27,Havering,E09000016,6,0,6,30.0,3,9,6,0,,,7,1,2,0,0,1,3,E01002246,3,1,23/09/2019,23/09/2019,1,9,0,99,,9,9,99,9,99,,,2,Male,27,26 - 35,2521,1,10,5,1,,1,1,1,1,27,6,3,0,0,0,0,0,9,1,5,2019.0,010222411,E09000016,0.0,9.0,2.0,2019.0,010222411,9.0,9.0,99.0,2.0,9.0,-1,2019.0,010222411,2019,9,1,19
466838,2019010222413,533399.0,182675.0,-0.078372,51.52724,1,Slight,1,5,2019-10-13,Sunday,01:54,Hackney,E09000012,3,5201,6,20.0,6,2,3,10,,,7,1,1,0,0,1,3,E01033706,3,1,13/10/2019,13/10/2019,1,9,0,99,,1,9,99,9,99,,,6,Female,23,21 - 25,1242,1,10,2,1,,1,1,1,2,23,5,3,0,0,0,0,0,9,1,2,2019.0,010222413,E09000012,0.0,5.0,2.0,2019.0,010222413,9.0,9.0,99.0,2.0,9.0,-1,2019.0,010222413,2019,10,5,1
466863,2019010222469,512671.0,183982.0,-0.37662,51.543498,1,Slight,2,1,2019-03-12,Tuesday,01:10,Ealing,E09000009,3,312,6,30.0,1,2,3,40,,,4,1,1,0,0,1,3,E01001321,3,1,03/12/2019,03/12/2019,1,9,0,18,,9,0,0,0,0,,,6,Male,33,26 - 35,1248,2,10,7,1,,1,1,1,1,33,6,3,0,0,0,0,0,9,1,7,2019.0,010222469,E09000009,0.0,5.0,2.0,2019.0,010222469,9.0,9.0,0.0,4.0,9.0,-1,2019.0,010222469,2019,3,1,1
466876,2019010222503,514592.0,172086.0,-0.352789,51.436192,1,Slight,2,1,2019-03-12,Tuesday,18:45,Richmond upon Thames,E09000027,4,358,6,20.0,3,4,6,0,,,4,1,1,0,0,1,1,E01003900,3,1,03/12/2019,03/12/2019,1,3,0,18,,1,0,0,0,0,,,1,Male,28,26 - 35,108,1,1,6,1,,1,1,1,1,28,6,3,0,0,0,0,0,3,1,6,2019.0,010222503,E09000027,0.0,0.0,2.0,2019.0,010222503,7.0,3.0,0.0,1.0,1.0,-1,2019.0,010222503,2019,3,1,18
466885,2019010222526,506207.0,185492.0,-0.469341,51.558323,1,Slight,2,1,2019-03-12,Tuesday,19:36,Hillingdon,E09000017,3,40,1,30.0,1,4,4,467,,,4,1,1,0,0,1,1,E01002512,3,1,03/12/2019,03/12/2019,1,9,0,7,,3,0,0,0,0,,,2,Male,32,26 - 35,1499,8,1,7,1,,2,1,1,1,19,4,3,0,0,0,0,0,9,1,10,2019.0,010222526,E09000017,0.0,0.0,2.0,2019.0,010222526,1.0,4.0,0.0,4.0,1.0,-1,2019.0,010222526,2019,3,1,19
466887,2019010222533,535893.0,168308.0,-0.04796,51.397537,1,Slight,2,1,2019-03-12,Tuesday,21:00,Bromley,E09000006,3,222,6,30.0,0,-1,-1,-1,,,4,1,2,0,0,1,1,E01032568,3,1,03/12/2019,03/12/2019,1,9,0,18,,0,1,4,0,0,,,6,Male,32,26 - 35,1975,1,11,2,1,,1,1,1,1,32,6,3,0,0,0,0,0,9,1,2,2019.0,010222533,E09000006,0.0,4.0,2.0,2019.0,010222533,6.0,2.0,0.0,1.0,1.0,-1,2019.0,010222533,2019,3,1,21
466895,2019010222560,523602.0,175824.0,-0.221924,51.467895,1,Slight,2,1,2019-03-12,Tuesday,22:10,Wandsworth,E09000032,4,306,6,30.0,3,4,6,0,,,4,1,2,0,0,1,1,E01004606,3,1,03/12/2019,03/12/2019,1,9,0,9,,5,0,0,0,0,,,6,Female,33,26 - 35,1242,1,5,9,1,,2,1,1,1,18,4,3,0,0,0,0,0,3,1,3,2019.0,010222560,E09000032,0.0,0.0,2.0,2019.0,010222560,5.0,2.0,0.0,3.0,1.0,-1,2019.0,010222560,2019,3,1,22
466896,2019010222563,546347.0,186442.0,0.109713,51.557883,1,Slight,1,1,2019-03-12,Tuesday,20:43,Redbridge,E09000026,6,0,6,30.0,0,-1,-1,-1,,,4,1,2,0,0,1,1,E01003716,3,1,03/12/2019,03/12/2019,1,8,0,5,,0,0,0,0,0,,,1,Male,30,26 - 35,1968,2,4,2,1,,1,1,3,2,36,7,3,9,5,0,0,0,0,1,3,2019.0,010222563,E09000026,0.0,0.0,2.0,2019.0,010222563,0.0,5.0,0.0,0.0,1.0,-1,2019.0,010222563,2019,3,1,20
466897,2019010222564,532344.0,168604.0,-0.098835,51.401036,1,Slight,2,1,2019-11-23,Saturday,03:30,Croydon,E09000008,6,0,9,30.0,9,9,6,0,,,1,1,1,0,0,1,3,E01001152,3,1,23/11/2019,23/11/2019,1,9,0,99,,9,9,99,9,99,,,6,Male,26,26 - 35,2143,2,6,5,1,,1,1,1,1,26,6,3,0,0,0,0,0,9,1,5,2019.0,010222564,E09000008,0.0,0.0,2.0,2019.0,010222564,9.0,9.0,99.0,1.0,9.0,-1,2019.0,010222564,2019,11,1,3
466902,2019010222570,525171.0,177232.0,-0.198849,51.480205,1,Slight,1,1,2019-03-12,Tuesday,21:00,Hammersmith and Fulham,E09000013,4,317,1,20.0,2,4,3,304,,,4,8,1,0,0,1,1,E01001953,3,1,03/12/2019,03/12/2019,1,9,0,18,,4,0,0,0,0,,,6,Female,32,26 - 35,999,1,6,8,1,,1,1,3,2,50,8,3,1,3,0,0,0,0,1,2,2019.0,010222570,E09000013,0.0,1.0,2.0,2019.0,010222570,1.0,5.0,0.0,1.0,1.0,-1,2019.0,010222570,2019,3,1,21
466955,2019010222711,517900.0,180990.0,-0.302251,51.515541,1,Slight,2,1,2019-04-12,Friday,01:55,Ealing,E09000009,4,455,2,20.0,0,-1,-1,-1,,,1,1,1,0,0,1,3,E01001225,3,1,04/12/2019,04/12/2019,1,3,0,18,,0,9,0,9,99,,,6,Male,33,26 - 35,125,1,1,2,1,,1,1,1,1,33,6,3,0,0,0,0,0,3,1,2,2019.0,010222711,E09000009,0.0,4.0,2.0,2019.0,010222711,1.0,5.0,0.0,1.0,1.0,-1,2019.0,010222711,2019,4,1,1
466986,2019010222771,516435.0,177422.0,-0.324531,51.483776,1,Slight,2,1,2019-04-12,Friday,18:46,Hounslow,E09000018,3,4,3,40.0,0,-1,-1,-1,,,4,1,1,0,0,1,1,E01002679,3,1,04/12/2019,04/12/2019,1,9,0,18,,0,0,0,0,0,,,2,Female,33,26 - 35,1000,1,3,6,1,,1,1,1,2,33,6,3,0,0,0,0,0,9,1,6,2019.0,010222771,E09000018,0.0,0.0,2.0,2019.0,010222771,2.0,6.0,0.0,3.0,1.0,-1,2019.0,010222771,2019,4,1,18
466990,2019010222778,546678.0,176797.0,0.110475,51.471133,1,Slight,2,2,2019-04-12,Friday,19:00,Bexley,E09000004,5,0,6,30.0,3,4,3,209,,,4,1,2,0,0,1,1,E01032566,3,1,04/12/2019,04/12/2019,1,9,0,10,,1,0,0,0,0,,,6,Male,23,21 - 25,1995,2,0,7,1,,1,1,1,1,23,5,3,0,0,0,0,0,9,1,7,2019.0,010222778,E09000004,0.0,0.0,2.0,2019.0,010222778,1.0,6.0,0.0,2.0,1.0,-1,2019.0,010222778,2019,4,2,19
467008,2019010222830,525959.0,185173.0,-0.184671,51.551397,1,Slight,2,1,2019-04-12,Friday,19:20,Camden,E09000007,3,41,3,30.0,0,-1,-1,-1,,,4,1,2,0,0,1,1,E01000969,3,1,04/12/2019,04/12/2019,1,3,0,5,,0,0,0,0,0,,,6,Male,27,26 - 35,125,1,4,1,1,,1,1,1,1,27,6,3,0,0,0,0,0,3,1,1,2019.0,010222830,E09000007,0.0,0.0,2.0,2019.0,010222830,1.0,5.0,0.0,1.0,1.0,-1,2019.0,010222830,2019,4,1,19
467009,2019010222833,512011.0,171382.0,-0.390127,51.430381,1,Slight,1,1,2019-04-12,Friday,18:00,Hounslow,E09000018,5,0,1,30.0,1,4,6,0,,,4,1,1,0,0,1,1,E01002608,3,1,04/12/2019,04/12/2019,1,9,0,7,,3,0,0,0,0,,,6,Female,30,26 - 35,1229,1,4,-1,-1,,1,1,3,1,50,8,3,5,1,0,0,0,0,1,3,2019.0,010222833,E09000018,0.0,8.0,2.0,2019.0,010222833,1.0,2.0,0.0,4.0,1.0,-1,2019.0,010222833,2019,4,1,18
467010,2019010222835,538175.0,190481.0,-0.006503,51.596236,1,Slight,2,1,2019-04-12,Friday,20:09,Waltham Forest,E09000031,4,160,6,20.0,3,4,6,0,,,4,9,1,0,0,1,3,E01004345,3,1,04/12/2019,04/12/2019,1,3,0,99,,9,9,99,9,99,,,6,Male,18,16 - 20,108,1,0,4,1,,1,1,1,1,18,4,3,0,0,0,0,0,3,1,4,2019.0,010222835,E09000031,0.0,1.0,2.0,2019.0,010222835,9.0,9.0,99.0,2.0,1.0,-1,2019.0,010222835,2019,4,1,20
467016,2019010222842,514726.0,183248.0,-0.347238,51.536488,1,Slight,2,1,2019-04-12,Friday,21:45,Ealing,E09000009,3,40,1,30.0,5,4,3,40,,,4,1,1,0,0,1,3,E01001267,3,1,04/12/2019,04/12/2019,1,9,0,99,,4,0,0,0,0,,,6,Female,28,26 - 35,1995,2,4,10,1,,1,1,1,2,28,6,3,0,0,0,0,0,9,1,10,2019.0,010222842,E09000009,0.0,0.0,2.0,2019.0,010222842,9.0,9.0,0.0,2.0,1.0,-1,2019.0,010222842,2019,4,1,21
467022,2019010222865,521937.0,178774.0,-0.244865,51.494769,1,Serious,1,2,2019-04-12,Friday,20:30,Hammersmith and Fulham,E09000013,3,402,6,20.0,0,-1,-1,-1,,,4,1,2,0,0,1,1,E01001933,2,2,04/12/2019,04/12/2019,1,3,0,18,,0,0,0,0,0,,,2,Male,20,16 - 20,125,1,1,3,1,,1,1,1,1,20,4,3,0,0,0,0,0,3,1,3,2019.0,010222865,E09000013,0.0,4.0,2.0,2019.0,010222865,5.0,1.0,0.0,1.0,1.0,-1,2019.0,010222865,2019,4,4,20
467023,2019010222869,529811.0,178400.0,-0.131639,51.489657,1,Slight,2,2,2019-05-12,Sunday,00:55,Westminster,E09000033,3,202,3,30.0,3,2,4,310,,,4,1,1,0,0,1,1,E01004737,3,1,05/12/2019,05/12/2019,1,9,0,18,,1,0,0,0,0,,,6,Male,18,16 - 20,1995,2,8,3,1,,1,1,1,1,18,4,3,0,0,0,0,0,9,1,3,2019.0,010222869,E09000033,0.0,0.0,2.0,2019.0,010222869,1.0,5.0,0.0,1.0,1.0,-1,2019.0,010222869,2019,5,2,0
467033,2019010222925,541827.0,184403.0,0.043735,51.540714,1,Slight,6,1,2019-05-12,Sunday,04:50,Newham,E09000025,6,0,6,20.0,3,4,6,0,,,4,9,2,0,0,1,3,E01003531,3,1,05/12/2019,05/12/2019,1,9,0,99,,1,9,99,9,99,,,6,Male,27,26 - 35,1197,1,1,3,1,,1,1,1,1,27,6,3,0,0,0,0,0,9,1,3,2019.0,010222925,E09000025,0.0,0.0,2.0,2019.0,010222925,9.0,9.0,99.0,3.0,9.0,-1,2019.0,010222925,2019,5,1,4
467041,2019010222961,543655.0,183921.0,0.06988,51.535922,1,Slight,2,3,2019-04-12,Friday,19:33,Barking and Dagenham,E09000002,6,0,7,30.0,0,-1,-1,-1,,,4,1,2,9,0,1,3,E01033587,3,1,04/12/2019,04/12/2019,1,9,0,99,,0,9,99,9,99,,,6,Male,22,21 - 25,1995,1,7,4,1,,1,1,1,1,22,5,3,0,0,0,0,0,9,1,4,2019.0,010222961,E09000002,0.0,5.0,2.0,2019.0,010222961,9.0,9.0,99.0,2.0,9.0,-1,2019.0,010222961,2019,4,3,19
467078,2019010223054,531702.0,178474.0,-0.10439,51.489885,1,Slight,2,1,2019-03-12,Tuesday,21:20,Southwark,E09000028,3,3,6,30.0,0,-1,-1,-1,,,4,8,2,9,9,1,3,E01003108,3,1,03/12/2019,03/12/2019,1,3,0,99,,0,9,99,9,99,,,6,Male,27,26 - 35,125,1,2,2,1,,1,1,1,1,27,6,3,0,0,0,0,0,3,1,2,2019.0,010223054,E09000028,9.0,9.0,2.0,2019.0,010223054,9.0,9.0,99.0,9.0,1.0,-1,2019.0,010223054,2019,3,1,21
467101,2019010223108,539482.0,181543.0,0.008813,51.515599,1,Slight,2,1,2019-05-12,Sunday,18:37,Newham,E09000025,3,13,3,50.0,0,-1,-1,-1,,,4,1,1,0,0,1,1,E01003503,3,1,05/12/2019,05/12/2019,1,3,0,15,,0,0,0,0,0,,,2,Male,25,21 - 25,124,1,7,4,1,,1,1,1,1,25,5,3,0,0,0,0,0,3,1,4,2019.0,010223108,E09000025,0.0,0.0,2.0,2019.0,010223108,7.0,3.0,0.0,1.0,1.0,-1,2019.0,010223108,2019,5,1,18
467106,2019010223126,515457.0,181394.0,-0.33731,51.519676,1,Slight,1,1,2019-05-12,Sunday,19:26,Ealing,E09000009,6,0,3,30.0,9,4,6,0,,,7,1,1,0,0,1,1,E01001285,3,1,05/12/2019,05/12/2019,1,9,0,5,,1,0,0,0,0,,,6,Female,26,26 - 35,1997,2,6,4,1,,1,1,3,2,1,1,3,5,1,0,0,0,0,1,4,2019.0,010223126,E09000009,0.0,0.0,2.0,2019.0,010223126,0.0,1.0,0.0,1.0,1.0,-1,2019.0,010223126,2019,5,1,19
467107,2019010223127,518180.0,169028.0,-0.302213,51.407972,1,Slight,2,1,2019-05-12,Sunday,19:29,Kingston upon Thames,E09000021,3,307,2,30.0,9,2,5,0,,,4,1,1,0,0,1,1,E01002968,3,1,05/12/2019,05/12/2019,1,3,0,4,,2,0,0,0,0,,,1,Male,26,26 - 35,125,1,3,-1,-1,,1,1,1,1,26,6,3,0,0,0,0,0,3,-1,-1,2019.0,010223127,E09000021,0.0,4.0,2.0,2019.0,010223127,1.0,5.0,0.0,2.0,1.0,-1,2019.0,010223127,2019,5,1,19
467109,2019010223131,543682.0,189791.0,0.072666,51.58866,1,Slight,1,2,2019-05-11,Saturday,23:30,Redbridge,E09000026,5,0,1,20.0,2,4,6,0,,,4,1,1,9,0,1,3,E01003648,3,1,05/11/2019,05/11/2019,1,8,9,99,,1,9,99,9,99,,,6,Male,29,26 - 35,1580,8,0,6,1,,1,1,1,1,29,6,3,0,0,0,0,0,8,1,6,2019.0,010223131,E09000026,9.0,9.0,2.0,2019.0,010223131,9.0,9.0,99.0,2.0,9.0,-1,2019.0,010223131,2019,5,2,23
467110,2019010223132,514132.0,175617.0,-0.358266,51.468021,1,Slight,2,1,2019-05-12,Sunday,20:30,Hounslow,E09000018,6,0,6,20.0,5,1,6,0,,,4,1,1,0,0,1,1,E01002645,3,1,05/12/2019,05/12/2019,1,9,0,9,,1,0,0,0,0,,,6,Female,22,21 - 25,2143,2,9,6,1,,2,1,1,1,44,7,3,0,0,0,0,0,3,1,5,2019.0,010223132,E09000018,0.0,0.0,2.0,2019.0,010223132,5.0,2.0,0.0,1.0,1.0,-1,2019.0,010223132,2019,5,1,20