,accident_index,location_easting_osgr,location_northing_osgr,longitude,latitude,police_force,accident_severity,number_of_vehicles,number_of_casualties,date,day_of_week,time,local_authority_district,local_authority_highway,first_road_class,first_road_number,road_type,speed_limit,junction_detail,junction_control,second_road_class,second_road_number,pedestrian_crossing-human_control,pedestrian_crossing-physical_facilities,light_conditions,weather_conditions,road_surface_conditions,special_conditions_at_site,carriageway_hazards,urban_or_rural_area,did_police_officer_attend_scene_of_accident,lsoa_of_accident_location,accident_severity_num,accident_severity_inv,date2,date_original,vehicle_reference_x,vehicle_type,towing_and_articulation,vehicle_manoeuvre,vehicle_location-restricted_lane,junction_location,skidding_and_overturning,hit_object_in_carriageway,vehicle_leaving_carriageway,hit_object_off_carriageway,1st_point_of_impact,was_vehicle_left_hand_drive?,journey_purpose_of_driver,sex_of_driver,age_of_driver,age_band_of_driver,engine_capacity_cc,propulsion_code,age_of_vehicle,driver_imd_decile,driver_home_area_type,vehicle_imd_decile,vehicle_reference_y,casualty_reference,casualty_class,sex_of_casualty,age_of_casualty,age_band_of_casualty,casualty_severity,pedestrian_location,pedestrian_movement,car_passenger,bus_or_coach_passenger,pedestrian_road_maintenance_worker,casualty_type,casualty_home_area_type,casualty_imd_decile,accident_year_x,accident_reference_x,local_authority_ons_district,pedestrian_crossing_human_control,pedestrian_crossing_physical_facilities,trunk_road_flag,accident_year_y,accident_reference_y,vehicle_direction_from,vehicle_direction_to,vehicle_location_restricted_lane,first_point_of_impact,vehicle_left_hand_drive,generic_make_model,accident_year,accident_reference,year,month,severity,hours
467114,2019010223152,517256.0,180606.0,-0.311655,51.512223,1,Slight,2,1,2019-06-12,Wednesday,01:45,Ealing,E09000009,3,4020,6,20.0,0,-1,-1,-1,,,4,2,2,0,0,1,1,E01001222,3,1,06/12/2019,06/12/2019,1,3,0,18,,0,5,0,0,0,,,6,Male,33,26 - 35,125,1,1,6,1,,1,1,1,1,33,6,3,0,0,0,0,0,3,1,6,2019.0,010223152,E09000009,0.0,4.0,2.0,2019.0,010223152,2.0,6.0,0.0,4.0,-1.0,-1,2019.0,010223152,2019,6,1,1
467115,2019010223153,529418.0,171229.0,-0.139917,51.425301,1,Slight,2,1,2019-06-12,Wednesday,00:42,Wandsworth,E09000032,3,216,6,30.0,6,2,6,0,,,4,1,2,0,0,1,1,E01004517,3,1,06/12/2019,06/12/2019,1,3,0,18,,8,0,0,0,0,,,1,Male,27,26 - 35,108,1,2,2,1,,1,1,1,1,27,6,3,0,0,0,0,0,3,1,2,2019.0,010223153,E09000032,0.0,5.0,2.0,2019.0,010223153,2.0,6.0,0.0,1.0,1.0,-1,2019.0,010223153,2019,6,1,0
467117,2019010223155,533178.0,182598.0,-0.081585,51.5266,1,Slight,1,1,2019-05-12,Sunday,23:54,Hackney,E09000012,3,5201,3,20.0,9,2,6,0,,,4,2,2,0,0,1,1,E01033708,3,1,05/12/2019,05/12/2019,1,9,0,18,,1,0,0,0,0,,,1,Male,33,26 - 35,1798,8,3,1,1,,1,1,3,1,29,6,3,5,3,0,0,0,0,1,9,2019.0,010223155,E09000012,0.0,5.0,2.0,2019.0,010223155,3.0,7.0,0.0,1.0,1.0,-1,2019.0,010223155,2019,5,1,23
467118,2019010223157,534766.0,186543.0,-0.057199,51.561674,1,Slight,1,2,2019-05-12,Sunday,23:38,Hackney,E09000012,3,107,6,30.0,3,4,6,0,,,4,2,2,0,0,1,1,E01001798,3,1,05/12/2019,05/12/2019,1,2,0,18,,2,1,0,0,0,,,1,Male,21,21 - 25,124,1,12,4,1,,1,1,1,1,21,5,3,0,0,0,0,0,2,1,4,2019.0,010223157,E09000012,0.0,1.0,2.0,2019.0,010223157,1.0,5.0,0.0,1.0,1.0,-1,2019.0,010223157,2019,5,2,23
467126,2019010223178,528370.0,181090.0,-0.151404,51.51416,1,Serious,1,1,2019-05-12,Sunday,21:11,Westminster,E09000033,3,40,6,20.0,6,2,5,0,,,4,1,1,0,0,1,1,E01004714,2,2,05/12/2019,05/12/2019,1,8,0,4,,2,0,0,0,0,,,1,Male,32,26 - 35,2499,2,5,1,1,,1,1,3,1,8,2,2,1,1,0,0,0,0,-1,-1,2019.0,010223178,E09000033,0.0,5.0,2.0,2019.0,010223178,1.0,5.0,0.0,1.0,1.0,-1,2019.0,010223178,2019,5,2,21
467170,2019010223308,531177.0,177587.0,-0.112276,51.482035,1,Slight,2,1,2019-06-12,Wednesday,18:30,Lambeth,E09000022,3,3,3,30.0,7,2,3,202,,,4,1,2,0,2,1,1,E01003100,3,1,06/12/2019,06/12/2019,1,3,0,18,,2,0,10,1,0,,,6,Male,19,16 - 20,108,1,1,2,1,,1,1,1,1,19,4,3,0,0,0,0,0,3,1,2,2019.0,010223308,E09000022,0.0,5.0,2.0,2019.0,010223308,7.0,3.0,0.0,1.0,1.0,-1,2019.0,010223308,2019,6,1,18
467172,2019010223312,519880.0,180213.0,-0.273993,51.508141,1,Slight,2,2,2019-06-12,Wednesday,19:55,Ealing,E09000009,3,4020,3,30.0,1,4,3,4000,,,4,1,1,0,0,1,1,E01001202,3,1,06/12/2019,06/12/2019,1,9,0,6,,3,0,0,0,0,,,6,Female,33,26 - 35,4367,2,1,3,1,,1,1,1,2,33,6,3,0,0,0,0,0,9,1,3,2019.0,010223312,E09000009,0.0,8.0,2.0,2019.0,010223312,1.0,1.0,0.0,3.0,1.0,-1,2019.0,010223312,2019,6,2,19
467177,2019010223324,510431.0,181135.0,-0.409801,51.518352,1,Slight,1,1,2019-06-12,Wednesday,21:20,Hillingdon,E09000017,3,4020,3,40.0,7,2,6,0,,,4,1,1,0,0,1,1,E01002508,3,1,06/12/2019,06/12/2019,1,3,0,3,,8,0,0,0,0,,,6,Male,28,26 - 35,125,1,1,3,1,,1,1,3,1,51,8,3,4,3,0,0,0,0,1,9,2019.0,010223324,E09000017,0.0,5.0,2.0,2019.0,010223324,5.0,1.0,0.0,0.0,1.0,-1,2019.0,010223324,2019,6,1,21
467178,2019010223326,512730.0,172130.0,-0.379551,51.436961,1,Slight,1,1,2019-06-12,Wednesday,18:20,Hounslow,E09000018,3,312,3,30.0,0,-1,-1,-1,,,4,2,1,0,0,1,1,E01002605,3,1,06/12/2019,06/12/2019,1,9,0,18,,0,0,0,0,0,,,2,Male,26,26 - 35,1798,8,4,-1,-1,,1,1,3,2,53,8,3,1,2,0,0,0,0,1,2,2019.0,010223326,E09000018,0.0,1.0,2.0,2019.0,010223326,8.0,4.0,0.0,1.0,1.0,-1,2019.0,010223326,2019,6,1,18
467188,2019010223358,545453.0,175808.0,0.092443,51.462562,1,Slight,2,1,2019-06-12,Wednesday,22:44,Bexley,E09000004,6,0,6,30.0,0,-1,-1,-1,,,4,1,2,0,0,1,1,E01000396,3,1,06/12/2019,06/12/2019,1,9,0,18,,0,0,4,0,0,,,6,Male,24,21 - 25,2143,2,2,3,1,,1,1,1,1,24,5,3,0,0,0,0,0,9,1,3,2019.0,010223358,E09000004,0.0,0.0,2.0,2019.0,010223358,7.0,3.0,0.0,1.0,1.0,-1,2019.0,010223358,2019,6,1,22
467191,2019010223370,521152.0,180068.0,-0.255724,51.506567,1,Slight,2,1,2019-02-12,Tuesday,22:20,Ealing,E09000009,3,4020,6,30.0,3,4,6,0,,,4,1,2,0,0,1,1,E01001381,3,1,02/12/2019,02/12/2019,1,3,0,10,,5,0,0,0,0,,,1,Male,19,16 - 20,108,1,2,1,1,,1,1,1,1,19,4,3,0,0,0,0,0,3,1,1,2019.0,010223370,E09000009,0.0,0.0,2.0,2019.0,010223370,1.0,8.0,0.0,2.0,1.0,-1,2019.0,010223370,2019,2,1,22
467204,2019010223415,531984.0,185715.0,-0.097619,51.554891,1,Slight,2,2,2019-01-12,Saturday,01:30,Islington,E09000019,3,1201,6,20.0,3,9,6,0,,,4,1,1,0,0,1,3,E01002744,3,1,01/12/2019,01/12/2019,1,9,0,99,,9,9,99,9,99,,,6,Male,34,26 - 35,2987,2,12,3,1,,1,1,1,1,34,6,3,0,0,0,0,0,9,1,3,2019.0,010223415,E09000019,9.0,0.0,2.0,2019.0,010223415,9.0,9.0,99.0,9.0,9.0,-1,2019.0,010223415,2019,1,2,1
467215,2019010223448,523772.0,185408.0,-0.216116,51.553992,1,Slight,2,1,2019-07-12,Friday,18:27,Brent,E09000005,6,0,6,30.0,0,-1,-1,-1,,,4,1,1,0,0,1,1,E01000556,3,1,07/12/2019,07/12/2019,1,4,0,3,,0,0,0,0,0,,,1,Male,28,26 - 35,-1,-1,-1,4,1,,1,1,1,1,28,6,3,0,0,0,0,0,4,1,4,2019.0,010223448,E09000005,0.0,0.0,2.0,2019.0,010223448,1.0,5.0,0.0,4.0,1.0,-1,2019.0,010223448,2019,7,1,18
467222,2019010223468,505552.0,177050.0,-0.481314,51.482567,1,Slight,2,1,2019-07-12,Friday,19:06,Hillingdon,E09000017,3,4,3,50.0,5,4,6,0,,,4,1,1,0,0,1,1,E01002444,3,1,07/12/2019,07/12/2019,1,3,0,10,,7,5,0,0,0,,,1,Male,30,26 - 35,125,1,2,5,1,,1,1,1,1,30,6,3,0,0,0,0,0,3,1,5,2019.0,010223468,E09000017,0.0,0.0,2.0,2019.0,010223468,5.0,3.0,0.0,2.0,1.0,-1,2019.0,010223468,2019,7,1,19
467225,2019010223475,534430.0,187010.0,-0.061865,51.565951,1,Slight,1,1,2019-07-12,Friday,20:40,Hackney,E09000012,5,0,6,20.0,3,4,6,0,,,4,1,1,0,0,1,1,E01001728,3,1,07/12/2019,07/12/2019,1,9,0,18,,2,0,0,0,0,,,6,Male,24,21 - 25,1497,8,12,3,1,,1,1,3,2,22,5,3,5,3,0,0,0,0,1,1,2019.0,010223475,E09000012,0.0,0.0,2.0,2019.0,010223475,5.0,1.0,0.0,3.0,1.0,-1,2019.0,010223475,2019,7,1,20
467227,2019010223485,531013.0,180087.0,-0.113709,51.50454,1,Slight,2,1,2019-07-12,Friday,19:20,Lambeth,E09000022,3,301,6,20.0,2,2,3,3200,,,4,1,1,0,0,1,3,E01003016,3,1,07/12/2019,07/12/2019,1,8,0,3,,9,9,99,9,99,,,6,Male,30,26 - 35,1797,8,8,1,1,,1,1,1,1,30,6,3,0,0,0,0,0,8,1,1,2019.0,010223485,E09000022,9.0,9.0,2.0,2019.0,010223485,5.0,1.0,99.0,3.0,9.0,-1,2019.0,010223485,2019,7,1,19
467228,2019010223486,508246.0,178472.0,-0.442096,51.494839,1,Slight,2,1,2019-07-12,Friday,00:19,Hillingdon,E09000017,1,4,3,70.0,5,2,6,0,,,6,1,2,0,0,1,1,E01002486,3,1,07/12/2019,07/12/2019,1,9,0,18,,2,0,0,0,0,,,1,Male,31,26 - 35,1995,2,6,3,1,,1,1,1,1,31,6,3,0,0,0,0,0,9,1,3,2019.0,010223486,E09000017,0.0,0.0,1.0,2019.0,010223486,7.0,3.0,0.0,2.0,1.0,-1,2019.0,010223486,2019,7,1,0
467229,2019010223491,546807.0,189188.0,0.11749,51.582437,1,Serious,2,2,2019-07-12,Friday,04:25,Redbridge,E09000026,3,12,3,50.0,7,2,5,0,,,4,1,1,0,0,1,1,E01003640,2,2,07/12/2019,07/12/2019,1,9,0,18,,8,0,0,0,0,,,6,Male,20,16 - 20,1198,1,12,-1,-1,,1,1,1,1,20,4,2,0,0,0,0,0,9,-1,-1,2019.0,010223491,E09000026,0.0,5.0,2.0,2019.0,010223491,5.0,1.0,0.0,1.0,1.0,-1,2019.0,010223491,2019,7,4,4
467232,2019010223498,537438.0,172202.0,-0.024258,51.432158,1,Slight,3,2,2019-07-12,Friday,20:40,Lewisham,E09000023,6,0,6,20.0,0,-1,-1,-1,,,4,1,1,0,0,1,1,E01003197,3,1,07/12/2019,07/12/2019,1,9,0,18,,0,0,0,0,0,,,6,Female,27,26 - 35,1595,1,21,2,1,,1,1,1,2,27,6,3,0,0,0,0,0,9,1,2,2019.0,010223498,E09000023,0.0,0.0,2.0,2019.0,010223498,5.0,1.0,0.0,1.0,1.0,-1,2019.0,010223498,2019,7,2,20
467243,2019010223525,536313.0,181126.0,-0.036991,51.512625,1,Slight,2,1,2019-08-12,Monday,02:30,Tower Hamlets,E09000030,3,13,3,30.0,0,-1,-1,-1,,,4,2,2,0,0,1,1,E01004286,3,1,08/12/2019,08/12/2019,1,9,0,3,,0,0,0,0,0,,,6,Female,19,16 - 20,1398,1,9,5,1,,1,1,2,2,19,4,3,0,0,1,0,0,9,1,2,2019.0,010223525,E09000030,0.0,0.0,2.0,2019.0,010223525,3.0,7.0,0.0,0.0,1.0,-1,2019.0,010223525,2019,8,1,2
467247,2019010223532,512524.0,185332.0,-0.378308,51.555661,1,Serious,2,2,2019-08-12,Monday,02:35,Hillingdon,E09000017,5,0,2,30.0,0,-1,-1,-1,,,4,2,2,0,0,1,1,E01002496,2,2,08/12/2019,08/12/2019,1,9,0,18,,0,1,0,0,0,,,6,Male,30,26 - 35,1968,2,10,6,1,,1,1,1,1,30,6,2,0,0,0,0,0,9,1,6,2019.0,010223532,E09000017,0.0,0.0,2.0,2019.0,010223532,5.0,1.0,0.0,1.0,1.0,-1,2019.0,010223532,2019,8,4,2
467250,2019010223537,522119.0,183555.0,-0.240589,51.537698,1,Slight,3,4,2019-07-12,Friday,23:50,Brent,E09000005,6,0,6,30.0,3,4,6,0,,,4,2,2,0,0,1,1,E01000533,3,1,07/12/2019,07/12/2019,1,9,0,18,,1,0,0,0,0,,,6,Male,25,21 - 25,1950,2,0,5,1,,1,1,1,1,25,5,3,0,0,0,0,0,9,1,5,2019.0,010223537,E09000005,0.0,0.0,2.0,2019.0,010223537,2.0,6.0,0.0,1.0,1.0,-1,2019.0,010223537,2019,7,4,23
467251,2019010223538,551586.0,177185.0,0.181251,51.473326,1,Slight,1,1,2019-08-12,Monday,01:10,Bexley,E09000004,3,206,3,40.0,1,4,6,0,,,4,2,2,0,0,1,1,E01000431,3,1,08/12/2019,08/12/2019,1,9,0,18,,3,0,0,1,11,,,6,Male,28,26 - 35,2979,1,6,-1,-1,,1,1,1,1,28,6,3,0,0,0,0,0,9,-1,-1,2019.0,010223538,E09000004,0.0,0.0,2.0,2019.0,010223538,5.0,1.0,0.0,1.0,1.0,-1,2019.0,010223538,2019,8,1,1
467262,2019010223567,513490.0,184696.0,-0.364585,51.549752,1,Slight,2,2,2019-07-12,Friday,20:10,Ealing,E09000009,3,312,6,30.0,0,-1,-1,-1,,,4,1,2,9,9,1,3,E01001318,3,1,07/12/2019,07/12/2019,1,9,0,18,,0,9,0,9,99,,,6,Female,27,26 - 35,1598,1,12,3,1,,1,1,1,2,27,6,3,0,0,0,0,0,9,1,3,2019.0,010223567,E09000009,0.0,0.0,2.0,2019.0,010223567,2.0,6.0,2.0,3.0,9.0,-1,2019.0,010223567,2019,7,2,20
467282,2019010223645,537392.0,191014.0,-0.017592,51.601217,1,Slight,2,2,2019-07-12,Friday,19:07,Waltham Forest,E09000031,3,406,7,50.0,0,-1,-1,-1,,,4,1,1,0,0,1,3,E01004403,3,1,07/12/2019,07/12/2019,1,9,0,99,,0,9,99,9,99,,,6,Female,30,26 - 35,1497,8,10,3,1,,1,1,1,2,30,6,3,0,0,0,0,0,9,1,3,2019.0,010223645,E09000031,0.0,0.0,2.0,2019.0,010223645,9.0,9.0,99.0,9.0,1.0,-1,2019.0,010223645,2019,7,2,19
467291,2019010223676,538229.0,177706.0,-0.010737,51.481426,1,Slight,1,1,2019-08-12,Monday,18:45,Greenwich,E09000011,3,200,6,30.0,0,-1,-1,-1,,,7,1,1,0,0,1,3,E01001640,3,1,08/12/2019,08/12/2019,1,9,0,99,,0,9,99,9,99,,,6,Female,31,26 - 35,1596,1,12,3,1,,1,1,1,2,31,6,3,0,0,0,0,0,9,1,3,2019.0,010223676,E09000011,9.0,9.0,2.0,2019.0,010223676,9.0,9.0,99.0,2.0,9.0,-1,2019.0,010223676,2019,8,1,18
467299,2019010223703,508385.0,179264.0,-0.439852,51.501931,1,Slight,4,1,2019-08-12,Monday,22:57,Hillingdon,E09000017,6,0,6,30.0,0,-1,-1,-1,,,4,9,1,0,0,1,1,E01002486,3,1,08/12/2019,08/12/2019,1,9,0,18,,0,0,4,0,0,,,6,Male,30,26 - 35,1399,1,2,5,1,,1,1,2,2,30,6,3,0,0,2,0,0,9,1,5,2019.0,010223703,E09000017,0.0,0.0,2.0,2019.0,010223703,7.0,3.0,0.0,1.0,1.0,-1,2019.0,010223703,2019,8,1,22
467302,2019010223707,518687.0,191347.0,-0.28742,51.608459,1,Slight,2,1,2019-09-12,Thursday,00:03,Harrow,E09000015,4,461,6,30.0,9,4,6,0,,,4,2,2,0,0,1,1,E01002118,3,1,09/12/2019,09/12/2019,1,9,0,9,,2,0,0,0,0,,,6,Male,34,26 - 35,1997,2,12,5,1,,2,1,1,1,19,4,3,0,0,0,0,0,3,1,4,2019.0,010223707,E09000015,0.0,0.0,2.0,2019.0,010223707,3.0,8.0,0.0,1.0,1.0,-1,2019.0,010223707,2019,9,1,0
467318,2019010223791,535173.0,191017.0,-0.049612,51.601781,1,Serious,2,1,2019-08-12,Monday,21:27,Haringey,E09000014,3,1055,3,40.0,3,2,5,0,,,4,1,1,0,0,1,1,E01002075,2,2,08/12/2019,08/12/2019,1,9,0,18,,2,0,0,0,0,,,6,Female,35,26 - 35,1598,2,9,2,1,,2,1,1,1,29,6,2,0,0,0,0,0,1,1,2,2019.0,010223791,E09000014,0.0,4.0,2.0,2019.0,010223791,1.0,5.0,0.0,1.0,1.0,-1,2019.0,010223791,2019,8,2,21
467322,2019010223798,531043.0,190398.0,-0.10944,51.597194,1,Slight,2,1,2019-08-12,Monday,00:12,Haringey,E09000014,3,109,6,20.0,99,9,3,105,,,4,1,1,9,0,1,3,E01002029,3,1,08/12/2019,08/12/2019,1,3,0,99,,9,9,99,9,99,,,6,Male,32,26 - 35,108,1,2,2,1,,1,1,1,1,32,6,3,0,0,0,0,0,3,1,2,2019.0,010223798,E09000014,9.0,9.0,2.0,2019.0,010223798,9.0,9.0,99.0,9.0,1.0,-1,2019.0,010223798,2019,8,1,0
467323,2019010223799,526832.0,179323.0,-0.174192,51.498627,1,Slight,2,1,2019-07-12,Friday,18:30,Westminster,E09000033,5,0,6,20.0,99,9,6,0,,,4,1,1,0,0,1,3,E01004688,3,1,07/12/2019,07/12/2019,1,3,0,99,,9,9,99,9,99,,,6,Male,27,26 - 35,125,1,2,2,1,,1,1,1,1,27,6,3,0,0,0,0,0,3,1,2,2019.0,010223799,E09000033,0.0,0.0,2.0,2019.0,010223799,9.0,9.0,99.0,1.0,1.0,-1,2019.0,010223799,2019,7,1,18
467340,2019010223858,527131.0,173689.0,-0.171911,51.447927,1,Serious,2,1,2019-06-12,Wednesday,18:15,Wandsworth,E09000032,3,214,9,20.0,0,-1,-1,-1,,,7,9,9,9,9,1,3,E01004619,2,2,06/12/2019,06/12/2019,1,3,9,99,,0,9,99,9,99,,,6,Male,29,26 - 35,124,1,11,3,1,,1,1,1,1,29,6,2,0,0,0,0,0,3,1,3,2019.0,010223858,E09000032,9.0,9.0,2.0,2019.0,010223858,9.0,9.0,99.0,9.0,1.0,-1,2019.0,010223858,2019,6,2,18
467346,2019010223883,533572.0,185289.0,-0.074889,51.550689,1,Slight,2,1,2019-09-14,Saturday,21:25,Hackney,E09000012,3,10,6,20.0,6,2,5,0,,,7,9,9,0,0,1,3,E01001747,3,1,14/09/2019,14/09/2019,1,3,0,99,,9,9,99,9,99,,,6,Male,22,21 - 25,125,1,7,4,1,,1,1,1,1,22,5,3,0,0,0,0,0,3,1,4,2019.0,010223883,E09000012,0.0,0.0,2.0,2019.0,010223883,9.0,9.0,99.0,2.0,1.0,-1,2019.0,010223883,2019,9,1,21
467359,2019010223917,516234.0,176351.0,-0.327776,51.474191,1,Slight,1,1,2019-09-12,Thursday,20:50,Hounslow,E09000018,6,0,6,30.0,0,-1,-1,-1,,,4,1,1,0,0,1,1,E01002681,3,1,09/12/2019,09/12/2019,1,3,0,18,,0,0,0,0,0,,,6,Male,23,21 - 25,125,1,2,6,1,,1,1,1,1,23,5,3,0,0,0,0,0,3,1,6,2019.0,010223917,E09000018,0.0,0.0,2.0,2019.0,010223917,7.0,3.0,0.0,3.0,1.0,-1,2019.0,010223917,2019,9,1,20
467362,2019010223922,543295.0,184055.0,0.064747,51.537217,1,Slight,2,1,2019-09-12,Thursday,19:40,Newham,E09000025,6,0,6,20.0,3,4,6,0,,,4,1,1,0,2,1,3,E01003622,3,1,09/12/2019,09/12/2019,1,9,0,99,,1,0,0,0,0,,,6,Male,23,21 - 25,1984,1,10,2,1,,1,1,1,1,23,5,3,0,0,0,0,0,9,1,2,2019.0,010223922,E09000025,9.0,0.0,2.0,2019.0,010223922,9.0,9.0,0.0,2.0,1.0,-1,2019.0,010223922,2019,9,1,19
467363,2019010223925,515588.0,187797.0,-0.333321,51.577197,1,Slight,2,1,2019-09-12,Thursday,19:53,Harrow,E09000015,4,457,6,30.0,6,2,3,404,,,4,1,1,0,0,1,1,E01002137,3,1,09/12/2019,09/12/2019,1,9,0,7,,8,0,0,0,0,,,6,Male,28,26 - 35,1493,2,9,8,1,,2,1,1,1,18,4,3,0,0,0,0,0,3,1,5,2019.0,010223925,E09000015,0.0,5.0,2.0,2019.0,010223925,7.0,1.0,0.0,1.0,1.0,-1,2019.0,010223925,2019,9,1,19
467364,2019010223926,534359.0,176584.0,-0.06686,51.472276,1,Slight,2,1,2019-09-12,Thursday,20:24,Southwark,E09000028,3,2215,6,20.0,3,3,6,0,,,4,1,1,0,0,1,1,E01004067,3,1,09/12/2019,09/12/2019,1,9,0,18,,8,0,0,0,0,,,2,Male,35,26 - 35,998,1,6,4,1,,2,1,1,1,35,6,3,0,0,0,0,0,3,1,4,2019.0,010223926,E09000028,0.0,0.0,2.0,2019.0,010223926,1.0,5.0,0.0,0.0,1.0,-1,2019.0,010223926,2019,9,1,20
467381,2019010223961,534397.0,189635.0,-0.061338,51.589548,1,Serious,1,2,2019-09-12,Thursday,20:55,Haringey,E09000014,3,1055,3,30.0,0,-1,-1,-1,,,4,1,1,4,0,1,1,E01002080,2,2,09/12/2019,09/12/2019,1,9,0,17,,0,0,0,0,0,,,6,Male,23,21 - 25,1598,1,1,1,1,,1,1,3,1,26,6,2,5,3,0,0,0,0,1,2,2019.0,010223961,E09000014,0.0,7.0,2.0,2019.0,010223961,2.0,8.0,0.0,1.0,1.0,-1,2019.0,010223961,2019,9,4,20
467384,2019010223968,529408.0,170033.0,-0.140497,51.414555,1,Slight,1,2,2019-10-12,Saturday,04:30,Lambeth,E09000022,4,272,6,30.0,9,4,6,0,,,4,1,2,0,0,1,1,E01003142,3,1,10/12/2019,10/12/2019,1,9,0,18,,2,1,10,0,0,,,6,Male,22,21 - 25,1199,1,18,3,1,,1,1,1,1,22,5,3,0,0,0,0,0,9,1,3,2019.0,010223968,E09000022,0.0,1.0,2.0,2019.0,010223968,2.0,6.0,0.0,1.0,1.0,-1,2019.0,010223968,2019,10,2,4
467407,2019010224037,524363.0,178942.0,-0.209877,51.495751,1,Slight,2,1,2019-09-12,Thursday,18:22,Hammersmith and Fulham,E09000013,3,315,6,30.0,99,9,6,0,,,7,1,1,0,0,1,3,E01001866,3,1,09/12/2019,09/12/2019,1,9,0,99,,9,9,99,9,99,,,6,Female,34,26 - 35,1995,2,0,-1,-1,,1,1,1,2,34,6,3,0,0,0,0,0,9,-1,-1,2019.0,010224037,E09000013,9.0,9.0,2.0,2019.0,010224037,9.0,9.0,99.0,9.0,9.0,-1,2019.0,010224037,2019,9,1,18
467418,2019010224067,534429.0,181705.0,-0.063903,51.518279,1,Slight,2,1,2019-06-12,Wednesday,21:30,Tower Hamlets,E09000030,3,11,6,20.0,3,9,6,0,,,4,8,1,0,9,1,3,E01004309,3,1,06/12/2019,06/12/2019,1,3,0,99,,9,9,99,9,99,,,2,Male,34,26 - 35,125,1,9,2,1,,1,1,1,1,34,6,3,0,0,0,0,0,3,1,2,2019.0,010224067,E09000030,0.0,0.0,2.0,2019.0,010224067,9.0,9.0,99.0,9.0,1.0,-1,2019.0,010224067,2019,6,1,21
467433,2019010224114,539133.0,193029.0,0.008328,51.618896,1,Slight,1,1,2019-10-12,Saturday,19:10,Waltham Forest,E09000031,3,1009,1,30.0,1,3,4,146,,,4,2,2,0,0,1,1,E01004384,3,1,10/12/2019,10/12/2019,1,9,0,9,,3,0,0,7,1,,,6,Female,32,26 - 35,1368,1,11,8,1,,1,1,1,2,32,6,3,0,0,0,0,0,9,1,8,2019.0,010224114,E09000031,0.0,0.0,2.0,2019.0,010224114,4.0,3.0,0.0,1.0,1.0,-1,2019.0,010224114,2019,10,1,19
467435,2019010224125,537423.0,193688.0,-0.016097,51.625238,1,Serious,1,1,2019-10-12,Saturday,20:34,Waltham Forest,E09000031,3,112,6,20.0,0,-1,-1,-1,,,4,2,2,0,0,1,1,E01004356,2,2,10/12/2019,10/12/2019,1,3,0,17,,0,1,7,1,2,,,6,Male,27,26 - 35,125,1,6,2,1,,1,1,1,1,27,6,2,0,0,0,0,0,3,1,2,2019.0,010224125,E09000031,0.0,8.0,2.0,2019.0,010224125,5.0,1.0,0.0,1.0,1.0,-1,2019.0,010224125,2019,10,2,20
467442,2019010224144,534078.0,175332.0,-0.071378,51.461091,1,Serious,2,1,2019-10-12,Saturday,20:34,Southwark,E09000028,3,2214,6,20.0,0,-1,-1,-1,,,4,2,2,0,0,1,1,E01003953,2,2,10/12/2019,10/12/2019,1,9,0,9,,0,0,0,0,0,,,6,Male,25,21 - 25,-1,-1,-1,2,1,,2,1,1,2,30,6,2,0,0,0,0,0,1,1,4,2019.0,010224144,E09000028,0.0,0.0,2.0,2019.0,010224144,3.0,1.0,0.0,1.0,1.0,-1,2019.0,010224144,2019,10,2,20
467445,2019010224150,512972.0,184482.0,-0.372121,51.547932,1,Slight,2,1,2019-10-12,Saturday,19:18,Ealing,E09000009,6,0,6,30.0,0,-1,-1,-1,,,4,2,2,0,0,1,1,E01001323,3,1,10/12/2019,10/12/2019,1,9,0,18,,0,0,0,0,0,,,6,Male,28,26 - 35,1968,1,10,-1,-1,,2,1,1,1,19,4,3,0,0,0,0,0,9,1,4,2019.0,010224150,E09000009,0.0,0.0,2.0,2019.0,010224150,1.0,5.0,0.0,1.0,1.0,-1,2019.0,010224150,2019,10,1,19
467446,2019010224151,518502.0,185238.0,-0.29215,51.553594,1,Serious,2,2,2019-10-12,Saturday,19:00,Brent,E09000005,3,404,6,30.0,0,-1,-1,-1,,,4,5,2,0,0,1,1,E01000635,2,2,10/12/2019,10/12/2019,1,3,0,15,,0,0,0,0,0,,,1,Male,24,21 - 25,125,1,4,5,1,,1,1,1,1,24,5,3,0,0,0,0,0,3,1,5,2019.0,010224151,E09000005,0.0,4.0,2.0,2019.0,010224151,5.0,1.0,2.0,1.0,1.0,-1,2019.0,010224151,2019,10,4,19
467447,2019010224154,518533.0,169007.0,-0.297146,51.407709,1,Slight,2,1,2019-10-12,Saturday,20:56,Kingston upon Thames,E09000021,5,0,6,30.0,0,-1,-1,-1,,,4,2,2,0,0,1,1,E01002964,3,1,10/12/2019,10/12/2019,1,3,0,18,,0,0,0,0,0,,,6,Male,17,16 - 20,125,1,1,-1,-1,,1,1,1,1,17,4,3,0,0,0,0,0,3,-1,-1,2019.0,010224154,E09000021,0.0,0.0,2.0,2019.0,010224154,7.0,3.0,0.0,1.0,1.0,-1,2019.0,010224154,2019,10,1,20