,accident_index,location_easting_osgr,location_northing_osgr,longitude,latitude,police_force,accident_severity,number_of_vehicles,number_of_casualties,date,day_of_week,time,local_authority_district,local_authority_highway,first_road_class,first_road_number,road_type,speed_limit,junction_detail,junction_control,second_road_class,second_road_number,pedestrian_crossing-human_control,pedestrian_crossing-physical_facilities,light_conditions,weather_conditions,road_surface_conditions,special_conditions_at_site,carriageway_hazards,urban_or_rural_area,did_police_officer_attend_scene_of_accident,lsoa_of_accident_location,accident_severity_num,accident_severity_inv,date2,date_original,vehicle_reference_x,vehicle_type,towing_and_articulation,vehicle_manoeuvre,vehicle_location-restricted_lane,junction_location,skidding_and_overturning,hit_object_in_carriageway,vehicle_leaving_carriageway,hit_object_off_carriageway,1st_point_of_impact,was_vehicle_left_hand_drive?,journey_purpose_of_driver,sex_of_driver,age_of_driver,age_band_of_driver,engine_capacity_cc,propulsion_code,age_of_vehicle,driver_imd_decile,driver_home_area_type,vehicle_imd_decile,vehicle_reference_y,casualty_reference,casualty_class,sex_of_casualty,age_of_casualty,age_band_of_casualty,casualty_severity,pedestrian_location,pedestrian_movement,car_passenger,bus_or_coach_passenger,pedestrian_road_maintenance_worker,casualty_type,casualty_home_area_type,casualty_imd_decile,accident_year_x,accident_reference_x,local_authority_ons_district,pedestrian_crossing_human_control,pedestrian_crossing_physical_facilities,trunk_road_flag,accident_year_y,accident_reference_y,vehicle_direction_from,vehicle_direction_to,vehicle_location_restricted_lane,first_point_of_impact,vehicle_left_hand_drive,generic_make_model,accident_year,accident_reference,year,month,severity,hours
468551,2019010227544,512020.0,182842.0,-0.386367,51.533382,1,Slight,2,1,2019-12-27,Friday,21:32,Ealing,E09000009,4,455,6,20.0,3,4,6,0,,,7,1,2,0,0,1,3,E01001330,3,1,27/12/2019,27/12/2019,1,3,0,18,,1,5,0,0,99,,,6,Male,27,26 - 35,125,1,4,1,1,,1,1,1,1,27,6,3,0,0,0,0,0,3,1,1,2019.0,010227544,E09000009,0.0,0.0,2.0,2019.0,010227544,3.0,7.0,0.0,1.0,1.0,-1,2019.0,010227544,2019,12,1,21
468553,2019010227548,533018.0,165583.0,-0.090282,51.37373,1,Serious,2,1,2019-12-28,Saturday,18:43,Croydon,E09000008,6,0,6,30.0,3,4,6,0,,,4,1,1,0,0,1,1,E01001045,2,2,28/12/2019,28/12/2019,1,5,0,18,,1,0,0,0,0,,,6,Male,29,26 - 35,1301,1,0,8,1,,1,1,1,1,29,6,2,0,0,0,0,0,5,1,8,2019.0,010227548,E09000008,0.0,0.0,2.0,2019.0,010227548,1.0,5.0,0.0,1.0,1.0,-1,2019.0,010227548,2019,12,2,18
468566,2019010227577,532188.0,176119.0,-0.098274,51.468608,1,Serious,1,2,2019-12-28,Saturday,21:10,Lambeth,E09000022,3,2217,6,20.0,3,4,6,0,,,4,1,1,0,0,1,1,E01003076,2,2,28/12/2019,28/12/2019,1,3,0,18,,1,2,0,0,0,,,6,Male,22,21 - 25,108,1,4,4,1,,1,1,1,1,22,5,3,0,0,0,0,0,3,1,4,2019.0,010227577,E09000022,0.0,4.0,2.0,2019.0,010227577,5.0,1.0,0.0,1.0,1.0,-1,2019.0,010227577,2019,12,4,21
468571,2019010227589,532534.0,167003.0,-0.096703,51.386604,1,Slight,2,1,2019-12-28,Saturday,21:06,Croydon,E09000008,3,212,6,30.0,8,4,6,0,,,4,1,1,0,0,1,1,E01001118,3,1,28/12/2019,28/12/2019,1,9,0,9,,1,0,0,1,0,,,2,Male,28,26 - 35,1399,1,0,2,1,,2,1,1,1,35,6,3,0,0,0,0,0,5,1,2,2019.0,010227589,E09000008,0.0,5.0,2.0,2019.0,010227589,2.0,7.0,0.0,4.0,1.0,-1,2019.0,010227589,2019,12,1,21
468572,2019010227594,512084.0,180532.0,-0.386179,51.512607,1,Slight,2,1,2019-12-28,Saturday,19:20,Ealing,E09000009,3,4020,6,20.0,99,9,6,0,,,4,1,1,0,0,1,3,E01001363,3,1,28/12/2019,28/12/2019,1,9,0,99,,9,9,99,9,99,,,6,Male,28,26 - 35,1598,2,7,3,1,,1,1,1,1,28,6,3,0,0,0,0,0,9,1,3,2019.0,010227594,E09000009,0.0,0.0,2.0,2019.0,010227594,9.0,9.0,99.0,9.0,9.0,-1,2019.0,010227594,2019,12,1,19
468576,2019010227603,527457.0,183377.0,-0.163727,51.53492,1,Slight,2,1,2019-12-29,Sunday,02:55,Westminster,E09000033,4,525,6,30.0,6,2,3,5205,,,4,1,1,2,0,1,1,E01004730,3,1,29/12/2019,29/12/2019,1,9,0,18,,8,0,0,0,0,,,6,Male,35,26 - 35,1368,1,9,4,1,,1,1,1,1,35,6,3,0,0,0,0,0,9,1,4,2019.0,010227603,E09000033,0.0,0.0,2.0,2019.0,010227603,7.0,3.0,0.0,1.0,1.0,-1,2019.0,010227603,2019,12,1,2
468578,2019010227607,538031.0,181016.0,-0.012291,51.511219,1,Slight,1,1,2019-12-29,Sunday,06:00,Tower Hamlets,E09000030,3,13,3,40.0,9,4,6,0,,,4,1,1,0,0,1,1,E01004219,3,1,29/12/2019,29/12/2019,1,3,0,18,,2,5,0,0,0,,,1,Male,31,26 - 35,125,1,5,2,1,,1,1,1,1,31,6,3,0,0,0,0,0,3,1,2,2019.0,010227607,E09000030,0.0,0.0,2.0,2019.0,010227607,7.0,3.0,0.0,3.0,1.0,-1,2019.0,010227607,2019,12,1,6
468596,2019010227682,525326.0,185623.0,-0.193636,51.555582,1,Serious,2,1,2019-12-29,Sunday,19:22,Camden,E09000007,6,0,6,30.0,3,4,3,41,,,4,1,1,0,0,1,1,E01000877,2,2,29/12/2019,29/12/2019,1,9,0,9,,8,0,0,0,0,,,6,Male,24,21 - 25,1499,1,0,10,1,,2,1,1,1,38,7,2,0,0,0,0,0,4,1,3,2019.0,010227682,E09000007,0.0,4.0,2.0,2019.0,010227682,1.0,7.0,2.0,1.0,1.0,-1,2019.0,010227682,2019,12,2,19
468603,2019010227698,515932.0,182914.0,-0.329967,51.53324,1,Slight,2,4,2019-12-29,Sunday,18:37,Ealing,E09000009,4,452,3,40.0,6,9,6,0,,,4,1,1,0,0,1,3,E01001348,3,1,29/12/2019,29/12/2019,1,9,0,99,,9,9,99,9,99,,,6,Male,23,21 - 25,998,1,1,3,1,,1,1,1,1,23,5,3,0,0,0,0,0,9,1,3,2019.0,010227698,E09000009,0.0,9.0,2.0,2019.0,010227698,9.0,9.0,99.0,2.0,9.0,-1,2019.0,010227698,2019,12,4,18
468606,2019010227712,528031.0,179213.0,-0.156968,51.497368,1,Slight,3,1,2019-12-29,Sunday,20:15,Kensington and Chelsea,E09000020,4,319,6,30.0,6,9,6,0,,,4,1,1,0,0,1,3,E01002863,3,1,29/12/2019,29/12/2019,1,5,0,99,,9,9,99,9,99,,,6,Male,21,21 - 25,599,1,11,-1,-1,,1,1,1,1,21,5,3,0,0,0,0,0,5,-1,-1,2019.0,010227712,E09000020,0.0,0.0,2.0,2019.0,010227712,9.0,9.0,99.0,1.0,1.0,-1,2019.0,010227712,2019,12,1,20
468607,2019010227714,526280.0,164548.0,-0.187402,51.365964,1,Serious,2,1,2019-12-29,Sunday,20:30,Sutton,E09000029,6,0,6,30.0,0,-1,-1,-1,,,4,1,2,0,0,1,1,E01004138,2,2,29/12/2019,29/12/2019,1,3,0,18,,0,0,4,0,0,,,6,Female,26,26 - 35,125,1,2,2,1,,1,1,1,2,26,6,2,0,0,0,0,0,3,1,2,2019.0,010227714,E09000029,0.0,0.0,2.0,2019.0,010227714,7.0,3.0,0.0,1.0,1.0,-1,2019.0,010227714,2019,12,2,20
468609,2019010227727,532408.0,162966.0,-0.100014,51.350354,1,Serious,2,1,2019-12-29,Sunday,22:41,Croydon,E09000008,3,235,3,30.0,3,4,6,0,,,4,1,1,0,0,1,1,E01001033,2,2,29/12/2019,29/12/2019,1,3,0,18,,2,0,0,0,0,,,1,Male,19,16 - 20,108,1,1,1,1,,1,1,1,1,19,4,2,0,0,0,0,0,3,1,1,2019.0,010227727,E09000008,0.0,0.0,2.0,2019.0,010227727,5.0,1.0,0.0,1.0,1.0,-1,2019.0,010227727,2019,12,2,22
468617,2019010227749,536720.0,176955.0,-0.032744,51.475044,1,Slight,2,1,2019-12-21,Saturday,19:56,Lewisham,E09000023,3,20,2,30.0,3,2,3,20,,,4,2,2,0,0,1,3,E01003215,3,1,21/12/2019,21/12/2019,1,9,0,99,,9,9,99,9,99,,,6,Female,26,26 - 35,1798,1,12,1,1,,1,1,1,2,26,6,3,0,0,0,0,0,9,1,1,2019.0,010227749,E09000023,0.0,5.0,2.0,2019.0,010227749,9.0,9.0,99.0,9.0,9.0,-1,2019.0,010227749,2019,12,1,19
468642,2019010227837,533534.0,184787.0,-0.075627,51.546187,1,Slight,3,1,2019-12-30,Monday,19:05,Hackney,E09000012,3,10,3,20.0,7,2,3,104,,,4,1,1,0,0,1,1,E01033700,3,1,30/12/2019,30/12/2019,1,9,0,18,,6,0,0,0,0,,,2,Female,26,26 - 35,1197,1,4,2,1,,1,1,1,2,26,6,3,0,0,0,0,0,9,1,2,2019.0,010227837,E09000012,2.0,4.0,2.0,2019.0,010227837,3.0,7.0,0.0,1.0,1.0,-1,2019.0,010227837,2019,12,1,19
468644,2019010227841,534292.0,171524.0,-0.069743,51.426819,1,Slight,2,1,2019-12-30,Monday,18:21,Lewisham,E09000023,6,0,6,20.0,3,4,6,0,,,4,1,2,0,0,1,1,E01003330,3,1,30/12/2019,30/12/2019,1,9,0,4,,1,0,4,1,11,,,1,Male,30,26 - 35,1499,1,2,7,1,,1,1,2,2,25,5,3,0,0,1,0,0,9,1,7,2019.0,010227841,E09000023,0.0,0.0,2.0,2019.0,010227841,1.0,5.0,0.0,2.0,1.0,-1,2019.0,010227841,2019,12,1,18
468645,2019010227842,547708.0,175538.0,0.124768,51.459552,1,Slight,2,1,2019-12-29,Sunday,19:00,Bexley,E09000004,3,207,6,30.0,3,2,6,0,,,4,1,1,0,0,1,3,E01000389,3,1,29/12/2019,29/12/2019,1,9,0,99,,9,9,99,9,99,,,6,Female,21,21 - 25,1390,1,8,7,1,,1,1,1,2,21,5,3,0,0,0,0,0,9,1,7,2019.0,010227842,E09000004,9.0,5.0,2.0,2019.0,010227842,9.0,9.0,99.0,1.0,9.0,-1,2019.0,010227842,2019,12,1,19
468656,2019010227871,530293.0,185734.0,-0.121989,51.555455,1,Slight,1,1,2019-12-30,Monday,22:25,Islington,E09000019,3,503,2,20.0,9,2,6,0,,,4,1,1,0,0,1,1,E01002763,3,1,30/12/2019,30/12/2019,1,9,0,18,,8,0,0,0,0,,,6,Male,22,21 - 25,1596,1,13,5,1,,1,1,3,1,36,7,3,1,1,0,0,0,0,1,2,2019.0,010227871,E09000019,2.0,5.0,2.0,2019.0,010227871,6.0,2.0,0.0,1.0,1.0,-1,2019.0,010227871,2019,12,1,22
468658,2019010227874,530437.0,175236.0,-0.123794,51.461078,1,Slight,1,1,2019-12-30,Monday,22:54,Lambeth,E09000022,6,0,2,20.0,0,-1,-1,-1,,,4,1,2,0,0,1,1,E01003058,3,1,30/12/2019,30/12/2019,1,9,0,18,,0,0,0,0,0,,,6,Male,32,26 - 35,1498,1,4,-1,-1,,1,1,2,2,34,6,3,0,0,1,0,0,9,1,6,2019.0,010227874,E09000022,0.0,0.0,2.0,2019.0,010227874,5.0,1.0,0.0,1.0,1.0,-1,2019.0,010227874,2019,12,1,22
468660,2019010227877,518538.0,182602.0,-0.292518,51.529895,1,Slight,2,1,2019-12-31,Tuesday,00:55,Ealing,E09000009,3,406,1,50.0,1,2,3,40,,,4,7,1,0,0,1,1,E01001278,3,1,31/12/2019,31/12/2019,1,9,0,18,,3,0,0,0,0,,,6,Male,23,21 - 25,1769,1,15,4,1,,2,1,1,1,40,7,3,0,0,0,0,0,9,-1,-1,2019.0,010227877,E09000009,0.0,0.0,2.0,2019.0,010227877,1.0,5.0,0.0,1.0,1.0,-1,2019.0,010227877,2019,12,1,0
468662,2019010227881,528055.0,179764.0,-0.156423,51.502315,1,Slight,1,1,2019-12-31,Tuesday,04:20,Westminster,E09000033,3,4,3,30.0,0,-1,-1,-1,,,4,1,2,0,0,1,1,E01004691,3,1,31/12/2019,31/12/2019,1,9,0,18,,0,0,0,4,6,,,6,Male,20,16 - 20,1796,2,6,5,1,,1,1,2,1,20,4,3,0,0,1,0,0,9,1,5,2019.0,010227881,E09000033,0.0,0.0,2.0,2019.0,010227881,7.0,3.0,0.0,1.0,1.0,-1,2019.0,010227881,2019,12,1,4
468663,2019010227882,539519.0,172864.0,0.00592,51.437599,1,Slight,2,1,2019-12-31,Tuesday,04:00,Lewisham,E09000023,5,0,1,20.0,2,4,5,0,,,4,1,2,0,0,1,1,E01003222,3,1,31/12/2019,31/12/2019,1,3,0,10,,1,0,0,0,0,,,1,Male,24,21 - 25,125,1,2,4,1,,1,1,1,1,24,5,3,0,0,0,0,0,3,1,4,2019.0,010227882,E09000023,0.0,0.0,2.0,2019.0,010227882,3.0,8.0,0.0,1.0,1.0,-1,2019.0,010227882,2019,12,1,4
468675,2019010227917,521375.0,185875.0,-0.250511,51.558709,1,Slight,1,1,2019-12-26,Thursday,23:33,Brent,E09000005,3,4088,3,30.0,1,4,5,0,,,4,1,2,0,0,1,1,E01000628,3,1,26/12/2019,26/12/2019,1,3,0,18,,4,0,0,0,0,,,1,Male,18,16 - 20,108,1,2,4,1,,1,1,1,1,18,4,3,0,0,0,0,0,3,1,4,2019.0,010227917,E09000005,0.0,0.0,2.0,2019.0,010227917,7.0,3.0,0.0,0.0,1.0,-1,2019.0,010227917,2019,12,1,23
468678,2019010227923,545364.0,183023.0,0.094133,51.527416,1,Slight,3,2,2019-12-30,Monday,21:25,Barking and Dagenham,E09000002,5,0,3,30.0,3,2,5,0,,,4,1,2,0,0,1,1,E01000092,3,1,30/12/2019,30/12/2019,1,9,0,7,,1,0,0,0,0,,,6,Female,31,26 - 35,1995,2,5,3,1,,1,1,1,2,31,6,3,0,0,0,0,0,9,1,3,2019.0,010227923,E09000002,0.0,5.0,2.0,2019.0,010227923,8.0,2.0,0.0,4.0,1.0,-1,2019.0,010227923,2019,12,2,21
468693,2019010227974,523229.0,178256.0,-0.226444,51.489834,1,Slight,2,1,2019-12-31,Tuesday,20:10,Hammersmith and Fulham,E09000013,6,0,6,20.0,9,4,6,0,,,4,8,1,0,0,1,1,E01001893,3,1,31/12/2019,31/12/2019,1,3,0,15,,1,0,4,0,0,,,1,Male,33,26 - 35,125,1,4,2,1,,1,1,1,1,33,6,3,0,0,0,0,0,3,1,2,2019.0,010227974,E09000013,0.0,0.0,2.0,2019.0,010227974,6.0,2.0,0.0,1.0,1.0,-1,2019.0,010227974,2019,12,1,20
468694,2019010227977,526596.0,181684.0,-0.176743,51.519898,1,Slight,2,1,2019-12-31,Tuesday,19:00,Westminster,E09000033,3,404,6,30.0,0,-1,-1,-1,,,7,1,9,0,0,1,3,E01033593,3,1,31/12/2019,31/12/2019,1,9,0,99,,0,9,99,9,99,,,6,Female,31,26 - 35,1596,1,12,3,1,,1,1,1,2,31,6,3,0,0,0,0,0,9,1,3,2019.0,010227977,E09000033,0.0,5.0,2.0,2019.0,010227977,9.0,9.0,99.0,1.0,9.0,-1,2019.0,010227977,2019,12,1,19
468695,2019010227979,510214.0,172785.0,-0.41553,51.443343,1,Slight,3,1,2019-12-31,Tuesday,18:45,Hounslow,E09000018,6,0,6,30.0,3,4,6,0,,,4,1,1,0,0,1,1,E01002599,3,1,31/12/2019,31/12/2019,1,3,0,18,,8,2,0,0,0,,,1,Male,24,21 - 25,125,1,2,7,1,,1,1,1,1,24,5,3,0,0,0,0,0,3,1,7,2019.0,010227979,E09000018,0.0,0.0,2.0,2019.0,010227979,6.0,2.0,0.0,1.0,1.0,-1,2019.0,010227979,2019,12,1,18
468699,2019010227985,528205.0,193020.0,-0.149432,51.62141,1,Slight,2,2,2019-12-31,Tuesday,21:15,Barnet,E09000003,3,109,6,30.0,3,4,6,0,,,4,1,1,0,0,1,1,E01000124,3,1,31/12/2019,31/12/2019,1,9,0,18,,2,0,0,0,0,,,6,Male,26,26 - 35,1461,2,1,7,1,,1,1,2,2,19,4,3,0,0,1,0,0,9,1,5,2019.0,010227985,E09000003,0.0,0.0,2.0,2019.0,010227985,8.0,4.0,0.0,1.0,1.0,-1,2019.0,010227985,2019,12,2,21
468701,2019010227988,534232.0,176775.0,-0.068615,51.474022,1,Slight,1,1,2019-12-31,Tuesday,19:15,Southwark,E09000028,3,202,3,20.0,3,2,3,202,,,4,8,2,0,0,1,1,E01004010,3,1,31/12/2019,31/12/2019,1,9,0,9,,8,0,0,0,0,,,6,Male,23,21 - 25,1995,1,8,2,1,,1,1,3,2,29,6,3,1,1,0,0,0,0,1,2,2019.0,010227988,E09000028,0.0,4.0,2.0,2019.0,010227988,1.0,8.0,0.0,1.0,1.0,-1,2019.0,010227988,2019,12,1,19
468703,2019010227996,530793.0,177191.0,-0.11795,51.478566,1,Slight,4,4,2019-12-31,Tuesday,20:09,Lambeth,E09000022,6,0,7,30.0,3,4,6,0,,,4,1,1,0,0,1,1,E01003125,3,1,31/12/2019,31/12/2019,1,9,0,18,,7,0,4,0,0,,,6,Female,27,26 - 35,1339,1,15,8,1,,1,1,1,2,27,6,3,0,0,0,0,0,9,1,8,2019.0,010227996,E09000022,0.0,0.0,2.0,2019.0,010227996,7.0,3.0,7.0,1.0,1.0,-1,2019.0,010227996,2019,12,4,20
468705,2019010228000,526192.0,182569.0,-0.182246,51.527942,1,Slight,2,1,2019-12-31,Tuesday,23:50,Westminster,E09000033,5,0,6,30.0,6,3,6,0,,,4,1,1,0,0,1,1,E01004701,3,1,31/12/2019,31/12/2019,1,9,0,9,,8,0,0,0,0,,,6,Male,28,26 - 35,1995,2,5,1,1,,2,1,1,1,19,4,3,0,0,0,0,0,2,1,3,2019.0,010228000,E09000033,0.0,0.0,2.0,2019.0,010228000,2.0,8.0,0.0,3.0,1.0,-1,2019.0,010228000,2019,12,1,23
468707,2019010228016,525483.0,183558.0,-0.192109,51.536988,1,Slight,1,1,2019-12-31,Tuesday,23:45,Camden,E09000007,3,5,7,-1.0,6,2,5,0,,,4,2,2,0,9,1,3,E01000930,3,1,31/12/2019,31/12/2019,1,3,0,99,,9,9,99,9,99,,,6,Male,23,21 - 25,125,1,2,4,1,,1,1,1,1,23,5,3,0,0,0,0,0,3,1,4,2019.0,010228016,E09000007,9.0,1.0,2.0,2019.0,010228016,9.0,9.0,99.0,1.0,1.0,-1,2019.0,010228016,2019,12,1,23
468726,2019010228358,550088.0,189212.0,0.164819,51.58179,1,Slight,1,1,2019-12-31,Tuesday,22:00,Havering,E09000016,3,12,3,50.0,6,2,5,0,,,4,2,9,0,0,1,3,E01002329,3,1,31/12/2019,31/12/2019,1,9,0,99,,1,9,99,9,99,,,6,Male,33,26 - 35,2143,2,5,5,1,,1,1,1,1,33,6,3,0,0,0,0,0,9,1,5,2019.0,010228358,E09000016,0.0,0.0,2.0,2019.0,010228358,9.0,9.0,99.0,1.0,9.0,-1,2019.0,010228358,2019,12,1,22
468728,2019010228412,533031.0,179044.0,-0.085044,51.494696,1,Slight,2,1,2019-12-31,Tuesday,21:45,Southwark,E09000028,3,100,1,30.0,1,2,3,2,,,7,9,9,0,0,1,3,E01003941,3,1,31/12/2019,31/12/2019,1,9,0,99,,8,9,99,9,99,,,6,Female,28,26 - 35,1390,1,8,3,1,,1,1,1,2,28,6,3,0,0,0,0,0,9,1,3,2019.0,010228412,E09000028,0.0,9.0,2.0,2019.0,010228412,9.0,9.0,0.0,1.0,1.0,-1,2019.0,010228412,2019,12,1,21
468730,2019010228475,527537.0,164225.0,-0.169471,51.362781,1,Slight,2,1,2019-12-23,Monday,19:00,Sutton,E09000029,3,232,3,30.0,6,2,6,0,,,4,1,1,9,0,1,3,E01004102,3,1,23/12/2019,23/12/2019,1,3,0,99,,9,9,99,9,99,,,6,Male,21,21 - 25,108,1,2,5,1,,1,1,1,1,21,5,3,0,0,0,0,0,3,1,5,2019.0,010228475,E09000029,0.0,8.0,2.0,2019.0,010228475,9.0,9.0,99.0,9.0,1.0,-1,2019.0,010228475,2019,12,1,19
468733,2019010228698,525100.0,167409.0,-0.203337,51.391938,1,Slight,3,4,2019-10-31,Thursday,00:43,Merton,E09000024,3,24,6,30.0,6,9,3,239,,,4,1,1,0,0,1,3,E01003451,3,1,31/10/2019,31/10/2019,1,9,0,18,,1,0,0,0,0,,,1,Male,20,16 - 20,2998,1,2,3,1,,1,1,1,1,20,4,3,0,0,0,0,0,9,1,3,2019.0,010228698,E09000024,0.0,0.0,2.0,2019.0,010228698,1.0,5.0,0.0,1.0,1.0,-1,2019.0,010228698,2019,10,4,0
468735,2019010228737,534284.0,181625.0,-0.066022,51.517594,1,Slight,2,1,2019-12-21,Saturday,18:00,Tower Hamlets,E09000030,3,11,6,30.0,0,-1,-1,-1,,,7,5,2,0,0,1,3,E01004309,3,1,21/12/2019,21/12/2019,1,3,0,99,,0,9,99,9,99,,,6,Male,19,16 - 20,124,1,2,2,1,,1,1,1,1,19,4,3,0,0,0,0,0,3,1,2,2019.0,010228737,E09000030,0.0,9.0,2.0,2019.0,010228737,9.0,9.0,99.0,1.0,1.0,-1,2019.0,010228737,2019,12,1,18
468736,2019010228746,542970.0,186016.0,0.06086,51.55492,1,Slight,1,1,2019-12-18,Wednesday,23:40,Newham,E09000025,6,0,6,30.0,3,9,3,118,,,4,2,2,0,0,1,3,E01003576,3,1,18/12/2019,18/12/2019,1,9,9,9,,5,0,99,0,0,,,6,Male,21,21 - 25,1900,1,21,1,1,,1,1,3,2,38,7,3,5,3,0,0,0,0,1,4,2019.0,010228746,E09000025,0.0,0.0,2.0,2019.0,010228746,3.0,2.0,0.0,1.0,1.0,-1,2019.0,010228746,2019,12,1,23
468739,2019010228862,539610.0,181697.0,0.010717,51.516951,1,Slight,2,1,2019-06-12,Wednesday,19:35,Newham,E09000025,3,124,9,30.0,3,4,6,0,,,1,1,1,0,0,1,3,E01003503,3,1,06/12/2019,06/12/2019,1,5,0,99,,1,9,99,9,99,,,2,Male,32,26 - 35,883,1,3,1,1,,1,1,1,1,32,6,3,0,0,0,0,0,5,1,1,2019.0,010228862,E09000025,0.0,5.0,2.0,2019.0,010228862,9.0,9.0,99.0,1.0,1.0,-1,2019.0,010228862,2019,6,1,19
468753,2019010229140,526954.0,178972.0,-0.172562,51.495445,1,Slight,2,1,2019-11-27,Wednesday,18:05,Kensington and Chelsea,E09000020,3,3218,6,30.0,3,9,6,0,,,4,2,2,0,0,1,3,E01002821,3,1,27/11/2019,27/11/2019,1,3,0,18,,1,5,99,9,99,,,6,Male,28,26 - 35,125,1,11,6,1,,1,1,1,1,28,6,3,0,0,0,0,0,3,1,6,2019.0,010229140,E09000020,0.0,0.0,2.0,2019.0,010229140,7.0,3.0,0.0,0.0,1.0,-1,2019.0,010229140,2019,11,1,18
468754,2019010229154,534910.0,183119.0,-0.056434,51.530871,1,Slight,2,2,2019-12-19,Thursday,19:20,Tower Hamlets,E09000030,3,107,6,30.0,3,2,4,118,,,4,8,2,0,0,1,3,E01004198,3,1,19/12/2019,19/12/2019,1,9,0,99,,9,9,99,9,99,,,6,Male,19,16 - 20,1984,1,4,5,3,,1,1,1,1,19,4,3,0,0,0,0,0,9,3,5,2019.0,010229154,E09000030,9.0,9.0,2.0,2019.0,010229154,9.0,9.0,99.0,4.0,9.0,-1,2019.0,010229154,2019,12,2,19
468763,2019010229389,529104.0,183541.0,-0.139934,51.53602,1,Slight,2,1,2019-12-29,Sunday,20:20,Camden,E09000007,3,502,2,30.0,0,-1,-1,-1,,,4,1,1,0,0,1,3,E01000947,3,1,29/12/2019,29/12/2019,1,8,0,99,,0,9,99,9,99,,,6,Male,32,26 - 35,1999,8,3,8,1,,1,1,1,1,32,6,3,0,0,0,0,0,8,1,8,2019.0,010229389,E09000007,9.0,9.0,2.0,2019.0,010229389,9.0,9.0,99.0,2.0,9.0,-1,2019.0,010229389,2019,12,1,20
468765,2019010229532,540852.0,174664.0,0.025801,51.453445,1,Slight,2,2,2019-12-23,Monday,18:00,Greenwich,E09000011,3,20,6,30.0,3,2,3,2213,,,4,1,1,0,0,1,3,E01001659,3,1,23/12/2019,23/12/2019,1,9,0,99,,9,9,99,9,99,,,6,Male,29,26 - 35,2987,2,4,9,1,,1,1,1,1,29,6,3,0,0,0,0,0,9,1,9,2019.0,010229532,E09000011,9.0,9.0,2.0,2019.0,010229532,9.0,9.0,99.0,2.0,9.0,-1,2019.0,010229532,2019,12,2,18
468787,2019010230463,522304.0,166009.0,-0.243985,51.379964,1,Slight,1,1,2019-12-12,Thursday,19:20,Sutton,E09000029,3,2043,6,30.0,0,-1,-1,-1,,,7,1,1,0,0,1,3,E01004195,3,1,12/12/2019,12/12/2019,1,9,0,99,,0,9,99,9,99,,,6,Male,20,16 - 20,999,1,0,2,1,,1,1,1,1,20,4,3,0,0,0,0,0,9,1,2,2019.0,010230463,E09000029,0.0,9.0,2.0,2019.0,010230463,9.0,9.0,99.0,2.0,9.0,-1,2019.0,010230463,2019,12,1,19
468813,2019010231975,528477.0,179771.0,-0.150343,51.502282,1,Slight,2,1,2019-06-12,Wednesday,19:47,Westminster,E09000033,3,4,1,20.0,1,2,5,0,,,4,1,1,0,0,1,3,E01004731,3,1,06/12/2019,06/12/2019,1,8,0,99,,3,9,99,9,99,,,6,Male,33,26 - 35,1797,8,6,8,1,,1,1,1,1,33,6,3,0,0,0,0,0,8,1,8,2019.0,010231975,E09000033,2.0,9.0,2.0,2019.0,010231975,9.0,9.0,99.0,9.0,9.0,-1,2019.0,010231975,2019,6,1,19
468840,2019010234171,531530.0,176340.0,-0.107659,51.470747,1,Slight,2,1,2019-12-27,Friday,21:00,Lambeth,E09000022,5,0,9,30.0,1,2,6,0,,,4,1,9,9,9,1,3,E01003188,3,1,27/12/2019,27/12/2019,1,2,9,99,,9,9,99,9,99,,,6,Male,25,21 - 25,108,1,4,3,1,,1,1,1,1,25,5,3,0,0,0,0,0,2,1,3,2019.0,010234171,E09000022,9.0,9.0,2.0,2019.0,010234171,9.0,9.0,99.0,9.0,1.0,-1,2019.0,010234171,2019,12,1,21
468841,2019010234241,543511.0,178771.0,0.06571,51.489682,1,Slight,1,2,2019-12-28,Saturday,01:00,Greenwich,E09000011,3,205,9,20.0,3,4,6,0,,,5,1,1,0,0,1,3,E01033735,3,1,28/12/2019,28/12/2019,1,9,0,99,,9,9,99,9,99,,,6,Male,29,26 - 35,998,1,0,2,1,,1,1,1,1,29,6,3,0,0,0,0,0,9,1,2,2019.0,010234241,E09000011,0.0,5.0,2.0,2019.0,010234241,9.0,9.0,99.0,1.0,9.0,-1,2019.0,010234241,2019,12,2,1
468846,2019010234825,521146.0,186006.0,-0.253768,51.559936,1,Serious,2,1,2019-07-29,Monday,18:16,Brent,E09000005,6,0,3,30.0,0,-1,-1,-1,,,1,1,1,0,0,1,1,E01000627,2,2,29/07/2019,29/07/2019,1,9,0,18,,0,0,0,0,0,,,6,Male,24,21 - 25,2143,2,4,4,1,,2,1,1,1,14,3,2,0,0,0,0,0,1,1,4,2019.0,010234825,E09000005,0.0,0.0,2.0,2019.0,010234825,1.0,5.0,0.0,1.0,1.0,-1,2019.0,010234825,2019,7,2,18