,accident_index,location_easting_osgr,location_northing_osgr,longitude,latitude,police_force,accident_severity,number_of_vehicles,number_of_casualties,date,day_of_week,time,local_authority_district,local_authority_highway,first_road_class,first_road_number,road_type,speed_limit,junction_detail,junction_control,second_road_class,second_road_number,pedestrian_crossing-human_control,pedestrian_crossing-physical_facilities,light_conditions,weather_conditions,road_surface_conditions,special_conditions_at_site,carriageway_hazards,urban_or_rural_area,did_police_officer_attend_scene_of_accident,lsoa_of_accident_location,accident_severity_num,accident_severity_inv,date2,date_original,vehicle_reference_x,vehicle_type,towing_and_articulation,vehicle_manoeuvre,vehicle_location-restricted_lane,junction_location,skidding_and_overturning,hit_object_in_carriageway,vehicle_leaving_carriageway,hit_object_off_carriageway,1st_point_of_impact,was_vehicle_left_hand_drive?,journey_purpose_of_driver,sex_of_driver,age_of_driver,age_band_of_driver,engine_capacity_cc,propulsion_code,age_of_vehicle,driver_imd_decile,driver_home_area_type,vehicle_imd_decile,vehicle_reference_y,casualty_reference,casualty_class,sex_of_casualty,age_of_casualty,age_band_of_casualty,casualty_severity,pedestrian_location,pedestrian_movement,car_passenger,bus_or_coach_passenger,pedestrian_road_maintenance_worker,casualty_type,casualty_home_area_type,casualty_imd_decile,accident_year_x,accident_reference_x,local_authority_ons_district,pedestrian_crossing_human_control,pedestrian_crossing_physical_facilities,trunk_road_flag,accident_year_y,accident_reference_y,vehicle_direction_from,vehicle_direction_to,vehicle_location_restricted_lane,first_point_of_impact,vehicle_left_hand_drive,generic_make_model,accident_year,accident_reference,year,month,severity,hours
468848,2019010235302,518940.0,165197.0,-0.292571,51.37338,1,Serious,2,1,2019-11-10,Sunday,21:00,Kingston upon Thames,E09000021,3,3,3,40.0,99,9,6,0,,,7,5,2,0,0,1,3,E01003000,2,2,11/10/2019,11/10/2019,1,3,0,99,,9,9,99,9,99,,,6,Male,35,26 - 35,124,1,4,10,1,,1,1,1,1,35,6,2,0,0,0,0,0,3,1,10,2019.0,010235302,E09000021,0.0,0.0,2.0,2019.0,010235302,9.0,9.0,99.0,1.0,1.0,-1,2019.0,010235302,2019,11,2,21
468853,2019010236480,539339.0,186634.0,0.008767,51.561382,1,Fatal,1,1,2019-05-05,Sunday,00:40,Waltham Forest,E09000031,3,11,6,30.0,0,-1,-1,-1,,,4,1,1,0,0,1,1,E01004334,1,3,05/05/2019,05/05/2019,1,9,0,18,,0,0,0,0,0,,,6,Male,25,21 - 25,1797,8,10,5,1,,1,1,3,1,50,8,1,6,9,0,0,0,0,-1,-1,2019.0,010236480,E09000031,0.0,4.0,2.0,2019.0,010236480,1.0,5.0,0.0,1.0,1.0,-1,2019.0,010236480,2019,5,3,0
468855,2019010236642,530218.0,180537.0,-0.124991,51.508768,1,Serious,1,4,2019-03-08,Friday,23:08,Westminster,E09000033,3,4,3,30.0,0,-1,-1,-1,,,4,1,1,0,0,1,1,E01004736,2,2,03/08/2019,03/08/2019,1,9,0,18,,0,1,7,1,10,,,6,Male,23,21 - 25,1197,1,2,8,1,,1,1,3,1,35,6,3,6,9,0,0,0,0,1,9,2019.0,010236642,E09000033,0.0,4.0,2.0,2019.0,010236642,2.0,6.0,9.0,1.0,1.0,-1,2019.0,010236642,2019,3,8,23
468871,2019010242202,531153.0,189550.0,-0.108169,51.589548,1,Slight,2,1,2019-12-24,Tuesday,20:00,Haringey,E09000014,6,0,2,20.0,3,2,3,504,,,7,2,2,0,0,1,3,E01002030,3,1,24/12/2019,24/12/2019,1,3,0,99,,9,9,99,9,99,,,6,Male,27,26 - 35,108,1,1,2,1,,1,1,1,1,27,6,3,0,0,0,0,0,3,1,2,2019.0,010242202,E09000014,0.0,5.0,2.0,2019.0,010242202,9.0,9.0,99.0,1.0,1.0,-1,2019.0,010242202,2019,12,1,20
468879,2019010244579,542507.0,185731.0,0.054071,51.552476,1,Slight,3,1,2019-03-26,Tuesday,21:05,Newham,E09000025,5,0,2,20.0,0,-1,-1,-1,,,4,1,1,0,0,1,3,E01003579,3,1,26/03/2019,26/03/2019,1,9,0,99,,0,9,99,9,99,,,6,Male,23,21 - 25,1598,2,0,3,1,,1,1,1,1,23,5,3,0,0,0,0,0,9,1,3,2019.0,010244579,E09000025,9.0,9.0,2.0,2019.0,010244579,9.0,9.0,99.0,2.0,9.0,-1,2019.0,010244579,2019,3,1,21
468883,2019010245812,520252.0,188680.0,-0.265743,51.584159,1,Slight,2,1,2019-06-10,Monday,21:00,Brent,E09000005,5,0,6,30.0,6,2,3,4006,,,4,1,2,0,0,1,3,E01000515,3,1,06/10/2019,06/10/2019,1,9,0,18,,8,0,0,0,0,,,6,Male,34,26 - 35,2993,2,10,9,1,,1,1,1,1,34,6,3,0,0,0,0,0,9,1,9,2019.0,010245812,E09000005,0.0,0.0,2.0,2019.0,010245812,6.0,1.0,0.0,1.0,9.0,-1,2019.0,010245812,2019,6,1,21
468884,2019010246047,540042.0,173811.0,0.013813,51.44598,1,Slight,2,1,2019-12-27,Friday,20:23,Lewisham,E09000023,3,205,3,30.0,9,2,3,205,,,7,1,1,0,0,1,3,E01003268,3,1,27/12/2019,27/12/2019,1,9,0,99,,9,9,99,9,99,,,6,Female,28,26 - 35,1197,1,5,4,1,,1,1,1,2,28,6,3,0,0,0,0,0,9,1,4,2019.0,010246047,E09000023,0.0,5.0,2.0,2019.0,010246047,9.0,9.0,99.0,2.0,9.0,-1,2019.0,010246047,2019,12,1,20
468891,2019010250226,511064.0,184441.0,-0.39964,51.547942,1,Slight,2,1,2019-12-20,Friday,18:45,Hillingdon,E09000017,3,4180,1,30.0,1,9,3,40,,,1,2,2,0,0,1,3,E01002499,3,1,20/12/2019,20/12/2019,1,9,0,99,,9,9,99,9,99,,,2,Male,22,21 - 25,1896,2,17,3,1,,1,1,1,1,22,5,3,0,0,0,0,0,9,1,3,2019.0,010250226,E09000017,0.0,9.0,2.0,2019.0,010250226,9.0,9.0,99.0,2.0,9.0,-1,2019.0,010250226,2019,12,1,18
468892,2019010250842,536092.0,187001.0,-0.037904,51.565472,1,Slight,2,1,2019-11-08,Friday,06:00,Waltham Forest,E09000031,3,104,6,20.0,3,4,6,0,,,1,1,1,0,0,1,3,E01004422,3,1,11/08/2019,11/08/2019,1,9,0,99,,6,9,99,9,99,,,6,Male,26,26 - 35,-1,-1,-1,4,1,,1,1,1,1,26,6,3,0,0,0,0,0,9,1,4,2019.0,010250842,E09000031,0.0,5.0,2.0,2019.0,010250842,9.0,9.0,99.0,2.0,9.0,-1,2019.0,010250842,2019,11,1,6
468902,2019010254677,521301.0,180923.0,-0.253284,51.51422,1,Fatal,1,2,2019-10-02,Wednesday,20:54,Ealing,E09000009,3,40,3,30.0,3,4,6,0,,,7,9,1,0,0,1,1,E01001241,1,3,10/02/2019,10/02/2019,1,9,0,18,,6,0,0,0,0,,,6,Male,19,16 - 20,-1,-1,-1,-1,-1,,1,1,1,1,19,4,1,0,0,0,0,0,9,-1,-1,2019.0,010254677,E09000009,0.0,0.0,2.0,2019.0,010254677,3.0,7.0,0.0,1.0,1.0,-1,2019.0,010254677,2019,10,6,20
468920,2019010885771,530024.0,159197.0,-0.135603,51.317031,1,Slight,4,2,2019-09-10,Tuesday,01:00,Croydon,E09000008,6,0,6,30.0,0,-1,-1,-1,,,4,1,1,0,0,1,1,E01001015,3,1,09/10/2019,09/10/2019,1,9,0,14,,0,0,0,1,0,,,5,Male,22,21 - 25,1200,1,0,4,1,,1,1,1,1,22,5,3,0,0,0,0,0,9,1,4,2019.0,010885771,E09000008,0.0,0.0,2.0,2019.0,010885771,5.0,1.0,0.0,1.0,1.0,-1,2019.0,010885771,2019,9,2,1
468923,2019010903722,550097.0,189213.0,0.164949,51.581797,1,Slight,3,3,2019-11-28,Thursday,21:00,Havering,E09000016,6,0,3,50.0,3,2,3,12,,,4,2,2,0,0,1,1,E01002329,3,1,28/11/2019,28/11/2019,1,9,0,18,,8,1,0,2,0,,,5,Male,24,21 - 25,1598,1,12,-1,-1,,1,1,1,1,24,5,3,0,0,0,0,0,9,-1,-1,2019.0,010903722,E09000016,0.0,5.0,2.0,2019.0,010903722,2.0,6.0,0.0,1.0,1.0,-1,2019.0,010903722,2019,11,3,21
468935,2019010950495,533763.0,180675.0,-0.073887,51.509181,1,Slight,2,1,2019-01-18,Friday,19:13,Tower Hamlets,E09000030,3,100,3,20.0,6,2,3,1203,,,4,1,1,0,0,1,1,E01004293,3,1,18/01/2019,18/01/2019,1,9,0,18,,1,0,0,0,0,,,5,Male,30,26 - 35,-1,-1,-1,-1,-1,,2,1,1,1,31,6,3,0,0,0,0,0,4,1,2,2019.0,010950495,E09000030,0.0,5.0,2.0,2019.0,010950495,5.0,1.0,0.0,1.0,1.0,-1,2019.0,010950495,2019,1,1,19
528655,2020010228011,529324.0,181286.0,-0.137592,51.515704,1,Slight,1,2,2020-01-01,Wednesday,02:25,Westminster,E09000033,3,40,6,30.0,3,4,5,0,,,4,1,1,0,0,1,1,E01004763,3,1,01/01/2020,01/01/2020,1,9,0,18,,1,0,0,0,0,,,6,Male,20,16 - 20,2993,2,4,-1,-1,,1,1,3,2,32,6,3,6,9,0,0,0,0,1,8,2020.0,010228011,E09000033,0.0,0.0,2.0,2020.0,010228011,3.0,7.0,9.0,1.0,1.0,BMW 4 SERIES,2020.0,010228011,2020,1,2,2
528656,2020010228012,537193.0,177105.0,-0.02588,51.476278,1,Slight,1,1,2020-01-01,Wednesday,01:30,Lewisham,E09000023,3,2209,2,20.0,3,4,6,0,,,4,1,1,0,0,1,1,E01003304,3,1,01/01/2020,01/01/2020,1,9,0,18,,1,0,10,0,0,,,6,Male,25,21 - 25,1390,1,5,4,1,,1,1,1,1,25,5,3,0,0,0,0,0,9,1,4,2020.0,010228012,E09000023,0.0,0.0,2.0,2020.0,010228012,1.0,5.0,0.0,1.0,1.0,AUDI A1,2020.0,010228012,2020,1,1,1
528658,2020010228017,536115.0,182297.0,-0.03939,51.523195,1,Serious,2,1,2020-01-01,Wednesday,03:00,Tower Hamlets,E09000030,3,11,3,30.0,9,4,6,0,,,4,8,2,0,0,1,1,E01004261,2,2,01/01/2020,01/01/2020,1,9,0,18,,6,0,0,0,0,,,1,Male,32,26 - 35,2993,2,8,8,1,,1,1,3,1,50,8,2,9,9,0,0,0,0,1,3,2020.0,010228017,E09000030,0.0,0.0,2.0,2020.0,010228017,3.0,7.0,0.0,1.0,1.0,JAGUAR XF SERIES,2020.0,010228017,2020,1,2,3
528663,2020010228031,553943.0,190802.0,0.221108,51.595036,1,Slight,2,2,2020-01-01,Wednesday,04:46,Havering,E09000016,3,12,3,50.0,0,-1,6,0,,,1,7,1,0,0,1,3,E01002293,3,1,01/01/2020,01/01/2020,1,9,0,99,,0,9,99,9,99,,,2,Male,30,26 - 35,1597,2,5,2,1,,1,1,1,1,30,6,3,0,0,0,0,0,9,1,2,2020.0,010228031,E09000016,9.0,9.0,2.0,2020.0,010228031,9.0,9.0,99.0,2.0,9.0,HONDA CRV,2020.0,010228031,2020,1,2,4
528664,2020010228032,526375.0,174240.0,-0.182588,51.453048,1,Serious,3,1,2020-01-01,Wednesday,01:10,Wandsworth,E09000032,6,0,6,20.0,0,-1,6,0,,,4,1,2,0,0,1,1,E01004620,2,2,01/01/2020,01/01/2020,1,9,0,18,,0,0,4,0,0,,,6,Male,18,16 - 20,1390,1,9,7,1,,1,1,2,1,18,4,2,0,0,2,0,0,9,1,5,2020.0,010228032,E09000032,0.0,0.0,2.0,2020.0,010228032,5.0,1.0,0.0,1.0,1.0,VOLKSWAGEN POLO,2020.0,010228032,2020,1,2,1
528665,2020010228037,529918.0,163201.0,-0.135664,51.35304,1,Slight,1,1,2020-01-01,Wednesday,01:45,Sutton,E09000029,5,0,6,30.0,3,4,6,0,,,4,1,1,0,0,1,1,E01004089,3,1,01/01/2020,01/01/2020,1,9,0,18,,1,0,0,0,0,,,6,Female,26,26 - 35,1242,1,1,-1,-1,,1,1,1,2,26,6,3,0,0,0,0,0,9,-1,-1,2020.0,010228037,E09000029,0.0,0.0,2.0,2020.0,010228037,1.0,5.0,0.0,2.0,1.0,FIAT 500,2020.0,010228037,2020,1,1,1
528667,2020010228039,532463.0,182404.0,-0.091959,51.525025,1,Slight,2,2,2020-01-01,Wednesday,04:09,Islington,E09000019,3,5201,3,30.0,6,2,6,0,,,4,1,1,0,0,1,1,E01002706,3,1,01/01/2020,01/01/2020,1,9,0,18,,1,0,0,0,0,,,6,Female,20,16 - 20,1390,1,12,2,1,,1,1,2,1,38,7,3,0,0,2,0,0,9,1,2,2020.0,010228039,E09000019,0.0,4.0,2.0,2020.0,010228039,1.0,5.0,0.0,1.0,1.0,VOLKSWAGEN GOLF,2020.0,010228039,2020,1,2,4
528684,2020010228141,531124.0,189815.0,-0.108489,51.591936,1,Slight,2,1,2020-01-01,Wednesday,20:45,Haringey,E09000014,6,0,2,20.0,99,9,6,0,,,4,9,9,9,0,1,3,E01002030,3,1,01/01/2020,01/01/2020,1,9,0,99,,9,9,99,9,99,,,6,Female,22,21 - 25,1329,1,10,1,1,,1,1,1,2,22,5,3,0,0,0,0,0,9,1,1,2020.0,010228141,E09000014,9.0,9.0,2.0,2020.0,010228141,9.0,9.0,99.0,2.0,9.0,TOYOTA YARIS,2020.0,010228141,2020,1,1,20
528685,2020010228145,532411.0,167385.0,-0.098327,51.390066,1,Slight,2,1,2020-01-01,Wednesday,01:10,Croydon,E09000008,6,0,7,20.0,99,9,6,0,,,4,1,1,0,0,1,3,E01001115,3,1,01/01/2020,01/01/2020,1,9,0,99,,9,9,99,9,99,,,6,Female,31,26 - 35,1364,1,5,3,1,,1,1,1,2,31,6,3,0,0,0,0,0,9,1,3,2020.0,010228145,E09000008,0.0,0.0,2.0,2020.0,010228145,9.0,9.0,99.0,9.0,9.0,VAUXHALL MOKKA,2020.0,010228145,2020,1,1,1
528686,2020010228148,518467.0,185248.0,-0.292651,51.553691,1,Slight,1,1,2020-01-01,Wednesday,19:05,Brent,E09000005,3,404,6,30.0,3,2,3,4089,,,4,1,1,0,0,1,1,E01000635,3,1,01/01/2020,01/01/2020,1,3,0,14,,2,0,0,0,0,,,6,Male,20,16 - 20,125,1,0,2,1,,1,1,3,1,33,6,3,5,1,0,0,0,0,-1,-1,2020.0,010228148,E09000005,2.0,4.0,2.0,2020.0,010228148,5.0,1.0,0.0,1.0,1.0,HONDA GLR 125,2020.0,010228148,2020,1,1,19
528687,2020010228150,542336.0,188367.0,0.052673,51.576206,1,Slight,2,1,2020-01-01,Wednesday,23:54,Redbridge,E09000026,3,12,3,40.0,3,2,5,0,,,4,1,1,0,0,1,1,E01003696,3,1,01/01/2020,01/01/2020,1,9,0,3,,1,5,0,0,0,,,6,Female,20,16 - 20,1242,1,4,4,1,,1,1,1,2,20,4,3,0,0,0,0,0,9,1,4,2020.0,010228150,E09000026,0.0,4.0,2.0,2020.0,010228150,3.0,7.0,0.0,2.0,1.0,FIAT 500,2020.0,010228150,2020,1,1,23
528702,2020010228235,532566.0,180025.0,-0.09137,51.503621,1,Slight,2,1,2020-01-01,Wednesday,18:10,Southwark,E09000028,3,3,6,30.0,3,2,4,300,,,4,1,2,0,0,1,3,E01003929,3,1,01/01/2020,01/01/2020,1,9,0,99,,9,9,99,9,99,,,2,Female,27,26 - 35,1197,1,8,3,1,,1,1,1,2,27,6,3,0,0,0,0,0,9,1,3,2020.0,010228235,E09000028,0.0,9.0,2.0,2020.0,010228235,9.0,9.0,99.0,1.0,9.0,AUDI A3,2020.0,010228235,2020,1,1,18
528715,2020010228271,521418.0,166747.0,-0.256458,51.386787,1,Slight,1,1,2020-02-01,Saturday,19:07,Kingston upon Thames,E09000021,5,0,6,20.0,9,4,6,0,,,7,1,1,0,0,1,1,E01002980,3,1,02/01/2020,02/01/2020,1,9,0,9,,1,0,0,0,0,,,2,Male,31,26 - 35,1328,1,16,9,1,,1,1,3,2,24,5,3,5,1,0,0,0,0,1,8,2020.0,010228271,E09000021,0.0,0.0,2.0,2020.0,010228271,3.0,1.0,0.0,4.0,1.0,SUZUKI WAGON R+,2020.0,010228271,2020,2,1,19
528718,2020010228279,526252.0,164968.0,-0.187655,51.369745,1,Slight,2,1,2020-02-01,Saturday,19:50,Sutton,E09000029,5,0,1,30.0,2,4,5,0,,,4,1,1,0,0,1,1,E01004149,3,1,02/01/2020,02/01/2020,1,9,0,18,,8,0,0,0,0,,,6,Female,32,26 - 35,1997,1,11,-1,-1,,1,1,2,2,11,3,3,0,0,2,0,0,9,1,3,2020.0,010228279,E09000029,0.0,0.0,2.0,2020.0,010228279,1.0,5.0,0.0,1.0,1.0,HONDA CRV,2020.0,010228279,2020,2,1,19
528723,2020010228288,520256.0,181051.0,-0.268292,51.515593,1,Slight,2,1,2020-02-01,Saturday,21:08,Ealing,E09000009,3,4000,6,20.0,3,4,6,0,,,4,2,1,0,0,1,1,E01001199,3,1,02/01/2020,02/01/2020,1,2,0,13,,1,2,0,0,0,,,6,Male,16,16 - 20,49,1,10,3,1,,1,1,1,1,16,4,3,0,0,0,0,0,2,1,3,2020.0,010228288,E09000009,0.0,0.0,2.0,2020.0,010228288,6.0,2.0,0.0,1.0,-1.0,PIAGGIO FLY,2020.0,010228288,2020,2,1,21
528725,2020010228298,518271.0,169322.0,-0.300807,51.410595,1,Slight,1,2,2020-02-01,Saturday,23:01,Kingston upon Thames,E09000021,3,307,2,20.0,3,2,3,308,,,4,1,1,0,0,1,1,E01002968,3,1,02/01/2020,02/01/2020,1,9,0,18,,1,1,0,1,10,,,6,Male,18,16 - 20,1229,1,10,3,1,,1,1,2,1,19,4,3,0,0,2,0,0,9,1,1,2020.0,010228298,E09000021,0.0,4.0,2.0,2020.0,010228298,3.0,7.0,9.0,1.0,1.0,VAUXHALL CORSA,2020.0,010228298,2020,2,2,23
528730,2020010228308,539119.0,185844.0,0.005283,51.554337,1,Slight,1,2,2020-02-01,Saturday,21:49,Waltham Forest,E09000031,3,11,6,30.0,3,4,6,0,,,4,2,2,0,0,1,1,E01004332,3,1,02/01/2020,02/01/2020,1,9,0,18,,1,1,10,0,0,,,6,Male,31,26 - 35,-1,-1,-1,-1,-1,,1,1,3,2,6,2,3,10,9,0,0,0,0,1,3,2020.0,010228308,E09000031,0.0,5.0,2.0,2020.0,010228308,7.0,3.0,0.0,4.0,1.0,-1,2020.0,010228308,2020,2,2,21
528731,2020010228312,543797.0,185930.0,0.072746,51.553937,1,Slight,4,1,2020-02-01,Saturday,23:23,Redbridge,E09000026,3,123,6,30.0,3,4,6,0,,,4,1,1,0,0,1,1,E01003729,3,1,02/01/2020,02/01/2020,1,9,0,3,,1,0,0,0,0,,,6,Female,25,21 - 25,1349,1,12,4,1,,1,1,1,2,25,5,3,0,0,0,0,0,9,1,4,2020.0,010228312,E09000026,0.0,0.0,2.0,2020.0,010228312,2.0,6.0,0.0,1.0,1.0,MAZDA 2,2020.0,010228312,2020,2,1,23
528754,2020010228406,539234.0,170792.0,0.001009,51.41905,1,Slight,2,1,2020-03-01,Sunday,18:00,Lewisham,E09000023,3,21,3,30.0,0,-1,6,0,,,4,9,1,0,0,1,1,E01003235,3,1,03/01/2020,03/01/2020,1,9,0,18,,0,0,0,0,0,,,6,Male,30,26 - 35,999,1,3,2,1,,1,1,2,2,29,6,3,0,0,1,0,0,9,-1,-1,2020.0,010228406,E09000023,0.0,0.0,2.0,2020.0,010228406,2.0,6.0,0.0,1.0,1.0,FORD FOCUS,2020.0,010228406,2020,3,1,18
528759,2020010228434,546715.0,168024.0,0.107375,51.392293,1,Slight,2,1,2020-03-01,Sunday,20:05,Bromley,E09000006,6,0,6,30.0,6,4,6,0,,,4,1,1,0,0,1,1,E01000722,3,1,03/01/2020,03/01/2020,1,3,0,5,,6,0,0,0,0,,,1,Male,35,26 - 35,125,1,3,2,1,,1,1,1,1,35,6,3,0,0,0,0,0,3,1,2,2020.0,010228434,E09000006,0.0,0.0,2.0,2020.0,010228434,1.0,5.0,0.0,1.0,-1.0,HONDA WW125EX2,2020.0,010228434,2020,3,1,20
528760,2020010228435,531959.0,184943.0,-0.098269,51.54796,1,Slight,3,1,2020-03-01,Sunday,20:45,Islington,E09000019,3,1201,3,30.0,3,4,5,0,,,4,1,1,0,0,1,1,E01002738,3,1,03/01/2020,03/01/2020,1,9,0,4,,1,0,0,0,0,,,2,Male,28,26 - 35,1796,1,10,2,1,,2,1,1,1,32,6,3,0,0,0,0,0,8,1,3,2020.0,010228435,E09000019,0.0,1.0,2.0,2020.0,010228435,5.0,1.0,0.0,1.0,1.0,MERCEDES C CLASS,2020.0,010228435,2020,3,1,20
528761,2020010228436,546607.0,175265.0,0.108818,51.457385,1,Serious,1,1,2020-03-01,Sunday,20:10,Bexley,E09000004,6,0,3,30.0,3,4,6,0,,,4,1,1,0,0,1,1,E01000388,2,2,03/01/2020,03/01/2020,1,9,0,7,,2,5,7,2,10,,,6,Male,24,21 - 25,-1,-1,-1,-1,-1,,1,1,2,1,60,9,2,0,0,1,0,0,9,-1,-1,2020.0,010228436,E09000004,0.0,0.0,2.0,2020.0,010228436,8.0,2.0,0.0,4.0,1.0,-1,2020.0,010228436,2020,3,2,20
528762,2020010228437,524726.0,180258.0,-0.204185,51.507498,1,Slight,3,1,2020-03-01,Sunday,20:00,Kensington and Chelsea,E09000020,3,402,6,30.0,3,4,6,0,,,4,1,1,0,0,1,1,E01002868,3,1,03/01/2020,03/01/2020,1,3,0,13,,2,0,0,0,0,,,6,Male,22,21 - 25,124,1,13,4,1,,1,1,1,1,22,5,3,0,0,0,0,0,3,1,4,2020.0,010228437,E09000020,0.0,5.0,2.0,2020.0,010228437,3.0,7.0,0.0,1.0,-1.0,PIAGGIO VESPA,2020.0,010228437,2020,3,1,20
528767,2020010228460,534566.0,186878.0,-0.059954,51.564732,1,Slight,3,1,2020-03-01,Sunday,23:40,Hackney,E09000012,3,107,6,30.0,6,2,6,0,,,4,1,1,0,0,1,1,E01001728,3,1,03/01/2020,03/01/2020,1,9,0,13,,1,0,11,0,0,,,6,Male,19,16 - 20,1968,2,1,3,1,,3,1,1,1,47,8,3,0,0,0,0,0,8,1,3,2020.0,010228460,E09000012,0.0,4.0,2.0,2020.0,010228460,5.0,1.0,0.0,1.0,1.0,VOLKSWAGEN GOLF,2020.0,010228460,2020,3,1,23
528769,2020010228462,523129.0,184014.0,-0.225873,51.541604,1,Slight,2,1,2020-04-01,Wednesday,01:50,Brent,E09000005,5,0,1,30.0,2,4,5,0,,,4,1,1,0,0,1,1,E01000493,3,1,04/01/2020,04/01/2020,1,9,0,6,,4,0,0,0,0,,,6,Male,33,26 - 35,6592,1,1,9,3,,2,1,1,1,25,5,3,0,0,0,0,0,3,1,2,2020.0,010228462,E09000005,0.0,0.0,2.0,2020.0,010228462,4.0,4.0,0.0,3.0,1.0,-1,2020.0,010228462,2020,4,1,1
528770,2020010228464,532631.0,173066.0,-0.093043,51.441068,1,Slight,1,1,2020-04-01,Wednesday,01:20,Lambeth,E09000022,3,205,6,30.0,6,2,3,2199,,,4,1,1,2,0,1,1,E01003170,3,1,04/01/2020,04/01/2020,1,9,0,18,,1,0,10,0,0,,,2,Male,27,26 - 35,1995,2,8,2,1,,1,1,1,1,27,6,3,0,0,0,0,0,9,1,2,2020.0,010228464,E09000022,0.0,0.0,2.0,2020.0,010228464,3.0,7.0,0.0,1.0,1.0,BMW 3 SERIES,2020.0,010228464,2020,4,1,1
528793,2020010228536,540877.0,175326.0,0.026424,51.459387,1,Slight,2,1,2020-03-01,Sunday,20:26,Greenwich,E09000011,3,2213,3,20.0,99,2,6,0,,,4,1,1,0,0,1,3,E01033726,3,1,03/01/2020,03/01/2020,1,9,0,99,,9,9,99,9,99,,,6,Female,27,26 - 35,-1,-1,-1,7,1,,1,1,1,2,27,6,3,0,0,0,0,0,9,1,7,2020.0,010228536,E09000011,0.0,5.0,2.0,2020.0,010228536,9.0,9.0,99.0,2.0,9.0,-1,2020.0,010228536,2020,3,1,20
528805,2020010228565,523741.0,185810.0,-0.216421,51.557612,1,Slight,2,1,2020-04-01,Wednesday,19:21,Brent,E09000003,3,5,9,30.0,99,2,6,0,,,7,2,9,9,9,1,3,E01000141,3,1,04/01/2020,04/01/2020,1,9,0,99,,9,9,99,9,99,,,2,Male,22,21 - 25,1991,1,3,2,1,,1,1,1,1,22,5,3,0,0,0,0,0,9,1,2,2020.0,010228565,E09000003,9.0,9.0,2.0,2020.0,010228565,9.0,9.0,99.0,2.0,9.0,MERCEDES C CLASS,2020.0,010228565,2020,4,1,19
528806,2020010228566,522673.0,187288.0,-0.231303,51.571128,1,Serious,2,1,2020-04-01,Wednesday,19:00,Barnet,E09000003,3,5,1,30.0,1,2,3,406,,,7,1,1,9,0,1,3,E01000223,2,2,04/01/2020,04/01/2020,1,9,0,99,,9,9,99,9,99,,,6,Female,33,26 - 35,1998,1,1,7,1,,1,1,1,2,33,6,2,0,0,0,0,0,9,1,7,2020.0,010228566,E09000003,9.0,9.0,2.0,2020.0,010228566,9.0,9.0,99.0,9.0,1.0,MINI COOPER,2020.0,010228566,2020,4,2,19
528813,2020010228589,527254.0,166395.0,-0.172758,51.382347,1,Slight,2,1,2020-04-01,Wednesday,23:58,Sutton,E09000029,5,0,6,20.0,3,2,6,0,,,4,1,1,0,0,1,3,E01004125,3,1,04/01/2020,04/01/2020,1,9,0,99,,9,9,99,9,99,,,2,Male,21,21 - 25,1995,2,5,3,1,,1,1,1,1,21,5,3,0,0,0,0,0,9,1,3,2020.0,010228589,E09000029,0.0,1.0,2.0,2020.0,010228589,9.0,9.0,99.0,9.0,9.0,BMW 1 SERIES,2020.0,010228589,2020,4,1,23
528815,2020010228593,518042.0,167700.0,-0.304637,51.396064,1,Slight,1,1,2020-04-01,Wednesday,21:50,Kingston upon Thames,E09000021,6,0,2,20.0,3,4,6,0,,,4,1,1,0,0,1,1,E01002987,3,1,04/01/2020,04/01/2020,1,9,0,9,,2,0,0,0,0,,,6,Female,25,21 - 25,998,1,15,4,1,,1,1,3,2,47,8,3,5,1,0,0,0,0,1,8,2020.0,010228593,E09000021,0.0,0.0,2.0,2020.0,010228593,7.0,6.0,0.0,4.0,1.0,TOYOTA YARIS,2020.0,010228593,2020,4,1,21
528817,2020010228599,530008.0,175692.0,-0.129798,51.465275,1,Slight,2,1,2020-04-01,Wednesday,21:00,Lambeth,E09000022,3,3,6,30.0,6,2,4,221,,,4,1,1,0,0,1,1,E01003090,3,1,04/01/2020,04/01/2020,1,3,0,4,,1,0,0,0,0,,,1,Male,35,26 - 35,108,1,12,-1,-1,,1,1,1,1,35,6,3,0,0,0,0,0,3,-1,-1,2020.0,010228599,E09000022,0.0,5.0,2.0,2020.0,010228599,5.0,1.0,0.0,3.0,-1.0,HONDA NHX110WH,2020.0,010228599,2020,4,1,21
528818,2020010228605,556298.0,186670.0,0.253244,51.557265,1,Slight,3,1,2020-05-01,Friday,01:40,Havering,E09000016,6,0,6,30.0,0,-1,6,0,,,4,1,1,0,0,1,1,E01002384,3,1,05/01/2020,05/01/2020,1,9,0,18,,0,5,0,0,0,,,6,Male,20,16 - 20,1390,1,10,8,3,,1,1,2,1,20,4,3,0,0,1,0,0,9,1,10,2020.0,010228605,E09000016,0.0,0.0,2.0,2020.0,010228605,3.0,7.0,0.0,1.0,1.0,SEAT IBIZA,2020.0,010228605,2020,5,1,1