,accident_index,location_easting_osgr,location_northing_osgr,longitude,latitude,police_force,accident_severity,number_of_vehicles,number_of_casualties,date,day_of_week,time,local_authority_district,local_authority_highway,first_road_class,first_road_number,road_type,speed_limit,junction_detail,junction_control,second_road_class,second_road_number,pedestrian_crossing-human_control,pedestrian_crossing-physical_facilities,light_conditions,weather_conditions,road_surface_conditions,special_conditions_at_site,carriageway_hazards,urban_or_rural_area,did_police_officer_attend_scene_of_accident,lsoa_of_accident_location,accident_severity_num,accident_severity_inv,date2,date_original,vehicle_reference_x,vehicle_type,towing_and_articulation,vehicle_manoeuvre,vehicle_location-restricted_lane,junction_location,skidding_and_overturning,hit_object_in_carriageway,vehicle_leaving_carriageway,hit_object_off_carriageway,1st_point_of_impact,was_vehicle_left_hand_drive?,journey_purpose_of_driver,sex_of_driver,age_of_driver,age_band_of_driver,engine_capacity_cc,propulsion_code,age_of_vehicle,driver_imd_decile,driver_home_area_type,vehicle_imd_decile,vehicle_reference_y,casualty_reference,casualty_class,sex_of_casualty,age_of_casualty,age_band_of_casualty,casualty_severity,pedestrian_location,pedestrian_movement,car_passenger,bus_or_coach_passenger,pedestrian_road_maintenance_worker,casualty_type,casualty_home_area_type,casualty_imd_decile,accident_year_x,accident_reference_x,local_authority_ons_district,pedestrian_crossing_human_control,pedestrian_crossing_physical_facilities,trunk_road_flag,accident_year_y,accident_reference_y,vehicle_direction_from,vehicle_direction_to,vehicle_location_restricted_lane,first_point_of_impact,vehicle_left_hand_drive,generic_make_model,accident_year,accident_reference,year,month,severity,hours
528839,2020010228676,525028.0,189410.0,-0.196585,51.589682,1,Slight,3,1,2020-05-01,Friday,18:16,Barnet,E09000003,3,406,6,50.0,9,2,3,406,,,7,1,1,0,0,1,3,E01000203,3,1,05/01/2020,05/01/2020,1,9,0,99,,9,9,99,9,99,,,6,Male,29,26 - 35,1398,1,5,1,1,,1,1,1,1,29,6,3,0,0,0,0,0,9,1,1,2020.0,010228676,E09000003,0.0,5.0,2.0,2020.0,010228676,9.0,9.0,99.0,2.0,9.0,VAUXHALL ADAM,2020.0,010228676,2020,5,1,18
528842,2020010228686,524575.0,176493.0,-0.207688,51.473695,1,Serious,2,1,2020-04-01,Wednesday,20:00,Hammersmith and Fulham,E09000013,3,304,9,30.0,9,9,6,0,,,7,1,1,3,0,1,3,E01001951,2,2,04/01/2020,04/01/2020,1,9,0,99,,9,9,99,9,99,,,6,Male,22,21 - 25,1329,1,10,2,1,,1,1,1,1,22,5,2,0,0,0,0,0,9,1,2,2020.0,010228686,E09000013,9.0,9.0,2.0,2020.0,010228686,9.0,9.0,99.0,2.0,9.0,TOYOTA YARIS,2020.0,010228686,2020,4,2,20
528844,2020010228691,526489.0,177865.0,-0.179653,51.485601,1,Slight,3,1,2020-05-01,Friday,22:00,Kensington and Chelsea,E09000020,6,0,2,30.0,3,4,6,0,,,4,1,1,0,0,1,1,E01002912,3,1,05/01/2020,05/01/2020,1,3,0,18,,1,2,4,0,0,,,1,Male,30,26 - 35,108,1,8,10,1,,1,1,1,1,30,6,3,0,0,0,0,0,3,1,10,2020.0,010228691,E09000020,0.0,0.0,2.0,2020.0,010228691,4.0,8.0,0.0,2.0,-1.0,HONDA NSC110WH,2020.0,010228691,2020,5,1,22
528845,2020010228692,529492.0,173747.0,-0.137933,51.447914,1,Slight,1,1,2020-06-01,Monday,01:40,Lambeth,E09000022,5,0,3,30.0,0,-1,6,0,,,4,1,1,0,0,1,1,E01003156,3,1,06/01/2020,06/01/2020,1,9,0,17,,0,1,10,0,0,,,6,Male,20,16 - 20,1956,2,9,5,1,,1,1,1,1,20,4,3,0,0,0,0,0,9,1,5,2020.0,010228692,E09000022,0.0,0.0,2.0,2020.0,010228692,3.0,7.0,0.0,1.0,1.0,VAUXHALL INSIGNIA,2020.0,010228692,2020,6,1,1
528846,2020010228693,532193.0,166640.0,-0.101736,51.383421,1,Serious,2,2,2020-06-01,Monday,00:44,Croydon,E09000008,3,222,6,30.0,3,3,6,0,,,4,1,1,0,0,1,1,E01001110,2,2,06/01/2020,06/01/2020,1,3,0,7,,6,5,0,0,0,,,6,Male,18,16 - 20,-1,-1,-1,2,1,,1,1,1,1,18,4,2,0,0,0,0,0,3,1,2,2020.0,010228693,E09000008,0.0,0.0,2.0,2020.0,010228693,6.0,8.0,0.0,2.0,-1.0,-1,2020.0,010228693,2020,6,4,0
528853,2020010228723,519652.0,182457.0,-0.276516,51.528358,1,Slight,2,1,2020-04-01,Wednesday,03:18,Ealing,E09000009,5,0,6,30.0,99,9,6,0,,,4,1,1,0,0,1,3,E01001247,3,1,04/01/2020,04/01/2020,1,9,0,99,,9,9,99,9,99,,,6,Male,20,16 - 20,1229,1,5,3,1,,1,1,1,1,20,4,3,0,0,0,0,0,9,1,3,2020.0,010228723,E09000009,9.0,9.0,2.0,2020.0,010228723,9.0,9.0,99.0,9.0,9.0,VAUXHALL CORSA,2020.0,010228723,2020,4,1,3
528885,2020010228852,538374.0,180509.0,-0.007551,51.506579,1,Slight,3,2,2020-06-01,Monday,23:27,Tower Hamlets,E09000030,3,1206,6,20.0,3,2,6,0,,,4,1,2,0,0,1,1,E01032780,3,1,06/01/2020,06/01/2020,1,9,0,18,,2,0,0,0,0,,,1,Male,30,26 - 35,2993,2,3,6,1,,3,1,1,1,30,6,3,0,0,0,0,0,9,1,1,2020.0,010228852,E09000030,0.0,4.0,2.0,2020.0,010228852,1.0,5.0,0.0,0.0,1.0,BMW X5,2020.0,010228852,2020,6,2,23
528887,2020010228856,538529.0,183862.0,-0.004001,51.536672,1,Slight,2,1,2020-06-01,Monday,22:48,Newham,E09000025,3,11,6,30.0,0,-1,6,0,,,1,8,1,0,0,1,3,E01033583,3,1,06/01/2020,06/01/2020,1,9,0,99,,0,9,99,9,99,,,6,Female,21,21 - 25,1124,1,15,2,1,,1,1,1,2,21,5,3,0,0,0,0,0,9,1,2,2020.0,010228856,E09000025,9.0,5.0,2.0,2020.0,010228856,9.0,9.0,99.0,2.0,9.0,SMART FORFOUR,2020.0,010228856,2020,6,1,22
528893,2020010228870,528739.0,173681.0,-0.148787,51.447492,1,Slight,2,1,2020-07-01,Wednesday,04:46,Wandsworth,E09000032,3,24,6,30.0,6,4,6,0,,,4,1,2,0,0,1,1,E01004474,3,1,07/01/2020,07/01/2020,1,9,0,13,,8,1,0,0,0,,,1,Male,29,26 - 35,1200,1,2,8,1,,1,1,2,1,30,6,3,0,0,1,0,0,9,1,8,2020.0,010228870,E09000032,0.0,4.0,2.0,2020.0,010228870,7.0,3.0,0.0,4.0,1.0,PEUGEOT 308,2020.0,010228870,2020,7,1,4
528896,2020010228879,524416.0,188710.0,-0.205663,51.583526,1,Slight,2,1,2020-03-01,Sunday,19:50,Barnet,E09000003,6,0,3,40.0,6,2,6,0,,,7,8,1,0,0,1,3,E01000217,3,1,03/01/2020,03/01/2020,1,5,0,99,,9,9,99,9,99,,,6,Male,33,26 - 35,-1,-1,-1,10,1,,1,1,1,1,33,6,3,0,0,0,0,0,5,1,10,2020.0,010228879,E09000003,9.0,5.0,2.0,2020.0,010228879,9.0,9.0,99.0,9.0,-1.0,-1,2020.0,010228879,2020,3,1,19
528925,2020010228980,507294.0,178587.0,-0.45577,51.496054,1,Slight,2,1,2020-07-01,Wednesday,19:18,Hillingdon,E09000017,1,4,3,50.0,5,2,1,4,,,4,1,2,0,0,1,1,E01002446,3,1,07/01/2020,07/01/2020,1,9,0,4,,1,0,0,0,0,,,6,Male,21,21 - 25,1242,1,8,4,1,,2,1,1,1,30,6,3,0,0,0,0,0,5,1,2,2020.0,010228980,E09000017,0.0,0.0,1.0,2020.0,010228980,7.0,3.0,0.0,2.0,1.0,FORD FIESTA,2020.0,010228980,2020,7,1,19
528933,2020010228990,536811.0,184566.0,-0.028483,51.543417,1,Slight,1,1,2020-06-01,Monday,20:42,Hackney,E09000012,3,12,3,40.0,3,4,6,0,,,6,1,1,0,0,1,1,E01001849,3,1,06/01/2020,06/01/2020,1,9,0,18,,8,1,0,0,0,,,6,Male,24,21 - 25,1598,1,14,3,1,,1,1,2,1,22,5,3,0,0,1,0,0,9,1,1,2020.0,010228990,E09000012,0.0,7.0,2.0,2020.0,010228990,5.0,1.0,0.0,1.0,1.0,MINI COOPER,2020.0,010228990,2020,6,1,20
528935,2020010228993,544061.0,173086.0,0.071312,51.438458,1,Slight,1,2,2020-07-01,Wednesday,18:05,Greenwich,E09000011,3,211,6,30.0,0,-1,6,0,,,4,1,1,0,0,1,1,E01001617,3,1,07/01/2020,07/01/2020,1,3,0,14,,0,2,0,0,0,,,2,Male,28,26 - 35,125,1,3,2,1,,1,1,1,1,28,6,3,0,0,0,0,0,3,1,2,2020.0,010228993,E09000011,0.0,1.0,2.0,2020.0,010228993,8.0,4.0,0.0,3.0,1.0,HONDA SH 125,2020.0,010228993,2020,7,2,18
528936,2020010228995,531193.0,168108.0,-0.115555,51.396846,1,Slight,2,3,2020-07-01,Wednesday,20:14,Croydon,E09000008,3,23,6,30.0,3,4,6,0,,,4,1,2,0,0,1,1,E01000995,3,1,07/01/2020,07/01/2020,1,9,0,18,,1,0,0,0,0,,,6,Female,21,21 - 25,998,1,1,9,1,,1,1,1,2,21,5,3,0,0,0,0,0,9,1,9,2020.0,010228995,E09000008,0.0,0.0,2.0,2020.0,010228995,5.0,1.0,0.0,4.0,1.0,FORD FIESTA,2020.0,010228995,2020,7,3,20
528937,2020010228996,536476.0,182302.0,-0.034188,51.523153,1,Slight,4,1,2020-08-01,Saturday,00:40,Tower Hamlets,E09000030,3,1205,3,20.0,3,4,6,0,,,4,1,1,0,0,1,3,E01004269,3,1,08/01/2020,08/01/2020,1,9,0,99,,1,9,0,0,0,,,2,Male,23,21 - 25,1995,2,6,2,1,,2,1,1,1,35,6,3,0,0,0,0,0,9,1,5,2020.0,010228996,E09000030,0.0,1.0,2.0,2020.0,010228996,9.0,9.0,0.0,1.0,1.0,BMW 5 SERIES,2020.0,010228996,2020,8,1,0
528938,2020010228997,549902.0,178477.0,0.157571,51.485383,1,Serious,2,1,2020-07-01,Wednesday,23:15,Bexley,E09000004,3,206,6,30.0,9,4,6,0,,,4,1,1,0,0,1,1,E01000406,2,2,07/01/2020,07/01/2020,1,9,0,17,,1,5,10,1,4,,,6,Male,28,26 - 35,-1,-1,-1,2,1,,1,1,1,1,28,6,2,0,0,0,0,0,9,1,2,2020.0,010228997,E09000004,0.0,8.0,2.0,2020.0,010228997,5.0,1.0,0.0,1.0,1.0,-1,2020.0,010228997,2020,7,2,23
528939,2020010229000,540091.0,173853.0,0.014535,51.446345,1,Slight,2,3,2020-07-01,Wednesday,21:59,Lewisham,E09000023,3,205,3,30.0,6,2,3,2212,,,4,1,2,0,0,1,1,E01003280,3,1,07/01/2020,07/01/2020,1,9,0,9,,8,0,0,0,0,,,6,Female,25,21 - 25,1299,1,19,-1,-1,,1,1,1,2,25,5,3,0,0,0,0,0,9,-1,-1,2020.0,010229000,E09000023,0.0,5.0,2.0,2020.0,010229000,5.0,3.0,0.0,1.0,1.0,FORD FIESTA,2020.0,010229000,2020,7,3,21
528964,2020010229072,523676.0,185360.0,-0.217516,51.553582,1,Slight,1,1,2020-08-01,Saturday,18:11,Brent,E09000005,3,407,6,30.0,0,-1,6,0,,,4,1,2,0,0,1,1,E01000557,3,1,08/01/2020,08/01/2020,1,9,0,18,,0,0,0,0,0,,,6,Male,33,26 - 35,1988,1,17,4,1,,1,1,3,1,69,10,3,5,3,0,0,0,0,1,8,2020.0,010229072,E09000005,0.0,5.0,2.0,2020.0,010229072,7.0,3.0,0.0,1.0,1.0,FORD FOCUS,2020.0,010229072,2020,8,1,18
528966,2020010229074,538956.0,176643.0,-0.000692,51.471696,1,Serious,1,4,2020-07-01,Wednesday,19:00,Lewisham,E09000023,3,2,6,30.0,3,4,6,0,,,4,1,1,0,0,1,1,E01003200,2,2,07/01/2020,07/01/2020,1,9,0,16,,1,0,0,7,10,,,6,Female,28,26 - 35,1796,1,9,1,1,,1,1,1,2,28,6,3,0,0,0,0,0,9,1,1,2020.0,010229074,E09000023,0.0,0.0,2.0,2020.0,010229074,7.0,3.0,9.0,1.0,1.0,MERCEDES CLC CLASS,2020.0,010229074,2020,7,8,19
528972,2020010229107,532475.0,186007.0,-0.090431,51.5574,1,Slight,1,3,2020-07-01,Wednesday,18:50,Hackney,E09000019,3,105,6,20.0,99,2,6,0,,,4,2,1,0,0,1,3,E01002743,3,1,07/01/2020,07/01/2020,1,9,0,99,,9,9,99,9,99,,,6,Female,19,16 - 20,1386,1,14,1,1,,1,1,1,2,19,4,3,0,0,0,0,0,9,1,1,2020.0,010229107,E09000019,0.0,9.0,2.0,2020.0,010229107,9.0,9.0,99.0,2.0,9.0,NISSAN NOTE,2020.0,010229107,2020,7,3,18
528975,2020010229147,530966.0,168662.0,-0.118611,51.401877,1,Slight,2,1,2020-07-01,Wednesday,18:00,Croydon,E09000008,3,23,2,30.0,9,9,6,0,,,4,2,2,0,0,1,3,E01001182,3,1,07/01/2020,07/01/2020,1,3,0,99,,9,9,99,9,99,,,2,Male,20,16 - 20,124,1,10,7,1,,1,1,1,1,20,4,3,0,0,0,0,0,3,1,7,2020.0,010229147,E09000008,0.0,0.0,2.0,2020.0,010229147,9.0,9.0,99.0,9.0,-1.0,YAMAHA MODEL MISSING,2020.0,010229147,2020,7,1,18
528977,2020010229165,531193.0,176292.0,-0.112526,51.470394,1,Slight,2,1,2020-08-01,Saturday,21:50,Lambeth,E09000022,3,23,2,30.0,3,2,3,23,,,4,1,1,9,0,1,3,E01003059,3,1,08/01/2020,08/01/2020,1,3,0,99,,9,9,99,9,99,,,6,Male,32,26 - 35,125,1,5,6,1,,1,1,1,1,32,6,3,0,0,0,0,0,3,1,6,2020.0,010229165,E09000022,9.0,9.0,2.0,2020.0,010229165,9.0,9.0,99.0,9.0,1.0,HONDA SH125,2020.0,010229165,2020,8,1,21
528978,2020010229168,532430.0,177789.0,-0.094166,51.483559,1,Slight,2,1,2020-07-01,Wednesday,21:15,Southwark,E09000028,3,215,6,30.0,3,3,6,0,,,4,2,2,0,0,1,3,E01003969,3,1,07/01/2020,07/01/2020,1,3,0,99,,9,9,99,9,99,,,6,Male,19,16 - 20,124,1,3,3,1,,1,1,1,1,19,4,3,0,0,0,0,0,3,1,3,2020.0,010229168,E09000028,9.0,9.0,2.0,2020.0,010229168,9.0,9.0,99.0,1.0,1.0,YAMAHA X-MAX 125,2020.0,010229168,2020,7,1,21
528981,2020010229196,521163.0,185869.0,-0.25357,51.558701,1,Slight,2,1,2020-04-01,Wednesday,21:30,Brent,E09000005,3,406,7,40.0,5,3,3,4088,,,4,1,1,0,0,1,3,E01000628,3,1,04/01/2020,04/01/2020,1,3,0,99,,9,9,99,9,99,,,6,Male,21,21 - 25,124,1,9,2,1,,1,1,1,1,21,5,3,0,0,0,0,0,3,1,2,2020.0,010229196,E09000005,0.0,0.0,2.0,2020.0,010229196,9.0,9.0,99.0,2.0,1.0,YAMAHA YZF R125,2020.0,010229196,2020,4,1,21
528985,2020010229205,539452.0,184577.0,0.009581,51.54287,1,Slight,2,1,2020-08-01,Saturday,18:30,Newham,E09000025,3,118,6,30.0,0,-1,6,0,,,4,1,1,0,0,1,3,E01003559,3,1,08/01/2020,08/01/2020,1,9,0,99,,0,9,99,9,99,,,6,Male,26,26 - 35,2143,2,6,3,1,,1,1,1,1,26,6,3,0,0,0,0,0,9,1,3,2020.0,010229205,E09000025,0.0,0.0,2.0,2020.0,010229205,9.0,9.0,99.0,0.0,9.0,MERCEDES E CLASS,2020.0,010229205,2020,8,1,18
529023,2020010229393,544400.0,187023.0,0.081885,51.563605,1,Slight,2,1,2020-08-01,Saturday,21:59,Redbridge,E09000026,5,0,6,30.0,0,-1,6,0,,,4,8,1,0,0,1,3,E01003758,3,1,08/01/2020,08/01/2020,1,9,0,99,,0,9,99,9,99,,,6,Male,27,26 - 35,1968,2,12,3,1,,1,1,1,1,27,6,3,0,0,0,0,0,9,1,3,2020.0,010229393,E09000026,9.0,9.0,2.0,2020.0,010229393,9.0,9.0,99.0,2.0,9.0,AUDI A6,2020.0,010229393,2020,8,1,21
529024,2020010229395,532637.0,184184.0,-0.088782,51.54098,1,Slight,2,1,2020-05-01,Friday,18:50,Islington,E09000019,6,0,6,20.0,3,9,6,0,,,4,1,1,0,0,1,3,E01002721,3,1,05/01/2020,05/01/2020,1,3,0,99,,9,9,99,9,99,,,6,Male,29,26 - 35,125,1,3,4,1,,1,1,1,1,29,6,3,0,0,0,0,0,3,1,4,2020.0,010229395,E09000019,0.0,0.0,2.0,2020.0,010229395,9.0,9.0,99.0,1.0,-1.0,YAMAHA GPD 125,2020.0,010229395,2020,5,1,18
529035,2020010229448,542727.0,191798.0,0.059706,51.606936,1,Serious,1,1,2020-07-01,Wednesday,05:53,Redbridge,E09000026,4,173,6,30.0,3,4,6,0,,,4,1,1,0,0,1,3,E01003657,2,2,07/01/2020,07/01/2020,1,9,0,99,,9,9,99,9,99,,,6,Not known,30,26 - 35,-1,-1,-1,-1,-1,,1,1,3,2,56,9,2,8,1,0,0,0,0,1,3,2020.0,010229448,E09000026,0.0,8.0,2.0,2020.0,010229448,9.0,9.0,99.0,9.0,9.0,-1,2020.0,010229448,2020,7,2,5
529036,2020010229450,547630.0,184652.0,0.127457,51.541465,1,Slight,2,2,2020-09-01,Tuesday,18:33,Barking and Dagenham,E09000002,5,0,6,30.0,6,4,6,0,,,4,1,1,0,0,1,1,E01000075,3,1,09/01/2020,09/01/2020,1,9,0,5,,6,0,0,0,0,,,6,Female,34,26 - 35,998,1,2,2,1,,1,1,1,2,34,6,3,0,0,0,0,0,9,1,2,2020.0,010229450,E09000002,0.0,0.0,2.0,2020.0,010229450,5.0,1.0,0.0,1.0,2.0,FORD ECOSPORT,2020.0,010229450,2020,9,2,18
529037,2020010229453,530789.0,187295.0,-0.114259,51.569368,1,Serious,8,1,2020-09-01,Tuesday,18:30,Islington,E09000019,6,0,6,20.0,0,-1,6,0,,,4,1,2,0,0,1,1,E01002805,2,2,09/01/2020,09/01/2020,1,3,0,1,,0,0,0,0,0,,,6,Male,20,16 - 20,125,1,1,2,1,,1,1,1,1,20,4,2,0,0,0,0,0,3,1,2,2020.0,010229453,E09000019,0.0,8.0,2.0,2020.0,010229453,4.0,8.0,0.0,1.0,1.0,HONDA WW125,2020.0,010229453,2020,9,2,18
529042,2020010229464,523681.0,185889.0,-0.217259,51.558335,1,Slight,1,1,2020-09-01,Tuesday,05:40,Brent,E09000003,3,5,6,20.0,3,3,6,0,,,4,1,9,0,0,1,3,E01000141,3,1,09/01/2020,09/01/2020,1,9,0,99,,9,9,99,9,99,,,6,Female,33,26 - 35,1398,1,9,1,1,,1,1,1,2,33,6,3,0,0,0,0,0,9,1,1,2020.0,010229464,E09000003,9.0,5.0,2.0,2020.0,010229464,9.0,9.0,99.0,3.0,9.0,VAUXHALL ASTRA,2020.0,010229464,2020,9,1,5
529046,2020010229477,538926.0,186731.0,0.002851,51.562355,1,Slight,2,2,2020-09-01,Tuesday,19:25,Waltham Forest,E09000031,3,12,3,50.0,0,-1,6,0,,,4,1,1,0,0,1,1,E01004340,3,1,09/01/2020,09/01/2020,1,9,0,18,,0,0,0,0,0,,,6,Male,30,26 - 35,1998,1,3,4,1,,1,1,1,1,30,6,3,0,0,0,0,0,9,1,4,2020.0,010229477,E09000031,0.0,0.0,2.0,2020.0,010229477,3.0,7.0,0.0,1.0,1.0,BMW 5 SERIES,2020.0,010229477,2020,9,2,19
529051,2020010229484,536542.0,189653.0,-0.030386,51.589194,1,Slight,2,1,2020-09-01,Tuesday,20:28,Waltham Forest,E09000031,5,0,6,20.0,9,2,3,503,,,1,1,1,0,0,1,3,E01004458,3,1,09/01/2020,09/01/2020,1,9,0,99,,9,9,99,9,99,,,6,Male,32,26 - 35,999,1,2,10,3,,1,1,1,1,32,6,3,0,0,0,0,0,9,3,10,2020.0,010229484,E09000031,9.0,5.0,2.0,2020.0,010229484,9.0,9.0,99.0,2.0,9.0,AUDI A3,2020.0,010229484,2020,9,1,20
529052,2020010229487,533580.0,182807.0,-0.075715,51.528383,1,Slight,3,1,2020-09-01,Tuesday,21:10,Hackney,E09000012,3,1208,6,20.0,6,4,6,0,,,4,8,2,0,0,1,1,E01001777,3,1,09/01/2020,09/01/2020,1,9,0,9,,2,5,7,1,10,,,6,Male,23,21 - 25,-1,-1,-1,2,1,,2,1,1,1,39,7,3,0,0,0,0,0,19,1,3,2020.0,010229487,E09000012,0.0,0.0,2.0,2020.0,010229487,1.0,7.0,0.0,1.0,1.0,-1,2020.0,010229487,2020,9,1,21
529053,2020010229493,533966.0,187301.0,-0.068445,51.568676,1,Slight,1,1,2020-09-01,Tuesday,21:30,Hackney,E09000012,6,0,6,30.0,5,9,6,0,,,7,1,2,0,0,1,3,E01001725,3,1,09/01/2020,09/01/2020,1,9,0,99,,9,9,99,9,99,,,6,Male,32,26 - 35,1197,1,3,3,1,,1,1,3,1,-1,-1,3,10,9,0,0,0,0,1,3,2020.0,010229493,E09000012,0.0,0.0,2.0,2020.0,010229493,9.0,9.0,99.0,2.0,9.0,VOLKSWAGEN POLO,2020.0,010229493,2020,9,1,21
529055,2020010229496,525530.0,176729.0,-0.193861,51.475605,1,Slight,3,1,2020-09-01,Tuesday,20:31,Hammersmith and Fulham,E09000013,3,308,6,30.0,0,-1,6,0,,,4,1,2,0,0,1,1,E01001924,3,1,09/01/2020,09/01/2020,1,4,0,15,,0,2,10,0,0,,,6,Male,18,16 - 20,-1,-1,-1,3,1,,1,1,1,1,18,4,3,0,0,0,0,0,4,1,3,2020.0,010229496,E09000013,0.0,8.0,2.0,2020.0,010229496,3.0,7.0,4.0,0.0,1.0,PIAGGIO MP3,2020.0,010229496,2020,9,1,20
529058,2020010229502,511234.0,180214.0,-0.398523,51.509916,1,Slight,2,3,2020-09-01,Tuesday,19:20,Hillingdon,E09000017,6,0,6,30.0,9,4,6,0,,,4,1,1,0,0,1,1,E01002505,3,1,09/01/2020,09/01/2020,1,9,0,5,,1,0,0,0,0,,,3,Female,34,26 - 35,1798,8,7,4,1,,1,1,1,2,34,6,3,0,0,0,0,0,9,1,4,2020.0,010229502,E09000017,0.0,0.0,2.0,2020.0,010229502,0.0,5.0,0.0,1.0,1.0,TOYOTA PRIUS,2020.0,010229502,2020,9,3,19
529060,2020010229508,538977.0,177977.0,0.000135,51.483678,1,Slight,2,1,2020-09-01,Tuesday,23:03,Greenwich,E09000011,3,206,2,30.0,0,-1,6,0,,,4,2,2,0,0,1,1,E01001664,3,1,09/01/2020,09/01/2020,1,9,0,9,,0,0,0,0,0,,,6,Male,28,26 - 35,1910,2,12,3,1,,2,1,1,1,25,5,3,0,0,0,0,0,3,1,4,2020.0,010229508,E09000011,0.0,0.0,2.0,2020.0,010229508,3.0,1.0,0.0,1.0,1.0,VAUXHALL VECTRA,2020.0,010229508,2020,9,1,23
529062,2020010229510,534325.0,179449.0,-0.06626,51.49803,1,Slight,2,1,2020-09-01,Tuesday,22:03,Southwark,E09000028,3,200,3,30.0,6,2,5,0,,,4,1,2,0,0,1,1,E01004022,3,1,09/01/2020,09/01/2020,1,3,0,18,,2,0,0,0,0,,,6,Male,21,21 - 25,-1,-1,-1,2,1,,1,1,1,1,21,5,3,0,0,0,0,0,3,1,2,2020.0,010229510,E09000028,0.0,4.0,2.0,2020.0,010229510,7.0,3.0,0.0,0.0,1.0,-1,2020.0,010229510,2020,9,1,22
529063,2020010229513,527365.0,165208.0,-0.171589,51.371654,1,Slight,1,1,2020-09-01,Tuesday,06:00,Sutton,E09000029,4,278,6,30.0,0,-1,6,0,,,4,2,2,0,0,1,1,E01004165,3,1,09/01/2020,09/01/2020,1,9,0,18,,0,0,0,0,0,,,2,Male,32,26 - 35,2143,2,5,8,1,,1,1,3,2,44,7,3,1,1,0,0,0,0,1,8,2020.0,010229513,E09000029,0.0,8.0,2.0,2020.0,010229513,3.0,7.0,0.0,4.0,1.0,MERCEDES C CLASS,2020.0,010229513,2020,9,1,6
529064,2020010229515,533843.0,177573.0,-0.073911,51.481286,1,Slight,1,1,2020-10-01,Thursday,04:50,Southwark,E09000028,4,215,6,20.0,9,4,6,0,,,4,1,1,0,0,1,1,E01004014,3,1,10/01/2020,10/01/2020,1,9,0,17,,1,0,10,0,0,,,6,Female,34,26 - 35,1498,1,1,5,1,,1,1,1,2,34,6,3,0,0,0,0,0,9,1,5,2020.0,010229515,E09000028,0.0,0.0,2.0,2020.0,010229515,5.0,1.0,0.0,1.0,1.0,HONDA HR-V,2020.0,010229515,2020,10,1,4
529091,2020010229620,543419.0,184401.0,0.066675,51.540295,1,Slight,4,1,2020-09-01,Tuesday,22:01,Newham,E09000025,3,406,3,50.0,0,-1,6,0,,,4,1,1,0,0,1,1,E01003625,3,1,09/01/2020,09/01/2020,1,9,0,4,,0,0,0,0,0,,,6,Male,27,26 - 35,1995,2,8,4,1,,3,1,1,1,32,6,3,0,0,0,0,0,9,1,2,2020.0,010229620,E09000025,0.0,0.0,2.0,2020.0,010229620,1.0,5.0,0.0,2.0,1.0,BMW 3 SERIES,2020.0,010229620,2020,9,1,22
529107,2020010229688,526764.0,177747.0,-0.175737,51.484479,1,Serious,2,2,2020-10-01,Thursday,20:00,Kensington and Chelsea,E09000020,3,3220,6,30.0,6,2,3,3217,,,4,1,1,0,0,1,1,E01002845,2,2,10/01/2020,10/01/2020,1,3,0,18,,8,0,0,0,0,,,1,Male,34,26 - 35,108,1,3,1,1,,1,1,1,1,34,6,3,0,0,0,0,0,3,1,1,2020.0,010229688,E09000020,0.0,4.0,2.0,2020.0,010229688,2.0,6.0,0.0,1.0,1.0,HONDA NSC110MP,2020.0,010229688,2020,10,4,20
529117,2020010229704,526953.0,177885.0,-0.172967,51.485676,1,Slight,2,1,2020-10-01,Thursday,21:00,Kensington and Chelsea,E09000020,3,3217,6,30.0,6,4,5,0,,,4,1,1,0,0,1,1,E01002844,3,1,10/01/2020,10/01/2020,1,4,0,4,,5,1,0,0,0,,,2,Male,34,26 - 35,150,1,4,3,1,,1,1,1,1,34,6,3,0,0,0,0,0,4,1,3,2020.0,010229704,E09000020,0.0,0.0,2.0,2020.0,010229704,1.0,5.0,0.0,3.0,1.0,PIAGGIO VESPA,2020.0,010229704,2020,10,1,21
529160,2020010229839,553169.0,186411.0,0.208032,51.555795,1,Slight,2,1,2020-11-01,Sunday,18:20,Havering,E09000016,5,0,6,30.0,6,4,5,0,,,4,1,1,0,0,1,1,E01002363,3,1,11/01/2020,11/01/2020,1,3,0,13,,8,0,0,0,0,,,1,Male,19,16 - 20,125,1,1,8,1,,1,1,1,1,19,4,3,0,0,0,0,0,3,1,8,2020.0,010229839,E09000016,0.0,0.0,2.0,2020.0,010229839,5.0,1.0,0.0,1.0,1.0,YAMAHA GPD 125,2020.0,010229839,2020,11,1,18