,accident_index,location_easting_osgr,location_northing_osgr,longitude,latitude,police_force,accident_severity,number_of_vehicles,number_of_casualties,date,day_of_week,time,local_authority_district,local_authority_highway,first_road_class,first_road_number,road_type,speed_limit,junction_detail,junction_control,second_road_class,second_road_number,pedestrian_crossing-human_control,pedestrian_crossing-physical_facilities,light_conditions,weather_conditions,road_surface_conditions,special_conditions_at_site,carriageway_hazards,urban_or_rural_area,did_police_officer_attend_scene_of_accident,lsoa_of_accident_location,accident_severity_num,accident_severity_inv,date2,date_original,vehicle_reference_x,vehicle_type,towing_and_articulation,vehicle_manoeuvre,vehicle_location-restricted_lane,junction_location,skidding_and_overturning,hit_object_in_carriageway,vehicle_leaving_carriageway,hit_object_off_carriageway,1st_point_of_impact,was_vehicle_left_hand_drive?,journey_purpose_of_driver,sex_of_driver,age_of_driver,age_band_of_driver,engine_capacity_cc,propulsion_code,age_of_vehicle,driver_imd_decile,driver_home_area_type,vehicle_imd_decile,vehicle_reference_y,casualty_reference,casualty_class,sex_of_casualty,age_of_casualty,age_band_of_casualty,casualty_severity,pedestrian_location,pedestrian_movement,car_passenger,bus_or_coach_passenger,pedestrian_road_maintenance_worker,casualty_type,casualty_home_area_type,casualty_imd_decile,accident_year_x,accident_reference_x,local_authority_ons_district,pedestrian_crossing_human_control,pedestrian_crossing_physical_facilities,trunk_road_flag,accident_year_y,accident_reference_y,vehicle_direction_from,vehicle_direction_to,vehicle_location_restricted_lane,first_point_of_impact,vehicle_left_hand_drive,generic_make_model,accident_year,accident_reference,year,month,severity,hours
529162,2020010229841,527080.0,176147.0,-0.171763,51.470029,1,Fatal,2,1,2020-11-01,Sunday,20:56,Wandsworth,E09000032,3,3205,3,30.0,6,2,5,0,,,4,1,1,0,0,1,1,E01004541,1,3,11/01/2020,11/01/2020,1,9,0,18,,8,0,0,0,0,,,6,Male,19,16 - 20,999,1,1,6,1,,1,1,3,1,69,10,1,7,9,0,0,0,0,1,4,2020.0,010229841,E09000032,0.0,5.0,2.0,2020.0,010229841,3.0,7.0,0.0,3.0,1.0,FORD FOCUS,2020.0,010229841,2020,11,3,20
529164,2020010229847,533888.0,182252.0,-0.071488,51.523323,1,Slight,2,1,2020-11-01,Sunday,23:10,Tower Hamlets,E09000030,4,135,2,20.0,6,4,4,134,,,1,1,1,0,0,1,3,E01004317,3,1,11/01/2020,11/01/2020,1,9,0,99,,9,9,99,9,99,,,6,Male,35,26 - 35,2497,1,14,2,1,,1,1,1,1,35,6,3,0,0,0,0,0,9,1,2,2020.0,010229847,E09000030,9.0,9.0,2.0,2020.0,010229847,9.0,9.0,99.0,2.0,9.0,BMW 5 SERIES,2020.0,010229847,2020,11,1,23
529167,2020010229852,546855.0,166557.0,0.10878,51.379076,1,Slight,1,1,2020-11-01,Sunday,23:50,Bromley,E09000006,3,224,6,40.0,0,-1,6,0,,,6,1,1,0,0,1,1,E01000791,3,1,11/01/2020,11/01/2020,1,9,0,16,,0,1,0,7,11,,,6,Male,29,26 - 35,1991,2,11,-1,-1,,1,1,1,1,29,6,3,0,0,0,0,0,9,-1,-1,2020.0,010229852,E09000006,0.0,0.0,2.0,2020.0,010229852,5.0,1.0,0.0,1.0,1.0,MERCEDES B CLASS,2020.0,010229852,2020,11,1,23
529170,2020010229858,519295.0,180835.0,-0.282209,51.513855,1,Slight,2,2,2020-12-01,Tuesday,00:44,Ealing,E09000009,5,0,6,20.0,0,-1,6,0,,,4,2,2,0,0,1,1,E01001197,3,1,12/01/2020,12/01/2020,1,9,0,18,,0,0,0,0,0,,,6,Male,19,16 - 20,1968,2,1,1,1,,1,1,1,1,19,4,3,0,0,0,0,0,9,1,1,2020.0,010229858,E09000009,0.0,4.0,2.0,2020.0,010229858,1.0,5.0,0.0,2.0,1.0,AUDI A5,2020.0,010229858,2020,12,2,0
529171,2020010229859,525867.0,175754.0,-0.189357,51.466767,1,Slight,2,1,2020-12-01,Tuesday,02:00,Hammersmith and Fulham,E09000013,3,217,6,30.0,6,2,5,0,,,4,2,2,0,0,1,1,E01001938,3,1,12/01/2020,12/01/2020,1,3,0,4,,1,0,0,0,0,,,6,Male,18,16 - 20,125,1,3,2,1,,1,1,1,1,18,4,3,0,0,0,0,0,3,1,2,2020.0,010229859,E09000013,0.0,0.0,2.0,2020.0,010229859,1.0,5.0,0.0,1.0,1.0,HONDA WW125EX2,2020.0,010229859,2020,12,1,2
529172,2020010229860,518624.0,185958.0,-0.290149,51.56004,1,Serious,1,1,2020-11-01,Sunday,23:49,Brent,E09000005,3,4089,6,30.0,0,-1,6,0,,,4,1,1,0,0,1,1,E01033457,2,2,11/01/2020,11/01/2020,1,9,0,14,,0,0,0,0,0,,,6,Male,23,21 - 25,2993,2,13,7,1,,1,1,3,1,15,3,2,4,1,0,0,0,0,1,3,2020.0,010229860,E09000005,0.0,5.0,2.0,2020.0,010229860,2.0,6.0,0.0,1.0,1.0,BMW 3 SERIES,2020.0,010229860,2020,11,2,23
529173,2020010229861,528891.0,182189.0,-0.143498,51.523918,1,Serious,1,1,2020-12-01,Tuesday,01:31,Westminster,E09000033,3,501,3,30.0,7,2,4,506,,,4,2,2,0,0,1,1,E01004715,2,2,12/01/2020,12/01/2020,1,9,0,18,,8,0,0,0,0,,,6,Male,28,26 - 35,1998,8,3,4,1,,1,1,3,1,60,9,2,1,1,0,0,0,0,2,9,2020.0,010229861,E09000033,0.0,5.0,2.0,2020.0,010229861,3.0,7.0,0.0,1.0,1.0,BMW 5 SERIES,2020.0,010229861,2020,12,2,1
529175,2020010229866,534849.0,173106.0,-0.061135,51.440904,1,Slight,1,1,2020-11-01,Sunday,23:00,Lewisham,E09000023,3,205,6,20.0,9,2,6,0,,,4,1,1,0,0,1,1,E01003254,3,1,11/01/2020,11/01/2020,1,9,0,18,,2,0,10,7,1,,,6,Male,32,26 - 35,1229,1,8,2,1,,1,1,2,2,33,6,3,0,0,1,0,0,9,1,6,2020.0,010229866,E09000023,0.0,5.0,2.0,2020.0,010229866,3.0,7.0,0.0,3.0,1.0,VAUXHALL CORSA,2020.0,010229866,2020,11,1,23
529178,2020010229869,521801.0,183061.0,-0.245343,51.533327,1,Slight,1,1,2020-12-01,Tuesday,04:28,Brent,E09000005,6,0,6,30.0,3,4,3,4002,,,4,2,2,0,0,1,1,E01033485,3,1,12/01/2020,12/01/2020,1,9,0,9,,2,0,7,0,0,,,6,Female,29,26 - 35,1560,2,7,1,1,,1,1,1,2,29,6,3,0,0,0,0,0,9,1,1,2020.0,010229869,E09000005,0.0,0.0,2.0,2020.0,010229869,1.0,6.0,0.0,1.0,1.0,CITROEN DS5,2020.0,010229869,2020,12,1,4
529179,2020010229875,511720.0,182996.0,-0.390641,51.534825,1,Slight,2,1,2020-12-01,Tuesday,04:30,Ealing,E09000009,3,312,3,40.0,1,4,4,455,,,4,2,2,0,0,1,1,E01001328,3,1,12/01/2020,12/01/2020,1,9,0,13,,8,1,0,4,10,,,6,Male,20,16 - 20,999,1,1,3,1,,2,1,1,1,51,8,3,0,0,0,0,0,9,1,7,2020.0,010229875,E09000009,0.0,0.0,2.0,2020.0,010229875,1.0,5.0,0.0,1.0,1.0,AUDI A1,2020.0,010229875,2020,12,1,4
529181,2020010229883,532555.0,180008.0,-0.091534,51.503471,1,Slight,1,1,2020-12-01,Tuesday,01:56,Southwark,E09000028,3,3,7,20.0,99,9,3,3,,,4,2,2,0,9,1,3,E01003929,3,1,12/01/2020,12/01/2020,1,8,0,99,,9,9,99,9,99,,,6,Male,34,26 - 35,1798,8,7,3,1,,1,1,1,1,34,6,3,0,0,0,0,0,8,1,3,2020.0,010229883,E09000028,9.0,9.0,2.0,2020.0,010229883,9.0,9.0,99.0,9.0,9.0,TOYOTA PRIUS+,2020.0,010229883,2020,12,1,1
529201,2020010229958,540505.0,169411.0,0.018728,51.406327,1,Slight,2,1,2020-12-01,Tuesday,19:05,Bromley,E09000006,3,21,6,30.0,6,2,3,222,,,4,1,1,0,0,1,1,E01000675,3,1,12/01/2020,12/01/2020,1,4,0,5,,2,0,0,0,0,,,1,Male,27,26 - 35,125,1,2,3,1,,1,1,1,1,27,6,3,0,0,0,0,0,4,1,3,2020.0,010229958,E09000006,0.0,5.0,2.0,2020.0,010229958,7.0,3.0,0.0,3.0,-1.0,HONDA SH 125,2020.0,010229958,2020,12,1,19
529213,2020010229995,538427.0,183718.0,-0.005528,51.535403,1,Slight,2,1,2020-01-13,Monday,00:10,Newham,E09000025,3,11,6,30.0,6,2,5,0,,,4,1,1,0,0,1,1,E01033586,3,1,13/01/2020,13/01/2020,1,9,0,18,,8,0,0,0,0,,,6,Male,29,26 - 35,1997,2,5,1,1,,1,1,1,1,29,6,3,0,0,0,0,0,9,1,1,2020.0,010229995,E09000025,0.0,5.0,2.0,2020.0,010229995,7.0,3.0,0.0,3.0,1.0,FORD KUGA,2020.0,010229995,2020,1,1,0
529221,2020010230029,534832.0,191368.0,-0.054397,51.605017,1,Slight,2,1,2020-09-01,Tuesday,01:56,Haringey,E09000014,4,137,6,20.0,99,9,6,0,,,7,1,2,0,0,1,3,E01002037,3,1,09/01/2020,09/01/2020,1,9,0,99,,9,9,99,9,99,,,6,Male,32,26 - 35,1587,1,15,1,1,,1,1,1,1,32,6,3,0,0,0,0,0,9,1,1,2020.0,010230029,E09000014,9.0,9.0,2.0,2020.0,010230029,9.0,9.0,99.0,9.0,9.0,CITROEN C4,2020.0,010230029,2020,9,1,1
529223,2020010230037,552112.0,182733.0,0.19121,51.523034,1,Slight,2,1,2020-11-01,Sunday,01:31,Havering,E09000016,3,125,2,30.0,8,4,6,0,,,1,1,1,0,0,1,3,E01002370,3,1,11/01/2020,11/01/2020,1,9,0,99,,9,9,99,9,99,,,6,Female,32,26 - 35,-1,-1,-1,3,1,,1,1,1,2,32,6,3,0,0,0,0,0,9,1,3,2020.0,010230037,E09000016,9.0,9.0,2.0,2020.0,010230037,9.0,9.0,99.0,2.0,9.0,-1,2020.0,010230037,2020,11,1,1
529255,2020010230153,530087.0,174838.0,-0.128975,51.457582,1,Slight,1,2,2020-01-13,Monday,19:00,Lambeth,E09000022,4,221,6,30.0,3,4,6,0,,,4,5,2,0,0,1,1,E01003019,3,1,13/01/2020,13/01/2020,1,3,0,18,,8,0,0,0,0,,,6,Male,35,26 - 35,125,1,2,-1,-1,,1,1,3,2,30,6,3,5,1,0,0,0,0,1,4,2020.0,010230153,E09000022,0.0,4.0,2.0,2020.0,010230153,1.0,5.0,0.0,4.0,-1.0,YAMAHA GPD 125,2020.0,010230153,2020,1,2,19
529256,2020010230157,527183.0,173607.0,-0.171193,51.447178,1,Slight,2,1,2020-01-13,Monday,18:00,Wandsworth,E09000032,3,214,6,30.0,6,4,6,0,,,4,5,2,0,0,1,1,E01004619,3,1,13/01/2020,13/01/2020,1,9,0,9,,8,0,0,0,0,,,6,Female,33,26 - 35,1598,1,10,3,1,,2,1,1,1,22,5,3,0,0,0,0,0,3,1,3,2020.0,010230157,E09000032,0.0,0.0,2.0,2020.0,010230157,7.0,4.0,0.0,1.0,1.0,RENAULT MEGANE,2020.0,010230157,2020,1,1,18
529257,2020010230163,538954.0,186770.0,0.00327,51.562699,1,Slight,2,2,2020-01-13,Monday,19:47,Waltham Forest,E09000031,3,12,3,50.0,0,-1,6,0,,,4,5,2,0,0,1,1,E01004339,3,1,13/01/2020,13/01/2020,1,9,0,18,,0,0,0,0,0,,,6,Female,28,26 - 35,1364,1,12,2,1,,1,1,1,2,28,6,3,0,0,0,0,0,9,1,2,2020.0,010230163,E09000031,0.0,0.0,2.0,2020.0,010230163,1.0,5.0,0.0,2.0,1.0,VAUXHALL CORSA,2020.0,010230163,2020,1,2,19
529271,2020010230202,530754.0,186269.0,-0.115145,51.560156,1,Slight,2,1,2020-01-13,Monday,22:55,Islington,E09000019,3,503,3,30.0,3,2,3,103,,,4,2,2,0,0,1,1,E01002731,3,1,13/01/2020,13/01/2020,1,8,0,3,,8,0,0,0,0,,,6,Male,25,21 - 25,1798,8,1,1,1,,1,1,1,1,25,5,3,0,0,0,0,0,8,1,1,2020.0,010230202,E09000019,2.0,5.0,2.0,2020.0,010230202,6.0,2.0,0.0,2.0,1.0,TOYOTA PRIUS,2020.0,010230202,2020,1,1,22
529274,2020010230224,513645.0,188723.0,-0.361049,51.585915,1,Slight,2,3,2020-01-13,Monday,22:45,Harrow,E09000015,3,404,6,30.0,6,2,3,4090,,,4,2,2,0,0,1,1,E01002157,3,1,13/01/2020,13/01/2020,1,9,0,9,,8,0,0,0,0,,,6,Male,32,26 - 35,1499,2,4,7,1,,2,1,1,2,26,6,3,0,0,0,0,0,9,1,5,2020.0,010230224,E09000015,0.0,5.0,2.0,2020.0,010230224,1.0,6.0,0.0,3.0,1.0,FORD FOCUS,2020.0,010230224,2020,1,3,22
529321,2020010230317,516856.0,179647.0,-0.317734,51.503687,1,Slight,1,1,2020-01-14,Tuesday,18:50,Ealing,E09000009,4,452,6,30.0,9,4,6,0,,,4,2,2,0,0,1,1,E01001385,3,1,14/01/2020,14/01/2020,1,9,0,18,,1,0,0,0,0,,,1,Male,26,26 - 35,1797,8,8,-1,-1,,1,1,3,1,41,7,3,1,3,0,0,0,0,1,4,2020.0,010230317,E09000009,0.0,1.0,2.0,2020.0,010230317,4.0,8.0,0.0,1.0,1.0,TOYOTA PRIUS,2020.0,010230317,2020,1,1,18
529323,2020010230320,519096.0,182312.0,-0.284576,51.527172,1,Slight,1,1,2020-01-14,Tuesday,22:48,Ealing,E09000009,3,40,7,40.0,5,4,6,0,,,4,5,2,0,0,1,1,E01001278,3,1,14/01/2020,14/01/2020,1,9,0,18,,7,1,7,1,1,,,6,Male,24,21 - 25,1950,2,2,5,1,,1,1,1,1,24,5,3,0,0,0,0,0,9,1,5,2020.0,010230320,E09000009,0.0,0.0,2.0,2020.0,010230320,3.0,7.0,0.0,1.0,1.0,MERCEDES E CLASS,2020.0,010230320,2020,1,1,22
529325,2020010230325,522182.0,174662.0,-0.242758,51.457759,1,Slight,2,2,2020-01-14,Tuesday,22:45,Wandsworth,E09000032,3,306,3,30.0,0,-1,6,0,,,4,5,2,0,0,1,1,E01004642,3,1,14/01/2020,14/01/2020,1,9,0,18,,0,0,0,0,0,,,6,Male,32,26 - 35,1797,8,6,2,1,,1,1,1,1,32,6,3,0,0,0,0,0,9,1,2,2020.0,010230325,E09000032,0.0,4.0,2.0,2020.0,010230325,5.0,1.0,0.0,1.0,1.0,TOYOTA AURIS,2020.0,010230325,2020,1,2,22
529333,2020010230362,531414.0,186740.0,-0.105454,51.564236,1,Slight,2,1,2020-12-01,Tuesday,00:29,Islington,E09000019,3,503,6,20.0,3,2,5,0,,,7,1,1,0,0,1,3,E01002734,3,1,12/01/2020,12/01/2020,1,3,0,99,,9,9,99,9,99,,,6,Male,27,26 - 35,125,1,1,2,1,,1,1,1,1,27,6,3,0,0,0,0,0,3,1,2,2020.0,010230362,E09000019,0.0,5.0,2.0,2020.0,010230362,9.0,9.0,99.0,1.0,1.0,YAMAHA GPD 125,2020.0,010230362,2020,12,1,0
529339,2020010230385,518894.0,183112.0,-0.287217,51.534404,1,Slight,2,1,2020-09-01,Tuesday,18:00,Ealing,E09000009,6,0,2,30.0,99,9,6,0,,,7,1,2,0,0,1,3,E01001276,3,1,09/01/2020,09/01/2020,1,3,0,99,,9,9,99,9,99,,,2,Male,29,26 - 35,125,1,2,3,1,,1,1,1,1,29,6,3,0,0,0,0,0,3,1,3,2020.0,010230385,E09000009,0.0,0.0,2.0,2020.0,010230385,9.0,9.0,99.0,1.0,-1.0,YAMAHA YZF R125,2020.0,010230385,2020,9,1,18
529347,2020010230455,522110.0,184929.0,-0.240242,51.550049,1,Slight,2,1,2020-11-01,Sunday,18:10,Brent,E09000005,3,4088,9,20.0,6,4,6,0,,,4,1,1,0,0,1,3,E01000638,3,1,11/01/2020,11/01/2020,1,3,0,99,,9,9,99,9,99,,,6,Male,25,21 - 25,125,1,6,4,1,,1,1,1,1,25,5,3,0,0,0,0,0,3,1,4,2020.0,010230455,E09000005,9.0,9.0,2.0,2020.0,010230455,9.0,9.0,99.0,9.0,1.0,YAMAHA XC 125,2020.0,010230455,2020,11,1,18
529350,2020010230460,508756.0,173693.0,-0.436221,51.451786,1,Slight,2,1,2020-01-14,Tuesday,18:35,Hounslow,E09000018,3,315,7,20.0,5,4,6,0,,,7,9,9,0,0,1,3,E01002558,3,1,14/01/2020,14/01/2020,1,9,0,99,,9,9,99,9,99,,,6,Male,34,26 - 35,1797,8,11,5,1,,1,1,1,1,34,6,3,0,0,0,0,0,9,1,5,2020.0,010230460,E09000018,9.0,0.0,2.0,2020.0,010230460,9.0,9.0,99.0,9.0,9.0,TOYOTA PRIUS,2020.0,010230460,2020,1,1,18
529382,2020010230583,526167.0,179212.0,-0.183807,51.497778,1,Serious,1,2,2020-01-14,Tuesday,19:15,Kensington and Chelsea,E09000020,4,325,3,30.0,3,4,6,0,,,4,5,2,0,0,1,1,E01002890,2,2,14/01/2020,14/01/2020,1,4,0,18,,1,0,0,0,0,,,1,Male,29,26 - 35,125,1,2,6,1,,1,1,3,2,59,9,2,1,1,0,0,0,0,1,4,2020.0,010230583,E09000020,0.0,1.0,2.0,2020.0,010230583,5.0,1.0,0.0,1.0,1.0,HONDA SH 125,2020.0,010230583,2020,1,4,19
529409,2020010230655,518826.0,180470.0,-0.289087,51.510673,1,Slight,2,1,2020-01-15,Wednesday,18:00,Ealing,E09000009,3,4020,6,20.0,3,4,6,0,,,4,1,1,0,0,1,1,E01001234,3,1,15/01/2020,15/01/2020,1,3,0,14,,8,5,0,0,0,,,6,Male,19,16 - 20,125,1,1,5,1,,1,1,1,1,19,4,3,0,0,0,0,0,3,1,5,2020.0,010230655,E09000009,0.0,0.0,2.0,2020.0,010230655,7.0,3.0,0.0,1.0,-1.0,YAMAHA GPD 125,2020.0,010230655,2020,1,1,18
529424,2020010230689,520482.0,187840.0,-0.262713,51.576561,1,Slight,3,1,2020-01-15,Wednesday,22:35,Brent,E09000005,4,454,6,30.0,0,-1,6,0,,,4,1,1,0,0,1,1,E01000519,3,1,15/01/2020,15/01/2020,1,9,0,18,,0,2,4,0,0,,,6,Male,20,16 - 20,1686,2,12,4,1,,1,1,1,1,20,4,3,0,0,0,0,0,9,1,4,2020.0,010230689,E09000005,0.0,0.0,2.0,2020.0,010230689,5.0,1.0,0.0,1.0,1.0,VAUXHALL ASTRA,2020.0,010230689,2020,1,1,22
529425,2020010230693,524515.0,163699.0,-0.213039,51.358724,1,Slight,4,5,2020-01-15,Wednesday,20:08,Sutton,E09000029,3,217,3,40.0,6,2,3,232,,,4,1,1,0,0,1,1,E01004110,3,1,15/01/2020,15/01/2020,1,9,0,18,,8,0,11,6,1,,,6,Male,29,26 - 35,1598,1,10,7,1,,1,1,1,1,29,6,3,0,0,0,0,0,9,1,7,2020.0,010230693,E09000029,0.0,5.0,2.0,2020.0,010230693,1.0,5.0,0.0,1.0,1.0,VAUXHALL ASTRA,2020.0,010230693,2020,1,5,20
529426,2020010230698,533427.0,182589.0,-0.078002,51.52646,1,Slight,2,1,2020-01-16,Thursday,00:04,Hackney,E09000012,3,10,6,20.0,3,4,4,122,,,4,1,1,0,0,1,1,E01033708,3,1,16/01/2020,16/01/2020,1,9,0,9,,6,0,0,0,0,,,6,Male,20,16 - 20,1995,1,13,2,1,,2,1,1,1,39,7,3,0,0,0,0,0,3,1,3,2020.0,010230698,E09000012,0.0,0.0,2.0,2020.0,010230698,3.0,8.0,0.0,1.0,1.0,BMW 3 SERIES,2020.0,010230698,2020,1,1,0
529447,2020010230826,536322.0,178355.0,-0.037931,51.487721,1,Slight,2,1,2020-01-14,Tuesday,18:15,Lewisham,E09000023,3,200,6,30.0,99,9,6,0,,,7,5,2,0,0,1,3,E01003248,3,1,14/01/2020,14/01/2020,1,3,0,99,,9,9,99,9,99,,,2,Male,30,26 - 35,125,1,6,5,1,,1,1,1,1,30,6,3,0,0,0,0,0,3,1,5,2020.0,010230826,E09000023,9.0,0.0,2.0,2020.0,010230826,9.0,9.0,99.0,1.0,1.0,HONDA WW125,2020.0,010230826,2020,1,1,18
529478,2020010230916,527644.0,195418.0,-0.156657,51.643087,1,Slight,2,1,2020-01-16,Thursday,19:20,Barnet,E09000003,6,0,6,30.0,9,4,6,0,,,4,2,2,0,0,1,1,E01000173,3,1,16/01/2020,16/01/2020,1,3,0,18,,1,0,0,0,0,,,2,Female,27,26 - 35,124,1,16,7,1,,1,1,1,2,27,6,3,0,0,0,0,0,3,1,7,2020.0,010230916,E09000003,0.0,0.0,2.0,2020.0,010230916,7.0,3.0,0.0,1.0,-1.0,PIAGGIO VESPA,2020.0,010230916,2020,1,1,19
529480,2020010230922,531240.0,173043.0,-0.113054,51.441185,1,Slight,2,1,2020-01-16,Thursday,19:11,Lambeth,E09000022,3,205,6,30.0,3,2,6,0,,,4,2,2,0,0,1,3,E01003174,3,1,16/01/2020,16/01/2020,1,9,0,99,,9,9,99,9,99,,,6,Female,32,26 - 35,1598,2,1,2,1,,1,1,1,2,32,6,3,0,0,0,0,0,9,1,2,2020.0,010230922,E09000022,0.0,5.0,2.0,2020.0,010230922,9.0,9.0,99.0,4.0,9.0,AUDI A3,2020.0,010230922,2020,1,1,19
529485,2020010230931,534395.0,178236.0,-0.065714,51.487113,1,Slight,2,1,2020-01-16,Thursday,19:44,Southwark,E09000028,4,204,2,20.0,6,2,5,0,,,4,5,2,0,0,1,3,E01004038,3,1,16/01/2020,16/01/2020,1,9,0,99,,9,9,99,9,99,,,6,Male,27,26 - 35,2496,2,16,3,1,,2,1,1,-1,33,6,3,0,0,0,0,0,1,1,1,2020.0,010230931,E09000028,9.0,9.0,2.0,2020.0,010230931,9.0,9.0,99.0,1.0,9.0,AUDI A6,2020.0,010230931,2020,1,1,19
529488,2020010230937,531827.0,184434.0,-0.100362,51.543416,1,Slight,2,1,2020-01-16,Thursday,20:05,Islington,E09000019,3,1200,6,20.0,6,2,5,0,,,4,2,2,4,0,1,1,E01002791,3,1,16/01/2020,16/01/2020,1,9,0,5,,8,0,0,0,0,,,6,Female,24,21 - 25,1598,1,9,3,1,,1,1,1,2,24,5,3,0,0,0,0,0,9,1,3,2020.0,010230937,E09000019,0.0,5.0,2.0,2020.0,010230937,3.0,7.0,0.0,1.0,1.0,VAUXHALL ASTRA,2020.0,010230937,2020,1,1,20
529494,2020010230955,529963.0,175061.0,-0.130677,51.459615,1,Slight,2,2,2020-01-16,Thursday,21:00,Lambeth,E09000022,3,2217,6,30.0,0,-1,6,0,,,4,2,2,0,0,1,1,E01003029,3,1,16/01/2020,16/01/2020,1,8,0,6,,0,0,0,0,0,,,1,Male,28,26 - 35,1580,8,2,2,1,,1,1,1,1,28,6,3,0,0,0,0,0,8,1,2,2020.0,010230955,E09000022,0.0,0.0,2.0,2020.0,010230955,7.0,7.0,0.0,3.0,1.0,KIA NIRO,2020.0,010230955,2020,1,2,21
529502,2020010230984,529173.0,168426.0,-0.144459,51.400166,1,Slight,2,1,2020-01-16,Thursday,20:30,Merton,E09000024,4,272,6,30.0,6,2,4,272,,,4,8,2,0,0,1,3,E01003434,3,1,16/01/2020,16/01/2020,1,5,0,99,,6,0,0,0,0,,,6,Male,34,26 - 35,1000,1,6,6,1,,1,1,1,1,34,6,3,0,0,0,0,0,5,1,6,2020.0,010230984,E09000024,0.0,5.0,2.0,2020.0,010230984,9.0,9.0,0.0,4.0,9.0,-1,2020.0,010230984,2020,1,1,20
529506,2020010230998,517869.0,178204.0,-0.303628,51.490507,1,Slight,1,1,2020-01-16,Thursday,19:40,Hounslow,E09000018,4,455,6,30.0,99,9,6,0,,,7,2,2,0,9,1,3,E01002565,3,1,16/01/2020,16/01/2020,1,9,0,99,,9,9,99,9,99,,,6,Not known,29,26 - 35,1781,1,17,8,1,,1,1,3,1,36,7,3,10,9,0,0,0,0,1,4,2020.0,010230998,E09000018,9.0,1.0,2.0,2020.0,010230998,9.0,9.0,99.0,1.0,9.0,AUDI TT,2020.0,010230998,2020,1,1,19
529518,2020010231038,548926.0,178305.0,0.143453,51.484096,1,Slight,2,2,2020-01-16,Thursday,18:25,Bexley,E09000004,3,206,6,30.0,2,4,5,0,,,4,2,2,0,9,1,3,E01000333,3,1,16/01/2020,16/01/2020,1,9,0,99,,1,9,99,9,99,,,6,Male,35,26 - 35,1400,2,15,9,1,,1,1,1,1,35,6,3,0,0,0,0,0,9,1,9,2020.0,010231038,E09000004,0.0,1.0,2.0,2020.0,010231038,9.0,9.0,99.0,2.0,9.0,MAZDA 2,2020.0,010231038,2020,1,2,18
529541,2020010231113,528076.0,173347.0,-0.158443,51.444641,1,Slight,1,1,2020-01-17,Friday,19:01,Wandsworth,E09000032,6,0,9,20.0,0,-1,6,0,,,4,1,1,0,0,1,3,E01004542,3,1,17/01/2020,17/01/2020,1,3,0,99,,0,9,99,9,99,,,6,Female,33,26 - 35,125,1,2,9,1,,1,1,1,2,33,6,3,0,0,0,0,0,3,1,9,2020.0,010231113,E09000032,9.0,9.0,2.0,2020.0,010231113,9.0,9.0,99.0,9.0,1.0,PEUGEOT TWEET 125,2020.0,010231113,2020,1,1,19
529544,2020010231119,529506.0,175587.0,-0.137059,51.464446,1,Slight,1,1,2020-01-17,Friday,18:05,Lambeth,E09000022,6,0,6,30.0,9,3,6,0,,,4,1,1,0,0,1,1,E01003041,3,1,17/01/2020,17/01/2020,1,3,0,18,,1,0,0,0,0,,,1,Male,35,26 - 35,108,1,7,6,1,,1,1,3,2,4,1,3,5,1,0,0,0,0,1,2,2020.0,010231119,E09000022,0.0,0.0,2.0,2020.0,010231119,5.0,1.0,0.0,4.0,-1.0,HONDA NSC110E,2020.0,010231119,2020,1,1,18
529546,2020010231123,532245.0,178462.0,-0.096577,51.48965,1,Slight,1,1,2020-01-17,Friday,20:25,Southwark,E09000028,3,215,6,20.0,7,2,5,0,,,4,1,1,0,0,1,1,E01032639,3,1,17/01/2020,17/01/2020,1,3,0,18,,1,0,0,0,0,,,6,Male,32,26 - 35,125,1,6,3,1,,1,1,3,2,28,6,3,4,1,0,0,0,0,1,2,2020.0,010231123,E09000028,0.0,5.0,2.0,2020.0,010231123,1.0,5.0,0.0,1.0,1.0,HONDA SH125,2020.0,010231123,2020,1,1,20
529548,2020010231129,521360.0,180909.0,-0.252439,51.514081,1,Slight,2,1,2020-01-17,Friday,19:55,Ealing,E09000009,3,40,3,40.0,3,4,6,0,,,4,1,1,0,0,1,1,E01001241,3,1,17/01/2020,17/01/2020,1,2,0,18,,1,0,0,0,0,,,6,Male,27,26 - 35,125,1,5,-1,-1,,1,1,1,1,27,6,3,0,0,0,0,0,2,-1,-1,2020.0,010231129,E09000009,0.0,0.0,2.0,2020.0,010231129,7.0,3.0,0.0,4.0,-1.0,-1,2020.0,010231129,2020,1,1,19
529553,2020010231138,532597.0,165358.0,-0.096411,51.371806,1,Slight,2,3,2020-01-17,Friday,19:30,Croydon,E09000008,3,232,1,30.0,1,2,5,0,,,4,1,1,0,0,1,3,E01001045,3,1,17/01/2020,17/01/2020,1,9,0,99,,4,9,99,9,99,,,6,Male,28,26 - 35,1968,1,13,10,1,,1,1,1,1,28,6,3,0,0,0,0,0,9,1,10,2020.0,010231138,E09000008,9.0,5.0,2.0,2020.0,010231138,9.0,9.0,99.0,1.0,9.0,AUDI A3,2020.0,010231138,2020,1,3,19