,accident_index,location_easting_osgr,location_northing_osgr,longitude,latitude,police_force,accident_severity,number_of_vehicles,number_of_casualties,date,day_of_week,time,local_authority_district,local_authority_highway,first_road_class,first_road_number,road_type,speed_limit,junction_detail,junction_control,second_road_class,second_road_number,pedestrian_crossing-human_control,pedestrian_crossing-physical_facilities,light_conditions,weather_conditions,road_surface_conditions,special_conditions_at_site,carriageway_hazards,urban_or_rural_area,did_police_officer_attend_scene_of_accident,lsoa_of_accident_location,accident_severity_num,accident_severity_inv,date2,date_original,vehicle_reference_x,vehicle_type,towing_and_articulation,vehicle_manoeuvre,vehicle_location-restricted_lane,junction_location,skidding_and_overturning,hit_object_in_carriageway,vehicle_leaving_carriageway,hit_object_off_carriageway,1st_point_of_impact,was_vehicle_left_hand_drive?,journey_purpose_of_driver,sex_of_driver,age_of_driver,age_band_of_driver,engine_capacity_cc,propulsion_code,age_of_vehicle,driver_imd_decile,driver_home_area_type,vehicle_imd_decile,vehicle_reference_y,casualty_reference,casualty_class,sex_of_casualty,age_of_casualty,age_band_of_casualty,casualty_severity,pedestrian_location,pedestrian_movement,car_passenger,bus_or_coach_passenger,pedestrian_road_maintenance_worker,casualty_type,casualty_home_area_type,casualty_imd_decile,accident_year_x,accident_reference_x,local_authority_ons_district,pedestrian_crossing_human_control,pedestrian_crossing_physical_facilities,trunk_road_flag,accident_year_y,accident_reference_y,vehicle_direction_from,vehicle_direction_to,vehicle_location_restricted_lane,first_point_of_impact,vehicle_left_hand_drive,generic_make_model,accident_year,accident_reference,year,month,severity,hours
529557,2020010231149,546743.0,187474.0,0.115851,51.567052,1,Serious,2,1,2020-01-17,Friday,19:28,Redbridge,E09000026,6,0,1,30.0,1,4,6,0,,,4,1,1,0,1,1,1,E01003769,2,2,17/01/2020,17/01/2020,1,9,0,18,,8,0,11,0,0,,,6,Male,29,26 - 35,1598,2,4,-1,-1,,2,1,1,1,15,3,2,0,0,0,0,0,1,1,4,2020.0,010231149,E09000026,0.0,0.0,2.0,2020.0,010231149,3.0,7.0,0.0,3.0,1.0,MINI COUNTRYMAN,2020.0,010231149,2020,1,2,19
529559,2020010231154,534895.0,186211.0,-0.055466,51.55866,1,Slight,2,1,2020-01-17,Friday,18:30,Hackney,E09000012,3,104,6,20.0,1,4,3,107,,,4,1,1,0,0,1,1,E01001792,3,1,17/01/2020,17/01/2020,1,3,0,5,,2,0,0,0,0,,,6,Male,31,26 - 35,124,1,9,5,1,,1,1,1,1,31,6,3,0,0,0,0,0,3,1,5,2020.0,010231154,E09000012,0.0,0.0,2.0,2020.0,010231154,7.0,3.0,0.0,4.0,1.0,YAMAHA XC 125,2020.0,010231154,2020,1,1,18
529561,2020010231156,550275.0,184906.0,0.165678,51.54305,1,Slight,1,1,2020-01-14,Tuesday,19:58,Barking and Dagenham,E09000002,3,1112,6,20.0,3,4,6,0,,,4,2,2,0,0,1,3,E01000108,3,1,14/01/2020,14/01/2020,1,9,0,99,,9,9,99,9,99,,,6,Not known,30,26 - 35,-1,-1,-1,-1,-1,,1,1,3,1,27,6,3,1,1,0,0,0,0,1,2,2020.0,010231156,E09000002,0.0,1.0,2.0,2020.0,010231156,9.0,9.0,99.0,9.0,9.0,-1,2020.0,010231156,2020,1,1,19
529563,2020010231159,524455.0,180140.0,-0.20813,51.506497,1,Slight,1,1,2020-01-17,Friday,21:37,Kensington and Chelsea,E09000020,3,402,6,30.0,3,4,6,0,,,4,1,2,0,0,1,1,E01002871,3,1,17/01/2020,17/01/2020,1,3,0,18,,6,2,0,0,0,,,6,Male,25,21 - 25,124,1,2,5,1,,1,1,1,1,25,5,3,0,0,0,0,0,3,1,5,2020.0,010231159,E09000020,0.0,0.0,2.0,2020.0,010231159,7.0,3.0,0.0,0.0,1.0,YAMAHA X-MAX 125,2020.0,010231159,2020,1,1,21
529567,2020010231170,527742.0,192758.0,-0.156212,51.619161,1,Slight,2,1,2020-01-18,Saturday,00:05,Barnet,E09000003,6,0,6,30.0,0,-1,6,0,,,4,1,1,0,0,1,1,E01000159,3,1,18/01/2020,18/01/2020,1,9,0,4,,0,1,10,3,11,,,6,Male,18,16 - 20,1950,2,1,3,1,,1,1,1,1,18,4,3,0,0,0,0,0,9,1,3,2020.0,010231170,E09000003,0.0,0.0,2.0,2020.0,010231170,1.0,5.0,0.0,1.0,1.0,MERCEDES C CLASS,2020.0,010231170,2020,1,1,0
529568,2020010231173,534126.0,176503.0,-0.070244,51.471603,1,Slight,2,1,2020-01-17,Friday,23:08,Southwark,E09000028,6,0,2,20.0,9,4,6,0,,,4,1,1,0,0,1,1,E01004067,3,1,17/01/2020,17/01/2020,1,4,0,5,,2,0,0,0,0,,,6,Male,28,26 - 35,125,1,6,2,1,,2,1,1,1,28,6,3,0,0,0,0,0,4,1,2,2020.0,010231173,E09000028,0.0,0.0,2.0,2020.0,010231173,0.0,3.0,0.0,1.0,-1.0,HONDA WW125,2020.0,010231173,2020,1,1,23
529570,2020010231178,523875.0,180542.0,-0.216342,51.510238,1,Slight,1,1,2020-01-18,Saturday,03:32,Kensington and Chelsea,E09000020,5,0,6,20.0,99,9,6,0,,,4,1,1,9,0,1,3,E01002870,3,1,18/01/2020,18/01/2020,1,8,0,99,,9,9,99,9,99,,,6,Male,29,26 - 35,1800,8,6,4,1,,1,1,1,1,29,6,3,0,0,0,0,0,8,1,4,2020.0,010231178,E09000020,9.0,9.0,2.0,2020.0,010231178,9.0,9.0,99.0,1.0,9.0,TOYOTA PRIUS,2020.0,010231178,2020,1,1,3
529572,2020010231180,538344.0,177645.0,-0.009106,51.48085,1,Slight,1,1,2020-01-18,Saturday,05:38,Greenwich,E09000011,3,206,2,30.0,0,-1,6,0,,,7,8,2,4,0,1,3,E01001641,3,1,18/01/2020,18/01/2020,1,9,0,99,,0,9,99,9,99,,,2,Male,21,21 - 25,1598,1,8,6,1,,1,1,1,1,21,5,3,0,0,0,0,0,9,1,6,2020.0,010231180,E09000011,9.0,9.0,2.0,2020.0,010231180,9.0,9.0,99.0,4.0,9.0,BMW 1 SERIES,2020.0,010231180,2020,1,1,5
529576,2020010231193,531826.0,189790.0,-0.09837,51.591548,1,Slight,2,1,2020-01-17,Friday,19:07,Haringey,E09000014,6,0,9,20.0,99,9,6,0,,,7,9,9,9,9,1,3,E01002083,3,1,17/01/2020,17/01/2020,1,3,0,99,,9,9,99,9,99,,,6,Male,20,16 - 20,125,1,6,2,1,,1,1,1,1,20,4,3,0,0,0,0,0,3,1,2,2020.0,010231193,E09000014,9.0,9.0,2.0,2020.0,010231193,9.0,9.0,99.0,1.0,-1.0,HONDA SH125,2020.0,010231193,2020,1,1,19
529582,2020010231227,527732.0,182024.0,-0.160255,51.522699,1,Slight,2,1,2020-01-17,Friday,22:10,Westminster,E09000033,3,41,7,30.0,6,4,6,0,,,7,1,1,9,0,1,3,E01004660,3,1,17/01/2020,17/01/2020,1,9,0,99,,9,9,99,9,99,,,6,Male,32,26 - 35,1499,2,2,2,1,,1,1,1,1,32,6,3,0,0,0,0,0,9,1,2,2020.0,010231227,E09000033,9.0,1.0,2.0,2020.0,010231227,9.0,9.0,99.0,2.0,9.0,FORD GRAND C-MAX,2020.0,010231227,2020,1,1,22
529593,2020010231263,528585.0,190121.0,-0.145008,51.595271,1,Slight,2,2,2020-01-13,Monday,21:15,Haringey,E09000014,4,550,6,20.0,3,2,4,550,,,4,2,2,0,0,1,3,E01001997,3,1,13/01/2020,13/01/2020,1,9,0,99,,9,9,99,9,99,,,2,Male,23,21 - 25,999,1,9,5,1,,1,1,1,1,23,5,3,0,0,0,0,0,9,1,5,2020.0,010231263,E09000014,0.0,5.0,2.0,2020.0,010231263,9.0,9.0,99.0,2.0,9.0,KIA PICANTO,2020.0,010231263,2020,1,2,21
529601,2020010231284,529217.0,182549.0,-0.13867,51.527079,1,Slight,3,1,2020-01-18,Saturday,18:51,Camden,E09000007,3,400,3,30.0,3,4,6,0,,,4,1,1,0,0,1,1,E01000946,3,1,18/01/2020,18/01/2020,1,3,0,15,,1,5,0,0,0,,,1,Female,25,21 - 25,125,1,1,3,1,,1,1,1,2,25,5,3,0,0,0,0,0,3,1,3,2020.0,010231284,E09000007,0.0,0.0,2.0,2020.0,010231284,5.0,1.0,0.0,3.0,1.0,HONDA SH 125,2020.0,010231284,2020,1,1,18
529606,2020010231294,519339.0,175166.0,-0.283489,51.462895,1,Slight,2,1,2020-01-18,Saturday,18:11,Richmond upon Thames,E09000027,3,305,6,30.0,9,4,6,0,,,4,1,1,0,0,1,1,E01003875,3,1,18/01/2020,18/01/2020,1,9,0,9,,1,0,0,0,0,,,6,Male,31,26 - 35,1499,1,2,5,1,,2,1,1,1,27,6,3,0,0,0,0,0,3,1,2,2020.0,010231294,E09000027,0.0,4.0,2.0,2020.0,010231294,7.0,4.0,0.0,1.0,1.0,BMW 1 SERIES,2020.0,010231294,2020,1,1,18
529610,2020010231301,538112.0,180588.0,-0.011293,51.507353,1,Slight,2,1,2020-01-18,Saturday,19:10,Tower Hamlets,E09000030,3,1261,7,40.0,0,-1,6,0,,,4,1,1,0,0,1,1,E01032780,3,1,18/01/2020,18/01/2020,1,3,0,18,,0,5,0,0,0,,,6,Female,33,26 - 35,125,1,5,2,1,,1,1,1,2,33,6,3,0,0,0,0,0,3,1,2,2020.0,010231301,E09000030,0.0,0.0,2.0,2020.0,010231301,7.0,3.0,0.0,1.0,1.0,HONDA WW125EX2,2020.0,010231301,2020,1,1,19
529618,2020010231313,547564.0,175597.0,0.122721,51.46012,1,Slight,2,1,2020-01-18,Saturday,18:00,Bexley,E09000004,3,207,6,30.0,9,2,6,0,,,4,1,1,0,0,1,1,E01000393,3,1,18/01/2020,18/01/2020,1,9,0,18,,1,0,4,0,0,,,6,Female,35,26 - 35,1995,2,5,9,1,,1,1,2,1,20,4,3,0,0,1,0,0,9,-1,-1,2020.0,010231313,E09000004,0.0,5.0,2.0,2020.0,010231313,7.0,3.0,0.0,1.0,2.0,BMW 1 SERIES,2020.0,010231313,2020,1,1,18
529621,2020010231317,529540.0,177587.0,-0.135838,51.482412,1,Slight,1,1,2020-01-17,Friday,01:00,Wandsworth,E09000032,3,3205,6,30.0,99,9,6,0,,,7,2,2,6,0,1,3,E01004562,3,1,17/01/2020,17/01/2020,1,9,0,99,,9,9,99,9,99,,,6,Male,32,26 - 35,3800,1,6,10,1,,1,1,1,1,32,6,3,0,0,0,0,0,9,1,10,2020.0,010231317,E09000032,0.0,9.0,2.0,2020.0,010231317,9.0,9.0,99.0,1.0,9.0,PORSCHE 911,2020.0,010231317,2020,1,1,1
529626,2020010231334,541457.0,183972.0,0.038231,51.536934,1,Slight,2,2,2020-01-18,Saturday,23:45,Newham,E09000025,4,165,9,30.0,3,4,5,0,,,1,1,4,9,9,1,3,E01003565,3,1,18/01/2020,18/01/2020,1,9,0,99,,1,9,99,9,99,,,6,Male,26,26 - 35,2995,1,5,4,1,,1,1,1,1,26,6,3,0,0,0,0,0,9,1,4,2020.0,010231334,E09000025,0.0,9.0,2.0,2020.0,010231334,9.0,9.0,99.0,3.0,9.0,AUDI S5,2020.0,010231334,2020,1,2,23
529630,2020010231342,520019.0,165496.0,-0.276976,51.375841,1,Slight,2,1,2020-01-19,Sunday,01:59,Kingston upon Thames,E09000021,3,240,3,40.0,6,2,6,0,,,4,1,2,0,0,1,1,E01002919,3,1,19/01/2020,19/01/2020,1,9,0,4,,1,0,0,0,0,,,6,Male,33,26 - 35,1360,1,19,5,1,,2,1,2,2,26,6,3,0,0,1,0,0,9,1,10,2020.0,010231342,E09000021,0.0,5.0,2.0,2020.0,010231342,8.0,4.0,0.0,4.0,1.0,PEUGEOT 206,2020.0,010231342,2020,1,1,1
529631,2020010231344,550859.0,189432.0,0.176032,51.583561,1,Slight,4,1,2020-01-19,Sunday,01:24,Havering,E09000016,6,0,6,30.0,0,-1,6,0,,,4,1,2,0,0,1,1,E01002340,3,1,19/01/2020,19/01/2020,1,9,0,18,,0,1,4,1,11,,,6,Female,18,16 - 20,1598,1,11,3,1,,1,1,1,2,18,4,3,0,0,0,0,0,9,1,3,2020.0,010231344,E09000016,0.0,0.0,2.0,2020.0,010231344,5.0,1.0,0.0,1.0,1.0,NISSAN NOTE,2020.0,010231344,2020,1,1,1
529634,2020010231348,541931.0,188341.0,0.046822,51.576074,1,Slight,2,1,2020-01-19,Sunday,04:10,Redbridge,E09000026,3,12,3,40.0,0,-1,6,0,,,4,1,1,0,0,1,1,E01003675,3,1,19/01/2020,19/01/2020,1,9,0,18,,0,0,0,0,0,,,6,Male,32,26 - 35,1600,2,9,1,1,,1,1,2,2,34,6,3,0,0,1,0,0,9,-1,-1,2020.0,010231348,E09000026,0.0,4.0,2.0,2020.0,010231348,7.0,3.0,0.0,1.0,1.0,MINI ONE,2020.0,010231348,2020,1,1,4
529636,2020010231352,527716.0,179649.0,-0.161346,51.501358,1,Slight,2,1,2020-01-18,Saturday,22:11,Westminster,E09000020,3,4,6,30.0,3,4,3,315,,,4,1,1,0,2,1,1,E01002818,3,1,18/01/2020,18/01/2020,1,9,0,12,,2,0,0,0,0,,,6,Male,24,21 - 25,1587,1,13,3,1,,2,1,1,1,32,6,3,0,0,0,0,0,3,1,7,2020.0,010231352,E09000020,0.0,0.0,2.0,2020.0,010231352,2.0,6.0,0.0,3.0,1.0,CITROEN C2,2020.0,010231352,2020,1,1,22
529670,2020010231456,517831.0,178307.0,-0.304141,51.491441,1,Slight,1,1,2020-01-19,Sunday,19:51,Hounslow,E09000018,3,4,1,40.0,1,2,4,455,,,4,1,1,0,0,1,1,E01002564,3,1,19/01/2020,19/01/2020,1,3,0,18,,4,0,0,0,0,,,2,Female,32,26 - 35,-1,-1,-1,3,1,,1,1,1,2,32,6,3,0,0,0,0,0,3,1,3,2020.0,010231456,E09000018,0.0,5.0,2.0,2020.0,010231456,7.0,3.0,0.0,0.0,-1.0,-1,2020.0,010231456,2020,1,1,19
529675,2020010231465,510571.0,174365.0,-0.409902,51.457474,1,Slight,2,1,2020-01-19,Sunday,20:55,Hounslow,E09000018,3,315,6,30.0,6,2,3,312,,,7,1,1,0,0,1,3,E01002592,3,1,19/01/2020,19/01/2020,1,9,0,18,,2,0,0,0,0,,,6,Male,27,26 - 35,1896,2,12,3,1,,1,1,1,1,27,6,3,0,0,0,0,0,9,1,3,2020.0,010231465,E09000018,0.0,5.0,2.0,2020.0,010231465,7.0,3.0,0.0,2.0,1.0,VOLKSWAGEN SHARAN,2020.0,010231465,2020,1,1,20
529677,2020010231474,528668.0,176410.0,-0.148817,51.472034,1,Serious,2,1,2020-01-19,Sunday,18:30,Wandsworth,E09000032,3,3216,6,30.0,6,2,6,0,,,4,1,1,0,0,1,1,E01004564,2,2,19/01/2020,19/01/2020,1,9,0,9,,5,0,0,0,0,,,6,Male,22,21 - 25,1596,1,15,1,1,,2,1,1,1,17,4,2,0,0,0,0,0,3,1,9,2020.0,010231474,E09000032,0.0,0.0,2.0,2020.0,010231474,1.0,7.0,0.0,3.0,1.0,FORD FOCUS,2020.0,010231474,2020,1,2,18
529679,2020010231476,543253.0,188473.0,0.06594,51.576926,1,Slight,2,1,2020-01-19,Sunday,21:18,Redbridge,E09000026,3,1400,1,30.0,1,9,3,12,,,7,1,1,0,0,1,3,E01003646,3,1,19/01/2020,19/01/2020,1,9,0,99,,9,9,99,9,99,,,6,Male,21,21 - 25,999,1,1,5,1,,1,1,1,1,21,5,3,0,0,0,0,0,9,1,5,2020.0,010231476,E09000026,9.0,5.0,2.0,2020.0,010231476,9.0,9.0,99.0,9.0,9.0,AUDI A3,2020.0,010231476,2020,1,1,21
529681,2020010231485,531063.0,185331.0,-0.111039,51.551655,1,Slight,3,2,2020-01-19,Sunday,21:30,Islington,E09000019,3,1,6,20.0,0,-1,6,0,,,4,1,1,0,0,1,1,E01033491,3,1,19/01/2020,19/01/2020,1,9,0,4,,0,0,0,0,0,,,6,Female,28,26 - 35,1595,1,12,6,1,,1,1,2,1,27,6,3,0,0,1,0,0,9,1,6,2020.0,010231485,E09000019,0.0,5.0,2.0,2020.0,010231485,5.0,1.0,0.0,4.0,1.0,AUDI A3,2020.0,010231485,2020,1,2,21
529683,2020010231490,530061.0,180593.0,-0.127232,51.509307,1,Slight,1,1,2020-01-20,Monday,01:48,Westminster,E09000033,4,404,6,30.0,9,2,5,0,,,4,1,1,0,0,1,1,E01004736,3,1,20/01/2020,20/01/2020,1,9,0,5,,8,0,0,0,0,,,6,Male,33,26 - 35,3200,1,17,7,1,,1,1,3,2,21,5,3,1,3,0,0,0,0,1,5,2020.0,010231490,E09000033,0.0,4.0,2.0,2020.0,010231490,1.0,5.0,0.0,1.0,1.0,PORSCHE BOXSTER,2020.0,010231490,2020,1,1,1
529705,2020010231586,554170.0,189913.0,0.223993,51.586987,1,Slight,3,1,2020-01-19,Sunday,19:00,Havering,E09000016,5,0,3,50.0,6,2,3,127,,,1,1,9,0,0,1,3,E01002377,3,1,19/01/2020,19/01/2020,1,9,9,99,,1,9,99,9,99,,,6,Male,34,26 - 35,1598,1,16,4,1,,1,1,1,1,34,6,3,0,0,0,0,0,9,1,4,2020.0,010231586,E09000016,9.0,5.0,2.0,2020.0,010231586,9.0,9.0,99.0,2.0,9.0,MAZDA 3,2020.0,010231586,2020,1,1,19
529706,2020010231587,520507.0,179110.0,-0.26534,51.498095,1,Slight,1,1,2020-01-20,Monday,02:45,Ealing,E09000009,6,0,9,30.0,99,9,6,0,,,1,1,1,0,0,1,3,E01032572,3,1,20/01/2020,20/01/2020,1,9,9,99,,9,9,99,9,99,,,2,Male,26,26 - 35,1200,1,5,4,1,,1,1,1,1,26,6,3,0,0,0,0,0,9,1,4,2020.0,010231587,E09000009,9.0,1.0,2.0,2020.0,010231587,9.0,9.0,99.0,9.0,9.0,PEUGEOT 108,2020.0,010231587,2020,1,1,2
529720,2020010231631,537430.0,180954.0,-0.020971,51.510809,1,Slight,2,1,2020-01-19,Sunday,01:11,Tower Hamlets,E09000030,3,13,6,30.0,6,2,5,0,,,4,1,1,0,0,1,3,E01004257,3,1,19/01/2020,19/01/2020,1,8,0,99,,9,9,99,9,99,,,6,Male,34,26 - 35,1797,8,11,3,1,,1,1,1,1,34,6,3,0,0,0,0,0,8,1,3,2020.0,010231631,E09000030,9.0,5.0,2.0,2020.0,010231631,9.0,9.0,99.0,1.0,9.0,TOYOTA PRIUS,2020.0,010231631,2020,1,1,1
529726,2020010231644,515825.0,188260.0,-0.32975,51.58131,1,Slight,2,1,2020-01-19,Sunday,20:00,Harrow,E09000015,3,409,6,30.0,99,9,6,0,,,7,1,1,0,0,1,3,E01002126,3,1,19/01/2020,19/01/2020,1,3,0,99,,9,9,99,9,99,,,6,Male,30,26 - 35,125,1,4,3,1,,1,1,1,1,30,6,3,0,0,0,0,0,3,1,3,2020.0,010231644,E09000015,0.0,0.0,2.0,2020.0,010231644,9.0,9.0,99.0,1.0,1.0,YAMAHA GPD 125,2020.0,010231644,2020,1,1,20
529730,2020010231658,527982.0,191559.0,-0.153185,51.608331,1,Slight,2,1,2020-01-20,Monday,20:57,Barnet,E09000003,4,550,6,30.0,0,-1,6,0,,,4,3,1,0,0,1,1,E01000164,3,1,20/01/2020,20/01/2020,1,3,0,18,,0,0,0,0,0,,,6,Male,25,21 - 25,125,1,9,4,1,,1,1,1,1,25,5,3,0,0,0,0,0,3,1,4,2020.0,010231658,E09000003,0.0,0.0,2.0,2020.0,010231658,8.0,4.0,0.0,4.0,1.0,HONDA WW125,2020.0,010231658,2020,1,1,20
529731,2020010231659,510102.0,181528.0,-0.414418,51.521948,1,Slight,2,1,2020-01-20,Monday,19:51,Hillingdon,E09000017,6,0,1,30.0,2,4,6,0,,,4,1,4,0,0,1,1,E01002398,3,1,20/01/2020,20/01/2020,1,9,0,18,,4,0,10,1,0,,,6,Female,31,26 - 35,1398,2,12,5,1,,1,1,2,1,38,7,3,0,0,1,0,0,9,1,4,2020.0,010231659,E09000017,0.0,0.0,2.0,2020.0,010231659,1.0,5.0,0.0,4.0,1.0,PEUGEOT 207,2020.0,010231659,2020,1,1,19
529733,2020010231663,530577.0,184778.0,-0.11825,51.546798,1,Slight,2,1,2020-01-20,Monday,20:34,Islington,E09000019,3,5203,6,20.0,6,4,3,5203,,,4,1,1,0,0,1,1,E01002713,3,1,20/01/2020,20/01/2020,1,3,0,18,,1,0,0,0,0,,,1,Male,28,26 - 35,125,1,1,2,1,,1,1,1,1,28,6,3,0,0,0,0,0,3,1,2,2020.0,010231663,E09000019,0.0,1.0,2.0,2020.0,010231663,7.0,3.0,0.0,1.0,1.0,YAMAHA GPD 125,2020.0,010231663,2020,1,1,20
529734,2020010231666,509844.0,182453.0,-0.417847,51.530312,1,Serious,2,3,2020-01-20,Monday,21:43,Hillingdon,E09000017,5,0,1,30.0,2,4,6,0,,,4,1,1,0,0,1,1,E01002424,2,2,20/01/2020,20/01/2020,1,9,0,18,,8,0,0,0,0,,,6,Male,18,16 - 20,998,1,6,3,1,,1,1,1,1,18,4,3,0,0,0,0,0,9,1,3,2020.0,010231666,E09000017,0.0,0.0,2.0,2020.0,010231666,5.0,1.0,0.0,1.0,1.0,FORD FIESTA,2020.0,010231666,2020,1,6,21
529773,2020010231795,529298.0,169315.0,-0.142339,51.408127,1,Slight,2,1,2020-01-19,Sunday,20:01,Merton,E09000024,4,272,3,20.0,8,9,6,0,,,7,1,1,0,0,1,3,E01003413,3,1,19/01/2020,19/01/2020,1,4,0,99,,9,9,99,9,99,,,6,Male,35,26 - 35,279,1,9,5,1,,1,1,1,1,35,6,3,0,0,0,0,0,4,1,5,2020.0,010231795,E09000024,0.0,0.0,2.0,2020.0,010231795,9.0,9.0,99.0,1.0,1.0,HONDA SH300A,2020.0,010231795,2020,1,1,20
529787,2020010278096,530215.0,179690.0,-0.125347,51.501157,1,Slight,2,1,2020-06-11,Thursday,19:36,Westminster,E09000033,3,302,3,20.0,0,-1,6,0,,,4,1,1,0,0,1,1,E01004733,3,1,06/11/2020,06/11/2020,1,9,0,9,,0,0,0,0,0,,,6,Male,17,16 - 20,1499,1,2,4,3,,2,1,1,1,21,5,3,0,0,0,0,0,1,1,2,2020.0,010278096,E09000033,0.0,5.0,2.0,2020.0,010278096,5.0,2.0,0.0,3.0,1.0,BMW 1 SERIES,2020.0,010278096,2020,6,1,19
529789,2020010278099,524948.0,184277.0,-0.199563,51.543569,1,Slight,2,1,2020-06-11,Thursday,19:32,Brent,E09000007,3,5,6,30.0,0,-1,6,0,,,4,1,1,0,0,1,1,E01000931,3,1,06/11/2020,06/11/2020,1,9,0,10,,0,0,0,0,0,,,6,Female,35,26 - 35,-1,-1,-1,-1,-1,,2,1,1,1,21,5,3,0,0,0,0,0,4,-1,-1,2020.0,010278099,E09000007,0.0,0.0,2.0,2020.0,010278099,1.0,7.0,0.0,4.0,1.0,-1,2020.0,010278099,2020,6,1,19
529792,2020010278109,540486.0,185337.0,0.024784,51.549443,1,Serious,1,1,2020-06-11,Thursday,20:00,Newham,E09000025,3,114,6,30.0,3,2,5,0,,,4,1,1,0,0,1,1,E01003557,2,2,06/11/2020,06/11/2020,1,9,0,18,,2,0,0,0,0,,,6,Female,35,26 - 35,1364,1,12,2,1,,1,1,3,2,25,5,2,1,1,0,0,0,0,1,3,2020.0,010278109,E09000025,0.0,4.0,2.0,2020.0,010278109,5.0,1.0,0.0,4.0,1.0,VAUXHALL CORSA,2020.0,010278109,2020,6,2,20
529795,2020010278115,535006.0,171969.0,-0.05931,51.430649,1,Slight,2,2,2020-06-11,Thursday,19:51,Lewisham,E09000023,3,2216,6,20.0,3,4,6,0,,,4,1,1,0,0,1,1,E01003329,3,1,06/11/2020,06/11/2020,1,2,0,18,,5,0,0,0,0,,,6,Male,19,16 - 20,125,1,1,4,1,,1,1,1,1,19,4,3,0,0,0,0,0,2,1,4,2020.0,010278115,E09000023,0.0,0.0,2.0,2020.0,010278115,8.0,4.0,0.0,1.0,1.0,YAMAHA GPD 125,2020.0,010278115,2020,6,2,19
529797,2020010278117,524472.0,189308.0,-0.204643,51.588888,1,Slight,3,1,2020-06-11,Thursday,19:30,Barnet,E09000003,3,406,3,50.0,6,2,6,0,,,7,4,1,0,0,1,3,E01000225,3,1,06/11/2020,06/11/2020,1,9,0,99,,9,9,99,9,99,,,2,Male,23,21 - 25,1499,2,1,5,1,,1,1,1,1,23,5,3,0,0,0,0,0,9,1,5,2020.0,010278117,E09000003,9.0,9.0,2.0,2020.0,010278117,9.0,9.0,99.0,2.0,9.0,FORD FOCUS,2020.0,010278117,2020,6,1,19
529798,2020010278118,538601.0,181130.0,-0.004038,51.512104,1,Slight,2,2,2020-06-11,Thursday,20:45,Tower Hamlets,E09000030,3,13,3,30.0,0,-1,6,0,,,4,1,1,0,0,1,1,E01004243,3,1,06/11/2020,06/11/2020,1,9,0,4,,0,0,0,0,0,,,6,Male,23,21 - 25,1995,2,3,3,1,,1,1,1,1,23,5,3,0,0,0,0,0,9,1,3,2020.0,010278118,E09000030,0.0,0.0,2.0,2020.0,010278118,7.0,3.0,0.0,1.0,1.0,BMW 4 SERIES,2020.0,010278118,2020,6,2,20
529799,2020010278119,543139.0,183675.0,0.062345,51.533842,1,Serious,3,1,2020-06-11,Thursday,20:27,Newham,E09000025,3,124,6,40.0,0,-1,6,0,,,4,1,1,0,0,1,1,E01003622,2,2,06/11/2020,06/11/2020,1,9,0,18,,0,1,4,1,0,,,6,Male,32,26 - 35,2987,2,13,2,1,,2,1,1,1,33,6,2,0,0,0,0,0,3,1,2,2020.0,010278119,E09000025,0.0,5.0,2.0,2020.0,010278119,7.0,3.0,0.0,3.0,1.0,CHRYSLER 300,2020.0,010278119,2020,6,2,20
529801,2020010278133,524056.0,180161.0,-0.213869,51.506774,1,Slight,1,1,2020-07-11,Saturday,01:00,Kensington and Chelsea,E09000020,6,0,6,30.0,9,4,6,0,,,4,1,1,0,0,1,1,E01002873,3,1,07/11/2020,07/11/2020,1,9,0,18,,2,0,0,0,0,,,6,Female,33,26 - 35,1560,2,6,1,2,,1,1,3,1,46,8,3,8,5,0,0,0,0,1,7,2020.0,010278133,E09000020,0.0,0.0,2.0,2020.0,010278133,3.0,7.0,0.0,3.0,1.0,FORD FOCUS,2020.0,010278133,2020,7,1,1
529804,2020010278143,514352.0,187056.0,-0.351391,51.570789,1,Slight,2,2,2020-07-11,Saturday,03:34,Harrow,E09000015,5,0,6,30.0,6,4,6,0,,,4,1,1,0,0,1,1,E01002136,3,1,07/11/2020,07/11/2020,1,9,0,18,,6,0,0,0,0,,,6,Female,24,21 - 25,1332,1,0,4,1,,1,1,2,2,17,4,3,0,0,2,0,0,9,1,6,2020.0,010278143,E09000015,0.0,0.0,2.0,2020.0,010278143,6.0,2.0,0.0,1.0,1.0,MERCEDES CLA CLASS,2020.0,010278143,2020,7,2,3