,accident_index,location_easting_osgr,location_northing_osgr,longitude,latitude,police_force,accident_severity,number_of_vehicles,number_of_casualties,date,day_of_week,time,local_authority_district,local_authority_highway,first_road_class,first_road_number,road_type,speed_limit,junction_detail,junction_control,second_road_class,second_road_number,pedestrian_crossing-human_control,pedestrian_crossing-physical_facilities,light_conditions,weather_conditions,road_surface_conditions,special_conditions_at_site,carriageway_hazards,urban_or_rural_area,did_police_officer_attend_scene_of_accident,lsoa_of_accident_location,accident_severity_num,accident_severity_inv,date2,date_original,vehicle_reference_x,vehicle_type,towing_and_articulation,vehicle_manoeuvre,vehicle_location-restricted_lane,junction_location,skidding_and_overturning,hit_object_in_carriageway,vehicle_leaving_carriageway,hit_object_off_carriageway,1st_point_of_impact,was_vehicle_left_hand_drive?,journey_purpose_of_driver,sex_of_driver,age_of_driver,age_band_of_driver,engine_capacity_cc,propulsion_code,age_of_vehicle,driver_imd_decile,driver_home_area_type,vehicle_imd_decile,vehicle_reference_y,casualty_reference,casualty_class,sex_of_casualty,age_of_casualty,age_band_of_casualty,casualty_severity,pedestrian_location,pedestrian_movement,car_passenger,bus_or_coach_passenger,pedestrian_road_maintenance_worker,casualty_type,casualty_home_area_type,casualty_imd_decile,accident_year_x,accident_reference_x,local_authority_ons_district,pedestrian_crossing_human_control,pedestrian_crossing_physical_facilities,trunk_road_flag,accident_year_y,accident_reference_y,vehicle_direction_from,vehicle_direction_to,vehicle_location_restricted_lane,first_point_of_impact,vehicle_left_hand_drive,generic_make_model,accident_year,accident_reference,year,month,severity,hours
529805,2020010278145,536804.0,184495.0,-0.028611,51.54278,1,Slight,2,1,2020-06-11,Thursday,23:00,Hackney,E09000012,3,12,3,40.0,0,-1,6,0,,,7,1,1,0,0,1,3,E01001849,3,1,06/11/2020,06/11/2020,1,9,0,99,,0,9,99,9,99,,,6,Male,31,26 - 35,1950,2,3,1,1,,1,1,1,1,31,6,3,0,0,0,0,0,9,1,1,2020.0,010278145,E09000012,0.0,0.0,2.0,2020.0,010278145,9.0,9.0,99.0,2.0,9.0,MERCEDES E CLASS,2020.0,010278145,2020,6,1,23
529816,2020010278182,538309.0,180653.0,-0.00843,51.507889,1,Slight,2,1,2020-06-11,Thursday,23:20,Tower Hamlets,E09000030,3,1206,9,20.0,6,2,3,1261,,,4,1,1,0,0,1,3,E01004219,3,1,06/11/2020,06/11/2020,1,9,0,99,,9,9,99,9,99,,,6,Male,25,21 - 25,1968,2,5,2,1,,1,1,1,1,25,5,3,0,0,0,0,0,9,1,2,2020.0,010278182,E09000030,0.0,5.0,2.0,2020.0,010278182,9.0,9.0,0.0,9.0,1.0,VOLKSWAGEN GOLF,2020.0,010278182,2020,6,1,23
529831,2020010278228,544655.0,175226.0,0.080726,51.457536,1,Slight,2,1,2020-07-11,Saturday,18:25,Greenwich,E09000011,3,2,3,40.0,0,-1,6,0,,,4,9,1,4,0,1,3,E01001614,3,1,07/11/2020,07/11/2020,1,9,0,99,,0,9,99,9,99,,,6,Male,30,26 - 35,1598,2,3,9,1,,1,1,1,1,30,6,3,0,0,0,0,0,9,1,9,2020.0,010278228,E09000011,0.0,0.0,2.0,2020.0,010278228,9.0,9.0,99.0,2.0,9.0,VAUXHALL ASTRA,2020.0,010278228,2020,7,1,18
529845,2020010278261,539031.0,184436.0,0.003458,51.541707,1,Slight,1,1,2020-07-11,Saturday,19:32,Newham,E09000025,3,11,6,20.0,0,-1,6,0,,,4,1,1,0,0,1,1,E01003619,3,1,07/11/2020,07/11/2020,1,9,0,18,,0,0,0,0,0,,,6,Male,34,26 - 35,1398,1,8,2,1,,1,1,3,1,33,6,3,4,3,0,0,0,0,1,4,2020.0,010278261,E09000025,0.0,5.0,2.0,2020.0,010278261,3.0,7.0,0.0,1.0,1.0,VAUXHALL ASTRA,2020.0,010278261,2020,7,1,19
529850,2020010278268,540229.0,191642.0,0.023595,51.606161,1,Serious,2,1,2020-07-11,Saturday,21:40,Redbridge,E09000026,6,0,6,30.0,0,-1,6,0,,,4,7,2,0,0,1,1,E01003750,2,2,07/11/2020,07/11/2020,1,9,0,18,,0,5,10,0,0,,,6,Male,25,21 - 25,1598,1,11,5,1,,1,1,1,1,25,5,2,0,0,0,0,0,9,1,5,2020.0,010278268,E09000026,0.0,0.0,2.0,2020.0,010278268,3.0,7.0,0.0,1.0,1.0,TOYOTA AURIS,2020.0,010278268,2020,7,2,21
529851,2020010278270,537792.0,183119.0,-0.014911,51.530176,1,Slight,1,1,2020-07-11,Saturday,02:30,Tower Hamlets,E09000030,3,12,3,40.0,0,-1,6,0,,,4,1,1,0,0,1,1,E01032764,3,1,07/11/2020,07/11/2020,1,9,0,18,,0,0,10,0,0,,,6,Male,34,26 - 35,1796,2,7,9,1,,1,1,1,1,34,6,3,0,0,0,0,0,9,1,9,2020.0,010278270,E09000030,0.0,0.0,2.0,2020.0,010278270,1.0,5.0,0.0,1.0,1.0,MERCEDES A CLASS,2020.0,010278270,2020,7,1,2
529854,2020010278279,550084.0,189256.0,0.16478,51.582186,1,Slight,2,1,2020-07-11,Saturday,22:50,Havering,E09000016,5,0,6,30.0,3,4,6,0,,,4,1,1,0,0,1,1,E01002329,3,1,07/11/2020,07/11/2020,1,3,0,18,,1,0,0,0,0,,,6,Male,29,26 - 35,125,1,6,-1,-1,,1,1,1,1,29,6,3,0,0,0,0,0,3,-1,-1,2020.0,010278279,E09000016,0.0,4.0,2.0,2020.0,010278279,5.0,1.0,0.0,1.0,1.0,-1,2020.0,010278279,2020,7,1,22
529855,2020010278280,523503.0,181922.0,-0.221216,51.522721,1,Slight,1,1,2020-08-11,Tuesday,00:51,Kensington and Chelsea,E09000020,5,0,6,20.0,3,4,6,0,,,4,7,2,0,0,1,1,E01002906,3,1,08/11/2020,08/11/2020,1,3,0,16,,1,1,0,0,0,,,1,Male,24,21 - 25,108,1,3,5,1,,1,1,1,1,24,5,3,0,0,0,0,0,3,1,5,2020.0,010278280,E09000020,0.0,8.0,2.0,2020.0,010278280,3.0,7.0,0.0,0.0,1.0,HONDA NSC110MP,2020.0,010278280,2020,8,1,0
529856,2020010278282,540320.0,180259.0,0.020371,51.503853,1,Slight,2,1,2020-08-11,Tuesday,01:10,Newham,E09000025,3,1011,3,30.0,3,2,3,1011,,,4,8,1,0,0,1,1,E01033577,3,1,08/11/2020,08/11/2020,1,9,0,18,,2,0,0,0,0,,,6,Male,20,16 - 20,1390,1,15,2,1,,2,1,1,1,27,6,3,0,0,0,0,0,9,1,2,2020.0,010278282,E09000025,0.0,0.0,2.0,2020.0,010278282,8.0,4.0,0.0,1.0,1.0,VOLKSWAGEN GOLF,2020.0,010278282,2020,8,1,1
529858,2020010278289,541675.0,168772.0,0.035283,51.400294,1,Slight,2,2,2020-08-11,Tuesday,05:51,Bromley,E09000006,4,265,6,30.0,9,4,6,0,,,7,1,2,0,0,1,1,E01000648,3,1,08/11/2020,08/11/2020,1,9,0,18,,1,0,0,0,0,,,2,Male,22,21 - 25,998,1,1,3,1,,1,1,1,1,22,5,3,0,0,0,0,0,9,1,3,2020.0,010278289,E09000006,0.0,0.0,2.0,2020.0,010278289,5.0,1.0,0.0,1.0,1.0,FORD FIESTA,2020.0,010278289,2020,8,2,5
529864,2020010278312,524753.0,170646.0,-0.207185,51.421106,1,Slight,2,1,2020-07-11,Saturday,21:00,Merton,E09000024,3,219,1,30.0,0,-1,6,0,,,4,1,1,9,0,1,3,E01003400,3,1,07/11/2020,07/11/2020,1,3,0,99,,0,9,99,9,99,,,6,Male,25,21 - 25,125,1,0,2,1,,1,1,1,1,25,5,3,0,0,0,0,0,3,1,2,2020.0,010278312,E09000024,0.0,1.0,2.0,2020.0,010278312,9.0,9.0,99.0,1.0,1.0,HONDA SH 125,2020.0,010278312,2020,7,1,21
529876,2020010278354,521453.0,189510.0,-0.24813,51.591362,1,Slight,2,1,2020-08-11,Tuesday,19:45,Barnet,E09000003,3,5150,1,30.0,1,4,6,0,,,4,1,2,0,0,1,1,E01033572,3,1,08/11/2020,08/11/2020,1,90,0,18,,4,2,0,0,0,,,6,Male,34,26 - 35,-1,-1,-1,5,1,,1,1,1,1,34,6,3,0,0,0,0,0,90,1,5,2020.0,010278354,E09000003,0.0,0.0,2.0,2020.0,010278354,7.0,3.0,0.0,1.0,1.0,-1,2020.0,010278354,2020,8,1,19
529882,2020010278370,522976.0,187472.0,-0.226869,51.572716,1,Slight,2,1,2020-08-11,Tuesday,19:45,Barnet,E09000003,3,406,9,30.0,1,2,1,1,,,7,1,2,0,0,1,3,E01000221,3,1,08/11/2020,08/11/2020,1,9,0,99,,9,9,99,9,99,,,6,Female,21,21 - 25,1598,2,7,2,1,,1,1,1,2,21,5,3,0,0,0,0,0,9,1,2,2020.0,010278370,E09000003,0.0,9.0,2.0,2020.0,010278370,9.0,9.0,99.0,3.0,9.0,AUDI A3,2020.0,010278370,2020,8,1,19
529884,2020010278378,531337.0,186678.0,-0.106587,51.563696,1,Slight,2,2,2020-03-11,Wednesday,23:00,Islington,E09000019,3,503,6,30.0,99,9,6,0,,,7,1,1,0,0,1,3,E01002734,3,1,03/11/2020,03/11/2020,1,9,0,99,,9,9,99,9,99,,,6,Female,35,26 - 35,1364,1,3,2,1,,1,1,1,2,35,6,3,0,0,0,0,0,9,1,2,2020.0,010278378,E09000019,0.0,9.0,2.0,2020.0,010278378,9.0,9.0,99.0,2.0,9.0,VAUXHALL MOKKA,2020.0,010278378,2020,3,2,23
529886,2020010278381,523558.0,178044.0,-0.221782,51.487857,1,Slight,1,1,2020-09-11,Friday,02:12,Hammersmith and Fulham,E09000013,6,0,6,30.0,9,2,3,219,,,4,1,2,0,0,1,1,E01001890,3,1,09/11/2020,09/11/2020,1,9,0,18,,2,0,0,7,11,,,6,Male,21,21 - 25,1598,1,14,3,1,,1,1,1,1,21,5,3,0,0,0,0,0,9,1,3,2020.0,010278381,E09000013,0.0,0.0,2.0,2020.0,010278381,7.0,3.0,0.0,1.0,1.0,TOYOTA COROLLA,2020.0,010278381,2020,9,1,2
529887,2020010278389,528644.0,176285.0,-0.149207,51.470916,1,Slight,2,1,2020-03-10,Tuesday,20:55,Wandsworth,E09000032,3,3216,6,20.0,3,4,6,0,,,4,2,2,0,0,1,3,E01004564,3,1,03/10/2020,03/10/2020,1,2,0,18,,9,1,0,0,0,,,6,Male,19,16 - 20,108,1,6,3,1,,1,1,1,1,19,4,3,0,0,0,0,0,2,1,3,2020.0,010278389,E09000032,9.0,9.0,2.0,2020.0,010278389,5.0,1.0,0.0,3.0,1.0,HONDA NSC110E,2020.0,010278389,2020,3,1,20
529892,2020010278401,522141.0,183052.0,-0.240446,51.533173,1,Slight,2,1,2020-07-11,Saturday,04:00,Brent,E09000005,3,404,6,20.0,3,2,6,0,,,7,1,9,0,0,1,3,E01000535,3,1,07/11/2020,07/11/2020,1,3,0,99,,9,9,99,9,99,,,6,Male,28,26 - 35,125,1,4,2,1,,1,1,1,1,28,6,3,0,0,0,0,0,3,1,2,2020.0,010278401,E09000005,0.0,5.0,2.0,2020.0,010278401,9.0,9.0,99.0,9.0,1.0,HONDA SH 125 AD,2020.0,010278401,2020,7,1,4
529905,2020010278438,542314.0,184375.0,0.050742,51.54034,1,Slight,2,1,2020-07-11,Saturday,18:45,Newham,E09000025,3,117,6,30.0,99,2,4,165,,,7,1,1,0,0,1,3,E01003531,3,1,07/11/2020,07/11/2020,1,3,0,99,,9,9,99,9,99,,,6,Male,31,26 - 35,108,1,4,3,1,,1,1,1,1,31,6,3,0,0,0,0,0,3,1,3,2020.0,010278438,E09000025,9.0,5.0,2.0,2020.0,010278438,9.0,9.0,99.0,9.0,1.0,HONDA NSC110E,2020.0,010278438,2020,7,1,18
529914,2020010278468,532545.0,176507.0,-0.092992,51.472011,1,Slight,2,3,2020-07-11,Saturday,20:35,Southwark,E09000028,3,215,7,30.0,6,2,3,2217,,,1,1,1,0,0,1,3,E01003913,3,1,07/11/2020,07/11/2020,1,9,0,99,,1,9,99,9,99,,,6,Female,33,26 - 35,1597,1,11,1,1,,1,1,1,2,33,6,3,0,0,0,0,0,9,1,1,2020.0,010278468,E09000028,9.0,5.0,2.0,2020.0,010278468,9.0,9.0,99.0,9.0,9.0,MERCEDES C CLASS,2020.0,010278468,2020,7,3,20
529933,2020010278535,529950.0,178293.0,-0.129677,51.488663,1,Slight,2,1,2020-09-11,Friday,18:10,Westminster,E09000033,3,3212,6,20.0,6,2,3,202,,,4,2,2,0,0,1,1,E01004737,3,1,09/11/2020,09/11/2020,1,9,0,9,,2,0,0,0,0,,,2,Male,28,26 - 35,1998,1,12,4,1,,2,1,1,1,39,7,3,0,0,0,0,0,1,-1,-1,2020.0,010278535,E09000033,0.0,0.0,2.0,2020.0,010278535,7.0,5.0,0.0,3.0,1.0,TOYOTA RAV4,2020.0,010278535,2020,9,1,18
529936,2020010278541,512631.0,184080.0,-0.377166,51.544387,1,Slight,2,1,2020-09-11,Friday,18:24,Ealing,E09000009,6,0,1,30.0,1,2,6,0,,,1,2,1,0,0,1,3,E01001321,3,1,09/11/2020,09/11/2020,1,9,0,99,,9,9,99,9,99,,,6,Female,29,26 - 35,1198,1,13,8,1,,1,1,1,2,29,6,3,0,0,0,0,0,9,1,8,2020.0,010278541,E09000009,9.0,9.0,2.0,2020.0,010278541,9.0,9.0,99.0,2.0,9.0,VOLKSWAGEN POLO,2020.0,010278541,2020,9,1,18
529939,2020010278551,537421.0,181954.0,-0.020711,51.519797,1,Slight,2,1,2020-09-11,Friday,18:55,Tower Hamlets,E09000030,4,140,6,20.0,3,4,6,0,,,7,2,2,0,0,1,3,E01004242,3,1,09/11/2020,09/11/2020,1,5,0,99,,9,9,99,9,99,,,6,Male,21,21 - 25,689,1,1,2,1,,1,1,1,1,21,5,3,0,0,0,0,0,5,1,2,2020.0,010278551,E09000030,0.0,1.0,2.0,2020.0,010278551,9.0,9.0,99.0,9.0,1.0,YAMAHA MT07,2020.0,010278551,2020,9,1,18
529941,2020010278554,531639.0,168889.0,-0.108858,51.403761,1,Serious,2,1,2020-09-11,Friday,20:20,Croydon,E09000008,5,0,6,20.0,0,-1,6,0,,,4,1,2,0,0,1,1,E01000994,2,2,09/11/2020,09/11/2020,1,9,0,18,,0,0,0,0,0,,,6,Male,23,21 - 25,-1,-1,-1,3,1,,2,1,1,1,23,5,2,0,0,0,0,0,3,-1,-1,2020.0,010278554,E09000008,0.0,0.0,2.0,2020.0,010278554,1.0,5.0,0.0,1.0,1.0,-1,2020.0,010278554,2020,9,2,20
529949,2020010278575,523547.0,187918.0,-0.218477,51.5766,1,Slight,1,1,2020-09-11,Friday,22:30,Barnet,E09000003,3,41,1,40.0,1,4,3,406,,,4,2,2,0,0,1,1,E01000221,3,1,09/11/2020,09/11/2020,1,9,0,16,,3,5,0,0,0,,,6,Male,19,16 - 20,-1,-1,-1,6,1,,1,1,1,1,19,4,3,0,0,0,0,0,9,1,6,2020.0,010278575,E09000003,0.0,0.0,2.0,2020.0,010278575,5.0,1.0,0.0,1.0,1.0,-1,2020.0,010278575,2020,9,1,22
529959,2020010278604,510444.0,181137.0,-0.409613,51.518367,1,Serious,1,1,2020-05-11,Monday,19:20,Hillingdon,E09000017,3,4020,3,40.0,0,-1,6,0,,,4,9,9,0,0,1,3,E01002508,2,2,05/11/2020,05/11/2020,1,9,0,1,,0,9,0,0,0,,,6,Male,34,26 - 35,1995,2,4,-1,-1,,1,1,3,1,44,7,2,1,1,0,0,0,0,1,2,2020.0,010278604,E09000017,0.0,4.0,2.0,2020.0,010278604,7.0,3.0,0.0,1.0,9.0,BMW 5 SERIES,2020.0,010278604,2020,5,2,19
529960,2020010278607,528935.0,174501.0,-0.14567,51.454817,1,Slight,2,1,2020-08-11,Tuesday,19:45,Lambeth,E09000022,3,24,9,30.0,0,-1,6,0,,,7,2,2,0,0,1,3,E01003030,3,1,08/11/2020,08/11/2020,1,3,0,99,,0,9,99,9,99,,,6,Male,22,21 - 25,125,1,0,5,1,,1,1,1,1,22,5,3,0,0,0,0,0,3,1,5,2020.0,010278607,E09000022,9.0,9.0,2.0,2020.0,010278607,9.0,9.0,99.0,2.0,1.0,YAMAHA GPD 125,2020.0,010278607,2020,8,1,19
530007,2020010278713,521887.0,180109.0,-0.245124,51.506778,1,Slight,2,1,2020-10-28,Wednesday,19:20,Hammersmith and Fulham,E09000009,3,4020,6,30.0,6,2,5,0,,,4,1,1,0,0,1,3,E01001243,3,1,28/10/2020,28/10/2020,1,9,0,99,,9,9,99,9,99,,,6,Male,21,21 - 25,1600,1,14,9,1,,1,1,1,1,21,5,3,0,0,0,0,0,9,1,9,2020.0,010278713,E09000009,9.0,9.0,2.0,2020.0,010278713,9.0,9.0,99.0,1.0,9.0,VOLKSWAGEN GOLF,2020.0,010278713,2020,10,1,19
530012,2020010278725,539876.0,187990.0,0.017047,51.573434,1,Slight,2,2,2020-10-11,Sunday,19:40,Waltham Forest,E09000026,3,11,3,30.0,1,2,3,12,,,4,1,1,0,0,1,1,E01003778,3,1,10/11/2020,10/11/2020,1,9,0,4,,1,1,4,0,0,,,6,Male,34,26 - 35,1995,1,12,3,1,,1,1,1,1,34,6,3,0,0,0,0,0,9,1,3,2020.0,010278725,E09000026,0.0,5.0,2.0,2020.0,010278725,1.0,5.0,0.0,1.0,1.0,BMW 3 SERIES,2020.0,010278725,2020,10,2,19
530014,2020010278729,531457.0,184870.0,-0.105532,51.547421,1,Slight,2,1,2020-10-11,Sunday,18:45,Islington,E09000019,3,1,6,20.0,3,4,6,0,,,4,1,1,0,0,1,3,E01002795,3,1,10/11/2020,10/11/2020,1,3,0,99,,9,9,99,9,99,,,2,Male,25,21 - 25,-1,-1,-1,6,1,,1,1,1,1,25,5,3,0,0,0,0,0,3,1,6,2020.0,010278729,E09000019,0.0,9.0,2.0,2020.0,010278729,9.0,9.0,99.0,2.0,1.0,-1,2020.0,010278729,2020,10,1,18
530017,2020010278737,539895.0,183418.0,0.015505,51.532346,1,Slight,2,1,2020-10-11,Sunday,18:22,Newham,E09000025,3,112,3,30.0,3,4,6,0,,,4,1,1,0,0,1,1,E01003630,3,1,10/11/2020,10/11/2020,1,4,0,18,,6,0,0,0,0,,,6,Male,20,16 - 20,292,1,1,4,1,,1,1,1,1,20,4,3,0,0,0,0,0,4,1,4,2020.0,010278737,E09000025,0.0,0.0,2.0,2020.0,010278737,3.0,7.0,0.0,1.0,1.0,YAMAHA X-MAX 300,2020.0,010278737,2020,10,1,18
530021,2020010278746,534490.0,181768.0,-0.063001,51.51883,1,Slight,2,1,2020-10-28,Wednesday,20:57,Tower Hamlets,E09000030,4,108,9,20.0,99,2,3,11,,,7,1,1,0,0,1,3,E01004309,3,1,28/10/2020,28/10/2020,1,9,0,99,,1,0,0,0,0,,,6,Female,30,26 - 35,-1,-1,-1,3,1,,1,1,2,1,35,6,3,0,0,1,0,0,9,1,2,2020.0,010278746,E09000030,0.0,5.0,2.0,2020.0,010278746,9.0,9.0,0.0,2.0,1.0,-1,2020.0,010278746,2020,10,1,20
530023,2020010278752,518625.0,180549.0,-0.291956,51.511426,1,Slight,2,1,2020-10-11,Sunday,21:16,Ealing,E09000009,3,406,6,30.0,6,2,3,4020,,,7,1,1,0,0,1,3,E01001234,3,1,10/11/2020,10/11/2020,1,9,0,99,,9,9,99,9,99,,,6,Female,32,26 - 35,1968,2,12,1,1,,1,1,1,2,32,6,3,0,0,0,0,0,9,1,1,2020.0,010278752,E09000009,9.0,5.0,2.0,2020.0,010278752,9.0,9.0,99.0,2.0,9.0,AUDI A4,2020.0,010278752,2020,10,1,21
530030,2020010278770,545472.0,187067.0,0.097358,51.563725,1,Slight,2,1,2020-11-11,Wednesday,00:26,Redbridge,E09000026,3,118,6,30.0,3,4,5,0,,,4,1,1,0,0,1,1,E01003714,3,1,11/11/2020,11/11/2020,1,9,0,18,,1,0,0,0,0,,,6,Male,31,26 - 35,2993,2,1,2,1,,2,1,1,1,23,5,3,0,0,0,0,0,9,-1,-1,2020.0,010278770,E09000026,0.0,4.0,2.0,2020.0,010278770,5.0,1.0,1.0,1.0,1.0,BMW X5,2020.0,010278770,2020,11,1,0
530032,2020010278773,510542.0,174353.0,-0.410323,51.457372,1,Serious,2,1,2020-11-11,Wednesday,00:35,Hounslow,E09000018,3,315,3,30.0,6,2,3,312,,,4,1,2,0,0,1,1,E01002593,2,2,11/11/2020,11/11/2020,1,3,0,18,,8,0,0,0,0,,,2,Male,26,26 - 35,125,1,1,3,1,,1,1,1,1,26,6,2,0,0,0,0,0,3,1,3,2020.0,010278773,E09000018,0.0,5.0,2.0,2020.0,010278773,5.0,1.0,0.0,3.0,1.0,HONDA WW125,2020.0,010278773,2020,11,2,0
530033,2020010278775,526445.0,177483.0,-0.180423,51.482177,1,Slight,1,1,2020-10-11,Sunday,22:30,Kensington and Chelsea,E09000020,3,3217,3,30.0,5,3,6,0,,,4,1,1,0,0,1,1,E01002913,3,1,10/11/2020,10/11/2020,1,9,0,18,,8,0,7,0,0,,,6,Male,22,21 - 25,2967,2,4,7,1,,1,1,1,1,22,5,3,0,0,0,0,0,9,1,7,2020.0,010278775,E09000020,0.0,0.0,2.0,2020.0,010278775,3.0,7.0,9.0,1.0,1.0,AUDI A7,2020.0,010278775,2020,10,1,22
530042,2020010278810,513481.0,175553.0,-0.367654,51.467577,1,Slight,2,1,2020-10-11,Sunday,20:40,Hounslow,E09000018,3,315,6,30.0,0,-1,6,0,,,7,1,2,0,0,1,3,E01002662,3,1,10/11/2020,10/11/2020,1,9,0,99,,0,9,0,0,0,,,6,Male,20,16 - 20,1390,1,9,5,1,,1,1,1,1,20,4,3,0,0,0,0,0,9,1,5,2020.0,010278810,E09000018,9.0,9.0,2.0,2020.0,010278810,9.0,9.0,0.0,2.0,1.0,VOLKSWAGEN POLO,2020.0,010278810,2020,10,1,20
530043,2020010278814,539433.0,173727.0,0.005023,51.445375,1,Slight,2,1,2020-03-11,Wednesday,18:30,Lewisham,E09000023,3,205,3,30.0,3,4,3,205,,,1,1,1,0,9,1,3,E01003295,3,1,03/11/2020,03/11/2020,1,9,4,99,,9,9,99,9,99,,,6,Male,34,26 - 35,1598,1,6,2,1,,1,1,1,1,34,6,3,0,0,0,0,0,9,1,2,2020.0,010278814,E09000023,9.0,0.0,2.0,2020.0,010278814,9.0,9.0,99.0,9.0,9.0,NISSAN JUKE,2020.0,010278814,2020,3,1,18
530044,2020010278817,536654.0,182932.0,-0.031379,51.528771,1,Slight,2,1,2020-09-11,Friday,21:37,Tower Hamlets,E09000030,6,0,9,20.0,6,4,6,0,,,7,8,1,9,0,1,3,E01004229,3,1,09/11/2020,09/11/2020,1,3,0,99,,9,9,99,9,99,,,6,Male,31,26 - 35,125,1,7,2,1,,1,1,1,1,31,6,3,0,0,0,0,0,3,1,2,2020.0,010278817,E09000030,0.0,9.0,2.0,2020.0,010278817,9.0,9.0,99.0,9.0,1.0,HONDA PES 125,2020.0,010278817,2020,9,1,21
530053,2020010278847,531311.0,173014.0,-0.112044,51.440908,1,Slight,2,1,2020-05-11,Monday,18:50,Lambeth,E09000022,3,205,3,20.0,99,9,6,0,,,4,1,2,0,0,1,3,E01003133,3,1,05/11/2020,05/11/2020,1,3,0,99,,9,9,99,9,99,,,6,Male,28,26 - 35,108,1,1,5,1,,1,1,1,1,28,6,3,0,0,0,0,0,3,1,5,2020.0,010278847,E09000022,0.0,9.0,2.0,2020.0,010278847,9.0,9.0,99.0,1.0,1.0,HONDA NSC110MP,2020.0,010278847,2020,5,1,18
530072,2020010278891,523800.0,185736.0,-0.215597,51.556934,1,Slight,2,1,2020-10-11,Sunday,18:00,Brent,E09000005,3,5,9,30.0,99,4,3,407,,,7,1,2,0,0,1,3,E01000556,3,1,10/11/2020,10/11/2020,1,3,0,99,,9,9,99,9,99,,,6,Male,25,21 - 25,124,1,8,3,1,,1,1,1,1,25,5,3,0,0,0,0,0,3,1,3,2020.0,010278891,E09000005,9.0,9.0,2.0,2020.0,010278891,9.0,9.0,99.0,1.0,1.0,YAMAHA YP 125,2020.0,010278891,2020,10,1,18
530078,2020010278901,539393.0,173719.0,0.004444,51.445313,1,Slight,2,1,2020-11-11,Wednesday,18:34,Lewisham,E09000023,3,205,6,30.0,99,2,5,0,,,7,1,1,0,0,1,3,E01003295,3,1,11/11/2020,11/11/2020,1,9,0,99,,9,9,99,9,99,,,6,Male,29,26 - 35,1595,1,3,2,1,,1,1,1,1,29,6,3,0,0,0,0,0,9,1,2,2020.0,010278901,E09000023,9.0,5.0,2.0,2020.0,010278901,9.0,9.0,0.0,9.0,9.0,MERCEDES CLA CLASS,2020.0,010278901,2020,11,1,18
530082,2020010278917,519779.0,175853.0,-0.276926,51.468977,1,Slight,2,1,2020-11-11,Wednesday,19:39,Richmond upon Thames,E09000027,3,316,3,30.0,3,2,3,205,,,4,1,1,0,0,1,3,E01003865,3,1,11/11/2020,11/11/2020,1,9,0,99,,8,0,0,0,0,,,6,Female,22,21 - 25,1598,1,10,4,1,,1,1,1,2,22,5,3,0,0,0,0,0,9,1,4,2020.0,010278917,E09000027,2.0,5.0,2.0,2020.0,010278917,9.0,9.0,0.0,3.0,1.0,VAUXHALL ASTRA,2020.0,010278917,2020,11,1,19
530085,2020010278925,534864.0,183301.0,-0.057027,51.532517,1,Slight,2,3,2020-11-11,Wednesday,21:23,Tower Hamlets,E09000030,3,107,3,20.0,7,2,4,127,,,4,2,2,0,0,1,1,E01004197,3,1,11/11/2020,11/11/2020,1,9,0,18,,8,0,0,0,0,,,6,Male,27,26 - 35,1796,1,13,1,1,,1,1,1,1,27,6,3,0,0,0,0,0,9,1,1,2020.0,010278925,E09000030,0.0,5.0,2.0,2020.0,010278925,3.0,7.0,0.0,1.0,1.0,VAUXHALL ASTRA,2020.0,010278925,2020,11,3,21
530088,2020010278936,544166.0,183893.0,0.077231,51.53554,1,Slight,2,1,2020-11-11,Wednesday,18:10,Barking and Dagenham,E09000002,6,0,6,30.0,3,4,6,0,,,4,9,9,0,0,1,3,E01000010,3,1,11/11/2020,11/11/2020,1,3,0,99,,9,9,99,9,99,,,2,Male,25,21 - 25,108,1,1,2,1,,1,1,1,1,25,5,3,0,0,0,0,0,3,1,2,2020.0,010278936,E09000002,0.0,1.0,2.0,2020.0,010278936,9.0,9.0,99.0,1.0,1.0,HONDA NSC 110,2020.0,010278936,2020,11,1,18
530089,2020010278937,527484.0,177232.0,-0.165559,51.479689,1,Slight,2,1,2020-11-11,Wednesday,22:15,Wandsworth,E09000032,3,3031,6,20.0,3,4,5,0,,,4,2,2,0,0,1,1,E01004582,3,1,11/11/2020,11/11/2020,1,9,0,18,,1,0,0,0,0,,,6,Male,35,26 - 35,1339,1,12,-1,-1,,2,1,1,1,27,6,3,0,0,0,0,0,1,1,1,2020.0,010278937,E09000032,0.0,1.0,2.0,2020.0,010278937,1.0,5.0,0.0,1.0,1.0,HONDA JAZZ,2020.0,010278937,2020,11,1,22
530112,2020010278995,534681.0,167370.0,-0.065727,51.389397,1,Slight,2,1,2020-11-11,Wednesday,19:57,Croydon,E09000008,3,215,9,30.0,3,2,4,243,,,4,1,1,0,9,1,3,E01001185,3,1,11/11/2020,11/11/2020,1,3,0,99,,9,9,99,9,99,,,6,Male,31,26 - 35,124,1,11,4,1,,1,1,1,1,31,6,3,0,0,0,0,0,3,1,4,2020.0,010278995,E09000008,9.0,9.0,2.0,2020.0,010278995,9.0,9.0,99.0,9.0,1.0,YAMAHA XC 125,2020.0,010278995,2020,11,1,19