,accident_index,location_easting_osgr,location_northing_osgr,longitude,latitude,police_force,accident_severity,number_of_vehicles,number_of_casualties,date,day_of_week,time,local_authority_district,local_authority_highway,first_road_class,first_road_number,road_type,speed_limit,junction_detail,junction_control,second_road_class,second_road_number,pedestrian_crossing-human_control,pedestrian_crossing-physical_facilities,light_conditions,weather_conditions,road_surface_conditions,special_conditions_at_site,carriageway_hazards,urban_or_rural_area,did_police_officer_attend_scene_of_accident,lsoa_of_accident_location,accident_severity_num,accident_severity_inv,date2,date_original,vehicle_reference_x,vehicle_type,towing_and_articulation,vehicle_manoeuvre,vehicle_location-restricted_lane,junction_location,skidding_and_overturning,hit_object_in_carriageway,vehicle_leaving_carriageway,hit_object_off_carriageway,1st_point_of_impact,was_vehicle_left_hand_drive?,journey_purpose_of_driver,sex_of_driver,age_of_driver,age_band_of_driver,engine_capacity_cc,propulsion_code,age_of_vehicle,driver_imd_decile,driver_home_area_type,vehicle_imd_decile,vehicle_reference_y,casualty_reference,casualty_class,sex_of_casualty,age_of_casualty,age_band_of_casualty,casualty_severity,pedestrian_location,pedestrian_movement,car_passenger,bus_or_coach_passenger,pedestrian_road_maintenance_worker,casualty_type,casualty_home_area_type,casualty_imd_decile,accident_year_x,accident_reference_x,local_authority_ons_district,pedestrian_crossing_human_control,pedestrian_crossing_physical_facilities,trunk_road_flag,accident_year_y,accident_reference_y,vehicle_direction_from,vehicle_direction_to,vehicle_location_restricted_lane,first_point_of_impact,vehicle_left_hand_drive,generic_make_model,accident_year,accident_reference,year,month,severity,hours
530132,2020010279066,542693.0,188955.0,0.05806,51.581399,1,Slight,2,1,2020-12-11,Friday,18:05,Redbridge,E09000026,4,192,1,30.0,1,4,5,0,,,4,1,1,0,0,1,1,E01003646,3,1,12/11/2020,12/11/2020,1,3,0,5,,4,5,0,0,0,,,1,Male,26,26 - 35,125,1,5,4,1,,1,1,1,1,26,6,3,0,0,0,0,0,3,1,4,2020.0,010279066,E09000026,0.0,8.0,2.0,2020.0,010279066,4.0,8.0,0.0,2.0,1.0,HONDA SH125,2020.0,010279066,2020,12,1,18
530139,2020010279090,529328.0,171829.0,-0.140992,51.430714,1,Slight,2,1,2020-12-11,Friday,18:10,Wandsworth,E09000032,3,214,9,30.0,99,9,6,0,,,7,1,1,0,0,1,3,E01004483,3,1,12/11/2020,12/11/2020,1,9,0,99,,9,9,99,9,99,,,2,Male,34,26 - 35,2993,2,4,4,1,,1,1,1,1,34,6,3,0,0,0,0,0,9,1,4,2020.0,010279090,E09000032,9.0,9.0,2.0,2020.0,010279090,9.0,9.0,99.0,2.0,9.0,BMW 7 SERIES,2020.0,010279090,2020,12,1,18
530144,2020010279119,540337.0,183910.0,0.022069,51.536657,1,Slight,2,2,2020-11-13,Friday,00:02,Newham,E09000025,3,114,6,30.0,6,2,4,165,,,4,1,2,0,0,1,1,E01003596,3,1,13/11/2020,13/11/2020,1,9,0,3,,1,0,0,0,0,,,6,Male,18,16 - 20,1984,1,3,1,1,,1,1,2,1,18,4,3,0,0,1,0,0,9,1,4,2020.0,010279119,E09000025,0.0,4.0,2.0,2020.0,010279119,5.0,1.0,0.0,2.0,1.0,VOLKSWAGEN GOLF,2020.0,010279119,2020,11,2,0
530154,2020010279139,531220.0,168977.0,-0.114846,51.404649,1,Slight,2,1,2020-10-11,Sunday,19:30,Croydon,E09000008,6,0,2,20.0,0,-1,6,0,,,4,1,1,0,0,1,3,E01001086,3,1,10/11/2020,10/11/2020,1,3,0,99,,0,9,99,9,99,,,6,Male,32,26 - 35,125,1,0,3,1,,1,1,1,1,32,6,3,0,0,0,0,0,3,1,3,2020.0,010279139,E09000008,0.0,0.0,2.0,2020.0,010279139,9.0,9.0,99.0,1.0,1.0,HONDA SH 125,2020.0,010279139,2020,10,1,19
530193,2020010279250,538911.0,184621.0,0.001802,51.543399,1,Slight,1,1,2020-11-13,Friday,18:08,Newham,E09000025,3,11,6,20.0,9,4,6,0,,,4,1,1,0,0,1,1,E01003617,3,1,13/11/2020,13/11/2020,1,9,0,7,,1,0,0,0,0,,,6,Male,19,16 - 20,1595,1,11,5,1,,1,1,3,1,26,6,3,6,9,0,0,0,0,1,3,2020.0,010279250,E09000025,0.0,0.0,2.0,2020.0,010279250,1.0,3.0,0.0,1.0,1.0,VOLKSWAGEN GOLF,2020.0,010279250,2020,11,1,18
530194,2020010279255,518662.0,186920.0,-0.289277,51.568678,1,Slight,2,1,2020-11-13,Friday,02:20,Brent,E09000005,6,0,6,20.0,9,9,6,0,,,1,8,9,0,0,1,3,E01000576,3,1,13/11/2020,13/11/2020,1,3,0,99,,9,9,99,9,99,,,6,Male,18,16 - 20,108,1,6,7,1,,1,1,1,1,18,4,3,0,0,0,0,0,3,1,7,2020.0,010279255,E09000005,9.0,9.0,2.0,2020.0,010279255,9.0,9.0,99.0,1.0,1.0,HONDA NSC110E,2020.0,010279255,2020,11,1,2
530201,2020010279272,521732.0,185627.0,-0.24545,51.556404,1,Slight,2,1,2020-11-13,Friday,21:20,Brent,E09000005,6,0,6,30.0,6,4,3,4088,,,4,1,1,0,0,1,1,E01000511,3,1,13/11/2020,13/11/2020,1,9,0,18,,1,0,0,0,0,,,6,Female,22,21 - 25,1200,1,17,2,1,,1,1,1,2,22,5,3,0,0,0,0,0,9,1,2,2020.0,010279272,E09000005,0.0,8.0,2.0,2020.0,010279272,5.0,1.0,0.0,1.0,1.0,VOLKSWAGEN POLO,2020.0,010279272,2020,11,1,21
530204,2020010279278,534415.0,187818.0,-0.061773,51.573215,1,Slight,2,1,2020-11-11,Wednesday,18:15,Hackney,E09000012,6,0,3,20.0,99,9,6,0,,,7,8,1,0,9,1,3,E01001823,3,1,11/11/2020,11/11/2020,1,3,0,99,,9,9,99,9,99,,,6,Male,27,26 - 35,125,1,2,2,1,,1,1,1,1,27,6,3,0,0,0,0,0,3,1,2,2020.0,010279278,E09000012,9.0,0.0,2.0,2020.0,010279278,9.0,9.0,99.0,9.0,1.0,YAMAHA GPD 125,2020.0,010279278,2020,11,1,18
530207,2020010279282,534527.0,189455.0,-0.059532,51.587899,1,Slight,2,1,2020-11-13,Friday,21:25,Haringey,E09000014,6,0,7,20.0,3,4,3,503,,,7,1,1,0,0,1,3,E01002080,3,1,13/11/2020,13/11/2020,1,9,0,99,,9,9,99,9,99,,,2,Male,24,21 - 25,1968,2,0,2,1,,1,1,1,1,24,5,3,0,0,0,0,0,9,1,2,2020.0,010279282,E09000014,0.0,0.0,2.0,2020.0,010279282,9.0,9.0,99.0,1.0,9.0,AUDI A5,2020.0,010279282,2020,11,1,21
530210,2020010279297,544044.0,170753.0,0.070119,51.417499,1,Slight,1,1,2020-11-13,Friday,23:13,Bromley,E09000006,4,263,6,30.0,99,9,6,0,,,7,1,1,0,0,1,3,E01000692,3,1,13/11/2020,13/11/2020,1,9,0,99,,9,9,99,9,99,,,6,Male,22,21 - 25,1461,2,6,2,1,,1,1,1,1,22,5,3,0,0,0,0,0,9,1,2,2020.0,010279297,E09000006,0.0,0.0,2.0,2020.0,010279297,9.0,9.0,99.0,9.0,9.0,NISSAN JUKE,2020.0,010279297,2020,11,1,23
530218,2020010279327,524020.0,179672.0,-0.214559,51.502387,1,Slight,2,1,2020-11-13,Friday,18:24,Kensington and Chelsea,E09000020,5,0,9,20.0,3,4,6,0,,,4,1,1,0,0,1,3,E01002866,3,1,13/11/2020,13/11/2020,1,3,0,99,,1,9,99,9,99,,,6,Male,30,26 - 35,125,1,3,5,1,,1,1,1,1,30,6,3,0,0,0,0,0,3,1,5,2020.0,010279327,E09000020,9.0,9.0,2.0,2020.0,010279327,9.0,9.0,99.0,1.0,1.0,HONDA NSS 125 AD,2020.0,010279327,2020,11,1,18
530236,2020010279392,527464.0,171482.0,-0.167916,51.428017,1,Slight,2,1,2020-11-14,Saturday,19:02,Wandsworth,E09000032,3,24,6,30.0,7,2,3,217,,,4,2,2,0,0,1,1,E01004525,3,1,14/11/2020,14/11/2020,1,9,0,18,,1,0,0,0,0,,,1,Male,33,26 - 35,1399,1,1,7,1,,2,1,2,2,56,9,3,0,0,1,0,0,9,1,9,2020.0,010279392,E09000032,0.0,5.0,2.0,2020.0,010279392,7.0,3.0,0.0,1.0,1.0,VAUXHALL ASTRA,2020.0,010279392,2020,11,1,19
530237,2020010279402,509881.0,173187.0,-0.420194,51.447021,1,Slight,3,1,2020-11-14,Saturday,19:35,Hounslow,E09000018,6,0,6,20.0,9,4,6,0,,,4,2,2,0,0,1,1,E01002603,3,1,14/11/2020,14/11/2020,1,9,0,18,,3,0,4,0,0,,,6,Male,26,26 - 35,1400,1,20,4,1,,1,1,1,1,26,6,3,0,0,0,0,0,9,1,4,2020.0,010279402,E09000018,0.0,8.0,2.0,2020.0,010279402,3.0,7.0,0.0,1.0,1.0,VOLKSWAGEN GOLF,2020.0,010279402,2020,11,1,19
530238,2020010279404,530632.0,180845.0,-0.118915,51.51144,1,Slight,2,1,2020-11-14,Saturday,20:00,Westminster,E09000033,3,4,2,20.0,9,4,3,4,,,4,2,2,0,0,1,1,E01004735,3,1,14/11/2020,14/11/2020,1,9,0,18,,1,0,0,0,0,,,6,Male,31,26 - 35,1968,2,5,2,1,,2,1,1,1,26,6,3,0,0,0,0,0,1,1,2,2020.0,010279404,E09000033,0.0,4.0,2.0,2020.0,010279404,3.0,7.0,0.0,1.0,2.0,AUDI A6,2020.0,010279404,2020,11,1,20
530239,2020010279406,520757.0,189632.0,-0.25813,51.592607,1,Slight,1,1,2020-11-14,Saturday,19:45,Barnet,E09000005,3,5,6,30.0,3,2,6,0,,,4,8,2,0,0,1,1,E01000588,3,1,14/11/2020,14/11/2020,1,3,0,18,,1,0,0,0,0,,,1,Male,29,26 - 35,108,1,0,5,1,,1,1,3,1,23,5,3,1,1,0,0,0,0,1,6,2020.0,010279406,E09000005,0.0,4.0,2.0,2020.0,010279406,5.0,1.0,0.0,1.0,1.0,HONDA NSC 110,2020.0,010279406,2020,11,1,19
530241,2020010279410,525244.0,182017.0,-0.196101,51.523192,1,Slight,2,1,2020-11-14,Saturday,20:25,Westminster,E09000033,3,404,6,20.0,3,4,6,0,,,4,1,2,0,0,1,1,E01004755,3,1,14/11/2020,14/11/2020,1,9,0,6,,2,0,0,0,0,,,6,Male,27,26 - 35,1950,2,3,2,1,,2,1,1,1,26,6,3,0,0,0,0,0,3,1,5,2020.0,010279410,E09000033,0.0,0.0,2.0,2020.0,010279410,7.0,7.0,0.0,4.0,1.0,MERCEDES E CLASS,2020.0,010279410,2020,11,1,20
530243,2020010279414,523577.0,181177.0,-0.220411,51.51601,1,Slight,1,1,2020-11-14,Saturday,18:17,Hammersmith and Fulham,E09000020,3,40,3,40.0,1,4,3,3220,,,4,2,2,0,0,1,1,E01002877,3,1,14/11/2020,14/11/2020,1,9,0,17,,8,1,7,0,0,,,6,Female,33,26 - 35,2996,1,15,1,1,,1,1,1,2,33,6,3,0,0,0,0,0,9,1,1,2020.0,010279414,E09000020,0.0,0.0,2.0,2020.0,010279414,7.0,3.0,0.0,2.0,1.0,BMW 3 SERIES,2020.0,010279414,2020,11,1,18
530249,2020010279424,539315.0,183795.0,0.007297,51.535877,1,Slight,2,3,2020-11-14,Saturday,21:20,Newham,E09000025,3,112,6,30.0,0,-1,6,0,,,4,1,2,0,0,1,1,E01003636,3,1,14/11/2020,14/11/2020,1,9,0,6,,0,0,0,0,0,,,6,Female,22,21 - 25,1995,1,11,5,1,,1,1,2,2,21,5,3,0,0,1,0,0,9,1,2,2020.0,010279424,E09000025,0.0,1.0,2.0,2020.0,010279424,1.0,1.0,0.0,3.0,1.0,BMW 3 SERIES,2020.0,010279424,2020,11,3,21
530253,2020010279429,519264.0,192446.0,-0.278718,51.618215,1,Slight,2,1,2020-11-14,Saturday,19:40,Barnet,E09000003,6,0,6,30.0,3,4,6,0,,,7,2,9,9,0,1,3,E01000193,3,1,14/11/2020,14/11/2020,1,9,0,99,,9,9,99,9,99,,,6,Male,21,21 - 25,1242,1,8,3,1,,1,1,1,1,21,5,3,0,0,0,0,0,9,1,3,2020.0,010279429,E09000003,0.0,0.0,2.0,2020.0,010279429,9.0,9.0,99.0,9.0,9.0,FORD FIESTA,2020.0,010279429,2020,11,1,19
530255,2020010279437,512543.0,177460.0,-0.380546,51.484904,1,Slight,2,1,2020-11-14,Saturday,21:03,Hounslow,E09000018,5,0,1,20.0,1,4,5,0,,,7,2,9,0,0,1,3,E01002620,3,1,14/11/2020,14/11/2020,1,9,0,99,,9,9,99,9,99,,,6,Female,24,21 - 25,1596,1,15,6,1,,1,1,1,2,24,5,3,0,0,0,0,0,9,1,6,2020.0,010279437,E09000018,9.0,1.0,2.0,2020.0,010279437,9.0,9.0,99.0,9.0,9.0,FORD FOCUS,2020.0,010279437,2020,11,1,21
530257,2020010279445,535973.0,181162.0,-0.041873,51.51303,1,Slight,2,1,2020-11-15,Sunday,02:48,Tower Hamlets,E09000030,6,0,6,30.0,99,2,4,121,,,6,2,2,0,0,1,3,E01004288,3,1,15/11/2020,15/11/2020,1,9,0,99,,9,9,99,9,99,,,6,Male,30,26 - 35,1995,2,3,1,1,,1,1,1,1,30,6,3,0,0,0,0,0,9,1,1,2020.0,010279445,E09000030,0.0,5.0,2.0,2020.0,010279445,9.0,9.0,99.0,2.0,9.0,BMW 5 SERIES,2020.0,010279445,2020,11,1,2
530258,2020010279447,527243.0,181514.0,-0.167484,51.518225,1,Slight,2,1,2020-11-15,Sunday,04:09,Westminster,E09000033,3,5,6,30.0,6,2,3,501,,,4,1,2,0,0,1,1,E01004661,3,1,15/11/2020,15/11/2020,1,9,0,18,,1,0,0,0,0,,,6,Male,33,26 - 35,1461,2,1,3,1,,1,1,1,1,33,6,3,0,0,0,0,0,9,1,3,2020.0,010279447,E09000033,0.0,5.0,2.0,2020.0,010279447,1.0,5.0,0.0,2.0,1.0,NISSAN QASHQAI,2020.0,010279447,2020,11,1,4
530272,2020010279508,533782.0,190142.0,-0.070017,51.59425,1,Slight,2,1,2020-11-14,Saturday,20:25,Haringey,E09000014,3,10,1,30.0,2,4,3,10,,,7,2,2,0,0,1,3,E01001979,3,1,14/11/2020,14/11/2020,1,3,0,99,,9,9,99,9,99,,,6,Male,30,26 - 35,125,1,4,1,1,,1,1,1,1,30,6,3,0,0,0,0,0,3,1,1,2020.0,010279508,E09000014,9.0,9.0,2.0,2020.0,010279508,9.0,9.0,99.0,1.0,1.0,HONDA SH 125 AD,2020.0,010279508,2020,11,1,20
530280,2020010279534,524215.0,179225.0,-0.211908,51.498327,1,Slight,2,1,2020-11-15,Sunday,20:00,Hammersmith and Fulham,E09000013,6,0,2,20.0,3,4,6,0,,,4,1,1,0,0,1,1,E01001855,3,1,15/11/2020,15/11/2020,1,9,0,9,,3,0,0,0,0,,,6,Male,20,16 - 20,1791,8,8,6,1,,2,1,1,2,37,7,3,0,0,0,0,0,1,1,5,2020.0,010279534,E09000013,0.0,0.0,2.0,2020.0,010279534,7.0,4.0,0.0,1.0,1.0,LEXUS CT 200,2020.0,010279534,2020,11,1,20
530283,2020010279540,536449.0,182508.0,-0.034497,51.525011,1,Serious,1,1,2020-11-15,Sunday,19:00,Tower Hamlets,E09000030,3,11,3,30.0,6,2,3,1205,,,4,1,2,0,0,1,1,E01004269,2,2,15/11/2020,15/11/2020,1,9,0,5,,1,0,0,0,0,,,6,Male,27,26 - 35,1198,1,16,2,1,,1,1,3,1,19,4,2,1,4,0,0,0,0,1,2,2020.0,010279540,E09000030,0.0,4.0,2.0,2020.0,010279540,3.0,7.0,0.0,1.0,1.0,VOLKSWAGEN POLO,2020.0,010279540,2020,11,2,19
530284,2020010279541,527909.0,170528.0,-0.161862,51.419343,1,Slight,2,1,2020-11-15,Sunday,20:36,Merton,E09000024,3,217,6,30.0,3,4,6,0,,,4,1,2,0,0,1,1,E01003393,3,1,15/11/2020,15/11/2020,1,4,0,18,,8,0,10,0,0,,,1,Male,30,26 - 35,-1,-1,-1,10,1,,1,1,1,1,30,6,3,0,0,0,0,0,4,1,10,2020.0,010279541,E09000024,2.0,4.0,2.0,2020.0,010279541,1.0,5.0,0.0,1.0,1.0,-1,2020.0,010279541,2020,11,1,20
530287,2020010279553,547676.0,184359.0,0.127997,51.53882,1,Slight,2,1,2020-11-14,Saturday,18:53,Barking and Dagenham,E09000002,5,0,1,30.0,0,-1,6,0,,,7,2,2,0,0,1,3,E01000057,3,1,14/11/2020,14/11/2020,1,9,0,99,,0,9,99,9,99,,,6,Male,26,26 - 35,1998,1,2,2,1,,1,1,1,1,26,6,3,0,0,0,0,0,9,1,2,2020.0,010279553,E09000002,0.0,1.0,2.0,2020.0,010279553,9.0,9.0,99.0,2.0,9.0,BMW 1 SERIES,2020.0,010279553,2020,11,1,18
530299,2020010279593,531614.0,184637.0,-0.103356,51.54529,1,Slight,2,1,2020-11-14,Saturday,19:54,Islington,E09000019,3,1,9,20.0,1,2,3,1,,,7,1,2,0,0,1,3,E01002795,3,1,14/11/2020,14/11/2020,1,3,0,99,,9,9,99,9,99,,,6,Female,29,26 - 35,108,1,0,2,1,,1,1,1,2,29,6,3,0,0,0,0,0,3,1,2,2020.0,010279593,E09000019,9.0,9.0,2.0,2020.0,010279593,9.0,9.0,99.0,2.0,1.0,HONDA NSC 110,2020.0,010279593,2020,11,1,19
530347,2020010279723,528534.0,169098.0,-0.153396,51.40635,1,Serious,2,1,2020-11-16,Monday,19:30,Merton,E09000024,5,0,6,30.0,6,4,6,0,,,4,2,2,0,0,1,1,E01003387,2,2,16/11/2020,16/11/2020,1,9,0,9,,1,0,0,0,0,,,6,Male,18,16 - 20,1198,1,11,4,1,,2,1,1,1,27,6,2,0,0,0,0,0,4,1,5,2020.0,010279723,E09000024,0.0,0.0,2.0,2020.0,010279723,1.0,6.0,0.0,1.0,1.0,SKODA FABIA,2020.0,010279723,2020,11,2,19
530348,2020010279727,513694.0,185404.0,-0.361416,51.556074,1,Slight,1,1,2020-11-16,Monday,19:45,Ealing,E09000009,3,312,3,30.0,0,-1,6,0,,,4,2,2,0,0,1,1,E01001310,3,1,16/11/2020,16/11/2020,1,3,0,18,,0,0,0,0,0,,,1,Male,28,26 - 35,125,1,0,-1,-1,,1,1,3,2,32,6,3,1,3,0,0,0,0,1,2,2020.0,010279727,E09000009,0.0,4.0,2.0,2020.0,010279727,5.0,1.0,0.0,1.0,1.0,HONDA WW125,2020.0,010279727,2020,11,1,19
530353,2020010279735,512946.0,172630.0,-0.376285,51.441412,1,Slight,2,4,2020-11-16,Monday,21:00,Hounslow,E09000018,6,0,2,20.0,0,-1,6,0,,,4,1,1,0,0,1,3,E01002604,3,1,16/11/2020,16/11/2020,1,9,0,99,,0,0,0,0,0,,,6,Male,23,21 - 25,1798,8,6,2,1,,1,1,1,1,23,5,3,0,0,0,0,0,9,1,2,2020.0,010279735,E09000018,0.0,0.0,2.0,2020.0,010279735,9.0,9.0,0.0,4.0,1.0,LEXUS CT 200,2020.0,010279735,2020,11,4,21
530354,2020010279736,513672.0,175476.0,-0.364931,51.466846,1,Slight,2,1,2020-11-16,Monday,22:36,Hounslow,E09000018,3,315,3,30.0,7,2,3,3005,,,4,8,2,0,0,1,1,E01033084,3,1,16/11/2020,16/11/2020,1,3,0,18,,8,0,0,0,0,,,6,Male,32,26 - 35,125,1,1,3,1,,1,1,1,1,32,6,3,0,0,0,0,0,3,1,3,2020.0,010279736,E09000018,2.0,1.0,2.0,2020.0,010279736,7.0,3.0,0.0,1.0,1.0,HONDA SH 125,2020.0,010279736,2020,11,1,22
530377,2020010279797,532277.0,166880.0,-0.10044,51.385559,1,Slight,2,1,2020-11-16,Monday,22:30,Croydon,E09000008,6,0,6,30.0,3,4,3,213,,,7,1,2,0,0,1,3,E01001118,3,1,16/11/2020,16/11/2020,1,9,0,99,,9,9,99,9,99,,,6,Male,26,26 - 35,1499,1,1,3,1,,1,1,1,1,26,6,3,0,0,0,0,0,9,1,3,2020.0,010279797,E09000008,0.0,0.0,2.0,2020.0,010279797,9.0,9.0,99.0,1.0,9.0,BMW 2 SERIES,2020.0,010279797,2020,11,1,22
530389,2020010279821,525071.0,176387.0,-0.200587,51.472633,1,Slight,2,1,2020-11-16,Monday,18:40,Hammersmith and Fulham,E09000013,3,308,2,20.0,3,2,5,0,,,4,2,2,0,0,1,3,E01001951,3,1,16/11/2020,16/11/2020,1,3,4,99,,8,9,99,9,99,,,6,Male,27,26 - 35,125,1,2,6,1,,1,1,1,1,27,6,3,0,0,0,0,0,3,1,6,2020.0,010279821,E09000013,9.0,0.0,2.0,2020.0,010279821,9.0,9.0,99.0,9.0,1.0,YAMAHA GPD 125,2020.0,010279821,2020,11,1,18
530394,2020010279836,536645.0,180709.0,-0.032371,51.508797,1,Slight,2,5,2020-11-16,Monday,21:25,Tower Hamlets,E09000030,3,1203,3,30.0,0,-1,6,0,,,4,2,1,0,0,1,1,E01004258,3,1,16/11/2020,16/11/2020,1,9,0,18,,0,0,0,0,0,,,6,Male,26,26 - 35,2996,1,13,1,1,,1,1,1,1,26,6,3,0,0,0,0,0,9,1,1,2020.0,010279836,E09000030,0.0,0.0,2.0,2020.0,010279836,3.0,7.0,0.0,1.0,1.0,BMW 3 SERIES,2020.0,010279836,2020,11,5,21
530407,2020010279872,532101.0,190539.0,-0.094121,51.598214,1,Slight,2,1,2020-11-17,Tuesday,19:00,Haringey,E09000014,3,109,6,30.0,3,4,6,0,,,4,1,1,0,0,1,1,E01002100,3,1,17/11/2020,17/11/2020,1,5,0,18,,1,0,0,0,0,,,6,Male,26,26 - 35,649,1,1,3,1,,1,1,1,1,26,6,3,0,0,0,0,0,5,1,3,2020.0,010279872,E09000014,0.0,0.0,2.0,2020.0,010279872,7.0,3.0,0.0,1.0,1.0,HONDA CB650,2020.0,010279872,2020,11,1,19
530411,2020010279884,541127.0,169860.0,0.027843,51.410207,1,Slight,2,1,2020-11-17,Tuesday,18:28,Bromley,E09000006,5,0,1,20.0,1,4,6,0,,,4,1,1,0,0,1,1,E01000825,3,1,17/11/2020,17/11/2020,1,3,0,18,,3,0,0,0,0,,,1,Male,34,26 - 35,125,1,5,1,1,,1,1,1,1,34,6,3,0,0,0,0,0,3,1,1,2020.0,010279884,E09000006,0.0,0.0,2.0,2020.0,010279884,1.0,5.0,0.0,3.0,1.0,PEUGEOT SPEEDFIGHT,2020.0,010279884,2020,11,1,18
530414,2020010279888,528410.0,190630.0,-0.147347,51.599885,1,Slight,3,1,2020-11-17,Tuesday,20:20,Barnet,E09000003,4,550,6,30.0,3,4,6,0,,,4,1,1,0,0,1,1,E01000156,3,1,17/11/2020,17/11/2020,1,9,0,13,,1,0,0,0,0,,,6,Male,25,21 - 25,1149,1,17,3,1,,2,1,1,1,47,8,3,0,0,0,0,0,9,1,3,2020.0,010279888,E09000003,1.0,1.0,2.0,2020.0,010279888,4.0,8.0,0.0,1.0,1.0,RENAULT CLIO,2020.0,010279888,2020,11,1,20
530420,2020010279903,534557.0,183281.0,-0.061458,51.532411,1,Slight,2,1,2020-11-17,Tuesday,18:12,Tower Hamlets,E09000030,5,0,6,20.0,6,4,6,0,,,4,1,1,0,0,1,1,E01004202,3,1,17/11/2020,17/11/2020,1,3,0,18,,1,5,0,0,0,,,1,Male,34,26 - 35,125,1,7,3,1,,1,1,1,1,34,6,3,0,0,0,0,0,3,1,3,2020.0,010279903,E09000030,0.0,0.0,2.0,2020.0,010279903,4.0,8.0,0.0,4.0,1.0,HONDA WW125,2020.0,010279903,2020,11,1,18
530424,2020010279911,538596.0,185252.0,-0.002489,51.549146,1,Slight,1,1,2020-11-17,Tuesday,21:43,Newham,E09000025,3,112,1,20.0,2,4,3,112,,,4,1,1,0,0,1,1,E01033583,3,1,17/11/2020,17/11/2020,1,4,0,5,,4,0,0,0,0,,,6,Male,30,26 - 35,124,1,6,3,1,,1,1,1,1,30,6,3,0,0,0,0,0,4,1,3,2020.0,010279911,E09000025,0.0,0.0,2.0,2020.0,010279911,7.0,3.0,0.0,2.0,1.0,-1,2020.0,010279911,2020,11,1,21
530456,2020010279993,519089.0,180305.0,-0.285355,51.509135,1,Slight,2,1,2020-10-30,Friday,18:30,Ealing,E09000009,6,0,6,20.0,99,9,6,0,,,4,1,1,0,0,1,3,E01001352,3,1,30/10/2020,30/10/2020,1,3,0,99,,9,9,99,9,99,,,2,Male,20,16 - 20,125,1,4,1,1,,1,1,1,1,20,4,3,0,0,0,0,0,3,1,1,2020.0,010279993,E09000009,0.0,0.0,2.0,2020.0,010279993,9.0,9.0,99.0,1.0,9.0,YAMAHA GPD 125,2020.0,010279993,2020,10,1,18
530473,2020010280037,530076.0,187623.0,-0.124419,51.572481,1,Slight,1,1,2020-11-18,Wednesday,18:55,Islington,E09000019,6,0,6,20.0,3,2,6,0,,,4,2,2,0,0,1,1,E01002755,3,1,18/11/2020,18/11/2020,1,9,0,1,,1,0,0,0,0,,,2,Male,24,21 - 25,1200,1,5,2,1,,1,1,3,2,25,5,3,5,1,0,0,0,0,1,1,2020.0,010280037,E09000019,0.0,0.0,2.0,2020.0,010280037,7.0,3.0,0.0,4.0,1.0,PEUGEOT 208,2020.0,010280037,2020,11,1,18
530478,2020010280048,529085.0,176053.0,-0.142946,51.46873,1,Slight,1,1,2020-11-18,Wednesday,18:40,Lambeth,E09000022,3,3036,6,20.0,3,1,6,0,,,4,2,2,1,0,1,1,E01003037,3,1,18/11/2020,18/11/2020,1,3,0,4,,8,0,0,0,0,,,1,Male,27,26 - 35,125,1,5,8,1,,1,1,1,1,27,6,3,0,0,0,0,0,3,1,8,2020.0,010280048,E09000022,2.0,0.0,2.0,2020.0,010280048,5.0,1.0,0.0,4.0,1.0,HONDA GLR 125,2020.0,010280048,2020,11,1,18
530480,2020010280051,553863.0,187134.0,0.21835,51.562102,1,Slight,2,1,2020-04-11,Saturday,22:12,Havering,E09000016,3,124,6,20.0,0,-1,6,0,,,7,1,1,0,0,1,3,E01002361,3,1,04/11/2020,04/11/2020,1,9,0,99,,0,9,99,9,99,,,2,Male,32,26 - 35,2171,1,15,3,1,,1,1,1,1,32,6,3,0,0,0,0,0,9,1,3,2020.0,010280051,E09000016,9.0,9.0,2.0,2020.0,010280051,9.0,9.0,99.0,2.0,9.0,BMW 3 SERIES,2020.0,010280051,2020,4,1,22
530482,2020010280053,532363.0,162855.0,-0.100701,51.349367,1,Slight,2,1,2020-11-18,Wednesday,18:05,Croydon,E09000008,3,235,6,30.0,3,4,6,0,,,4,1,2,0,0,1,1,E01001033,3,1,18/11/2020,18/11/2020,1,9,0,18,,6,0,0,0,0,,,2,Male,32,26 - 35,1598,1,13,4,1,,2,1,1,1,38,7,3,0,0,0,0,0,1,1,8,2020.0,010280053,E09000008,0.0,0.0,2.0,2020.0,010280053,4.0,8.0,4.0,3.0,1.0,VAUXHALL ASTRA,2020.0,010280053,2020,11,1,18