,accident_index,location_easting_osgr,location_northing_osgr,longitude,latitude,police_force,accident_severity,number_of_vehicles,number_of_casualties,date,day_of_week,time,local_authority_district,local_authority_highway,first_road_class,first_road_number,road_type,speed_limit,junction_detail,junction_control,second_road_class,second_road_number,pedestrian_crossing-human_control,pedestrian_crossing-physical_facilities,light_conditions,weather_conditions,road_surface_conditions,special_conditions_at_site,carriageway_hazards,urban_or_rural_area,did_police_officer_attend_scene_of_accident,lsoa_of_accident_location,accident_severity_num,accident_severity_inv,date2,date_original,vehicle_reference_x,vehicle_type,towing_and_articulation,vehicle_manoeuvre,vehicle_location-restricted_lane,junction_location,skidding_and_overturning,hit_object_in_carriageway,vehicle_leaving_carriageway,hit_object_off_carriageway,1st_point_of_impact,was_vehicle_left_hand_drive?,journey_purpose_of_driver,sex_of_driver,age_of_driver,age_band_of_driver,engine_capacity_cc,propulsion_code,age_of_vehicle,driver_imd_decile,driver_home_area_type,vehicle_imd_decile,vehicle_reference_y,casualty_reference,casualty_class,sex_of_casualty,age_of_casualty,age_band_of_casualty,casualty_severity,pedestrian_location,pedestrian_movement,car_passenger,bus_or_coach_passenger,pedestrian_road_maintenance_worker,casualty_type,casualty_home_area_type,casualty_imd_decile,accident_year_x,accident_reference_x,local_authority_ons_district,pedestrian_crossing_human_control,pedestrian_crossing_physical_facilities,trunk_road_flag,accident_year_y,accident_reference_y,vehicle_direction_from,vehicle_direction_to,vehicle_location_restricted_lane,first_point_of_impact,vehicle_left_hand_drive,generic_make_model,accident_year,accident_reference,year,month,severity,hours
530895,2020010281175,539153.0,169404.0,-0.0007,51.406597,1,Slight,2,1,2020-11-25,Wednesday,19:49,Bromley,E09000006,3,222,6,30.0,3,4,6,0,,,4,1,1,4,0,1,1,E01000717,3,1,25/11/2020,25/11/2020,1,9,0,3,,1,0,0,0,0,,,6,Male,32,26 - 35,1296,1,13,5,1,,1,1,2,2,34,6,3,0,0,1,0,0,9,1,5,2020.0,010281175,E09000006,0.0,0.0,2.0,2020.0,010281175,7.0,3.0,0.0,2.0,1.0,TOYOTA YARIS,2020.0,010281175,2020,11,1,19
530899,2020010281183,531292.0,186960.0,-0.107131,51.566241,1,Serious,2,1,2020-11-25,Wednesday,20:50,Islington,E09000014,3,1201,6,20.0,3,4,6,0,,,4,1,1,0,0,1,1,E01002065,2,2,25/11/2020,25/11/2020,1,3,0,9,,6,1,0,0,0,,,1,Male,31,26 - 35,113,1,1,4,1,,1,1,1,1,31,6,2,0,0,0,0,0,3,1,4,2020.0,010281183,E09000014,0.0,0.0,2.0,2020.0,010281183,6.0,4.0,0.0,1.0,1.0,SUZUKI UK 110,2020.0,010281183,2020,11,2,20
530902,2020010281188,531004.0,190398.0,-0.110003,51.597203,1,Serious,1,1,2020-11-25,Wednesday,19:45,Haringey,E09000014,3,105,6,20.0,6,2,3,109,,,4,1,1,0,1,1,1,E01002098,2,2,25/11/2020,25/11/2020,1,9,0,5,,2,0,0,0,0,,,2,Male,30,26 - 35,-1,-1,-1,1,1,,1,1,3,1,60,9,2,10,9,0,0,0,0,1,2,2020.0,010281188,E09000014,0.0,5.0,2.0,2020.0,010281188,5.0,1.0,0.0,1.0,1.0,-1,2020.0,010281188,2020,11,2,19
530908,2020010281204,524770.0,181899.0,-0.202971,51.522237,1,Slight,2,1,2020-11-25,Wednesday,19:34,Kensington and Chelsea,E09000020,5,0,6,30.0,0,-1,6,0,,,4,1,1,0,0,1,1,E01002854,3,1,25/11/2020,25/11/2020,1,3,0,14,,0,0,0,0,0,,,1,Male,28,26 - 35,125,1,5,6,1,,1,1,1,1,28,6,3,0,0,0,0,0,3,1,6,2020.0,010281204,E09000020,0.0,1.0,2.0,2020.0,010281204,5.0,1.0,0.0,1.0,1.0,YAMAHA GPD 125,2020.0,010281204,2020,11,1,19
530911,2020010281211,531790.0,168706.0,-0.106756,51.402082,1,Slight,1,1,2020-11-25,Wednesday,20:12,Croydon,E09000008,5,0,2,20.0,0,-1,6,0,,,4,1,1,0,0,1,1,E01000994,3,1,25/11/2020,25/11/2020,1,9,0,5,,0,0,0,0,0,,,6,Female,18,16 - 20,1796,1,14,4,1,,1,1,3,1,3,1,3,5,3,0,0,0,0,-1,-1,2020.0,010281211,E09000008,0.0,0.0,2.0,2020.0,010281211,3.0,7.0,0.0,3.0,1.0,VAUXHALL ASTRA,2020.0,010281211,2020,11,1,20
530912,2020010281215,513083.0,176688.0,-0.373019,51.477858,1,Slight,2,1,2020-11-26,Thursday,01:05,Hounslow,E09000018,3,4,3,40.0,6,2,3,3063,,,4,1,1,4,2,1,1,E01002621,3,1,26/11/2020,26/11/2020,1,9,0,10,,1,0,0,0,0,,,6,Male,20,16 - 20,1360,1,9,4,1,,1,1,1,1,20,4,3,0,0,0,0,0,9,1,4,2020.0,010281215,E09000018,0.0,0.0,2.0,2020.0,010281215,7.0,6.0,0.0,2.0,1.0,PEUGEOT 207,2020.0,010281215,2020,11,1,1
530921,2020010281250,531239.0,175333.0,-0.11222,51.461765,1,Slight,2,1,2020-11-25,Wednesday,20:20,Lambeth,E09000022,3,2217,9,20.0,0,-1,6,0,,,7,1,1,9,9,1,3,E01003047,3,1,25/11/2020,25/11/2020,1,3,0,99,,0,9,99,9,99,,,2,Male,27,26 - 35,125,1,4,2,1,,1,1,1,1,27,6,3,0,0,0,0,0,3,1,2,2020.0,010281250,E09000022,9.0,9.0,2.0,2020.0,010281250,9.0,9.0,99.0,9.0,1.0,HONDA SH 125 AD,2020.0,010281250,2020,11,1,20
530934,2020010281295,527925.0,175586.0,-0.159806,51.464797,1,Slight,2,1,2020-11-25,Wednesday,18:30,Wandsworth,E09000032,3,3036,6,30.0,99,4,6,0,,,4,1,1,0,0,1,3,E01004589,3,1,25/11/2020,25/11/2020,1,3,0,99,,9,9,99,9,99,,,6,Male,33,26 - 35,124,1,6,5,1,,1,1,1,1,33,6,3,0,0,0,0,0,3,1,5,2020.0,010281295,E09000032,9.0,9.0,2.0,2020.0,010281295,9.0,9.0,99.0,1.0,1.0,YAMAHA YP 125,2020.0,010281295,2020,11,1,18
530948,2020010281336,538310.0,180647.0,-0.008418,51.507835,1,Slight,2,1,2020-11-26,Thursday,19:22,Tower Hamlets,E09000030,3,1206,1,30.0,1,4,3,1261,,,4,1,1,0,0,1,1,E01004219,3,1,26/11/2020,26/11/2020,1,9,0,8,,3,0,0,0,0,,,2,Male,21,21 - 25,-1,-1,-1,5,1,,2,1,1,1,46,8,3,0,0,0,0,0,9,1,7,2020.0,010281336,E09000030,0.0,0.0,2.0,2020.0,010281336,2.0,5.0,0.0,2.0,1.0,-1,2020.0,010281336,2020,11,1,19
530964,2020010281376,534824.0,175711.0,-0.060502,51.46432,1,Slight,2,1,2020-11-26,Thursday,21:00,Southwark,E09000028,3,2214,6,20.0,3,2,5,0,,,4,1,1,0,0,1,1,E01004064,3,1,26/11/2020,26/11/2020,1,3,0,3,,1,0,0,0,0,,,1,Male,33,26 - 35,125,1,2,2,1,,1,1,1,1,33,6,3,0,0,0,0,0,3,1,2,2020.0,010281376,E09000028,0.0,5.0,2.0,2020.0,010281376,6.0,2.0,0.0,2.0,1.0,HONDA WW125EX2,2020.0,010281376,2020,11,1,21
530976,2020010281417,529650.0,177634.0,-0.134237,51.48281,1,Slight,2,1,2020-11-26,Thursday,19:00,Wandsworth,E09000032,3,3205,1,30.0,0,-1,6,0,,,4,1,1,9,0,1,3,E01004562,3,1,26/11/2020,26/11/2020,1,3,0,99,,0,9,99,9,99,,,6,Male,31,26 - 35,125,1,2,5,1,,1,1,1,1,31,6,3,0,0,0,0,0,3,1,5,2020.0,010281417,E09000032,0.0,9.0,2.0,2020.0,010281417,9.0,9.0,99.0,9.0,1.0,YAMAHA GPD 125,2020.0,010281417,2020,11,1,19
530980,2020010281432,523006.0,189393.0,-0.225764,51.589974,1,Slight,2,1,2020-11-26,Thursday,18:02,Barnet,E09000003,6,0,6,20.0,99,4,3,504,,,4,1,1,0,0,1,3,E01000244,3,1,26/11/2020,26/11/2020,1,9,0,99,,9,9,99,9,99,,,6,Male,34,26 - 35,898,1,1,5,1,,1,1,1,1,34,6,3,0,0,0,0,0,9,1,5,2020.0,010281432,E09000003,9.0,9.0,2.0,2020.0,010281432,9.0,9.0,99.0,2.0,9.0,NISSAN MICRA,2020.0,010281432,2020,11,1,18
531011,2020010281514,535288.0,176130.0,-0.053667,51.467974,1,Slight,2,1,2020-11-27,Friday,19:30,Southwark,E09000028,3,2214,6,20.0,9,4,6,0,,,4,1,1,0,0,1,1,E01004000,3,1,27/11/2020,27/11/2020,1,8,0,6,,1,0,0,0,0,,,1,Male,32,26 - 35,1997,2,4,2,1,,2,1,1,1,36,7,3,0,0,0,0,0,3,2,7,2020.0,010281514,E09000028,0.0,1.0,2.0,2020.0,010281514,1.0,1.0,0.0,0.0,1.0,FORD GALAXY,2020.0,010281514,2020,11,1,19
531018,2020010281528,548408.0,186636.0,0.139503,51.559088,1,Slight,3,3,2020-11-27,Friday,20:58,Barking and Dagenham,E09000002,5,0,6,30.0,6,4,6,0,,,1,1,1,0,0,1,1,E01000101,3,1,27/11/2020,27/11/2020,1,9,0,18,,2,0,0,0,0,,,6,Male,33,26 - 35,999,1,0,4,1,,1,1,1,1,33,6,3,0,0,0,0,0,9,1,4,2020.0,010281528,E09000002,0.0,0.0,2.0,2020.0,010281528,1.0,5.0,0.0,1.0,1.0,FORD FOCUS,2020.0,010281528,2020,11,3,20
531023,2020010281553,532277.0,178388.0,-0.096144,51.488978,1,Slight,2,1,2020-11-27,Friday,22:28,Southwark,E09000028,3,215,3,20.0,0,-1,6,0,,,4,2,2,0,0,1,1,E01032722,3,1,27/11/2020,27/11/2020,1,9,0,9,,0,0,0,0,0,,,6,Female,22,21 - 25,1461,2,2,3,1,,2,1,1,1,29,6,3,0,0,0,0,0,3,1,3,2020.0,010281553,E09000028,0.0,0.0,2.0,2020.0,010281553,7.0,5.0,0.0,4.0,1.0,MERCEDES A CLASS,2020.0,010281553,2020,11,1,22
531024,2020010281559,530651.0,174296.0,-0.121062,51.452581,1,Slight,2,1,2020-11-27,Friday,23:30,Lambeth,E09000022,3,23,6,30.0,3,4,6,0,,,4,1,1,0,0,1,1,E01003024,3,1,27/11/2020,27/11/2020,1,9,0,18,,1,0,0,0,0,,,6,Male,31,26 - 35,1197,1,9,1,1,,1,1,1,1,31,6,3,0,0,0,0,0,9,1,1,2020.0,010281559,E09000022,0.0,0.0,2.0,2020.0,010281559,1.0,5.0,2.0,1.0,1.0,SEAT LEON,2020.0,010281559,2020,11,1,23
531029,2020010281586,530207.0,186254.0,-0.123037,51.560148,1,Slight,2,1,2020-11-26,Thursday,18:02,Islington,E09000019,6,0,6,20.0,3,4,3,1,,,7,1,1,0,0,1,3,E01002785,3,1,26/11/2020,26/11/2020,1,3,0,99,,9,9,99,9,99,,,6,Male,19,16 - 20,108,1,8,4,1,,1,1,1,1,19,4,3,0,0,0,0,0,3,1,4,2020.0,010281586,E09000019,0.0,0.0,2.0,2020.0,010281586,9.0,9.0,99.0,1.0,1.0,HONDA NSC110WH,2020.0,010281586,2020,11,1,18
531042,2020010281633,513512.0,184520.0,-0.364325,51.548165,1,Slight,2,1,2020-11-28,Saturday,18:10,Ealing,E09000009,6,0,6,30.0,0,-1,6,0,,,4,1,1,0,0,1,1,E01001322,3,1,28/11/2020,28/11/2020,1,2,0,18,,0,0,0,0,0,,,6,Male,26,26 - 35,108,1,3,3,1,,1,1,1,1,26,6,3,0,0,0,0,0,2,1,3,2020.0,010281633,E09000009,0.0,0.0,2.0,2020.0,010281633,8.0,4.0,0.0,2.0,1.0,HONDA NSC110MP,2020.0,010281633,2020,11,1,18
531047,2020010281656,543985.0,184419.0,0.074838,51.540312,1,Slight,3,1,2020-11-28,Saturday,20:50,Barking and Dagenham,E09000002,3,124,6,40.0,6,2,3,124,,,4,8,1,0,0,1,1,E01000007,3,1,28/11/2020,28/11/2020,1,9,0,18,,8,0,0,0,0,,,6,Male,30,26 - 35,2143,2,3,1,1,,3,1,2,2,18,4,3,0,0,1,0,0,9,1,1,2020.0,010281656,E09000002,0.0,0.0,2.0,2020.0,010281656,1.0,5.0,0.0,1.0,1.0,MERCEDES CLS CLASS,2020.0,010281656,2020,11,1,20
531048,2020010281658,525044.0,180640.0,-0.19947,51.510861,1,Slight,1,1,2020-11-28,Saturday,19:16,Kensington and Chelsea,E09000020,4,415,6,30.0,3,4,6,0,,,4,1,1,0,0,1,1,E01002883,3,1,28/11/2020,28/11/2020,1,9,0,18,,1,0,0,0,0,,,6,Male,25,21 - 25,1956,2,2,3,1,,1,1,3,1,30,6,3,5,3,0,0,0,0,-1,-1,2020.0,010281658,E09000020,0.0,0.0,2.0,2020.0,010281658,5.0,1.0,0.0,1.0,1.0,VAUXHALL INSIGNIA,2020.0,010281658,2020,11,1,19
531050,2020010281662,527978.0,184584.0,-0.155781,51.54565,1,Slight,3,1,2020-11-28,Saturday,21:43,Camden,E09000007,3,502,6,20.0,3,2,5,0,,,4,1,1,0,0,1,1,E01000902,3,1,28/11/2020,28/11/2020,1,3,0,14,,1,5,0,0,0,,,2,Male,34,26 - 35,125,1,1,2,1,,1,1,1,1,34,6,3,0,0,0,0,0,3,1,2,2020.0,010281662,E09000007,0.0,0.0,2.0,2020.0,010281662,1.0,5.0,0.0,3.0,1.0,PIAGGIO MEDLEY 125,2020.0,010281662,2020,11,1,21
531051,2020010281664,530668.0,183410.0,-0.117446,51.534483,1,Slight,4,1,2020-11-28,Saturday,22:10,Islington,E09000019,3,5203,6,20.0,3,4,6,0,,,4,8,1,0,0,1,1,E01002710,3,1,28/11/2020,28/11/2020,1,5,0,17,,1,2,4,0,0,,,6,Male,30,26 - 35,600,1,13,2,1,,1,1,1,1,30,6,3,0,0,0,0,0,5,1,2,2020.0,010281664,E09000019,0.0,1.0,2.0,2020.0,010281664,2.0,6.0,0.0,4.0,1.0,SUZUKI MODEL MISSING,2020.0,010281664,2020,11,1,22
531052,2020010281669,538512.0,183826.0,-0.00426,51.536353,1,Slight,2,1,2020-11-28,Saturday,21:39,Newham,E09000025,3,11,3,30.0,7,2,3,115,,,4,1,1,0,0,1,1,E01033586,3,1,28/11/2020,28/11/2020,1,3,0,18,,1,0,0,0,0,,,1,Male,30,26 - 35,125,1,3,3,1,,1,1,1,1,30,6,3,0,0,0,0,0,3,1,3,2020.0,010281669,E09000025,0.0,5.0,2.0,2020.0,010281669,6.0,2.0,0.0,1.0,1.0,KYMCO AGILITY,2020.0,010281669,2020,11,1,21
531056,2020010281679,537049.0,180343.0,-0.026695,51.50541,1,Slight,2,1,2020-11-28,Saturday,21:40,Tower Hamlets,E09000030,3,1206,1,20.0,1,4,3,1206,,,4,1,1,0,0,1,1,E01004277,3,1,28/11/2020,28/11/2020,1,9,0,18,,4,0,0,0,0,,,6,Male,34,26 - 35,998,1,16,2,1,,2,1,1,1,58,9,3,0,0,0,0,0,1,1,6,2020.0,010281679,E09000030,0.0,0.0,2.0,2020.0,010281679,5.0,1.0,0.0,1.0,1.0,TOYOTA YARIS,2020.0,010281679,2020,11,1,21
531059,2020010281683,533706.0,170737.0,-0.078464,51.419885,1,Slight,2,1,2020-11-28,Saturday,23:00,Bromley,E09000006,3,212,6,30.0,6,2,3,214,,,4,7,1,0,0,1,1,E01000746,3,1,28/11/2020,28/11/2020,1,9,0,18,,8,0,0,0,0,,,2,Male,34,26 - 35,1998,8,4,8,1,,2,1,1,1,47,8,3,0,0,0,0,0,8,1,2,2020.0,010281683,E09000006,0.0,4.0,2.0,2020.0,010281683,8.0,4.0,0.0,1.0,1.0,BMW 3 SERIES,2020.0,010281683,2020,11,1,23
531060,2020010281684,529604.0,175181.0,-0.135798,51.460775,1,Slight,2,2,2020-11-28,Saturday,20:35,Lambeth,E09000022,3,2217,6,30.0,3,4,6,0,,,4,1,1,0,0,1,1,E01003041,3,1,28/11/2020,28/11/2020,1,2,0,14,,1,0,0,0,0,,,2,Male,20,16 - 20,-1,-1,-1,3,1,,1,1,1,1,20,4,3,0,0,0,0,0,2,1,3,2020.0,010281684,E09000022,0.0,0.0,2.0,2020.0,010281684,4.0,8.0,0.0,1.0,1.0,-1,2020.0,010281684,2020,11,2,20
531061,2020010281688,544616.0,184540.0,0.08398,51.541238,1,Slight,4,4,2020-11-28,Saturday,22:43,Barking and Dagenham,E09000002,3,124,6,30.0,0,-1,6,0,,,4,7,1,0,0,1,1,E01000009,3,1,28/11/2020,28/11/2020,1,9,0,18,,0,1,0,1,0,,,6,Male,25,21 - 25,2143,2,7,-1,-1,,1,1,1,1,25,5,3,0,0,0,0,0,9,-1,-1,2020.0,010281688,E09000002,0.0,0.0,2.0,2020.0,010281688,2.0,6.0,0.0,1.0,1.0,MERCEDES C CLASS,2020.0,010281688,2020,11,4,22
531086,2020010281752,523495.0,181928.0,-0.221329,51.522777,1,Slight,1,1,2020-11-26,Thursday,18:45,Kensington and Chelsea,E09000020,5,0,6,40.0,3,4,6,0,,,4,1,1,0,0,1,3,E01002906,3,1,26/11/2020,26/11/2020,1,9,0,99,,1,9,99,9,99,,,6,Not known,30,26 - 35,1598,1,10,2,1,,1,1,3,2,22,5,3,1,4,0,0,0,0,1,2,2020.0,010281752,E09000020,0.0,1.0,2.0,2020.0,010281752,9.0,9.0,99.0,1.0,9.0,VAUXHALL ASTRA,2020.0,010281752,2020,11,1,18
531093,2020010281777,533676.0,187841.0,-0.072421,51.573598,1,Slight,1,1,2020-11-29,Sunday,19:07,Hackney,E09000012,3,10,6,30.0,6,2,3,107,,,4,1,1,0,0,1,1,E01001808,3,1,29/11/2020,29/11/2020,1,9,0,18,,2,0,0,0,0,,,6,Male,21,21 - 25,2362,1,14,3,1,,1,1,3,1,56,9,3,1,1,0,0,0,0,-1,-1,2020.0,010281777,E09000012,0.0,5.0,2.0,2020.0,010281777,5.0,1.0,0.0,3.0,1.0,TOYOTA PREVIA,2020.0,010281777,2020,11,1,19
531095,2020010281807,532549.0,167053.0,-0.096469,51.38705,1,Slight,3,1,2020-11-29,Sunday,22:11,Croydon,E09000008,3,212,6,30.0,6,2,3,213,,,4,7,1,0,0,1,1,E01001116,3,1,29/11/2020,29/11/2020,1,9,0,9,,1,0,0,0,0,,,6,Male,31,26 - 35,1498,1,1,2,1,,2,1,1,1,18,4,3,0,0,0,0,0,3,1,4,2020.0,010281807,E09000008,0.0,4.0,2.0,2020.0,010281807,5.0,3.0,0.0,4.0,1.0,FORD KUGA,2020.0,010281807,2020,11,1,22
531104,2020010281839,538658.0,189091.0,-8.3e-05,51.583628,1,Slight,2,1,2020-11-28,Saturday,19:30,Waltham Forest,E09000031,4,160,6,20.0,0,-1,6,0,,,4,1,1,0,0,1,3,E01004467,3,1,28/11/2020,28/11/2020,1,3,0,99,,0,9,99,9,99,,,6,Male,20,16 - 20,125,1,0,2,1,,1,1,1,1,20,4,3,0,0,0,0,0,3,1,2,2020.0,010281839,E09000031,0.0,1.0,2.0,2020.0,010281839,9.0,9.0,99.0,2.0,1.0,YAMAHA GPD 125,2020.0,010281839,2020,11,1,19
531131,2020010281912,523570.0,187957.0,-0.218132,51.576945,1,Slight,2,2,2020-10-21,Wednesday,21:30,Barnet,E09000003,3,41,1,30.0,1,4,3,406,,,7,9,9,0,0,1,3,E01000307,3,1,21/10/2020,21/10/2020,1,9,0,18,,3,0,0,0,0,,,6,Female,22,21 - 25,1598,1,13,7,1,,1,1,1,2,22,5,3,0,0,0,0,0,9,1,7,2020.0,010281912,E09000003,9.0,9.0,2.0,2020.0,010281912,3.0,7.0,0.0,3.0,9.0,MINI COOPER,2020.0,010281912,2020,10,2,21
531136,2020010281925,533476.0,183727.0,-0.076865,51.536675,1,Slight,2,1,2020-11-27,Friday,18:30,Hackney,E09000012,3,10,6,20.0,3,4,6,0,,,4,1,1,0,0,1,3,E01001754,3,1,27/11/2020,27/11/2020,1,3,0,99,,1,9,99,9,99,,,6,Male,26,26 - 35,125,1,2,2,1,,1,1,1,1,26,6,3,0,0,0,0,0,3,1,2,2020.0,010281925,E09000012,0.0,0.0,2.0,2020.0,010281925,9.0,9.0,99.0,9.0,1.0,YAMAHA GPD 125,2020.0,010281925,2020,11,1,18
531140,2020010281932,520042.0,178268.0,-0.272322,51.490626,1,Slight,2,1,2020-11-30,Monday,19:24,Hounslow,E09000018,3,3000,6,20.0,3,4,6,0,,,4,1,2,0,0,1,1,E01002687,3,1,30/11/2020,30/11/2020,1,9,0,9,,5,0,0,0,0,,,6,Female,25,21 - 25,1598,1,15,8,1,,2,1,1,1,23,5,3,0,0,0,0,0,2,1,7,2020.0,010281932,E09000018,0.0,0.0,2.0,2020.0,010281932,7.0,5.0,0.0,3.0,1.0,VOLKSWAGEN GOLF,2020.0,010281932,2020,11,1,19
531144,2020010281939,550362.0,177638.0,0.163834,51.477723,1,Slight,2,1,2020-11-30,Monday,19:30,Bexley,E09000004,6,0,1,30.0,1,4,3,220,,,4,2,2,0,0,1,1,E01000407,3,1,30/11/2020,30/11/2020,1,9,0,18,,3,0,0,0,0,,,6,Female,30,26 - 35,1598,1,1,6,1,,2,1,1,1,17,4,3,0,0,0,0,0,90,1,6,2020.0,010281939,E09000004,0.0,8.0,2.0,2020.0,010281939,7.0,3.0,0.0,1.0,1.0,NISSAN JUKE,2020.0,010281939,2020,11,1,19
531146,2020010281944,533338.0,176721.0,-0.0815,51.473748,1,Slight,2,1,2020-11-30,Monday,20:50,Southwark,E09000028,3,202,6,20.0,0,-1,6,0,,,4,1,1,0,0,1,1,E01003914,3,1,30/11/2020,30/11/2020,1,9,0,18,,0,0,0,0,0,,,2,Male,35,26 - 35,999,1,9,-1,1,,1,1,1,1,35,6,3,0,0,0,0,0,9,1,-1,2020.0,010281944,E09000028,0.0,0.0,2.0,2020.0,010281944,7.0,3.0,0.0,2.0,1.0,SMART FORTWO,2020.0,010281944,2020,11,1,20
531158,2020010281967,531974.0,178880.0,-0.100322,51.49347,1,Slight,2,1,2020-11-30,Monday,23:52,Southwark,E09000028,3,3,3,20.0,9,2,3,215,,,4,1,1,0,0,1,1,E01032720,3,1,30/11/2020,30/11/2020,1,9,0,5,,3,0,0,0,0,,,6,Female,26,26 - 35,1975,1,12,3,1,,2,1,1,1,24,5,3,0,0,0,0,0,9,1,1,2020.0,010281967,E09000028,0.0,5.0,2.0,2020.0,010281967,1.0,5.0,0.0,4.0,1.0,HYUNDAI COUPE,2020.0,010281967,2020,11,1,23
531195,2020010282066,517738.0,178641.0,-0.305368,51.494462,1,Slight,2,1,2020-11-30,Monday,20:10,Hounslow,E09000018,4,455,6,20.0,0,-1,6,0,,,7,2,2,0,0,1,3,E01002564,3,1,30/11/2020,30/11/2020,1,9,0,99,,0,9,99,9,99,,,6,Male,23,21 - 25,1399,1,15,3,1,,1,1,1,1,23,5,3,0,0,0,0,0,9,1,3,2020.0,010282066,E09000018,0.0,1.0,2.0,2020.0,010282066,9.0,9.0,99.0,9.0,9.0,HYUNDAI GETZ,2020.0,010282066,2020,11,1,20
531207,2020010282103,526610.0,188192.0,-0.174201,51.578382,1,Slight,2,1,2020-01-11,Saturday,19:30,Barnet,E09000003,6,0,7,30.0,3,4,6,0,,,4,1,1,0,0,1,1,E01000206,3,1,01/11/2020,01/11/2020,1,3,0,18,,1,0,0,0,0,,,6,Male,32,26 - 35,125,1,0,1,1,,1,1,1,1,32,6,3,0,0,0,0,0,3,1,1,2020.0,010282103,E09000003,0.0,0.0,2.0,2020.0,010282103,1.0,5.0,0.0,1.0,1.0,HONDA CBF125N,2020.0,010282103,2020,1,1,19
531213,2020010282115,530334.0,164833.0,-0.129096,51.367611,1,Slight,2,2,2020-01-12,Sunday,18:00,Sutton,E09000029,3,232,6,30.0,9,4,6,0,,,4,1,1,0,0,1,1,E01004077,3,1,01/12/2020,01/12/2020,1,5,0,18,,1,0,7,0,0,,,6,Male,25,21 - 25,645,1,13,1,1,,1,1,1,1,25,5,3,0,0,0,0,0,5,1,1,2020.0,010282115,E09000029,0.0,8.0,2.0,2020.0,010282115,3.0,7.0,0.0,1.0,1.0,SUZUKI SV 650,2020.0,010282115,2020,1,2,18
531223,2020010282140,525537.0,170468.0,-0.195978,51.419334,1,Serious,2,1,2020-01-12,Sunday,18:45,Merton,E09000024,3,219,6,20.0,6,1,5,0,,,4,1,1,0,0,1,1,E01003358,2,2,01/12/2020,01/12/2020,1,4,0,18,,1,0,0,0,0,,,6,Male,35,26 - 35,865,1,16,9,1,,1,1,1,1,35,6,2,0,0,0,0,0,4,1,9,2020.0,010282140,E09000024,0.0,5.0,2.0,2020.0,010282140,5.0,1.0,0.0,0.0,1.0,-1,2020.0,010282140,2020,1,2,18
531224,2020010282141,532663.0,172114.0,-0.092939,51.432505,1,Serious,2,1,2020-01-12,Sunday,21:05,Lambeth,E09000022,6,0,6,20.0,3,4,6,0,,,4,1,1,0,0,1,1,E01003064,2,2,01/12/2020,01/12/2020,1,5,0,18,,1,0,4,0,0,,,6,Male,32,26 - 35,998,1,11,3,1,,1,1,1,1,32,6,2,0,0,0,0,0,5,1,3,2020.0,010282141,E09000022,0.0,0.0,2.0,2020.0,010282141,1.0,5.0,0.0,1.0,1.0,YAMAHA YZF R1,2020.0,010282141,2020,1,2,21
531230,2020010282158,514277.0,180359.0,-0.354645,51.510613,1,Slight,2,1,2020-02-12,Wednesday,01:06,Ealing,E09000009,3,4127,6,30.0,0,-1,6,0,,,4,1,1,0,1,1,1,E01001220,3,1,02/12/2020,02/12/2020,1,9,0,18,,0,0,0,0,0,,,6,Male,24,21 - 25,2000,2,15,3,1,,2,1,1,1,28,6,3,0,0,0,0,0,9,1,5,2020.0,010282158,E09000009,0.0,0.0,2.0,2020.0,010282158,5.0,1.0,0.0,1.0,1.0,VOLKSWAGEN GOLF,2020.0,010282158,2020,2,1,1
531263,2020010282264,523185.0,181034.0,-0.226108,51.51481,1,Slight,2,1,2020-10-31,Saturday,22:00,Hammersmith and Fulham,E09000013,3,219,6,30.0,6,2,3,40,,,4,1,1,0,0,1,3,E01001874,3,1,31/10/2020,31/10/2020,1,9,0,99,,9,9,99,9,99,,,6,Male,26,26 - 35,1995,2,10,10,1,,1,1,1,1,26,6,3,0,0,0,0,0,9,1,10,2020.0,010282264,E09000013,9.0,5.0,2.0,2020.0,010282264,9.0,9.0,99.0,2.0,9.0,BMW 1 SERIES,2020.0,010282264,2020,10,1,22
531289,2020010282325,542904.0,181550.0,0.058098,51.514807,1,Slight,2,1,2020-02-12,Wednesday,18:00,Newham,E09000025,6,0,9,20.0,8,4,6,0,,,7,2,2,0,9,1,3,E01003486,3,1,02/12/2020,02/12/2020,1,9,0,99,,9,9,99,9,99,,,6,Female,24,21 - 25,1388,1,14,2,1,,1,1,1,2,24,5,3,0,0,0,0,0,9,1,2,2020.0,010282325,E09000025,9.0,9.0,2.0,2020.0,010282325,9.0,9.0,99.0,9.0,9.0,FORD FIESTA,2020.0,010282325,2020,2,1,18