,accident_index,location_easting_osgr,location_northing_osgr,longitude,latitude,police_force,accident_severity,number_of_vehicles,number_of_casualties,date,day_of_week,time,local_authority_district,local_authority_highway,first_road_class,first_road_number,road_type,speed_limit,junction_detail,junction_control,second_road_class,second_road_number,pedestrian_crossing-human_control,pedestrian_crossing-physical_facilities,light_conditions,weather_conditions,road_surface_conditions,special_conditions_at_site,carriageway_hazards,urban_or_rural_area,did_police_officer_attend_scene_of_accident,lsoa_of_accident_location,accident_severity_num,accident_severity_inv,date2,date_original,vehicle_reference_x,vehicle_type,towing_and_articulation,vehicle_manoeuvre,vehicle_location-restricted_lane,junction_location,skidding_and_overturning,hit_object_in_carriageway,vehicle_leaving_carriageway,hit_object_off_carriageway,1st_point_of_impact,was_vehicle_left_hand_drive?,journey_purpose_of_driver,sex_of_driver,age_of_driver,age_band_of_driver,engine_capacity_cc,propulsion_code,age_of_vehicle,driver_imd_decile,driver_home_area_type,vehicle_imd_decile,vehicle_reference_y,casualty_reference,casualty_class,sex_of_casualty,age_of_casualty,age_band_of_casualty,casualty_severity,pedestrian_location,pedestrian_movement,car_passenger,bus_or_coach_passenger,pedestrian_road_maintenance_worker,casualty_type,casualty_home_area_type,casualty_imd_decile,accident_year_x,accident_reference_x,local_authority_ons_district,pedestrian_crossing_human_control,pedestrian_crossing_physical_facilities,trunk_road_flag,accident_year_y,accident_reference_y,vehicle_direction_from,vehicle_direction_to,vehicle_location_restricted_lane,first_point_of_impact,vehicle_left_hand_drive,generic_make_model,accident_year,accident_reference,year,month,severity,hours
531291,2020010282329,544500.0,187174.0,0.083389,51.564936,1,Slight,2,1,2020-02-12,Wednesday,19:25,Redbridge,E09000026,5,0,6,30.0,3,4,6,0,,,4,9,9,9,9,1,3,E01003758,3,1,02/12/2020,02/12/2020,1,9,0,18,,1,9,99,9,99,,,6,Male,34,26 - 35,1598,1,12,5,1,,1,1,1,1,34,6,3,0,0,0,0,0,9,1,5,2020.0,010282329,E09000026,9.0,9.0,2.0,2020.0,010282329,1.0,5.0,99.0,9.0,1.0,VAUXHALL ZAFIRA,2020.0,010282329,2020,2,1,19
531295,2020010282337,551020.0,174811.0,0.172094,51.452147,1,Serious,2,1,2020-02-12,Wednesday,18:00,Bexley,E09000004,3,207,1,30.0,2,4,3,223,,,4,2,2,0,0,1,1,E01000378,2,2,02/12/2020,02/12/2020,1,9,0,18,,3,0,0,0,0,,,6,Male,32,26 - 35,1995,2,8,4,1,,2,1,1,1,16,4,2,0,0,0,0,0,1,1,2,2020.0,010282337,E09000004,0.0,0.0,2.0,2020.0,010282337,5.0,1.0,0.0,1.0,1.0,BMW 3 SERIES,2020.0,010282337,2020,2,2,18
531306,2020010282361,540307.0,188047.0,0.023285,51.573839,1,Slight,2,1,2020-03-12,Thursday,01:12,Redbridge,E09000026,3,1008,6,30.0,3,2,5,0,,,4,1,2,0,0,1,1,E01003789,3,1,03/12/2020,03/12/2020,1,9,0,9,,8,0,0,0,0,,,6,Male,28,26 - 35,1798,1,7,7,1,,1,1,1,1,28,6,3,0,0,0,0,0,9,1,7,2020.0,010282361,E09000026,0.0,4.0,2.0,2020.0,010282361,5.0,2.0,0.0,3.0,1.0,SEAT LEON,2020.0,010282361,2020,3,1,1
531307,2020010282364,513828.0,182389.0,-0.360457,51.528949,1,Slight,1,1,2020-03-12,Thursday,00:18,Ealing,E09000009,4,455,3,20.0,3,2,6,0,,,4,1,2,0,2,1,1,E01001259,3,1,03/12/2020,03/12/2020,1,9,0,18,,1,1,11,0,0,,,6,Male,29,26 - 35,1339,1,14,4,1,,1,1,2,2,21,5,3,0,0,1,0,0,9,1,1,2020.0,010282364,E09000009,0.0,4.0,2.0,2020.0,010282364,4.0,8.0,0.0,4.0,1.0,HONDA JAZZ,2020.0,010282364,2020,3,1,0
531308,2020010282365,510457.0,188859.0,-0.407003,51.587771,1,Slight,2,1,2020-03-12,Thursday,04:30,Hillingdon,E09000017,4,472,6,30.0,0,-1,6,0,,,4,1,2,0,0,1,1,E01002436,3,1,03/12/2020,03/12/2020,1,9,0,16,,0,1,4,7,0,,,6,Male,22,21 - 25,2993,2,4,6,1,,1,1,1,1,22,5,3,0,0,0,0,0,9,1,6,2020.0,010282365,E09000017,0.0,0.0,2.0,2020.0,010282365,1.0,5.0,0.0,1.0,1.0,BMW 4 SERIES,2020.0,010282365,2020,3,1,4
531309,2020010282366,543039.0,176633.0,0.058051,51.47059,1,Slight,2,1,2020-02-12,Wednesday,21:24,Greenwich,E09000011,3,207,6,30.0,0,-1,6,0,,,7,2,2,0,0,1,3,E01001682,3,1,02/12/2020,02/12/2020,1,8,0,99,,0,9,99,9,99,,,2,Male,33,26 - 35,1498,1,1,1,1,,1,1,1,1,33,6,3,0,0,0,0,0,8,1,1,2020.0,010282366,E09000011,9.0,9.0,2.0,2020.0,010282366,9.0,9.0,99.0,4.0,9.0,FORD MONDEO,2020.0,010282366,2020,2,1,21
531310,2020010282367,542026.0,176913.0,0.043588,51.473361,1,Slight,3,5,2020-02-12,Wednesday,23:08,Greenwich,E09000011,3,207,6,30.0,3,4,6,0,,,6,2,2,0,2,1,1,E01001651,3,1,02/12/2020,02/12/2020,1,9,0,9,,5,0,0,3,11,,,6,Male,30,26 - 35,-1,-1,-1,4,1,,1,1,1,1,30,6,3,0,0,0,0,0,9,1,4,2020.0,010282367,E09000011,0.0,0.0,2.0,2020.0,010282367,7.0,6.0,0.0,1.0,1.0,-1,2020.0,010282367,2020,2,5,23
531326,2020010282399,535734.0,176948.0,-0.046936,51.475219,1,Slight,2,1,2020-02-12,Wednesday,19:50,Lewisham,E09000023,3,2,6,30.0,3,2,3,2,,,4,8,2,0,0,1,3,E01003338,3,1,02/12/2020,02/12/2020,1,2,0,99,,9,9,99,9,99,,,2,Female,26,26 - 35,50,1,0,4,1,,1,1,1,2,26,6,3,0,0,0,0,0,2,1,4,2020.0,010282399,E09000023,0.0,5.0,2.0,2020.0,010282399,9.0,9.0,99.0,1.0,1.0,-1,2020.0,010282399,2020,2,1,19
531374,2020010282491,530933.0,175087.0,-0.116713,51.459625,1,Slight,2,1,2020-03-12,Thursday,18:29,Lambeth,E09000022,3,23,3,20.0,0,-1,6,0,,,4,2,2,0,0,1,1,E01003176,3,1,03/12/2020,03/12/2020,1,9,0,3,,0,0,0,0,0,,,1,Male,33,26 - 35,1395,8,5,4,1,,2,1,1,1,19,4,3,0,0,0,0,0,3,1,4,2020.0,010282491,E09000022,0.0,0.0,2.0,2020.0,010282491,5.0,1.0,0.0,2.0,1.0,AUDI A3,2020.0,010282491,2020,3,1,18
531392,2020010282522,532009.0,191315.0,-0.095157,51.605209,1,Fatal,1,1,2020-03-12,Thursday,18:00,Haringey,E09000014,5,0,6,20.0,3,4,6,0,,,4,1,2,0,0,1,1,E01002090,1,3,03/12/2020,03/12/2020,1,9,0,7,,1,1,0,0,0,,,6,Male,35,26 - 35,2979,1,5,7,1,,1,1,3,2,74,10,1,9,9,0,0,0,0,1,1,2020.0,010282522,E09000014,0.0,0.0,2.0,2020.0,010282522,3.0,4.0,0.0,1.0,1.0,BMW M1,2020.0,010282522,2020,3,3,18
531393,2020010282524,542186.0,176871.0,0.045874,51.472943,1,Slight,2,1,2020-03-12,Thursday,18:00,Greenwich,E09000011,3,207,3,30.0,3,2,6,0,,,4,2,2,0,0,1,1,E01001646,3,1,03/12/2020,03/12/2020,1,9,0,18,,2,0,0,0,0,,,6,Male,21,21 - 25,1198,1,9,6,1,,2,1,1,1,32,6,3,0,0,0,0,0,9,1,1,2020.0,010282524,E09000011,0.0,0.0,2.0,2020.0,010282524,8.0,4.0,0.0,1.0,1.0,VOLKSWAGEN POLO,2020.0,010282524,2020,3,1,18
531409,2020010282557,531391.0,172997.0,-0.1109,51.440736,1,Slight,1,3,2020-02-12,Wednesday,00:15,Lambeth,E09000022,3,205,6,60.0,1,4,6,0,,,4,1,2,0,0,1,3,E01003174,3,1,02/12/2020,02/12/2020,1,8,0,99,,9,9,99,9,99,,,6,Not known,30,26 - 35,1798,8,3,-1,-1,,1,1,2,-1,30,6,3,0,0,0,0,0,8,1,4,2020.0,010282557,E09000022,0.0,0.0,2.0,2020.0,010282557,9.0,9.0,99.0,1.0,9.0,TOYOTA AURIS,2020.0,010282557,2020,2,3,0
531419,2020010282603,517873.0,180864.0,-0.302682,51.514414,1,Slight,2,1,2020-02-12,Wednesday,05:40,Ealing,E09000009,6,0,2,20.0,3,2,6,0,,,7,2,2,4,0,1,3,E01001221,3,1,02/12/2020,02/12/2020,1,3,0,99,,9,9,99,9,99,,,6,Male,30,26 - 35,125,1,1,3,1,,1,1,1,1,30,6,3,0,0,0,0,0,3,1,3,2020.0,010282603,E09000009,9.0,9.0,2.0,2020.0,010282603,9.0,9.0,99.0,2.0,1.0,HONDA NSS,2020.0,010282603,2020,2,1,5
531425,2020010282622,526594.0,178103.0,-0.178056,51.487716,1,Slight,2,2,2020-03-12,Thursday,20:45,Kensington and Chelsea,E09000020,3,308,9,20.0,6,4,6,0,,,1,2,2,0,0,1,3,E01002910,3,1,03/12/2020,03/12/2020,1,3,0,99,,8,9,99,9,99,,,6,Male,34,26 - 35,125,1,0,1,1,,1,1,1,1,34,6,3,0,0,0,0,0,3,1,1,2020.0,010282622,E09000020,9.0,9.0,2.0,2020.0,010282622,9.0,9.0,99.0,9.0,1.0,HONDA SH 125,2020.0,010282622,2020,3,2,20
531427,2020010282626,532120.0,165644.0,-0.103154,51.374488,1,Slight,2,1,2020-02-12,Wednesday,19:30,Croydon,E09000008,6,0,2,20.0,0,-1,6,0,,,4,2,2,0,0,1,3,E01001014,3,1,02/12/2020,02/12/2020,1,9,0,99,,0,9,99,9,99,,,6,Male,23,21 - 25,2143,2,4,6,1,,1,1,1,1,23,5,3,0,0,0,0,0,9,1,6,2020.0,010282626,E09000008,0.0,0.0,2.0,2020.0,010282626,9.0,9.0,99.0,9.0,9.0,MERCEDES GLA CLASS,2020.0,010282626,2020,2,1,19
531429,2020010282630,547078.0,187667.0,0.120762,51.5687,1,Slight,2,1,2020-03-12,Thursday,21:55,Redbridge,E09000026,3,118,6,30.0,3,4,6,0,,,4,2,2,0,0,1,1,E01003666,3,1,03/12/2020,03/12/2020,1,5,0,18,,1,0,0,0,0,,,6,Male,26,26 - 35,636,1,7,1,1,,1,1,1,1,26,6,3,0,0,0,0,0,5,1,1,2020.0,010282630,E09000026,0.0,0.0,2.0,2020.0,010282630,3.0,7.0,0.0,4.0,1.0,KAWASAKI ZX636,2020.0,010282630,2020,3,1,21
531433,2020010282636,532333.0,168345.0,-0.09909,51.398711,1,Slight,1,1,2020-03-12,Thursday,22:00,Croydon,E09000008,4,266,6,30.0,99,2,6,0,,,7,2,2,0,0,1,3,E01001155,3,1,03/12/2020,03/12/2020,1,9,0,99,,9,9,99,9,99,,,6,Female,27,26 - 35,1997,1,5,4,1,,1,1,1,2,27,6,3,0,0,0,0,0,9,1,4,2020.0,010282636,E09000008,9.0,9.0,2.0,2020.0,010282636,9.0,9.0,99.0,1.0,9.0,HONDA CRV,2020.0,010282636,2020,3,1,22
531478,2020010282750,534520.0,187117.0,-0.060526,51.566891,1,Serious,1,1,2020-04-12,Sunday,20:10,Hackney,E09000012,3,107,3,30.0,3,4,6,0,,,4,1,2,0,0,1,1,E01001728,2,2,04/12/2020,04/12/2020,1,9,0,18,,1,0,0,0,0,,,6,Male,23,21 - 25,1598,1,13,1,1,,1,1,3,1,69,10,2,5,1,0,0,0,0,1,4,2020.0,010282750,E09000012,0.0,0.0,2.0,2020.0,010282750,5.0,1.0,0.0,1.0,1.0,VAUXHALL ASTRA,2020.0,010282750,2020,4,2,20
531486,2020010282762,522948.0,188595.0,-0.22688,51.582815,1,Slight,2,2,2020-04-12,Sunday,19:47,Barnet,E09000003,4,551,6,40.0,9,2,3,41,,,7,1,2,0,0,1,3,E01000237,3,1,04/12/2020,04/12/2020,1,9,0,99,,9,9,99,9,99,,,6,Male,33,26 - 35,998,1,5,6,1,,1,1,1,1,33,6,3,0,0,0,0,0,9,1,6,2020.0,010282762,E09000003,0.0,0.0,2.0,2020.0,010282762,9.0,9.0,99.0,1.0,9.0,TOYOTA AYGO,2020.0,010282762,2020,4,2,19
531493,2020010282774,538040.0,189860.0,-0.008695,51.590689,1,Slight,2,1,2020-04-12,Sunday,21:34,Waltham Forest,E09000031,3,503,3,20.0,7,2,5,0,,,4,1,1,0,0,1,1,E01004407,3,1,04/12/2020,04/12/2020,1,9,0,18,,1,0,0,0,0,,,6,Male,20,16 - 20,1995,2,16,1,1,,2,1,1,1,42,7,3,0,0,0,0,0,9,1,2,2020.0,010282774,E09000031,2.0,5.0,2.0,2020.0,010282774,5.0,1.0,0.0,1.0,1.0,BMW 3 SERIES,2020.0,010282774,2020,4,1,21
531495,2020010282779,547598.0,175280.0,0.123078,51.457263,1,Slight,2,1,2020-04-12,Sunday,19:15,Bexley,E09000004,3,221,3,30.0,3,4,6,0,,,1,4,1,0,0,1,1,E01000389,3,1,04/12/2020,04/12/2020,1,9,0,18,,2,0,0,0,0,,,1,Male,19,16 - 20,1968,2,5,2,1,,1,1,1,1,19,4,3,0,0,0,0,0,9,1,2,2020.0,010282779,E09000004,0.0,0.0,2.0,2020.0,010282779,3.0,7.0,0.0,1.0,1.0,AUDI A3,2020.0,010282779,2020,4,1,19
531498,2020010282783,517556.0,178871.0,-0.307912,51.496567,1,Slight,2,1,2020-04-12,Sunday,21:22,Ealing,E09000009,6,0,6,20.0,0,-1,6,0,,,4,8,1,0,0,1,3,E01001301,3,1,04/12/2020,04/12/2020,1,2,0,99,,0,9,99,9,99,,,6,Male,28,26 - 35,125,1,0,2,1,,1,1,1,1,28,6,3,0,0,0,0,0,2,1,2,2020.0,010282783,E09000009,0.0,0.0,2.0,2020.0,010282783,9.0,9.0,99.0,1.0,1.0,YAMAHA GPD 125,2020.0,010282783,2020,4,1,21
531501,2020010282788,530675.0,183958.0,-0.117142,51.539406,1,Slight,2,1,2020-04-12,Sunday,20:05,Islington,E09000019,3,5203,9,20.0,3,4,6,0,,,4,1,9,0,0,1,3,E01002714,3,1,04/12/2020,04/12/2020,1,3,0,99,,9,9,99,9,99,,,6,Male,27,26 - 35,125,1,7,3,1,,1,1,1,1,27,6,3,0,0,0,0,0,3,1,3,2020.0,010282788,E09000019,9.0,9.0,2.0,2020.0,010282788,9.0,9.0,99.0,1.0,1.0,PULSE XF 125,2020.0,010282788,2020,4,1,20
531502,2020010282789,537779.0,183027.0,-0.015135,51.529352,1,Slight,3,3,2020-04-12,Sunday,23:53,Tower Hamlets,E09000030,3,11,7,30.0,5,2,6,0,,,4,1,1,0,0,1,1,E01032764,3,1,04/12/2020,04/12/2020,1,9,0,18,,1,0,0,0,0,,,6,Male,22,21 - 25,2979,1,7,2,1,,1,1,1,1,22,5,3,0,0,0,0,0,9,1,2,2020.0,010282789,E09000030,0.0,0.0,2.0,2020.0,010282789,1.0,5.0,0.0,1.0,1.0,BMW M1,2020.0,010282789,2020,4,3,23
531503,2020010282798,512157.0,172487.0,-0.387678,51.440284,1,Slight,2,2,2020-04-12,Sunday,23:39,Hounslow,E09000018,3,312,6,30.0,6,4,6,0,,,4,1,1,0,0,1,1,E01002607,3,1,04/12/2020,04/12/2020,1,9,0,18,,1,0,0,0,0,,,6,Male,23,21 - 25,1580,8,0,3,1,,1,1,1,1,23,5,3,0,0,0,0,0,9,1,3,2020.0,010282798,E09000018,0.0,5.0,2.0,2020.0,010282798,4.0,8.0,0.0,3.0,1.0,HYUNDAI IONIQ,2020.0,010282798,2020,4,2,23
531505,2020010282802,524608.0,182862.0,-0.204964,51.530927,1,Slight,2,1,2020-04-12,Sunday,23:50,Westminster,E09000033,6,0,2,20.0,9,4,6,0,,,4,1,1,0,0,1,1,E01004723,3,1,04/12/2020,04/12/2020,1,9,0,5,,1,0,0,0,0,,,6,Male,24,21 - 25,1388,1,10,2,1,,2,1,1,1,32,6,3,0,0,0,0,0,1,1,2,2020.0,010282802,E09000033,0.0,0.0,2.0,2020.0,010282802,1.0,5.0,0.0,1.0,1.0,FORD FIESTA,2020.0,010282802,2020,4,1,23
531512,2020010282838,535444.0,185049.0,-0.047998,51.548086,1,Slight,2,1,2020-04-12,Sunday,19:18,Hackney,E09000012,3,102,6,20.0,3,2,5,0,,,7,1,1,0,0,1,3,E01001730,3,1,04/12/2020,04/12/2020,1,9,0,99,,9,9,99,9,99,,,6,Female,25,21 - 25,1991,1,4,7,1,,1,1,1,2,25,5,3,0,0,0,0,0,9,1,7,2020.0,010282838,E09000012,0.0,5.0,2.0,2020.0,010282838,9.0,9.0,99.0,9.0,9.0,MERCEDES GLA CLASS,2020.0,010282838,2020,4,1,19
531523,2020010282875,526484.0,171953.0,-0.181837,51.432469,1,Slight,2,1,2020-04-12,Sunday,19:30,Wandsworth,E09000032,5,0,3,30.0,3,4,6,0,,,5,2,2,9,0,1,3,E01004492,3,1,04/12/2020,04/12/2020,1,3,9,99,,9,9,99,9,99,,,6,Male,35,26 - 35,125,1,0,3,1,,1,1,1,1,35,6,3,0,0,0,0,0,3,1,3,2020.0,010282875,E09000032,9.0,9.0,2.0,2020.0,010282875,9.0,9.0,99.0,1.0,1.0,HONDA WW125,2020.0,010282875,2020,4,1,19
531525,2020010282880,542429.0,185735.0,0.052949,51.552532,1,Slight,2,1,2020-03-12,Thursday,19:15,Newham,E09000025,3,118,9,30.0,3,4,6,0,,,7,2,2,9,0,1,3,E01003578,3,1,03/12/2020,03/12/2020,1,3,0,99,,1,9,99,9,99,,,6,Male,20,16 - 20,125,1,4,2,1,,1,1,1,1,20,4,3,0,0,0,0,0,3,1,2,2020.0,010282880,E09000025,9.0,5.0,2.0,2020.0,010282880,9.0,9.0,99.0,1.0,1.0,HONDA WW125EX2,2020.0,010282880,2020,3,1,19
531548,2020010282951,515948.0,188096.0,-0.32803,51.579811,1,Slight,2,1,2020-05-12,Tuesday,18:10,Harrow,E09000015,3,409,6,30.0,0,-1,6,0,,,1,1,1,0,0,1,1,E01002126,3,1,05/12/2020,05/12/2020,1,8,0,4,,0,0,0,0,0,,,1,Male,34,26 - 35,1598,2,9,9,1,,1,1,2,2,46,8,3,0,0,2,0,0,8,1,2,2020.0,010282951,E09000015,0.0,0.0,2.0,2020.0,010282951,8.0,4.0,0.0,2.0,1.0,VOLKSWAGEN PASSAT,2020.0,010282951,2020,5,1,18
531552,2020010282957,526034.0,182870.0,-0.184414,51.530683,1,Slight,2,3,2020-05-12,Tuesday,18:05,Westminster,E09000033,3,5,2,20.0,6,2,5,0,,,7,1,1,4,0,1,1,E01004711,3,1,05/12/2020,05/12/2020,1,9,0,3,,1,0,2,0,0,,,6,Female,31,26 - 35,1995,2,5,4,1,,1,1,1,2,31,6,3,0,0,0,0,0,9,1,4,2020.0,010282957,E09000033,2.0,5.0,2.0,2020.0,010282957,7.0,3.0,0.0,1.0,1.0,BMW 3 SERIES,2020.0,010282957,2020,5,3,18
531554,2020010282960,538944.0,177975.0,-0.000341,51.483669,1,Slight,2,1,2020-11-20,Friday,20:30,Greenwich,E09000011,3,206,6,20.0,8,4,6,0,,,4,1,2,0,0,1,3,E01001664,3,1,20/11/2020,20/11/2020,1,9,0,99,,9,9,99,9,99,,,6,Male,27,26 - 35,1995,2,13,2,1,,1,1,1,1,27,6,3,0,0,0,0,0,9,1,2,2020.0,010282960,E09000011,9.0,9.0,2.0,2020.0,010282960,9.0,9.0,99.0,2.0,9.0,BMW 1 SERIES,2020.0,010282960,2020,11,1,20
531558,2020010282966,531653.0,189298.0,-0.10105,51.587167,1,Slight,3,1,2020-05-12,Tuesday,21:35,Haringey,E09000014,3,105,6,30.0,6,2,3,105,,,4,1,1,0,0,1,1,E01002003,3,1,05/12/2020,05/12/2020,1,9,0,5,,1,0,0,0,0,,,6,Male,15,11 - 15,1900,2,16,3,1,,2,1,1,1,32,6,3,0,0,0,0,0,9,1,2,2020.0,010282966,E09000014,0.0,0.0,2.0,2020.0,010282966,1.0,5.0,0.0,1.0,1.0,VOLKSWAGEN GOLF,2020.0,010282966,2020,5,1,21
531561,2020010282970,531154.0,174613.0,-0.113709,51.455314,1,Slight,2,1,2020-05-12,Tuesday,21:03,Lambeth,E09000022,3,204,6,30.0,6,2,5,0,,,4,1,2,0,0,1,1,E01003074,3,1,05/12/2020,05/12/2020,1,9,0,9,,1,0,0,0,0,,,6,Male,27,26 - 35,1995,1,8,8,1,,2,1,1,1,23,5,3,0,0,0,0,0,23,1,4,2020.0,010282970,E09000022,0.0,4.0,2.0,2020.0,010282970,4.0,1.0,0.0,3.0,1.0,BMW 3 SERIES,2020.0,010282970,2020,5,1,21
531562,2020010282972,539107.0,169007.0,-0.001517,51.40304,1,Slight,2,1,2020-05-12,Tuesday,20:00,Bromley,E09000006,5,0,6,30.0,3,4,6,0,,,4,1,1,0,0,1,1,E01000717,3,1,05/12/2020,05/12/2020,1,2,0,13,,1,2,0,0,0,,,1,Male,21,21 - 25,108,1,5,1,1,,1,1,1,1,21,5,3,0,0,0,0,0,2,1,1,2020.0,010282972,E09000006,0.0,0.0,2.0,2020.0,010282972,1.0,5.0,0.0,1.0,1.0,HONDA NSC110E,2020.0,010282972,2020,5,1,20
531569,2020010282987,534312.0,165663.0,-0.071672,51.374144,1,Slight,2,1,2020-05-12,Tuesday,22:00,Croydon,E09000008,3,232,6,30.0,3,4,6,0,,,4,1,1,0,0,1,1,E01001049,3,1,05/12/2020,05/12/2020,1,9,0,18,,1,0,0,0,0,,,6,Male,28,26 - 35,1242,1,8,4,1,,1,1,1,1,28,6,3,0,0,0,0,0,9,1,4,2020.0,010282987,E09000008,0.0,0.0,2.0,2020.0,010282987,3.0,7.0,9.0,3.0,1.0,FORD FIESTA,2020.0,010282987,2020,5,1,22
531570,2020010282991,510581.0,177389.0,-0.408813,51.484653,1,Slight,2,2,2020-05-12,Tuesday,22:50,Hounslow,E09000018,3,312,3,40.0,0,-1,6,0,,,4,1,1,0,0,1,1,E01002583,3,1,05/12/2020,05/12/2020,1,9,0,18,,0,1,0,0,0,,,6,Male,27,26 - 35,2993,2,10,4,1,,2,1,1,2,38,7,3,0,0,0,0,0,9,1,6,2020.0,010282991,E09000018,0.0,0.0,2.0,2020.0,010282991,5.0,1.0,0.0,1.0,1.0,BMW 5 SERIES,2020.0,010282991,2020,5,2,22
531573,2020010283001,533556.0,182088.0,-0.076333,51.521928,1,Slight,1,1,2020-05-12,Tuesday,22:00,Tower Hamlets,E09000030,3,1202,6,20.0,3,4,3,1202,,,4,1,1,0,0,1,1,E01004307,3,1,05/12/2020,05/12/2020,1,3,0,18,,8,0,0,0,0,,,6,Not known,20,16 - 20,125,1,7,2,1,,1,1,3,1,60,9,3,1,1,0,0,0,0,1,5,2020.0,010283001,E09000030,0.0,4.0,2.0,2020.0,010283001,3.0,7.0,0.0,1.0,1.0,HONDA SH125,2020.0,010283001,2020,5,1,22
531574,2020010283005,530094.0,164841.0,-0.132539,51.367738,1,Slight,2,3,2020-06-12,Friday,00:34,Sutton,E09000029,3,232,2,20.0,3,3,4,272,,,4,1,1,0,0,1,1,E01004077,3,1,06/12/2020,06/12/2020,1,9,0,7,,6,0,0,0,0,,,6,Female,26,26 - 35,1499,2,1,3,1,,1,1,1,2,26,6,3,0,0,0,0,0,9,1,3,2020.0,010283005,E09000029,0.0,0.0,2.0,2020.0,010283005,5.0,7.0,0.0,1.0,1.0,FORD KUGA,2020.0,010283005,2020,6,3,0
531576,2020010283009,544046.0,179134.0,0.073559,51.492808,1,Slight,1,1,2020-06-12,Friday,02:20,Greenwich,E09000011,6,0,6,30.0,7,2,6,0,,,4,1,1,0,0,1,1,E01033731,3,1,06/12/2020,06/12/2020,1,9,0,18,,8,0,10,0,0,,,6,Male,23,21 - 25,1995,1,18,5,1,,1,1,2,2,22,5,3,0,0,2,0,0,9,1,3,2020.0,010283009,E09000011,0.0,0.0,2.0,2020.0,010283009,3.0,7.0,0.0,3.0,1.0,BMW 3 SERIES,2020.0,010283009,2020,6,1,2
531577,2020010283010,528320.0,178462.0,-0.15308,51.490554,1,Slight,2,1,2020-05-12,Tuesday,22:05,Westminster,E09000033,3,3214,6,30.0,3,4,5,0,,,4,1,1,0,2,1,1,E01004666,3,1,05/12/2020,05/12/2020,1,3,0,10,,1,2,10,0,0,,,6,Male,18,16 - 20,125,1,2,3,1,,1,1,1,1,18,4,3,0,0,0,0,0,3,1,3,2020.0,010283010,E09000033,0.0,1.0,2.0,2020.0,010283010,4.0,1.0,0.0,1.0,1.0,HONDA WW125EX2,2020.0,010283010,2020,5,1,22
531578,2020010283011,525492.0,182441.0,-0.192377,51.526948,1,Slight,2,2,2020-06-12,Friday,01:10,Westminster,E09000033,5,0,3,20.0,3,4,6,0,,,4,1,1,0,0,1,1,E01004706,3,1,06/12/2020,06/12/2020,1,4,0,18,,1,0,0,0,0,,,6,Male,33,26 - 35,125,1,3,5,1,,1,1,1,1,33,6,3,0,0,0,0,0,4,1,5,2020.0,010283011,E09000033,0.0,0.0,2.0,2020.0,010283011,3.0,7.0,0.0,1.0,1.0,HONDA NSS 125 AD,2020.0,010283011,2020,6,2,1
531581,2020010283017,521520.0,184203.0,-0.248998,51.543651,1,Slight,3,2,2020-05-12,Tuesday,23:40,Brent,E09000005,6,0,3,20.0,3,4,6,0,,,4,1,1,0,0,1,1,E01000526,3,1,05/12/2020,05/12/2020,1,9,0,3,,1,0,0,0,0,,,6,Male,23,21 - 25,1998,8,3,6,1,,1,1,1,1,23,5,3,0,0,0,0,0,9,1,6,2020.0,010283017,E09000005,0.0,0.0,2.0,2020.0,010283017,5.0,1.0,0.0,1.0,1.0,BMW 5 SERIES,2020.0,010283017,2020,5,2,23
531582,2020010283019,511011.0,178345.0,-0.402323,51.493161,1,Serious,1,1,2020-06-12,Friday,01:45,Hounslow,E09000018,6,0,3,20.0,0,-1,6,0,,,4,8,1,0,0,1,1,E01002633,2,2,06/12/2020,06/12/2020,1,9,0,18,,0,0,7,1,0,,,6,Male,22,21 - 25,1586,1,13,3,1,,1,1,1,1,22,5,2,0,0,0,0,0,9,1,3,2020.0,010283019,E09000018,0.0,8.0,2.0,2020.0,010283019,6.0,2.0,9.0,1.0,1.0,SUZUKI VITARA,2020.0,010283019,2020,6,2,1
531584,2020010283022,523446.0,187841.0,-0.219961,51.57593,1,Slight,3,2,2020-06-12,Friday,00:00,Barnet,E09000003,3,406,3,40.0,5,4,3,41,,,4,1,2,0,0,1,1,E01000307,3,1,06/12/2020,06/12/2020,1,9,0,11,,1,0,0,0,0,,,6,Male,22,21 - 25,1339,8,10,4,1,,1,1,2,1,23,5,3,0,0,1,0,0,9,1,2,2020.0,010283022,E09000003,0.0,0.0,2.0,2020.0,010283022,3.0,7.0,0.0,1.0,1.0,HONDA INSIGHT,2020.0,010283022,2020,6,2,0