,accident_index,location_easting_osgr,location_northing_osgr,longitude,latitude,police_force,accident_severity,number_of_vehicles,number_of_casualties,date,day_of_week,time,local_authority_district,local_authority_highway,first_road_class,first_road_number,road_type,speed_limit,junction_detail,junction_control,second_road_class,second_road_number,pedestrian_crossing-human_control,pedestrian_crossing-physical_facilities,light_conditions,weather_conditions,road_surface_conditions,special_conditions_at_site,carriageway_hazards,urban_or_rural_area,did_police_officer_attend_scene_of_accident,lsoa_of_accident_location,accident_severity_num,accident_severity_inv,date2,date_original,vehicle_reference_x,vehicle_type,towing_and_articulation,vehicle_manoeuvre,vehicle_location-restricted_lane,junction_location,skidding_and_overturning,hit_object_in_carriageway,vehicle_leaving_carriageway,hit_object_off_carriageway,1st_point_of_impact,was_vehicle_left_hand_drive?,journey_purpose_of_driver,sex_of_driver,age_of_driver,age_band_of_driver,engine_capacity_cc,propulsion_code,age_of_vehicle,driver_imd_decile,driver_home_area_type,vehicle_imd_decile,vehicle_reference_y,casualty_reference,casualty_class,sex_of_casualty,age_of_casualty,age_band_of_casualty,casualty_severity,pedestrian_location,pedestrian_movement,car_passenger,bus_or_coach_passenger,pedestrian_road_maintenance_worker,casualty_type,casualty_home_area_type,casualty_imd_decile,accident_year_x,accident_reference_x,local_authority_ons_district,pedestrian_crossing_human_control,pedestrian_crossing_physical_facilities,trunk_road_flag,accident_year_y,accident_reference_y,vehicle_direction_from,vehicle_direction_to,vehicle_location_restricted_lane,first_point_of_impact,vehicle_left_hand_drive,generic_make_model,accident_year,accident_reference,year,month,severity,hours
531585,2020010283024,541461.0,174594.0,0.034532,51.452664,1,Slight,1,1,2020-06-12,Friday,00:41,Greenwich,E09000011,6,0,6,20.0,3,4,3,205,,,4,2,2,0,0,1,1,E01001659,3,1,06/12/2020,06/12/2020,1,9,0,5,,1,0,0,0,0,,,6,Male,19,16 - 20,1598,2,5,4,1,,1,1,3,2,28,6,3,8,3,0,0,0,0,1,2,2020.0,010283024,E09000011,0.0,0.0,2.0,2020.0,010283024,0.0,3.0,0.0,1.0,1.0,VOLKSWAGEN GOLF,2020.0,010283024,2020,6,1,0
531586,2020010283025,547379.0,185109.0,0.124031,51.545637,1,Slight,1,1,2020-06-12,Friday,00:25,Barking and Dagenham,E09000002,3,1153,1,30.0,1,4,5,0,,,4,1,1,0,0,1,1,E01000075,3,1,06/12/2020,06/12/2020,1,9,0,7,,3,0,10,0,0,,,6,Male,24,21 - 25,1995,1,12,-1,-1,,1,1,1,1,24,5,3,0,0,0,0,0,9,-1,-1,2020.0,010283025,E09000002,0.0,1.0,2.0,2020.0,010283025,2.0,5.0,0.0,1.0,1.0,BMW 3 SERIES,2020.0,010283025,2020,6,1,0
531592,2020010283047,513951.0,191410.0,-0.355762,51.610004,1,Slight,2,1,2020-05-12,Tuesday,18:18,Harrow,E09000015,3,410,1,30.0,1,4,3,4008,,,1,1,1,0,0,1,3,E01002148,3,1,05/12/2020,05/12/2020,1,9,0,99,,9,9,99,9,99,,,6,Female,31,26 - 35,1995,1,9,8,1,,1,1,1,2,31,6,3,0,0,0,0,0,9,1,8,2020.0,010283047,E09000015,0.0,9.0,2.0,2020.0,010283047,9.0,9.0,99.0,3.0,9.0,BMW 3 SERIES,2020.0,010283047,2020,5,1,18
531617,2020010283114,515395.0,182278.0,-0.337914,51.527633,1,Slight,2,1,2020-06-12,Friday,18:59,Ealing,E09000009,4,455,6,20.0,3,4,6,0,,,4,1,1,0,0,1,1,E01001283,3,1,06/12/2020,06/12/2020,1,9,0,7,,1,0,0,0,0,,,6,Male,21,21 - 25,1197,1,5,6,1,,1,1,1,1,21,5,3,0,0,0,0,0,9,1,6,2020.0,010283114,E09000009,0.0,0.0,2.0,2020.0,010283114,7.0,8.0,0.0,2.0,1.0,VOLKSWAGEN POLO,2020.0,010283114,2020,6,1,18
531626,2020010283134,519137.0,179384.0,-0.284974,51.500848,1,Serious,2,1,2020-06-12,Friday,19:05,Ealing,E09000018,3,406,3,40.0,6,2,4,4491,,,4,8,1,0,0,1,1,E01002691,2,2,06/12/2020,06/12/2020,1,3,0,4,,1,0,0,0,0,,,6,Male,19,16 - 20,124,1,13,7,1,,1,1,1,1,19,4,2,0,0,0,0,0,3,1,7,2020.0,010283134,E09000018,0.0,4.0,2.0,2020.0,010283134,5.0,1.0,0.0,1.0,1.0,PIAGGIO VESPA,2020.0,010283134,2020,6,2,19
531627,2020010283135,534045.0,166676.0,-0.075124,51.383311,1,Slight,2,1,2020-02-12,Wednesday,20:20,Croydon,E09000008,6,0,9,20.0,3,4,6,0,,,7,2,2,0,0,1,3,E01000981,3,1,02/12/2020,02/12/2020,1,9,0,99,,9,9,99,9,99,,,6,Male,35,26 - 35,2199,2,10,7,1,,1,1,1,1,35,6,3,0,0,0,0,0,9,1,7,2020.0,010283135,E09000008,0.0,0.0,2.0,2020.0,010283135,9.0,9.0,99.0,9.0,9.0,HONDA ACCORD,2020.0,010283135,2020,2,1,20
531628,2020010283140,536430.0,181283.0,-0.035245,51.514007,1,Slight,2,1,2020-06-12,Friday,21:00,Tower Hamlets,E09000030,5,0,2,20.0,3,4,6,0,,,4,1,1,0,0,1,1,E01004254,3,1,06/12/2020,06/12/2020,1,9,0,9,,6,5,0,0,0,,,6,Male,23,21 - 25,1995,2,13,4,1,,2,1,1,1,21,5,3,0,0,0,0,0,1,1,2,2020.0,010283140,E09000030,0.0,0.0,2.0,2020.0,010283140,7.0,5.0,0.0,1.0,1.0,BMW 5 SERIES,2020.0,010283140,2020,6,1,21
531635,2020010283156,532335.0,172910.0,-0.097358,51.439735,1,Serious,2,3,2020-06-12,Friday,21:18,Lambeth,E09000022,3,205,6,30.0,3,4,6,0,,,4,1,1,0,0,1,1,E01003166,2,2,06/12/2020,06/12/2020,1,9,0,17,,1,0,0,0,0,,,6,Female,25,21 - 25,1198,1,8,2,1,,1,1,1,2,25,5,2,0,0,0,0,0,9,1,2,2020.0,010283156,E09000022,0.0,0.0,2.0,2020.0,010283156,1.0,5.0,0.0,1.0,1.0,VOLKSWAGEN POLO,2020.0,010283156,2020,6,6,21
531636,2020010283160,527270.0,192950.0,-0.162956,51.620993,1,Serious,1,2,2020-06-12,Friday,23:15,Barnet,E09000003,4,550,6,30.0,0,-1,6,0,,,4,7,2,0,0,1,1,E01000266,2,2,06/12/2020,06/12/2020,1,9,0,4,,0,5,10,2,10,,,6,Male,19,16 - 20,998,1,4,2,1,,1,1,1,1,19,4,3,0,0,0,0,0,9,1,2,2020.0,010283160,E09000003,0.0,0.0,2.0,2020.0,010283160,1.0,5.0,0.0,1.0,1.0,FORD FIESTA,2020.0,010283160,2020,6,4,23
531637,2020010283161,539714.0,175017.0,0.009572,51.456898,1,Slight,1,2,2020-07-12,Sunday,01:15,Lewisham,E09000023,3,20,6,30.0,7,2,6,0,,,4,7,2,0,0,1,1,E01003202,3,1,07/12/2020,07/12/2020,1,9,0,9,,5,1,10,0,0,,,6,Male,31,26 - 35,2995,1,3,4,1,,1,1,1,1,31,6,3,0,0,0,0,0,9,1,4,2020.0,010283161,E09000023,0.0,1.0,2.0,2020.0,010283161,4.0,1.0,0.0,1.0,1.0,AUDI S5,2020.0,010283161,2020,7,2,1
531638,2020010283163,543465.0,182462.0,0.066549,51.52286,1,Slight,3,1,2020-06-12,Friday,20:53,Newham,E09000025,3,13,3,50.0,0,-1,6,0,,,4,7,2,0,0,1,1,E01003482,3,1,06/12/2020,06/12/2020,1,9,0,18,,0,0,0,0,0,,,6,Female,24,21 - 25,998,1,7,2,1,,3,1,2,2,23,5,3,0,0,1,0,0,9,-1,-1,2020.0,010283163,E09000025,0.0,0.0,2.0,2020.0,010283163,3.0,7.0,0.0,1.0,1.0,FORD FIESTA,2020.0,010283163,2020,6,1,20
531639,2020010283164,539421.0,184579.0,0.009135,51.542896,1,Slight,2,1,2020-07-12,Sunday,01:08,Newham,E09000025,4,164,6,30.0,6,2,3,118,,,4,1,2,0,0,1,1,E01003618,3,1,07/12/2020,07/12/2020,1,9,0,4,,1,0,0,0,0,,,2,Male,20,16 - 20,1086,1,14,3,1,,1,1,1,1,20,4,3,0,0,0,0,0,9,1,3,2020.0,010283164,E09000025,0.0,1.0,2.0,2020.0,010283164,1.0,5.0,0.0,1.0,1.0,HYUNDAI AMICA,2020.0,010283164,2020,7,1,1
531641,2020010283168,539933.0,178273.0,0.014011,51.486103,1,Slight,2,1,2020-07-12,Sunday,00:15,Greenwich,E09000011,3,206,6,30.0,3,4,6,0,,,4,7,1,4,2,1,1,E01001665,3,1,07/12/2020,07/12/2020,1,9,0,18,,2,1,0,7,11,,,2,Male,31,26 - 35,998,1,2,4,1,,1,1,1,1,31,6,3,0,0,0,0,0,9,1,4,2020.0,010283168,E09000011,0.0,0.0,2.0,2020.0,010283168,7.0,3.0,0.0,1.0,1.0,FORD FIESTA,2020.0,010283168,2020,7,1,0
531642,2020010283172,524408.0,175987.0,-0.210269,51.469184,1,Slight,2,3,2020-07-12,Sunday,04:10,Hammersmith and Fulham,E09000013,3,219,6,30.0,3,2,3,308,,,4,1,1,0,0,1,1,E01001915,3,1,07/12/2020,07/12/2020,1,9,0,18,,1,0,0,0,0,,,2,Female,29,26 - 35,1999,2,5,10,1,,2,1,1,1,22,5,3,0,0,0,0,0,9,1,2,2020.0,010283172,E09000013,0.0,4.0,2.0,2020.0,010283172,5.0,1.0,0.0,1.0,1.0,LAND ROVER RANGE ROVER,2020.0,010283172,2020,7,3,4
531686,2020010283301,535726.0,178777.0,-0.046348,51.491657,1,Slight,1,1,2020-07-12,Sunday,03:50,Southwark,E09000028,3,2208,7,30.0,0,-1,6,0,,,1,1,1,9,9,1,3,E01004036,3,1,07/12/2020,07/12/2020,1,3,0,99,,0,9,99,9,99,,,6,Male,32,26 - 35,125,1,2,6,1,,1,1,1,1,32,6,3,0,0,0,0,0,3,1,6,2020.0,010283301,E09000028,9.0,9.0,2.0,2020.0,010283301,9.0,9.0,99.0,9.0,1.0,YAMAHA GPD 125,2020.0,010283301,2020,7,1,3
531692,2020010283314,535875.0,189881.0,-0.039921,51.591404,1,Slight,2,1,2020-07-12,Sunday,19:15,Waltham Forest,E09000031,4,179,6,20.0,9,4,6,0,,,4,1,1,0,0,1,1,E01004401,3,1,07/12/2020,07/12/2020,1,3,0,18,,1,2,0,0,0,,,2,Male,27,26 - 35,124,1,1,3,1,,1,1,1,1,27,6,3,0,0,0,0,0,3,1,3,2020.0,010283314,E09000031,0.0,0.0,2.0,2020.0,010283314,1.0,5.0,0.0,1.0,1.0,-1,2020.0,010283314,2020,7,1,19
531699,2020010283328,545570.0,163940.0,0.089259,51.355891,1,Slight,2,3,2020-06-12,Friday,19:25,Bromley,E09000006,4,2158,1,30.0,2,4,3,223,,,4,2,2,0,0,1,1,E01000686,3,1,06/12/2020,06/12/2020,1,9,0,18,,4,1,0,0,0,,,6,Female,34,26 - 35,1598,1,10,2,1,,1,1,1,2,34,6,3,0,0,0,0,0,9,1,2,2020.0,010283328,E09000006,0.0,8.0,2.0,2020.0,010283328,3.0,7.0,0.0,4.0,1.0,VAUXHALL ASTRA,2020.0,010283328,2020,6,3,19
531708,2020010283353,533362.0,182269.0,-0.079059,51.5236,1,Serious,1,1,2020-08-12,Wednesday,05:30,Hackney,E09000012,3,1202,3,20.0,3,2,5,0,,,4,1,2,0,0,1,1,E01033708,2,2,08/12/2020,08/12/2020,1,9,0,18,,8,0,0,0,0,,,2,Male,26,26 - 35,1242,1,16,-1,-1,,1,1,3,1,56,9,2,1,1,0,0,0,0,1,2,2020.0,010283353,E09000012,0.0,5.0,2.0,2020.0,010283353,8.0,4.0,0.0,1.0,1.0,FORD FIESTA,2020.0,010283353,2020,8,2,5
531709,2020010283361,533879.0,188267.0,-0.069332,51.577378,1,Slight,2,1,2020-07-12,Sunday,19:20,Haringey,E09000014,6,0,9,20.0,99,9,6,0,,,7,9,9,9,9,1,3,E01002055,3,1,07/12/2020,07/12/2020,1,3,0,99,,9,9,99,9,99,,,6,Male,27,26 - 35,125,1,2,2,1,,1,1,1,1,27,6,3,0,0,0,0,0,3,1,2,2020.0,010283361,E09000014,9.0,9.0,2.0,2020.0,010283361,9.0,9.0,99.0,2.0,1.0,HONDA SH 125,2020.0,010283361,2020,7,1,19
531715,2020010283377,531886.0,171779.0,-0.104235,51.429675,1,Slight,2,1,2020-07-12,Sunday,18:19,Lambeth,E09000022,3,215,6,20.0,9,2,5,0,,,4,7,5,0,0,1,1,E01003084,3,1,07/12/2020,07/12/2020,1,9,0,18,,8,0,0,0,0,,,6,Male,26,26 - 35,2979,1,5,5,1,,2,1,1,1,18,4,3,0,0,0,0,0,2,1,3,2020.0,010283377,E09000022,0.0,1.0,2.0,2020.0,010283377,1.0,5.0,0.0,1.0,1.0,BMW M3,2020.0,010283377,2020,7,1,18
531741,2020010283441,529471.0,181116.0,-0.135537,51.514143,1,Slight,2,1,2020-05-12,Tuesday,21:10,Westminster,E09000033,5,0,2,20.0,3,4,6,0,,,7,1,1,0,0,1,3,E01033595,3,1,05/12/2020,05/12/2020,1,9,0,99,,9,9,99,9,99,,,6,Male,24,21 - 25,2143,2,5,4,1,,1,1,1,1,24,5,3,0,0,0,0,0,9,1,4,2020.0,010283441,E09000033,0.0,0.0,2.0,2020.0,010283441,9.0,9.0,99.0,1.0,1.0,MERCEDES GLA CLASS,2020.0,010283441,2020,5,1,21
531757,2020010283488,522828.0,173195.0,-0.233973,51.444435,1,Slight,2,1,2020-07-12,Sunday,18:35,Wandsworth,E09000032,3,3,3,40.0,0,-1,6,0,,,7,1,1,0,0,1,3,E01004573,3,1,07/12/2020,07/12/2020,1,9,0,99,,0,9,99,9,99,,,6,Male,30,26 - 35,1580,8,1,3,1,,1,1,1,1,30,6,3,0,0,0,0,0,9,1,3,2020.0,010283488,E09000032,0.0,0.0,2.0,2020.0,010283488,9.0,9.0,99.0,9.0,9.0,KIA NIRO,2020.0,010283488,2020,7,1,18
531760,2020010283503,517078.0,180543.0,-0.31424,51.511694,1,Slight,2,1,2020-08-12,Wednesday,20:08,Ealing,E09000009,3,4020,6,30.0,3,4,6,0,,,4,1,1,0,0,1,1,E01001388,3,1,08/12/2020,08/12/2020,1,9,0,9,,6,0,0,0,0,,,2,Female,30,26 - 35,1397,1,11,3,1,,2,1,1,1,49,8,3,0,0,0,0,0,1,1,9,2020.0,010283503,E09000009,0.0,0.0,2.0,2020.0,010283503,1.0,7.0,0.0,1.0,1.0,MINI ONE,2020.0,010283503,2020,8,1,20
531762,2020010283508,521327.0,180084.0,-0.253198,51.506674,1,Slight,2,1,2020-08-12,Wednesday,03:45,Ealing,E09000009,5,0,7,40.0,3,4,3,4020,,,1,1,1,0,0,1,3,E01001381,3,1,08/12/2020,08/12/2020,1,3,0,99,,9,9,99,9,99,,,6,Female,27,26 - 35,125,1,5,1,1,,1,1,1,2,27,6,3,0,0,0,0,0,3,1,1,2020.0,010283508,E09000009,9.0,8.0,2.0,2020.0,010283508,9.0,9.0,99.0,1.0,1.0,HONDA WW125EX2,2020.0,010283508,2020,8,1,3
531765,2020010283515,526508.0,178928.0,-0.178999,51.49515,1,Slight,2,2,2020-07-12,Sunday,00:45,Kensington and Chelsea,E09000020,3,4,7,20.0,6,2,5,0,,,1,1,2,0,0,1,3,E01002835,3,1,07/12/2020,07/12/2020,1,9,0,18,,1,9,99,9,99,,,2,Female,24,21 - 25,1968,2,5,8,1,,1,1,1,2,24,5,3,0,0,0,0,0,9,1,8,2020.0,010283515,E09000020,9.0,9.0,2.0,2020.0,010283515,7.0,3.0,99.0,2.0,9.0,AUDI A6,2020.0,010283515,2020,7,2,0
531767,2020010283534,532783.0,166112.0,-0.093459,51.378539,1,Slight,2,1,2020-08-12,Wednesday,19:36,Croydon,E09000008,6,0,6,30.0,3,4,6,0,,,4,1,2,0,0,1,1,E01001048,3,1,08/12/2020,08/12/2020,1,3,0,18,,1,0,0,0,0,,,1,Male,26,26 - 35,125,1,4,3,1,,1,1,1,1,26,6,3,0,0,0,0,0,3,1,3,2020.0,010283534,E09000008,0.0,0.0,2.0,2020.0,010283534,5.0,1.0,0.0,4.0,1.0,HONDA SH 125 AD,2020.0,010283534,2020,8,1,19
531769,2020010283538,522570.0,188536.0,-0.232353,51.582367,1,Slight,2,1,2020-08-12,Wednesday,18:15,Barnet,E09000003,6,0,6,30.0,6,4,5,0,,,4,8,2,0,0,1,1,E01000309,3,1,08/12/2020,08/12/2020,1,9,0,18,,1,0,0,0,0,,,6,Male,32,26 - 35,1461,2,10,1,1,,2,1,1,1,57,9,3,0,0,0,0,0,9,1,5,2020.0,010283538,E09000003,0.0,0.0,2.0,2020.0,010283538,7.0,3.0,0.0,1.0,1.0,NISSAN QASHQAI,2020.0,010283538,2020,8,1,18
531770,2020010283542,521612.0,174149.0,-0.251134,51.453271,1,Serious,2,1,2020-08-12,Wednesday,20:30,Wandsworth,E09000032,6,0,6,20.0,3,4,6,0,,,4,2,2,0,0,1,1,E01004574,2,2,08/12/2020,08/12/2020,1,9,0,18,,6,0,0,1,0,,,6,Male,20,16 - 20,1796,1,13,4,1,,2,1,1,1,27,6,2,0,0,0,0,0,3,1,3,2020.0,010283542,E09000032,0.0,0.0,2.0,2020.0,010283542,3.0,7.0,0.0,1.0,1.0,VAUXHALL ASTRA,2020.0,010283542,2020,8,2,20
531771,2020010283543,533762.0,189504.0,-0.070549,51.588522,1,Slight,1,2,2020-08-12,Wednesday,23:21,Haringey,E09000014,3,10,9,30.0,99,2,4,153,,,7,2,2,0,0,1,3,E01002066,3,1,08/12/2020,08/12/2020,1,9,0,99,,9,9,99,9,99,,,6,Male,19,16 - 20,1229,1,10,2,1,,1,1,1,1,19,4,3,0,0,0,0,0,9,1,2,2020.0,010283543,E09000014,0.0,9.0,2.0,2020.0,010283543,9.0,9.0,99.0,9.0,9.0,VAUXHALL CORSA,2020.0,010283543,2020,8,2,23
531772,2020010283545,531455.0,161826.0,-0.114112,51.34033,1,Slight,2,1,2020-08-12,Wednesday,20:53,Croydon,E09000008,3,235,9,30.0,5,2,6,0,,,4,1,1,0,0,1,3,E01001097,3,1,08/12/2020,08/12/2020,1,3,0,99,,9,9,99,9,99,,,6,Male,20,16 - 20,125,1,3,4,1,,1,1,1,1,20,4,3,0,0,0,0,0,3,1,4,2020.0,010283545,E09000008,0.0,7.0,2.0,2020.0,010283545,9.0,9.0,99.0,1.0,1.0,YAMAHA GPD 125,2020.0,010283545,2020,8,1,20
531776,2020010283557,537005.0,176997.0,-0.028627,51.475353,1,Serious,2,1,2020-09-12,Saturday,05:22,Lewisham,E09000023,3,2,6,30.0,7,4,4,218,,,4,2,2,0,0,1,1,E01003303,2,2,09/12/2020,09/12/2020,1,9,0,18,,8,0,0,0,0,,,2,Male,26,26 - 35,1198,1,9,3,1,,2,1,1,2,29,6,2,0,0,0,0,0,1,1,6,2020.0,010283557,E09000023,0.0,0.0,2.0,2020.0,010283557,7.0,3.0,0.0,1.0,1.0,VOLKSWAGEN POLO,2020.0,010283557,2020,9,2,5
531784,2020010283573,528896.0,180203.0,-0.144152,51.506069,1,Slight,2,1,2020-08-12,Wednesday,18:20,Westminster,E09000033,3,4,6,20.0,0,-1,6,0,,,4,1,1,0,0,1,3,E01004736,3,1,08/12/2020,08/12/2020,1,3,0,99,,0,9,99,9,99,,,6,Male,28,26 - 35,124,1,0,2,1,,1,1,1,1,28,6,3,0,0,0,0,0,3,1,2,2020.0,010283573,E09000033,0.0,0.0,2.0,2020.0,010283573,9.0,9.0,99.0,9.0,1.0,YAMAHA X-MAX 125,2020.0,010283573,2020,8,1,18
531816,2020010283676,540531.0,178839.0,0.022843,51.491041,1,Slight,2,1,2020-08-12,Wednesday,22:10,Greenwich,E09000011,6,0,9,20.0,99,9,6,0,,,7,2,2,0,0,1,3,E01033733,3,1,08/12/2020,08/12/2020,1,9,0,99,,9,9,99,9,99,,,6,Male,35,26 - 35,1598,1,13,2,1,,1,1,1,1,35,6,3,0,0,0,0,0,9,1,2,2020.0,010283676,E09000011,0.0,9.0,2.0,2020.0,010283676,9.0,9.0,99.0,2.0,9.0,RENAULT SCENIC,2020.0,010283676,2020,8,1,22
531823,2020010283699,519458.0,192785.0,-0.275802,51.621221,1,Slight,2,2,2020-05-12,Tuesday,23:30,Barnet,E09000003,3,41,3,40.0,3,2,6,0,,,4,1,1,0,0,1,3,E01000191,3,1,05/12/2020,05/12/2020,1,9,0,18,,8,0,0,0,0,,,6,Male,22,21 - 25,1984,1,1,10,1,,1,1,1,1,22,5,3,0,0,0,0,0,9,1,10,2020.0,010283699,E09000003,0.0,0.0,2.0,2020.0,010283699,7.0,3.0,0.0,1.0,1.0,VOLKSWAGEN ARTEON,2020.0,010283699,2020,5,2,23
531828,2020010283710,526321.0,171823.0,-0.184227,51.431337,1,Serious,2,1,2020-09-12,Saturday,18:16,Wandsworth,E09000032,4,235,6,20.0,2,4,5,0,,,4,1,1,0,0,1,1,E01004492,2,2,09/12/2020,09/12/2020,1,9,0,9,,8,0,0,0,0,,,6,Female,22,21 - 25,1598,2,7,8,1,,2,1,1,2,45,7,2,0,0,0,0,0,3,1,7,2020.0,010283710,E09000032,0.0,0.0,2.0,2020.0,010283710,1.0,7.0,0.0,1.0,1.0,VOLKSWAGEN TOURAN,2020.0,010283710,2020,9,2,18
531830,2020010283713,524679.0,189385.0,-0.201629,51.589534,1,Slight,2,1,2020-09-12,Saturday,18:40,Barnet,E09000003,3,406,3,40.0,0,-1,6,0,,,4,1,1,0,0,1,1,E01000225,3,1,09/12/2020,09/12/2020,1,9,0,18,,0,0,0,0,0,,,2,Female,23,21 - 25,1197,1,7,1,1,,1,1,1,2,23,5,3,0,0,0,0,0,9,1,1,2020.0,010283713,E09000003,0.0,0.0,2.0,2020.0,010283713,3.0,7.0,0.0,4.0,1.0,VOLKSWAGEN POLO,2020.0,010283713,2020,9,1,18
531832,2020010283716,524319.0,165575.0,-0.215198,51.375627,1,Slight,2,3,2020-09-12,Saturday,18:26,Sutton,E09000029,6,0,6,20.0,3,4,6,0,,,4,1,1,0,0,1,1,E01004131,3,1,09/12/2020,09/12/2020,1,9,0,18,,8,0,0,3,0,,,6,Male,24,21 - 25,1999,2,4,10,1,,1,1,1,1,24,5,3,0,0,0,0,0,9,1,10,2020.0,010283716,E09000029,0.0,0.0,2.0,2020.0,010283716,4.0,8.0,0.0,1.0,1.0,JAGUAR XE SERIES,2020.0,010283716,2020,9,3,18
531840,2020010283740,539151.0,173960.0,0.001059,51.447538,1,Slight,2,1,2020-09-12,Saturday,20:45,Lewisham,E09000023,6,0,6,30.0,6,4,5,0,,,4,1,1,0,0,1,1,E01003295,3,1,09/12/2020,09/12/2020,1,3,0,18,,8,0,0,0,0,,,6,Male,19,16 - 20,125,1,10,4,1,,1,1,1,1,19,4,3,0,0,0,0,0,3,1,4,2020.0,010283740,E09000023,0.0,0.0,2.0,2020.0,010283740,1.0,5.0,0.0,0.0,1.0,HONDA PES 125,2020.0,010283740,2020,9,1,20
531843,2020010283751,532173.0,176964.0,-0.098174,51.476205,1,Slight,1,1,2020-09-12,Saturday,21:35,Southwark,E09000028,3,202,6,20.0,3,4,6,0,,,4,1,1,0,0,1,1,E01003919,3,1,09/12/2020,09/12/2020,1,9,0,7,,1,0,0,1,2,,,2,Female,25,21 - 25,1332,1,0,2,1,,1,1,1,2,25,5,3,0,0,0,0,0,9,1,2,2020.0,010283751,E09000028,0.0,4.0,2.0,2020.0,010283751,8.0,2.0,0.0,1.0,1.0,MERCEDES A CLASS,2020.0,010283751,2020,9,1,21
531844,2020010283755,513642.0,188722.0,-0.361093,51.585906,1,Serious,1,1,2020-09-12,Saturday,19:00,Harrow,E09000015,3,404,6,30.0,6,2,3,4090,,,4,1,1,0,0,1,1,E01002157,2,2,09/12/2020,09/12/2020,1,9,0,7,,1,0,0,0,0,,,6,Male,20,16 - 20,1995,2,5,5,1,,1,1,3,2,30,6,2,5,1,0,0,0,0,1,8,2020.0,010283755,E09000015,0.0,4.0,2.0,2020.0,010283755,1.0,4.0,0.0,1.0,1.0,BMW 1 SERIES,2020.0,010283755,2020,9,2,19
531846,2020010283760,528103.0,182722.0,-0.154657,51.528887,1,Slight,1,1,2020-10-12,Monday,00:01,Westminster,E09000033,6,0,6,20.0,0,-1,6,0,,,4,1,2,0,0,1,1,E01004727,3,1,10/12/2020,10/12/2020,1,9,0,17,,0,2,0,1,11,,,6,Male,18,16 - 20,998,1,14,3,1,,1,1,1,1,18,4,3,0,0,0,0,0,9,1,3,2020.0,010283760,E09000033,0.0,0.0,2.0,2020.0,010283760,3.0,7.0,0.0,1.0,1.0,TOYOTA AYGO,2020.0,010283760,2020,10,1,0
531847,2020010283761,528065.0,179766.0,-0.156278,51.502331,1,Slight,4,3,2020-09-12,Saturday,22:38,Westminster,E09000033,3,4,3,40.0,9,4,6,0,,,4,1,1,0,0,1,1,E01004691,3,1,09/12/2020,09/12/2020,1,9,0,18,,1,0,4,0,0,,,6,Male,31,26 - 35,1999,2,4,3,1,,2,1,1,1,30,6,3,0,0,0,0,0,9,1,8,2020.0,010283761,E09000033,0.0,0.0,2.0,2020.0,010283761,3.0,7.0,0.0,1.0,1.0,LAND ROVER DISCOVERY,2020.0,010283761,2020,9,3,22
531851,2020010283770,530039.0,171469.0,-0.130902,51.427316,1,Serious,2,1,2020-10-12,Monday,02:20,Lambeth,E09000022,3,23,6,30.0,7,2,5,0,,,5,1,1,0,0,1,1,E01003120,2,2,10/12/2020,10/12/2020,1,9,0,6,,1,0,0,0,0,,,6,Female,22,21 - 25,999,1,4,2,1,,2,1,1,1,20,4,2,0,0,0,0,0,3,1,2,2020.0,010283770,E09000022,0.0,5.0,2.0,2020.0,010283770,1.0,1.0,0.0,3.0,1.0,AUDI A1,2020.0,010283770,2020,10,2,2
531865,2020010283798,525097.0,177434.0,-0.199843,51.482036,1,Slight,2,1,2020-05-12,Tuesday,18:20,Hammersmith and Fulham,E09000013,4,317,6,20.0,3,4,6,0,,,7,1,1,0,0,1,3,E01001881,3,1,05/12/2020,05/12/2020,1,3,0,18,,9,9,99,0,0,,,6,Male,23,21 - 25,124,1,3,9,1,,1,1,1,1,23,5,3,0,0,0,0,0,3,1,9,2020.0,010283798,E09000013,0.0,0.0,2.0,2020.0,010283798,1.0,5.0,99.0,9.0,1.0,PIAGGIO LIBERTY,2020.0,010283798,2020,5,1,18
531892,2020010283871,535172.0,181968.0,-0.0531,51.520465,1,Slight,2,1,2020-10-12,Monday,18:40,Tower Hamlets,E09000030,3,11,6,30.0,3,4,6,0,,,4,1,1,0,0,1,1,E01004208,3,1,10/12/2020,10/12/2020,1,3,0,15,,1,0,0,0,0,,,1,Male,20,16 - 20,108,1,8,2,1,,1,1,1,1,20,4,3,0,0,0,0,0,3,1,2,2020.0,010283871,E09000030,0.0,4.0,2.0,2020.0,010283871,7.0,3.0,2.0,1.0,1.0,HONDA NSC110WH,2020.0,010283871,2020,10,1,18
531893,2020010283872,537151.0,169844.0,-0.029295,51.411038,1,Slight,2,1,2020-10-12,Monday,18:31,Bromley,E09000006,3,2015,6,30.0,0,-1,6,0,,,4,1,2,0,0,1,1,E01000709,3,1,10/12/2020,10/12/2020,1,9,0,6,,0,0,0,0,0,,,6,Male,23,21 - 25,1560,2,8,6,2,,2,1,1,1,35,6,3,0,0,0,0,0,4,1,4,2020.0,010283872,E09000006,0.0,1.0,2.0,2020.0,010283872,5.0,5.0,0.0,4.0,1.0,CITROEN DS3,2020.0,010283872,2020,10,1,18