,accident_index,location_easting_osgr,location_northing_osgr,longitude,latitude,police_force,accident_severity,number_of_vehicles,number_of_casualties,date,day_of_week,time,local_authority_district,local_authority_highway,first_road_class,first_road_number,road_type,speed_limit,junction_detail,junction_control,second_road_class,second_road_number,pedestrian_crossing-human_control,pedestrian_crossing-physical_facilities,light_conditions,weather_conditions,road_surface_conditions,special_conditions_at_site,carriageway_hazards,urban_or_rural_area,did_police_officer_attend_scene_of_accident,lsoa_of_accident_location,accident_severity_num,accident_severity_inv,date2,date_original,vehicle_reference_x,vehicle_type,towing_and_articulation,vehicle_manoeuvre,vehicle_location-restricted_lane,junction_location,skidding_and_overturning,hit_object_in_carriageway,vehicle_leaving_carriageway,hit_object_off_carriageway,1st_point_of_impact,was_vehicle_left_hand_drive?,journey_purpose_of_driver,sex_of_driver,age_of_driver,age_band_of_driver,engine_capacity_cc,propulsion_code,age_of_vehicle,driver_imd_decile,driver_home_area_type,vehicle_imd_decile,vehicle_reference_y,casualty_reference,casualty_class,sex_of_casualty,age_of_casualty,age_band_of_casualty,casualty_severity,pedestrian_location,pedestrian_movement,car_passenger,bus_or_coach_passenger,pedestrian_road_maintenance_worker,casualty_type,casualty_home_area_type,casualty_imd_decile,accident_year_x,accident_reference_x,local_authority_ons_district,pedestrian_crossing_human_control,pedestrian_crossing_physical_facilities,trunk_road_flag,accident_year_y,accident_reference_y,vehicle_direction_from,vehicle_direction_to,vehicle_location_restricted_lane,first_point_of_impact,vehicle_left_hand_drive,generic_make_model,accident_year,accident_reference,year,month,severity,hours
531895,2020010283880,522033.0,190651.0,-0.239365,51.601491,1,Slight,2,1,2020-10-12,Monday,19:23,Barnet,E09000003,5,0,6,30.0,9,4,6,0,,,4,1,1,0,0,1,1,E01000151,3,1,10/12/2020,10/12/2020,1,90,0,18,,1,0,0,0,0,,,6,Male,23,21 - 25,-1,-1,-1,3,1,,1,1,1,1,23,5,3,0,0,0,0,0,90,1,3,2020.0,010283880,E09000003,0.0,0.0,2.0,2020.0,010283880,5.0,1.0,0.0,3.0,1.0,-1,2020.0,010283880,2020,10,1,19
531906,2020010283907,534139.0,168381.0,-0.073131,51.398611,1,Serious,1,1,2020-10-12,Monday,21:27,Croydon,E09000008,3,215,6,30.0,3,4,6,0,,,4,1,2,0,0,1,1,E01001191,2,2,10/12/2020,10/12/2020,1,9,0,5,,2,0,0,0,0,,,6,Male,31,26 - 35,1995,2,5,2,1,,1,1,3,1,25,5,2,1,1,0,0,0,0,1,2,2020.0,010283907,E09000008,0.0,1.0,2.0,2020.0,010283907,4.0,8.0,0.0,1.0,1.0,BMW X5,2020.0,010283907,2020,10,2,21
531914,2020010283937,527586.0,175146.0,-0.164842,51.460919,1,Slight,2,1,2020-10-12,Monday,23:05,Wandsworth,E09000032,3,3,6,30.0,3,4,6,0,,,5,2,1,0,0,1,3,E01004552,3,1,10/12/2020,10/12/2020,1,3,0,99,,9,9,99,9,99,,,2,Male,32,26 - 35,124,1,0,6,1,,1,1,1,1,32,6,3,0,0,0,0,0,3,1,6,2020.0,010283937,E09000032,0.0,5.0,2.0,2020.0,010283937,9.0,9.0,99.0,9.0,1.0,LEXMOTO ASSAULT 125,2020.0,010283937,2020,10,1,23
531917,2020010283945,512509.0,186311.0,-0.378211,51.564463,1,Slight,2,2,2020-10-12,Monday,22:30,Harrow,E09000015,6,0,1,30.0,1,4,6,0,,,4,2,2,0,0,1,1,E01002214,3,1,10/12/2020,10/12/2020,1,9,0,18,,4,0,0,0,0,,,6,Female,20,16 - 20,998,1,4,3,1,,1,1,1,2,20,4,3,0,0,0,0,0,9,1,3,2020.0,010283945,E09000015,0.0,0.0,2.0,2020.0,010283945,7.0,3.0,0.0,4.0,1.0,TOYOTA AYGO,2020.0,010283945,2020,10,2,22
531933,2020010283986,519828.0,186589.0,-0.272573,51.565457,1,Slight,1,1,2020-11-28,Saturday,22:30,Brent,E09000005,3,4088,3,30.0,9,2,5,0,,,4,1,1,0,0,1,3,E01000482,3,1,28/11/2020,28/11/2020,1,9,0,99,,1,0,0,0,0,,,1,Female,30,26 - 35,999,1,3,9,1,,1,1,1,2,30,6,3,0,0,0,0,0,9,1,9,2020.0,010283986,E09000005,0.0,0.0,2.0,2020.0,010283986,9.0,9.0,0.0,2.0,9.0,AUDI Q2,2020.0,010283986,2020,11,1,22
531960,2020010284050,510600.0,181108.0,-0.407375,51.518076,1,Slight,1,1,2020-11-12,Thursday,00:15,Hillingdon,E09000017,3,4020,3,40.0,99,9,5,0,,,1,1,1,9,9,1,3,E01002396,3,1,11/12/2020,11/12/2020,1,9,0,99,,9,9,99,9,99,,,6,Female,34,26 - 35,1193,1,6,3,1,,1,1,1,2,34,6,3,0,0,0,0,0,9,1,3,2020.0,010284050,E09000017,2.0,5.0,2.0,2020.0,010284050,9.0,9.0,99.0,2.0,9.0,MITSUBISHI MIRAGE,2020.0,010284050,2020,11,1,0
531963,2020010284058,532228.0,179003.0,-0.09662,51.494516,1,Slight,2,2,2020-10-12,Monday,19:15,Southwark,E09000028,3,201,3,20.0,0,-1,6,0,,,7,2,2,0,0,1,3,E01032720,3,1,10/12/2020,10/12/2020,1,9,0,99,,0,9,99,9,99,,,6,Male,34,26 - 35,1798,8,1,2,1,,1,1,2,2,29,6,3,0,0,1,0,0,9,1,5,2020.0,010284058,E09000028,0.0,5.0,2.0,2020.0,010284058,9.0,9.0,99.0,2.0,9.0,TOYOTA C-HR,2020.0,010284058,2020,10,2,19
531985,2020010284108,545550.0,164530.0,0.089213,51.361198,1,Slight,1,1,2020-11-12,Thursday,19:33,Bromley,E09000006,3,223,6,30.0,3,4,6,0,,,4,2,2,0,0,1,1,E01000682,3,1,11/12/2020,11/12/2020,1,9,0,18,,2,0,10,0,0,,,6,Male,20,16 - 20,1984,1,0,-1,-1,,1,1,1,1,20,4,3,0,0,0,0,0,9,-1,-1,2020.0,010284108,E09000006,0.0,1.0,2.0,2020.0,010284108,1.0,5.0,0.0,1.0,1.0,VOLKSWAGEN GOLF,2020.0,010284108,2020,11,1,19
531998,2020010284133,543257.0,188405.0,0.06597,51.576314,1,Slight,2,1,2020-11-12,Thursday,19:17,Redbridge,E09000026,3,12,1,30.0,1,2,3,1400,,,4,9,1,3,0,1,3,E01003690,3,1,11/12/2020,11/12/2020,1,9,0,99,,3,9,99,9,99,,,2,Female,20,16 - 20,999,1,4,10,1,,1,1,1,2,20,4,3,0,0,0,0,0,9,1,10,2020.0,010284133,E09000026,0.0,9.0,2.0,2020.0,010284133,9.0,9.0,99.0,9.0,9.0,VOLKSWAGEN POLO,2020.0,010284133,2020,11,1,19
532007,2020010284158,534672.0,176203.0,-0.062502,51.468777,1,Slight,2,1,2020-11-12,Thursday,19:40,Southwark,E09000028,6,0,3,30.0,6,4,6,0,,,7,2,1,0,0,1,1,E01004068,3,1,11/12/2020,11/12/2020,1,9,0,3,,1,0,0,0,0,,,6,Male,25,21 - 25,1360,1,10,1,1,,1,1,1,1,25,5,3,0,0,0,0,0,9,1,1,2020.0,010284158,E09000028,0.0,0.0,2.0,2020.0,010284158,5.0,1.0,0.0,2.0,1.0,-1,2020.0,010284158,2020,11,1,19
532027,2020010284219,528627.0,183550.0,-0.146805,51.53621,1,Slight,2,1,2020-11-12,Thursday,19:30,Camden,E09000007,3,4201,9,20.0,6,2,5,0,,,4,1,2,0,0,1,3,E01000862,3,1,11/12/2020,11/12/2020,1,3,0,99,,9,9,99,9,99,,,2,Male,30,26 - 35,-1,-1,-1,1,1,,1,1,1,1,30,6,3,0,0,0,0,0,3,1,1,2020.0,010284219,E09000007,0.0,0.0,2.0,2020.0,010284219,9.0,9.0,99.0,9.0,1.0,-1,2020.0,010284219,2020,11,1,19
532033,2020010284240,526941.0,178970.0,-0.172749,51.49543,1,Slight,2,1,2020-05-12,Tuesday,18:56,Kensington and Chelsea,E09000020,3,3218,6,20.0,3,4,6,0,,,4,2,2,0,0,1,3,E01002821,3,1,05/12/2020,05/12/2020,1,3,0,99,,2,9,99,9,99,,,6,Male,21,21 - 25,125,1,2,2,1,,1,1,1,1,21,5,3,0,0,0,0,0,3,1,2,2020.0,010284240,E09000020,9.0,9.0,2.0,2020.0,010284240,9.0,9.0,99.0,1.0,1.0,YAMAHA GPD 125,2020.0,010284240,2020,5,1,18
532045,2020010284270,534610.0,185179.0,-0.059969,51.549454,1,Slight,2,1,2020-09-12,Saturday,18:50,Hackney,E09000012,3,107,2,30.0,6,2,3,104,,,7,1,1,0,0,1,3,E01001758,3,1,09/12/2020,09/12/2020,1,3,0,99,,9,9,99,9,99,,,6,Male,26,26 - 35,108,1,3,4,1,,1,1,1,1,26,6,3,0,0,0,0,0,3,1,4,2020.0,010284270,E09000012,9.0,9.0,2.0,2020.0,010284270,9.0,9.0,99.0,2.0,1.0,HONDA NSC110MP,2020.0,010284270,2020,9,1,18
532052,2020010284283,535397.0,165635.0,-0.056104,51.373635,1,Slight,2,4,2020-12-12,Saturday,19:15,Croydon,E09000008,3,232,1,30.0,1,4,3,232,,,4,8,1,0,0,1,1,E01001062,3,1,12/12/2020,12/12/2020,1,9,0,18,,8,0,0,0,0,,,6,Female,32,26 - 35,1084,1,3,-1,-1,,1,1,1,2,32,6,3,0,0,0,0,0,9,-1,-1,2020.0,010284283,E09000008,0.0,1.0,2.0,2020.0,010284283,1.0,5.0,0.0,4.0,1.0,FORD FIESTA,2020.0,010284283,2020,12,4,19
532053,2020010284284,535155.0,180917.0,-0.053748,51.511024,1,Slight,2,1,2020-12-12,Saturday,18:33,Tower Hamlets,E09000030,6,0,6,20.0,9,4,4,126,,,4,1,2,0,0,1,1,E01004302,3,1,12/12/2020,12/12/2020,1,9,0,10,,6,0,0,0,0,,,6,Male,20,16 - 20,1600,1,14,1,1,,2,1,1,1,35,6,3,0,0,0,0,0,1,1,3,2020.0,010284284,E09000030,2.0,1.0,2.0,2020.0,010284284,2.0,1.0,0.0,3.0,1.0,VOLKSWAGEN GOLF,2020.0,010284284,2020,12,1,18
532054,2020010284285,536190.0,179334.0,-0.039454,51.496551,1,Slight,2,1,2020-12-12,Saturday,20:15,Southwark,E09000028,3,2202,6,20.0,3,4,6,0,,,4,1,1,0,0,1,1,E01004059,3,1,12/12/2020,12/12/2020,1,3,0,9,,5,0,0,0,0,,,1,Male,34,26 - 35,125,1,7,1,1,,1,1,1,1,34,6,3,0,0,0,0,0,3,1,1,2020.0,010284285,E09000028,0.0,0.0,2.0,2020.0,010284285,5.0,2.0,0.0,1.0,1.0,HONDA SH125,2020.0,010284285,2020,12,1,20
532056,2020010284296,544275.0,175303.0,0.075292,51.458325,1,Slight,2,1,2020-12-12,Saturday,19:36,Greenwich,E09000011,3,2,3,50.0,99,9,6,0,,,4,1,1,0,0,1,3,E01001614,3,1,12/12/2020,12/12/2020,1,9,0,99,,9,9,99,9,99,,,6,Female,27,26 - 35,1389,1,15,7,1,,1,1,1,2,27,6,3,0,0,0,0,0,9,1,7,2020.0,010284296,E09000011,0.0,0.0,2.0,2020.0,010284296,9.0,9.0,99.0,9.0,9.0,VAUXHALL CORSA,2020.0,010284296,2020,12,1,19
532066,2020010284311,543540.0,178891.0,0.066176,51.490753,1,Slight,2,1,2020-12-12,Saturday,19:45,Greenwich,E09000011,6,0,6,30.0,0,-1,6,0,,,4,1,1,0,0,1,1,E01033735,3,1,12/12/2020,12/12/2020,1,9,0,5,,0,0,0,0,0,,,6,Male,21,21 - 25,1198,1,7,7,1,,2,1,1,1,18,4,3,0,0,0,0,0,90,1,2,2020.0,010284311,E09000011,0.0,0.0,2.0,2020.0,010284311,7.0,3.0,0.0,1.0,1.0,VOLKSWAGEN POLO,2020.0,010284311,2020,12,1,19
532067,2020010284312,537825.0,172729.0,-0.018489,51.4368,1,Serious,2,3,2020-12-12,Saturday,21:00,Lewisham,E09000023,3,21,3,30.0,9,4,6,0,,,4,1,1,0,0,1,1,E01003221,2,2,12/12/2020,12/12/2020,1,9,0,18,,1,0,0,0,0,,,6,Female,22,21 - 25,1299,1,16,2,1,,1,1,2,2,18,4,2,0,0,1,0,0,9,1,2,2020.0,010284312,E09000023,0.0,0.0,2.0,2020.0,010284312,1.0,5.0,9.0,3.0,1.0,FORD KA,2020.0,010284312,2020,12,6,21
532068,2020010284317,525497.0,170457.0,-0.196557,51.419244,1,Slight,2,1,2020-12-12,Saturday,20:10,Merton,E09000024,3,219,3,30.0,7,2,5,0,,,4,1,1,0,0,1,1,E01003358,3,1,12/12/2020,12/12/2020,1,3,0,18,,1,0,10,0,0,,,1,Male,18,16 - 20,108,1,1,9,1,,1,1,1,1,18,4,3,0,0,0,0,0,3,1,9,2020.0,010284317,E09000024,0.0,0.0,2.0,2020.0,010284317,3.0,7.0,0.0,4.0,1.0,HONDA NSC 110,2020.0,010284317,2020,12,1,20
532070,2020010284327,548432.0,186260.0,0.139691,51.555703,1,Serious,2,1,2020-12-12,Saturday,21:08,Barking and Dagenham,E09000002,6,0,6,30.0,6,4,6,0,,,4,1,2,0,0,1,1,E01000082,2,2,12/12/2020,12/12/2020,1,3,0,18,,8,1,0,0,0,,,6,Male,21,21 - 25,125,1,0,4,1,,1,1,1,1,21,5,2,0,0,0,0,0,3,1,4,2020.0,010284327,E09000002,0.0,0.0,2.0,2020.0,010284327,3.0,7.0,0.0,1.0,1.0,SINNIS ZS 125,2020.0,010284327,2020,12,2,21
532071,2020010284331,532842.0,185434.0,-0.085357,51.552165,1,Slight,2,1,2020-12-12,Saturday,19:30,Hackney,E09000012,3,105,6,20.0,6,2,4,104,,,7,1,1,0,0,1,3,E01001739,3,1,12/12/2020,12/12/2020,1,9,0,99,,9,9,99,9,99,,,6,Male,29,26 - 35,1999,1,5,7,2,,1,1,1,1,29,6,3,0,0,0,0,0,9,2,7,2020.0,010284331,E09000012,9.0,5.0,2.0,2020.0,010284331,9.0,9.0,99.0,9.0,9.0,FORD FOCUS,2020.0,010284331,2020,12,1,19
532080,2020010284366,530718.0,189309.0,-0.114534,51.587484,1,Slight,2,1,2020-12-12,Saturday,22:22,Haringey,E09000014,3,504,2,20.0,99,9,5,0,,,4,9,9,9,9,1,3,E01002014,3,1,12/12/2020,12/12/2020,1,3,0,99,,9,9,99,9,99,,,2,Female,34,26 - 35,125,1,3,2,1,,1,1,1,2,34,6,3,0,0,0,0,0,3,1,2,2020.0,010284366,E09000014,0.0,9.0,2.0,2020.0,010284366,9.0,9.0,99.0,1.0,1.0,YAMAHA GPD 125,2020.0,010284366,2020,12,1,22
532101,2020010284432,533577.0,185894.0,-0.074588,51.556125,1,Slight,2,1,2020-12-13,Sunday,19:04,Hackney,E09000012,3,10,6,20.0,0,-1,6,0,,,4,2,2,0,0,1,1,E01001830,3,1,13/12/2020,13/12/2020,1,9,0,5,,0,0,0,0,0,,,6,Male,23,21 - 25,1995,2,3,1,1,,2,1,1,2,33,6,3,0,0,0,0,0,1,1,3,2020.0,010284432,E09000012,0.0,5.0,2.0,2020.0,010284432,0.0,1.0,6.0,1.0,1.0,BMW 4 SERIES,2020.0,010284432,2020,12,1,19
532104,2020010284444,542204.0,183457.0,0.048786,51.532119,1,Slight,2,1,2020-12-13,Sunday,19:55,Newham,E09000025,3,124,6,30.0,9,4,6,0,,,4,2,2,0,0,1,1,E01003525,3,1,13/12/2020,13/12/2020,1,9,0,7,,6,0,0,0,0,,,6,Female,24,21 - 25,1200,1,1,2,1,,1,1,1,2,24,5,3,0,0,0,0,0,9,1,2,2020.0,010284444,E09000025,0.0,0.0,2.0,2020.0,010284444,2.0,3.0,0.0,1.0,1.0,PEUGEOT 3008,2020.0,010284444,2020,12,1,19
532106,2020010284446,525157.0,185796.0,-0.196011,51.557174,1,Slight,2,1,2020-12-13,Sunday,20:35,Camden,E09000007,3,41,6,20.0,7,2,5,0,,,4,1,2,0,0,1,1,E01000871,3,1,13/12/2020,13/12/2020,1,9,3,4,,1,0,0,0,0,,,6,Female,26,26 - 35,1598,2,7,3,1,,2,1,1,2,41,7,3,0,0,0,0,0,5,1,5,2020.0,010284446,E09000007,0.0,5.0,2.0,2020.0,010284446,5.0,1.0,0.0,1.0,1.0,BMW 1 SERIES,2020.0,010284446,2020,12,1,20
532109,2020010284451,529489.0,176381.0,-0.137013,51.471586,1,Slight,2,1,2020-12-13,Sunday,18:00,Lambeth,E09000022,3,3036,6,30.0,3,4,6,0,,,4,1,2,0,0,1,1,E01003089,3,1,13/12/2020,13/12/2020,1,3,0,13,,1,0,0,0,0,,,2,Male,26,26 - 35,125,1,5,3,1,,2,1,1,1,22,5,3,0,0,0,0,0,1,1,1,2020.0,010284451,E09000022,0.0,0.0,2.0,2020.0,010284451,2.0,6.0,0.0,1.0,1.0,HONDA WW125EX2,2020.0,010284451,2020,12,1,18
532113,2020010284468,536183.0,181135.0,-0.038859,51.512737,1,Slight,2,1,2020-12-13,Sunday,23:26,Tower Hamlets,E09000030,3,13,3,30.0,6,2,3,1203,,,4,8,2,0,0,1,1,E01004286,3,1,13/12/2020,13/12/2020,1,9,0,5,,1,0,0,0,0,,,6,Male,20,16 - 20,1364,1,15,3,1,,1,1,1,1,20,4,3,0,0,0,0,0,9,1,3,2020.0,010284468,E09000030,0.0,5.0,2.0,2020.0,010284468,7.0,3.0,0.0,3.0,1.0,VAUXHALL ASTRA,2020.0,010284468,2020,12,1,23
532116,2020010284477,528663.0,183329.0,-0.146367,51.534215,1,Slight,2,1,2020-12-14,Monday,02:06,Camden,E09000007,3,4201,6,20.0,0,-1,6,0,,,4,2,2,0,7,1,1,E01000948,3,1,14/12/2020,14/12/2020,1,9,0,14,,0,1,0,0,0,,,6,Male,26,26 - 35,1199,1,0,4,1,,1,1,1,1,26,6,3,0,0,0,0,0,9,1,4,2020.0,010284477,E09000007,0.0,0.0,2.0,2020.0,010284477,5.0,1.0,0.0,4.0,1.0,VAUXHALL CORSA,2020.0,010284477,2020,12,1,2
532118,2020010284486,527613.0,179139.0,-0.163013,51.496798,1,Slight,3,1,2020-12-13,Sunday,23:00,Kensington and Chelsea,E09000020,4,319,6,30.0,3,4,6,0,,,4,2,2,0,0,1,1,E01002818,3,1,13/12/2020,13/12/2020,1,9,0,17,,2,0,4,0,0,,,6,Female,26,26 - 35,2995,1,1,-1,-1,,1,1,1,2,26,6,3,0,0,0,0,0,9,-1,-1,2020.0,010284486,E09000020,0.0,1.0,2.0,2020.0,010284486,4.0,8.0,0.0,1.0,1.0,PORSCHE MACAN,2020.0,010284486,2020,12,1,23
532129,2020010284536,541676.0,169335.0,0.035522,51.405353,1,Slight,2,1,2020-12-13,Sunday,18:40,Bromley,E09000006,3,222,7,30.0,5,4,6,0,,,7,2,2,3,0,1,3,E01000646,3,1,13/12/2020,13/12/2020,1,5,0,99,,9,9,99,9,99,,,6,Male,32,26 - 35,745,1,1,7,1,,1,1,1,1,32,6,3,0,0,0,0,0,5,1,7,2020.0,010284536,E09000006,0.0,0.0,2.0,2020.0,010284536,9.0,9.0,99.0,9.0,1.0,HONDA NC 750,2020.0,010284536,2020,12,1,18
532140,2020010284563,527310.0,179226.0,-0.167344,51.497648,1,Slight,2,1,2020-12-13,Sunday,18:30,Kensington and Chelsea,E09000020,3,4,9,20.0,99,2,6,0,,,1,2,2,9,0,1,3,E01002819,3,1,13/12/2020,13/12/2020,1,3,0,99,,9,9,99,9,99,,,2,Male,35,26 - 35,125,1,6,7,1,,1,1,1,1,35,6,3,0,0,0,0,0,3,1,7,2020.0,010284563,E09000020,9.0,0.0,2.0,2020.0,010284563,9.0,9.0,99.0,1.0,1.0,HONDA WW125,2020.0,010284563,2020,12,1,18
532156,2020010284619,535193.0,181629.0,-0.052928,51.517413,1,Slight,2,1,2020-12-12,Saturday,06:00,Tower Hamlets,E09000030,6,0,3,20.0,0,-1,6,0,,,1,9,1,0,0,1,1,E01004324,3,1,12/12/2020,12/12/2020,1,90,0,5,,0,0,0,0,0,,,6,Male,21,21 - 25,-1,-1,-1,1,1,,1,1,1,1,21,5,3,0,0,0,0,0,90,1,1,2020.0,010284619,E09000030,0.0,1.0,2.0,2020.0,010284619,3.0,7.0,9.0,0.0,1.0,-1,2020.0,010284619,2020,12,1,6
532169,2020010284661,530069.0,191369.0,-0.123134,51.606146,1,Slight,2,1,2020-12-12,Saturday,18:50,Haringey,E09000014,3,109,2,20.0,99,9,6,0,,,7,1,1,0,0,1,3,E01001970,3,1,12/12/2020,12/12/2020,1,3,0,99,,9,9,99,9,99,,,2,Male,30,26 - 35,125,1,2,3,1,,1,1,1,1,30,6,3,0,0,0,0,0,3,1,3,2020.0,010284661,E09000014,0.0,0.0,2.0,2020.0,010284661,9.0,9.0,99.0,1.0,1.0,YAMAHA GPD 125,2020.0,010284661,2020,12,1,18
532174,2020010284667,518291.0,169018.0,-0.300621,51.407859,1,Slight,2,1,2020-12-14,Monday,19:00,Kingston upon Thames,E09000021,5,0,6,20.0,6,2,5,0,,,4,2,2,0,0,1,1,E01002968,3,1,14/12/2020,14/12/2020,1,9,0,4,,1,0,0,0,0,,,6,Male,34,26 - 35,998,1,19,-1,-1,,2,1,1,2,36,7,3,0,0,0,0,0,1,1,8,2020.0,010284667,E09000021,0.0,4.0,2.0,2020.0,010284667,3.0,7.0,0.0,2.0,1.0,TOYOTA YARIS,2020.0,010284667,2020,12,1,19
532179,2020010284675,526610.0,172814.0,-0.179718,51.440179,1,Serious,1,1,2020-12-14,Monday,21:15,Wandsworth,E09000032,6,0,6,20.0,3,4,6,0,,,4,1,2,0,0,1,1,E01004497,2,2,14/12/2020,14/12/2020,1,9,0,7,,1,0,0,0,0,,,6,Male,20,16 - 20,1995,1,10,6,1,,1,1,3,1,15,3,2,5,3,0,0,0,0,1,6,2020.0,010284675,E09000032,0.0,0.0,2.0,2020.0,010284675,1.0,4.0,0.0,1.0,1.0,BMW 3 SERIES,2020.0,010284675,2020,12,2,21
532181,2020010284679,534290.0,176766.0,-0.067784,51.473927,1,Slight,2,1,2020-12-14,Monday,21:55,Southwark,E09000028,3,202,3,30.0,9,2,6,0,,,4,8,2,0,0,1,1,E01004067,3,1,14/12/2020,14/12/2020,1,3,0,18,,1,5,0,0,0,,,6,Male,22,21 - 25,108,1,3,2,1,,1,1,1,1,22,5,3,0,0,0,0,0,3,1,2,2020.0,010284679,E09000028,2.0,4.0,2.0,2020.0,010284679,3.0,7.0,0.0,2.0,1.0,HONDA NSC110MP,2020.0,010284679,2020,12,1,21
532185,2020010284686,513423.0,184653.0,-0.365565,51.549379,1,Slight,2,1,2020-12-14,Monday,21:35,Ealing,E09000009,3,312,6,20.0,3,4,6,0,,,4,8,2,0,0,1,1,E01001318,3,1,14/12/2020,14/12/2020,1,9,0,18,,1,0,0,1,0,,,6,Male,29,26 - 35,1968,2,11,3,1,,1,1,1,1,29,6,3,0,0,0,0,0,9,1,3,2020.0,010284686,E09000009,0.0,0.0,2.0,2020.0,010284686,1.0,5.0,2.0,1.0,1.0,VOLKSWAGEN GOLF,2020.0,010284686,2020,12,1,21
532186,2020010284687,522893.0,190440.0,-0.227028,51.599408,1,Fatal,1,1,2020-12-14,Monday,20:45,Barnet,E09000003,3,1,3,50.0,0,-1,6,0,,,4,1,2,0,0,1,1,E01000260,1,3,14/12/2020,14/12/2020,1,3,0,18,,0,5,0,0,0,,,2,Male,29,26 - 35,-1,-1,-1,5,1,,1,1,1,1,29,6,1,0,0,0,0,0,3,1,5,2020.0,010284687,E09000003,0.0,7.0,2.0,2020.0,010284687,1.0,5.0,0.0,4.0,1.0,-1,2020.0,010284687,2020,12,3,20
532190,2020010284697,541061.0,184443.0,0.032714,51.541266,1,Slight,2,2,2020-12-14,Monday,21:15,Newham,E09000025,4,167,9,30.0,0,-1,6,0,,,4,1,1,0,0,1,3,E01003573,3,1,14/12/2020,14/12/2020,1,9,0,99,,0,9,99,9,99,,,6,Female,29,26 - 35,1984,1,4,2,1,,1,1,1,2,29,6,3,0,0,0,0,0,9,1,2,2020.0,010284697,E09000025,9.0,1.0,2.0,2020.0,010284697,9.0,9.0,99.0,9.0,9.0,AUDI S3,2020.0,010284697,2020,12,2,21
532192,2020010284701,511205.0,185467.0,-0.397283,51.557136,1,Slight,2,1,2020-12-14,Monday,19:23,Hillingdon,E09000017,5,0,6,30.0,0,-1,6,0,,,4,9,1,0,0,1,1,E01002497,3,1,14/12/2020,14/12/2020,1,9,0,3,,0,0,0,1,0,,,6,Male,30,26 - 35,1900,2,19,8,1,,1,1,2,2,29,6,3,0,0,1,0,0,9,1,8,2020.0,010284701,E09000017,0.0,0.0,2.0,2020.0,010284701,2.0,6.0,0.0,2.0,1.0,VOLKSWAGEN GOLF,2020.0,010284701,2020,12,1,19
532193,2020010284705,523513.0,187970.0,-0.218949,51.577074,1,Slight,2,1,2020-12-15,Tuesday,01:50,Barnet,E09000003,3,41,1,30.0,1,4,3,406,,,4,1,2,0,0,1,1,E01000310,3,1,15/12/2020,15/12/2020,1,9,0,9,,8,0,7,0,0,,,6,Male,23,21 - 25,1995,2,5,-1,-1,,1,1,1,1,23,5,3,0,0,0,0,0,9,-1,-1,2020.0,010284705,E09000003,0.0,0.0,2.0,2020.0,010284705,5.0,2.0,0.0,4.0,1.0,BMW 1 SERIES,2020.0,010284705,2020,12,1,1
532214,2020010284765,535793.0,178791.0,-0.045378,51.491766,1,Slight,2,1,2020-11-30,Monday,19:00,Southwark,E09000028,3,2208,2,20.0,3,2,3,2208,,,4,1,1,0,0,1,3,E01004036,3,1,30/11/2020,30/11/2020,1,3,0,99,,9,9,99,9,99,,,6,Female,29,26 - 35,125,1,0,1,1,,1,1,1,2,29,6,3,0,0,0,0,0,3,1,1,2020.0,010284765,E09000028,0.0,0.0,2.0,2020.0,010284765,9.0,9.0,99.0,0.0,1.0,HONDA WW125,2020.0,010284765,2020,11,1,19
532245,2020010284857,550942.0,188828.0,0.17697,51.578112,1,Slight,2,1,2020-12-15,Tuesday,18:30,Havering,E09000016,5,0,6,30.0,3,4,3,118,,,4,1,2,0,0,1,3,E01002243,3,1,15/12/2020,15/12/2020,1,9,0,99,,1,9,99,9,99,,,6,Male,32,26 - 35,1339,1,8,5,1,,1,1,1,1,32,6,3,0,0,0,0,0,9,1,5,2020.0,010284857,E09000016,0.0,0.0,2.0,2020.0,010284857,9.0,9.0,99.0,2.0,9.0,HONDA JAZZ,2020.0,010284857,2020,12,1,18
532247,2020010284861,531004.0,175214.0,-0.115645,51.46075,1,Slight,2,1,2020-12-15,Tuesday,19:20,Lambeth,E09000022,3,204,9,30.0,7,2,3,23,,,4,2,2,9,9,1,3,E01003050,3,1,15/12/2020,15/12/2020,1,9,0,99,,9,9,99,9,99,,,6,Male,33,26 - 35,1596,1,14,4,1,,1,1,1,1,33,6,3,0,0,0,0,0,9,1,4,2020.0,010284861,E09000022,0.0,5.0,2.0,2020.0,010284861,9.0,9.0,99.0,2.0,9.0,FORD FOCUS,2020.0,010284861,2020,12,1,19