,accident_index,location_easting_osgr,location_northing_osgr,longitude,latitude,police_force,accident_severity,number_of_vehicles,number_of_casualties,date,day_of_week,time,local_authority_district,local_authority_highway,first_road_class,first_road_number,road_type,speed_limit,junction_detail,junction_control,second_road_class,second_road_number,pedestrian_crossing-human_control,pedestrian_crossing-physical_facilities,light_conditions,weather_conditions,road_surface_conditions,special_conditions_at_site,carriageway_hazards,urban_or_rural_area,did_police_officer_attend_scene_of_accident,lsoa_of_accident_location,accident_severity_num,accident_severity_inv,date2,date_original,vehicle_reference_x,vehicle_type,towing_and_articulation,vehicle_manoeuvre,vehicle_location-restricted_lane,junction_location,skidding_and_overturning,hit_object_in_carriageway,vehicle_leaving_carriageway,hit_object_off_carriageway,1st_point_of_impact,was_vehicle_left_hand_drive?,journey_purpose_of_driver,sex_of_driver,age_of_driver,age_band_of_driver,engine_capacity_cc,propulsion_code,age_of_vehicle,driver_imd_decile,driver_home_area_type,vehicle_imd_decile,vehicle_reference_y,casualty_reference,casualty_class,sex_of_casualty,age_of_casualty,age_band_of_casualty,casualty_severity,pedestrian_location,pedestrian_movement,car_passenger,bus_or_coach_passenger,pedestrian_road_maintenance_worker,casualty_type,casualty_home_area_type,casualty_imd_decile,accident_year_x,accident_reference_x,local_authority_ons_district,pedestrian_crossing_human_control,pedestrian_crossing_physical_facilities,trunk_road_flag,accident_year_y,accident_reference_y,vehicle_direction_from,vehicle_direction_to,vehicle_location_restricted_lane,first_point_of_impact,vehicle_left_hand_drive,generic_make_model,accident_year,accident_reference,year,month,severity,hours
532248,2020010284864,531643.0,178379.0,-0.105274,51.489045,1,Serious,2,1,2020-12-15,Tuesday,18:40,Southwark,E09000022,3,3,6,20.0,3,4,6,0,,,4,1,2,0,0,1,1,E01003108,2,2,15/12/2020,15/12/2020,1,9,0,9,,5,0,0,0,0,,,6,Male,23,21 - 25,1998,1,1,-1,-1,,2,1,1,1,26,6,2,0,0,0,0,0,5,-1,-1,2020.0,010284864,E09000022,0.0,0.0,2.0,2020.0,010284864,1.0,7.0,0.0,4.0,1.0,BMW 5 SERIES,2020.0,010284864,2020,12,2,18
532256,2020010284889,533652.0,191486.0,-0.071381,51.606358,1,Slight,2,4,2020-12-15,Tuesday,19:29,Haringey,E09000014,5,0,6,30.0,99,9,6,0,,,7,1,1,0,0,1,3,E01002034,3,1,15/12/2020,15/12/2020,1,9,0,99,,9,9,99,9,99,,,6,Male,29,26 - 35,1390,1,9,3,1,,1,1,1,1,29,6,3,0,0,0,0,0,9,1,3,2020.0,010284889,E09000014,0.0,0.0,2.0,2020.0,010284889,9.0,9.0,99.0,1.0,9.0,VOLKSWAGEN SCIROCCO,2020.0,010284889,2020,12,4,19
532262,2020010284909,522348.0,182950.0,-0.237499,51.532212,1,Slight,2,1,2020-12-15,Tuesday,22:00,Brent,E09000005,3,219,6,30.0,3,2,3,404,,,4,1,1,0,0,1,1,E01000535,3,1,15/12/2020,15/12/2020,1,8,0,10,,1,0,0,0,0,,,1,Male,35,26 - 35,1798,8,7,1,1,,2,1,1,1,21,5,3,0,0,0,0,0,3,-1,-1,2020.0,010284909,E09000005,0.0,5.0,2.0,2020.0,010284909,7.0,5.0,0.0,3.0,1.0,TOYOTA PRIUS,2020.0,010284909,2020,12,1,22
532263,2020010284910,542099.0,172926.0,0.043039,51.437516,1,Serious,2,1,2020-12-15,Tuesday,19:20,Bromley,E09000006,4,226,1,30.0,1,4,6,0,,,4,1,1,0,0,1,1,E01000779,2,2,15/12/2020,15/12/2020,1,9,0,18,,4,0,0,0,0,,,6,Male,19,16 - 20,998,1,2,8,1,,2,1,1,1,49,8,2,0,0,0,0,0,1,1,7,2020.0,010284910,E09000006,0.0,8.0,2.0,2020.0,010284910,3.0,7.0,0.0,3.0,2.0,HYUNDAI I10,2020.0,010284910,2020,12,2,19
532264,2020010284912,525392.0,171370.0,-0.197744,51.427472,1,Slight,2,1,2020-12-15,Tuesday,19:39,Merton,E09000024,4,235,1,20.0,1,4,5,0,,,4,1,1,9,0,1,3,E01003476,3,1,15/12/2020,15/12/2020,1,9,0,99,,9,9,99,9,99,,,6,Male,27,26 - 35,1797,8,6,4,1,,1,1,1,1,27,6,3,0,0,0,0,0,9,1,4,2020.0,010284912,E09000024,9.0,9.0,2.0,2020.0,010284912,9.0,9.0,99.0,1.0,9.0,TOYOTA PRIUS,2020.0,010284912,2020,12,1,19
532266,2020010284918,534797.0,171636.0,-0.062441,51.427706,1,Slight,2,1,2020-12-16,Wednesday,00:36,Lewisham,E09000023,3,212,6,30.0,9,4,6,0,,,4,1,2,0,0,1,1,E01003331,3,1,16/12/2020,16/12/2020,1,9,0,9,,6,0,0,0,0,,,6,Female,23,21 - 25,1198,1,13,2,1,,1,1,1,2,23,5,3,0,0,0,0,0,9,1,2,2020.0,010284918,E09000023,0.0,0.0,2.0,2020.0,010284918,6.0,3.0,0.0,1.0,1.0,VOLKSWAGEN POLO,2020.0,010284918,2020,12,1,0
532268,2020010284922,512609.0,179857.0,-0.378831,51.506436,1,Slight,1,1,2020-12-15,Tuesday,21:35,Ealing,E09000009,6,0,6,20.0,0,-1,6,0,,,4,1,1,0,0,1,1,E01001362,3,1,15/12/2020,15/12/2020,1,9,0,18,,0,0,0,0,0,,,6,Female,34,26 - 35,-1,-1,-1,3,1,,1,1,3,1,75,10,3,9,5,0,0,0,0,1,5,2020.0,010284922,E09000009,0.0,0.0,2.0,2020.0,010284922,1.0,5.0,0.0,1.0,1.0,-1,2020.0,010284922,2020,12,1,21
532293,2020010285007,525875.0,194000.0,-0.182719,51.630742,1,Slight,2,1,2020-12-15,Tuesday,18:05,Barnet,E09000003,3,5109,9,30.0,99,9,3,5109,,,7,1,2,0,0,1,3,E01000280,3,1,15/12/2020,15/12/2020,1,3,0,99,,9,9,99,9,99,,,6,Male,26,26 - 35,125,1,8,1,1,,1,1,1,1,26,6,3,0,0,0,0,0,3,1,1,2020.0,010285007,E09000003,9.0,9.0,2.0,2020.0,010285007,9.0,9.0,99.0,1.0,1.0,HONDA WW125,2020.0,010285007,2020,12,1,18
532308,2020010285044,535897.0,176856.0,-0.044625,51.474353,1,Slight,2,1,2020-12-15,Tuesday,18:54,Lewisham,E09000023,3,2,6,30.0,0,-1,6,0,,,7,1,1,0,0,1,3,E01003299,3,1,15/12/2020,15/12/2020,1,9,0,99,,0,9,99,9,99,,,6,Female,28,26 - 35,1598,2,4,2,1,,1,1,1,2,28,6,3,0,0,0,0,0,9,1,2,2020.0,010285044,E09000023,0.0,5.0,2.0,2020.0,010285044,9.0,9.0,99.0,2.0,9.0,VOLKSWAGEN GOLF,2020.0,010285044,2020,12,1,18
532319,2020010285075,534390.0,180705.0,-0.064846,51.509302,1,Serious,2,1,2020-12-16,Wednesday,18:00,Tower Hamlets,E09000030,3,1203,3,30.0,3,4,6,0,,,4,2,2,0,0,1,1,E01004294,2,2,16/12/2020,16/12/2020,1,9,0,9,,1,0,0,0,0,,,6,Male,25,21 - 25,1229,1,9,1,1,,2,1,1,1,56,9,2,0,0,0,0,0,5,1,3,2020.0,010285075,E09000030,0.0,8.0,2.0,2020.0,010285075,6.0,3.0,0.0,3.0,1.0,VAUXHALL CORSA,2020.0,010285075,2020,12,2,18
532322,2020010285080,543734.0,186083.0,0.0719,51.555328,1,Slight,3,1,2020-12-16,Wednesday,05:55,Redbridge,E09000026,3,123,9,30.0,0,-1,6,0,,,7,2,2,9,9,1,3,E01003689,3,1,16/12/2020,16/12/2020,1,3,0,99,,0,9,99,9,99,,,6,Male,25,21 - 25,125,1,1,3,1,,1,1,1,1,25,5,3,0,0,0,0,0,3,1,3,2020.0,010285080,E09000026,9.0,9.0,2.0,2020.0,010285080,9.0,9.0,99.0,9.0,1.0,YAMAHA GPD 125,2020.0,010285080,2020,12,1,5
532339,2020010285130,526955.0,182030.0,-0.171447,51.522927,1,Slight,2,1,2020-12-16,Wednesday,19:12,Westminster,E09000033,6,0,6,20.0,0,-1,6,0,,,4,1,2,0,0,1,1,E01033602,3,1,16/12/2020,16/12/2020,1,3,0,6,,0,0,0,0,0,,,1,Female,22,21 - 25,125,1,5,4,1,,1,1,1,2,22,5,3,0,0,0,0,0,3,1,4,2020.0,010285130,E09000033,0.0,0.0,2.0,2020.0,010285130,1.0,1.0,0.0,3.0,1.0,HONDA WW125EX2,2020.0,010285130,2020,12,1,19
532341,2020010285134,520892.0,167202.0,-0.263859,51.390989,1,Slight,4,1,2020-12-16,Wednesday,21:36,Kingston upon Thames,E09000021,3,3,6,30.0,3,4,5,0,,,4,1,2,0,0,1,1,E01002975,3,1,16/12/2020,16/12/2020,1,9,0,18,,5,1,0,0,0,,,6,Female,22,21 - 25,999,1,1,3,1,,1,1,1,2,22,5,3,0,0,0,0,0,9,1,3,2020.0,010285134,E09000021,0.0,0.0,2.0,2020.0,010285134,1.0,5.0,0.0,1.0,1.0,VOLKSWAGEN GOLF,2020.0,010285134,2020,12,1,21
532343,2020010285142,522040.0,184864.0,-0.241274,51.54948,1,Slight,3,1,2020-12-17,Thursday,22:40,Brent,E09000005,6,0,6,30.0,0,-1,6,0,,,4,1,1,0,0,1,1,E01000638,3,1,17/12/2020,17/12/2020,1,4,0,18,,0,0,0,0,0,,,1,Male,31,26 - 35,125,1,3,2,1,,1,1,1,1,31,6,3,0,0,0,0,0,4,1,2,2020.0,010285142,E09000005,0.0,0.0,2.0,2020.0,010285142,2.0,6.0,9.0,2.0,1.0,YAMAHA GPD 125,2020.0,010285142,2020,12,1,22
532345,2020010285147,513163.0,187232.0,-0.368484,51.572611,1,Slight,1,1,2020-12-17,Thursday,04:10,Harrow,E09000015,6,0,6,30.0,0,-1,6,0,,,4,1,1,0,0,1,1,E01002206,3,1,17/12/2020,17/12/2020,1,9,0,18,,0,0,10,7,2,,,6,Male,26,26 - 35,1798,1,2,10,1,,1,1,1,1,26,6,3,0,0,0,0,0,9,1,10,2020.0,010285147,E09000015,0.0,0.0,2.0,2020.0,010285147,3.0,7.0,9.0,1.0,1.0,AUDI TT,2020.0,010285147,2020,12,1,4
532351,2020010285162,542363.0,184158.0,0.05136,51.538378,1,Slight,2,1,2020-02-12,Wednesday,18:43,Newham,E09000025,3,117,6,20.0,3,2,6,0,,,1,1,1,9,0,1,3,E01003520,3,1,02/12/2020,02/12/2020,1,9,0,9,,1,1,0,9,0,,,6,Male,35,26 - 35,1497,8,4,4,1,,1,1,1,1,35,6,3,0,0,0,0,0,9,1,4,2020.0,010285162,E09000025,9.0,9.0,2.0,2020.0,010285162,3.0,1.0,0.0,2.0,1.0,TOYOTA YARIS,2020.0,010285162,2020,2,1,18
532353,2020010285166,530871.0,166796.0,-0.120664,51.385129,1,Slight,2,1,2020-12-15,Tuesday,20:04,Croydon,E09000008,3,23,1,30.0,3,2,3,236,,,4,1,2,0,0,1,3,E01001006,3,1,15/12/2020,15/12/2020,1,3,0,99,,9,9,99,9,99,,,6,Male,29,26 - 35,125,1,0,6,1,,1,1,1,1,29,6,3,0,0,0,0,0,3,1,6,2020.0,010285166,E09000008,9.0,0.0,2.0,2020.0,010285166,9.0,9.0,99.0,9.0,1.0,HONDA SH 125,2020.0,010285166,2020,12,1,20
532363,2020010285203,544051.0,185286.0,0.076143,51.548086,1,Slight,2,1,2020-12-15,Tuesday,21:05,Redbridge,E09000026,3,123,6,30.0,3,4,6,0,,,4,1,1,0,0,1,3,E01003734,3,1,15/12/2020,15/12/2020,1,9,0,18,,9,9,99,9,99,,,6,Male,21,21 - 25,1968,2,12,2,1,,1,1,1,1,21,5,3,0,0,0,0,0,9,1,2,2020.0,010285203,E09000026,9.0,9.0,2.0,2020.0,010285203,1.0,5.0,99.0,1.0,1.0,SKODA OCTAVIA,2020.0,010285203,2020,12,1,21
532390,2020010285262,520960.0,186121.0,-0.25641,51.561009,1,Slight,2,1,2020-12-17,Thursday,01:15,Brent,E09000005,6,0,1,30.0,2,4,3,4088,,,1,1,2,0,0,1,3,E01000627,3,1,17/12/2020,17/12/2020,1,3,9,99,,9,9,99,9,99,,,6,Male,26,26 - 35,125,1,5,3,1,,1,1,1,1,26,6,3,0,0,0,0,0,3,1,3,2020.0,010285262,E09000005,0.0,0.0,2.0,2020.0,010285262,9.0,9.0,99.0,1.0,1.0,HONDA WW125EX2,2020.0,010285262,2020,12,1,1
532403,2020010285306,535903.0,181685.0,-0.04268,51.517747,1,Slight,2,1,2020-12-16,Wednesday,23:15,Tower Hamlets,E09000030,4,121,1,20.0,2,4,5,0,,,4,1,2,0,0,1,3,E01004285,3,1,16/12/2020,16/12/2020,1,9,0,99,,9,9,99,9,99,,,6,Female,24,21 - 25,999,1,9,2,1,,1,1,1,2,24,5,3,0,0,0,0,0,9,1,2,2020.0,010285306,E09000030,0.0,1.0,2.0,2020.0,010285306,9.0,9.0,99.0,9.0,9.0,KIA PICANTO,2020.0,010285306,2020,12,1,23
532406,2020010285325,537330.0,176924.0,-0.023979,51.474618,1,Slight,2,1,2020-12-17,Thursday,18:20,Lewisham,E09000023,3,2210,6,20.0,6,2,3,2209,,,4,1,1,0,0,1,3,E01032579,3,1,17/12/2020,17/12/2020,1,3,0,99,,9,9,99,9,99,,,6,Male,34,26 - 35,125,1,11,2,1,,1,1,1,1,34,6,3,0,0,0,0,0,3,1,2,2020.0,010285325,E09000023,9.0,1.0,2.0,2020.0,010285325,9.0,9.0,99.0,1.0,1.0,HONDA CBF125M,2020.0,010285325,2020,12,1,18
532416,2020010285351,543530.0,186742.0,0.069228,51.561302,1,Slight,2,1,2020-12-17,Thursday,23:05,Redbridge,E09000026,3,123,9,30.0,3,2,6,0,,,7,1,1,0,0,1,3,E01003783,3,1,17/12/2020,17/12/2020,1,9,0,3,,1,9,99,9,99,,,6,Male,30,26 - 35,1984,1,2,6,1,,1,1,1,1,30,6,3,0,0,0,0,0,9,1,6,2020.0,010285351,E09000026,0.0,5.0,2.0,2020.0,010285351,5.0,1.0,99.0,2.0,1.0,AUDI A5,2020.0,010285351,2020,12,1,23
532417,2020010285355,538368.0,180229.0,-0.007747,51.504065,1,Slight,2,1,2020-12-15,Tuesday,21:35,Tower Hamlets,E09000030,3,1206,9,20.0,2,4,6,0,,,4,1,1,0,0,1,3,E01004221,3,1,15/12/2020,15/12/2020,1,9,0,99,,1,9,99,9,99,,,6,Male,30,26 - 35,1596,1,9,1,1,,1,1,1,1,30,6,3,0,0,0,0,0,9,1,1,2020.0,010285355,E09000030,9.0,9.0,2.0,2020.0,010285355,9.0,9.0,99.0,9.0,9.0,FORD FOCUS,2020.0,010285355,2020,12,1,21
532434,2020010285405,551122.0,174793.0,0.173553,51.451958,1,Slight,2,1,2020-12-18,Friday,05:10,Bexley,E09000004,3,207,6,30.0,3,4,6,0,,,4,2,2,0,0,1,1,E01000378,3,1,18/12/2020,18/12/2020,1,3,0,4,,1,1,0,0,0,,,2,Male,27,26 - 35,125,1,4,3,1,,1,1,1,1,27,6,3,0,0,0,0,0,3,1,3,2020.0,010285405,E09000004,0.0,0.0,2.0,2020.0,010285405,7.0,3.0,0.0,1.0,1.0,HONDA GLR 125,2020.0,010285405,2020,12,1,5
532446,2020010285451,528358.0,179754.0,-0.152063,51.502156,1,Slight,2,1,2020-12-17,Thursday,20:14,Westminster,E09000033,3,4,9,20.0,3,4,4,310,,,4,1,2,0,0,1,3,E01004691,3,1,17/12/2020,17/12/2020,1,3,0,99,,9,9,99,9,99,,,6,Male,25,21 - 25,125,1,0,1,1,,1,1,1,1,25,5,3,0,0,0,0,0,3,1,1,2020.0,010285451,E09000033,9.0,9.0,2.0,2020.0,010285451,9.0,9.0,99.0,2.0,1.0,YAMAHA GPD 125,2020.0,010285451,2020,12,1,20
532452,2020010285463,543377.0,189550.0,0.068168,51.586572,1,Slight,3,1,2020-06-12,Friday,04:11,Redbridge,E09000026,5,0,1,30.0,1,4,6,0,,,4,1,2,0,0,1,1,E01003680,3,1,06/12/2020,06/12/2020,1,9,0,18,,3,0,4,0,0,,,6,Male,32,26 - 35,1590,1,18,6,1,,1,1,1,1,32,6,3,0,0,0,0,0,9,1,6,2020.0,010285463,E09000026,0.0,0.0,2.0,2020.0,010285463,1.0,5.0,0.0,1.0,1.0,HONDA CIVIC,2020.0,010285463,2020,6,1,4
532466,2020010285497,533242.0,166325.0,-0.086788,51.380346,1,Serious,3,1,2020-12-18,Friday,19:45,Croydon,E09000008,3,222,6,30.0,3,4,3,222,,,4,2,2,0,0,1,1,E01000976,2,2,18/12/2020,18/12/2020,1,3,0,15,,8,5,0,0,0,,,6,Male,18,16 - 20,125,1,1,7,1,,1,1,1,1,18,4,2,0,0,0,0,0,3,1,7,2020.0,010285497,E09000008,0.0,0.0,2.0,2020.0,010285497,5.0,1.0,0.0,1.0,1.0,YAMAHA GPD 125,2020.0,010285497,2020,12,2,19
532468,2020010285500,538378.0,185948.0,-0.005357,51.555454,1,Slight,2,1,2020-12-18,Friday,19:12,Waltham Forest,E09000031,3,112,6,30.0,6,4,6,0,,,1,1,1,0,0,1,1,E01004336,3,1,18/12/2020,18/12/2020,1,9,0,9,,1,0,0,0,0,,,6,Female,27,26 - 35,1998,1,5,9,2,,2,1,1,1,32,6,3,0,0,0,0,0,3,1,5,2020.0,010285500,E09000031,2.0,0.0,2.0,2020.0,010285500,1.0,7.0,0.0,4.0,1.0,MAZDA 3,2020.0,010285500,2020,12,1,19
532472,2020010285505,531229.0,166519.0,-0.115625,51.382557,1,Slight,2,2,2020-12-17,Thursday,19:17,Croydon,E09000008,3,236,6,30.0,3,4,6,0,,,7,1,2,0,0,1,3,E01001008,3,1,17/12/2020,17/12/2020,1,9,0,99,,9,9,99,9,99,,,6,Female,22,21 - 25,1598,1,10,4,1,,1,1,1,2,22,5,3,0,0,0,0,0,9,1,4,2020.0,010285505,E09000008,0.0,9.0,2.0,2020.0,010285505,9.0,9.0,99.0,1.0,9.0,VAUXHALL ASTRA,2020.0,010285505,2020,12,2,19
532475,2020010285510,534493.0,166571.0,-0.06873,51.382261,1,Slight,2,1,2020-12-18,Friday,20:55,Croydon,E09000008,3,222,6,30.0,3,4,5,0,,,4,1,2,0,0,1,1,E01000993,3,1,18/12/2020,18/12/2020,1,9,0,9,,6,0,0,0,0,,,2,Male,19,16 - 20,1242,1,9,9,1,,2,1,1,1,22,5,3,0,0,0,0,0,3,1,3,2020.0,010285510,E09000008,0.0,5.0,2.0,2020.0,010285510,3.0,1.0,0.0,3.0,1.0,FORD FIESTA,2020.0,010285510,2020,12,1,20
532479,2020010285516,524204.0,179541.0,-0.211956,51.501169,1,Slight,3,1,2020-12-18,Friday,20:50,Kensington and Chelsea,E09000020,3,3220,6,20.0,0,-1,6,0,,,4,2,2,9,0,1,3,E01002866,3,1,18/12/2020,18/12/2020,1,8,0,99,,0,9,99,9,99,,,6,Male,34,26 - 35,1991,8,0,4,1,,1,1,1,1,34,6,3,0,0,0,0,0,8,1,4,2020.0,010285516,E09000020,0.0,0.0,2.0,2020.0,010285516,9.0,9.0,99.0,2.0,9.0,MERCEDES E CLASS,2020.0,010285516,2020,12,1,20
532480,2020010285517,517591.0,180691.0,-0.306802,51.512918,1,Slight,2,1,2020-12-18,Friday,20:00,Ealing,E09000009,3,4020,3,20.0,0,-1,6,0,,,4,8,2,0,0,1,1,E01001221,3,1,18/12/2020,18/12/2020,1,3,0,5,,0,0,0,0,0,,,6,Male,30,26 - 35,124,1,9,6,1,,1,1,1,1,30,6,3,0,0,0,0,0,3,1,6,2020.0,010285517,E09000009,0.0,0.0,2.0,2020.0,010285517,6.0,2.0,0.0,1.0,1.0,YAMAHA XC 125,2020.0,010285517,2020,12,1,20
532482,2020010285523,519791.0,175863.0,-0.27675,51.469064,1,Slight,2,1,2020-12-18,Friday,22:15,Richmond upon Thames,E09000027,3,316,3,40.0,6,2,3,205,,,4,1,1,0,0,1,1,E01003865,3,1,18/12/2020,18/12/2020,1,9,0,9,,8,0,0,0,0,,,2,Male,31,26 - 35,1984,1,12,3,1,,2,1,1,2,71,10,3,0,0,0,0,0,9,1,9,2020.0,010285523,E09000027,0.0,5.0,2.0,2020.0,010285523,7.0,5.0,0.0,4.0,1.0,AUDI TT,2020.0,010285523,2020,12,1,22
532486,2020010285536,524335.0,181294.0,-0.209451,51.516895,1,Slight,3,2,2020-12-18,Friday,19:12,Kensington and Chelsea,E09000020,4,450,6,30.0,6,2,5,0,,,4,2,2,0,0,1,1,E01002831,3,1,18/12/2020,18/12/2020,1,4,0,5,,6,1,0,0,0,,,6,Male,26,26 - 35,125,1,1,1,1,,1,1,1,1,26,6,3,0,0,0,0,0,4,1,1,2020.0,010285536,E09000020,0.0,5.0,2.0,2020.0,010285536,7.0,3.0,0.0,1.0,1.0,YAMAHA GPD 125,2020.0,010285536,2020,12,2,19
532487,2020010285539,551589.0,176474.0,0.180989,51.466937,1,Serious,1,1,2020-12-18,Friday,21:16,Bexley,E09000004,3,206,3,40.0,6,2,6,0,,,4,1,1,0,0,1,1,E01000433,2,2,18/12/2020,18/12/2020,1,9,0,18,,2,0,0,0,0,,,6,Female,23,21 - 25,1598,2,1,2,1,,1,1,3,2,40,7,2,1,3,0,0,0,0,1,3,2020.0,010285539,E09000004,0.0,5.0,2.0,2020.0,010285539,3.0,7.0,0.0,1.0,1.0,AUDI Q2,2020.0,010285539,2020,12,2,21
532490,2020010285543,520913.0,167216.0,-0.263553,51.39111,1,Slight,1,1,2020-12-19,Saturday,00:30,Kingston upon Thames,E09000021,5,0,3,50.0,3,4,3,3,,,4,1,2,0,0,1,1,E01002981,3,1,19/12/2020,19/12/2020,1,9,0,7,,5,0,0,4,2,,,2,Male,24,21 - 25,1598,1,16,9,1,,1,1,1,1,24,5,3,0,0,0,0,0,9,1,9,2020.0,010285543,E09000021,0.0,0.0,2.0,2020.0,010285543,3.0,5.0,0.0,1.0,1.0,MINI ONE,2020.0,010285543,2020,12,1,0
532491,2020010285544,537961.0,181017.0,-0.013299,51.511245,1,Slight,2,1,2020-12-18,Friday,23:17,Tower Hamlets,E09000030,3,13,6,20.0,3,2,5,0,,,4,1,1,0,0,1,1,E01004247,3,1,18/12/2020,18/12/2020,1,3,0,13,,5,0,0,0,0,,,1,Male,21,21 - 25,125,1,5,2,1,,1,1,1,1,21,5,3,0,0,0,0,0,3,1,2,2020.0,010285544,E09000030,0.0,5.0,2.0,2020.0,010285544,5.0,1.0,0.0,1.0,1.0,-1,2020.0,010285544,2020,12,1,23
532493,2020010285557,528213.0,172102.0,-0.156923,51.433421,1,Slight,2,1,2020-12-17,Thursday,18:00,Wandsworth,E09000032,6,0,7,20.0,0,-1,6,0,,,7,2,2,0,0,1,3,E01004482,3,1,17/12/2020,17/12/2020,1,3,4,99,,0,9,99,9,99,,,6,Male,26,26 - 35,125,1,4,4,1,,1,1,1,1,26,6,3,0,0,0,0,0,3,1,4,2020.0,010285557,E09000032,9.0,9.0,2.0,2020.0,010285557,9.0,9.0,99.0,1.0,1.0,YAMAHA GPD 125,2020.0,010285557,2020,12,1,18
532503,2020010285596,541063.0,188430.0,0.03434,51.577091,1,Slight,2,1,2020-12-18,Friday,18:12,Redbridge,E09000026,3,12,3,40.0,0,-1,6,0,,,7,1,1,0,0,1,3,E01003796,3,1,18/12/2020,18/12/2020,1,9,0,99,,0,9,99,9,99,,,6,Male,34,26 - 35,1995,1,14,6,1,,1,1,1,1,34,6,3,0,0,0,0,0,9,1,6,2020.0,010285596,E09000026,0.0,0.0,2.0,2020.0,010285596,9.0,9.0,99.0,2.0,9.0,BMW 3 SERIES,2020.0,010285596,2020,12,1,18
532524,2020010285659,534864.0,179563.0,-0.058457,51.498926,1,Slight,2,1,2020-12-19,Saturday,18:20,Southwark,E09000028,3,200,6,20.0,9,2,6,0,,,4,2,2,0,0,1,1,E01004034,3,1,19/12/2020,19/12/2020,1,3,0,18,,2,0,0,0,0,,,6,Male,25,21 - 25,125,1,3,8,1,,1,1,1,1,25,5,3,0,0,0,0,0,3,1,8,2020.0,010285659,E09000028,2.0,5.0,2.0,2020.0,010285659,7.0,3.0,0.0,3.0,1.0,YAMAHA GPD 125,2020.0,010285659,2020,12,1,18
532528,2020010285673,537063.0,182778.0,-0.025547,51.527288,1,Slight,2,1,2020-12-19,Saturday,19:32,Tower Hamlets,E09000030,3,11,6,20.0,3,4,6,0,,,4,2,2,0,0,1,1,E01004231,3,1,19/12/2020,19/12/2020,1,9,0,1,,5,0,0,0,0,,,6,Female,24,21 - 25,987,1,29,4,1,,1,1,3,1,58,9,3,5,4,0,0,0,0,1,3,2020.0,010285673,E09000030,0.0,0.0,2.0,2020.0,010285673,5.0,1.0,0.0,2.0,1.0,NISSAN MODEL MISSING,2020.0,010285673,2020,12,1,19
532535,2020010285684,530195.0,185475.0,-0.123498,51.55315,1,Slight,2,1,2020-12-19,Saturday,21:20,Islington,E09000019,3,5203,3,20.0,3,2,3,503,,,4,2,2,0,0,1,1,E01002764,3,1,19/12/2020,19/12/2020,1,4,0,18,,6,0,0,0,0,,,6,Male,29,26 - 35,-1,-1,-1,4,1,,2,1,1,2,47,8,3,0,0,0,0,0,90,1,3,2020.0,010285684,E09000019,0.0,4.0,2.0,2020.0,010285684,4.0,8.0,0.0,3.0,1.0,-1,2020.0,010285684,2020,12,1,21
532539,2020010285693,509763.0,191381.0,-0.416227,51.610575,1,Serious,4,3,2020-12-19,Saturday,20:48,Hillingdon,E09000017,3,4125,1,30.0,1,4,4,469,,,4,1,2,0,0,1,1,E01002482,2,2,19/12/2020,19/12/2020,1,9,0,5,,4,0,0,0,0,,,6,Female,22,21 - 25,1390,1,6,6,1,,1,1,1,2,22,5,3,0,0,0,0,0,9,1,6,2020.0,010285693,E09000017,0.0,1.0,2.0,2020.0,010285693,8.0,4.0,0.0,1.0,1.0,AUDI A1,2020.0,010285693,2020,12,6,20
532541,2020010285710,532986.0,189499.0,-0.081745,51.58866,1,Slight,3,1,2020-12-19,Saturday,23:50,Haringey,E09000014,4,153,6,20.0,3,4,6,0,,,4,1,2,0,0,1,3,E01002067,3,1,19/12/2020,19/12/2020,1,9,0,99,,9,9,99,9,99,,,6,Male,35,26 - 35,1896,2,12,10,1,,1,1,1,1,35,6,3,0,0,0,0,0,9,1,10,2020.0,010285710,E09000014,9.0,9.0,2.0,2020.0,010285710,9.0,9.0,99.0,1.0,9.0,VOLKSWAGEN TOURAN,2020.0,010285710,2020,12,1,23
532543,2020010285720,530097.0,177442.0,-0.127874,51.480982,1,Slight,1,2,2020-12-19,Saturday,18:06,Lambeth,E09000022,3,3036,3,30.0,9,2,6,0,,,4,2,2,0,2,1,1,E01033207,3,1,19/12/2020,19/12/2020,1,9,0,7,,2,0,11,4,1,,,6,Male,29,26 - 35,999,1,1,3,1,,1,1,2,1,24,5,3,0,0,2,0,0,9,1,2,2020.0,010285720,E09000022,2.0,5.0,2.0,2020.0,010285720,6.0,8.0,9.0,1.0,2.0,AUDI A1,2020.0,010285720,2020,12,2,18
532547,2020010285730,523013.0,174200.0,-0.230964,51.453428,1,Slight,2,2,2020-12-19,Saturday,18:50,Wandsworth,E09000032,6,0,7,20.0,9,9,6,0,,,7,1,1,0,0,1,3,E01004645,3,1,19/12/2020,19/12/2020,1,9,0,99,,9,9,99,9,99,,,6,Female,22,21 - 25,1395,1,5,4,1,,1,1,1,2,22,5,3,0,0,0,0,0,9,1,4,2020.0,010285730,E09000032,9.0,0.0,2.0,2020.0,010285730,9.0,9.0,99.0,2.0,9.0,AUDI A1,2020.0,010285730,2020,12,2,18